ticker,name,sector,industry,country,currency,market_cap,pe_trailing,pe_forward,peg_ratio,price_to_book,price_to_sales,ev_to_revenue,ev_to_ebitda,roe,roa,profit_margin,operating_margin,gross_margin,revenue_growth,earnings_growth,earnings_quarterly_growth,debt_to_equity,current_ratio,quick_ratio,free_cash_flow,total_cash,total_debt,enterprise_value,total_assets,total_assets_prev,revenue_ttm,revenue_prev,revenue_2y_ago,operating_income_ttm,operating_income_prev,net_income_ttm,operating_cashflow_ttm,dividend_yield,payout_ratio,dividend_rate,div_yield_5y_avg,last_dividend_value,ex_dividend_date,beta,52_week_high,52_week_low,current_price,target_mean_price,recommendation_mean,number_of_analysts,short_ratio,short_pct_float,insider_pct,institution_pct,insider_cluster,insider_executive_buy,earnings_revision_rate,options_flow_signal,avg_volume,avg_volume_10d,volume_ratio,return_1m,return_3m,return_6m,return_12m,pct_from_52w_high,volatility,rsi_14,price_vs_ma50,price_vs_ma200,macd_above_signal,bb_position,insider_recent_date,earnings_surprise,exchange_group,_sector_neutralized,score_value,score_quality,score_momentum,score_growth,score_risk,score_size,score_dividend,score_fcf_yield,score_sentiment,score_short_interest,score_options_flow,score_total,company_type,rank,est_daily_turnover_usd,low_liquidity,mews_score,mews_flag,mews_fcf_yield,mews_small_size,mews_low_ps,mews_operating_leverage,mews_revenue_accel,mews_clean_accruals,piotroski_f,piotroski_label,piotroski_boost,trend_signal,trend_capped,factors_positive,confidence_pct,confidence_label,entry_signal,score_delta_4w,data_quality,data_anomaly,data_fetched_date,data_stale_days,_fundamentals_neutralized
DIVISLAB.NS,Divi's Laboratories Limited,Healthcare,Drug Manufacturers - Specialty & Generic,India,INR,,38.55203,15.068241999999989,,3.1177666250000007,19.561464,19.274,14.733999999999995,,,0.13556249500000006,0.17418996000000003,0.41568996,0.19100000000000003,0.511,0.655,-25.987750000000005,,,,32330000384.0,70000000.0,2164492468224.0,200330000000.0,,104760000000.0,,,29790000000.0,,25680000000.0,27380000000.0,0.36,0.3101,30.0,0.62,30.0,1784851200.0,0.22,8585.0,5613.352076705792,,8152.276,2.68966,29.0,,,0.52,0.29999,False,False,,0.5,446222.0,730024.0,0.61,18.1,25.67,,,-0.36,0.2298,81.6,19.39,,True,,,0.838,India,True,,85.43771043771044,87.8513488021128,78.68050556201698,87.68211488250653,,67.52941176470588,,50.0,,50.0,79.25466923285764,standard,1,,True,39.7,False,36.97654941373534,50.041876046901166,2.554438860971524,50.041876046901166,50.041876046901166,50.041876046901166,4,NEUTRAL,0,UPPTREND,False,5,0.7142857142857143,HÖG,VÄNTA,17.3,0.75,,2026-08-12,0,True
MSAB-B.ST,Micro Systemation AB (publ),Technology,Software - Application,Sweden,SEK,,-6.6378084999999984,6.343296749999993,,1.8932868750000003,3.2173407,3.076,-3.6330000000000027,0.373150005,0.12655499999999995,-0.012974992000000019,-0.1132025205,0.52596997,0.358,,,10.566625,-0.03499999999999981,1.495,-784614504.0,145300000.0,73300000.0,1571651968.0,318067000.0,,461784000.0,,,67843000.0,,49172000.0,101888000.0,1.34,0.3989,1.2,4.0,0.6,1794441600.0,0.414,95.19999694824219,53.37512753821798,,96.0,,2.0,,,0.2339,0.56333,False,False,,0.5,17419.0,33497.0,0.15,9.16,34.42,,,-0.88,0.4776,71.6,13.78,,True,,,0.52,Nordic,True,,69.64107149374111,86.39579153161496,68.40573152337859,59.42292868902896,,67.52941176470588,1.3409961685823755,50.0,,50.0,70.56387889970557,standard,2,,True,45.7,False,36.97654941373534,50.041876046901166,42.79731993299832,50.041876046901166,50.041876046901166,50.041876046901166,4,NEUTRAL,0,UPPTREND,False,4,0.5714285714285714,MEDEL,VÄNTA,-0.2,0.875,EXTREME_EARNINGS_GROWTH;,2026-08-12,0,True
APP,AppLovin Corporation,Communication Services,Advertising Agencies,United States,USD,106027853867.91992,2.498858499999997,-3.2284760000000023,1.088,26.21361199999999,17.059849,17.062,6.470999999999998,1.81216,0.40118000400000003,0.5302149405,0.593825005,0.39359000999999993,0.467,0.5159999999999999,0.545,28.775999999999982,3.232,4.166,1703601536.0,3053306112.0,3515072000.0,116518731776.0,7259610000.0,,5480717000.0,,,4151914000.0,,3333764000.0,3971094000.0,,0.0,,,,,2.529,745.6099853515625,332.1919860839844,346.79998779296875,569.5,1.5,30.0,2.13,0.043,0.14382,0.74218005,False,False,,0.61,5856353.0,8482420.0,0.9,,,,,,0.7429,32.0,,,False,-0.04563679134110073,,0.883,US,True,68.49103042297835,97.17565559245608,,82.15497313083121,43.51248939814738,46.56488549618321,12.352941176470589,70.88122605363985,50.0,41.37931034482759,61.0,69.90818146002601,standard,3,2941703152,False,48.7,False,86.51591289782245,24.87437185929648,5.611390284757118,50.041876046901166,50.041876046901166,50.041876046901166,9,STARK,8,UPPTREND,False,3,0.42857142857142855,LÅG,VÄNTA,8.3,0.875,SUSPICIOUS_FWD_PE;,2026-08-12,0,True
V,Visa Inc.,Financial Services,Credit Services,United States,USD,617740851575.0,11.354350499999999,7.125053000000001,1.6714,9.556925549999999,15.213195,15.214,8.964999999999998,0.41790001,0.16207999999999995,0.24407250149999998,0.28244749,0.4862000099999999,0.04949999999999999,-0.09950000000000002,0.068,-9.387500000000008,-0.6074999999999999,0.627,18927646080.0,13792000000.0,23857999872.0,676844994560.0,99627000000.0,,40000000000.0,,,26556000000.0,,20058000000.0,23059000000.0,0.72,0.22129999,2.68,0.7,0.67,1786406400.0,0.759,373.9700012207031,293.2820187246287,362.5,415.38947,1.375,37.0,2.42,0.0139,0.00081,0.88995004,False,False,,0.494,8205303.0,7441970.0,0.7134087652427853,4.11,13.06,10.59,,-0.03067091259529653,0.21912667346976525,52.19168074833619,0.05291163742411964,0.09807529514982027,False,0.5278064421166848,,0.862,US,True,75.63294511684553,93.16568072188304,72.08381821285047,48.47641183403655,53.16549561235746,21.755725190839694,67.52941176470588,85.0574712643678,50.0,84.77011494252874,49.4,69.79922614330212,standard,4,2697714125,False,47.7,False,89.44723618090453,12.311557788944723,6.61641541038526,50.041876046901166,50.041876046901166,50.041876046901166,6,NEUTRAL,0,UPPTREND,False,4,0.5714285714285714,MEDEL,OK,-1.0,0.875,,2026-08-12,0,True
LLY,Eli Lilly and Company,Healthcare,Drug Manufacturers - General,United States,USD,1057346667674.6113,8.125253499999996,4.4190935000000025,1.5593,23.21259695,13.2722435,13.843,8.506,0.839687508,0.13340500899999996,0.2219549765,0.359424995,0.34294004999999994,0.39,0.11600000000000002,0.253,93.86449999999999,-0.41600000000000015,0.679,9589545344.0,8949999616.0,54907998208.0,1102848983040.0,112476000000.0,,65179000000.0,,,29696000000.0,,20640000000.0,16813000000.0,0.58,0.2169,6.92,0.89,1.73,1786665600.0,0.506,1249.449951171875,619.3984502312096,1185.7099609375,1297.3077,1.71429,26.0,3.34,0.0115,0.00155,0.85014,False,False,,0.475,3045070.0,3184770.0,0.64,5.42,22.96,,,-1.66,0.3569,58.4,4.58,,False,0.634686094651487,,1.0,US,True,61.478013752505646,92.86749614629986,78.19622369707258,76.3766621672482,47.08338409056893,19.46564885496183,67.52941176470588,63.984674329501914,50.0,86.20689655172413,47.5,69.62723136642573,standard,5,3776213512,False,45.3,False,79.5644891122278,11.222780569514237,8.12395309882747,50.041876046901166,50.041876046901166,50.041876046901166,6,NEUTRAL,0,UPPTREND,False,5,0.7142857142857143,HÖG,OK,-0.3,0.875,,2026-08-12,0,True
MA,Mastercard Incorporated,Financial Services,Credit Services,United States,USD,489464834152.8256,11.449357499999998,7.3914529999999985,1.7527,78.36248955,14.056659,14.428,9.997,2.218020010000001,0.21160999999999996,0.1996425015,0.23221752999999995,0.50895001,0.046499999999999986,0.01949999999999999,0.186,362.37450000000007,-0.5315000000000001,0.666,15484895616.0,11608999936.0,24643000320.0,506178797568.0,54157000000.0,,32791000000.0,,,19514000000.0,,14968000000.0,17648000000.0,0.6,0.17930001,3.48,0.54,0.87,1783555200.0,0.735,598.0432666718583,463.74259988972767,562.9500122070312,664.3947,1.36585,38.0,2.28,0.0104,0.00112,0.91147006,False,False,,0.475,3598146.0,3407810.0,0.73,4.35,12.52,,,-2.76,0.2451,69.3,7.19,,True,0.6427006335462385,,0.907,US,True,75.58321280860673,94.20633472419904,63.106017732503304,59.360291464688046,42.175785992250255,23.66412213740458,67.52941176470588,86.97318007662835,50.0,87.93103448275862,47.5,68.7409086671113,standard,6,1918426681,False,48.2,False,89.9497487437186,13.484087102177556,7.537688442211055,50.041876046901166,50.041876046901166,50.041876046901166,6,NEUTRAL,0,UPPTREND,False,4,0.5714285714285714,MEDEL,VÄNTA,-0.6,0.875,,2026-08-12,0,True
AMGN,Amgen Inc.,Healthcare,Drug Manufacturers - General,United States,USD,222323956604.0039,-6.759569500000001,-4.0839645,2.1139,8.262267949999998,5.8359694,6.969,-2.5629999999999997,0.731557508,0.016504998999999985,0.11617500650000001,0.172685015,0.22786001000000006,0.008000000000000007,0.503,0.659,422.07450000000006,-0.40000000000000013,0.95,7169270144.0,13989000192.0,57303998464.0,265485025280.0,90586000000.0,,36751000000.0,,,9080000000.0,,7711000000.0,9958000000.0,2.49,0.6087,10.08,3.07,2.52,1787270400.0,0.413,418.3999938964844,264.0224916487972,410.95001220703125,374.68967,2.47059,29.0,4.66,0.0238,0.0021600001,0.84912,False,False,,0.451,2731166.0,3152540.0,0.7,16.62,24.13,,,-0.7,0.2531,77.3,13.46,,True,0.9840365722869604,,0.98,US,True,,78.63850120172883,83.31575517483836,74.30501281909791,47.01566475694733,34.35114503816794,67.52941176470588,83.9080459770115,50.0,63.793103448275865,45.1,68.51494101134932,standard,7,1295536351,False,51.5,False,90.87102177554439,18.174204355108877,23.785594639865998,50.041876046901166,50.041876046901166,50.041876046901166,5,NEUTRAL,0,UPPTREND,False,4,0.5714285714285714,MEDEL,VÄNTA,10.7,0.875,SUSPICIOUS_FWD_PE;,2026-08-12,0,True
MMM,3M Company,Industrials,Conglomerates,United States,USD,94325626921.58017,-1.5846544999999992,-5.32901275,1.7715,20.716918149999998,3.7460535,4.06,-4.136500000000002,0.6061199719999999,0.02037999399999999,0.014635014500000001,0.07214500499999996,-0.09696999,-0.068,0.21600000000000003,0.29,353.58200000000005,-0.027000000000000246,0.811,4873770368.0,5303000064.0,13159999488.0,102235627520.0,37733000000.0,,24948000000.0,,,4791000000.0,,3250000000.0,2306000000.0,1.73,0.5364,3.12,3.88,0.78,1779408000.0,1.08,184.89999389648438,138.62307999597104,182.89999389648438,181.84647,2.22222,17.0,3.2,0.0212,0.00097000005,0.78108,False,False,,0.635,3846041.0,3407400.0,0.83,16.96,28.54,,,0.0,0.2653,69.3,11.16,,True,0.8012355007456197,,0.902,US,True,,63.9042776216602,95.31134777314743,56.26388381878946,42.15943627247177,50.38167938931297,67.52941176470588,90.80459770114942,50.0,70.6896551724138,63.5,66.51345271445325,standard,8,623213439,False,55.8,False,94.72361809045226,26.549413735343386,37.77219430485762,50.041876046901166,50.041876046901166,50.041876046901166,4,NEUTRAL,0,UPPTREND,False,3,0.42857142857142855,LÅG,VÄNTA,0.1,0.875,SUSPICIOUS_FWD_PE;,2026-08-12,0,True
2330.TW,Taiwan Semiconductor Manufacturing Company Limited,Technology,Semiconductors,Taiwan,TWD,61459717058790.0,2.4376485000000008,0.4617892500000025,0.9002,4.336643275000004,13.840743,13.279,1.491999999999999,0.2662300325,0.13516000000000003,0.33734750300000005,0.43662006,0.25578999999999996,0.19599999999999998,0.499,0.774,7.81425,0.6180000000000004,2.131,685666084864.0,3518013112320.0,982447030272.0,58965228519424.0,7932842500000.0,,3809054300000.0,,,1936095600000.0,,1697604000000.0,2274975600000.0,1.01,0.2785,24.0,1.69,7.0,1789516800.0,1.258,2535.0,1120.0699462890625,2370.0,3126.7485,1.31429,35.0,,,0.00022,0.42984,False,False,,0.5,33422562.0,36041854.0,0.64,-1.02,6.91,,,-3.78,0.388,50.7,1.42,,True,0.5276965164061166,,0.95,Asia,True,74.74943543680698,90.26198933766176,52.41035139167567,83.71788716929981,55.82198865809649,2.2900763358778624,67.52941176470588,67.04980842911877,50.0,,50.0,66.31214160334785,standard,9,2652605215,False,44.4,False,81.23953098827471,2.554438860971524,7.872696817420436,50.041876046901166,50.041876046901166,50.041876046901166,5,NEUTRAL,0,UPPTREND,False,4,0.5714285714285714,MEDEL,OK,2.3,0.875,SUSPICIOUS_FWD_PE;,2026-08-12,0,True
6857.T,Advantest Corporation,Technology,Semiconductor Equipment & Materials,Japan,JPY,23308590302220.0,26.243957,103.72194675,1.4964,15.883582175000003,18.914598,18.664,14.643749999999999,0.3266399999999999,0.168430004,0.24897750300000007,0.3185974795,0.26847999999999994,0.229,0.6779999999999999,0.938,2.6980000000000004,0.24950000000000006,1.77,10698326016.0,413124001792.0,108165996544.0,22999522607104.0,1171816000000.0,,1128610000000.0,,,499120000000.0,,375353000000.0,335182000000.0,0.19,0.11399999,60.0,0.79,30.0,1774828800.0,1.185,35940.0,9711.253449554897,32190.0,37757.145,1.61905,21.0,,,0.00279,0.65912,False,False,,0.5,9070670.0,11169560.0,0.67,19.88,20.74,,,-3.76,0.7994,61.2,16.06,,True,0.7581359741279137,,1.0,Japan,True,46.19040369440003,90.3060512795559,68.97883761211436,88.35870021987724,48.424831825514296,6.488549618320611,67.52941176470588,49.808429118773944,50.0,,50.0,66.07696734039533,standard,10,2256597207,False,43.8,False,81.99329983249581,2.554438860971524,2.554438860971524,50.041876046901166,50.041876046901166,50.041876046901166,6,NEUTRAL,0,UPPTREND,False,4,0.5714285714285714,MEDEL,OK,5.3,0.875,,2026-08-12,0,True
NTAP,"NetApp, Inc.",Technology,Software - Infrastructure,United States,USD,37190318741.20323,-6.362102499999999,-4.554939750000003,2.0079,14.910874725,5.3704433,5.239,-1.6289999999999996,0.8578500149999999,0.023879999999999985,0.07544001450000001,0.13452500949999996,0.21639000999999997,-0.03900000000000001,-0.04100000000000001,0.188,141.66125,-0.16400000000000015,1.211,-181104640.0,3584000000.0,2732999936.0,36279746560.0,10744000000.0,,6925000000.0,,,1695000000.0,,1276000000.0,2067000000.0,1.09,0.32759997,2.08,2.25,0.52,1783641600.0,1.433,195.6999969482422,92.93030836511167,189.52000427246094,177.25,,16.0,3.93,0.0758,0.0039399997,1.04881,False,False,,0.71,3292288.0,2553260.0,0.76,13.7,71.27,,,-0.13,0.5113,81.6,17.89,,True,0.8971507692039367,,0.893,US,True,,77.09720506087426,95.17415238977208,48.67346107154076,28.317193918278424,71.7557251908397,67.52941176470588,39.08045977011494,50.0,22.988505747126435,71.0,65.81988863999582,standard,11,483893846,False,57.7,False,80.23450586264657,74.7068676716918,26.298157453936348,50.041876046901166,50.041876046901166,50.041876046901166,3,SVAG,-8,UPPTREND,False,3,0.42857142857142855,LÅG,VÄNTA,-2.1,0.875,SUSPICIOUS_FWD_PE;,2026-08-12,0,True
ATCO-B.ST,Atlas Copco AB (publ),Industrials,Specialty Industrial Machinery,Sweden,SEK,,6.002339499999998,2.6202877499999957,2.4173,0.08393530000000027,5.241337,5.367,2.8824999999999994,0.030460001999999986,0.04875499999999999,0.010950007999999997,-0.0037425250000000104,0.01211996999999998,-0.0020000000000000018,-0.032,0.082,-30.925624999999997,-0.04200000000000004,0.864,25104143136.0,14709000192.0,35858001920.0,911974596608.0,202454000000.0,,168343000000.0,,,34811000000.0,,26420000000.0,32566000000.0,1.63,0.5495,3.0,1.62,2.5,1792368000.0,1.071,185.1999969482422,123.68010466285585,,225.0,,1.0,,,0.00016000001,0.54636,False,False,,0.5,1414622.0,1580330.0,0.17,10.94,19.39,,,0.0,0.2984,63.5,7.74,,True,,,0.5,Nordic,True,84.2356194970947,58.827204342559625,88.85973486992162,36.51258439946913,46.98376322806317,,67.52941176470588,84.2911877394636,50.0,,50.0,65.68224516217765,standard,12,,True,43.3,False,36.97654941373534,50.041876046901166,26.968174204355112,50.041876046901166,50.041876046901166,50.041876046901166,3,SVAG,-8,UPPTREND,False,3,0.42857142857142855,LÅG,OK,-10.0,0.875,,2026-08-12,0,True
6098.T,"Recruit Holdings Co., Ltd.",Communication Services,Internet Content & Information,Japan,JPY,18327936072885.0,15.236727999999994,16.113030499999994,3.3472,7.178092450000001,4.957045,4.805,6.47575,0.050789984999999954,0.037320008,0.003402499000000017,-0.06250253500000003,0.20298999999999992,0.054000000000000006,0.5569999999999999,0.523,-17.71425,-0.10749999999999982,1.559,86941073408.0,725578022912.0,186275004416.0,17765209473024.0,2789018000000.0,,3697351000000.0,,,630567000000.0,,496912000000.0,610363000000.0,0.2,0.0719,26.0,0.36,13.0,1790640000.0,0.905,13320.0,6028.418262645158,13165.0,13018.75,1.4375,16.0,,,0.04445,0.54161,False,False,,0.5,5235990.0,4207370.0,1.86,34.9,114.14,,,0.0,0.5814,84.1,38.96,,False,0.9787677943739819,,1.0,Japan,True,60.04770241810662,59.78627242778187,98.39052665877793,78.89764884161198,36.28713004384871,7.251908396946565,67.52941176470588,59.38697318007663,50.0,,50.0,65.43204809897227,standard,13,347639065,False,48.8,False,86.18090452261306,2.554438860971524,29.061976549413735,50.041876046901166,50.041876046901166,50.041876046901166,6,NEUTRAL,0,UPPTREND,False,4,0.5714285714285714,MEDEL,VÄNTA,15.6,0.875,,2026-08-12,0,True
ADSK,"Autodesk, Inc.",Technology,Software - Application,United States,USD,52592059505.6985,-1.161975499999997,-6.326719750000002,0.8979,3.8963997249999993,7.005736,6.974,3.5909999999999993,0.29447001500000003,0.038889995,0.0860600145,0.1571750095,0.43329001,0.01999999999999999,2.039,2.23,24.785249999999998,-0.7650000000000001,0.669,1584645248.0,2924000000.0,2724000000.0,52355878912.0,12467000000.0,,7206000000.0,,,1794000000.0,,1124000000.0,2452000000.0,,0.0,,0.48,0.015,1111449600.0,1.298,329.0899963378906,185.5,249.0800018310547,313.74243,1.42857,33.0,2.87,0.0461,0.00227,0.98188,False,False,,0.497,2661216.0,2225240.0,1.0,22.18,7.12,,,-4.74,0.4132,80.4,16.12,,True,0.9066237116888437,,0.919,US,True,84.65276191926111,81.39674400714145,50.36528270823687,80.64084700845268,35.101926418985215,63.74045801526718,12.352941176470589,86.59003831417624,50.0,37.35632183908046,49.7,65.09149440781673,standard,14,554262783,False,58.9,False,91.95979899497488,70.93802345058626,18.257956448911223,50.041876046901166,50.041876046901166,50.041876046901166,7,STARK,8,UPPTREND,False,3,0.42857142857142855,LÅG,VÄNTA,8.1,0.875,SUSPICIOUS_FWD_PE;,2026-08-12,0,True
DB1.DE,DEUTSCHE BOERSE AG            N,Financial Services,Financial Data & Stock Exchanges,Germany,EUR,,8.327418999999999,7.053198875000001,3.3797,-0.6265586000000001,6.3771906,6.995,2.7840000000000007,-0.00034499600000000713,-0.017005,-0.0010312515000000105,-0.0033887224999999965,0.37551997,0.022500000000000006,-0.0645,0.118,-7.222249999999998,-0.5144999999999997,0.009,1386625152.0,1775000064.0,6186999808.0,54205849600.0,297156000000.0,,7381000000.0,,,2978000000.0,,1995000000.0,2810000000.0,1.56,0.3621,4.2,1.87,4.2,1778716800.0,0.304,273.3999938964844,196.67251329895487,,288.83334,1.75,12.0,,,0.0,0.68492997,False,False,,0.5,352997.0,306749.0,0.05,6.31,10.92,32.29,,-1.63,0.2208,68.9,6.86,,True,,,0.688,Europe,True,83.62969729263403,51.8295532024958,74.0045699128891,45.6599033898449,63.99492635523551,,67.52941176470588,83.14176245210729,50.0,,50.0,64.98545737284746,standard,15,,True,42.4,False,36.97654941373534,50.041876046901166,21.02177554438861,50.041876046901166,50.041876046901166,50.041876046901166,3,SVAG,-8,UPPTREND,False,4,0.5714285714285714,MEDEL,VÄNTA,-12.3,0.875,,2026-08-12,0,True
FTNT,"Fortinet, Inc.",Technology,Software - Infrastructure,United States,USD,117130047117.09673,19.917427500000002,18.64402125,2.1978,62.931924724999995,15.5604925,15.094,22.885,0.964930015,0.0673,0.1729100045,0.1978850295,0.3109900499999999,0.092,0.16399999999999998,0.378,-24.439750000000004,-0.31800000000000006,1.141,789232768.0,4069600000.0,561400000.0,113621843968.0,10389200000.0,,6799600000.0,,,2084700000.0,,1853400000.0,2590600000.0,,0.0,,,,,1.058,172.08999633789062,72.83000183105469,159.63999938964844,160.86485,2.68182,37.0,2.36,0.0239,0.17361,0.71086997,False,False,,0.395,6102341.0,6705250.0,0.63,-2.96,42.17,,,-3.8,0.4774,58.4,5.09,,False,0.5324034086084476,,1.0,US,True,50.7992692395524,87.62482310053568,76.45812968393614,74.38590472269149,30.786800208433807,44.656488549618324,12.352941176470589,62.06896551724138,50.0,62.93103448275862,39.5,64.9446269286548,standard,16,1070426106,False,47.3,False,80.98827470686767,23.953098827470686,6.448911222780569,50.041876046901166,50.041876046901166,50.041876046901166,8,STARK,8,UPPTREND,False,3,0.42857142857142855,LÅG,VÄNTA,16.6,0.875,,2026-08-12,0,True
PLTR,Palantir Technologies Inc.,Technology,Software - Infrastructure,United States,USD,395745687083.09424,96.8486105,50.97636125,2.1481,29.64808472499999,67.14653,65.67,130.94200000000004,0.17148001499999999,0.09856999,0.38123002449999993,0.3331449795,0.35691001,0.764,1.879,2.25,-58.49475000000001,5.627999999999999,7.095,682749824.0,9409098752.0,211400000.0,404263075840.0,8900392000.0,,4475446000.0,,,1414015000.0,,1625033000.0,2134473000.0,,0.0,,,,,1.563,207.52000427246094,106.37000274658203,172.00999450683594,189.90222,1.8125,27.0,1.73,0.0364,0.03492,0.61912,False,False,,0.583,43388227.0,59936790.0,0.68,,,,,,0.6872,79.5,,,True,1.1193433667718231,,1.0,US,True,38.799573723072236,89.80224189477501,,95.26292521626921,40.27461292843957,25.954198473282442,12.352941176470589,52.87356321839081,50.0,47.12643678160919,58.3,64.51400797650874,standard,17,10309726919,False,44.1,False,76.04690117252932,14.656616415410383,2.554438860971524,50.041876046901166,50.041876046901166,50.041876046901166,9,STARK,8,UPPTREND,False,2,0.2857142857142857,LÅG,VÄNTA,9.2,0.875,,2026-08-12,0,True
ROST,"Ross Stores, Inc.",Consumer Cyclical,Apparel Retail,United States,USD,81872952656.95538,6.490223499999999,9.063430500000003,2.97,2.5493481500000006,3.4435034,3.468,5.080500000000001,0.18719999500000006,0.04622999699999998,0.013734992500000001,0.029150004999999993,-0.16364995999999998,0.131,0.271,0.356,-11.106000000000003,0.26749999999999974,0.884,571228800.0,4130980096.0,4723149824.0,82465120256.0,15548737000.0,,22750559000.0,,,2707357000.0,,2145044000.0,3026883000.0,0.7,0.2318,1.78,1.04,0.445,1780963200.0,0.877,257.0,142.48134316237557,255.22999572753906,254.61111,1.8,18.0,3.15,0.0373,0.02128,0.96001,False,False,,0.491,3071893.0,2168010.0,1.16,13.98,15.91,,,-1.34,0.2976,67.5,8.16,,True,0.7937064215016848,,0.946,US,True,64.83570576742534,60.69700706091713,72.91463017269469,74.37412487725643,57.750853691662094,54.19847328244275,67.52941176470588,61.68582375478927,50.0,45.97701149425287,49.1,64.4250951853818,standard,18,553341183,False,53.5,False,82.32830820770519,28.97822445561139,40.45226130653266,50.041876046901166,50.041876046901166,50.041876046901166,5,NEUTRAL,0,UPPTREND,False,5,0.7142857142857143,HÖG,VÄNTA,3.9,0.875,,2026-08-12,0,True
SU.PA,Schneider Electric S.E.,Industrials,Specialty Industrial Machinery,France,EUR,,7.110789999999999,4.777421124999998,1.7717,0.0,4.060981,4.456,1.4835000000000012,-0.037064994,0.013334999999999991,-0.001908738499999993,0.006588722499999991,-0.008060000000000012,0.0050000000000000044,0.181,0.301,12.110249999999997,-0.10699999999999998,0.807,4580250240.0,4518000128.0,20809000960.0,187342880768.0,62504000000.0,,40152000000.0,,,7010000000.0,,4163000000.0,6131000000.0,1.4,0.4951,4.2,1.77,4.2,1778457600.0,1.15,303.5,205.58298415658774,,325.04166,1.41667,24.0,,,0.034679998,0.52581,False,False,,0.5,937942.0,1008730.0,0.09,12.89,16.89,17.98,,0.0,0.3893,77.3,11.11,,True,,,0.5,Europe,True,84.8714825810053,48.792420390172296,80.43518702262337,51.16192954306849,49.48326362442002,,67.52941176470588,81.22605363984674,50.0,,50.0,64.00628805296417,standard,19,,True,44.6,False,36.97654941373534,50.041876046901166,35.25963149078727,50.041876046901166,50.041876046901166,50.041876046901166,5,NEUTRAL,0,UPPTREND,False,3,0.42857142857142855,LÅG,VÄNTA,2.4,0.875,,2026-08-12,0,True
INVE-A.ST,Investor AB (publ),Financial Services,Asset Management,Sweden,SEK,,-9.155066000000001,,4.91,-5.5370233,3.886197,4.21,-6.545000000000003,0.06482,0.13002499999999995,0.4956075050000001,0.43011000000000005,0.48467996999999996,1.0755,1.3875,1.589,-45.858125,0.5965000000000004,1.654,165137517344.0,20027000832.0,125865000960.0,1380819927040.0,1102807000000.0,,216578000000.0,,,,,157494000000.0,,1.35,0.0636,5.6,1.72,1.6,1793923200.0,0.781,418.5,276.3701059433675,,437.0,,1.0,,,0.49436,0.2768,False,False,,0.5,376984.0,505754.0,0.14,5.76,13.63,,,-1.23,0.1831,75.1,5.06,,True,,,0.5,Nordic,True,,90.06727900094018,71.00632813705818,78.04091340317336,74.03873764503057,,67.52941176470588,97.31800766283524,50.0,,50.0,63.9590813092893,holding,20,,True,44.8,False,36.97654941373534,50.041876046901166,36.59966499162479,50.041876046901166,50.041876046901166,50.041876046901166,7,STARK,8,UPPTREND,False,5,0.7142857142857143,HÖG,VÄNTA,12.0,0.875,,2026-08-12,0,True
NXT.L,NEXT plc,Consumer Cyclical,Apparel Retail,United Kingdom,GBp,,0.0,3.6459845000000026,2.9071,5.694522419999998,2.5944023,2.889,-0.062249999999999694,0.3086899849999999,0.09270999699999997,0.0015799969999999858,0.0,-0.04084998000000001,0.078,0.14600000000000002,0.232,9.843,0.5337499999999997,1.081,-41062496.0,96200000.0,1809799936.0,19935854592.0,4915300000.0,,6901300000.0,,,1277200000.0,,888500000.0,1233600000.0,1.71,0.32869998,2.68,2.95,1.81,1782950400.0,1.038,209771.95308208466,141625.23283196578,,15883.749,2.2,20.0,,,0.06202,0.70599,False,False,,0.5,360477.0,281982.0,0.02,3.92,23.21,20.46,,-2.36,0.2399,63.5,4.63,,True,,,0.5,UK,True,,64.03984213297743,75.13862041875625,54.05625652627915,68.32887882290332,,67.52941176470588,41.37931034482759,50.0,,50.0,63.91972615039411,standard,21,,True,48.0,False,36.97654941373534,50.041876046901166,57.95644891122278,50.041876046901166,50.041876046901166,50.041876046901166,5,NEUTRAL,0,UPPTREND,False,4,0.5714285714285714,MEDEL,VÄNTA,-1.7,0.875,,2026-08-12,0,True
RACE.MI,Ferrari N.V.,Consumer Cyclical,Auto Manufacturers,Italy,EUR,,14.279245,15.367926375000001,4.1096,10.910909,8.5010395,8.745,6.474500000000001,0.24131496899999996,0.06700498699999997,0.1286112445,0.1620237225,0.08694999999999997,0.009000000000000008,-0.001999999999999988,0.09,12.710249999999995,1.2245000000000001,1.758,206913664.0,1431513984.0,3165647104.0,64305082368.0,9628352000.0,,7145768000.0,,,2097144000.0,,1596919000.0,2349306000.0,1.02,0.38959998,3.62,0.67,3.615,1776643200.0,0.595,426.3454799518345,265.9715457815944,,384.17896,1.68421,19.0,,,0.3227,0.41505,False,False,,0.5,582189.0,613188.0,0.09,8.89,26.47,8.69,,-0.66,0.3343,71.3,8.42,,True,,,0.689,Europe,True,57.832584811347076,78.32417047692039,74.05436040410574,46.1231326705888,69.61248877450899,,67.52941176470588,55.938697318007655,50.0,,50.0,63.85729391619157,standard,22,,True,41.4,False,36.97654941373534,50.041876046901166,14.154103852596315,50.041876046901166,50.041876046901166,50.041876046901166,5,NEUTRAL,0,UPPTREND,False,4,0.5714285714285714,MEDEL,VÄNTA,5.3,0.875,,2026-08-12,0,True
INVE-B.ST,Investor AB ser. B,Financial Services,Asset Management,Sweden,SEK,,-9.064653500000002,,5.08,-5.5155814,,4.281,-6.4590000000000005,0.06482,0.13002499999999995,0.4956075050000001,0.43011000000000005,0.48467996999999996,1.0755,1.3875,1.589,-45.858125,0.5965000000000004,1.654,165137517344.0,20027000832.0,125865000960.0,1404102639616.0,1102807000000.0,,216578000000.0,,,,,157494000000.0,,1.32,0.0636,5.6,1.75,1.6,1793923200.0,0.781,426.79998779296875,276.5710400390637,,393.8,,5.0,,,0.00254,0.46098998,False,False,,0.5,2600201.0,2527496.0,0.14,5.9,14.4,,,-1.39,0.1887,72.0,5.15,,True,,,0.5,Nordic,True,,90.06727900094018,70.42281902213992,78.04091340317336,73.62207097836391,,67.52941176470588,96.93486590038314,50.0,,50.0,63.807720366486464,holding,23,,True,46.8,False,36.97654941373534,50.041876046901166,50.041876046901166,50.041876046901166,50.041876046901166,50.041876046901166,6,NEUTRAL,0,UPPTREND,False,5,0.7142857142857143,HÖG,VÄNTA,1.6,0.875,,2026-08-12,0,True
2395.TW,"Advantech Co., Ltd.",Technology,Computer Hardware,Taiwan,TWD,550975164000.0,19.777194500000004,10.40148825,3.2034,4.730140275000004,6.7023005,6.495,17.881,0.13091000249999998,0.05233,0.005037493000000039,0.029430010000000006,0.0010699999999999599,0.30100000000000005,0.9879999999999999,1.271,-3.625750000000001,-0.12899999999999967,1.037,-50661923072.0,18723252224.0,2070916992.0,533939978240.0,75717524000.0,,70882362000.0,,,11546311000.0,,10592508000.0,9902694000.0,1.76,0.65410006,11.16,2.44,11.158556,1784246400.0,0.743,672.0,265.29442027698866,634.0,705.75,1.875,16.0,,,0.48347,0.26035,False,False,,0.5,4015104.0,5337859.0,1.03,31.47,52.5,,,0.0,0.5485,69.0,29.94,,True,0.9443382401372371,,0.838,Asia,True,21.06899089086803,64.05737712040403,98.39052665877793,84.43954366275301,40.411696961633766,22.137404580152673,67.52941176470588,16.47509578544061,50.0,,50.0,63.525222324458774,standard,24,105092931,False,36.6,False,36.97654941373534,12.646566164154105,19.849246231155778,50.041876046901166,50.041876046901166,50.041876046901166,4,NEUTRAL,0,UPPTREND,False,4,0.5714285714285714,MEDEL,VÄNTA,25.7,0.875,,2026-08-12,0,True
O39.SI,Oversea-Chinese Banking Corporation Limited,Financial Services,Banks - Regional,Singapore,SGD,136046906977.30411,0.0,0.0,2.9898,0.0,9.636415,7.253,,,,0.037099999999999966,0.0,0.0,-0.0455,,0.048,,,,,75255996416.0,44814000128.0,102402465792.0,675688000000.0,,14533000000.0,,,,,7422000000.0,9125000000.0,2.86,0.4967,0.84,4.76,0.47,1776902400.0,0.203,30.5,15.774320909726464,30.299999237060547,27.1775,2.1875,16.0,,,0.28120002,0.1856,False,False,,0.5,6748343.0,6890099.0,0.62,11.33,35.25,,,-1.02,0.2053,65.1,16.26,,False,1.0853172016976778,,0.923,Singapore,True,,54.04040404040404,85.44678534067329,45.99044746103569,92.25848563968668,40.839694656488554,67.52941176470588,,50.0,,50.0,63.519158295201635,standard,25,163060793,False,36.9,False,36.97654941373534,22.278056951423785,11.725293132328309,50.041876046901166,50.041876046901166,50.041876046901166,1,SVAG,-8,UPPTREND,False,3,0.42857142857142855,LÅG,VÄNTA,-4.5,0.625,EXTREME_EARNINGS_GROWTH;SUSPICIOUS_FWD_PE;,2026-08-12,0,True
ATCO-A.ST,Atlas Copco AB (publ),Industrials,Specialty Industrial Machinery,Sweden,SEK,,10.8863725,10.471001749999992,2.7645,1.3253302999999987,6.0179906,6.144,6.007499999999999,0.030460001999999986,0.04875499999999999,0.010950007999999997,-0.0037425250000000104,0.01211996999999998,-0.0020000000000000018,-0.032,0.082,-30.925624999999997,-0.04200000000000004,0.864,25104143136.0,14709000192.0,35858001920.0,1043947126784.0,202454000000.0,,168343000000.0,,,34811000000.0,,26420000000.0,32566000000.0,1.43,0.5495,3.0,1.55,2.5,1792368000.0,1.071,212.1999969482422,140.2601607823493,,216.95238,1.7619,21.0,,,0.00029,0.69382006,False,False,,0.5,4206353.0,4419171.0,0.12,11.96,21.58,,,0.0,0.3208,66.7,9.25,,True,,,0.12,Nordic,True,76.1198650123062,58.827204342559625,91.0591483596577,29.65964322299854,44.483763228063175,,67.52941176470588,80.07662835249042,50.0,,50.0,63.45330637619431,standard,26,,True,42.7,False,36.97654941373534,50.041876046901166,22.780569514237854,50.041876046901166,50.041876046901166,50.041876046901166,3,SVAG,-8,UPPTREND,False,3,0.42857142857142855,LÅG,VÄNTA,-8.4,0.875,,2026-08-12,0,True
VICI,VICI Properties Inc.,Real Estate,REIT - Diversified,United States,USD,29442813755.863346,-22.7136595,-19.02467875,,-8.103070675000001,7.1853724,11.572,-8.6875,-0.02511498750000002,0.01116,0.42837000249999996,0.33498497500000013,0.5016600599999999,-0.0075,-0.46049999999999996,-0.391,-41.47250000000001,10.527,11.235,-1209325696.0,300947008.0,17843673088.0,47417503744.0,46724168000.0,,4006116000.0,,,3655301000.0,,2775493000.0,2509991000.0,6.78,0.69769996,1.8,5.15,0.45,1781740800.0,0.687,31.85284675822461,25.815000534057617,26.739999771118164,32.79167,1.84,24.0,2.34,0.028399998,0.00282,0.97754997,False,False,,0.639,9635404.0,11801420.0,0.49,,,,,,0.2099,42.4,,,True,0.6015560018503066,,0.386,US,True,,77.48879081576794,,15.963637482702708,83.12644060467979,75.95419847328245,67.52941176470588,31.03448275862069,50.0,58.620689655172406,63.9,63.38337155152259,standard,27,315569968,False,46.0,False,36.97654941373534,77.1356783919598,17.587939698492463,50.041876046901166,50.041876046901166,50.041876046901166,3,SVAG,-8,UPPTREND,False,3,0.42857142857142855,LÅG,VÄNTA,-9.3,0.875,SUSPICIOUS_FWD_PE;,2026-08-12,0,True
WSM,"Williams-Sonoma, Inc.",Consumer Cyclical,Specialty Retail,United States,USD,29646241573.846344,-1.2598204999999965,3.789089500000003,3.0094,5.4090941500000005,3.7611828,3.868,-0.47549999999999937,0.33745001500000005,0.09818000699999997,0.0544349975,0.057110005000000005,-0.030429969999999973,-0.031,-0.06,0.0,-6.139000000000005,0.057499999999999774,0.449,-590892544.0,651601024.0,1493564032.0,30488205312.0,5411912000.0,,7806816000.0,,,1415722000.0,,1088437000.0,1314889000.0,1.23,0.30719998,3.04,1.72,0.76,1784246400.0,1.47,252.99000549316406,164.9592141343307,251.77999877929688,215.15,2.21739,20.0,5.05,0.0545,0.01121,0.9967,False,False,,0.459,1157604.0,943660.0,0.79,14.11,43.35,,,-0.47,0.3568,74.6,10.88,,True,0.9640599038300917,,0.924,US,True,,70.24838335757646,89.90885081717,43.15002960702249,38.01801067668923,75.57251908396947,67.52941176470588,32.18390804597701,50.0,30.45977011494253,45.9,63.083586567052805,standard,28,237594714,False,49.0,False,36.97654941373534,76.96817420435511,37.68844221105528,50.041876046901166,50.041876046901166,50.041876046901166,2,SVAG,-8,UPPTREND,False,3,0.42857142857142855,LÅG,VÄNTA,-7.2,0.875,,2026-08-12,0,True
CSU.TO,Constellation Software Inc.,Technology,Software - Application,Canada,CAD,68270635117.48535,21.12586825,-5.246848500000001,0.5454,4.080433125,5.618983,5.888,7.931249999999999,0.03257500249999999,0.008309999999999998,0.0,0.030790034499999994,-0.026029980000000008,0.035,1.424,1.699,89.47575,-1.6272499999999996,0.833,2431723040.0,3012999936.0,5560999936.0,71543635968.0,16171000000.0,,11623000000.0,,,2108000000.0,,512000000.0,2732000000.0,0.18,0.1141,5.68,0.19,1.413,1781827200.0,0.694,4913.930432469509,2193.5970052236025,3221.60009765625,3906.5913,1.58333,12.0,5.27,,0.04409,0.43572,False,False,,0.5,66124.0,69770.0,0.9,12.79,33.98,,,-2.53,0.5006,71.6,11.79,,True,0.8853407743974829,,0.217,Canada,True,78.50371723630458,53.92660475257826,78.35399838795425,62.10836205603616,33.84407792985316,58.01526717557252,67.52941176470588,87.73946360153256,50.0,,50.0,63.068426624187346,standard,29,161369112,False,58.7,False,88.77721943048577,68.42546063651591,24.623115577889447,50.041876046901166,50.041876046901166,50.041876046901166,6,NEUTRAL,0,UPPTREND,False,4,0.5714285714285714,MEDEL,VÄNTA,-4.0,0.875,SUSPICIOUS_FWD_PE;,2026-08-12,0,True
BAJFINANCE.NS,Bajaj Finance Limited,Financial Services,Credit Services,India,INR,6706144323956.0,0.0,-14.664936500000003,,-3.016912775,14.366179,22.212,,,,0.15964,0.22708251499999998,0.71881999,0.1665,0.07050000000000001,0.274,279.80125,,,,47410601984.0,3683091742720.0,10368417005568.0,5599523600000.0,,496654500000.0,,,,,190173900000.0,-657898000000.0,0.47,0.1658,5.4,0.38,6.0,1782777600.0,0.323,1176.4000244140625,783.0862114062364,1078.0,1151.8611,1.91667,36.0,,,0.56525004,0.27003,False,False,,0.5,9881003.0,11989996.0,0.4,6.27,18.55,,,-6.34,0.346,57.5,7.21,,True,0.5350740057551933,,0.191,India,True,,90.95117845117845,59.61825384575808,50.082177704391036,49.53700808789697,10.305343511450381,67.52941176470588,,50.0,,50.0,63.046042315582774,standard,30,135489131,False,33.2,False,36.97654941373534,2.554438860971524,7.202680067001675,50.041876046901166,50.041876046901166,50.041876046901166,4,NEUTRAL,0,UPPTREND,False,2,0.2857142857142857,LÅG,VÄNTA,3.6,0.75,SUSPICIOUS_FWD_PE;,2026-08-12,0,True
ITW,Illinois Tool Works Inc.,Industrials,Specialty Industrial Machinery,United States,USD,84488769042.96875,-6.9381154999999985,-0.15630275000000182,2.9446,18.121486149999996,5.13017,5.697,-0.3775000000000004,0.833380012,0.10219999999999999,0.08955498450000002,0.13528500499999993,-0.04942998999999998,-0.032,-0.010999999999999996,0.079,250.49800000000005,-0.15800000000000025,0.74,,839000000.0,9694000128.0,93819420672.0,16148000000.0,,16044000000.0,,,4216000000.0,,3066000000.0,3126000000.0,2.19,0.5833,6.44,2.26,1.61,1782777600.0,1.005,301.9200134277344,234.37654391512544,296.6600036621094,299.1193,3.25,14.0,6.57,0.033299997,0.00368,0.86138,False,False,,0.744,1447398.0,1608250.0,0.66,7.66,17.31,,,-1.4,0.2226,67.7,8.17,,True,0.8459971815775668,,0.862,US,True,,75.90460433896804,74.08893690727307,45.08175712195688,46.33517341304818,53.05343511450382,67.52941176470588,,50.0,50.86206896551724,74.4,62.757711898920384,standard,31,477103451,False,40.2,False,36.97654941373534,28.475711892797317,27.721943048576215,50.041876046901166,50.041876046901166,50.041876046901166,1,SVAG,-8,UPPTREND,False,3,0.42857142857142855,LÅG,VÄNTA,-8.0,0.875,SUSPICIOUS_FWD_PE;,2026-08-12,0,True
DXCM,"DexCom, Inc.",Healthcare,Medical Devices,United States,USD,31981324833.75,0.9703835000000005,5.9238975000000025,1.6403,1.4559029499999987,6.4359097,6.326,4.4639999999999995,0.20173752800000005,0.033145002999999985,0.08784499650000002,0.060474994999999976,0.13368001000000002,0.04400000000000001,0.29000000000000004,0.385,-14.86050000000001,-0.038000000000000034,1.37,-455192192.0,1947000064.0,1398400000.0,31432724480.0,6339900000.0,,4662000000.0,,,911800000.0,,836300000.0,1440700000.0,,0.0,,,,,1.41,87.8499984741211,54.11000061035156,84.75,93.44,1.32143,25.0,3.92,0.0571,0.0027,1.04701,False,False,,0.372,5772150.0,6284290.0,0.88,20.79,46.43,,,0.0,0.4371,79.7,19.22,,True,0.8460591447398996,,0.986,US,True,46.92598513105477,71.92077047356051,97.80401639484832,72.02401069390088,32.53005244105925,74.42748091603053,12.352941176470589,35.24904214559387,50.0,29.310344827586203,37.2,62.53763038236039,standard,32,532593578,False,56.1,False,76.21440536013401,76.29815745393634,20.603015075376884,50.041876046901166,50.041876046901166,50.041876046901166,4,NEUTRAL,0,UPPTREND,False,3,0.42857142857142855,LÅG,VÄNTA,4.7,0.875,,2026-08-12,0,True
TXT.WA,Text S.A.,Technology,Software - Application,Poland,PLN,,-20.01186,-9.331243875,,3.9431095750000003,4.1003065,3.91,-13.103000000000002,0.726604969,0.307435,0.23530625149999995,0.202548727,0.24635999999999997,-0.266,-0.497,-0.225,,-0.2669999999999998,1.264,-704100464.0,62780000.0,0.0,1286520064.0,195923000.0,,329073000.0,,,127731000.0,,116608000.0,161552000.0,13.8,1.2251999,7.15,7.68,2.13,1791331200.0,0.27,52.650001525878906,34.79517675009217,,60.6,2.16667,6.0,,,0.41265,0.21583,False,False,,0.5,47028.0,58699.0,0.16,4.42,33.99,,,-0.29,0.3139,68.8,14.65,,False,,,0.5,Europe,True,,89.6277370539715,91.51232186036941,12.174581681424193,58.11899713403513,,29.64705882352941,,50.0,,50.0,62.5165768926574,standard,33,,True,44.5,False,36.97654941373534,50.041876046901166,35.00837520938023,50.041876046901166,50.041876046901166,50.041876046901166,2,SVAG,-8,UPPTREND,False,2,0.2857142857142857,LÅG,VÄNTA,-24.1,0.75,SUSPICIOUS_FWD_PE;,2026-08-12,0,True
CRDO,Credo Technology Group Holding Ltd,Technology,Semiconductors,Cayman Islands,USD,46598961817.40292,55.3788505,3.7150572499999974,,9.870263725000001,34.902557,33.841,73.31199999999998,0.13459001499999995,0.10480000000000002,0.2449200045,0.2185549895,0.18930008000000004,1.4060000000000001,3.157,3.622,-59.40075,8.552999999999999,8.507,-1225544560.0,1443286016.0,25448000.0,45181124608.0,2295619000.0,,1335116000.0,,,445005000.0,,472279000.0,464292000.0,,0.0,,,,,3.233,308.6700134277344,86.48500061035156,249.88999938964844,279.28708,,19.0,0.67,0.036199998,0.108789995,0.75878,False,False,,0.471,8166322.0,5592380.0,0.47,,,,,,1.0098,53.3,,,True,0.938532939694944,,1.0,US,True,23.969196417243914,84.48273090485054,,96.6793152677437,34.550722589013986,66.41221374045801,12.352941176470589,30.268199233716476,50.0,47.701149425287355,47.099999999999994,62.369346891916216,standard,34,1397479835,False,43.0,False,36.97654941373534,72.11055276381909,2.554438860971524,50.041876046901166,50.041876046901166,50.041876046901166,6,NEUTRAL,0,UPPTREND,False,2,0.2857142857142857,LÅG,VÄNTA,12.6,0.875,,2026-08-12,0,True
DIOS.ST,Diös Fastigheter AB (publ),Real Estate,Real Estate - Diversified,Sweden,SEK,,-18.3132005,-16.780945250000006,1.37,-5.398688184999999,3.5328588,10.125,-5.070500000000002,,,0.13364498599999994,0.2523074750000001,0.27792993000000005,-0.0625,29.063499999999998,28.5,64.75087500000001,-0.5950000000000001,0.161,,236000000.0,17798000640.0,26973536256.0,33364000000.0,,2662000000.0,,,1737000000.0,,808000000.0,897000000.0,3.58,0.35759997,2.4,3.29,0.6,1791331200.0,1.225,70.77646782868955,58.349684377261916,,76.75,,4.0,,,0.29591,0.39907002,False,False,,0.5,164244.0,151267.0,0.06,1.13,4.73,,,-3.37,0.2034,68.5,3.15,,True,,,0.5,Nordic,True,,84.25925925925925,50.20750801735522,62.231197595216464,47.4775417421962,,67.52941176470588,,50.0,,50.0,62.35501213057792,standard,35,,True,45.2,False,36.97654941373534,50.041876046901166,39.698492462311556,50.041876046901166,50.041876046901166,50.041876046901166,3,SVAG,-8,UPPTREND,False,3,0.42857142857142855,LÅG,VÄNTA,-2.8,0.75,SUSPICIOUS_FWD_PE;,2026-08-12,0,True
REL.L,RELX PLC,Industrials,Specialty Business Services,United Kingdom,GBp,,-4.695478000000005,-0.9408617500000016,1.3642,30.97706142,4.714706,5.625,1.526749999999999,1.1090600220000002,0.06927,0.084839994,0.09979498999999997,0.18085002,-0.066,0.131,0.202,619.4999999999999,-0.7757500000000002,0.394,1362187552.0,220000000.0,8906000384.0,54670245888.0,14757000000.0,,9590000000.0,,,2983000000.0,,2065000000.0,2836000000.0,2.65,0.5409,0.69,2.0,0.209,1785974400.0,0.263,47048.79908725154,24112.508110513365,,3391.2441,1.4375,16.0,,,0.00464,0.61481,False,False,,0.5,5082858.0,4967306.0,0.03,2.73,6.03,25.23,,-10.61,0.3741,56.0,2.64,,False,,,0.5,UK,True,85.27872928877724,79.45930457873453,52.25038810777351,41.13571123354812,35.934353744324895,,67.52941176470588,82.37547892720306,50.0,,50.0,62.046642999726224,standard,36,,True,43.8,False,36.97654941373534,50.041876046901166,30.234505862646564,50.041876046901166,50.041876046901166,50.041876046901166,3,SVAG,-8,UPPTREND,False,3,0.42857142857142855,LÅG,VÄNTA,,0.875,SUSPICIOUS_FWD_PE;,2026-08-12,0,True
DOL.TO,DOLLARAMA INC,Consumer Defensive,Discount Stores,Canada,CAD,,4.688475000000002,14.246997749999998,2.1839,31.347508225000002,,7.586,13.075250000000002,0.8154050024999999,0.07991001,0.13637500199999997,0.11659001,0.05087999999999998,0.1755,0.08100000000000002,0.104,356.04249999999996,-0.2822499999999997,0.666,740908128.0,823004032.0,6183026176.0,57503961088.0,7558352000.0,,7255754000.0,,,1746323000.0,,1309438000.0,1761156000.0,0.23,0.09,0.45,0.26,0.12,1783641600.0,0.388,209.56591919946428,165.77656615562776,192.57000732421875,207.625,2.0625,16.0,2.53,,0.02043,0.46051997,False,False,,0.5,701666.0,619720.0,0.55,2.35,9.07,,,-5.57,0.2809,55.9,2.05,,True,0.814236167581884,,0.878,Canada,True,61.18976935373372,79.60293419948178,49.78606094904906,62.425375977350086,47.05720271157972,,67.52941176470588,68.96551724137932,50.0,,50.0,62.03658545156401,standard,37,85676993,False,46.8,False,36.97654941373534,50.041876046901166,50.041876046901166,50.041876046901166,50.041876046901166,50.041876046901166,3,SVAG,-8,UPPTREND,False,4,0.5714285714285714,MEDEL,VÄNTA,-6.0,0.875,,2026-08-12,0,True
RILBA.CO,Ringkjøbing Landbobank A/S,Financial Services,Banks - Regional,Denmark,DKK,,5.444624499999996,0.2888034999999949,2.15,-2.9320607,10.157615,12.105,,-0.004839999999999997,0.0062949999999999985,0.24753747499999995,0.27643,-0.40976003000000005,-0.035500000000000004,-0.013500000000000012,0.057,,,,,4133640960.0,12214654976.0,50729091072.0,86308719000.0,,4114420000.0,,,,,2313411000.0,,0.67,0.1302,12.0,0.79,12.0,1772668800.0,0.311,1825.0,1355.8438528878348,,1915.0,1.5,4.0,,,0.00558,0.37917998,False,False,,0.5,23402.0,21826.0,0.09,2.28,12.72,,,-2.95,0.2094,52.2,6.09,,True,,,0.919,Nordic,True,,60.402695012289556,63.32703092040953,45.982692272319525,88.05172976501305,,67.52941176470588,,50.0,,50.0,61.98924838792044,standard,38,,True,40.9,False,36.97654941373534,50.041876046901166,10.804020100502512,50.041876046901166,50.041876046901166,50.041876046901166,1,SVAG,-8,UPPTREND,False,4,0.5714285714285714,MEDEL,VÄNTA,-9.1,0.75,SUSPICIOUS_FWD_PE;,2026-08-12,0,True
D05.SI,DBS,Financial Services,Banks - Regional,Singapore,SGD,217082525207.51953,1.1083040000000004,0.8450319999999998,3.1669,0.8808100999999997,9.577452,15.984,,0.03507,0.0,0.0,0.02405999999999997,0.0,-0.026499999999999996,,0.09,,,,,67684999168.0,213082996736.0,362302537728.0,897488000000.0,,22895000000.0,,,,,10934000000.0,11024000000.0,4.17,0.7975,3.18,4.62,0.81,1786665600.0,0.29,76.33000183105469,47.348301158402016,76.33000183105469,74.01875,2.1875,16.0,,,0.006,0.54879004,False,False,,0.5,4993681.0,5032292.0,0.72,5.21,26.03,,,-1.57,0.1661,61.0,9.47,,False,1.0033052905368323,,0.694,Singapore,True,,53.30057543375489,80.83423367803672,42.867888772866145,93.68782637075718,35.11450381679389,67.52941176470588,,50.0,,50.0,61.83507145024831,standard,39,300014728,False,36.3,False,36.97654941373534,18.425460636515915,11.809045226130653,50.041876046901166,50.041876046901166,50.041876046901166,1,SVAG,-8,UPPTREND,False,3,0.42857142857142855,LÅG,VÄNTA,-3.3,0.75,EXTREME_EARNINGS_GROWTH;SUSPICIOUS_FWD_PE;,2026-08-12,0,True
BKT.MC,"Bankinter, S.A.",Financial Services,Banks - Regional,Spain,EUR,,-1.9075569999999997,-2.026799125,10.15,-3.1929391000000003,5.2246923,2.513,,-0.02582499600000001,-0.014184999999999998,0.13370874849999992,0.1792212475,-0.42923000000000006,-0.0005000000000000004,-0.0635,0.158,,,,,19627560960.0,11955090432.0,7110905856.0,131018892000.0,,3128426000.0,,,,,1089976000.0,-598882000.0,4.67,0.5017,0.77,5.33,0.160932,1782086400.0,0.044,16.600000381469727,11.74740699295841,,16.28545,2.5,22.0,,,0.28851,0.37668,False,False,,0.5,1492832.0,1391370.0,0.05,6.29,21.52,21.53,,-0.63,0.2494,61.4,8.49,,True,,,0.718,Europe,True,,49.074325580748706,80.7921400111553,46.16015329858311,86.79308093994777,,67.52941176470588,,50.0,,50.0,61.81925538079497,standard,40,,True,43.3,False,36.97654941373534,50.041876046901166,27.1356783919598,50.041876046901166,50.041876046901166,50.041876046901166,2,SVAG,-8,UPPTREND,False,3,0.42857142857142855,LÅG,VÄNTA,-13.5,0.75,SUSPICIOUS_FWD_PE;,2026-08-12,0,True
ASML.AS,ASML Holding N.V.,Technology,Semiconductor Equipment & Materials,Netherlands,EUR,,27.436559000000003,9.036325125,1.9973,18.052075574999993,16.29795,16.14,20.777,0.31946499899999997,0.09655500999999997,0.18209625150000003,0.188498727,0.09810004000000005,0.04899999999999999,0.009999999999999953,0.274,-39.2005,-0.19699999999999973,0.721,7643175040.0,7581499904.0,1984400000.0,570168770560.0,50566600000.0,,32667300000.0,,,11301400000.0,,9609400000.0,,0.52,0.2952,7.78,0.86,1.88,1785110400.0,1.365,1738.9058678632498,607.8259095382093,,2001.1389,1.38636,34.0,,,0.0001,0.41119,False,False,,0.5,727686.0,722375.0,0.1,1.79,21.21,34.53,,-8.0,0.4779,49.4,2.01,,False,,,0.723,Europe,True,57.42483063104209,82.45502278621508,70.49610013956364,56.64589399766257,27.867532276751316,,67.52941176470588,70.11494252873564,50.0,,50.0,61.661488490978435,standard,41,,True,40.2,False,36.97654941373534,50.041876046901166,6.113902847571189,50.041876046901166,50.041876046901166,50.041876046901166,5,NEUTRAL,0,UPPTREND,False,3,0.42857142857142855,LÅG,VÄNTA,4.2,0.875,,2026-08-12,0,True
ANET,"Arista Networks, Inc.",Technology,Computer Hardware,United States,USD,237955252028.7887,24.5657845,12.869775249999996,2.0535,3.4966007250000013,22.574688,21.309,27.526,0.10527001499999997,0.06683,0.27489000449999995,0.31586502949999995,0.13899001000000005,0.213,0.08199999999999996,0.365,,1.357,2.289,2415157888.0,13343299584.0,0.0,224611958784.0,19448600000.0,,9005700000.0,,,3856100000.0,,3511400000.0,4371900000.0,,0.0,,,,,1.615,214.88999938964844,114.5199966430664,188.6699981689453,238.63,1.26667,27.0,2.27,0.0191,0.17239,0.72845,False,False,,0.612,9057172.0,9616830.0,0.56,,,,,,0.5981,61.7,,,True,0.7906649457556292,,0.951,US,True,52.48788409327345,82.73420967720446,,73.59655638846678,35.584144063239705,32.44274809160305,12.352941176470589,65.90038314176245,50.0,76.72413793103449,61.199999999999996,61.56614052780281,standard,42,1814407298,False,45.9,False,81.49078726968175,17.504187604690117,2.554438860971524,50.041876046901166,50.041876046901166,50.041876046901166,6,NEUTRAL,0,UPPTREND,False,2,0.2857142857142857,LÅG,VÄNTA,5.8,0.75,,2026-08-12,0,True
MCO,Moody's Corporation,Financial Services,Financial Data & Stock Exchanges,United States,USD,82737215106.0,9.833461499999999,8.180132999999998,2.0306,17.698119549999994,10.139365,10.907,9.156999999999998,0.5753200099999999,0.12717998999999997,0.07877250149999998,0.11587751000000002,0.25869997,0.056499999999999995,0.36549999999999994,0.519,163.4735,-0.4025000000000001,1.043,1102770304.0,1496000000.0,7619999744.0,89002213376.0,15830000000.0,,7718000000.0,,,3462000000.0,,2459000000.0,2901000000.0,0.87,0.25,4.12,0.81,1.03,1786665600.0,1.33,544.4014999183522,400.45682926644145,477.75,560.4762,1.75,21.0,3.07,0.0215,0.14372,0.81171,False,False,,0.7,992137.0,806960.0,1.1,-3.69,5.73,,,-8.2,0.2882,39.6,0.91,,False,0.2938334284789532,,0.912,US,True,63.633503336631904,82.1593450708264,38.95448543156523,73.40697806038276,33.27558684372453,53.81679389312977,67.52941176470588,68.19923371647509,50.0,69.25287356321839,70.0,61.27830915160201,standard,43,385525140,False,49.9,False,85.84589614740369,28.8107202680067,10.971524288107203,50.041876046901166,50.041876046901166,50.041876046901166,6,NEUTRAL,0,UPPTREND,False,4,0.5714285714285714,MEDEL,VÄNTA,2.2,0.875,,2026-08-12,0,True
NDAQ,"Nasdaq, Inc.",Financial Services,Financial Data & Stock Exchanges,United States,USD,52873667570.443726,7.4630695,3.1658989999999996,1.9807,-5.214074450000001,9.41818,10.98,5.580999999999998,-0.02878,0.029510002999999993,0.0866225015,0.11446752999999998,0.50895001,0.05449999999999999,-0.060500000000000026,0.122,0.4784999999999915,-0.5865,0.386,215145344.0,555000000.0,9317000192.0,61640671232.0,31053000000.0,,8262000000.0,,,2433000000.0,,1788000000.0,2255000000.0,1.22,0.32650003,1.16,1.28,0.31,1789084800.0,0.971,101.10603805405401,76.55000305175781,94.58999633789062,110.06667,1.76471,15.0,1.73,0.023599999,0.11002,0.86084,False,False,,0.315,4028951.0,3559830.0,0.65,7.96,6.56,,,-0.98,0.3011,68.4,7.32,,False,0.6955668377889914,,0.896,US,True,60.286214508639716,70.83806030714902,62.20481555795648,53.4181112912765,53.17023976817282,62.97709923664122,67.52941176470588,56.32183908045977,50.0,64.65517241379311,31.5,61.03481044307585,standard,44,336724307,False,55.6,False,82.83082077051927,70.68676716917923,11.976549413735343,50.041876046901166,50.041876046901166,50.041876046901166,6,NEUTRAL,0,UPPTREND,False,4,0.5714285714285714,MEDEL,VÄNTA,0.9,0.875,,2026-08-12,0,True
AOF.DE,ATOSS Software SE,Technology,Software - Application,Germany,EUR,,-2.2699779999999974,3.438665124999998,,6.258872575,7.0719495,,,,,0.13647625150000003,0.166678727,0.3664699999999999,-0.034,-0.137,0.13,,,,,,,,160152456.0,,189258254.0,,,68903047.0,,48367468.0,47231857.0,2.63,0.7007,2.28,1.41,2.28,1777852800.0,1.197,120.43030474702327,65.0,,121.5,1.625,8.0,,,0.45644,0.21205,False,False,,0.5,24727.0,27086.0,0.05,26.92,26.92,8.78,,-1.25,0.4855,80.5,18.98,,True,,,0.981,Europe,True,,84.34343434343434,72.61857805151523,46.109308278081045,27.132506527415146,,67.52941176470588,,50.0,,50.0,60.930608349991246,standard,45,,True,42.0,False,36.97654941373534,50.041876046901166,18.00670016750419,50.041876046901166,50.041876046901166,50.041876046901166,1,SVAG,-8,UPPTREND,False,3,0.42857142857142855,LÅG,VÄNTA,,0.625,,2026-08-12,0,True
RR.L,Rolls-Royce Holdings plc,Industrials,Aerospace & Defense,United Kingdom,GBp,,16.788521999999997,14.55574425,2.4793,40.80505542,5.4559226,5.403,9.475750000000001,0.9352700219999999,0.015999999999999993,-0.016730006000000006,-0.009225010000000006,-0.19532998000000001,0.11299999999999999,-0.742,-0.635,61.59400000000001,0.01424999999999993,0.753,3732312608.0,6483999744.0,4373000192.0,125164101632.0,38115000000.0,,21207000000.0,,,4412000000.0,,5841000000.0,4565000000.0,0.78,0.2619,0.12,1.74,0.06,1785974400.0,1.19,20249.746450424194,12463.525164440785,,1626.75,1.6,20.0,,,0.00051,0.6828,False,False,,0.5,26523740.0,31831546.0,0.05,11.62,36.23,26.68,,-1.1,0.4594,76.1,9.93,,True,,,0.5,UK,True,76.04019182461748,55.07789948576781,85.97651264034965,26.79249191378095,41.928452046365436,,67.52941176470588,86.20689655172413,50.0,,50.0,60.92440091035438,standard,46,,True,43.1,False,36.97654941373534,50.041876046901166,25.795644891122276,50.041876046901166,50.041876046901166,50.041876046901166,3,SVAG,-8,UPPTREND,False,3,0.42857142857142855,LÅG,VÄNTA,-10.4,0.875,,2026-08-12,0,True
NVDA,NVIDIA Corporation,Technology,Semiconductors,United States,USD,5424535322616.577,-2.915256499999998,-6.44426275,0.5529,15.168484724999999,21.39932,21.222,11.616000000000003,0.9333900149999999,0.45291000000000003,0.5208400045,0.5178950094999999,0.25039996,0.688,1.87,2.106,-54.078750000000014,1.841,2.139,44859518336.0,53171998720.0,12814000128.0,5379473801216.0,206803000000.0,,215938000000.0,,,130387000000.0,,120067000000.0,102718000000.0,0.46,0.0061000003,1.0,0.05,0.25,1780531200.0,2.215,236.26463268418732,163.8517783946414,223.9600067138672,302.82758,1.29508,58.0,2.24,0.0139,0.03991,0.70478994,False,False,,0.563,151325148.0,134604800.0,0.79,2.69,-1.37,,,-7.63,0.3892,54.3,5.45,,True,0.9973435251193683,,0.889,US,True,57.96148283474157,93.97654861976419,30.960496304299358,89.83132805005391,42.00326647929798,11.068702290076336,67.52941176470588,63.2183908045977,50.0,84.77011494252874,56.3,60.661143711790245,standard,47,30146091912,False,43.1,False,79.14572864321609,2.554438860971524,2.554438860971524,50.041876046901166,50.041876046901166,50.041876046901166,7,STARK,8,UPPTREND,False,3,0.42857142857142855,LÅG,VÄNTA,18.0,0.875,SUSPICIOUS_FWD_PE;,2026-08-12,0,True
CLAS-B.ST,Clas Ohlson AB (publ),Consumer Cyclical,Specialty Retail,Sweden,SEK,,0.08788450000000125,13.970476999999995,3.14,0.9323743000000007,2.1262667,2.131,-1.927500000000001,0.20455000499999998,0.06590499699999997,-0.031570009000000024,-0.11420752499999999,0.06735996999999999,0.03900000000000001,0.643,0.736,-6.019625000000003,0.1895,0.658,777579808.0,1836499968.0,1899900032.0,26671286272.0,7887300000.0,,12513900000.0,,,1568100000.0,,1168900000.0,,2.21,0.3827,9.25,5.03,7.0,1789344000.0,0.928,452.6000061035156,276.2021351088865,,415.0,,4.0,,,0.35682,0.33698002,True,True,,0.5,80957.0,42822.0,0.13,8.89,6.54,,,-4.07,0.3634,76.8,5.44,,True,,,0.5,Nordic,True,,57.07407706705178,51.02017629606764,63.82907126626087,50.126965846790064,,67.52941176470588,85.82375478927203,98.0,,50.0,60.542231969778314,standard,48,,True,48.9,False,36.97654941373534,50.041876046901166,64.40536013400336,50.041876046901166,50.041876046901166,50.041876046901166,5,NEUTRAL,0,UPPTREND,False,3,0.42857142857142855,LÅG,VÄNTA,18.9,0.875,,2026-08-12,0,True
4661.T,"Oriental Land Co., Ltd.",Consumer Cyclical,Leisure,Japan,JPY,4884715733526.0,11.663672000000007,5.456914,9.4005,0.0,6.770007,6.446,,,,0.08895249599999999,0.09904247499999994,0.0029999799999999577,0.028999999999999998,0.399,0.503,-4.135249999999999,1.6800000000000006,3.488,,560668999680.0,326302007296.0,4650665771008.0,1629076000000.0,,704539000000.0,,,168413000000.0,,121881000000.0,181281000000.0,0.54,0.2018,16.0,0.29,8.0,1790640000.0,0.313,3696.72509765625,2103.0,2979.0,3236.368,2.57143,14.0,,,0.31405002,0.17571,False,False,,0.5,6456182.0,9600520.0,0.57,12.57,38.81,,,-5.81,0.3692,61.9,15.96,,False,0.7324037472199598,,0.386,Japan,True,,66.32996632996634,70.60974773198882,54.57112052498875,69.27868112953385,12.213740458015266,67.52941176470588,,50.0,,50.0,60.43975478019103,standard,49,179499095,False,35.4,False,36.97654941373534,5.108877721943048,19.179229480737018,50.041876046901166,50.041876046901166,50.041876046901166,5,NEUTRAL,0,UPPTREND,False,4,0.5714285714285714,MEDEL,VÄNTA,3.3,0.75,,2026-08-12,0,True
JPM,JP Morgan Chase & Co.,Financial Services,Banks - Diversified,United States,USD,950354699232.6942,-4.9292385,-2.783055000000001,1.7486,-6.965481750000001,5.1004395,2.615,,-0.01610999000000002,-0.01542,0.0854625215,0.12507753000000005,-0.49104999000000005,0.2095,0.26749999999999996,0.412,,,,,1818026049536.0,1333832974336.0,487206649856.0,4424900000000.0,,181847000000.0,,,,,57048000000.0,-147782000000.0,1.68,0.2571,6.0,2.39,1.5,1783296000.0,0.977,363.0,276.4336079693154,357.5199890136719,373.85715,2.08333,21.0,2.66,0.0111,0.0038800002,0.75957,False,False,,0.461,9230996.0,6746250.0,0.73,5.58,19.28,,,0.0,0.2222,65.4,8.12,,False,0.7873186135417558,,0.711,US,True,,44.70188493873761,88.71310730393922,71.69180256891326,63.932114882506525,19.84732824427481,67.52941176470588,,50.0,87.35632183908046,46.1,60.184298207421584,standard,50,2411919226,False,37.7,False,36.97654941373534,11.474036850921273,28.05695142378559,50.041876046901166,50.041876046901166,50.041876046901166,2,SVAG,-8,UPPTREND,False,4,0.5714285714285714,MEDEL,VÄNTA,-5.5,0.75,SUSPICIOUS_FWD_PE;,2026-08-12,0,True
TORNTPHARM.NS,Torrent Pharmaceuticals Limited,Healthcare,Drug Manufacturers - Specialty & Generic,India,INR,,31.9577,12.372407999999998,,9.878123625000002,11.912253,11.99,-0.684000000000001,,,0.013842495000000038,0.025269979999999997,0.56306995,0.4610000000000001,-0.22799999999999998,0.033,59.41624999999999,,,,23552100352.0,150254993408.0,1885172269056.0,443119600000.0,,137529900000.0,,,34397600000.0,,21633700000.0,30227100000.0,0.77,0.607,38.0,1.03,9.0,1780012800.0,0.145,5250.0,3450.040733610751,,5386.759,1.68966,29.0,,,0.63342,0.14777,False,False,,0.5,658859.0,678583.0,0.44,-3.14,10.83,,,-5.13,0.2415,37.5,2.12,,False,,,0.611,India,True,,70.91750841750842,54.619625799591844,47.04679112227948,77.82583650695982,,67.52941176470588,,50.0,,50.0,60.12100358551267,standard,51,,True,40.7,False,36.97654941373534,50.041876046901166,9.380234505862646,50.041876046901166,50.041876046901166,50.041876046901166,3,SVAG,-8,UPPTREND,False,3,0.42857142857142855,LÅG,VÄNTA,-4.5,0.75,,2026-08-12,0,True
PLD,"Prologis, Inc.",Real Estate,REIT - Industrial,United States,USD,133198728899.74475,-2.0578779999999988,13.01204125,133.4348,-6.680210575000001,14.108071,17.661,3.5995,-0.04611498750000001,-0.011860000000000002,0.18916000250000004,0.06346498499999997,0.2644400699999999,0.058499999999999996,0.8065,0.859,-37.92650000000001,-0.060000000000000164,0.488,3930586496.0,1766716032.0,37093756928.0,170564714496.0,98724256000.0,,8790127000.0,,,3414302000.0,,3328231000.0,5008434000.0,3.08,0.9265,4.28,2.75,1.07,1781568000.0,1.324,153.35000610351562,100.16504776943994,140.16000366210938,158.3077,2.0,13.0,3.32,0.0165,0.00262,0.96098,False,False,,0.476,4346056.0,6447120.0,0.54,-2.1,-2.26,,,-7.04,0.2314,36.6,-2.44,,False,0.16089604905125707,,0.832,US,True,79.35830098195935,60.41430824851138,30.8839670045103,75.77252291449125,49.69489392603926,42.36641221374045,67.52941176470588,79.3103448275862,50.0,80.45977011494253,47.599999999999994,60.103049709061644,standard,52,903628363,False,49.7,False,90.61976549413735,22.780569514237854,7.45393634840871,50.041876046901166,50.041876046901166,50.041876046901166,4,NEUTRAL,0,VARNING,False,4,0.5714285714285714,MEDEL,VÄNTA,1.6,0.875,,2026-08-12,0,True
2881.TW,"Fubon Financial Holding Co., Ltd.",Financial Services,Insurance - Life,Taiwan,TWD,1735546681935.0,1.7554995,1.9818640000000016,1.36,-0.5141456,1.6577318,1.252,-5.807000000000002,0.06937999749999998,0.010430000000000002,-0.14121999999999998,0.07703255050000003,0.10826999999999998,1.6615,,,56.935500000000005,-0.5514999999999998,1.007,1111010715648.0,1336526110720.0,836762796032.0,1310755520512.0,12875478154000.0,,379304535000.0,,,,,120943979000.0,14407546000.0,3.35,0.4954,4.25,3.79,4.25,1782864000.0,0.665,136.37258933167166,79.16734313964844,127.0,117.935,1.9,10.0,,,0.40671003,0.23422001,False,False,,0.5,41299532.0,21969769.0,0.5,-1.17,36.64,,,-5.19,0.3148,47.3,1.65,,False,0.5377553368162487,,1.0,Asia,True,,55.44589092160349,72.94850028296548,96.9630467571644,49.194309091816194,17.557251908396946,67.52941176470588,99.04214559386973,50.0,,50.0,60.0767333773606,standard,53,86645570,False,58.9,False,97.52931323283082,9.212730318257957,71.0217755443886,50.041876046901166,50.041876046901166,50.041876046901166,6,NEUTRAL,0,UPPTREND,False,3,0.42857142857142855,LÅG,VÄNTA,10.9,0.875,EXTREME_EARNINGS_GROWTH;SUSPICIOUS_FWD_PE;,2026-08-12,0,True
CAST.ST,Castellum AB (publ),Real Estate,Real Estate - Development,Sweden,SEK,,-2.386278000000001,-11.287048250000005,0.92,-5.234078125,6.1332545,11.906,-2.8995000000000006,-0.1024649975,-0.0016550000000000002,-0.01882499400000004,0.18576747500000007,0.28783001999999996,-0.3045,2.5225,2.355,-7.1821250000000045,1.048,0.159,-8129107680.0,93000000.0,56806998016.0,118582345728.0,155889000000.0,,9593000000.0,,,6189000000.0,,938000000.0,3921000000.0,1.83,0.2218,2.48,3.44,0.62,1766966400.0,1.471,137.0,100.25,,135.81818,,11.0,,,0.30322,0.44329,False,False,,0.5,1383191.0,1068399.0,0.68,6.08,10.6,,,-0.44,0.2759,79.6,6.0,,True,,,0.535,Nordic,True,,55.161578797668724,70.40652707036408,60.57626549681787,52.39966212657919,,67.52941176470588,19.54022988505747,50.0,,50.0,59.99591707745827,standard,54,,True,42.6,False,36.97654941373534,50.041876046901166,22.36180904522613,50.041876046901166,50.041876046901166,50.041876046901166,3,SVAG,-8,UPPTREND,False,3,0.42857142857142855,LÅG,VÄNTA,-7.9,0.875,SUSPICIOUS_FWD_PE;,2026-08-12,0,True
SAF.PA,SAFRAN,Industrials,Aerospace & Defense,France,EUR,,9.685937,7.252927125000001,2.5356,3.2288415000000006,,4.386,3.5374999999999996,0.05163499599999997,-0.012925000000000008,0.0010312515000000105,-0.02939127750000002,0.038880000000000026,0.067,-0.763,-0.653,-38.248749999999994,-0.2799999999999999,0.579,2768249984.0,6669000192.0,5110000128.0,147221970944.0,61814000000.0,,31189000000.0,,,4592000000.0,,7177000000.0,5721000000.0,0.94,0.35979998,3.35,0.77,3.35,1779753600.0,0.962,361.8999938964844,259.6822067309178,,374.31818,1.90909,22.0,,,0.1674,0.45698002,False,False,,0.5,652802.0,547890.0,0.09,11.23,35.85,19.98,,0.0,0.411,78.5,9.61,,True,,,0.5,Europe,True,77.34185887188855,49.677024879754704,88.96286006642543,24.115818993205593,36.75135260237371,,67.52941176470588,75.86206896551724,50.0,,50.0,59.82637068303888,standard,55,,True,46.8,False,36.97654941373534,50.041876046901166,50.041876046901166,50.041876046901166,50.041876046901166,50.041876046901166,4,NEUTRAL,0,UPPTREND,False,3,0.42857142857142855,LÅG,VÄNTA,-6.1,0.875,,2026-08-12,0,True
ALL,The Allstate Corporation,Financial Services,Insurance - Property & Casualty,United States,USD,67513072650.0,-14.6851235,-7.212384,3.1461,-7.513883050000001,0.9625885,1.016,-8.639000000000003,0.26713999,0.05776000399999999,-0.07403749850000002,-0.15059247,-0.12304000999999998,0.023499999999999993,0.4105,0.551,-54.94750000000002,-1.2295,0.243,13682270592.0,5714999808.0,7496999936.0,71276068864.0,119758000000.0,,67069000000.0,,,,,10282000000.0,10110000000.0,1.57,0.0833,4.32,2.34,1.08,1788134400.0,0.156,277.2200012207031,185.2784166308255,267.0,262.27274,2.4,22.0,0.07,0.0005,0.00509,0.87334996,False,False,,0.279,1769569.0,1741210.0,1.55,4.75,22.34,,,-4.68,0.2608,58.0,8.03,,False,0.7029328108226355,,1.0,US,True,,49.56745582799376,68.54624341890894,76.22244919760371,56.49066205451431,58.396946564885496,67.52941176470588,99.04214559386973,50.0,93.67816091954023,27.900000000000002,59.61217785515432,standard,56,464903070,False,69.7,False,97.52931323283082,68.67671691792296,83.41708542713567,50.041876046901166,50.041876046901166,50.041876046901166,5,NEUTRAL,0,UPPTREND,False,3,0.42857142857142855,LÅG,VÄNTA,5.9,0.875,SUSPICIOUS_FWD_PE;,2026-08-12,0,True
DIXON.NS,Dixon Technologies (India) Limited,Technology,Consumer Electronics,India,INR,,-9.836724999999994,7.6658887499999935,,3.9908704000000004,1.6737233,1.557,0.0,,,-0.08399249699999996,-0.1247300065,-0.12803000999999992,0.046999999999999986,1.271,1.949,0.0,,,,12413700096.0,9942200320.0,802981347328.0,191616400000.0,,488728000000.0,,,14735400000.0,,14386400000.0,17822900000.0,0.06,0.0235,8.0,,8.0,1757980800.0,-0.156,18471.0,9600.0,,14413.071,2.17857,28.0,,,0.40137002,0.35147,False,False,,0.5,621861.0,379981.0,0.58,0.5,27.26,,,-5.96,0.4374,47.3,5.17,,False,,,0.843,India,True,,27.02020202020202,68.11793658143404,78.50340604563372,76.3769159557189,,25.058823529411768,,50.0,,50.0,59.57743793464088,standard,57,,True,49.9,False,36.97654941373534,50.041876046901166,70.77051926298158,50.041876046901166,50.041876046901166,50.041876046901166,3,SVAG,-8,UPPTREND,False,3,0.42857142857142855,LÅG,VÄNTA,-2.5,0.75,,2026-08-12,0,True
LH,Labcorp Holdings Inc.,Healthcare,Diagnostics & Research,United States,USD,25014280987.54883,-9.786268000000003,-9.532148749999998,1.3075,,1.7433983,2.206,-9.904,-0.13210250499999998,-0.021765001000000006,-0.05467499699999999,-0.05526252000000003,-0.24126000999999997,-0.02899999999999999,0.14249999999999996,0.256,4.101999999999984,0.03600000000000014,1.246,-1012332544.0,141800000.0,6766099968.0,31654979584.0,18392700000.0,,13951700000.0,,,1516200000.0,,876500000.0,1640500000.0,0.93,0.2382,2.88,,0.72,1787875200.0,0.861,316.1099853515625,242.59049363940713,309.20001220703125,315.625,,16.0,4.19,0.033299997,0.00354,1.0104,False,False,,0.756,696655.0,1032340.0,0.68,16.95,25.63,,,0.0,0.2343,78.7,14.29,,True,0.8761151458275845,,0.868,US,True,,24.84850946814014,93.8450721133234,56.87877816735006,69.87720767989889,78.62595419847328,67.52941176470588,28.735632183908045,50.0,50.86206896551724,75.6,59.53023258276848,standard,58,319199541,False,60.3,False,66.61087866108787,69.6234309623431,71.0460251046025,50.04184100418409,50.04184100418409,50.04184100418409,4,NEUTRAL,0,UPPTREND,False,3,0.42857142857142855,LÅG,VÄNTA,0.0,0.75,SUSPICIOUS_FWD_PE;,2026-08-12,0,True
CABK.MC,"CaixaBank, S.A.",Financial Services,Banks - Regional,Spain,EUR,,-0.01963599999999932,-1.5221191249999997,0.94,-3.0921584000000006,5.6628647,8.547,,-0.04287499599999999,-0.013555,0.11645874849999995,0.1512912475,-0.42923000000000006,0.0315,-0.0855,0.101,,,,,11621999616.0,56872001536.0,134474596352.0,664040000000.0,,,,,,,5891000000.0,4410000000.0,3.88,0.5982,0.5,5.08,0.3321,1775520000.0,0.111,13.470000267028809,7.963524796740126,,12.66048,2.28571,21.0,,,0.49363,0.24663,False,False,,0.5,6568690.0,8332048.0,0.13,2.52,16.93,26.15,,-3.68,0.273,44.7,2.95,,False,,,0.95,Europe,True,,46.73406804177579,72.60200027602404,52.8765259820193,82.66808093994777,,67.52941176470588,,50.0,,50.0,59.520313354922976,standard,59,,True,43.0,False,36.97654941373534,50.041876046901166,24.5393634840871,50.041876046901166,50.041876046901166,50.041876046901166,3,SVAG,-8,UPPTREND,False,3,0.42857142857142855,LÅG,VÄNTA,-10.7,0.75,SUSPICIOUS_FWD_PE;,2026-08-12,0,True
GE,GE Aerospace,Industrials,Aerospace & Defense,United States,USD,383981120878.92615,10.6517695,16.644036250000003,5.5419,10.531871150000004,7.5827155,7.79,14.4605,0.269519992,-0.016390000000000005,0.07277500450000002,0.07431500499999996,-0.18053998999999998,0.118,0.082,0.169,28.86999999999999,-0.28500000000000025,0.632,5118270336.0,9944999936.0,20230000640.0,394493132800.0,130169000000.0,,45855000000.0,,,8680000000.0,,8704000000.0,8537000000.0,0.5,0.1958,1.88,0.4,0.47,1783296000.0,1.366,388.8399963378906,262.46709157310255,370.0799865722656,404.90475,1.45455,21.0,3.0,0.014400001,0.003,0.82085997,False,False,,0.418,4580856.0,3432210.0,0.71,4.05,23.89,,,-3.45,0.3665,66.4,4.12,,True,0.7581943398340786,,0.992,US,True,60.26591560731775,55.78244305763375,72.78901064979163,67.29744233528308,40.95241327268796,27.480916030534353,67.52941176470588,69.34865900383141,50.0,83.33333333333334,41.8,59.43091495745176,standard,60,1270192231,False,47.9,False,82.74706867671692,14.991624790619765,15.996649916247907,50.041876046901166,50.041876046901166,50.041876046901166,4,NEUTRAL,0,UPPTREND,False,4,0.5714285714285714,MEDEL,VÄNTA,5.0,0.875,,2026-08-12,0,True
BBVA.MC,"Banco Bilbao Vizcaya Argentaria, S.A.",Financial Services,Banks - Diversified,Spain,EUR,,-2.2656680000000007,-2.4710221249999993,2.4159,-2.9875093,3.9768658,4.756,,-0.015225006000000006,-0.009105,0.05164874849999999,0.14122124749999998,-0.42923000000000006,0.10750000000000001,-0.049500000000000016,0.114,,,,,183573004288.0,198940999680.0,162330017792.0,859576000000.0,,39415000000.0,,,,,10511000000.0,14968000000.0,3.74,0.48680001,0.92,5.08,0.6,1775606400.0,0.89,24.90999984741211,14.524749076310883,,22.54318,2.6087,22.0,,,0.00103,0.44752,False,False,,0.5,9242018.0,8243341.0,0.09,11.39,30.86,33.67,,-0.24,0.3205,79.1,11.2,,True,,,0.531,Europe,True,,47.4067726064916,92.31339998742375,48.97972166569038,50.97911227154047,,67.52941176470588,,50.0,,50.0,59.42941831035577,standard,61,,True,44.7,False,36.97654941373534,50.041876046901166,36.097152428810716,50.041876046901166,50.041876046901166,50.041876046901166,2,SVAG,-8,UPPTREND,False,2,0.2857142857142857,LÅG,VÄNTA,-9.6,0.75,SUSPICIOUS_FWD_PE;,2026-08-12,0,True
TJX,"The TJX Companies, Inc.",Consumer Cyclical,Apparel Retail,United States,USD,178255110080.81808,2.557236500000002,7.282972500000003,3.362,6.694360149999999,2.8945036,3.034,2.193500000000001,0.40988001500000004,0.06333998699999997,0.010354997500000004,0.013090004999999988,-0.17753001000000002,0.017,0.19,0.286,50.28999999999998,-0.13450000000000017,0.489,2837895552.0,5580000256.0,14179999744.0,186855112704.0,35767000000.0,,60372000000.0,,,7178000000.0,,5494000000.0,6874000000.0,1.18,0.3307,1.92,1.34,0.48,1786579200.0,0.616,170.0,129.29934773241172,161.36000061035156,177.4,1.40909,20.0,2.97,0.0163,0.00154,0.93362,False,False,,0.571,6017091.0,5370860.0,0.76,3.59,3.99,,,-7.52,0.2281,50.6,-1.31,,True,0.8386502185085039,,0.985,US,True,77.84857019613813,62.31819832783301,37.631407453139204,66.52088904547242,63.25428959272256,38.16793893129771,67.52941176470588,73.18007662835248,50.0,81.03448275862068,57.099999999999994,59.38520036654047,standard,62,866641973,False,55.2,False,85.5108877721943,20.100502512562816,55.1926298157454,50.041876046901166,50.041876046901166,50.041876046901166,5,NEUTRAL,0,VARNING,False,5,0.7142857142857143,HÖG,VÄNTA,6.4,0.875,,2026-08-12,0,True
PUUILO.HE,Puuilo Oyj,Consumer Cyclical,Department Stores,Finland,EUR,,3.195752500000001,0.0,,7.1085343,3.2592742,3.563,1.927500000000001,0.341710005,0.09032500699999997,0.0016300009999999782,-0.009587534999999994,-0.027670030000000012,0.081,0.03500000000000002,0.143,98.96137500000002,1.1795,0.667,-809645132.0,33000000.0,163400000.0,1576132096.0,316700000.0,,442300000.0,,,74700000.0,,56000000.0,74900000.0,3.86,0.69699997,0.66,,0.33,1791936000.0,0.573,18.100000381469727,11.00821617219834,,17.26667,,3.0,,,0.07625,0.45583,False,False,,0.5,103048.0,58217.0,0.05,0.71,36.49,,,-5.97,0.3337,42.4,1.84,,False,,,0.376,Nordic,True,,63.87812141023703,69.87789610879594,43.61466619408624,60.36995268663418,,67.52941176470588,,50.0,,50.0,59.36909770098224,standard,63,,True,45.6,False,36.97654941373534,50.041876046901166,42.211055276381906,50.041876046901166,50.041876046901166,50.041876046901166,4,NEUTRAL,0,UPPTREND,False,4,0.5714285714285714,MEDEL,VÄNTA,-1.3,0.875,SUSPICIOUS_FWD_PE;,2026-08-12,0,True
IMI.L,IMI plc,Industrials,Specialty Industrial Machinery,United Kingdom,GBp,,-2.6526530000000044,2.698124250000001,1.727,1.8603148200000001,3.1585999,3.495,-0.30125000000000046,0.14824002200000005,0.06100999999999998,-0.006989996000000012,-0.04778502000000001,0.0,-0.031,0.14800000000000002,0.21,-9.843,0.08024999999999977,0.746,-554937504.0,90200000.0,765400000.0,8289408000.0,2480100000.0,,2304000000.0,,,422400000.0,,309900000.0,415300000.0,1.13,0.252,0.35,1.55,0.121,1786579200.0,1.04,40116.45860481262,28078.37732417454,,3128.125,1.94118,16.0,,,0.00414,0.79695,False,False,,0.5,1074374.0,752473.0,0.02,8.98,18.37,10.45,,-0.32,0.2768,60.5,6.39,,True,,,0.5,UK,True,,59.22214778397036,73.43499674569284,45.09626951516643,53.014440693375015,,67.52941176470588,20.306513409961685,50.0,,50.0,59.343351776788765,standard,64,,True,45.8,False,36.97654941373534,50.041876046901166,43.46733668341709,50.041876046901166,50.041876046901166,50.041876046901166,3,SVAG,-8,UPPTREND,False,2,0.2857142857142857,LÅG,VÄNTA,-9.2,0.875,,2026-08-12,0,True
UU.L,United Utilities Group PLC,Utilities,Utilities - Regulated Water,United Kingdom,GBp,,0.9737984999999973,-0.9444037499999993,1.1431,0.0,4.0773335,7.783,0.9399999999999986,0.12698502300000006,0.003369998999999988,0.04500251100000001,0.11464997499999996,0.50209002,0.167,1.066,1.146,339.7455,1.8072499999999996,2.524,-1379912480.0,1794300032.0,11490599936.0,20363827200.0,18127000000.0,,2616300000.0,,,1100300000.0,,586800000.0,1381900000.0,3.76,0.6113,0.54,4.38,0.3578,1782345600.0,0.585,18783.17490107376,13566.696314505618,,1509.4619,2.46154,13.0,,,0.00053,0.7512,False,False,,0.5,2197867.0,1563105.0,0.11,4.33,11.12,5.75,,-2.38,0.2833,72.7,5.6,,True,,,0.5,UK,True,42.952982669813,72.983874705071,57.550115105293365,72.33345501571966,57.2410279223695,,67.52941176470588,19.923371647509576,50.0,,50.0,59.32870862665445,standard,65,,True,44.5,False,36.97654941373534,50.041876046901166,35.175879396984925,50.041876046901166,50.041876046901166,50.041876046901166,5,NEUTRAL,0,UPPTREND,False,3,0.42857142857142855,LÅG,VÄNTA,5.7,0.875,SUSPICIOUS_FWD_PE;,2026-08-12,0,True
SPG,"Simon Property Group, Inc.",Real Estate,REIT - Retail,United States,USD,,-17.561294000000004,4.919831250000003,4.58,5.885551725,,15.38,-0.9135000000000018,1.0122950125,0.0186,0.45935000249999997,0.06691500499999997,0.32477000999999994,0.1285,0.11750000000000001,0.159,355.72350000000006,-0.5130000000000001,0.195,1018335872.0,542955008.0,28989048832.0,102251954176.0,40606466000.0,,6364505000.0,,,3175396000.0,,4627612000.0,4136551000.0,3.97,0.60150003,8.8,5.11,2.25,1780963200.0,1.326,238.5,155.87723441202132,222.91000366210938,229.42105,2.42857,19.0,0.0,0.0,0.017970001,0.96115,False,False,,0.648,1959135.0,1482290.0,1.22,-0.79,7.92,,,-7.25,0.2136,39.5,-0.5,,False,0.2625917705012189,,0.0,US,True,,81.86581505830803,44.22750424448217,45.81725109584893,36.13823360662553,,67.52941176470588,65.51724137931035,50.0,98.85057471264368,64.8,59.164794738434395,standard,66,330417269,False,46.8,False,36.97654941373534,50.041876046901166,50.041876046901166,50.041876046901166,50.041876046901166,50.041876046901166,4,NEUTRAL,0,VARNING,False,2,0.2857142857142857,LÅG,VÄNTA,8.0,0.875,,2026-08-12,0,True
DRI,"Darden Restaurants, Inc.",Consumer Cyclical,Restaurants,United States,USD,24385306026.791,-8.754229499999997,-3.485568499999996,1.8173,0.6003871499999995,1.8458474,2.438,-3.7255,0.334560015,0.0018399969999999856,0.007674997500000003,0.03680000499999998,-0.27437,0.06200000000000001,0.257,0.333,278.49,-0.9595,0.115,-685379712.0,219500000.0,8046499840.0,32212305920.0,12862400000.0,,13210900000.0,,,1606600000.0,,1206700000.0,1848300000.0,2.9,0.5747,6.12,3.0,1.62,1783641600.0,0.585,217.61991927860964,165.13101321475466,213.75999450683594,228.54167,1.96429,24.0,3.44,0.0678,0.00301,1.00572,False,False,,0.325,1331964.0,1293390.0,0.89,11.83,10.82,,,0.0,0.268,77.4,7.49,,True,0.9410602190175286,,0.493,US,True,,54.56047543161152,78.3758639021797,54.07961600717643,40.69604384593637,79.00763358778626,67.52941176470588,31.800766283524908,50.0,25.287356321839084,32.5,59.135443849019644,standard,67,276475039,False,53.9,False,36.97654941373534,79.81574539363484,68.00670016750419,50.041876046901166,50.041876046901166,50.041876046901166,2,SVAG,-8,UPPTREND,False,2,0.2857142857142857,LÅG,VÄNTA,-4.7,0.875,SUSPICIOUS_FWD_PE;,2026-08-12,0,True
INGA.AS,ING Groep N.V.,Financial Services,Banks - Diversified,Netherlands,EUR,,-2.0824059999999998,-2.8414861249999994,2.2995,-3.6629842000000004,3.4555123,4.077,,-0.033225005999999994,-0.014684999999999998,0.07095874849999996,0.0681412475,-0.42923000000000006,0.0165,0.01949999999999999,0.162,,,,,247878991872.0,262074007552.0,102802661376.0,1054405000000.0,,22903000000.0,,,,,6327000000.0,-6380000000.0,3.69,0.4701,1.14,5.6,0.4,1785715200.0,0.899,31.104999542236328,19.229786048552473,,31.3645,2.05,20.0,,,0.00717,0.53404,False,False,,0.5,6957571.0,6205740.0,0.07,7.22,21.51,29.54,,-0.02,0.2732,67.0,9.25,,True,,,0.94,Europe,True,,42.0503567532873,89.15721202648199,57.54613088921526,58.587467362924286,,67.52941176470588,,50.0,,50.0,58.9231174131521,standard,68,,True,45.3,False,36.97654941373534,50.041876046901166,40.36850921273032,50.041876046901166,50.041876046901166,50.041876046901166,3,SVAG,-8,UPPTREND,False,2,0.2857142857142857,LÅG,VÄNTA,-4.0,0.75,SUSPICIOUS_FWD_PE;,2026-08-12,0,True
TITAN.NS,Titan Company Limited,Consumer Cyclical,Luxury Goods,India,INR,4382890629660.0,43.74593800000001,18.122110000000006,,18.245230825000004,5.004214,5.314,18.1505,0.216084985,0.03045499699999999,-0.037307505999999976,-0.050635009999999994,0.0,0.7300000000000001,0.248,0.352,151.16075,0.266,0.129,0.0,38610001920.0,306210013184.0,4654151237632.0,605610000000.0,,873050000000.0,,,75540000000.0,,50730000000.0,55900000000.0,0.3,0.1924,15.0,0.28,15.0,1783555200.0,0.18,5005.0,3292.2971645749917,4941.0,5094.973,1.80556,37.0,,,0.58706003,0.22291,False,False,,0.5,1017723.0,912423.0,0.48,9.49,20.64,,,-2.22,0.2793,68.1,10.18,,True,0.7978287302602488,,0.805,India,True,42.460353708355534,55.93001327144242,73.21817495841265,74.67401536310874,63.269718406479186,12.977099236641221,67.52941176470588,47.31800766283525,50.0,,50.0,58.771172240828356,standard,69,47258261,False,36.9,False,36.97654941373534,5.6951423785594635,28.726968174204355,50.041876046901166,50.041876046901166,50.041876046901166,3,SVAG,-8,UPPTREND,False,4,0.5714285714285714,MEDEL,VÄNTA,-4.3,0.875,,2026-08-12,0,True
ICE,Intercontinental Exchange Inc.,Financial Services,Financial Data & Stock Exchanges,United States,USD,84377593109.34001,0.9444175000000001,0.0,2.7382,-6.767571150000001,7.9918156,9.845,2.677999999999999,-0.05305999,-0.0072999999999999975,0.11871250149999998,0.14739752999999994,0.50895001,-0.0465,-0.059500000000000025,0.126,-7.982500000000007,-0.5805,0.024,2157270400.0,1067000000.0,20526999552.0,103938588672.0,136887000000.0,,12640000000.0,,,4999000000.0,,3315000000.0,4662000000.0,1.39,0.2821,2.08,1.23,0.52,1789516800.0,0.93,186.96017317735294,121.79000091552734,150.3000030517578,185.85715,1.46667,14.0,1.78,0.018099999,0.00813,0.95803,False,False,,0.687,4554341.0,5177230.0,1.06,9.91,-2.57,,,-9.52,0.2522,68.9,7.92,,True,0.6709735317626982,,0.881,US,True,79.53718504985918,65.4809290357263,26.495858414364356,44.42406417755441,45.92793789115985,53.43511450381679,67.52941176470588,77.01149425287356,50.0,78.44827586206897,68.7,58.732076690972505,standard,70,778137685,False,51.5,False,89.86599664991624,28.559463986599663,15.07537688442211,50.041876046901166,50.041876046901166,50.041876046901166,4,NEUTRAL,0,UPPTREND,False,3,0.42857142857142855,LÅG,VÄNTA,6.3,0.875,SUSPICIOUS_FWD_PE;,2026-08-12,0,True
CL,Colgate-Palmolive Company,Consumer Defensive,Household & Personal Products,United States,USD,74352307084.77374,9.145447249999998,2.354174499999999,2.3189,304.24023482499996,3.5326796,3.853,-0.3250000000000002,2.4492000150000006,0.08548999999999998,0.0090350025,0.088694995,0.11326001000000002,0.010500000000000002,-0.107,-0.067,1263.501,0.1150000000000001,0.555,1982020224.0,1452999936.0,7856999936.0,81086308352.0,16330000000.0,,20382000000.0,,,4233000000.0,,2132000000.0,4198000000.0,2.28,0.8228,2.12,2.32,0.53,1784505600.0,0.327,98.15380175270234,73.21888235953229,93.2699966430664,98.95,2.04762,20.0,3.19,0.0233,0.00145,0.88151,False,False,,0.778,5136404.0,5343150.0,0.6,1.99,6.17,,,-5.77,0.242,52.5,1.66,,True,0.7907715647014281,,0.873,US,True,,75.40287459095165,45.7553034590386,41.50429071902971,55.09943706241373,56.10687022900763,67.52941176470588,80.84291187739464,50.0,65.51724137931035,77.8,58.61728288977237,standard,71,498355583,False,55.8,False,90.78726968174205,30.569514237855945,39.7822445561139,50.041876046901166,50.041876046901166,50.041876046901166,3,SVAG,-8,UPPTREND,False,2,0.2857142857142857,LÅG,VÄNTA,-2.2,0.875,,2026-08-12,0,True
FDS,FactSet Research Systems Inc.,Financial Services,Financial Data & Stock Exchanges,United States,USD,10156452374.999817,-2.1093255000000006,-2.58455,1.2113,-4.6261734500000005,4.1651115,4.684,-0.5540000000000003,0.07632001,0.08177000999999999,-0.031647498500000024,-0.07344246999999998,0.022770010000000063,-0.0305,-0.2975,-0.147,0.0754999999999999,-0.9094999999999998,0.558,-855193344.0,304236000.0,1570642048.0,11422858240.0,4304272000.0,,2321748000.0,,,748303000.0,,597040000.0,726260000.0,1.69,0.2938,4.64,1.0,1.16,1780012800.0,0.687,383.41773863936277,183.15659037432607,285.57000732421875,255.0625,3.33333,16.0,5.01,0.1625,0.0043200003,1.10594,False,False,,0.66,965406.0,1036740.0,0.57,12.01,31.68,,,-0.92,0.5181,70.1,12.51,,True,0.9226599208838449,,0.681,US,True,,56.87436387155375,85.51731234243968,27.92520884093282,47.23256930701302,85.87786259541986,67.52941176470588,18.773946360153257,50.0,6.896551724137931,66.0,58.42644269330586,standard,72,296061849,False,50.2,False,36.97654941373534,88.77721943048577,34.25460636515913,50.041876046901166,50.041876046901166,50.041876046901166,2,SVAG,-8,UPPTREND,False,2,0.2857142857142857,LÅG,VÄNTA,-14.0,0.875,SUSPICIOUS_FWD_PE;,2026-08-12,0,True
ASIANPAINT.NS,Asian Paints Limited,Basic Materials,Specialty Chemicals,India,INR,2621892146825.0,14.734279750000002,5.647735499999996,,3.252168075000001,7.050575,6.946,-0.5639999999999965,,,0.0059024890000000385,0.0,0.23863999000000002,0.074,0.08100000000000002,0.4,-5.870249999999999,,,,86016401408.0,39289298944.0,2583112712192.0,345344900000.0,,355409000000.0,,,56071900000.0,,43253500000.0,70881800000.0,1.0,0.5534,27.5,0.88,23.0,1782172800.0,0.289,2960.0187763517797,2096.8080953222207,2735.0,3021.4412,2.38235,34.0,,,0.52881,0.26722,False,False,,0.5,1251456.0,1349411.0,0.27,3.65,5.97,,,-2.58,0.2457,56.2,1.44,,True,0.6182550778214335,,0.795,India,True,,59.553872053872055,54.01425117044812,64.56210877697882,82.13087467362925,16.030534351145036,67.52941176470588,,50.0,,50.0,58.210146145933926,standard,73,38687283,False,35.6,False,36.97654941373534,7.6214405360134005,18.090452261306535,50.041876046901166,50.041876046901166,50.041876046901166,3,SVAG,-8,UPPTREND,False,3,0.42857142857142855,LÅG,VÄNTA,-7.2,0.75,,2026-08-12,0,True
PM,Philip Morris International Inc,Consumer Defensive,Tobacco,United States,USD,297414627845.6058,-4.118643000000002,-4.095700249999999,2.5028,,6.990589,8.05,-3.3834999999999993,,0.06143000000000001,0.1591450015,0.27713749,0.1447200600000001,0.077,-0.11,-0.073,,0.13074999999999992,0.47,7809992128.0,6002999808.0,49138999296.0,342476619776.0,69185000000.0,,40648000000.0,,,14933000000.0,,11348000000.0,12233000000.0,3.06,0.80730003,5.88,4.57,1.47,1782345600.0,0.405,207.75999450683594,138.43186351111862,190.82000732421875,203.8,1.75,15.0,3.24,0.0112,0.0016300001,0.84122,False,False,,0.493,5091598.0,5787760.0,0.72,5.84,0.45,,,-6.97,0.3214,38.0,1.4,,True,0.5728294728938331,,0.737,US,True,,82.04182785299807,33.9622884189947,43.000259636254555,62.63021153814173,29.770992366412212,67.52941176470588,78.544061302682,50.0,86.7816091954023,49.3,57.98106077022875,standard,74,1104420406,False,49.6,False,84.68619246861925,22.343096234309623,17.322175732217573,50.04184100418409,50.04184100418409,50.04184100418409,3,SVAG,-8,UPPTREND,False,3,0.42857142857142855,LÅG,VÄNTA,0.0,0.5,SUSPICIOUS_FWD_PE;,2026-08-12,0,True
WKL.AS,Wolters Kluwer N.V.,Industrials,Specialty Business Services,Netherlands,EUR,,-16.277361,-9.231442875,2.02,12.882817000000003,2.5571282,3.226,-10.3865,1.2381449960000004,0.03690500000000001,0.10403125149999999,0.09330874249999996,0.31151996,-0.099,-0.023000000000000007,0.049,518.1992499999999,-0.51,0.675,453374976.0,1494000000.0,5548000256.0,19695855616.0,9584000000.0,,6125000000.0,,,1687000000.0,,1308000000.0,1668000000.0,3.73,0.4309,2.6,1.85,1.01,1788134400.0,0.185,114.36461413421972,54.477907935716324,,92.76667,1.73333,15.0,,,0.00238,0.72524,False,False,,0.5,1193821.0,1425128.0,0.15,13.61,16.66,18.08,,-6.07,0.4128,67.6,11.45,,True,,,0.5,Europe,True,,81.13170328043874,62.42877477172893,28.605854832913103,39.20643470090303,,67.52941176470588,78.9272030651341,50.0,,50.0,57.971058877595254,standard,75,,True,48.1,False,36.97654941373534,50.041876046901166,58.62646566164153,50.041876046901166,50.041876046901166,50.041876046901166,2,SVAG,-8,UPPTREND,False,3,0.42857142857142855,LÅG,VÄNTA,,0.875,SUSPICIOUS_FWD_PE;,2026-08-12,0,True
GTT.PA,Gaztransport & Technigaz SA,Energy,Oil & Gas Equipment & Services,France,EUR,,2.967468000000001,3.6079158750000033,,6.665673825000001,9.111366,8.764,1.463,0.5920900339999999,0.29743999899999995,0.43518624600000005,0.3902737274999999,0.5384600000000002,-0.316,-0.8995000000000001,0.169,-32.74025,0.8690000000000004,1.868,-462871968.0,381900000.0,102300000.0,7026481664.0,1045800000.0,,803000000.0,,,521300000.0,,413600000.0,423200000.0,4.37,0.75,8.6,3.63,4.3,1796688000.0,0.445,209.66549742538493,140.2910081113989,,223.18182,1.72727,11.0,,,0.01476,0.52927,False,False,,0.5,95533.0,106007.0,0.05,8.44,-0.0,17.97,,-1.32,0.2538,67.2,6.14,,True,,,0.5,Europe,True,42.69467915049098,96.63432585301312,56.584145276844765,20.999448184527093,75.05231910329115,,67.52941176470588,20.689655172413794,50.0,,50.0,57.917577732243686,standard,76,,True,41.2,False,36.97654941373534,50.041876046901166,12.73031825795645,50.041876046901166,50.041876046901166,50.041876046901166,2,SVAG,-8,UPPTREND,False,3,0.42857142857142855,LÅG,VÄNTA,-12.5,0.875,,2026-08-12,0,True
SLM,SLM Corporation,Financial Services,Credit Services,United States,USD,5145560157.775879,-12.570866800000001,-8.939862,0.51,,3.0519373,3.912,,0.10933000999999998,-0.0037400000000000003,0.17250250149999996,-0.08675247000000003,0.50895001,-0.013499999999999998,-0.2955,-0.179,158.9495,-0.25849999999999995,1.314,,4644066816.0,5844118016.0,6595229184.0,29746295000.0,,1984393000.0,,,,,744847000.0,-398581000.0,1.9,0.14479999,0.52,2.01,0.13,1788480000.0,0.972,32.47352474224866,17.54623391365214,27.3700008392334,28.54545,2.09091,11.0,5.99,0.1169,0.01302,1.1341001,False,False,,0.73,2796593.0,2568480.0,0.58,6.38,24.14,,,-2.51,0.4191,66.5,10.42,,True,0.8655427745993791,,0.468,US,True,,66.15386821127488,75.64074531392018,19.20847093347369,34.77694637541368,92.36641221374046,67.52941176470588,,50.0,13.793103448275861,73.0,57.854008981838604,standard,77,70299300,False,52.6,False,36.97654941373534,93.96984924623115,44.72361809045226,50.041876046901166,50.041876046901166,50.041876046901166,1,SVAG,-8,UPPTREND,False,3,0.42857142857142855,LÅG,VÄNTA,-10.1,0.75,SUSPICIOUS_FWD_PE;,2026-08-12,0,True
ULVR.L,Unilever PLC,Consumer Defensive,Household & Personal Products,United Kingdom,GBp,,1.5097097499999936,1.9175745000000006,11.7257,1.484369495,1.9874967,2.545,0.062249999999999694,0.09744002499999999,0.015059999999999997,0.051900005999999985,-0.006385020000000005,-0.012669980000000025,-0.0335,-0.108,-0.056,44.948999999999984,-0.12874999999999986,0.568,5862437408.0,5943000064.0,32110000128.0,128839106560.0,70471000000.0,,50503000000.0,,,10127000000.0,,9469000000.0,8350000000.0,3.5,0.7896,1.65,3.58,0.3982,1785974400.0,0.454,68829.37585145858,45930.422175515276,,5254.2188,2.35294,15.0,,,0.02438,0.51267,False,False,,0.5,4803445.0,4585334.0,0.04,0.19,8.57,-14.69,,-16.52,0.2646,51.2,0.2,,False,,,0.5,UK,True,92.72880667833854,58.45112824639119,26.62007740106212,26.76001969556765,62.961238795296936,,67.52941176470588,90.03831417624522,50.0,,50.0,57.839115399514235,standard,78,,True,49.1,False,36.97654941373534,50.041876046901166,65.66164154103853,50.041876046901166,50.041876046901166,50.041876046901166,3,SVAG,-8,UPPTREND,False,3,0.42857142857142855,LÅG,VÄNTA,,0.875,SUSPICIOUS_FWD_PE;,2026-08-12,0,True
SHW,The Sherwin-Williams Company,Basic Materials,Specialty Chemicals,United States,USD,89754973836.2507,7.740462249999997,6.6965739999999965,2.69,13.367363400000006,3.6769302,4.259,5.923999999999998,0.47563000600000005,0.03376999999999999,-0.0005350094999999749,0.013945015000000005,-0.0012300199999999983,-0.03,-0.17500000000000002,0.118,324.0640000000001,-0.9309999999999998,0.413,1029682816.0,293500000.0,15031700480.0,103965605888.0,25901700000.0,,23574300000.0,,,3796700000.0,,2568500000.0,3451600000.0,0.88,0.2934,3.2,0.87,0.8,1787270400.0,1.093,376.951782499269,289.8599853515625,369.7300109863281,390.09525,2.0,21.0,2.49,0.027999999,0.06375,0.83586997,False,False,,0.29,2422251.0,2385210.0,0.58,10.93,17.26,,,-1.72,0.3206,68.8,10.08,,True,0.9237548368340777,,0.882,US,True,65.85877039405241,63.30519886019685,72.99201694362984,42.29131364625515,27.134785925728824,51.908396946564885,67.52941176470588,65.13409961685824,50.0,59.195402298850574,28.999999999999996,57.72819875710916,standard,79,881883720,False,53.5,False,84.33835845896147,27.30318257956449,38.52596314907873,50.041876046901166,50.041876046901166,50.041876046901166,4,NEUTRAL,0,UPPTREND,False,4,0.5714285714285714,MEDEL,VÄNTA,-0.8,0.875,,2026-08-12,0,True
MASI,Masimo Corporation,Healthcare,Medical Devices,United States,USD,9423817728.0,12.553638499999995,5.670773499999999,4.83,1.1995419499999986,6.046723,6.278,8.672999999999998,0.06669750800000002,0.03181499899999999,-0.06437500349999999,0.053324994999999986,0.12525000999999997,-0.001999999999999988,,,-6.6145000000000085,0.9039999999999997,1.271,-1148429696.0,124600000.0,485900000.0,9784526848.0,,,,,,,,,,,0.0,,,1.0,1353628800.0,1.098,179.99,125.94,179.95,180.0,3.0,3.0,3.84,0.0734,0.06215,1.04782,False,False,,0.5,946426.0,854373.0,,,,,,0.0,,,,,,,,0.956,US,True,25.072441704092764,59.29788363650266,97.6608187134503,64.08446455505279,55.21943756132444,87.02290076335878,12.352941176470589,12.260536398467432,50.0,24.137931034482758,50.0,57.660621415243355,standard,80,153744421,False,48.6,False,36.97654941373534,89.36348408710218,22.69681742043551,50.041876046901166,50.041876046901166,50.041876046901166,3,SVAG,-8,UPPTREND,False,2,0.2857142857142857,LÅG,VÄNTA,-10.9,0.875,EXTREME_EARNINGS_GROWTH;,2026-08-12,0,True
0005.HK,HSBC Holdings plc,Financial Services,Banks - Diversified,United Kingdom,HKD,2764219424675.1787,1.2635005000000001,1.139489000000001,1.0557,-0.24832509999999974,40.992695,35.371,,0.013079987500000008,-0.0018199999999999987,0.06116,0.18006257049999996,-0.38651,0.1595,,0.672,,,,,1219653009408.0,837577998336.0,2385160699904.0,3233034000000.0,,71020000000.0,,,,,22285000000.0,29766000000.0,3.64,0.535,5.87,5.08,0.1,1786579200.0,0.577,169.6999969482422,92.89868392798238,161.1999969482422,177.29305,1.81818,10.0,,,0.00198,0.5306,False,False,,0.5,15185504.0,17932668.0,0.44,3.93,15.03,,,-4.04,0.3146,49.8,5.21,,False,0.5335257030855575,,1.0,Asia,True,,53.62481846624761,62.52979712232684,85.39482538577562,62.09105744125326,15.267175572519085,67.52941176470588,,50.0,,50.0,57.62547881054503,standard,81,368386782,False,33.3,False,36.97654941373534,7.45393634840871,2.554438860971524,50.041876046901166,50.041876046901166,50.041876046901166,2,SVAG,-8,UPPTREND,False,4,0.5714285714285714,MEDEL,VÄNTA,6.1,0.75,EXTREME_EARNINGS_GROWTH;SUSPICIOUS_FWD_PE;,2026-08-12,0,True
DNB.OL,DNB Bank ASA,Financial Services,Banks - Regional,Norway,NOK,,-2.8315575000000024,-4.085022500000006,5.22,-4.9621005,5.0219173,14.812,,-0.05702,-0.009774999999999999,0.17319750499999995,0.13835000000000003,-0.40976003000000005,-0.0865,-0.2445,-0.061,,,,,593617027072.0,1445948948480.0,1298758238208.0,3695290000000.0,,89445000000.0,,,,,43547000000.0,72590000000.0,5.83,0.6529,18.0,5.9,18.0,1776816000.0,0.338,309.79998779296875,242.37177426885742,,305.70587,3.11765,17.0,,,0.45593,0.45528,False,False,,0.5,1701333.0,1145888.0,0.08,3.18,10.53,,,-1.07,0.1628,63.9,3.15,,True,,,0.901,Nordic,True,,48.8072732833873,66.16633225291969,31.34192467577304,91.40323107049608,,67.52941176470588,,50.0,,50.0,57.542492602993434,standard,82,,True,43.6,False,36.97654941373534,50.041876046901166,28.643216080402013,50.041876046901166,50.041876046901166,50.041876046901166,1,SVAG,-8,UPPTREND,False,3,0.42857142857142855,LÅG,VÄNTA,-10.5,0.75,SUSPICIOUS_FWD_PE;,2026-08-12,0,True
SPGI,S&P Global Inc.,Financial Services,Financial Data & Stock Exchanges,United States,USD,120334412719.72656,4.499067499999999,3.087952999999999,1.9607,-5.8334240500000005,7.4639874,8.503,4.032,-0.05144999,0.04131,0.041612501499999996,0.06903753000000001,0.21798001000000006,0.009499999999999995,-0.024500000000000022,0.135,-34.22850000000001,-0.6385000000000001,0.83,3971895168.0,4134000128.0,15747999744.0,137087410176.0,61200000000.0,,15336000000.0,,,6177000000.0,,4471000000.0,5651000000.0,0.96,0.2349,3.88,0.82,0.917692,1787702400.0,1.072,543.2673929523845,359.357471076973,408.19000244140625,516.95,1.33333,20.0,1.99,0.0172,0.00275,0.90742,False,False,,0.467,2358370.0,2571290.0,0.63,-6.88,2.08,,,-10.65,0.3028,37.3,-1.07,,False,0.19234020614042038,,0.523,US,True,82.85478673466798,62.1800125473349,30.45994752276586,43.90758311189968,35.15363955364122,44.274809160305345,67.52941176470588,85.44061302681992,50.0,79.3103448275862,46.7,57.533089188680634,standard,83,1049574871,False,51.4,False,91.4572864321608,23.785594639865998,16.499162479061976,50.041876046901166,50.041876046901166,50.041876046901166,3,SVAG,-8,VARNING,False,3,0.42857142857142855,LÅG,VÄNTA,-10.0,0.875,,2026-08-12,0,True
BAC,Bank of America Corporation,Financial Services,Banks - Diversified,United States,USD,441731901412.9453,-5.639523500000001,-5.152414,1.072,-8.047797250000002,3.877188,3.402,,-0.08200998500000001,-0.01933,0.03149250149999998,0.004187529999999995,-0.49104999000000005,0.07350000000000001,0.1395,0.266,,,,,868142022656.0,788985020416.0,387570925568.0,3411738000000.0,,113097000000.0,,,,,30509000000.0,12613000000.0,2.03,0.2587,1.28,2.35,0.28,1788480000.0,1.168,63.970001220703125,44.02106601735619,63.16999816894531,68.77273,1.54167,22.0,0.0,0.0,0.07458,0.71639997,False,False,,0.492,35801441.0,28531630.0,0.78,5.58,26.69,,,0.0,0.2189,67.9,8.71,,False,0.8588847256276824,,0.933,US,True,,31.689812039069363,94.87146507520022,67.60054148661918,59.31853785900783,24.045801526717558,67.52941176470588,,50.0,98.85057471264368,49.2,57.36157848544195,standard,84,1802343015,False,39.3,False,36.97654941373534,13.819095477386934,36.68341708542713,50.041876046901166,50.041876046901166,50.041876046901166,2,SVAG,-8,UPPTREND,False,3,0.42857142857142855,LÅG,VÄNTA,-6.6,0.75,SUSPICIOUS_FWD_PE;,2026-08-12,0,True
ISP.MI,INTESA SANPAOLO,Financial Services,Banks - Regional,Italy,EUR,,-3.095826999999999,-2.8292531249999993,1.9781,-3.679437,4.5776362,0.411,,-0.061735006,-0.012635000000000002,0.0956387285,0.17438124749999995,-0.42923000000000006,-0.0575,-0.09850000000000002,0.074,,,,,210714001408.0,102670999552.0,10736883712.0,959887000000.0,,28529000000.0,,,,,9321000000.0,8235000000.0,5.59,0.6664,0.38,6.15,0.19,1779062400.0,0.843,6.863999843597412,4.654029173265297,,7.10857,1.66667,14.0,,,0.05559,0.38605,False,False,,0.5,56867173.0,54755924.0,0.12,7.96,23.55,21.17,,-0.1,0.269,71.6,10.07,,True,,,0.716,Europe,True,,46.0260907521044,85.0330861366515,36.92352332764539,60.96932114882507,,67.52941176470588,,50.0,,50.0,57.35278361657121,standard,85,,True,43.9,False,36.97654941373534,50.041876046901166,31.072026800670017,50.041876046901166,50.041876046901166,50.041876046901166,2,SVAG,-8,UPPTREND,False,3,0.42857142857142855,LÅG,VÄNTA,-11.8,0.75,SUSPICIOUS_FWD_PE;,2026-08-12,0,True
RY.TO,Royal Bank of Canada,Financial Services,Banks - Diversified,Canada,CAD,409380622178.55457,-8.55713475,1.2187552500000018,2.3424,-2.3440270500000002,6.229448,1.666,,0.013244997500000008,-0.016870000000000003,0.12079249699999997,0.10517252500000002,-0.4001,0.0665,0.07350000000000001,0.256,,,,,794214006784.0,483078995968.0,109473488896.0,2325006000000.0,,66532000000.0,,,,,20362000000.0,55220000000.0,2.37,0.41349998,7.04,3.47,1.76,1785110400.0,0.932,304.5521703886905,176.70084150252669,294.5899963378906,276.96155,2.14286,13.0,2.25,,0.00027000002,0.49745998,False,False,,0.5,3376964.0,3490540.0,0.72,-1.0,18.01,,,-3.55,0.1609,45.6,1.95,,False,0.3814104618257855,,0.945,Canada,True,,49.39815514785406,67.5117044811442,65.78334627977327,73.45283942558747,25.572519083969464,67.52941176470588,,50.0,,50.0,57.309396220873616,standard,86,738228269,False,37.2,False,36.97654941373534,14.40536013400335,21.85929648241206,50.041876046901166,50.041876046901166,50.041876046901166,1,SVAG,-8,UPPTREND,False,4,0.5714285714285714,MEDEL,VÄNTA,-1.9,0.75,SUSPICIOUS_FWD_PE;,2026-08-12,0,True
B3SA3.SA,"B3 S.A. - Brasil, Bolsa, Balcão",Financial Services,Financial Data & Stock Exchanges,Brazil,BRL,,4.529173000000001,0.0074654999999985705,1.21,0.37908399999999975,7.080419,7.157,4.919,0.032219990000000004,0.060904997,0.154447497,0.23244252499999996,0.64711,0.10850000000000001,0.1875,0.335,0.0,0.18150000000000033,1.859,0.0,14980616192.0,15579192320.0,75531804672.0,48487647000.0,,10067381000.0,,,6539094000.0,,4585619000.0,4358630000.0,5.76,0.66120005,0.88,3.06,0.221177,1782345600.0,0.11,20.030828945113228,11.499728453128654,,19.89286,1.85714,14.0,,,0.0,0.65445,False,False,,0.5,38487301.0,32769820.0,1.24,-7.33,-16.17,,,-26.9,0.3805,38.8,-5.33,,False,,,0.655,LatAm,True,55.175585496435005,82.65788874580525,7.615629984051036,64.37621611640759,74.41007550182103,,67.52941176470588,47.31800766283525,50.0,,50.0,57.09834566054232,standard,87,,True,42.0,False,36.97654941373534,50.041876046901166,17.922948073701843,50.041876046901166,50.041876046901166,50.041876046901166,6,NEUTRAL,0,VARNING,False,4,0.5714285714285714,MEDEL,VÄNTA,15.2,0.875,SUSPICIOUS_FWD_PE;,2026-08-12,0,True
FPH.NZ,Fisher & Paykel Healthcare Corp,Healthcare,Medical Instruments & Supplies,New Zealand,NZD,,20.906353499999994,17.4679705,43.64,0.8251144499999992,,10.466,13.878,0.05073751800000001,0.07702499899999998,0.08961499650000002,0.104354995,0.14580001000000004,0.05300000000000002,-0.0030000000000000027,0.141,-61.300500000000014,0.5439999999999998,1.615,-1076942176.0,461100000.0,146100000.0,24160266240.0,2853600000.0,,2308400000.0,,,477800000.0,,468500000.0,,1.25,0.5422,0.52,1.47,0.33,1782086400.0,0.892,43.189998626708984,31.88340762441554,41.70000076293945,40.29545,2.41667,11.0,,,0.036510002,0.38022998,False,False,,0.5,491662.0,319642.0,1.19,6.8,24.7,,,-1.79,0.3175,63.3,6.77,,True,0.7559777084663727,,0.5,US,True,29.283956255867647,73.07751773628931,78.63910754403113,44.923700722170814,56.57101716807193,,67.52941176470588,24.521072796934863,50.0,,50.0,57.052589889767276,standard,88,13329072,False,46.8,False,36.97654941373534,50.041876046901166,50.041876046901166,50.041876046901166,50.041876046901166,50.041876046901166,3,SVAG,-8,UPPTREND,False,3,0.42857142857142855,LÅG,VÄNTA,-2.6,0.875,,2026-08-12,0,True
PSA,Public Storage,Real Estate,REIT - Industrial,United States,USD,61327302503.39441,-1.7518439999999984,7.583534250000001,4.7541,2.7982467250000007,12.489156,14.671,-0.7544999999999993,0.0956850125,0.03282999999999999,0.16973998249999994,0.090194985,0.2531500099999999,-0.0315,0.4045,0.395,7.8824999999999985,-0.4890000000000001,0.13,857885568.0,259936000.0,10180214784.0,72039792640.0,20208604000.0,,4824113000.0,,,2260491000.0,,1784348000.0,3186449000.0,3.67,1.145,12.0,3.49,3.0,1781481600.0,0.945,335.54998779296875,251.61751865534993,328.3999938964844,336.41177,2.52381,17.0,6.77,0.0499,0.0956,0.81635004,False,False,,0.731,1061161.0,1201210.0,0.58,1.93,5.41,,,-1.62,0.2467,64.3,1.83,,True,0.7745375619437439,,0.687,US,True,,76.03530284782794,56.93436915847782,59.103737064171895,57.83417767041958,60.68702290076335,29.64705882352941,67.43295019157088,50.0,33.90804597701149,73.1,56.83300367827938,standard,89,394477357,False,56.0,False,87.10217755443887,69.43048576214406,8.710217755443885,50.041876046901166,50.041876046901166,50.041876046901166,6,NEUTRAL,0,UPPTREND,False,1,0.14285714285714285,LÅG,VÄNTA,8.1,0.875,,2026-08-12,0,True
PKO.WA,Powszechna Kasa Oszczednosci Bank Polski Spólka Akcyjna,Financial Services,Banks - Regional,Poland,PLN,,-2.5923670000000003,-0.8025141250000001,1.45,-3.1229444000000006,4.671215,5.171,,-0.018175005999999987,-0.0035650000000000005,0.09406874849999992,0.17163124750000003,-0.42923000000000006,-0.0915,-0.18050000000000002,0.021,,,,,24504000512.0,39096999936.0,150831005696.0,583079000000.0,,31050000000.0,,,,,10682000000.0,11852000000.0,5.6,0.638,6.14,3.87,6.14,1785801600.0,0.63,110.0999984741211,64.08071491687332,,109.38533,1.86667,15.0,,,0.31393,0.36993998,False,False,,0.5,2389486.0,2880587.0,0.06,4.32,15.27,,,-1.02,0.283,69.0,7.7,,True,,,0.903,Europe,True,,50.92349630386563,73.2766973641337,34.864666017222305,64.5675587467363,,67.52941176470588,,50.0,,50.0,56.7001226099261,standard,90,,True,43.8,False,36.97654941373534,50.041876046901166,30.485762144053602,50.041876046901166,50.041876046901166,50.041876046901166,2,SVAG,-8,UPPTREND,False,3,0.42857142857142855,LÅG,VÄNTA,-9.5,0.75,SUSPICIOUS_FWD_PE;,2026-08-12,0,True
KIMBERA.MX,"Kimberly-Clark de México, S. A. B. de C. V.",Consumer Defensive,Household & Personal Products,Mexico,MXN,,-3.5176342499999995,0.0,2.41,25.553830574999996,2.163982,2.4,0.0,1.6766099950000002,0.077644997,0.0018499919999999948,0.05396999000000002,0.09807001999999998,-0.0115,0.045000000000000005,0.09,690.1795,0.4730000000000003,1.488,2608483840.0,19581583360.0,32849412096.0,134984073216.0,45633156000.0,,55371444000.0,,,12091264000.0,,7581467000.0,9812087000.0,5.48,0.80300003,2.2,5.08,0.55,1790726400.0,0.192,42.79674829699097,32.263011305519406,,43.125,2.41667,12.0,,,0.0,0.39265,False,False,,0.5,3797474.0,2512869.0,1.45,3.43,4.4,,,-7.26,0.2362,60.9,3.05,,True,,,0.512,LatAm,True,,72.50528164016723,38.87624118948398,43.06939504045232,61.00859685519948,,67.52941176470588,76.24521072796935,50.0,,50.0,56.64460588867914,standard,91,,True,48.9,False,36.97654941373534,50.041876046901166,64.15410385259631,50.041876046901166,50.041876046901166,50.041876046901166,3,SVAG,-8,UPPTREND,False,3,0.42857142857142855,LÅG,VÄNTA,1.7,0.875,SUSPICIOUS_FWD_PE;,2026-08-12,0,True
SEB-A.ST,Skandinaviska Enskilda Banken AB (publ),Financial Services,Banks - Regional,Sweden,SEK,,0.29721849999999783,-0.9732745000000058,2.3237,-4.7749649000000005,5.8588095,8.538,,-0.06688999999999999,-0.013275000000000004,0.11280750499999995,0.08976997000000005,-0.40976003000000005,-0.07150000000000001,-0.1255,0.05,,,,,958754979840.0,1158076956672.0,636407644160.0,3670681000000.0,,77063000000.0,,,,,31063000000.0,34721000000.0,3.77,0.5421,8.5,4.95,11.0,1774396800.0,0.434,228.0,162.4267927822348,,207.35294,2.70588,17.0,,,0.00988,0.73033,False,False,,0.5,2375595.0,2226638.0,0.08,8.05,23.85,,,-3.04,0.1992,54.3,8.49,,True,,,0.552,Nordic,True,,43.92636869353048,73.22674966987361,30.700544599424415,85.68113577023499,,67.52941176470588,,50.0,,50.0,56.62277168290314,standard,92,,True,42.8,False,36.97654941373534,50.041876046901166,23.450586264656618,50.041876046901166,50.041876046901166,50.041876046901166,0,SVAG,-8,UPPTREND,False,3,0.42857142857142855,LÅG,VÄNTA,-11.3,0.75,SUSPICIOUS_FWD_PE;,2026-08-12,0,True
DANSKE.CO,Danske Bank A/S,Financial Services,Banks - Regional,Denmark,DKK,,-1.0906930000000017,-3.5908075000000057,6.9181,-4.8987399,5.236585,22.209,,-0.06820000999999999,-0.014404999600000004,0.10546750499999996,0.10473000000000006,-0.40976003000000005,-0.014499999999999999,-0.049500000000000016,0.137,,,,,597056028672.0,1576987000832.0,1282844000256.0,3753911000000.0,,56845000000.0,,,,,23037000000.0,22555000000.0,4.49,0.5841,16.94,5.27,6.14,1777852800.0,0.595,379.5,234.53162597468966,,382.625,2.0,16.0,,,0.21534,0.33893,False,False,,0.5,984260.0,683209.0,0.09,-1.07,15.32,,,-1.83,0.2162,57.0,3.97,,True,,,0.724,Nordic,True,,43.84219264387872,69.5494846598412,44.99329632632386,78.49249347258485,,67.52941176470588,,50.0,,50.0,56.48926847191614,standard,93,,True,43.3,False,36.97654941373534,50.041876046901166,27.051926298157454,50.041876046901166,50.041876046901166,50.041876046901166,1,SVAG,-8,UPPTREND,False,3,0.42857142857142855,LÅG,VÄNTA,-8.0,0.75,SUSPICIOUS_FWD_PE;,2026-08-12,0,True
MUFG,"Mitsubishi UFJ Financial Group, Inc.",Financial Services,Banks - Diversified,Japan,USD,253616859764.00873,-3.4112425,4.755094,1.8585,-7.895622050000001,0.034931242,-4.543,,-0.09941000000000001,-0.023870000400000008,0.010712501499999957,0.07713749999999997,-0.49104999000000005,0.19349999999999998,0.3075,0.482,,,,,143103679791104.0,108380647587840.0,-32987630534656.0,431731548000000.0,,7521125000000.0,,,,,2427229000000.0,-23064420000000.0,2.39,0.1574,0.54,3.23,0.269,1774915200.0,0.321,23.25,14.40999984741211,22.489999771118164,21.58761,2.5,2.0,2.06,0.0007,2.0000001e-05,0.032479998,False,False,,0.879,3385879.0,3597660.0,0.49,-1.69,19.83,,,-4.24,0.2757,46.6,4.51,,False,0.5975196256469114,,0.838,US,True,,32.244285778007175,67.22359417605597,75.2970657919684,75.64343994778068,32.06106870229007,67.52941176470588,,50.0,92.81609195402298,97.9,56.461800659632765,standard,94,80911373,False,49.0,False,36.97654941373534,17.33668341708543,97.52931323283082,50.041876046901166,50.041876046901166,50.041876046901166,1,SVAG,-8,UPPTREND,False,4,0.5714285714285714,MEDEL,VÄNTA,-2.6,0.75,,2026-08-12,0,True
AAPL,Apple Inc.,Technology,Consumer Electronics,United States,USD,4572794223433.228,-0.6423564999999982,9.118397250000001,2.4573,29.98832472499999,9.795564,9.843,6.470000000000001,1.2780201149999997,0.19646001999999996,0.1673699845,0.1881650295,-0.004519989999999974,0.0,0.011999999999999955,0.271,17.811249999999987,-0.5970000000000002,0.812,106245520768.0,62399000576.0,84343996416.0,4594739445760.0,359241000000.0,,416161000000.0,,,133050000000.0,,112010000000.0,111482000000.0,0.35,0.1204,1.08,0.5,0.27,1786320000.0,1.086,344.57000732421875,218.38362983130105,313.3299865722656,322.81854,2.08696,41.0,2.28,0.01,0.01647,0.65941,False,False,,0.565,56809803.0,63789980.0,0.6,-3.08,3.52,,,-10.26,0.2809,36.6,-1.42,,False,0.2763940441003229,,0.899,US,True,74.85828829514601,83.21611336163724,32.80448800397866,56.70354987138455,48.23608714722856,12.595419847328243,67.52941176470588,79.6934865900383,50.0,88.50574712643679,56.49999999999999,56.40027142427438,standard,95,19987313577,False,46.9,False,87.1859296482412,5.611390284757118,11.306532663316583,50.041876046901166,50.041876046901166,50.041876046901166,5,NEUTRAL,0,VARNING,False,3,0.42857142857142855,LÅG,VÄNTA,4.2,0.875,,2026-08-12,0,True
AVGO,Broadcom Inc.,Technology,Semiconductors,United States,USD,2035102551957.224,33.402960500000006,-1.8729327500000004,0.4376,10.626298724999998,26.967505,27.568,28.548,0.163319995,0.046830003999999995,0.2796600045,0.3518150095,0.2717900099999999,0.31499999999999995,0.579,0.875,13.384249999999996,0.6379999999999999,1.929,25735894400.0,19627999232.0,64907001856.0,2080381468672.0,171092000000.0,,63887000000.0,,,26075000000.0,,23126000000.0,27537000000.0,0.62,0.41259998,2.6,1.87,0.65,1782086400.0,1.473,494.21781760890264,279.81975145019646,427.760009765625,527.88446,1.3125,45.0,2.48,0.0147,0.01947,0.79599,False,False,,0.485,25926677.0,19658290.0,0.7,6.93,-0.61,,,-13.46,0.4773,59.8,5.56,,True,1.035183445259669,,0.857,US,True,53.431529268478336,85.7324651573949,23.72622661247449,82.98733371252959,49.21257753903976,17.17557251908397,67.52941176470588,67.81609195402298,50.0,82.75862068965517,48.5,56.380366548864025,standard,96,8409030322,False,44.7,False,81.90954773869346,8.793969849246231,2.554438860971524,50.041876046901166,50.041876046901166,50.041876046901166,7,STARK,8,UPPTREND,False,3,0.42857142857142855,LÅG,VÄNTA,18.6,0.875,SUSPICIOUS_FWD_PE;,2026-08-12,0,True
LMT,Lockheed Martin Corporation,Industrials,Aerospace & Defense,United States,USD,135693426043.61993,-12.1110535,-6.164608749999999,1.2196,4.186592649999999,1.7619319,1.979,-4.146500000000001,0.678850012,0.01933999999999999,-0.0227549955,-0.01182500000000003,-0.3730699900000001,0.011999999999999997,4.326,4.368,149.88299999999998,-0.07400000000000018,0.974,4086270336.0,3791000064.0,20537999360.0,152440422400.0,59840000000.0,,75048000000.0,,,7731000000.0,,5017000000.0,8557000000.0,2.37,0.5033,13.8,2.63,3.45,1788220800.0,0.11,687.4992440281471,412.77680102996703,587.9500122070312,629.5263,2.52381,19.0,2.38,0.0162,0.00101,0.75888,False,False,,0.411,1252706.0,1175770.0,0.8,16.07,15.49,,,-11.09,0.3056,78.4,11.32,,True,0.7524902760937785,,0.721,US,True,,52.441064889880636,48.79010821285864,75.57044950322458,57.61270289035605,41.221374045801525,67.52941176470588,83.5249042145594,50.0,81.60919540229885,41.099999999999994,56.30239739591748,standard,97,691293986,False,59.0,False,90.7035175879397,22.445561139028474,69.34673366834171,50.041876046901166,50.041876046901166,50.041876046901166,4,NEUTRAL,0,UPPTREND,False,2,0.2857142857142857,LÅG,VÄNTA,3.0,0.875,SUSPICIOUS_FWD_PE;,2026-08-12,0,True
NWG.L,NatWest Group plc,Financial Services,Banks - Regional,United Kingdom,GBp,,-2.791459000000005,-2.1809215,1.6575,-3.0812244800000004,3.3741133,-2.036,,-0.043019979999999985,-0.015349999000000007,0.07006748099999996,0.06274751499999995,-0.48334998000000007,0.05049999999999999,0.09849999999999998,0.261,,,,,227988996096.0,137065996288.0,-34213083136.0,714553000000.0,,16609000000.0,,,,,5831000000.0,7072000000.0,4.92,0.4357,0.35,4.79,0.12,1786579200.0,0.815,9325.03469467163,6284.343512946885,,778.167,1.83333,18.0,,,0.00061,0.61625,False,False,,0.5,24380603.0,27889460.0,0.02,7.08,26.59,19.44,,-1.72,0.3271,69.2,7.28,,True,,,1.0,UK,True,,40.25634709195528,77.55395739266707,68.10397370811508,52.32343342036553,,67.52941176470588,,50.0,,50.0,56.23300752574328,standard,98,,True,45.5,False,36.97654941373534,50.041876046901166,41.37353433835846,50.041876046901166,50.041876046901166,50.041876046901166,2,SVAG,-8,UPPTREND,False,3,0.42857142857142855,LÅG,VÄNTA,-1.4,0.75,SUSPICIOUS_FWD_PE;,2026-08-12,0,True
EVO.ST,Evolution AB (publ),Consumer Cyclical,Gambling,Sweden,SEK,,-10.131329999999998,-8.574390000000001,,26.589653300000002,68.29146,69.071,95.3055,0.05051000499999998,0.07524499699999997,0.3927600009999999,0.39248247499999994,0.5902399700000001,-0.087,-0.06,0.013,-64.12562500000001,0.7164999999999998,2.004,47515744.0,1153538944.0,90203000.0,141744472064.0,5521787000.0,,2066540000.0,,,1205639000.0,,1062096000.0,1255217000.0,5.05,0.0,30.5,2.46,2.8,1747008000.0,0.718,887.5999755859375,515.4000244140625,,708.752,3.0625,17.0,,,0.45724,0.30408,False,False,,0.5,776098.0,783150.0,0.15,7.02,15.31,,,-1.73,0.2937,68.8,5.1,,True,,,0.366,Nordic,True,36.71360787597371,88.24819566891023,70.28005007631494,21.5444489132065,64.57612407355053,,67.52941176470588,49.042145593869726,50.0,,50.0,56.16542919332505,standard,99,,True,39.7,False,36.97654941373534,50.041876046901166,2.554438860971524,50.041876046901166,50.041876046901166,50.041876046901166,4,NEUTRAL,0,UPPTREND,False,4,0.5714285714285714,MEDEL,VÄNTA,-0.7,0.875,SUSPICIOUS_FWD_PE;,2026-08-12,0,True
WES.AX,Wesfarmers Limited,Consumer Cyclical,Home Improvement Retail,Australia,AUD,102288972060.49603,2.2669237500000055,9.819768500000006,1.51,8.9960151375,2.2034588,2.461,2.3804999999999996,0.24732501,0.03428999599999999,-0.014118750499999985,-0.058558762499999986,0.06505000000000002,-0.044,-0.009999999999999995,0.093,0.0,0.10549999999999982,0.322,0.0,729000000.0,12688000000.0,114247999488.0,27981000000.0,,45576000000.0,,,3822000000.0,,2926000000.0,,2.36,0.763,2.13,3.11,1.02,1771891200.0,0.818,93.53029414522805,70.80000305175781,90.0999984741211,76.84426,3.92857,14.0,,,0.00715,0.33495,False,False,,0.5,1778942.0,1294542.0,0.97,-1.72,24.63,3.13,,-3.92,0.2125,56.3,1.22,,False,0.4521136464668588,,0.5,Australia,True,59.34777092689858,59.23290367690207,62.00807492827867,34.447366354537195,74.6657100746703,48.473282442748086,67.52941176470588,47.31800766283525,50.0,,50.0,56.12699388201741,standard,100,82365811,False,57.2,False,85.25963149078727,25.54438860971524,63.65159128978225,50.041876046901166,50.041876046901166,50.041876046901166,3,SVAG,-8,UPPTREND,False,3,0.42857142857142855,LÅG,VÄNTA,-9.3,0.875,,2026-08-12,0,True
VRT,Vertiv Holdings Co,Industrials,Electrical Equipment & Parts,United States,USD,104870775975.41867,28.4339395,5.807122249999999,1.2949,13.40194515,9.135403,9.155,19.3385,0.226630012,0.04185,0.046495014500000015,0.07222500499999995,-0.11065997,0.148,0.41800000000000004,0.535,-14.189000000000005,0.11199999999999977,0.947,1220182912.0,3110599936.0,3338200064.0,105098379264.0,12212400000.0,,10229900000.0,,,1896200000.0,,1332800000.0,2113800000.0,0.09,0.0509,0.25,0.08,0.063,1781481600.0,2.077,379.8559491193527,118.56938474437207,272.3999938964844,338.15384,1.39286,26.0,1.72,0.0292,0.00269,0.86076,False,False,,0.259,6464875.0,9004280.0,0.44,,,,,,0.6697,39.4,,,True,0.42612756061573975,,1.0,US,True,55.607064017660036,65.1020542640374,,82.33663715161343,26.074839378468123,46.94656488549619,34.35294117647059,66.66666666666666,50.0,58.04597701149425,25.900000000000002,56.008728640864845,standard,101,2452765817,False,49.1,False,83.8358458961474,25.041876046901173,12.646566164154105,50.041876046901166,50.041876046901166,50.041876046901166,5,NEUTRAL,0,UPPTREND,False,2,0.2857142857142857,LÅG,VÄNTA,8.5,0.875,,2026-08-12,0,True
CACC,Credit Acceptance Corporation,Financial Services,Credit Services,United States,USD,6078660213.80249,-7.3362365,-6.519352000000001,1.77,-5.8294394500000015,4.6636953,9.486,,0.12532000999999998,0.028849999999999994,0.12132250149999999,0.14669753000000002,0.4554700399999999,0.0005000000000000004,0.5045,0.555,318.42350000000005,3.2405,4.552,,1400000.0,6286199808.0,12363459584.0,8631700000.0,,2287900000.0,,,619900000.0,,423900000.0,1054600000.0,,0.0,,,,,1.346,668.8599853515625,401.8999938964844,585.5800170898438,636.6667,3.0,3.0,6.01,0.3449,0.53248,0.74237996,False,False,,0.459,163330.0,128300.0,1.15,-7.38,8.64,,,-12.93,0.3713,36.7,-3.41,,False,0.43474233343568713,,0.923,US,True,,79.64803306332813,36.1878547786867,71.56907314809312,42.075385408524724,91.22137404580153,12.352941176470589,,50.0,11.436781609195402,45.9,56.008138218757274,standard,102,75129916,False,50.3,False,36.97654941373534,93.04857621440536,30.569514237855945,50.041876046901166,50.041876046901166,50.041876046901166,6,NEUTRAL,0,VARNING,False,2,0.2857142857142857,LÅG,VÄNTA,11.4,0.875,SUSPICIOUS_FWD_PE;,2026-08-12,0,True
SCHW,The Charles Schwab Corporation,Financial Services,Capital Markets,United States,USD,187130977899.4898,-0.5955505000000016,-3.289866,1.0694,-5.9271826500000016,7.1904306,5.771,,0.008830029999999989,-0.008339998999999997,0.12418250149999996,0.13994756000000003,0.48390000999999994,0.11449999999999999,0.22449999999999998,0.317,-3.1564999999999994,-0.9505000000000001,0.642,,73600000000.0,37099999232.0,150186000384.0,490995000000.0,,23921000000.0,,,,,8852000000.0,9311000000.0,1.19,0.2149,1.28,1.25,0.32,1786665600.0,0.75,109.05000305175781,83.95999908447266,107.5999984741211,125.0,1.72727,20.0,0.0,0.0,0.061750002,0.83807,False,False,,0.659,10580653.0,7677070.0,0.56,6.53,19.43,,,-0.3,0.262,79.7,10.1,,True,0.8794842270840386,,0.704,US,True,,68.94199493356459,84.3279998628046,66.16042726081629,44.84433708625057,36.6412213740458,67.52941176470588,,50.0,98.85057471264368,65.9,55.96306634030227,holding,103,826052720,False,37.3,False,36.97654941373534,19.430485762144052,17.504187604690117,50.041876046901166,50.041876046901166,50.041876046901166,5,NEUTRAL,0,UPPTREND,False,4,0.5714285714285714,MEDEL,VÄNTA,3.6,0.875,SUSPICIOUS_FWD_PE;,2026-08-12,0,True
HWM,Howmet Aerospace Inc.,Industrials,Aerospace & Defense,United States,USD,112414140297.39246,28.8849315,21.980992249999996,0.8,9.23284315,12.330169,12.799,22.3385,0.13452001199999997,0.06002999999999997,0.10083500450000002,0.14775500499999997,-0.13072999000000002,0.148,0.21800000000000003,0.312,-5.831000000000003,0.5509999999999999,0.695,-264604672.0,563000000.0,4501000192.0,116690001920.0,11179000000.0,,8252000000.0,,,2130000000.0,,1508000000.0,1884000000.0,0.19,0.1034,0.56,0.22,0.14,1786060800.0,,309.85021717387974,169.09794668683935,281.8800048828125,320.328,1.45455,20.0,2.3,0.0198,0.0087,0.94507,False,False,,0.399,2696887.0,2388560.0,0.62,1.7,4.34,,,-3.41,0.3349,50.7,3.07,,True,0.5315848107493,,0.931,US,True,36.24698688183502,69.78396976590473,49.47479892301624,72.52855326717207,57.167197452229296,45.80152671755725,67.52941176470588,40.99616858237548,50.0,74.71264367816092,39.900000000000006,55.89370698950134,standard,104,673287304,False,46.4,False,75.71189279731993,24.288107202680067,8.961474036850921,50.041876046901166,50.041876046901166,50.041876046901166,5,NEUTRAL,0,UPPTREND,False,3,0.42857142857142855,LÅG,VÄNTA,6.6,0.75,,2026-08-12,0,True
EXPN.L,Experian plc,Industrials,Consulting Services,Ireland,GBp,,-1.7693300000000036,-0.6699937500000015,1.2735,0.20069641999999943,3.0320644,3.713,-2.736250000000001,0.07300002200000003,0.035,0.029979994000000003,0.03002499,-0.06321998000000001,0.03,0.11900000000000001,0.224,10.181000000000001,-0.3707500000000002,0.847,41062496.0,337000000.0,5600999936.0,31353739264.0,14290000000.0,,8445000000.0,,,2045000000.0,,1502000000.0,2239000000.0,1.83,0.3978,0.52,1.4,0.359345,1782345600.0,0.839,50743.25122739837,27635.165793005955,,3699.971,1.5,18.0,,,0.0022200001,0.54373,False,False,,0.5,3427396.0,2964317.0,0.04,7.05,10.82,,,-4.7,0.3201,57.2,6.48,,False,,,0.5,UK,True,,60.31103458742962,55.130249867091976,50.265816587856094,54.45478517736276,,67.52941176470588,51.34099616858238,50.0,,50.0,55.76993293541957,standard,105,,True,46.0,False,36.97654941373534,50.041876046901166,44.89112227805695,50.041876046901166,50.041876046901166,50.041876046901166,4,NEUTRAL,0,UPPTREND,False,2,0.2857142857142857,LÅG,VÄNTA,,0.875,SUSPICIOUS_FWD_PE;,2026-08-12,0,True
SAN.MC,"Banco Santander, S.A.",Financial Services,Banks - Diversified,Spain,EUR,,-0.670177999999999,-3.027775125,3.9342,-3.7142423000000004,3.7796907,3.422,,-0.07337500599999999,-0.014825,0.06066874849999994,0.011521227500000009,-0.42923000000000006,,,,,,,,429455015936.0,404829011968.0,166065422336.0,1867515000000.0,,60023000000.0,,,,,14101000000.0,-14835000000.0,1.94,0.2545,0.25,3.19,0.125,1777507200.0,0.934,13.031999588012695,7.789642389736286,,13.1145,1.65,20.0,,,0.01568,0.40123,False,False,,0.5,23719677.0,21790306.0,0.05,7.69,26.53,29.99,,0.0,0.3559,83.3,7.97,,True,,,0.669,Europe,True,,36.59829788392615,92.89340980342678,53.41176470588235,45.31951697127937,,67.52941176470588,,50.0,,50.0,55.74188225719495,standard,106,,True,44.9,False,36.97654941373534,50.041876046901166,37.3534338358459,50.041876046901166,50.041876046901166,50.041876046901166,1,SVAG,-8,UPPTREND,False,2,0.2857142857142857,LÅG,VÄNTA,-9.7,0.625,EXTREME_GROWTH;EXTREME_EARNINGS_GROWTH;SUSPICIOUS_FWD_PE;,2026-08-12,0,True
HSBA.L,HSBC Holdings plc,Financial Services,Banks - Diversified,United Kingdom,GBp,,2.4137209999999953,0.24664800000000042,1.0579,-2.526394880000001,3.8887115,-1.768,,-0.05972998999999998,-0.016120000000000006,0.07072750099999994,0.11994755500000001,-0.48334998000000007,0.1595,,0.672,,,,,1219653009408.0,837577998336.0,-119204110336.0,3233034000000.0,,71020000000.0,,,,,22285000000.0,29766000000.0,3.66,0.52639997,0.56,5.06,0.1,1786579200.0,0.577,20679.4846534729,11917.925216409743,,1481.4559,2.58824,17.0,,,0.00198,0.5306,False,False,,0.5,22998776.0,27082991.0,0.04,2.97,15.09,,,-4.61,0.3162,49.2,3.88,,False,,,0.903,UK,True,,41.33574808705278,61.726561026221475,79.78698224852072,61.591057441253255,,67.52941176470588,,50.0,,50.0,55.71970930403444,standard,107,,True,44.7,False,36.97654941373534,50.041876046901166,36.515912897822446,50.041876046901166,50.041876046901166,50.041876046901166,1,SVAG,-8,UPPTREND,False,4,0.5714285714285714,MEDEL,VÄNTA,6.5,0.75,EXTREME_EARNINGS_GROWTH;SUSPICIOUS_FWD_PE;,2026-08-12,0,True
SWED-A.ST,Swedbank AB (publ),Financial Services,Banks - Regional,Sweden,SEK,,-0.08788450000000125,-0.062071500000005386,7.5796,-4.624665500000001,6.2433105,18.254,,-0.057560000000000014,-0.010935,0.1461775049999999,0.05750000000000006,-0.40976003000000005,-0.0365,-0.2905,-0.088,,,,,301566001152.0,1132510052352.0,1262923939840.0,3062782000000.0,,67899000000.0,,,,,32762000000.0,-46342000000.0,5.27,0.7409,20.45,6.03,29.8,1774396800.0,0.565,390.5,238.99998349161888,,360.25,2.8125,16.0,,,0.17117001,0.49749002,False,False,,0.5,1667462.0,1292494.0,0.15,2.76,17.83,,,-3.01,0.1782,57.5,4.14,,True,,,0.771,Nordic,True,,44.64096432582984,68.3876112568812,30.364158594596734,84.67852480417754,,67.52941176470588,,50.0,,50.0,55.66071867035563,standard,108,,True,42.5,False,36.97654941373534,50.041876046901166,21.608040201005025,50.041876046901166,50.041876046901166,50.041876046901166,1,SVAG,-8,UPPTREND,False,3,0.42857142857142855,LÅG,VÄNTA,-9.8,0.75,SUSPICIOUS_FWD_PE;,2026-08-12,0,True
BESI.AS,BE Semiconductor Industries N.V.,Technology,Semiconductor Equipment & Materials,Netherlands,EUR,,52.60331200000001,13.976669125000003,1.0134,22.885319574999993,23.885443,24.179,42.175,0.228775019,0.07943498999999998,0.1653062515,0.25330870699999997,0.21165994,0.523,1.505,1.777,14.160500000000003,2.7520000000000007,3.698,-622291968.0,509094016.0,358012992.0,17742954496.0,1113747000.0,,591331000.0,,,173056000.0,,131641000.0,178141000.0,0.73,0.6031,1.58,2.69,1.58,1777248000.0,1.336,328.3999938964844,104.73968512608042,,296.56522,1.91304,23.0,,,0.108909994,0.64432,False,False,,0.5,463199.0,657804.0,0.14,-9.1,-12.64,36.42,,-28.6,0.6128,40.8,-11.36,,True,,,0.517,Europe,True,23.879881251427264,84.05667183969071,37.50852367151178,81.40792534361124,51.24415650829023,,67.52941176470588,27.586206896551722,50.0,,50.0,55.62159191993589,standard,109,,True,39.7,False,36.97654941373534,50.041876046901166,2.554438860971524,50.041876046901166,50.041876046901166,50.041876046901166,6,NEUTRAL,0,VARNING,False,3,0.42857142857142855,LÅG,VÄNTA,11.2,0.875,,2026-08-12,0,True
0700.HK,Tencent Holdings Limited,Communication Services,Internet Content & Information,China,HKD,4309979891226.8325,0.5741474999999978,0.24062499999999964,1.4565,0.11867065000000077,5.6104774,5.669,4.1839999999999975,0.0564799875,0.035129999999999995,0.13745251900000005,0.13124000549999998,0.17798000000000003,0.03,0.17500000000000002,0.215,4.388000000000004,0.11700000000000044,1.141,76694718464.0,459714985984.0,405511012352.0,4354771517440.0,2038986000000.0,,751766000000.0,,,248767000000.0,,224842000000.0,303052000000.0,1.11,0.1712,5.3,0.7,5.3,1778803200.0,0.745,675.1340645101453,411.0,478.79998779296875,692.1503,1.33333,42.0,,,0.31761,0.25643,False,False,,0.5,33449126.0,25898828.0,1.09,-2.62,0.95,,,-16.39,0.3951,57.5,1.08,,True,0.6690626290783783,,0.88,Asia,True,75.41473192763442,74.04374362423339,22.99909108058514,62.177455012889844,61.643180098451715,13.358778625954198,67.52941176470588,75.09578544061303,50.0,,50.0,55.50818112883067,standard,110,1580259260,False,49.2,False,88.60971524288107,5.778894472361809,24.706867671691793,50.041876046901166,50.041876046901166,50.041876046901166,6,NEUTRAL,0,UPPTREND,False,5,0.7142857142857143,HÖG,VÄNTA,-8.5,0.875,SUSPICIOUS_FWD_PE;,2026-08-12,0,True
PHIA.AS,PHIA.AS,Unknown,Unknown,Unknown,USD,,,,,,,,,,,,,,,,,,,,,,,,26944000000.0,,17834000000.0,,,1449000000.0,,895000000.0,1172000000.0,,,,,,,,26.672283596444757,19.903108891793273,24.059999465942383,,,,,,,,False,False,,0.5,,,0.04,1.69,7.14,-8.81,,-10.26,0.2576,53.0,0.2,,False,0.6222965039250578,,1.0,Europe,True,,,34.08257120481229,94.82352941176471,71.0,,12.352941176470589,,50.0,,50.0,55.3992158167621,standard,111,,True,44.6,False,28.17195325542571,50.04173622704508,50.04173622704508,50.04173622704508,50.04173622704508,50.04173622704508,1,SVAG,-8,UPPTREND,False,2,0.2857142857142857,LÅG,VÄNTA,0.0,0.0,EXTREME_GROWTH;EXTREME_EARNINGS_GROWTH;MISSING_CRITICAL;,2026-08-12,0,True
SHOP.TO,Shopify Inc.,Technology,Software - Application,Canada,CAD,257782835299.26453,57.623758249999995,39.5921145,2.8906,7.225058125,20.671133,20.136,89.97725,-0.008844997499999993,0.030109999999999998,0.08415,0.0686500245,0.07755000000000001,0.17300000000000001,0.406,0.658,-29.776249999999997,2.81375,3.718,1267973024.0,4946999808.0,178000000.0,267188928512.0,15189000000.0,,11556000000.0,,,1885000000.0,,1231000000.0,2033000000.0,,0.0,,,,,2.59,253.10000610351562,129.00999450683594,211.3699951171875,197.93423,1.70588,4.0,2.77,0.0047999998,0.00233,0.73245,False,False,,0.5,2197550.0,2892690.0,1.14,,,,,,0.6309,68.6,,,True,1.0975562062899833,,0.526,Canada,True,43.61726421557432,63.13981560167831,,71.87797467449963,35.34098745516733,31.679389312977097,12.352941176470589,58.620689655172406,50.0,90.22988505747126,50.0,55.22689885394214,standard,112,438960346,False,44.5,False,76.13065326633166,17.252931323283082,2.554438860971524,50.041876046901166,50.041876046901166,50.041876046901166,5,NEUTRAL,0,UPPTREND,False,2,0.2857142857142857,LÅG,VÄNTA,1.1,0.875,,2026-08-12,0,True
GFNORTEO.MX,GRUPO FINANCIERO BANORTE,Financial Services,Banks - Regional,Mexico,MXN,,-2.518615999999999,-2.951781500000001,0.52,-1.3594367000000003,,8.369,,0.0,-0.007485002999999999,0.10262751699999997,0.15300252499999994,-0.30657,-0.0535,-0.2015,0.011,,,,,110442274816.0,670458249216.0,1180956491776.0,2598663000000.0,,247467000000.0,,,,,58788000000.0,81433000000.0,8.76,0.8035,17.44,7.06,10.448829,1779926400.0,0.134,203.8000030517578,148.4936126345008,,224.8,1.9375,15.0,,,0.0,0.44582,False,False,,0.5,5990946.0,4990938.0,1.12,5.3,9.0,,,-4.65,0.259,57.4,1.99,,True,,,0.649,LatAm,True,,53.49084843966417,52.56340999125379,29.96053794226595,83.81951697127937,,67.52941176470588,,50.0,,50.0,55.06168837025694,standard,113,,True,46.8,False,36.97654941373534,50.041876046901166,50.041876046901166,50.041876046901166,50.041876046901166,50.041876046901166,0,SVAG,-8,UPPTREND,False,2,0.2857142857142857,LÅG,VÄNTA,-9.9,0.75,SUSPICIOUS_FWD_PE;,2026-08-12,0,True
ICICIBANK.NS,ICICI Bank Limited,Financial Services,Banks - Regional,India,INR,10193226561581.0,-16.374575999999998,-20.9427035,0.53,-6.217440575,5.003261,5.838,,0.014164990000000002,0.004645001999999995,0.0,-0.0033375049999999906,-0.19669000999999997,0.019500000000000003,-0.0635,0.139,,,,,740090773504.0,2263177232384.0,11893669363712.0,29144979720000.0,,2234071181000.0,,,,,542077028000.0,673254189000.0,0.82,0.14220001,12.0,0.63,12.0,1785715200.0,0.261,1467.6271961496604,1177.67166509731,1421.0,1733.3658,1.12195,41.0,,,0.19556999,0.59341997,False,False,,0.5,14983224.0,12408380.0,0.53,1.36,14.73,,,-2.51,0.2199,50.3,3.1,,False,0.4014972265300273,,0.684,India,True,,47.03516497775831,66.4032086570287,46.30587786059726,87.93635770234987,9.541984732824428,67.52941176470588,,50.0,,50.0,54.9885577877067,standard,114,184831429,False,36.5,False,36.97654941373534,2.554438860971524,28.8107202680067,50.041876046901166,50.041876046901166,50.041876046901166,2,SVAG,-8,UPPTREND,False,3,0.42857142857142855,LÅG,EJ AKTUELL,-10.0,0.75,SUSPICIOUS_FWD_PE;,2026-08-12,0,True
NDA-SE.ST,Nordea Bank Abp,Financial Services,Banks - Regional,Finland,SEK,,-1.2488825000000023,124.6453855,9.0448,14.150505700000005,55.925117,70.834,,-0.054349999999999996,-0.013645,0.10073750499999995,0.08467997000000001,-0.40976003000000005,-0.0795,-0.17250000000000001,0.009,,,,,67302998016.0,240998006784.0,823374970880.0,654350000000.0,,11719000000.0,,,,,4840000000.0,-3164000000.0,7.4,0.7007,14.21,7.2,0.34,1785888000.0,0.641,195.05903787766158,142.0107907565377,,189.09393,,10.0,,,0.01767,0.59532,False,False,,0.5,1780606.0,1779576.0,0.06,1.86,13.42,,,-2.27,0.1892,44.0,2.95,,False,,,0.912,Nordic,True,,43.64662568797455,66.47373565879508,35.66872819267699,80.17036553524804,,67.52941176470588,,50.0,,50.0,54.93817121819638,standard,115,,True,39.7,False,36.97654941373534,50.041876046901166,2.554438860971524,50.041876046901166,50.041876046901166,50.041876046901166,0,SVAG,-8,UPPTREND,False,3,0.42857142857142855,LÅG,EJ AKTUELL,-7.2,0.75,,2026-08-12,0,True
AUTO.L,Autotrader Group plc,Communication Services,Internet Content & Information,United Kingdom,GBp,,-0.038146000000004676,-1.1426870000000022,,5.087015269999998,6.5333242,7.075,0.6782499999999976,0.3804700099999999,0.308290004,0.31173,0.34983498999999996,0.30794002,-0.034,-0.0030000000000000027,0.0,-36.31,0.7072500000000002,1.544,-626462496.0,18200000.0,211000000.0,4416882176.0,685300000.0,,624300000.0,,,388600000.0,,293900000.0,322800000.0,2.27,0.3199,0.12,1.35,0.078,1787788800.0,0.693,10750.066267149568,5223.918699520873,,562.056,2.66667,18.0,,,0.00543,0.80846,False,False,,0.5,7013104.0,3794966.0,0.02,1.67,6.64,14.59,,-2.13,0.3063,67.9,5.27,,False,,,0.5,UK,True,37.21156529902819,92.45207204811781,58.058856819468026,32.02922340461657,63.73476243534949,,67.52941176470588,10.727969348659004,50.0,,50.0,54.93433598296371,standard,116,,True,42.3,False,36.97654941373534,50.041876046901166,20.35175879396985,50.041876046901166,50.041876046901166,50.041876046901166,2,SVAG,-8,UPPTREND,False,3,0.42857142857142855,LÅG,EJ AKTUELL,,0.875,SUSPICIOUS_FWD_PE;,2026-08-12,0,True
HIG,"The Hartford Insurance Group, Inc.",Financial Services,Insurance - Diversified,United States,USD,39277463554.96765,-10.217106500000002,-6.619631,0.12,-7.636880850000002,1.3398417,1.349,-5.725000000000001,0.026610019999999984,0.009490002,-0.1148474985,-0.20271247,-0.11236998999999998,-0.013499999999999998,0.15949999999999998,0.305,-54.87850000000002,0.1795,0.999,4031145344.0,3991000064.0,4384000000.0,39537541120.0,85997000000.0,,28071000000.0,,,,,3836000000.0,5922000000.0,1.66,0.1602,2.4,1.93,0.6,1788220800.0,0.458,146.07000732421875,118.72969720488905,143.27999877929688,149.85,2.30435,20.0,0.03,0.0002,0.00357,0.96933997,False,False,,0.816,1783725.0,1750630.0,0.65,0.67,4.98,,,-4.53,0.2094,46.1,2.3,,False,0.6828805491380847,,0.816,US,True,,37.22160817905499,47.86918420195161,58.052491800588044,75.26443445699113,70.61068702290076,67.52941176470588,95.78544061302682,50.0,95.40229885057471,91.6,54.86928461995003,standard,117,250830264,False,69.4,False,97.52931323283082,74.12060301507537,75.79564489112228,50.041876046901166,50.041876046901166,50.041876046901166,5,NEUTRAL,0,UPPTREND,False,2,0.2857142857142857,LÅG,EJ AKTUELL,1.6,0.875,SUSPICIOUS_FWD_PE;,2026-08-12,0,True
ASM.AS,ASM International NV,Technology,Semiconductor Equipment & Materials,Netherlands,EUR,,7.559217000000001,8.273385124999999,1.6368,1.0766295749999995,12.434673,12.105,13.768,0.04802499899999999,0.046595004999999995,0.20024625150000003,0.139628707,0.08911000000000002,0.036000000000000004,0.13999999999999996,0.41,-46.707499999999996,0.6380000000000003,1.651,-559224960.0,1180099968.0,70500000.0,40720998400.0,5337000000.0,,3173200000.0,,,938100000.0,,723700000.0,1060900000.0,0.39,0.1487,3.25,0.61,3.25,1778630400.0,1.523,1092.5,398.4486910663275,,1089.2778,1.68421,18.0,,,0.047340002,0.64495003,False,False,,0.5,184450.0,285707.0,0.07,-3.3,3.92,33.64,,-16.87,0.5165,50.2,-1.84,,True,,,0.995,Europe,True,37.26040953033417,73.89580556381038,48.57074259451169,69.80792470690109,35.97090380447135,,67.52941176470588,35.63218390804598,50.0,,50.0,54.838924262164824,standard,118,,True,40.6,False,36.97654941373534,50.041876046901166,8.793969849246231,50.041876046901166,50.041876046901166,50.041876046901166,5,NEUTRAL,0,VARNING,False,3,0.42857142857142855,LÅG,EJ AKTUELL,9.0,0.875,,2026-08-12,0,True
TRV,"The Travelers Companies, Inc.",Financial Services,Insurance - Property & Casualty,United States,USD,80157466195.60364,-9.8220825,-4.3580000000000005,2.3596,-7.233036950000002,1.636568,1.718,-5.472000000000001,0.07111001,0.018729999999999997,-0.0942275085,-0.14188247,-0.14374000999999997,-0.0915,0.36949999999999994,0.463,-49.830500000000015,-1.2695,0.19,13298770304.0,5061000192.0,9068000256.0,84164468736.0,143708000000.0,,48828000000.0,,,,,6288000000.0,10606000000.0,1.3,0.1223,5.0,1.9,1.25,1788998400.0,0.457,398.70001220703125,249.31208946264528,384.30999755859375,360.33334,2.96552,24.0,3.07,0.0353,0.00285,0.89327,False,False,,0.631,1924959.0,2012640.0,0.65,11.51,26.46,,,-5.44,0.235,52.5,10.5,,False,0.6717537625741338,,1.0,US,True,,41.81758805002482,68.99255715045189,64.89565841490298,53.02689128735594,54.961832061068705,67.52941176470588,97.70114942528735,50.0,48.85057471264368,63.1,54.79077956870287,standard,119,773477673,False,62.0,False,97.52931323283082,29.313232830820766,71.44053601340033,50.041876046901166,50.041876046901166,50.041876046901166,5,NEUTRAL,0,UPPTREND,False,3,0.42857142857142855,LÅG,EJ AKTUELL,6.7,0.875,SUSPICIOUS_FWD_PE;,2026-08-12,0,True
ALV.DE,Allianz SE                    v,Financial Services,Insurance - Diversified,Germany,EUR,,-1.2886420000000003,-0.16156112500000042,3.2403,-2.9033213,,1.24,-6.146000000000001,-0.017405005999999994,-0.011145,-0.1697112515,-0.2300087625,-0.18581001,-0.006500000000000006,0.3225,0.523,,173.34949999999998,87.927,,27517999104.0,0.0,143257452544.0,1024276000000.0,,137450000000.0,,,,,10775000000.0,33209000000.0,3.88,0.49740002,17.1,4.8,17.1,1778198400.0,0.668,443.8999938964844,323.8952161859952,,423.83075,2.29412,17.0,,,6.0000002e-05,0.42785,False,False,,0.5,581261.0,496973.0,0.08,3.71,16.58,24.44,,-0.93,0.1822,62.9,5.68,,True,,,0.5,Europe,True,,27.02314624133171,77.44658975558805,55.81383037050872,85.76068777613322,,67.52941176470588,,50.0,,50.0,54.752532855185834,standard,120,,True,46.8,False,36.97654941373534,50.041876046901166,50.041876046901166,50.041876046901166,50.041876046901166,50.041876046901166,3,SVAG,-8,UPPTREND,False,3,0.42857142857142855,LÅG,EJ AKTUELL,-14.4,0.75,SUSPICIOUS_FWD_PE;,2026-08-12,0,True
AMT,American Tower Corporation,Real Estate,REIT - Specialty,United States,USD,80396743553.52612,-5.391874999999999,-3.5060137499999993,1.6372,12.496287724999998,7.3478723,11.895,-3.2424999999999993,0.2155350425,0.01191,0.0642400025,0.087265005,0.24669005000000002,-0.0175,1.3385,1.365,336.97150000000005,-0.3570000000000003,0.299,1443657856.0,1762499968.0,44979900416.0,130146942976.0,63190400000.0,,10644600000.0,,,4929200000.0,,2529500000.0,5464000000.0,4.08,0.8226,6.98,2.93,1.79,1781222400.0,0.894,206.8013147771297,160.05999755859375,172.5399932861328,215.47826,1.56,23.0,2.15,0.0189,0.00075,0.96085,False,False,,0.473,3352488.0,3653130.0,0.5,0.43,-4.28,,,-11.82,0.2974,54.4,-2.63,,True,0.6652030384946632,,1.0,US,True,,71.54341632763952,21.958549844797723,78.6032941968821,37.98241547621027,54.58015267175572,67.52941176470588,66.28352490421456,50.0,77.58620689655173,47.3,54.751519941753855,standard,121,630311026,False,51.4,False,87.68844221105527,29.229480737018427,16.917922948073702,50.041876046901166,50.041876046901166,50.041876046901166,4,NEUTRAL,0,VARNING,False,3,0.42857142857142855,LÅG,EJ AKTUELL,4.5,0.875,SUSPICIOUS_FWD_PE;,2026-08-12,0,True
BNS.TO,The Bank of Nova Scotia,Financial Services,Banks - Diversified,Canada,CAD,151167592016.0,-10.595335749999997,-2.15393275,1.0235,-3.7568540500000003,4.4180384,-0.812,,-0.038395012500000006,-0.019839999999999997,0.06297249699999999,0.050332545000000006,-0.4001,0.0315,0.15249999999999997,0.313,,,,,531156008960.0,349912006656.0,-27789576192.0,1460042000000.0,,37097000000.0,,,,,7789000000.0,5407000000.0,3.68,0.6069,4.56,5.45,1.14,1783382400.0,1.209,126.87000274658203,73.09112653344499,124.0,117.61538,2.69231,13.0,2.87,,0.0002,0.5094,False,False,,0.5,3948164.0,3783520.0,0.88,-0.53,17.97,,,-2.4,0.1809,51.7,2.8,,False,0.5463921302084244,,0.904,Canada,True,,39.60927593304149,70.87384884498636,65.26149261840688,62.43668407310705,40.0763358778626,67.52941176470588,,50.0,,50.0,54.5425306716952,standard,122,336819927,False,39.8,False,36.97654941373534,21.608040201005025,32.24455611390285,50.041876046901166,50.041876046901166,50.041876046901166,1,SVAG,-8,UPPTREND,False,4,0.5714285714285714,MEDEL,EJ AKTUELL,-1.8,0.75,SUSPICIOUS_FWD_PE;,2026-08-12,0,True
ABBN.SW,ABB Ltd,Industrials,Electrical Equipment & Parts,Switzerland,CHF,,8.460742,7.8306901249999985,2.5761,4.583059,4.1467714,4.257,0.7885000000000009,0.10248499599999997,0.02884500000000001,0.026251251500000017,-0.006321277500000014,-0.026759980000000017,0.04899999999999999,-0.03,0.07,-16.26275,0.2310000000000001,0.818,776000000.0,5856999936.0,9146000384.0,152189403136.0,44885000000.0,,33220000000.0,,,5729000000.0,,4734000000.0,5469000000.0,1.14,0.432,0.94,2.15,0.94,1774224000.0,1.011,89.13999938964844,51.892075616931166,,80.324936,2.76923,27.0,,,0.00028,0.59632,False,False,,0.5,2506738.0,2455746.0,0.11,0.6,2.0,,,-5.51,0.3138,65.4,1.01,,True,,,0.707,Europe,True,71.04437847301514,58.547304205674344,40.25484042461971,47.479419758955686,51.886952376200846,,67.52941176470588,59.77011494252874,50.0,,50.0,54.531287491270646,standard,123,,True,44.5,False,36.97654941373534,50.041876046901166,34.58961474036851,50.041876046901166,50.041876046901166,50.041876046901166,3,SVAG,-8,UPPTREND,False,2,0.2857142857142857,LÅG,EJ AKTUELL,0.5,0.875,,2026-08-12,0,True
PZU.WA,Powszechny Zaklad Ubezpieczen SA,Financial Services,Insurance - Property & Casualty,Poland,PLN,,-5.273321999999999,-1.7593391250000003,1.72,-3.6876021000000003,1.0082462,1.553,-9.584999999999999,-0.021564995999999996,0.006795000000000001,-0.1732712515,-0.07853877250000002,0.15959,-0.14150000000000001,-0.4275,-0.226,-2.96225,3.0795,4.102,2708000128.0,49941000192.0,46239997952.0,97198628864.0,535483000000.0,,64701000000.0,,,,,6699000000.0,10519000000.0,6.56,0.6123,4.8,6.57,4.8,1789516800.0,0.312,73.68000030517578,53.36000061035156,,74.0875,1.75,8.0,,,0.34188,0.32397997,False,False,,0.5,1612433.0,1430836.0,0.15,4.83,12.97,,,-1.01,0.2182,60.3,6.07,,True,,,0.591,Europe,True,,42.6277716663104,71.00332698804684,18.20122234201806,87.09899358622563,,67.52941176470588,84.67432950191571,50.0,,50.0,54.49831917065064,standard,124,,True,51.6,False,36.97654941373534,50.041876046901166,82.49581239530988,50.041876046901166,50.041876046901166,50.041876046901166,5,NEUTRAL,0,UPPTREND,False,3,0.42857142857142855,LÅG,EJ AKTUELL,-6.5,0.875,SUSPICIOUS_FWD_PE;,2026-08-12,0,True
MFC.TO,Manulife Financial Corporation,Financial Services,Insurance - Life,Canada,CAD,102672282217.21146,-10.956238749999997,-3.0962387499999986,0.776,-3.4794310500000005,3.1011322,2.934,-4.351750000000001,-0.0156550025,-0.02039,-0.012957493000000042,-0.06519745500000002,0.10814999999999997,0.012499999999999997,0.022499999999999992,0.164,-5.268999999999998,27.000249999999998,9.173,1224848032.0,32878000128.0,23335999488.0,97131421696.0,1025433000000.0,,53014000000.0,,,,,5782000000.0,32105000000.0,3.1,0.5014,1.94,4.53,0.485,1780012800.0,0.781,63.58000183105469,39.52700456455675,61.779998779296875,61.33333,2.14286,15.0,4.77,,0.00017999999,0.54742,False,False,,0.5,6059285.0,6049160.0,1.19,4.36,12.38,,,-3.08,0.2138,54.3,4.39,,False,0.6180601663442699,,0.715,Canada,True,,41.26754295260919,61.35034556087187,51.57347210785021,80.74415165776942,48.091603053435115,67.52941176470588,68.5823754789272,50.0,,50.0,54.46087943995129,standard,125,268301453,False,52.7,False,78.89447236180904,25.4606365159129,44.0536013400335,50.041876046901166,50.041876046901166,50.041876046901166,5,NEUTRAL,0,UPPTREND,False,3,0.42857142857142855,LÅG,EJ AKTUELL,4.8,0.875,SUSPICIOUS_FWD_PE;,2026-08-12,0,True
NNN,"NNN REIT, Inc.",Real Estate,REIT - Retail,United States,USD,8911224639.709568,-9.810154999999998,-5.839822749999998,4.79,-7.1017362749999995,9.348286,14.673,-5.465500000000002,-0.03641498750000001,0.0021200000000000004,0.1569400025,0.250125005,0.46989000999999997,0.012499999999999997,-0.0815,-0.026,10.368499999999989,0.4429999999999997,1.152,-2822170112.0,4223000.0,5001272832.0,13987117056.0,9379355000.0,,926213000.0,,,569868000.0,,389777000.0,667131000.0,5.28,1.1823001,2.48,5.19,0.62,1785456000.0,,49.35604771825488,37.3262815539782,46.84000015258789,47.56667,2.94118,15.0,4.26,0.0515,0.008590001,0.97902,False,False,,0.847,1731451.0,1418090.0,0.96,-2.95,3.29,,,-7.32,0.1799,19.4,-2.1,,False,0.1825523701791011,,0.661,US,True,,71.50106762411058,36.750784586098675,38.5704795700933,82.12898089171973,87.78625954198473,29.64705882352941,7.2796934865900385,50.0,31.60919540229885,94.7,54.440822984008264,standard,126,66423336,False,47.1,False,36.97654941373534,89.9497487437186,12.227805695142377,50.041876046901166,50.041876046901166,50.041876046901166,4,NEUTRAL,0,VARNING,False,2,0.2857142857142857,LÅG,EJ AKTUELL,7.7,0.75,SUSPICIOUS_FWD_PE;,2026-08-12,0,True
BX,Blackstone Inc.,Financial Services,Asset Management,United States,USD,103204218161.12097,9.6809935,1.2333719999999992,1.6039,2.515321549999998,11.023033,8.695,,0.11974003,0.11428,-0.036467498500000015,0.16470753,0.50895001,0.19149999999999998,0.37149999999999994,0.608,-14.679500000000003,-0.6194999999999999,0.947,,2507073024.0,14027316224.0,134633955328.0,47708975000.0,,12410012000.0,,,,,3019214000.0,4663161000.0,3.92,1.1119,5.23,3.42,1.29,1785715200.0,1.546,182.67959099052956,99.778211592923,137.1300048828125,142.38095,2.08696,21.0,4.62,0.031600002,0.01054,0.72936,False,False,,0.424,5114729.0,5299110.0,1.4,19.36,21.11,,,0.0,0.4121,78.3,19.39,,True,0.9123734379445876,,1.0,US,True,,76.76082671064607,90.10606918077207,83.60846569830126,20.408337629508903,47.32824427480916,29.64705882352941,,50.0,53.16091954022989,42.4,54.41999868667108,holding,127,726666980,False,37.1,False,36.97654941373534,25.29313232830821,10.050251256281408,50.041876046901166,50.041876046901166,50.041876046901166,5,NEUTRAL,0,UPPTREND,False,3,0.42857142857142855,LÅG,EJ AKTUELL,1.5,0.875,SUSPICIOUS_FWD_PE;,2026-08-12,0,True
068270.KS,"Celltrion, Inc.",Healthcare,Biotechnology,South Korea,KRW,45704909365600.0,,12.241088500000004,0.85,,10.234957,10.829,15.537,-0.03459250449999998,-0.01290500100000001,0.11735249500000006,0.06955999550000004,0.22036,0.273,2.097,2.185,6.7695,-0.6209999999999999,0.691,-32614922240.0,1418676273152.0,3866065371136.0,48359712751616.0,22334900189800.0,,4162495108880.0,,,1156472907540.0,,1029613370420.0,646050776660.0,0.36,0.13,714.29,,714.2857,1766966400.0,0.319,239047.625,158384.92361709222,199300.0,264708.9,1.54167,24.0,,,0.36183998,0.20204,False,False,,0.5,709097.0,964253.0,1.1,16.9,11.34,,,-14.65,0.486,72.9,13.74,,True,1.0728358782621903,,1.0,Asia,True,42.10778716601964,58.18116793327552,38.831867057673506,93.048079399172,53.48271586203456,3.435114503816794,67.52941176470588,44.827586206896555,50.0,,50.0,54.40150784898721,standard,128,140288205,False,43.1,False,74.37185929648241,2.554438860971524,10.720268006700168,50.041876046901166,50.041876046901166,50.041876046901166,5,NEUTRAL,0,UPPTREND,False,2,0.2857142857142857,LÅG,EJ AKTUELL,-0.5,0.625,,2026-08-12,0,True
VST,Vistra Corp.,Utilities,Utilities - Independent Power Producers,United States,USD,47404481941.32092,0.0,-7.009787749999999,0.4046,5.751025430000001,2.437875,3.603,-6.302250000000001,0.276035013,0.019099998999999993,-0.020542498499999992,0.05747001,-0.10467999,0.372,,,199.49149999999997,0.11099999999999988,0.263,-1640479680.0,658000000.0,20566999040.0,70068854784.0,41550000000.0,,17738000000.0,,,2134000000.0,,944000000.0,4070000000.0,0.65,0.1515,0.92,1.82,0.229,1789948800.0,1.433,218.90834935343653,132.47448547608124,140.58999633789062,222.73685,1.35,19.0,2.93,0.0432,0.00789,0.91555,False,False,,0.773,4842141.0,5914100.0,0.53,,,,,,0.482,30.6,,,False,0.13508383827738737,,0.234,US,True,,58.35318691300224,,49.30920060331825,30.693786274966325,66.03053435114504,67.52941176470588,31.417624521072796,50.0,40.804597701149426,77.3,54.40137731070412,standard,129,831463297,False,51.6,False,36.97654941373534,71.85929648241206,60.13400335008375,50.041876046901166,50.041876046901166,50.041876046901166,1,SVAG,-8,UPPTREND,False,1,0.14285714285714285,LÅG,EJ AKTUELL,-5.8,0.875,EXTREME_EARNINGS_GROWTH;SUSPICIOUS_FWD_PE;,2026-08-12,0,True
CME,CME Group Inc.,Financial Services,Financial Data & Stock Exchanges,United States,USD,94805842434.3071,2.225246500000001,3.310960999999999,4.6082,-6.08160605,14.030467,14.266,7.401999999999996,-0.03597999000000002,-0.014209999999999997,0.3706825015,0.27149758,0.50895001,-0.0865,-0.17650000000000002,0.016,-62.62150000000001,-0.5745,0.019,1432657792.0,2275599872.0,3868499968.0,96399564800.0,198424200000.0,,6520600000.0,,,4229500000.0,,4072200000.0,4277100000.0,1.97,0.95419997,5.2,3.57,1.3,1788912000.0,0.267,319.81669858888057,218.30999755859375,263.6600036621094,283.93332,2.4375,15.0,1.47,0.018099999,0.00429,0.91931,False,False,,0.478,3349796.0,2144450.0,0.77,6.45,-8.78,,,-18.25,0.2828,66.1,3.78,,True,0.7156923330981131,,0.682,US,True,67.43802491690137,69.98018552213655,14.204438270652192,29.403399041821956,56.13331171386917,50.0,67.52941176470588,71.64750957854406,50.0,78.44827586206897,47.8,54.18358823313571,standard,130,565405695,False,49.2,False,86.26465661641541,26.46566164154104,7.6214405360134005,50.041876046901166,50.041876046901166,50.041876046901166,3,SVAG,-8,UPPTREND,False,3,0.42857142857142855,LÅG,EJ AKTUELL,-9.5,0.875,,2026-08-12,0,True
2388.HK,BOC Hong Kong (Holdings) Limited,Financial Services,Banks - Regional,Hong Kong,HKD,530753577419.5912,-0.2072124999999998,1.763536000000002,2.8644,-0.8071526999999998,7.7225237,-0.051,,-0.0012399974999999994,-0.00015000000000000083,0.26694999999999997,0.28379253049999986,-0.38651,-0.1215,-0.21350000000000002,-0.012,,,,,689727012864.0,150518005760.0,-3508430592.0,4489809000000.0,,88921000000.0,,,,,40121000000.0,-87083000000.0,7.06,0.6032,3.54,5.58,1.255,1782691200.0,0.253,52.45000076293945,33.24840782466257,50.20000076293945,50.845,2.07143,12.0,,,0.0,0.76916003,False,False,,0.5,14027771.0,12358284.0,0.76,6.64,10.51,,,-4.83,0.2474,60.1,5.41,,False,0.5861385131516382,,0.5,Asia,True,,60.05041381295898,54.03140059337004,20.105650378205837,83.45300261096605,22.900763358778626,67.52941176470588,,50.0,,50.0,54.15856603825997,standard,131,79059852,False,36.1,False,36.97654941373534,12.897822445561138,15.745393634840871,50.041876046901166,50.041876046901166,50.041876046901166,1,SVAG,-8,UPPTREND,False,3,0.42857142857142855,LÅG,EJ AKTUELL,-5.6,0.75,SUSPICIOUS_FWD_PE;,2026-08-12,0,True
SHB-A.ST,Svenska Handelsbanken AB (publ),Financial Services,Banks - Diversified,Sweden,SEK,,-1.7046115000000022,-2.262405500000005,20.3472,-5.1292333,5.350353,23.708,,-0.08023000000000001,-0.014325000400000005,0.12076750499999991,0.044029999999999965,-0.40976003000000005,-0.1325,-0.2625,-0.047,,,,,656419979264.0,1673300934656.0,1308541190144.0,3387566000000.0,,56805000000.0,,,,,23727000000.0,-46294000000.0,5.37,0.66830003,8.0,5.52,17.5,1774483200.0,0.504,149.4499969482422,103.95854609744191,,133.01353,4.0,17.0,,,0.27364,0.4234,False,False,,0.5,4475294.0,4075192.0,0.13,1.63,13.38,,,-1.81,0.1722,61.6,3.29,,True,,,0.787,Nordic,True,,41.08357330256166,67.64289756649688,26.51653960761675,86.48400783289817,,67.52941176470588,,50.0,,50.0,54.124277496550185,standard,132,,True,43.3,False,36.97654941373534,50.041876046901166,26.549413735343386,50.041876046901166,50.041876046901166,50.041876046901166,1,SVAG,-8,UPPTREND,False,3,0.42857142857142855,LÅG,EJ AKTUELL,-9.9,0.75,SUSPICIOUS_FWD_PE;,2026-08-12,0,True
EAT,"Brinker International, Inc.",Consumer Cyclical,Restaurants,United States,USD,9658330177.116852,-6.793034499999997,-2.709690499999997,1.5912,13.349365150000004,1.6845437,1.979,-5.2425000000000015,1.1895600149999999,0.066479997,-0.0029249974999999984,0.009510004999999988,-0.30510999000000005,-0.043,0.018000000000000002,0.074,344.525,-0.8765000000000003,0.228,-1150567200.0,57100000.0,1748000000.0,11349230592.0,2678600000.0,,5384200000.0,,,553800000.0,,383100000.0,679000000.0,,0.0,,3.47,0.38,1583366400.0,1.254,229.99000549316406,100.30000305175781,225.1999969482422,198.66667,1.68182,21.0,5.71,0.1865,0.0117,1.15886,False,False,,0.386,1033517.0,1061080.0,1.62,19.45,63.59,,,-2.71,0.5209,74.7,23.22,,True,0.8694794301662736,,0.895,US,True,,60.20953788617377,80.55426934883641,46.39774894659841,17.33749542665181,86.64122137404581,12.352941176470589,15.32567049808429,50.0,5.747126436781609,38.6,53.79112813843344,standard,133,238955213,False,55.7,False,36.97654941373534,89.19597989949749,70.51926298157454,50.041876046901166,50.041876046901166,50.041876046901166,2,SVAG,-8,UPPTREND,False,2,0.2857142857142857,LÅG,EJ AKTUELL,-0.8,0.875,SUSPICIOUS_FWD_PE;,2026-08-12,0,True
SMFG,"Sumitomo Mitsui Financial Group, Inc.",Financial Services,Banks - Diversified,Japan,USD,163534832230.9171,-3.7999195000000014,45.700630000000004,2.0863,-7.974928050000002,0.034676973,-11.634,,-0.10830999000000001,-0.024800000000000003,0.014432501499999958,0.030097509999999994,-0.49104999000000005,0.1535,0.14849999999999997,0.33,,,,,114327583457280.0,59157176647680.0,-54866114248704.0,328511145000000.0,,5791563000000.0,,,,,1582973000000.0,-10283139000000.0,2.3,0.18040001,0.59,3.39,0.25,1774915200.0,0.39,26.670000076293945,15.180000305175781,25.739999771118164,28.86099,,1.0,4.34,0.0019,4.0000003e-05,0.020450002,False,False,,0.887,2019027.0,1845750.0,0.66,-4.23,13.75,,,-5.09,0.313,41.4,1.56,,False,0.5192737584042663,,1.0,US,True,,29.835979511812507,59.16465160947334,75.29784788428287,67.41579634464752,39.69465648854962,67.52941176470588,,50.0,91.37931034482759,98.7,53.71091922626528,standard,134,47509605,False,49.5,False,36.97654941373534,20.938023450586265,97.52931323283082,50.041876046901166,50.041876046901166,50.041876046901166,1,SVAG,-8,UPPTREND,False,3,0.42857142857142855,LÅG,EJ AKTUELL,-5.3,0.75,,2026-08-12,0,True
CPG.L,Compass Group PLC,Consumer Cyclical,Restaurants,United Kingdom,USD,,5.996724999999998,5.410063500000005,1.6509,1.5438769199999995,1.1288662,1.308,2.505749999999998,0.06943002500000003,0.002589996999999983,-0.085540003,-0.12648000999999998,0.24072999,0.032,0.06000000000000001,0.163,21.302000000000003,-0.5332500000000002,0.622,1103937568.0,523000000.0,9130999808.0,63423811584.0,26715000000.0,,46070000000.0,,,3295000000.0,,1868000000.0,3366000000.0,2.12,0.5592,0.69,2.93,0.255,1781740800.0,0.653,436.71985387286986,240.39214640123015,,38.15,1.84211,20.0,,,0.00121,0.76821,False,False,,0.5,2867242.0,1970890.0,0.02,3.79,-0.46,,,-2.99,0.6704,63.6,2.07,,True,,,0.5,UK,True,78.3253406409378,48.776717394742285,44.55998868138087,47.0207295142043,43.379395611248775,,67.52941176470588,74.71264367816092,50.0,,50.0,53.69654841117233,standard,135,,True,51.3,False,36.97654941373534,50.041876046901166,80.23450586264657,50.041876046901166,50.041876046901166,50.041876046901166,5,NEUTRAL,0,UPPTREND,False,2,0.2857142857142857,LÅG,EJ AKTUELL,4.5,0.875,,2026-08-12,0,True
2269.HK,WuXi Biologics (Cayman) Inc.,Healthcare,Biotechnology,China,HKD,188312564081.87524,8.868997500000003,8.655324500000003,1.0742,0.07249630000000051,8.642149,8.386,8.928999999999998,0.009247495500000008,0.018064998999999988,0.058862485000000055,0.1198099955,0.07327,0.08499999999999999,0.24800000000000003,0.383,-9.080500000000004,1.3760000000000003,2.965,-49107834880.0,15732761600.0,3104066048.0,182727901184.0,63696738000.0,,21790018000.0,,,7056897000.0,,4908343000.0,6340922000.0,,0.0,,,,,0.598,45.97999954223633,28.479999542236328,45.86000061035156,47.199142,1.57692,23.0,,,0.09988,0.38194,False,False,,0.5,32186927.0,33523462.0,0.79,15.58,34.97,,,-0.91,0.4861,77.4,25.66,,True,1.378385336840177,,0.5,Asia,True,19.50978153307452,63.68553053619293,86.46974841796575,59.56381533707435,57.62905226366877,36.25954198473282,12.352941176470589,4.597701149425287,50.0,,50.0,53.64294516274172,standard,136,195919210,False,36.7,False,36.97654941373534,19.34673366834171,13.735343383584588,50.041876046901166,50.041876046901166,50.041876046901166,6,NEUTRAL,0,UPPTREND,False,2,0.2857142857142857,LÅG,EJ AKTUELL,9.5,0.875,,2026-08-12,0,True
STX,Seagate Technology Holdings PLC,Technology,Computer Hardware,Singapore,USD,184207600663.00537,24.847908499999996,-9.140056750000001,0.4836,153.965494725,15.105173,15.285,20.518000000000004,3.5057998150000005,0.21918997999999995,0.1522699845,0.2926350095,-0.03528998999999999,0.32099999999999995,1.213,1.652,119.24624999999999,0.06999999999999984,1.075,467395328.0,1704000000.0,3897999872.0,186401603584.0,9972000000.0,,12195000000.0,,,4226000000.0,,3184000000.0,3674000000.0,0.35,0.21149999,2.96,2.93,0.74,1790208000.0,2.102,1144.184150716912,147.34341935880727,812.760009765625,1115.8696,1.44,23.0,1.41,0.037,0.00232,0.84396005,False,False,,0.491,4675932.0,6249030.0,0.57,-6.58,1.52,,,-24.95,0.745,39.4,-7.72,,True,0.3879872017629412,,0.99,US,True,47.1637360127883,83.62821308224761,20.07768688583629,90.35374413872924,27.20940633782907,37.786259541984734,67.52941176470588,55.172413793103445,50.0,46.55172413793103,49.1,53.63490084407444,standard,137,5078961684,False,45.8,False,77.38693467336684,19.849246231155778,6.700167504187604,50.041876046901166,50.041876046901166,50.041876046901166,5,NEUTRAL,0,VARNING,False,3,0.42857142857142855,LÅG,EJ AKTUELL,12.3,0.875,SUSPICIOUS_FWD_PE;,2026-08-12,0,True
JYSK.CO,Jyske Bank A/S,Financial Services,Banks - Regional,Denmark,DKK,,-1.4682065000000026,-3.9260425000000048,0.6,-5.4109512,4.159924,30.893,,-0.10483001,-0.013855000000000001,0.06247750499999993,0.0,-0.40976003000000005,-0.1755,-0.3275,-0.165,,,,,101490999296.0,479152996352.0,437665234944.0,777056000000.0,,14437000000.0,,,,,5414000000.0,5391000000.0,2.37,0.301,25.0,,25.0,1773792000.0,0.358,1063.0,637.4164480186371,,1005.0,,5.0,,,0.30316,0.24233,False,False,,0.5,81295.0,62918.0,0.19,4.06,15.8,,,-1.8,0.1903,57.1,6.55,,True,,,1.0,Nordic,True,,35.590870278746635,70.57502015057193,30.85313784916478,88.14490861618799,,67.52941176470588,,50.0,,50.0,53.630744966055275,standard,138,,True,44.4,False,36.97654941373534,50.041876046901166,34.42211055276382,50.041876046901166,50.041876046901166,50.041876046901166,1,SVAG,-8,UPPTREND,False,3,0.42857142857142855,LÅG,EJ AKTUELL,-13.0,0.75,SUSPICIOUS_FWD_PE;,2026-08-12,0,True
RNR,RenaissanceRe Holdings Ltd.,Financial Services,Insurance - Reinsurance,Bermuda,USD,13374307597.019897,-14.586354,-9.229434000000001,3.62,-8.437783150000001,1.1978024,-0.594,,0.020750009999999985,0.022919997999999997,-0.02789750850000002,0.03787752999999999,-0.03755998999999999,-0.2265,-0.3015,-0.206,-64.99750000000002,-0.24049999999999994,1.179,1310935168.0,30444552192.0,2340133888.0,-6636758016.0,53800390000.0,,12776742000.0,,,,,2682334000.0,3693107000.0,0.51,0.028099999,1.64,0.75,0.41,1789430400.0,0.17,335.9700012207031,230.53012372909583,321.8699951171875,346.4,2.64706,15.0,4.25,0.051,0.023039998,1.0102301,False,False,,0.49,370737.0,303110.0,0.69,-1.06,6.96,,,-5.3,0.238,46.7,1.72,,False,0.4910479650228555,,1.0,US,True,,53.10741468710156,49.048635763406566,29.989376844690828,69.74281845747895,83.58778625954199,67.52941176470588,,50.0,33.33333333333333,49.0,53.59540285951164,standard,139,97562014,False,71.5,True,97.52931323283082,85.76214405360135,78.55946398659967,50.041876046901166,50.041876046901166,50.041876046901166,4,NEUTRAL,0,UPPTREND,False,2,0.2857142857142857,LÅG,EJ AKTUELL,3.5,0.875,SUSPICIOUS_FWD_PE;,2026-08-12,0,True
BAM.TO,Brookfield Asset Management Ltd.,Financial Services,Asset Management,United States,CAD,116867245592.80243,2.053248250000003,8.523427250000001,1.2089,5.485144949999999,20.371065,21.506,18.714250000000007,0.11892499750000002,0.10394998999999999,0.272852517,0.33969251500000003,0.32989999999999997,0.5135,0.27249999999999996,0.458,-13.585999999999999,-1.30775,1.224,,1503000064.0,4055000064.0,123381571584.0,17047000000.0,,4608000000.0,,,3034000000.0,,2485000000.0,2101000000.0,3.79,1.0743,2.82,,0.692,1788134400.0,1.254,84.03386346942958,57.49526220527826,73.19000244140625,77.776825,2.23529,4.0,9.13,0.0249,0.03568,0.89777,False,False,,0.5,1866477.0,1476780.0,0.79,,,,,,0.3023,75.5,,,True,0.9094782915715262,,0.879,Canada,True,,88.4359104029919,,78.15753199822288,27.92876247969711,45.038167938931295,29.64705882352941,,50.0,61.49425287356321,50.0,53.56352181977852,holding,140,77597481,False,35.8,False,36.97654941373534,24.036850921273032,2.554438860971524,50.041876046901166,50.041876046901166,50.041876046901166,6,NEUTRAL,0,UPPTREND,False,2,0.2857142857142857,LÅG,EJ AKTUELL,6.1,0.875,,2026-08-12,0,True
BNP.PA,BNP PARIBAS ACT.A,Financial Services,Banks - Regional,France,EUR,,-5.5548969999999995,-4.811827125000001,1.2042,-4.447622539999999,2.4390264,,,,,-0.005241271500000047,-0.028178752500000015,-0.42923000000000006,0.0295,0.3025,0.334,,,,,1143160045568.0,653543014400.0,,2792981000000.0,,68804000000.0,,,,,12225000000.0,46571000000.0,8.84,0.4464,9.95,6.92,2.57,1779062400.0,1.043,113.62000274658203,63.2448373359118,,116.74474,1.73684,19.0,,,0.11287,0.46963,False,False,,0.5,1914459.0,1656589.0,0.07,9.03,28.7,25.42,,-1.1,0.3012,64.8,8.6,,True,,,0.532,Europe,True,,32.44949494949495,84.04661458141933,60.01540272625142,47.712793733681465,,67.52941176470588,,50.0,,50.0,53.53041224765693,standard,141,,True,48.3,False,36.97654941373534,50.041876046901166,60.050251256281406,50.041876046901166,50.041876046901166,50.041876046901166,2,SVAG,-8,UPPTREND,False,3,0.42857142857142855,LÅG,EJ AKTUELL,-11.2,0.625,SUSPICIOUS_FWD_PE;,2026-08-12,0,True
SO,Southern Company (The),Utilities,Utilities - Regulated Electric,United States,USD,106627146127.04333,-1.2396819999999984,-1.7826937499999982,2.3727,,3.5331573,6.08,-3.751250000000002,-0.038114992,-0.008410001000000007,0.01855750149999999,0.08781000999999997,-0.008159990000000006,-0.061,0.22099999999999997,0.334,14.936499999999976,0.0019999999999998908,0.441,-5389729664.0,2984000000.0,77086998528.0,183502143488.0,155720000000.0,,29553000000.0,,,7285000000.0,,4341000000.0,9802000000.0,3.27,0.71809995,3.04,3.6,0.76,1786924800.0,0.327,99.26000213623047,82.46411171145235,92.69000244140625,100.925,2.66667,20.0,5.76,0.0318,0.00096000003,0.71412003,False,False,,0.587,5924451.0,6451270.0,0.74,-4.21,-0.84,,,-6.49,0.194,29.7,-2.62,,False,0.11686465099228496,,0.751,US,True,,49.99092982934813,34.10591483596577,54.40353133604431,77.34903897324176,46.18320610687023,67.52941176470588,29.50191570881226,50.0,52.29885057471264,58.699999999999996,53.48874723104317,standard,142,597968232,False,41.4,False,36.97654941373534,24.706867671691793,39.61474036850921,50.041876046901166,50.041876046901166,50.041876046901166,2,SVAG,-8,VARNING,False,2,0.2857142857142857,LÅG,EJ AKTUELL,-4.0,0.75,SUSPICIOUS_FWD_PE;,2026-08-12,0,True
O,Realty Income Corporation,Real Estate,REIT - Retail,United States,USD,59147085431.83136,12.298825,8.46562125,2.9836,-7.621614175,9.746957,15.1,-4.5685,-0.09135498750000001,-0.013409999000000002,-0.03769999750000001,0.102064985,0.43579000999999995,0.0305,0.6505,0.747,-28.654500000000006,0.6259999999999999,1.224,,552648000.0,30651652096.0,91630608384.0,72795612000.0,,5749377000.0,,,2593823000.0,,1058590000.0,3994754000.0,5.21,2.3641999,3.25,5.07,0.271,1785456000.0,,66.8675622936674,53.77472854368447,62.5099983215332,68.0625,2.5,20.0,6.42,0.048899997,0.00124,0.78979,False,False,,0.494,5815825.0,5217540.0,0.9640213774326913,-0.63,2.48,1.23,,-0.06516708285247119,0.1650592385511375,25.97500862602527,0.001046493173552987,0.03942891623600153,False,0.11567023842818903,,0.0,US,True,,51.04918254055146,56.42334902097212,56.01470022270706,84.59434713375796,61.832061068702295,29.64705882352941,,50.0,34.48275862068966,49.4,53.30820344136844,standard,143,326148417,False,43.9,False,36.97654941373534,69.84924623115577,11.390284757118927,50.041876046901166,50.041876046901166,50.041876046901166,3,SVAG,-8,UPPTREND,False,1,0.14285714285714285,LÅG,EJ AKTUELL,-6.9,0.75,,2026-08-12,0,True
RAA.DE,RATIONAL Aktiengesellschaft,Industrials,Specialty Industrial Machinery,Germany,EUR,,0.9061690000000029,5.490345124999999,3.2609,0.5985067000000008,5.8524694,5.693,-0.7885000000000009,0.09839499599999998,0.14627500000000002,0.09075125149999998,0.11478870249999998,0.16475996999999998,-0.051,0.040999999999999995,0.153,,2.725,2.009,-793335593.0,205980000.0,0.0,7372125184.0,1183080000.0,,1259558000.0,,,334177000.0,,253847000.0,253079000.0,2.4,0.66550004,16.0,1.52,20.0,1777507200.0,,752.2153927478927,585.1102655540334,,794.4286,1.85714,14.0,,,0.552,0.29748,False,False,,0.5,10031.0,9281.0,0.12,0.55,-2.37,-12.41,,-12.41,0.2771,50.5,-2.3,,True,,,0.863,Europe,True,,77.53845590156308,20.819873077937594,48.71605521267534,74.86863057324841,,67.52941176470588,14.17624521072797,50.0,,50.0,53.28527091675174,standard,144,,True,42.8,False,36.97654941373534,50.041876046901166,23.701842546063652,50.041876046901166,50.041876046901166,50.041876046901166,4,NEUTRAL,0,VARNING,False,3,0.42857142857142855,LÅG,EJ AKTUELL,8.5,0.625,,2026-08-12,0,True
GMG.AX,GOOD GROUP STAPLED [GMG],Real Estate,REIT - Diversified,Australia,AUD,,0.5114292500000008,-9.040830749999998,2.72,-0.11672398749999968,,20.144,9.911499999999998,0.0417300075,0.021369998999999997,0.3024762494999999,0.14158623749999993,0.5511199999999999,-0.2235,-0.0805,0.031,-159.6415,2.4829999999999997,2.375,104987648.0,2963399936.0,4179800064.0,62457950208.0,31565300000.0,,2068600000.0,,,503900000.0,,1666400000.0,,1.0,0.35759997,0.3,1.18,0.15,1782691200.0,1.038,36.957314084852634,24.444910328485406,29.950000762939453,34.84643,1.57143,14.0,,,0.02533,0.55429,False,False,,0.5,3940138.0,2857860.0,0.93,1.64,-4.81,-3.71,,-8.65,0.2824,53.6,-2.51,,True,0.6990641375874097,,0.5,Australia,True,51.643957270812706,80.307079512218,28.308176763185248,23.916625987961933,62.52343078722567,,67.52941176470588,52.490421455938694,50.0,,50.0,53.26204781645066,standard,145,60442698,False,46.8,False,36.97654941373534,50.041876046901166,50.041876046901166,50.041876046901166,50.041876046901166,50.041876046901166,4,NEUTRAL,0,VARNING,False,3,0.42857142857142855,LÅG,EJ AKTUELL,-5.7,0.875,SUSPICIOUS_FWD_PE;,2026-08-12,0,True
TXN,Texas Instruments Incorporated,Technology,Semiconductors,United States,USD,261261885748.03265,5.889750499999998,3.676477249999998,1.2506,1.9212067249999998,13.430416,13.793,7.298,0.14227001500000003,0.05623,0.2022900045,0.2877049895,0.09220001000000005,0.064,0.243,0.529,17.402249999999995,3.2570000000000006,3.245,2068895360.0,7000999936.0,14051999744.0,268312903680.0,34585000000.0,,17682000000.0,,,6140000000.0,,5001000000.0,7153000000.0,2.04,0.85410005,5.68,2.71,1.42,1785456000.0,1.325,332.32845736493783,150.20339205353042,286.0799865722656,324.4516,2.16667,31.0,1.61,0.019199999,0.00278,0.92016,False,False,,0.631,8780846.0,8343880.0,0.62,-7.48,-4.23,,,-14.93,0.5044,42.2,-3.84,,True,0.566260980292056,,0.605,US,True,61.19991880439471,80.84672642581113,18.01161015931814,64.98903196002026,53.614733872711255,30.916030534351147,67.52941176470588,62.45210727969349,50.0,75.86206896551724,63.1,53.25309731193332,standard,146,2387017078,False,46.3,False,80.06700167504187,17.001675041876048,7.956448911222782,50.041876046901166,50.041876046901166,50.041876046901166,7,STARK,8,VARNING,False,4,0.5714285714285714,MEDEL,EJ AKTUELL,16.2,0.875,,2026-08-12,0,True
207940.KS,"Samsung Biologics Co.,Ltd.",Healthcare,Biotechnology,South Korea,KRW,72028719756000.0,,17.501914500000005,2.4111,,14.960647,14.865,11.573999999999998,0.07535749550000001,0.043484998999999996,0.223682495,0.2504199655,0.16210000000000002,0.171,0.10500000000000001,0.249,0.14449999999999807,-0.3099999999999997,0.81,1063481911296.0,1652953972736.0,1194488102912.0,71570252890112.0,11060741976830.0,,4556971695180.0,,,2069221266710.0,,1784352060590.0,2247807426550.0,,0.0,,,,,0.214,1987000.0,1228000.0,1556000.0,1975520.0,1.4,25.0,,,0.74373,0.16384001,False,False,,0.5,66094.0,77230.0,1.18,13.23,9.86,,,-12.88,0.4812,63.3,10.18,,True,0.8760854361337129,,0.217,Asia,True,63.792342239476284,79.48540286155702,37.9469568349025,50.74140193673082,61.024159751209865,1.5267175572519083,12.352941176470589,71.26436781609196,50.0,,50.0,53.228563689730876,standard,147,87724012,False,44.7,False,83.08207705192629,2.554438860971524,6.78391959798995,50.041876046901166,50.041876046901166,50.041876046901166,6,NEUTRAL,0,UPPTREND,False,3,0.42857142857142855,LÅG,EJ AKTUELL,-4.0,0.625,,2026-08-12,0,True
ADDT-B.ST,Addtech AB (publ.),Industrials,Industrial Distribution,Sweden,SEK,,16.0391475,23.46086974999999,4.1,2.956593299999999,4.19777,4.46,8.0795,0.04239002200000003,0.037605003999999984,-0.04919999800000001,-0.06568252499999999,-0.07411003,-0.036,0.03599999999999999,0.14,9.932374999999999,0.44399999999999995,1.093,1720142368.0,1396999936.0,6833999872.0,102750306304.0,21310000000.0,,22703000000.0,,,3009000000.0,,2147000000.0,2996000000.0,1.01,0.3879,3.6,0.95,3.6,1787788800.0,1.133,365.3999938964844,283.20001220703125,,382.42856,,7.0,,,0.01952,0.71898,False,False,,0.5,373535.0,318379.0,0.06,2.08,5.65,,,-4.07,0.2706,52.2,2.28,,True,,,0.3,Nordic,True,68.91806855953922,49.01096327732217,49.40727307026118,33.355173906768655,63.39364990603848,,67.52941176470588,74.32950191570882,50.0,,50.0,53.2227792617593,standard,148,,True,44.4,False,36.97654941373534,50.041876046901166,33.91959798994975,50.041876046901166,50.041876046901166,50.041876046901166,4,NEUTRAL,0,UPPTREND,False,3,0.42857142857142855,LÅG,EJ AKTUELL,-2.4,0.875,,2026-08-12,0,True
000660.KS,SK hynix Inc.,Technology,Semiconductors,South Korea,KRW,1009413655002000.0,,-13.60624725,0.2086,,5.3359942,4.97,-10.525000000000002,0.7933400024999998,0.28163000000000005,0.6949375030000001,0.59646004,0.31545999999999996,2.404,12.461,12.425,-0.28474999999999984,15.704000000000002,15.254,,87958002597888.0,18585999114240.0,940247999315968.0,176107659000000.0,,97146675000000.0,,,47206319000000.0,,42919287000000.0,53373126000000.0,0.21,0.028399998,3000.0,1.05,375.0,1787875200.0,2.413,2987000.0,243980.484375,1422000.0,3164331.8,1.33333,39.0,,,0.20211,0.39374,False,False,,0.5,6095566.0,6989376.0,0.74,-21.38,-23.87,,,-48.48,1.1275,37.7,-27.41,,False,0.1631497129888982,,1.0,Asia,True,,95.0672398991347,2.6375812453910923,98.03097135087258,34.455313537664985,0.7633587786259541,67.52941176470588,,50.0,,50.0,53.113569289986295,standard,149,7255391651,False,36.1,False,36.97654941373534,2.554438860971524,26.633165829145728,50.041876046901166,50.041876046901166,50.041876046901166,7,STARK,8,VARNING,False,3,0.42857142857142855,LÅG,EJ AKTUELL,-1.3,0.625,SUSPICIOUS_FWD_PE;,2026-08-12,0,True
SVS.L,Savills plc,Real Estate,Real Estate Services,United Kingdom,GBp,,-5.175211500000003,-11.970371750000002,,-2.2478773050000003,0.63598454,0.578,-6.695250000000001,-0.027344977499999992,0.0,-0.26229499800000006,-0.37926501,0.5166500199999998,-0.003500000000000003,0.3225,0.362,-30.546499999999998,0.5022499999999999,1.12,-751912488.0,531600000.0,619299968.0,1475033088.0,2351200000.0,,2550900000.0,,,89900000.0,,70900000.0,172300000.0,2.37,0.44419998,0.23,2.08,0.264,1775692800.0,1.244,13907.664950220751,9926.991056858253,,1304.667,1.16667,6.0,,,0.06274,0.75097,False,False,,0.5,507644.0,380187.0,0.06,5.94,21.11,0.03,,-3.79,0.2663,78.3,9.43,,True,,,0.5,UK,True,,39.902375101592284,58.83150365323541,53.70337672159353,54.26470816495095,,67.52941176470588,,50.0,,50.0,53.10043227302388,standard,150,,True,52.9,False,36.97654941373534,50.041876046901166,90.61976549413735,50.041876046901166,50.041876046901166,50.041876046901166,4,NEUTRAL,0,UPPTREND,False,1,0.14285714285714285,LÅG,EJ AKTUELL,5.6,0.875,SUSPICIOUS_FWD_PE;,2026-08-12,0,True
ENVA,"Enova International, Inc.",Financial Services,Credit Services,United States,USD,6290324434.24324,-1.1850425000000016,-4.811313,,-5.453922650000002,3.718165,6.621,,0.06681000999999998,0.025889999999999996,-0.05363749850000003,-0.07942247000000002,0.34186001,0.2165,0.1975,0.38,259.8065,18.5535,19.122,,135266000.0,5045454848.0,11200513024.0,6468432000.0,,3151653000.0,,,406727000.0,,308389000.0,1819121000.0,,0.0,,,,,1.234,265.5400085449219,102.75499725341797,252.63999938964844,277.14285,1.28571,7.0,4.67,0.1084,0.04531,0.97379,False,False,,0.187,346912.0,357790.0,0.55,,,,,,0.4006,69.7,,,True,0.6947710352625317,,0.944,US,True,,57.450867857331126,,76.30594949049038,45.11171650230331,90.83969465648855,12.352941176470589,,50.0,18.39080459770115,18.7,52.98883578997308,standard,151,90392065,False,51.4,False,36.97654941373534,92.71356783919597,38.19095477386934,50.041876046901166,50.041876046901166,50.041876046901166,5,NEUTRAL,0,UPPTREND,False,1,0.14285714285714285,LÅG,EJ AKTUELL,8.3,0.875,SUSPICIOUS_FWD_PE;,2026-08-12,0,True
NU,Nu Holdings Ltd.,Financial Services,Banks - Regional,Brazil,USD,52701113369.51697,1.4301774999999992,-5.110335000000001,0.8433,-4.307766850000002,8.803502,7.576,,0.10655000999999997,0.019379999999999994,0.1554925015,0.10344753000000001,-0.49104999000000005,0.3425,0.35750000000000004,0.565,,,,,15906660352.0,6147460096.0,57530347520.0,74893877000.0,,10626855000.0,,,,,2868892000.0,3500464000.0,,0.0,,,,,0.942,18.979999542236328,11.199999809265137,13.84000015258789,17.98182,1.63636,22.0,2.06,0.041100003,0.018480001,0.8163,False,False,,0.77,75435617.0,52306160.0,1.46,,,,,,0.4037,40.1,,,False,0.23968458193447148,,0.498,US,True,,59.9512386003755,,66.2937182882967,40.612597911227155,63.358778625954194,12.352941176470589,,50.0,43.103448275862064,77.0,52.95849968582894,standard,152,723917262,False,44.4,False,36.97654941373534,70.77051926298158,13.23283082077052,50.041876046901166,50.041876046901166,50.041876046901166,2,SVAG,-8,UPPTREND,False,1,0.14285714285714285,LÅG,EJ AKTUELL,-5.7,0.75,SUSPICIOUS_FWD_PE;,2026-08-12,0,True
SGSN.SW,SGS SA,Industrials,Consulting Services,Switzerland,CHF,,-0.16171699999999856,1.3730861249999986,5.4366,12.061257,2.6609871,3.221,-2.692500000000001,0.5398649959999999,0.020714994999999993,-0.0225987485,-0.04426126750000002,0.01262000000000002,-0.017,-0.149,-0.016,392.45625000000007,-0.246,0.932,-38374976.0,1300000000.0,5216000000.0,23207073792.0,7883000000.0,,6945000000.0,,,957000000.0,,668000000.0,1223000000.0,3.31,0.9412,3.2,3.61,3.2,1775088000.0,0.579,98.76000213623047,76.91934931784853,,101.63158,2.31579,19.0,,,0.14262,0.45731,False,False,,0.5,341423.0,350613.0,0.05,0.46,10.97,,,-2.98,0.1853,46.9,1.49,,True,,,0.5,Europe,True,,58.78893743305626,60.468436487112214,28.084675730589534,52.559878639969405,,67.52941176470588,42.5287356321839,50.0,,50.0,52.92955369034158,standard,153,,True,47.8,False,36.97654941373534,50.041876046901166,56.951423785594635,50.041876046901166,50.041876046901166,50.041876046901166,3,SVAG,-8,UPPTREND,False,2,0.2857142857142857,LÅG,EJ AKTUELL,-13.2,0.875,SUSPICIOUS_FWD_PE;,2026-08-12,0,True
SYY,Sysco Corporation,Consumer Defensive,Food Distribution,United States,USD,40336443010.81978,-4.400968750000002,-4.683023500000001,1.6257,,0.47705513,0.633,-4.846,0.552450015,0.008180006,-0.06701499350000001,-0.070835005,-0.30608998,0.0085,0.0,0.038,436.74100000000004,0.366,0.729,476770304.0,1786000000.0,14967000064.0,53517443072.0,26774000000.0,,81370000000.0,,,3088000000.0,,1828000000.0,2510000000.0,2.61,0.59290004,2.2,2.58,0.55,1782950400.0,0.636,90.5624908257144,67.2341471705827,84.29000091552734,89.30769,2.4,13.0,4.33,0.0387,0.00154,0.90128,False,False,,0.776,3540190.0,4564890.0,0.65,1.7,16.22,,,-6.26,0.2996,60.7,3.81,,False,0.6677493105395664,,0.679,US,True,,46.175749291967676,57.85700811167704,43.87749767247064,49.21373438825231,70.22900763358778,67.52941176470588,64.75095785440614,50.0,45.40229885057471,77.60000000000001,52.83415114372573,standard,154,384774582,False,69.7,False,88.19095477386935,73.70184254606366,93.63484087102178,50.041876046901166,50.041876046901166,50.041876046901166,3,SVAG,-8,UPPTREND,False,1,0.14285714285714285,LÅG,EJ AKTUELL,-3.8,0.75,SUSPICIOUS_FWD_PE;,2026-08-12,0,True
GJF.OL,GJENSIDIGE FORSIKRING,Financial Services,Insurance - Property & Casualty,Norway,NOK,,8.227497499999998,1.3360914999999949,1.62,-0.08393530000000027,,1.464,-4.3980000000000015,0.06474999999999999,0.009784999999999999,-0.16277249500000004,-0.21265999999999996,-0.03646000999999999,-0.0345,-0.2785,-0.076,-34.483125,40.90749999999999,41.455,4563092256.0,76956696576.0,5353699840.0,69629124608.0,191899400000.0,,44936300000.0,,,,,6556100000.0,,3.54,0.7825,10.0,4.05,14.5,1774569600.0,0.199,285.9179780691262,240.62403639310895,,291.65625,,16.0,,,0.62237,0.26708,False,False,,0.5,292870.0,190344.0,0.07,-1.27,12.15,,,-1.9,0.1857,44.3,3.03,,False,,,0.002,Nordic,True,,39.147978900086486,65.1510864159421,15.112062756983297,95.13329439058056,,67.52941176470588,93.86973180076629,50.0,,50.0,52.78546557056039,standard,155,,True,46.8,False,36.97654941373534,50.041876046901166,50.041876046901166,50.041876046901166,50.041876046901166,50.041876046901166,5,NEUTRAL,0,UPPTREND,False,3,0.42857142857142855,LÅG,EJ AKTUELL,-10.8,0.875,SUSPICIOUS_FWD_PE;,2026-08-12,0,True
SPOT,Spotify Technology S.A.,Communication Services,Internet Content & Information,Sweden,USD,100353876840.18738,2.643395499999997,7.687617999999999,1.6595,0.30812099999999987,5.540434,5.181,19.926999999999996,0.22014,0.05844000399999999,0.06879500050000001,-0.04583499500000002,-0.16338000999999996,0.07800000000000001,,,-76.796,1.0440000000000003,1.599,65020288.0,6984999936.0,466000000.0,93834870784.0,15015000000.0,,17186000000.0,,,2198000000.0,,2212000000.0,2933000000.0,,0.0,,,,,1.581,748.2999877929688,405.0,488.1400146484375,607.4705,1.575,38.0,3.89,0.041500002,0.23458,0.69004995,False,False,,0.624,2036246.0,2464060.0,0.57,,,,,,0.4662,62.2,,,False,0.4903992905864813,,0.838,US,True,44.41221993859582,60.909955493456096,,67.55806938159878,38.69635531866536,48.854961832061065,12.352941176470589,50.95785440613027,50.0,41.95402298850575,62.4,52.75396104454441,standard,156,1202806284,False,49.6,False,77.63819095477386,25.795644891122276,25.29313232830821,50.041876046901166,50.041876046901166,50.041876046901166,4,NEUTRAL,0,UPPTREND,False,2,0.2857142857142857,LÅG,EJ AKTUELL,6.6,0.875,EXTREME_EARNINGS_GROWTH;,2026-08-12,0,True
BLND.L,BLND.L,Real Estate,REIT - Diversified,United Kingdom,GBp,,-15.244689500000003,-8.103603750000001,5.86,-3.2613307450000004,7.3742156,11.98,1.6387500000000008,-0.042394982499999984,-0.0050000000000000044,0.44692494199999994,0.17211499000000005,0.27801001999999997,0.004500000000000004,-0.0205,0.031,-54.43350000000001,-0.34675000000000006,0.277,-651812480.0,202000000.0,3150000128.0,7379536384.0,9360000000.0,,523000000.0,,,300000000.0,,454000000.0,,5.23,0.5051,0.23,5.5,0.108,1781740800.0,1.181,5787.686901287234,4031.491744766469,,454.875,2.17647,16.0,,,0.00274,0.88051003,False,False,,0.5,4856610.0,4646984.0,0.03,2.4,17.92,7.17,,-2.95,0.2711,56.0,2.63,,False,,,0.5,UK,True,39.486184060287734,67.65703936769773,62.31856523028,36.23096307364048,41.98201426884635,,67.52941176470588,17.24137931034483,50.0,,50.0,52.70833941652022,standard,157,,True,41.8,False,36.97654941373534,50.041876046901166,16.834170854271356,50.041876046901166,50.041876046901166,50.041876046901166,3,SVAG,-8,UPPTREND,False,3,0.42857142857142855,LÅG,EJ AKTUELL,-9.4,0.875,SUSPICIOUS_FWD_PE;,2026-08-12,0,True
AFL,AFLAC Incorporated,Financial Services,Insurance - Life,United States,USD,62586245076.553345,-6.531444500000001,-0.591272,1.18,-7.46174475,3.4555128,3.87,-0.8810000000000002,-0.029309990000000008,0.0018600000000000005,-0.007787478500000014,-0.08319247000000002,0.009449969999999974,0.18450000000000003,38.3985,34.138,-28.932500000000005,-0.6575,0.814,3446770560.0,8270000128.0,14464000000.0,70102147072.0,116470000000.0,,17355000000.0,,,,,3646000000.0,2555000000.0,1.94,0.26860002,2.44,2.16,0.61,1779235200.0,0.595,130.22000122070312,99.37018962420142,124.61000061035156,117.78571,3.07143,14.0,5.07,0.031600002,0.10786,0.59117,False,False,,0.775,2406485.0,2067200.0,0.77,-0.8,4.77,,,-6.55,0.1688,42.9,0.15,,False,0.43488754813471053,,0.442,US,True,,44.20309217077583,40.41261511550136,73.3458280627881,59.839475478538525,59.92366412213741,67.52941176470588,91.57088122605363,50.0,53.16091954022989,77.5,52.542405681775215,standard,158,257593793,False,63.3,False,97.52931323283082,69.26298157453937,40.28475711892797,50.041876046901166,50.041876046901166,50.041876046901166,6,NEUTRAL,0,UPPTREND,False,2,0.2857142857142857,LÅG,EJ AKTUELL,10.0,0.875,SUSPICIOUS_FWD_PE;,2026-08-12,0,True
FRES.L,FRES.L,Basic Materials,Other Precious Metals & Mining,Mexico,GBp,,-5.453483250000005,-1.2376130000000014,1.56,1.4745751699999994,,3.309,-6.404750000000001,0.357360016,0.27804999999999996,0.22538999,0.37429499999999993,0.18154001999999997,0.642,1.9579999999999997,2.276,-56.286,4.731250000000001,5.525,1129649440.0,2503113984.0,853481024.0,19877969920.0,7279268000.0,,4561231000.0,,,2291228000.0,,1383988000.0,2289707000.0,4.09,0.4147,1.12,2.18,0.434,1786579200.0,0.702,54391.81200144534,20935.91053269131,,3330.2021,2.85714,14.0,,,0.74994004,0.14472,False,False,,0.5,995304.0,800870.0,0.08,18.85,-10.37,-20.66,,-30.89,0.5797,80.8,7.74,,True,,,0.5,UK,True,,89.36445735672955,8.670225580242558,79.0805806230704,57.60105436463721,,67.52941176470588,92.72030651340997,50.0,,50.0,52.51611046148791,commodity,159,,True,46.8,False,36.97654941373534,50.041876046901166,50.041876046901166,50.041876046901166,50.041876046901166,50.041876046901166,7,STARK,8,UPPTREND,False,3,0.42857142857142855,LÅG,EJ AKTUELL,25.5,0.875,SUSPICIOUS_FWD_PE;,2026-08-12,0,True
SHOP,Shopify Inc.,Technology,Software - Application,Canada,USD,184851904891.7282,63.22464050000001,38.26382124999999,2.6115,3.1884287250000005,14.822935,14.338,58.54899999999999,-0.054059985000000005,0.027509999999999993,0.036480004500000024,0.037485009499999986,-0.013399989999999973,0.17300000000000001,0.406,0.658,-59.23075,3.753,3.718,111395328.0,4946999808.0,178000000.0,190247616512.0,15189000000.0,,11556000000.0,,,1885000000.0,,1231000000.0,2033000000.0,,0.0,,,,,2.59,182.19000244140625,94.0,151.57000732421875,165.91304,1.69231,46.0,3.18,0.0218,0.00233,0.73245,False,False,,0.499,10391861.0,15553500.0,0.39,,,,,,0.6398,74.1,,,True,1.1060628838846729,,0.692,US,True,38.978457790972065,53.41774254560285,,74.5838570274408,36.44820613881914,37.404580152671755,12.352941176470589,50.57471264367817,50.0,68.10344827586206,49.9,52.429644828117475,standard,160,2357444109,False,45.6,False,76.29815745393634,19.765494137353436,6.867671691792294,50.041876046901166,50.041876046901166,50.041876046901166,6,NEUTRAL,0,UPPTREND,False,1,0.14285714285714285,LÅG,EJ AKTUELL,2.2,0.875,,2026-08-12,0,True
UCG.MI,UNICREDIT,Financial Services,Banks - Regional,Italy,EUR,,-3.3099099999999995,-3.2367181249999994,0.9818,-3.5521074000000006,,7.313,,-0.046675005999999984,-0.010385001,0.16570872849999996,0.26595130749999984,-0.42923000000000006,-0.1865,-0.3065,-0.131,,,,,192975994880.0,247794008064.0,181669576704.0,870238000000.0,,25039000000.0,,,,,10915000000.0,8525000000.0,3.72,0.4464,3.15,4.08,1.7208,1776643200.0,1.06,85.88999938964844,55.98547169258355,,91.275,2.0,16.0,,,0.0,0.55135,False,False,,0.5,5156638.0,4724021.0,0.1,3.08,18.83,17.02,,-0.91,0.3542,54.6,6.22,,True,,,0.693,Europe,True,,50.911477567439036,73.95520815724551,21.906370002178964,41.07114882506527,,67.52941176470588,,50.0,,50.0,52.361603718281614,standard,161,,True,46.8,False,36.97654941373534,50.041876046901166,50.041876046901166,50.041876046901166,50.041876046901166,50.041876046901166,1,SVAG,-8,UPPTREND,False,2,0.2857142857142857,LÅG,EJ AKTUELL,-9.2,0.75,SUSPICIOUS_FWD_PE;,2026-08-12,0,True
FSV.TO,FirstService Corporation,Real Estate,Real Estate Services,Canada,CAD,8818767527.583618,-0.022397249999993818,-5.1020094999999985,,0.21520412500000008,1.575548,1.914,-2.5592499999999982,0.04131,0.015050000000000001,-0.170080002,-0.26417998000000004,-0.06641000000000002,-0.0405,-0.057499999999999996,-0.018,18.072000000000006,0.022749999999999992,1.202,0.0,173351008.0,1559298048.0,10712153088.0,4283713000.0,,5497500000.0,,,350199000.0,,145047000.0,445941000.0,0.87,0.32860002,1.73,0.58,0.433,1782777600.0,0.908,288.137469113826,169.2356064365207,200.77999877929688,235.5508,1.7,1.0,8.19,,0.09319,0.80563,False,False,,0.5,140662.0,150150.0,0.84,,,,,,0.3167,46.8,,,False,0.4803541235982433,,0.873,Canada,True,,37.19098856894923,,39.63533415964163,57.78105719179791,88.16793893129771,67.52941176470588,47.31800766283525,50.0,,50.0,52.16531791157169,standard,162,21643418,False,56.1,False,36.97654941373534,90.03350083752095,72.19430485762143,50.041876046901166,50.041876046901166,50.041876046901166,3,SVAG,-8,UPPTREND,False,1,0.14285714285714285,LÅG,EJ AKTUELL,-9.9,0.875,SUSPICIOUS_FWD_PE;,2026-08-12,0,True
AMAT,"Applied Materials, Inc.",Technology,Semiconductor Equipment & Materials,United States,USD,428055298720.4651,13.015335499999999,7.80079125,1.2826,5.319615724999999,14.7483225,14.715,25.160999999999998,0.187430045,0.07421999999999998,0.18432000450000002,0.1808950095,-0.0014899899999999966,-0.05,0.06,0.313,-30.234750000000005,0.9079999999999999,1.624,1564020352.0,8240999936.0,7267999744.0,427082285056.0,36299000000.0,,28368000000.0,,,8470000000.0,,6998000000.0,7958000000.0,0.4,0.1731,2.12,0.79,0.53,1787184000.0,1.618,739.6699829101562,153.78458584516943,539.1400146484375,629.0571,1.46154,35.0,1.34,0.0211,0.00321,0.84469,False,False,,0.448,9679554.0,7568090.0,0.97,-11.77,22.05,,,-27.3,0.7063,45.2,-5.48,,True,0.5316774185265852,,0.906,US,True,46.71665271117201,77.69750901224205,45.29934317710209,55.322367061992935,32.07142184009357,24.427480916030532,67.52941176470588,57.08812260536399,50.0,71.26436781609196,44.800000000000004,52.12331046811454,standard,163,4080260153,False,44.9,False,76.96817420435511,14.07035175879397,6.95142378559464,50.041876046901166,50.041876046901166,50.041876046901166,4,NEUTRAL,0,VARNING,False,2,0.2857142857142857,LÅG,EJ AKTUELL,8.7,0.875,,2026-08-12,0,True
COST,Costco Wholesale Corporation,Consumer Defensive,Discount Stores,United States,USD,420338083255.4158,20.414512249999994,21.4405055,4.6182,14.564604824999996,1.4317328,1.426,13.762,0.06705001499999999,0.013770004999999997,-0.0576949935,-0.084235002,-0.36228998,0.1765,0.403,0.456,-64.40500000000002,0.16100000000000014,0.564,5478020480.0,11125999616.0,10227999744.0,418664087552.0,77099000000.0,,275235000000.0,,,10383000000.0,,8099000000.0,13335000000.0,0.62,0.2701,5.88,0.59,1.47,1784851200.0,0.86,1094.7594789612422,840.3509938826251,947.8200073242188,1077.3143,2.0,35.0,2.55,0.015700001,0.0016,0.73806,False,False,,0.411,2415429.0,2064450.0,0.94,2.61,-7.44,,,-13.57,0.2044,58.5,-0.52,,True,0.6011847919172456,,0.851,US,True,61.3288168277892,41.408709159612414,17.56829757678654,75.80028701479148,67.67357450122788,25.190839694656486,67.52941176470588,69.73180076628353,50.0,82.18390804597702,41.099999999999994,52.05818894693032,standard,164,1956727014,False,56.5,False,82.49581239530988,14.321608040201006,74.5393634840871,50.041876046901166,50.041876046901166,50.041876046901166,5,NEUTRAL,0,VARNING,False,4,0.5714285714285714,MEDEL,EJ AKTUELL,0.8,0.875,,2026-08-12,0,True
RMS.PA,HERMES INTL,Consumer Cyclical,Luxury Goods,France,EUR,,14.051793,14.926405375000003,3.5835,2.814227,10.61964,9.998,3.2935,0.041434999000000035,0.11188500699999997,0.18607124449999995,0.27376370249999993,0.28417999999999993,-0.059,-0.106,-0.004,-61.69175,3.3325,3.632,4120125056.0,12309999616.0,2280000000.0,161277411328.0,24322000000.0,,16001000000.0,,,6695000000.0,,4524000000.0,5374000000.0,1.11,0.4186,18.0,0.66,13.0,1776729600.0,1.0,2277.054886655859,1465.5,,1897.591,2.0,22.0,,,0.66982,0.10232,False,False,,0.5,99786.0,127806.0,0.07,-2.04,2.25,-25.15,,-25.15,0.3866,43.4,-1.68,,False,,,0.5,Europe,True,82.76547156885134,82.96056423615637,16.194142900424733,25.975364622685557,56.67936533014031,,67.52941176470588,82.75862068965517,50.0,,50.0,52.00942686106942,standard,165,,True,40.8,False,36.97654941373534,50.041876046901166,10.217755443886096,50.041876046901166,50.041876046901166,50.041876046901166,5,NEUTRAL,0,VARNING,False,3,0.42857142857142855,LÅG,EJ AKTUELL,,0.875,,2026-08-12,0,True
GILD,"Gilead Sciences, Inc.",Healthcare,Drug Manufacturers - General,United States,USD,165174434522.4442,,-7.710129499999999,2.1441,3.3315679499999993,5.4232016,6.197,-5.553000000000001,-0.38997249199999995,0.07839499899999999,-0.2197149935,0.236784995,0.30502005,0.015,,,158.2755,-0.6340000000000001,0.747,10694520192.0,3179000064.0,26598000640.0,188732604416.0,59023000000.0,,29442000000.0,,,11701000000.0,,8510000000.0,10019000000.0,2.51,0.43400002,3.28,3.62,0.82,1789430400.0,0.336,155.3805941192722,106.44034949748199,133.2100067138672,157.40741,1.68966,27.0,3.06,0.020399999,0.00114,0.91949,False,False,,0.817,7729379.0,7935390.0,0.69,4.41,1.28,,,-11.48,0.2614,60.5,4.83,,False,0.664542087276153,,0.936,US,True,,54.84491355025277,28.263106446468075,66.38009049773756,49.20418440571419,39.31297709923664,67.52941176470588,92.33716475095785,50.0,72.41379310344827,91.69999999999999,51.9677045076264,standard,166,1057073355,False,53.9,False,97.52931323283082,20.85427135678392,25.963149078726964,50.041876046901166,50.041876046901166,50.041876046901166,5,NEUTRAL,0,UPPTREND,False,2,0.2857142857142857,LÅG,EJ AKTUELL,-4.4,0.75,EXTREME_EARNINGS_GROWTH;SUSPICIOUS_FWD_PE;,2026-08-12,0,True
WDC,Western Digital Corporation,Technology,Computer Hardware,United States,USD,,-17.908817499999998,-10.175056750000001,0.4881,,,11.725,9.568,1.0990400149999997,0.13195999999999997,0.6206500045,0.29054500949999995,-0.002539989999999992,0.274,9.572,10.33,-48.76575000000001,-0.27100000000000013,0.85,842145408.0,1579000064.0,1052000000.0,151477993472.0,14002000000.0,,9520000000.0,,,2130000000.0,,1861000000.0,1691000000.0,0.13,0.020599999,0.6,3.23,0.15,1788825600.0,2.217,799.8699951171875,72.942326427254,434.29998779296875,665.25,1.57692,24.0,2.24,0.0761,0.00565,1.00126,False,False,,0.464,8512719.0,9757930.0,0.65,-22.26,-10.37,,,-41.31,0.8601,32.5,-21.44,,False,0.028335789578553358,,0.982,US,True,57.603968435208444,86.42398637982743,7.696232271784055,92.79886856604382,14.582900944049934,,34.705882352941174,60.15325670498084,50.0,22.413793103448278,46.400000000000006,51.94281958791609,standard,167,4237868880,False,46.8,False,36.97654941373534,50.041876046901166,50.041876046901166,50.041876046901166,50.041876046901166,50.041876046901166,5,NEUTRAL,0,VARNING,False,2,0.2857142857142857,LÅG,EJ AKTUELL,13.6,0.75,SUSPICIOUS_FWD_PE;,2026-08-12,0,True
3968.HK,"China Merchants Bank Co., Ltd.",Financial Services,Banks - Regional,China,HKD,223485070453.99185,-6.086412999999999,-3.3061403999999985,1.2623,-1.3547608,4.108638,0.423,,0.0012399974999999994,0.002020000000000001,0.18768,0.21192253049999998,-0.38651,-0.0775,-0.1945,0.015,,,,,1800973058048.0,691305971712.0,126265081856.0,13070523000000.0,,332059000000.0,,,,,150181000000.0,451457000000.0,9.17,0.5249,4.46,4.88,1.153271,1782950400.0,0.462,51.45000076293945,42.383186143646626,48.68000030517578,58.67166,1.78947,19.0,,,0.17571,0.55135,False,False,,0.5,13835262.0,12630289.0,0.85,3.94,4.37,,,-6.21,0.2018,46.3,1.95,,False,0.5166413993641907,,0.084,Asia,True,,59.31522890776203,41.58049081648402,16.273349399653064,84.20202349869452,33.969465648854964,67.52941176470588,,50.0,,50.0,51.88091588226573,standard,168,78353421,False,39.7,False,36.97654941373534,18.090452261306535,34.84087102177554,50.041876046901166,50.041876046901166,50.041876046901166,2,SVAG,-8,UPPTREND,False,2,0.2857142857142857,LÅG,EJ AKTUELL,-10.6,0.75,SUSPICIOUS_FWD_PE;,2026-08-12,0,True
LRCX,Lam Research Corporation,Technology,Semiconductor Equipment & Materials,United States,USD,389585412937.1948,16.729755500000003,3.196277249999998,1.4944,24.201524725,16.768847,16.689,23.985000000000003,0.44117005500000006,0.15404998999999997,0.2039000045,0.2362749795,0.01364000999999998,0.13599999999999998,0.07199999999999995,0.324,-30.68775000000001,1.029,1.839,1802597248.0,5579170816.0,3734563072.0,387740794880.0,21345260000.0,,18435591000.0,,,5900968000.0,,5358217000.0,6173264000.0,0.34,0.18059999,1.04,0.97,0.26,1781654400.0,1.865,438.5,93.59201479862544,311.3500061035156,368.12903,1.45714,31.0,2.11,0.026400002,0.00274,0.8719,False,False,,0.462,11708129.0,13021510.0,0.67,-10.02,7.74,,,-28.14,0.7346,47.7,-7.71,,True,0.5389174064433189,,0.923,US,True,47.4517266752937,84.13280015849264,28.291402994289243,69.12211110450819,30.913414045999563,26.33587786259542,67.52941176470588,57.8544061302682,50.0,60.91954022988506,46.2,51.81997336453209,standard,169,4054247218,False,45.0,False,77.47068676716918,14.74036850921273,5.8626465661641545,50.041876046901166,50.041876046901166,50.041876046901166,6,NEUTRAL,0,VARNING,False,3,0.42857142857142855,LÅG,EJ AKTUELL,10.4,0.875,,2026-08-12,0,True
LAND.L,Land Securities Group Plc,Real Estate,REIT - Diversified,United Kingdom,GBp,,-9.560970500000003,-8.863518250000002,3.56,-3.198707305,5.9678926,10.879,5.456749999999999,-0.0677449775,-0.008620000000000003,0.09444498199999998,0.015004990000000037,0.09849002000000001,-0.0605,0.5725,0.618,-38.447500000000005,-0.09275000000000017,0.447,-577687488.0,106000000.0,4517000192.0,9704314880.0,11540000000.0,,870000000.0,,,421000000.0,,343000000.0,214000000.0,12.45,0.6819,0.89,6.08,0.222,1781740800.0,1.151,9305.768094062805,6549.87270980552,,707.176,2.0,17.0,,,0.0078100003,0.75827,False,False,,0.5,3394693.0,2750803.0,0.03,4.0,21.18,7.29,,-2.77,0.2705,58.7,4.58,,False,,,0.5,UK,True,37.08203293496739,51.95004469191542,64.63950688059347,54.068644076190154,47.80466536949882,,67.52941176470588,22.60536398467433,50.0,,50.0,51.75176927472902,standard,170,,True,42.7,False,36.97654941373534,50.041876046901166,23.03182579564489,50.041876046901166,50.041876046901166,50.041876046901166,2,SVAG,-8,UPPTREND,False,2,0.2857142857142857,LÅG,EJ AKTUELL,-7.7,0.875,SUSPICIOUS_FWD_PE;,2026-08-12,0,True
005930.KS,"Samsung Electronics Co., Ltd.",Technology,Consumer Electronics,South Korea,KRW,1331528329593000.0,,-13.289822749999999,0.1739,,3.12604,2.794,-11.105000000000002,0.17446000250000002,0.12193999999999999,0.14669750300000006,0.3550500099999999,0.18836999999999993,1.135,13.394,13.551,-3.4917500000000006,5.690999999999999,6.029,56640017016832.0,189999001632768.0,22408700362752.0,1355839570968576.0,566942110000000.0,,333605938000000.0,,,43601051000000.0,,44260956000000.0,85315148000000.0,0.65,0.1344,1496.0,2.14,374.0,1782691200.0,1.557,374087.44831391243,66663.44246948964,231000.0,471908.2,1.35135,37.0,,,0.0967,0.4652,False,False,,0.5,31921641.0,36214853.0,0.91,-2.85,-9.94,,,-29.44,0.9508,46.4,-11.54,,True,0.2992294692332274,,0.838,Asia,True,,84.98402474014678,9.67098832124299,91.14899548360258,38.36164513035428,0.38167938931297707,67.52941176470588,89.272030651341,50.0,,50.0,51.73557443302791,standard,171,6106910661,False,52.5,False,92.29480737018424,2.554438860971524,43.71859296482412,50.041876046901166,50.041876046901166,50.041876046901166,7,STARK,8,VARNING,False,3,0.42857142857142855,LÅG,EJ AKTUELL,2.5,0.625,SUSPICIOUS_FWD_PE;,2026-08-12,0,True
HINDUNILVR.NS,Hindustan Unilever Limited,Consumer Defensive,Household & Personal Products,India,INR,4924743285152.0,3.8580297500000036,0.0,3.69,0.0,7.4558587,7.376,-5.695000000000002,,,0.127082505,0.07670997999999998,0.30699999,0.011500000000000003,0.03200000000000001,-0.03,-79.46924999999999,,,,69930000384.0,14780000256.0,4872283357184.0,797520000000.0,,637630000000.0,,,137210000000.0,,150400000000.0,109990000000.0,2.12,0.91089994,44.0,1.6,22.0,1782172800.0,0.332,2701.0768426775303,2002.13518292342,2096.0,2457.4211,1.92308,38.0,,,0.62274,0.20910999,False,False,,0.5,1958213.0,2595324.0,0.5,-2.21,-7.86,,,-13.81,0.2547,38.5,-3.68,,False,0.3426012391689735,,0.372,India,True,,77.18855218855218,17.12927234998542,32.31098409922491,78.5476501305483,11.83206106870229,67.52941176470588,,50.0,,50.0,51.72244063807306,standard,172,57022929,False,34.6,False,36.97654941373534,2.554438860971524,16.666666666666664,50.041876046901166,50.041876046901166,50.041876046901166,3,SVAG,-8,VARNING,False,3,0.42857142857142855,LÅG,EJ AKTUELL,-11.0,0.75,SUSPICIOUS_FWD_PE;,2026-08-12,0,True
COL.AX,Coles Group Limited,Consumer Defensive,Grocery Stores,Australia,AUD,32490641038.906,2.2528685000000017,1.8328114999999991,,3.890628812500001,0.72081286,0.939,-3.1799999999999997,0.12677502999999998,0.0031800009999999983,-0.06170874650000001,-0.13234377249999996,-0.0017399999999999916,-0.013499999999999998,-0.166,-0.113,72.112,0.0,0.17,-1924875008.0,598000000.0,10572000256.0,42316029952.0,20294000000.0,,44352000000.0,,,1819000000.0,,1079000000.0,,3.02,0.90910006,0.73,3.56,0.41,1773100800.0,0.279,24.59000015258789,19.709246636424982,24.190000534057617,23.76783,2.33333,15.0,,,0.00564,0.41564998,False,False,,0.5,2833861.0,2185213.0,0.85,3.31,12.64,8.41,,-3.97,0.2361,50.2,-0.39,,True,0.7323415282488689,,0.5,Australia,True,,46.1569167038858,56.800987480104624,26.059100852059686,67.57138372885865,74.04580152671755,67.52941176470588,24.137931034482758,50.0,,50.0,51.6611799795033,standard,173,37328085,False,56.4,False,36.97654941373534,75.79564489112228,88.2747068676717,50.041876046901166,50.041876046901166,50.041876046901166,1,SVAG,-8,VARNING,False,2,0.2857142857142857,LÅG,EJ AKTUELL,-7.4,0.875,SUSPICIOUS_FWD_PE;,2026-08-12,0,True
IDXX,"IDEXX Laboratories, Inc.",Healthcare,Diagnostics & Research,United States,USD,46218515977.36304,9.611640499999996,13.9969945,3.7685,19.12885895,10.150725,10.348,11.117999999999999,0.558937508,0.20068499899999992,0.13696501650000004,0.167004995,0.13341001000000002,0.010000000000000009,0.03,0.151,-0.2355000000000036,-0.5990000000000002,0.729,-566986304.0,196932992.0,1096081024.0,47117664256.0,3350759000.0,,4303702000.0,,,1360031000.0,,1059464000.0,1181805000.0,,0.0,,,,,1.542,769.97998046875,518.5499877929688,586.6699829101562,705.8461,2.21429,13.0,2.84,0.0304,0.00219,0.96165,False,False,,0.481,671048.0,750410.0,0.56,8.5,9.87,,,-11.21,0.3122,69.6,4.57,,True,0.8621005654699417,,0.906,US,True,39.58488746796579,84.2110674908748,40.43276568743462,55.58602343376375,27.567540037584607,67.17557251908397,12.352941176470589,36.39846743295019,50.0,55.74712643678161,48.1,51.586598281137356,standard,174,440243022,False,53.5,False,73.95309882747068,72.36180904522614,10.887772194304858,50.041876046901166,50.041876046901166,50.041876046901166,5,NEUTRAL,0,UPPTREND,False,1,0.14285714285714285,LÅG,EJ AKTUELL,1.5,0.875,,2026-08-12,0,True
ABNB,"Airbnb, Inc.",Consumer Cyclical,Travel Services,United States,USD,74705631109.64624,5.618311500000004,8.469080500000004,1.4013,2.6280871499999994,8.430914,6.367,11.7925,0.12063001499999998,-0.012930003000000013,0.1153549975,-0.07250999500000002,0.33808001,0.104,-0.043,0.039,-52.83200000000001,0.16849999999999976,0.745,1714645376.0,12005000192.0,2534000128.0,80528089088.0,22208000000.0,,12241000000.0,,,2544000000.0,,2511000000.0,4646000000.0,,0.0,,,,,1.137,178.47999572753906,110.80999755859375,178.07000732421875,160.74615,2.15556,39.0,3.66,0.0339,0.01118,0.88345003,False,False,,0.737,3964301.0,5230450.0,1.31,,,,,,0.4108,88.7,,,True,1.3896286525208759,,0.25,US,True,67.75570272259014,61.33923538881386,,36.632802529295745,42.646441380763115,55.72519083969466,12.352941176470589,77.77777777777779,50.0,50.0,73.7,51.55585182385753,standard,175,931386270,False,51.5,False,89.11222780569514,30.402010050251256,14.40536013400335,50.041876046901166,50.041876046901166,50.041876046901166,4,NEUTRAL,0,UPPTREND,False,2,0.2857142857142857,LÅG,EJ AKTUELL,2.6,0.875,,2026-08-12,0,True
WFC,Wells Fargo & Company,Financial Services,Banks - Diversified,United States,USD,263843942066.0,-7.457596000000001,-6.036141000000001,1.6706,-8.01323795,3.1778471,3.172,,-0.06824999000000001,-0.018249999500000003,0.008572501499999982,-0.004992449999999982,-0.49104999000000005,0.0005000000000000004,0.04849999999999999,0.166,,,,,496412000256.0,478470012928.0,263382941696.0,2148631000000.0,,83699000000.0,,,,,21338000000.0,-19001000000.0,2.28,0.2616,2.0,2.14,0.5,1786060800.0,0.92,96.17669288055332,72.36453901391667,87.25,100.02174,1.88462,23.0,0.0,0.0,0.00090000004,0.79116994,False,False,,0.446,16010685.0,13267350.0,0.85,3.12,16.99,,,-1.37,0.2757,56.3,3.41,,False,0.6561329611220883,,0.74,US,True,,30.536618695992438,73.79482430416216,52.117130969865215,56.909758485639685,30.53435114503817,67.52941176470588,,50.0,98.85057471264368,44.6,51.45017377558385,standard,176,1157576288,False,40.8,False,36.97654941373534,16.917922948073702,43.21608040201005,50.041876046901166,50.041876046901166,50.041876046901166,1,SVAG,-8,UPPTREND,False,2,0.2857142857142857,LÅG,EJ AKTUELL,-5.5,0.75,SUSPICIOUS_FWD_PE;,2026-08-12,0,True
WPM.TO,Wheaton Precious Metals Corp.,Basic Materials,Gold,Canada,CAD,85073248532.12695,0.31584399999999846,6.209566249999997,0.43,0.9381298000000005,30.984648,28.29,17.204250000000002,0.0850249935,0.08162,0.5925050359999999,0.6140800799999999,0.45797997,0.811,0.97,1.292,-36.3565,1.9337500000000003,4.525,319913248.0,2164505088.0,7662000.0,77673807872.0,9125781000.0,,2314600000.0,,,1581641000.0,,1471720000.0,1904981000.0,0.63,0.1744,1.09,1.11,0.269,1779840000.0,1.191,225.98550369159796,125.31206027020181,187.32000732421875,234.62294,1.3125,7.0,2.27,,0.00113,0.71619004,False,False,,0.5,818401.0,845780.0,0.83,22.47,-4.34,,,-17.25,0.5393,76.8,14.67,,True,1.2235980907225879,,0.927,Canada,True,50.163659891908345,89.94424951470315,16.40256555366912,89.63972675229711,44.21884441192285,52.67175572519084,67.52941176470588,57.47126436781609,50.0,,50.0,51.410986040415814,commodity,177,113742203,False,36.4,False,36.97654941373534,28.391959798994975,2.554438860971524,50.041876046901166,50.041876046901166,50.041876046901166,6,NEUTRAL,0,UPPTREND,False,3,0.42857142857142855,LÅG,EJ AKTUELL,3.9,0.875,,2026-08-12,0,True
OMF,"OneMain Holdings, Inc.",Financial Services,Credit Services,United States,USD,7471943060.471298,-10.3836445,-9.505204,0.75,-7.443976450000002,2.4741533,9.826,,0.03881999999999999,-0.0001199989999999991,-0.005137498500000018,-0.09294247,0.44570005999999995,-0.1215,-0.2605,-0.09,595.8334999999998,,,,567000000.0,22769000448.0,29673943040.0,27388000000.0,,4970000000.0,,,,,783000000.0,3132000000.0,6.46,0.632,4.2,8.75,1.05,1786320000.0,1.193,69.28119626938894,44.92300197881704,64.94999694824219,69.57143,1.9375,14.0,5.0,0.0513,0.00232,0.93434995,False,False,,0.75,1091643.0,1095140.0,0.64,,,,,,0.2916,70.3,,,True,0.8368185154831923,,0.932,US,True,,55.09162566769953,,30.641401653748524,32.01239377359432,89.31297709923665,67.52941176470588,,50.0,32.4712643678161,75.0,51.357950258473956,standard,178,71129340,False,54.5,False,36.97654941373534,91.70854271356784,59.63149078726968,50.041876046901166,50.041876046901166,50.041876046901166,1,SVAG,-8,UPPTREND,False,1,0.14285714285714285,LÅG,EJ AKTUELL,-3.7,0.875,SUSPICIOUS_FWD_PE;,2026-08-12,0,True
U11.SI,UOB,Financial Services,Banks - Regional,Singapore,SGD,71483189340.47699,-2.618181999999999,-4.660945000000002,1.0919,-0.7896964000000002,6.152797,4.552,,-0.03507,,-0.09663,-0.05676999999999999,0.0,-0.1385,,-0.036,,,,,78316003328.0,56228999168.0,52882255872.0,572061000000.0,,13807000000.0,,,,,4682000000.0,1318000000.0,3.26,0.6436,1.42,4.67,0.88,1776988800.0,0.384,45.150001525878906,32.61022795121959,43.29999923706055,42.668,2.73333,15.0,,,0.21764,0.27612,False,False,,0.5,3438791.0,3296823.0,0.67,-5.34,12.42,,,-6.54,0.1747,39.7,1.64,,False,0.456759911824631,,0.931,Singapore,True,,36.97376391951864,51.55588139459107,36.773330239393594,89.68798955613576,57.25190839694656,67.52941176470588,,50.0,,50.0,51.32038779698652,standard,179,111497464,False,39.8,False,36.97654941373534,31.072026800670017,22.194304857621443,50.041876046901166,50.041876046901166,50.041876046901166,1,SVAG,-8,UPPTREND,False,2,0.2857142857142857,LÅG,EJ AKTUELL,-6.8,0.75,EXTREME_EARNINGS_GROWTH;SUSPICIOUS_FWD_PE;,2026-08-12,0,True
SAMPO.HE,Sampo Oyj,Financial Services,Insurance - Diversified,Finland,EUR,,1.7699524999999987,0.6167364999999947,24.7481,-3.5957508000000002,2.3771758,0.876,-7.679000000000003,0.004839999999999997,0.031215,-0.14886250500000006,-0.43224000199999996,0.0,-0.1725,,,-27.892125,0.25650000000000006,1.671,-159607648.0,18642999296.0,2424999936.0,9345525760.0,25723000000.0,,10322000000.0,,,,,1998000000.0,1759000000.0,3.76,0.5574,0.36,4.1,0.36,1776902400.0,0.238,9.98901438913238,8.577668915457046,,10.49438,1.9375,16.0,,,0.07637,0.50475,False,False,,0.5,3003298.0,2995960.0,0.26,-1.45,7.56,,,-2.14,0.1549,41.0,1.85,,False,,,0.565,Nordic,True,,38.92856129106631,58.26173449263432,27.57918552036199,84.63873528906332,,67.52941176470588,34.099616858237546,50.0,,50.0,51.29172062089872,standard,180,,True,48.4,False,36.97654941373534,50.041876046901166,61.05527638190955,50.041876046901166,50.041876046901166,50.041876046901166,3,SVAG,-8,UPPTREND,False,2,0.2857142857142857,LÅG,EJ AKTUELL,-14.8,0.875,EXTREME_EARNINGS_GROWTH;SUSPICIOUS_FWD_PE;,2026-08-12,0,True
ROK,"Rockwell Automation, Inc.",Industrials,Specialty Industrial Machinery,United States,USD,49076265181.947235,7.7184085000000024,5.6409122499999995,1.9395,2.781029149999999,5.4693265,5.808,5.0165000000000015,0.09349001199999998,0.03285999999999999,0.029465014499999997,0.07828500499999996,-0.00013001000000001373,-0.013999999999999999,0.29200000000000004,0.383,18.99199999999999,-0.19200000000000028,0.658,-172479744.0,479000000.0,3612999936.0,52112908288.0,11219000000.0,,8342000000.0,,,1423000000.0,,869000000.0,1544000000.0,1.25,0.5103,5.52,1.63,1.38,1786924800.0,1.535,497.3599853515625,324.11503595588977,441.0400085449219,476.66666,2.25,24.0,4.17,0.0388,0.0017,0.9168,False,False,,0.454,830687.0,1116380.0,0.73,-4.85,-1.47,,,-9.71,0.3569,45.1,-3.57,,False,0.029295052452300387,,0.972,US,True,50.01522417599147,64.31741426422278,27.962991545334496,66.85542222373145,43.03929701401939,64.8854961832061,67.52941176470588,40.229885057471265,50.0,44.827586206896555,45.4,51.2292360543003,standard,181,492368245,False,56.8,False,78.9782244556114,71.44053601340033,25.711892797319933,50.041876046901166,50.041876046901166,50.041876046901166,5,NEUTRAL,0,VARNING,False,3,0.42857142857142855,LÅG,EJ AKTUELL,9.1,0.875,,2026-08-12,0,True
KXS.TO,Kinaxis Inc.,Technology,Software - Application,Canada,CAD,4715194522.98999,-2.0036987499999945,0.9631365000000018,,0.2801441250000003,7.817252,7.376,17.82725,0.042525002500000006,0.023849999999999996,0.08302999999999999,0.0472700145,0.26083004,0.0,-0.08700000000000002,0.15,-20.04025,-0.66225,1.785,-177759120.0,310739008.0,44505000.0,4448960512.0,724714000.0,,548030000.0,,,79482000.0,,70699000.0,117800000.0,,0.0,,,,,0.741,204.85000610351562,117.22000122070312,173.42999267578125,209.20505,1.6,10.0,5.41,,0.00236,0.63501,False,False,,0.5,100120.0,105820.0,0.95,,,,,,0.4507,67.9,,,True,0.8761248354519704,,1.0,Canada,True,27.436248763035703,68.28526707691701,,53.86643943188474,34.3384319236334,93.12977099236642,12.352941176470589,25.287356321839084,50.0,,50.0,51.132395512597455,standard,182,13175649,False,48.3,False,36.97654941373534,94.47236180904522,15.494137353433835,50.041876046901166,50.041876046901166,50.041876046901166,2,SVAG,-8,UPPTREND,False,1,0.14285714285714285,LÅG,EJ AKTUELL,-9.7,0.875,SUSPICIOUS_FWD_PE;,2026-08-12,0,True
CAT,"Caterpillar, Inc.",Industrials,Farm & Heavy Construction Machinery,United States,USD,387133595889.16315,3.289610500000002,2.20954025,2.0558,8.724160149999996,5.1805005,5.705,6.339500000000001,0.35692004200000005,0.023259993999999985,0.040725004499999995,0.09043501499999995,-0.19391999,0.147,0.5700000000000001,0.649,148.428,0.10099999999999987,0.78,3559645568.0,5944999936.0,45146001408.0,426333601792.0,98585000000.0,,67589000000.0,,,11151000000.0,,8884000000.0,11739000000.0,0.76,0.2601,6.52,1.72,1.63,1784505600.0,1.605,1071.4723093369823,401.84277199142224,842.1900024414062,972.94806,2.14286,26.0,2.12,0.0195,0.00219,0.73082,False,False,,0.458,3258883.0,3710080.0,0.63,-9.47,-7.37,,,-20.66,0.4369,41.0,-7.73,,True,0.33649019132466174,,1.0,US,True,63.991271472431556,63.51509445547985,13.767556721716314,84.04269141629808,33.14191723071294,26.717557251908396,67.52941176470588,63.601532567049816,50.0,75.28735632183908,45.800000000000004,51.101651522034636,standard,183,3124592284,False,48.9,False,80.40201005025126,14.824120603015075,27.30318257956449,50.041876046901166,50.041876046901166,50.041876046901166,4,NEUTRAL,0,VARNING,False,4,0.5714285714285714,MEDEL,EJ AKTUELL,10.0,0.875,,2026-08-12,0,True
COF,Capital One Financial Corporation,Financial Services,Credit Services,United States,USD,133592454517.38715,-8.0768485,-8.025835,0.2347,-8.356181250000002,2.7768128,2.843,,-0.10368999000000001,-0.01379,-0.045077488500000026,-0.04257247000000003,-0.49104999000000005,11.0155,,,,,,,56639000576.0,48994000896.0,136761458688.0,669009000000.0,,53434000000.0,,,,,2453000000.0,27718000000.0,1.45,0.16530001,3.2,1.68,0.8,1786924800.0,1.016,257.5448295944663,174.23209732202199,217.75999450683594,256.5,1.54167,22.0,2.73,0.023599999,0.01899,0.88534,False,False,,0.492,4674630.0,3903120.0,0.53,6.75,19.8,,,-1.24,0.3369,73.1,8.73,,True,0.789822290348011,,0.675,US,True,,25.77372769966106,77.01848707790982,76.66892911010558,43.6266318537859,41.98473282442748,67.52941176470588,,50.0,64.65517241379311,49.2,51.08888993379718,standard,184,849943390,False,43.5,False,36.97654941373534,22.69681742043551,55.527638190954775,50.041876046901166,50.041876046901166,50.041876046901166,0,SVAG,-8,UPPTREND,False,3,0.42857142857142855,LÅG,EJ AKTUELL,-7.1,0.75,EXTREME_EARNINGS_GROWTH;SUSPICIOUS_FWD_PE;,2026-08-12,0,True
0939.HK,China Construction Bank Corporation,Financial Services,Banks - Diversified,China,HKD,2113268232574.007,-7.5965462,-4.515749399999999,1.032,-1.7296838499999998,3.742166,5.044,,-0.0224900025,-0.0020100000000000014,0.23951000000000006,0.2759125305,-0.38651,-0.0445,-0.2015,0.035,,,,,5293374177280.0,6010644201472.0,3099712290816.0,45631818000000.0,,760713000000.0,,,,,338906000000.0,2101242000000.0,4.99,0.30290002,0.44,7.8,0.234256,1782950400.0,0.243,9.359999656677246,6.796728887104952,8.789999961853027,10.784005,1.35294,17.0,,,0.63251,0.15273,False,False,,0.5,258900365.0,312454497.0,0.52,7.1,1.6,,,-6.52,0.2303,50.3,3.17,,False,0.5342205736230654,,0.511,Asia,True,,57.71893100877445,36.379285212052615,29.600432361572135,86.83909921671018,16.412213740458014,67.52941176470588,,50.0,,50.0,50.89310713951065,standard,185,350001378,False,38.7,False,36.97654941373534,8.542713567839195,37.85594639865997,50.041876046901166,50.041876046901166,50.041876046901166,2,SVAG,-8,UPPTREND,False,2,0.2857142857142857,LÅG,EJ AKTUELL,-9.9,0.75,SUSPICIOUS_FWD_PE;,2026-08-12,0,True
KMB,Kimberly-Clark Corporation,Consumer Defensive,Household & Personal Products,United States,USD,36477268989.33507,-5.9672257500000025,-5.715595500000001,2.2539,9.982670825,2.1998112,2.544,-4.48,0.8246600149999999,0.029059999999999996,0.030105006500000003,0.06905500499999997,-0.11492001000000002,-0.0325,-0.375,-0.322,224.27099999999996,-0.0019999999999998908,0.403,-535229696.0,956000000.0,6538999808.0,42184269824.0,17098000000.0,,16447000000.0,,,2351000000.0,,2021000000.0,2777000000.0,4.71,1.0040001,5.12,3.75,1.28,1788480000.0,0.276,130.88191907462263,91.16777681423233,109.68000030517578,118.6,2.4375,15.0,8.57,0.1487,0.0070700003,0.94605005,False,False,,0.655,4477058.0,4435110.0,0.48,1.64,13.07,,,-5.38,0.2738,49.4,1.73,,False,0.5204094840959684,,0.876,US,True,,65.19466761437856,57.48079264632745,30.023155733645744,56.501693178227534,72.13740458015268,29.64705882352941,36.015325670498086,50.0,9.770114942528735,65.5,50.83685021656053,standard,186,486442866,False,62.1,False,75.04187604690117,74.87437185929649,63.735343383584585,50.041876046901166,50.041876046901166,50.041876046901166,2,SVAG,-8,UPPTREND,False,1,0.14285714285714285,LÅG,EJ AKTUELL,-15.8,0.875,SUSPICIOUS_FWD_PE;,2026-08-12,0,True
NOVN.SW,Novartis AG,Healthcare,Drug Manufacturers - General,Switzerland,CHF,,-3.4614450000000003,-1.5869906249999985,3.5183,0.5960868000000012,4.223662,4.961,-6.369,0.109862492,0.038709998999999995,0.1014612435,0.1193987125,0.3205299999999999,-0.07899999999999999,-0.316,-0.192,60.98475,-0.8399999999999996,0.55,11105750144.0,7617999872.0,49014001664.0,281252069376.0,110949000000.0,,56674000000.0,,,17644000000.0,,13984000000.0,19144000000.0,2.96,0.6986,3.7,3.57,3.7,1773100800.0,0.494,131.5,88.85630787358895,,124.42037,2.68182,21.0,,,0.02111,0.45904,False,False,,0.5,2697821.0,2236811.0,0.07,1.59,6.22,,,-4.95,0.2023,38.1,-0.03,,False,,,0.359,Europe,True,,77.5574434486518,48.606609387594105,12.097350861256611,57.89285476709185,,67.52941176470588,88.12260536398468,50.0,,50.0,50.8206652081714,standard,187,,True,44.3,False,36.97654941373534,50.041876046901166,33.584589614740366,50.041876046901166,50.041876046901166,50.041876046901166,3,SVAG,-8,VARNING,False,2,0.2857142857142857,LÅG,EJ AKTUELL,-5.9,0.875,SUSPICIOUS_FWD_PE;,2026-08-12,0,True
MQG.AX,MACQ GROUP FPO [MQG],Unknown,Unknown,Unknown,AUD,,,,,,,,,,,,,,,,,,,,,,,,540101000000.0,,7216000000.0,,,-6354000000.0,,4847000000.0,,,,,,,,,267.9049987792969,184.07200965178643,264.45001220703125,,,,,,,,False,False,,0.5,732277.0,650649.0,0.71,1.36,9.59,23.17,,-2.09,0.2577,61.3,3.75,,True,0.8814047447478718,,0.5,Australia,True,,,66.65606669002254,30.470588235294116,70.75,,12.352941176470589,,50.0,,50.0,50.80802824293786,standard,188,121505632,False,46.8,False,36.97654941373534,50.041876046901166,50.041876046901166,50.041876046901166,50.041876046901166,50.041876046901166,1,SVAG,-8,UPPTREND,False,2,0.2857142857142857,LÅG,EJ AKTUELL,4.4,0.0,EXTREME_GROWTH;EXTREME_EARNINGS_GROWTH;MISSING_CRITICAL;,2026-08-12,0,True
POW.TO,"POWER CORPORATION OF CANADA, SV",Financial Services,Insurance - Life,Canada,CAD,53557312636.07456,-4.671690749999996,-2.0722117499999984,1.0939,-3.0252030500000004,1.4561262,-2.507,-27.70075,-0.046394996499999994,-0.022309999999999997,-0.14935750300000006,-0.22325745499999994,0.12946000000000002,-0.005500000000000005,-0.2945,-0.097,0.0,81.74725,68.24,-36841150688.0,204650004480.0,22199699456.0,-101036040192.0,925735000000.0,,37649000000.0,,,,,2627000000.0,4780000000.0,2.86,0.6305,2.67,4.86,0.668,1790640000.0,0.934,97.66000366210938,53.71601219292724,93.48999786376953,98.44444,2.55556,9.0,3.87,,0.0061500003,0.43181,False,False,,0.5,2110737.0,1907890.0,0.88,4.36,17.11,,,-2.99,0.2168,52.6,4.32,,False,0.6446136296460765,,0.598,Canada,True,,28.864590737332605,68.02039923856562,29.308881187054126,82.35760880411102,62.59541984732825,67.52941176470588,,50.0,,50.0,50.78449800387953,standard,189,128055589,False,53.5,False,36.97654941373534,70.4355108877722,74.28810720268007,50.041876046901166,50.041876046901166,50.041876046901166,2,SVAG,-8,UPPTREND,False,3,0.42857142857142855,LÅG,EJ AKTUELL,-5.4,0.875,SUSPICIOUS_FWD_PE;,2026-08-12,0,True
HD,"Home Depot, Inc. (The)",Consumer Cyclical,Home Improvement Retail,United States,USD,,-4.141918499999999,1.3241785000000021,1.8716,15.108686150000004,,2.501,-2.2505000000000015,1.081180015,0.04980999699999998,0.00044499750000000227,0.014640004999999998,-0.15978000999999997,-0.026999999999999996,-0.146,-0.042,373.339,-0.22850000000000026,0.231,8651895168.0,1600999936.0,63730999296.0,416724647936.0,105095000000.0,,164683000000.0,,,20890000000.0,,14156000000.0,16325000000.0,2.67,0.65550005,9.32,2.37,2.33,1780531200.0,0.959,418.0559748917175,286.94770281038166,355.6199951171875,370.5,1.94444,32.0,2.62,0.0143,0.00065,0.7571,False,False,,0.587,4751646.0,3972550.0,0.68,4.96,15.04,,,-8.06,0.2814,64.7,5.57,,True,0.9963448927908473,,0.52,US,True,,62.88630411472643,52.150108898835555,30.544720045616746,38.59256248856663,,67.52941176470588,77.39463601532567,50.0,83.9080459770115,58.699999999999996,50.64220587073552,standard,190,1412718212,False,46.8,False,36.97654941373534,50.041876046901166,50.041876046901166,50.041876046901166,50.041876046901166,50.041876046901166,2,SVAG,-8,UPPTREND,False,2,0.2857142857142857,LÅG,EJ AKTUELL,-1.9,0.875,SUSPICIOUS_FWD_PE;,2026-08-12,0,True
UBSG.SW,UBS Group AG,Financial Services,Banks - Diversified,Switzerland,CHF,,18.671584000000003,-0.8987861249999991,0.9573,-3.6142666000000006,2.6857731,2.963,,-0.097745006,-0.016985,-0.09448125150000002,-0.11287873250000002,-0.42923000000000006,0.05149999999999999,0.004499999999999976,0.169,,,,,575371018240.0,599213015040.0,157170319360.0,1617427000000.0,,47295000000.0,,,,,7767000000.0,21851000000.0,2.01,0.6951,0.86,2.37,1.1,1776729600.0,0.831,44.439998626708984,27.338708022602827,,43.72294,2.47059,17.0,,,0.00063,0.55426,False,False,,0.5,5946446.0,5507082.0,0.07,-1.69,21.02,,,-1.69,0.2344,66.3,5.15,,False,,,1.0,Europe,True,,20.220502322067958,75.99723894290958,62.48637015781922,67.67069190600522,,67.52941176470588,,50.0,,50.0,50.61018465664905,standard,192,,True,47.7,False,36.97654941373534,50.041876046901166,56.53266331658291,50.041876046901166,50.041876046901166,50.041876046901166,1,SVAG,-8,UPPTREND,False,4,0.5714285714285714,MEDEL,EJ AKTUELL,-9.9,0.75,SUSPICIOUS_FWD_PE;,2026-08-12,0,True
TEAM,Atlassian Corporation,Technology,Software - Application,Australia,USD,23796678071.34613,,-1.9440697500000006,0.8423,30.801064724999996,6.1111565,4.534,139.37100000000004,-0.402379975,-0.06886999960000001,-0.14383999549999998,-0.04430498450000002,0.35707000999999994,0.153,,,80.77424999999998,-0.8979999999999999,0.615,102641664.0,1136342016.0,1243017984.0,28064280576.0,6041970000.0,,,,,,,,1460393000.0,,0.0,,,,,1.038,184.0,56.0099983215332,149.07000732421875,153.766,1.53125,30.0,4.19,0.1108,0.0095,1.06398,False,False,,0.657,5115614.0,6491950.0,0.67,,,,,,0.9846,84.8,,,True,1.3529717989287717,,1.0,US,True,40.885539570170764,32.13178843548174,,86.00150829562594,25.272350160482944,79.77099236641222,12.352941176470589,56.70498084291188,50.0,17.24137931034483,65.7,50.609044312206265,standard,193,967755034,False,60.1,False,88.69346733668341,80.06700167504187,22.445561139028474,50.041876046901166,50.041876046901166,50.041876046901166,4,NEUTRAL,0,UPPTREND,False,1,0.14285714285714285,LÅG,EJ AKTUELL,0.3,0.75,EXTREME_EARNINGS_GROWTH;SUSPICIOUS_FWD_PE;,2026-08-12,0,True
WEC,"WEC Energy Group, Inc.",Utilities,Utilities - Regulated Electric,United States,USD,35071168197.31794,-2.6480669999999975,-2.671577749999999,2.2979,,3.459582,5.769,-1.8722500000000002,-0.033064987000000004,-0.010869999000000009,0.031067511500000006,0.009719999999999993,-0.07195998999999997,-0.036000000000000004,0.114,0.219,-9.136500000000003,-0.2510000000000001,0.303,-3829992064.0,50000000.0,23023200256.0,58482470912.0,51518300000.0,,9800100000.0,,,2374900000.0,,1558700000.0,3379400000.0,3.53,0.71650004,3.81,3.26,0.953,1786665600.0,0.462,119.91000366210938,101.22246905187251,107.62999725341797,123.02778,2.45,18.0,6.22,0.0478,0.0015199999,0.87226,False,False,,0.799,2159262.0,2351570.0,0.75,-7.28,-4.43,,,-10.24,0.1774,22.9,-5.66,,False,0.0923719963895871,,0.627,US,True,,45.235757819057696,23.49278009294987,48.83524947719022,68.9250220352231,72.51908396946564,67.52941176470588,21.455938697318008,50.0,36.206896551724135,79.9,50.57542524607578,standard,194,253099473,False,49.1,False,36.97654941373534,75.2931323283082,40.20100502512563,50.041876046901166,50.041876046901166,50.041876046901166,2,SVAG,-8,VARNING,False,2,0.2857142857142857,LÅG,EJ AKTUELL,-6.9,0.75,SUSPICIOUS_FWD_PE;,2026-08-12,0,True
PRU,"Prudential Financial, Inc.",Financial Services,Insurance - Life,United States,USD,41841599578.85742,-9.179382500000001,-8.808889500000001,1.3431,-8.336072950000002,0.65962917,0.783,-3.315000000000001,-0.07388999000000002,-0.024850000000000004,-0.20197749850000002,-0.25960247000000003,-0.20365999,-0.1195,0.6905,0.848,49.83349999999999,0.12549999999999994,1.567,,39136002048.0,43939999744.0,49679855616.0,773740000000.0,,60967000000.0,,,,,3576000000.0,6271000000.0,4.61,0.4986,5.6,4.79,1.4,1779753600.0,0.826,127.72000122070312,90.65444080592968,121.27999877929688,106.93333,3.44444,15.0,6.55,0.0403,0.00176,0.64932,False,False,,0.495,1905819.0,2436150.0,0.78,6.56,20.87,,,-1.3,0.2257,60.4,7.93,,False,0.6187723314676705,,0.82,US,True,,17.381483875863644,77.31259968102074,62.35468257876105,64.78039717450234,69.08396946564885,67.52941176470588,,50.0,43.67816091954023,49.5,50.56819591227961,standard,195,295456269,False,56.2,False,36.97654941373534,73.19932998324958,89.86599664991624,50.041876046901166,50.041876046901166,50.041876046901166,2,SVAG,-8,UPPTREND,False,4,0.5714285714285714,MEDEL,EJ AKTUELL,2.0,0.875,SUSPICIOUS_FWD_PE;,2026-08-12,0,True
FNV.TO,Franco-Nevada Corporation,Basic Materials,Gold,Canada,CAD,64184248468.4613,0.0,6.81638325,9.18,0.0,30.744001,30.502,16.304250000000003,0.0600149935,0.07139999999999999,0.5936649859999998,0.6564700699999999,0.5181399500000001,0.672,0.913,1.234,,3.55775,5.431,-1147727008.0,714700032.0,0.0,63680040960.0,8241400000.0,,1822800000.0,,,1300900000.0,,1112100000.0,1493700000.0,0.77,0.2225,2.51,0.92,0.613,1781136000.0,0.909,386.7594143923018,226.6900039070896,332.80999755859375,382.04648,1.66667,9.0,2.26,,0.0061799996,0.8557,False,False,,0.5,390667.0,400010.0,0.98,18.08,3.04,,,-12.41,0.3991,77.0,10.23,,True,1.0737915736255135,,0.944,Canada,True,33.46578366445915,89.18326031433217,29.439556858911697,89.68330071962396,58.49524787547188,59.16030534351145,67.52941176470588,33.33333333333333,50.0,,50.0,50.55475441770403,commodity,196,95575652,False,42.5,False,36.97654941373534,68.92797319932998,2.554438860971524,50.041876046901166,50.041876046901166,50.041876046901166,5,NEUTRAL,0,UPPTREND,False,3,0.42857142857142855,LÅG,EJ AKTUELL,4.5,0.75,,2026-08-12,0,True
8306.T,"Mitsubishi UFJ Financial Group, Inc.",Financial Services,Banks - Diversified,Japan,JPY,40190773561488.0,-2.7912040000000005,-1.4484015000000032,1.8033,-1.7703460000000002,5.535569,0.947,,-0.132230015,-0.0735799964,-0.004740000000000022,0.016779969999999977,-0.3888400000000001,0.19349999999999998,0.3075,0.482,,,,,143103679791104.0,108380647587840.0,6874772537344.0,431731548000000.0,,7521125000000.0,,,,,2427229000000.0,-23064420000000.0,2.69,0.405,96.0,3.19,48.0,1790640000.0,0.321,3813.0,2006.7453220129464,3564.0,3619.0908,1.72727,11.0,,,0.035439998,0.39618,False,False,,0.5,42551653.0,46759460.0,0.92,1.84,25.34,,,-5.08,0.3341,46.2,5.92,,False,0.39702098107573297,,1.0,Japan,True,,27.70562625741269,69.86803519061584,81.82647755667428,66.58093994778068,4.198473282442748,67.52941176470588,,50.0,,50.0,50.5008463670091,standard,197,1045933773,False,36.0,False,36.97654941373534,2.554438860971524,25.376884422110553,50.041876046901166,50.041876046901166,50.041876046901166,4,NEUTRAL,0,UPPTREND,False,4,0.5714285714285714,MEDEL,EJ AKTUELL,12.2,0.75,SUSPICIOUS_FWD_PE;,2026-08-12,0,True
DDOG,"Datadog, Inc.",Technology,Software - Application,United States,USD,78344233900.10535,431.3675305,55.49872725,1.4312,8.288012725000002,21.17576,20.075,955.386,-0.162529985,-0.07269000010000001,-0.06404999349999999,-0.13320499050000004,0.30425000999999996,0.19199999999999998,14.419,15.833,-31.374750000000006,1.6050000000000002,3.1,-498140160.0,4985438208.0,1277800960.0,79630630912.0,6643844000.0,,3427158000.0,,,-44373000.0,,107741000.0,1050135000.0,,0.0,,,,,,292.7200012207031,98.01000213623047,233.92999267578125,279.47534,1.5,45.0,2.67,0.0435,0.00636,0.91223997,False,False,,0.483,5319693.0,6269780.0,0.6,,,,,,0.7719,55.4,,,False,0.07713093136922979,,1.0,US,True,27.316612113369366,30.534621607483917,,93.89635596625719,43.59315286624204,55.343511450381676,12.352941176470589,38.31417624521073,50.0,39.6551724137931,48.3,50.415486120649675,standard,198,1466689589,False,46.1,False,74.87437185929649,29.81574539363484,2.554438860971524,50.041876046901166,50.041876046901166,50.041876046901166,6,NEUTRAL,0,UPPTREND,False,1,0.14285714285714285,LÅG,EJ AKTUELL,15.0,0.75,,2026-08-12,0,True
1398.HK,Industrial and Commercial Bank of China Limited,Financial Services,Banks - Diversified,China,HKD,619709466498.7449,-7.315174199999999,-4.3182934999999985,1.1264,-1.7317380599999999,3.7790053,5.816,,-0.0290800025,-0.002669999499999999,0.23464999999999994,0.24894253050000004,-0.38651,-0.0605,-0.15850000000000003,0.033,,,,,4014556053504.0,5242882097152.0,3916361629696.0,53477773000000.0,,833496000000.0,,,,,368562000000.0,1890530000000.0,4.9,0.3034,0.35,7.44,0.19441,1777852800.0,0.143,7.659999847412109,5.273010173300673,7.139999866485596,8.356273,1.5,16.0,,,0.0,0.49278,False,False,,0.5,187873692.0,216501213.0,0.7,5.45,2.29,,,-6.28,0.2285,49.5,2.86,,False,0.47501510632657096,,0.15,Asia,True,,56.35618384915856,38.28287115638559,18.943353311883275,89.43896866840731,21.374045801526716,67.52941176470588,,50.0,,50.0,50.37810474192531,standard,199,196993837,False,39.2,False,36.97654941373534,12.227805695142377,37.437185929648244,50.041876046901166,50.041876046901166,50.041876046901166,1,SVAG,-8,UPPTREND,False,2,0.2857142857142857,LÅG,EJ AKTUELL,-10.9,0.75,SUSPICIOUS_FWD_PE;,2026-08-12,0,True
KLAC,KLA Corporation,Technology,Semiconductor Equipment & Materials,United States,USD,258839983977.5829,16.478120500000003,6.430733249999999,1.8688,31.825639725,19.061117,19.133,22.026999999999997,0.6654700149999999,0.13363999,0.2469200045,0.28679500950000003,0.12196001000000006,-0.01200000000000001,-0.12800000000000003,0.133,32.08425,1.276,1.81,,4902408192.0,5887414784.0,259819094016.0,16067926000.0,,12156162000.0,,,5014227000.0,,4061643000.0,4081903000.0,0.48,0.2186,0.92,0.92,0.23,1779062400.0,1.458,307.3699951171875,82.87100394695247,198.11000061035156,230.85185,1.93103,27.0,1.82,0.0239,0.0011999999,0.92961,False,False,,0.382,12894798.0,13857890.0,0.64,-12.98,10.82,,,-33.56,0.6953,42.8,-9.53,,False,0.42180781947358387,,0.862,US,True,,87.78904778704056,30.861244019138756,44.81205730957414,43.781807636659956,31.297709923664126,67.52941176470588,,50.0,62.93103448275862,38.2,50.21591032931181,standard,200,2745386596,False,34.7,False,36.97654941373534,17.08542713567839,2.554438860971524,50.041876046901166,50.041876046901166,50.041876046901166,2,SVAG,-8,VARNING,False,2,0.2857142857142857,LÅG,EJ AKTUELL,3.0,0.875,,2026-08-12,0,True
ADC,Agree Realty Corporation,Real Estate,REIT - Retail,United States,USD,9406806873.682022,7.882804999999998,11.01547625,0.13,-7.636811475000001,12.09964,17.164,-1.9254999999999987,-0.08655498950000001,-0.01303,0.041830002500000005,0.11431500499999997,0.38551000999999996,0.10350000000000001,-0.0255,0.111,-42.76550000000002,-0.4380000000000003,0.244,-1028574688.0,32217000.0,3845841920.0,13381284864.0,9797612000.0,,718398000.0,,,346881000.0,,204349000.0,504136000.0,4.2,1.6887,3.2,4.21,0.267,1785456000.0,0.468,81.5214590551872,67.352911849313,75.62999725341797,84.86111,1.85,18.0,0.01,0.0002,0.01745,1.17614,False,False,,0.725,1208532.0,1474630.0,0.69,-5.58,-3.11,,,-9.22,0.1764,17.4,-3.78,,False,0.07444198129260789,,0.518,US,True,,56.47149217703212,26.347944641662806,48.89062592853565,65.48077946483511,87.40458015267176,29.64705882352941,18.39080459770115,50.0,95.40229885057471,72.5,50.18709216973387,standard,201,111526263,False,46.6,False,36.97654941373534,89.44723618090453,9.296482412060302,50.041876046901166,50.041876046901166,50.041876046901166,3,SVAG,-8,VARNING,False,1,0.14285714285714285,LÅG,EJ AKTUELL,-7.0,0.875,,2026-08-12,0,True
CBOE,"Cboe Global Markets, Inc.",Financial Services,Financial Data & Stock Exchanges,United States,USD,29927840022.748016,2.1244905000000003,1.7139729999999993,2.4568,-4.3273877500000015,5.9130735,5.76,2.296999999999999,0.06897000999999997,0.08675999999999999,0.0035925014999999977,-0.032522470000000026,0.04973997000000002,0.1345,0.3005,0.502,-49.11850000000001,-0.02750000000000008,0.793,-798104704.0,2354500096.0,1580300032.0,29153640448.0,9305300000.0,,4714200000.0,,,1514100000.0,,1100000000.0,1752600000.0,1.0,0.2245,2.88,1.29,0.72,1780012800.0,0.415,370.403634917837,227.14999389648438,286.5799865722656,317.42856,3.05882,14.0,2.87,0.0298,0.0025499999,0.92326,False,False,,0.468,1469830.0,1147740.0,0.71,2.82,-20.37,,,-22.74,0.4169,50.5,2.59,,False,0.49901940392337685,,0.898,US,True,47.34338128948771,61.748096900646075,6.587093344308963,75.2623355519145,53.362231350440425,75.19083969465649,67.52941176470588,29.88505747126437,50.0,56.896551724137936,46.800000000000004,50.14531054723086,standard,202,328919314,False,46.8,False,36.97654941373534,76.80067001675042,23.366834170854272,50.041876046901166,50.041876046901166,50.041876046901166,3,SVAG,-8,UPPTREND,False,3,0.42857142857142855,LÅG,EJ AKTUELL,-5.1,0.875,SUSPICIOUS_FWD_PE;,2026-08-12,0,True
7186.T,"Yokohama Financial Group, Inc.",Financial Services,Banks - Regional,Japan,JPY,2044007091237.0,0.0,-0.12072550000000248,,-2.1331779,5.1176686,2.472,,,,0.0,0.0035600000000000076,-0.3888400000000001,0.0315,0.015499999999999986,0.185,,,,,3585646002176.0,2514769936384.0,987377893376.0,24793138000000.0,,,,,,,,376257000000.0,2.61,0.4042,48.0,3.15,24.0,1790640000.0,0.225,1995.5,999.2813018223026,1839.0,1982.2222,1.77778,9.0,,,0.06319,0.49069,False,False,,0.5,3712009.0,3997270.0,0.73,-0.56,18.12,,,-5.45,0.4012,46.8,4.03,,False,0.2995761789964658,,0.764,Japan,True,,38.63636363636363,62.541372982799125,54.333182998989756,64.23629242819842,16.793893129770993,67.52941176470588,,50.0,,50.0,50.101119802679605,standard,203,46136242,False,37.3,False,36.97654941373534,8.710217755443885,27.889447236180903,50.041876046901166,50.041876046901166,50.041876046901166,3,SVAG,-8,UPPTREND,False,3,0.42857142857142855,LÅG,EJ AKTUELL,10.5,0.625,SUSPICIOUS_FWD_PE;,2026-08-12,0,True
EQIX,"Equinix, Inc.",Real Estate,REIT - Specialty,United States,USD,102877072775.52466,34.57268499999999,27.82220825,3.3835,-1.964002275,10.387427,12.648,5.875499999999999,-0.016254987500000012,-0.0001899999999999992,-0.09179999749999998,-0.09662501499999998,0.028740009999999983,0.10250000000000001,0.2415,0.302,60.467500000000015,0.4219999999999998,0.607,2299645312.0,979000000.0,23356000256.0,125270073344.0,40141000000.0,,9217000000.0,,,1966000000.0,,1350000000.0,3911000000.0,1.96,1.2677,20.64,1.86,5.16,1787097600.0,0.972,1124.0,713.1863099090233,1042.6199951171875,1225.7587,1.53125,29.0,2.84,0.0218,0.00271,0.99894994,False,False,,0.227,603003.0,684620.0,0.82,0.87,-3.99,,,-7.49,0.2284,50.7,-1.71,,True,0.6052909498690962,,0.509,US,True,73.298825201086,40.087477979890664,28.320128277683455,61.54220680911995,62.29645274484044,47.70992366412214,29.64705882352941,75.47892720306514,50.0,68.10344827586206,22.7,50.09854534135369,standard,204,713798501,False,50.0,False,88.52596314907872,25.376884422110553,10.552763819095476,50.041876046901166,50.041876046901166,50.041876046901166,5,NEUTRAL,0,VARNING,False,3,0.42857142857142855,LÅG,EJ AKTUELL,2.6,0.875,,2026-08-12,0,True
IOT,Samsara Inc.,Technology,Software - Infrastructure,United States,USD,,372.3075505,21.606857249999997,,3.218403725000001,,13.34,-17889.221999999998,-0.16583998699999997,-0.0775900001,-0.07558999549999998,-0.12303499050000002,0.27193000999999994,0.141,,,-56.05575,0.020999999999999908,1.202,-1233674432.0,804318976.0,69020000.0,23085889536.0,2540674000.0,,1618635000.0,,,-52576000.0,,-9117000.0,236210000.0,,0.0,,,,,1.336,47.470001220703125,23.3799991607666,40.880001068115234,44.31429,,21.0,6.99,0.1263,0.03869,1.0429901,False,False,,0.615,6129150.0,5336220.0,0.81,,,,,,0.6717,66.8,,,True,0.9553181837972984,,1.0,US,True,,29.9144119407066,,85.3604826546003,29.184353051393344,,12.352941176470589,23.754789272030653,50.0,12.068965517241379,61.5,50.04885198589953,standard,205,218144679,False,46.8,False,36.97654941373534,50.041876046901166,50.041876046901166,50.041876046901166,50.041876046901166,50.041876046901166,3,SVAG,-8,UPPTREND,False,1,0.14285714285714285,LÅG,EJ AKTUELL,-7.8,0.875,EXTREME_EARNINGS_GROWTH;,2026-08-12,0,True
APPF,"AppFolio, Inc.",Technology,Software - Application,United States,USD,4787123449.895859,7.770340500000003,-0.21842875000000106,7.45,0.7940747249999998,6.7623096,6.584,14.311000000000003,0.11141001499999997,0.11311999000000002,0.042520004500000014,0.05038500949999998,0.14427001,0.028999999999999998,-0.09300000000000003,0.155,-53.834750000000014,2.231,3.349,-1277434816.0,221684992.0,35775000.0,6852862976.0,688967000.0,,950822000.0,,,152917000.0,,140923000.0,242105000.0,,0.0,,,,,0.811,300.25,142.55999755859375,198.74000549316406,225.11111,1.3,9.0,7.35,0.113199994,0.04599,0.95982003,False,False,,0.718,396808.0,458360.0,0.99,,,,,,0.4885,75.8,,,True,0.9181498263338499,,0.702,US,True,17.55271370937048,72.02911143898699,,47.399433752430106,54.43002638683319,92.74809160305344,12.352941176470589,8.045977011494253,50.0,16.091954022988507,71.8,49.92829911968436,standard,206,91094469,False,48.8,False,36.97654941373534,94.30485762144055,19.430485762144052,50.041876046901166,50.041876046901166,50.041876046901166,4,NEUTRAL,0,UPPTREND,False,1,0.14285714285714285,LÅG,EJ AKTUELL,-0.4,0.875,SUSPICIOUS_FWD_PE;,2026-08-12,0,True
LOTB.BR,Lotus Bakeries NV,Consumer Defensive,Packaged Foods,Belgium,EUR,,29.552537249999993,24.535849499999998,9.38,0.531784824999999,7.234233,7.368,21.137999999999995,-0.015749985000000022,0.026299999999999997,0.03932500650000001,0.05486499499999997,-0.09496997000000001,0.0645,0.10200000000000001,0.154,-88.337,0.5740000000000003,0.937,-1446380564.0,121885000.0,312249984.0,9983724544.0,1536521000.0,,1355061000.0,,,233186000.0,,172258000.0,205878000.0,0.79,0.35869998,90.0,0.69,90.0,1778803200.0,0.6,11860.0,7209.19140625,,11169.3,,10.0,,,0.5,0.13757,False,False,,0.5,628.0,632.0,0.05,11.7,15.5,16.7,,-0.97,0.25,74.0,8.15,,True,,,0.5,US,True,15.118875440866761,55.30919969900299,71.04832789043316,49.70515968690839,70.53115558807714,,67.52941176470588,9.961685823754788,50.0,,50.0,49.828778646982904,standard,207,,True,41.9,False,36.97654941373534,50.041876046901166,17.42043551088777,50.041876046901166,50.041876046901166,50.041876046901166,4,NEUTRAL,0,UPPTREND,False,3,0.42857142857142855,LÅG,EJ AKTUELL,-2.3,0.875,,2026-08-12,0,True
ENR.DE,Siemens Energy AG,Industrials,Specialty Industrial Machinery,Germany,EUR,,31.745927000000002,4.4838651249999995,0.5712,5.197819000000001,3.1220553,2.931,6.1225000000000005,0.054225015999999994,-0.021935000000000003,-0.0502787445,-0.045231277500000014,-0.22167,0.08199999999999999,0.6880000000000001,0.761,-45.525749999999995,-0.29399999999999993,0.57,5410124928.0,11088000000.0,2959000064.0,122635583488.0,56637000000.0,,39077000000.0,,,1569000000.0,,1414000000.0,5821000000.0,0.46,0.2756,0.7,,0.7,1772150400.0,1.877,191.66000366210938,82.96619587932783,,197.2264,1.8,25.0,,,0.120670006,0.56082,False,False,,0.5,2517980.0,2624674.0,0.25,7.23,-2.52,2.83,,-11.92,0.5351,63.1,6.33,,True,,,0.556,Europe,True,82.62617035852935,35.88968482786227,29.365667345293826,71.2607695986462,19.66873853198295,,67.52941176470588,89.65517241379311,50.0,,50.0,49.74579620515149,standard,208,,True,45.9,False,36.97654941373534,50.041876046901166,43.88609715242881,50.041876046901166,50.041876046901166,50.041876046901166,4,NEUTRAL,0,UPPTREND,False,3,0.42857142857142855,LÅG,EJ AKTUELL,16.3,0.875,,2026-08-12,0,True
PRAA,"PRA Group, Inc.",Financial Services,Credit Services,United States,USD,754808208.4390259,,-9.468318,5.82,-8.8768338,0.6054202,3.563,-2.2330000000000005,-0.42154998,0.020770001999999996,-0.4888074985000001,-0.050582469999999984,0.50895001,0.07250000000000001,6.9094999999999995,6.71,279.76050000000004,20.7975,21.806,-1913654816.0,131306000.0,3814404096.0,4441620992.0,5103322000.0,,1213341000.0,,,243635000.0,,-305142000.0,-85541000.0,,0.0,,,0.333333,1178496000.0,1.1,22.549999237060547,10.25,19.790000915527344,26.0,2.33333,1.0,1.1,0.0305,0.02337,0.99817,False,False,,0.89,646333.0,421140.0,0.86,4.34,11.68,,,-15.7,0.6753,61.9,9.11,,True,1.2093999567845868,,0.84,US,True,,41.717717694233144,38.54032686800089,82.57988307171621,40.974380934958674,97.70992366412213,12.352941176470589,1.3409961685823755,50.0,55.172413793103445,99.0,49.73214984824085,standard,209,8334361,False,60.1,False,36.97654941373534,97.52931323283082,91.12227805695142,50.041876046901166,50.041876046901166,50.041876046901166,4,NEUTRAL,0,UPPTREND,False,1,0.14285714285714285,LÅG,EJ AKTUELL,8.8,0.75,SUSPICIOUS_FWD_PE;,2026-08-12,0,True
SYF,Synchrony Financial,Financial Services,Credit Services,United States,USD,25570893124.056396,-12.126033500000002,-9.6023237,1.0181,-7.971059450000001,2.5808332,2.778,,0.013860009999999978,0.0,0.09132250149999999,0.12332753000000002,-0.49104999000000005,-0.0885,-0.1655,-0.085,,,,,16193000448.0,16432000000.0,27525894144.0,119095000000.0,,14981000000.0,,,,,3552000000.0,9851000000.0,1.73,0.123100005,1.36,2.16,0.34,1785888000.0,1.311,87.67422693662976,62.55498440548189,78.58999633789062,89.08696,1.875,23.0,5.08,0.0793,0.00348,1.11632,False,False,,0.707,3817114.0,3369660.0,0.54,,,,,,0.3359,66.8,,,True,0.8526641550204613,,1.0,US,True,,51.749416948634135,,36.76990674318508,35.26599216710183,77.48091603053436,67.52941176470588,,50.0,21.26436781609195,70.7,49.73000326562012,standard,210,264821567,False,52.4,False,36.97654941373534,78.9782244556114,58.37520938023451,50.041876046901166,50.041876046901166,50.041876046901166,1,SVAG,-8,UPPTREND,False,1,0.14285714285714285,LÅG,EJ AKTUELL,-5.7,0.75,SUSPICIOUS_FWD_PE;,2026-08-12,0,True
CDNS,"Cadence Design Systems, Inc.",Technology,Software - Application,United States,USD,93424318630.61523,30.683760500000005,11.752095249999996,3.1153,1.0393157249999998,16.003828,16.196,22.967000000000002,0.02280001499999998,0.03176999999999999,0.1272300045,0.1476850095,0.36766005999999996,0.07799999999999999,0.979,1.293,-21.972750000000005,0.14300000000000002,1.426,133321856.0,1531835008.0,2651358976.0,94543847424.0,10153148000.0,,5296759000.0,,,1649781000.0,,1108888000.0,1728781000.0,,0.0,,,,,1.142,416.69000244140625,262.75,339.239990234375,403.6727,1.44,26.0,2.76,0.0226,0.00291,0.90669,False,False,,0.291,2396080.0,2587740.0,0.96,-13.08,-8.52,,,-21.34,0.4489,43.6,-10.66,,True,0.4333380221842498,,0.89,US,True,43.35921443251884,75.73833477285906,12.523580456517639,80.51464680979912,40.90760450793545,50.76335877862596,12.352941176470589,51.724137931034484,50.0,66.0919540229885,29.099999999999998,49.72752879418104,standard,211,877864892,False,47.1,False,78.55946398659967,26.633165829145728,6.281407035175879,50.041876046901166,50.041876046901166,50.041876046901166,7,STARK,8,VARNING,False,2,0.2857142857142857,LÅG,EJ AKTUELL,18.6,0.875,,2026-08-12,0,True
CIGI.TO,Colliers International Group Inc.,Real Estate,Real Estate Services,Canada,CAD,7059534335.725891,7.2486057500000065,-14.6691295,1.21,-1.615742375,1.2169265,1.937,-5.77825,0.0,0.002259997999999999,-0.18081000200000003,-0.25514997999999994,0.0,0.10250000000000001,6.0035,6.111,43.663000000000004,-0.45525,1.008,25170752.0,335217984.0,3312018944.0,11536914432.0,6788467000.0,,5558462000.0,,,401526000.0,,103100000.0,330140000.0,0.31,0.14220001,0.43,0.23,0.213,1782777600.0,1.25,238.6329888399582,124.87722856326202,141.82000732421875,199.19841,1.92308,4.0,4.21,,0.11057,0.85410005,False,False,,0.5,103282.0,123600.0,0.8,5.21,10.28,,,-18.21,0.3957,56.3,5.44,,False,0.6591449963314181,,0.495,Canada,True,,35.49385725118363,34.87849633859821,70.91725562356564,37.88803404234089,90.45801526717557,67.52941176470588,54.406130268199234,50.0,,50.0,49.65265531062371,standard,212,12584502,False,57.3,False,36.97654941373534,92.21105527638191,78.05695142378559,50.041876046901166,50.041876046901166,50.041876046901166,4,NEUTRAL,0,UPPTREND,False,2,0.2857142857142857,LÅG,EJ AKTUELL,1.1,0.875,SUSPICIOUS_FWD_PE;,2026-08-12,0,True
GIVN.SW,Givaudan SA,Basic Materials,Specialty Chemicals,Switzerland,CHF,,11.93918575,8.746428874999998,4.7878,1.5403498500000001,4.1987724,4.824,5.823000000000002,0.03729499000000002,0.015775000000000004,0.007911237500000015,-0.023091267500000012,0.008060000000000012,-0.122,-0.518,-0.198,57.20225,-0.2979999999999998,0.743,-188874944.0,316000000.0,4912000000.0,35729305600.0,11864000000.0,,7472000000.0,,,1375000000.0,,1071000000.0,1512000000.0,2.13,0.7011,72.0,1.95,72.0,1774224000.0,0.657,3547.0,2566.0,,3493.83,2.25,20.0,,,0.17141001,0.37013,False,False,,0.5,20725.0,16479.0,0.12,-2.77,22.07,,,-6.79,0.2552,62.3,-0.22,,True,,,0.5,Europe,True,47.75037426099313,54.71409049490141,61.67404091852309,13.782497686619749,57.12582528146879,,67.52941176470588,38.69731800766284,50.0,,50.0,49.528991088507624,standard,213,,True,44.3,False,36.97654941373534,50.041876046901166,33.835845896147404,50.041876046901166,50.041876046901166,50.041876046901166,3,SVAG,-8,VARNING,False,2,0.2857142857142857,LÅG,EJ AKTUELL,-11.3,0.875,,2026-08-12,0,True
AXP,American Express Company,Financial Services,Credit Services,United States,USD,230219877641.08847,0.5923724999999997,-0.13137800000000155,1.6153,-2.940651450000001,3.2465117,3.435,,0.14977001000000006,0.008900002,-0.10233749850000001,-0.17566247000000001,0.13233001000000005,0.0335,-0.09150000000000001,0.078,95.1715,-0.03950000000000009,1.542,,45752000512.0,59092000768.0,243559874560.0,300052000000.0,,72230000000.0,,,,,10833000000.0,18428000000.0,1.11,0.2148,3.8,1.1,0.95,1782950400.0,1.055,384.36057542335186,289.2612224526533,340.9100036621094,374.4628,2.23333,25.0,3.42,0.022,0.22558,0.65514,False,False,,0.478,3064727.0,2814130.0,0.83,-4.01,8.73,,,-5.74,0.2874,44.4,0.98,,False,0.38713815888353054,,0.71,US,True,,48.75112598717577,49.05378059028314,45.429853287829786,47.80067685553209,32.82442748091603,67.52941176470588,,50.0,67.24137931034483,47.8,49.38315236252898,standard,214,959365069,False,40.8,False,36.97654941373534,17.587939698492463,42.3785594639866,50.041876046901166,50.041876046901166,50.041876046901166,2,SVAG,-8,UPPTREND,False,1,0.14285714285714285,LÅG,EJ AKTUELL,-4.9,0.875,SUSPICIOUS_FWD_PE;,2026-08-12,0,True
BIOG-B.ST,BioGaia AB (publ),Healthcare,Drug Manufacturers - Specialty & Generic,Sweden,SEK,,6.813280499999994,6.457510999999997,,2.4405900999999988,7.1361723,6.854,7.074999999999998,0.11095749800000003,0.13589999899999997,0.06503001,0.02313746500000003,0.32032996999999996,0.0020000000000000018,0.027999999999999997,0.174,,2.624999999999999,2.108,-639307136.0,446272992.0,0.0,10833325056.0,1597807000.0,,1538168000.0,,,451971000.0,,332764000.0,306566000.0,1.47,0.4781,1.64,1.29,4.0,1778198400.0,0.319,136.3000030517578,90.34547824468368,,152.5,,2.0,,,0.16997999,0.53491,False,False,,0.5,159896.0,106572.0,0.06,-4.93,-14.66,,,-17.12,0.3155,26.9,-5.44,,False,,,0.758,Nordic,True,34.240947958691734,75.99733933937065,12.443192536571143,52.137704843807924,74.74447040627962,,67.52941176470588,23.371647509578544,50.0,,50.0,49.36359320375266,standard,215,,True,41.9,False,36.97654941373534,50.041876046901166,17.67169179229481,50.041876046901166,50.041876046901166,50.041876046901166,6,NEUTRAL,0,VARNING,False,3,0.42857142857142855,LÅG,EJ AKTUELL,11.1,0.75,,2026-08-12,0,True
BAJAJFINSV.NS,Bajaj Finserv Ltd.,Financial Services,Financial Conglomerates,India,INR,3214731669129.875,-2.202621999999998,-14.749675500000002,,-4.774594775,2.050725,4.699,-22.174999999999997,,,-0.2106,0.013782515000000023,0.31808999000000004,0.0985,-0.07450000000000001,0.123,221.37224999999998,,,,90790502400.0,3614400839680.0,7365813338112.0,7584975400000.0,,1371476300000.0,,,,,98009700000.0,-553014100000.0,0.06,0.020599999,1.3,0.04,1.5,1782777600.0,0.374,2193.128599829014,1595.6384533474438,2008.9000244140625,2362.2144,1.71429,14.0,,,0.63866,0.15083,False,False,,0.5,1258160.0,1911045.0,0.21,8.56,14.64,,,-4.61,0.2766,64.1,8.15,,True,0.6868751706504235,,0.838,India,True,,49.83164983164983,60.99342319630945,53.401274552251266,56.520205883820324,14.885496183206106,25.058823529411768,,50.0,,50.0,49.26670522917795,standard,216,40243514,False,42.6,False,36.97654941373534,7.118927973199329,64.90787269681742,50.041876046901166,50.041876046901166,50.041876046901166,1,SVAG,-8,UPPTREND,False,1,0.14285714285714285,LÅG,EJ AKTUELL,-6.3,0.75,SUSPICIOUS_FWD_PE;,2026-08-12,0,True
EXR,Extra Space Storage Inc.,Real Estate,REIT - Industrial,United States,USD,31593248284.884247,0.01276099999999758,3.280987250000001,6.4704,-6.734108675000001,9.399822,13.167,-1.7095000000000011,-0.05407498750000002,-0.003440000000000002,0.026210002499999982,0.091975005,0.25814001,-0.026500000000000003,0.013499999999999998,0.055,-0.0754999999999999,0.17699999999999982,0.305,23082880.0,696604032.0,14414687232.0,46230769664.0,29264046000.0,,3377542000.0,,,1489001000.0,,973999000.0,1850193000.0,4.33,1.4305,6.48,3.72,1.62,1781481600.0,1.185,158.8800048828125,121.45179784954341,149.5399932861328,157.6,2.33333,20.0,3.85,0.0297,0.00942,1.0056701,False,False,,0.477,1189709.0,1548800.0,0.42,0.72,2.32,,,-4.12,0.239,54.1,-0.09,,True,0.6441111405245298,,0.647,US,True,,56.750359012502734,44.78914784517501,40.89474791937268,56.55264200939061,74.80916030534351,29.64705882352941,50.191570881226056,50.0,57.47126436781609,47.699999999999996,49.15355513847116,standard,217,231607542,False,57.1,False,85.09212730318258,76.46566164154103,12.144053601340033,50.041876046901166,50.041876046901166,50.041876046901166,4,NEUTRAL,0,VARNING,False,0,0.0,LÅG,EJ AKTUELL,6.6,0.875,,2026-08-12,0,True
BEAN.SW,BELIMO Holding AG,Industrials,Building Products & Equipment,Switzerland,CHF,,22.197467000000003,16.004175124999996,1.41,9.739104,8.440774,8.467,15.777500000000005,0.128544996,0.120655,0.051471251500000016,0.05005872249999997,0.17067,0.11199999999999999,0.12100000000000001,0.233,-50.97575,0.6130000000000002,1.036,-763881468.0,103500000.0,131300000.0,10462794752.0,878803000.0,,1120813000.0,,,232852000.0,,181625000.0,184857000.0,1.16,0.5992,10.0,1.65,10.0,1774396800.0,1.118,969.5,598.9996380559579,,1018.9,2.1,10.0,,,0.20236999,0.52845,False,False,,0.5,25334.0,18640.0,0.1,3.12,10.06,,,-11.03,0.4576,59.6,-1.01,,True,,,0.5,Europe,True,23.741087513638327,73.2704286658522,41.018418480218145,55.37655286533722,44.72493112260454,,67.52941176470588,19.157088122605366,50.0,,50.0,49.13322107198937,standard,218,,True,41.4,False,36.97654941373534,50.041876046901166,14.321608040201006,50.041876046901166,50.041876046901166,50.041876046901166,5,NEUTRAL,0,VARNING,False,2,0.2857142857142857,LÅG,EJ AKTUELL,6.7,0.875,,2026-08-12,0,True
BARC.L,BARC.L,Financial Services,Banks - Diversified,United Kingdom,GBp,,-1.5401260000000043,-2.6293487000000004,1.2967,-3.485545880000001,2.4713876,2.883,,-0.08985997999999998,-0.019210000300000005,-0.02854249900000004,-0.03822248499999999,-0.48334998000000007,0.0615,0.2445,0.309,,,,,771663003648.0,782348976128.0,81124081664.0,1544165000000.0,,29140000000.0,,,,,7172000000.0,18739000000.0,2.21,0.17809999,0.12,3.27,0.059,1785974400.0,0.878,6950.085501881603,4474.7849128340185,,576.235,1.70588,17.0,,,0.0027200002,0.48364,False,False,,0.5,45592167.0,50830388.0,0.03,-1.32,22.27,11.65,,-2.42,0.3518,49.1,2.37,,False,,,0.909,UK,True,,25.7909267012037,68.74093020103207,68.60690363603949,48.376305483028716,,67.52941176470588,,50.0,,50.0,49.110741704938555,standard,219,,True,48.2,False,36.97654941373534,50.041876046901166,59.71524288107203,50.041876046901166,50.041876046901166,50.041876046901166,1,SVAG,-8,UPPTREND,False,3,0.42857142857142855,LÅG,EJ AKTUELL,-5.7,0.75,SUSPICIOUS_FWD_PE;,2026-08-12,0,True
C,Citigroup Inc.,Financial Services,Banks - Diversified,United States,USD,226453965705.0,-5.7717445000000005,-6.601168000000001,0.738,-8.47688725,2.7713673,-4.199,,-0.10870999,-0.022390000300000004,-0.045427488500000016,-0.016572470000000006,-0.49104999000000005,0.05049999999999999,0.4085,0.451,,,,,1405423976448.0,813852983296.0,-343136993280.0,2657202000000.0,,85213000000.0,,,,,14306000000.0,-67632000000.0,2.0,0.2586,2.68,3.42,0.67,1785715200.0,1.102,147.21154110017517,88.80141651168985,135.0,154.5,1.71429,20.0,0.05,0.0004,0.0026699998,0.81389,False,False,,0.592,12200009.0,10619330.0,0.8040491364240623,-2.78,5.11,17.79,,-0.08295233518318657,0.2933412504034784,62.21949625134169,-0.0038210875076759576,0.1386900517745011,True,0.6885662465303664,,0.759,US,True,,23.336229763367463,67.58558991156615,68.85736206735545,47.26566579634465,33.20610687022901,67.52941176470588,,50.0,94.25287356321839,59.199999999999996,49.07188771359018,standard,220,1433609550,False,42.8,False,36.97654941373534,17.75544388609715,55.69514237855946,50.041876046901166,50.041876046901166,50.041876046901166,1,SVAG,-8,VARNING,False,3,0.42857142857142855,LÅG,EJ AKTUELL,-5.1,0.75,SUSPICIOUS_FWD_PE;,2026-08-12,0,True
TRENT.NS,Trent Limited,Consumer Cyclical,Apparel Retail,India,INR,1598097206097.0,52.18083800000001,19.275946000000005,,13.190680825000003,7.62981,7.714,13.565500000000007,,,-0.008857503999999974,0.010704989999999998,0.23340998999999998,0.103,0.104,0.208,-7.806250000000002,,,,9288899584.0,25612500992.0,1615650226176.0,117285800000.0,,198501100000.0,,,23782200000.0,,17196500000.0,26676200000.0,0.13,0.1034,4.0,0.1,4.0,1781222400.0,0.384,5665.627845083876,2180.44477277369,2997.0,3341.6794,1.96154,26.0,,,0.43403998,0.31660998,False,False,,0.5,1496126.0,1379556.0,0.33,3.91,9.2,,,-10.84,0.381,59.4,-0.63,,True,0.6187188902006784,,0.602,India,True,,57.575757575757585,39.844969216785856,58.47589132347989,60.56298955613577,17.938931297709924,34.705882352941174,,50.0,,50.0,49.01592835977379,standard,221,43340382,False,35.6,False,36.97654941373534,9.380234505862646,15.912897822445563,50.041876046901166,50.041876046901166,50.041876046901166,3,SVAG,-8,VARNING,False,1,0.14285714285714285,LÅG,EJ AKTUELL,-10.1,0.75,,2026-08-12,0,True
9999.HK,"NetEase, Inc.",Communication Services,Electronic Gaming & Multimedia,China,HKD,656896691531.7573,0.2072124999999998,0.0,1.4213,0.2497720500000007,5.742679,4.379,1.206999999999998,0.0726099975,0.06599000399999999,0.12978249900000005,0.2020300055,0.27037,0.0,-0.023,0.036,-22.611,1.9770000000000003,3.089,-19243067392.0,170903830528.0,10955459584.0,500933722112.0,221415060000.0,,112625807000.0,,,35834867000.0,,33759800000.0,50739800000.0,2.2,0.3966,4.51,1.94,0.144,1780531200.0,0.8,247.3736598862898,168.6753483990376,205.1999969482422,249.66104,1.34783,20.0,,,0.43930998,0.27143,False,False,,0.5,9134612.0,6645226.0,0.96,-4.99,3.52,,,-9.96,0.3591,51.7,-3.27,,True,0.6181405254098788,,0.506,Asia,True,46.57862018218264,80.14913138959707,33.46238274082077,39.05018549489358,60.448587251168284,20.99236641221374,67.52941176470588,25.67049808429119,50.0,,50.0,48.98584664499453,standard,222,173772563,False,50.8,False,91.54103852596315,11.976549413735343,24.288107202680067,50.041876046901166,50.041876046901166,50.041876046901166,5,NEUTRAL,0,VARNING,False,3,0.42857142857142855,LÅG,EJ AKTUELL,5.7,0.875,SUSPICIOUS_FWD_PE;,2026-08-12,0,True
KNIN.SW,Kuehne + Nagel International AG,Industrials,Integrated Freight & Logistics,Switzerland,CHF,,-1.2166679999999976,1.1363251250000008,2.4497,4.573591000000002,0.97863287,1.122,-1.3864999999999998,0.21941499599999995,0.0006949999999999925,-0.07892874849999999,-0.11781128050000003,-0.06852000000000003,-0.017,0.0020000000000000018,0.117,124.23825,-0.22299999999999998,0.935,-466749952.0,617000000.0,4084000000.0,27163451392.0,11927000000.0,,24476000000.0,,,1237000000.0,,882000000.0,1781000000.0,3.0,0.8253,6.0,4.18,6.0,1778198400.0,0.639,213.6999969482422,142.4033839338917,,197.5,3.11111,18.0,,,0.60231996,0.18152,False,False,,0.5,208844.0,210964.0,0.03,-5.82,13.31,,,-5.82,0.2539,34.4,-0.39,,False,,,0.443,Europe,True,,44.89860032915031,55.65416473735658,34.006710571369545,53.11582316109826,,67.52941176470588,33.71647509578544,50.0,,50.0,48.98259311054436,standard,223,,True,51.7,False,36.97654941373534,50.041876046901166,82.99832495812394,50.041876046901166,50.041876046901166,50.041876046901166,3,SVAG,-8,VARNING,False,1,0.14285714285714285,LÅG,EJ AKTUELL,-9.5,0.875,SUSPICIOUS_FWD_PE;,2026-08-12,0,True
MAR,Marriott International,Consumer Cyclical,Lodging,United States,USD,,7.413107000000004,3.254374750000001,2.2132,,,16.044,-0.8244999999999987,,0.011255008999999982,0.26918000049999996,0.4902324925,0.26028006000000004,0.053000000000000005,-0.102,-0.026,,-0.7150000000000001,0.416,-107507520.0,454000000.0,17405999104.0,115263029248.0,27540000000.0,,26186000000.0,,,4139000000.0,,2601000000.0,3212000000.0,0.78,0.28059998,2.92,1.29,0.73,1779408000.0,1.106,410.9800109863281,251.5346649251352,372.8299865722656,384.83334,2.23077,24.0,3.02,0.0214,0.17882,0.64242,False,False,,0.481,1481774.0,1330560.0,1.06,-3.77,-0.01,,,-13.18,0.2818,39.0,-6.96,,True,0.5084493312789344,,0.696,US,True,,82.76649473457984,24.31187940525801,42.068516026702206,35.49798703386495,,67.52941176470588,44.06130268199234,50.0,70.11494252873564,48.1,48.82720795448962,standard,224,496072667,False,45.5,False,31.715481171548117,50.04184100418409,50.04184100418409,50.04184100418409,50.04184100418409,50.04184100418409,5,NEUTRAL,0,VARNING,False,2,0.2857142857142857,LÅG,EJ AKTUELL,0.0,0.5,,2026-08-12,0,True
TD.TO,The Toronto-Dominion Bank,Financial Services,Banks - Diversified,Canada,CAD,279692239341.65955,-7.827892749999997,0.22198325000000008,0.91,-3.1938840500000003,4.726127,2.84,,-0.0296949965,-0.019229999999999997,0.035862496999999965,0.006112545000000025,-0.4001,-0.4095,-0.8135,-0.618,,,,,637163995136.0,522703994880.0,168068235264.0,2094558000000.0,,61281000000.0,,,,,20538000000.0,-69646000000.0,2.64,0.5,4.48,4.13,1.12,1783641600.0,0.873,175.3300018310547,96.8401421877935,169.3000030517578,163.0,2.15385,13.0,4.01,,0.00043000001,0.56696,False,False,,0.5,4896527.0,4874890.0,0.53,-0.93,15.34,,,-3.52,0.1793,47.4,1.34,,False,0.4294255248139243,,0.931,Canada,True,,37.081700470901595,64.87155082231483,21.53625639893712,74.76240208877284,30.15267175572519,67.52941176470588,,50.0,,50.0,48.80570333019696,standard,225,592518404,False,38.8,False,36.97654941373534,16.834170854271356,29.98324958123953,50.041876046901166,50.041876046901166,50.041876046901166,0,SVAG,-8,UPPTREND,False,3,0.42857142857142855,LÅG,EJ AKTUELL,-4.2,0.75,SUSPICIOUS_FWD_PE;,2026-08-12,0,True
ARM,Arm Holdings plc,Technology,Semiconductors,United Kingdom,USD,301784363464.58514,257.8512805,68.24615225,1.9684,22.383519725,58.53072,57.871,259.62699999999995,-0.07595999500000003,-0.020210000000000013,0.09365999450000001,-0.062034990500000026,0.48432005999999994,0.06,0.8079999999999999,1.077,-55.013750000000016,3.652,5.063,-141854720.0,3888000000.0,485000000.0,298381770752.0,10703000000.0,,4920000000.0,,,908000000.0,,904000000.0,1524000000.0,,0.0,,,,,3.909,452.70001220703125,100.0199966430664,282.57000732421875,286.78918,1.9,37.0,1.9,0.12020001,0.00071000005,0.95484,False,False,,0.455,9580283.0,6893360.0,0.48,,,,,,0.9652,45.4,,,True,0.6847551878317256,,0.957,US,True,32.68059678769886,49.80554672144395,,81.38955342564216,32.04026486615334,29.389312977099237,12.352941176470589,45.97701149425287,50.0,12.643678160919542,45.5,48.79380576055669,standard,226,1947856786,False,44.2,False,75.2931323283082,16.24790619765494,2.554438860971524,50.041876046901166,50.041876046901166,50.041876046901166,6,NEUTRAL,0,UPPTREND,False,1,0.14285714285714285,LÅG,EJ AKTUELL,9.8,0.875,,2026-08-12,0,True
DLR,"Digital Realty Trust, Inc.",Real Estate,REIT - Specialty,United States,USD,71713012038.06079,212.31817500000005,37.922481250000004,14.0355,-6.431739575000001,10.804247,13.723,7.165499999999998,-0.0944849875,-0.022260000000000002,-0.12833999750000002,-0.10802499500000001,0.07889001000000001,0.2345,-0.6335,-0.561,-33.80550000000001,0.18099999999999983,0.889,2292127360.0,1907729024.0,20074991616.0,92723929088.0,49410468000.0,,6112692000.0,,,922135000.0,,1308589000.0,2412136000.0,2.53,6.1772,4.88,3.39,1.22,1781481600.0,1.042,207.47000122070312,144.27911912668085,193.8000030517578,221.67741,1.51515,31.0,0.0,0.0001,0.00014,0.95325,False,False,,0.498,2984251.0,2450340.0,0.81,10.22,-1.63,,,-5.8,0.292,61.4,3.12,,True,0.7286730767108767,,0.79,US,True,75.07675522062368,28.256179678299304,35.272075594656236,39.1986072318955,52.87592229188493,56.87022900763359,29.64705882352941,81.99233716475096,50.0,96.83908045977012,49.8,48.65358728335541,standard,227,474875899,False,51.6,False,91.79229480737018,30.98827470686767,10.134003350083752,50.041876046901166,50.041876046901166,50.041876046901166,3,SVAG,-8,UPPTREND,False,1,0.14285714285714285,LÅG,EJ AKTUELL,0.7,0.875,,2026-08-12,0,True
SLHN.SW,Swiss Life Holding AG,Financial Services,Insurance - Diversified,Switzerland,CHF,26665594532.731567,6.694509000000001,5.3516928749999995,2.6133,-1.6223991000000002,2.27697,-3.588,-35.285,-0.03862500600000001,-0.017275,-0.1686012515,-0.2573987525,-0.08271998000000003,-0.0835,-0.10350000000000001,0.073,133.68875000000006,4.1445,5.365,-1016749968.0,83701997568.0,14849999872.0,-42019405824.0,219125000000.0,,17796000000.0,,,,,1231000000.0,,3.82,0.8052,36.5,4.55,36.5,1778457600.0,0.533,962.2000122070312,760.0860925810925,954.2000122070312,860.6167,3.25,12.0,,,0.00397,0.39376998,False,False,,0.5,59576.0,45632.0,0.19,-0.4,12.01,,,-2.05,0.1676,42.0,3.17,,False,0.8023561650186883,,0.5,Europe,True,,24.575784512556893,64.56543362315858,27.27692930253354,74.96738475162562,77.09923664122137,67.52941176470588,,50.0,,50.0,48.6385898153815,standard,228,53594179,False,52.9,False,36.97654941373534,78.30820770519263,62.47906197654941,50.041876046901166,50.041876046901166,50.041876046901166,1,SVAG,-8,UPPTREND,False,3,0.42857142857142855,LÅG,EJ AKTUELL,-5.6,0.875,,2026-08-12,0,True
CBK.DE,Commerzbank AG,Financial Services,Banks - Regional,Germany,EUR,,2.690808999999999,-3.1716401249999997,0.9847,-3.809475000000001,3.556318,-3.963,,-0.10780500600000001,-0.016954999999999998,-0.009141251500000017,0.018521247500000004,-0.42923000000000006,-0.004500000000000004,0.7865,0.942,,,,,102639001600.0,345000000.0,-46974468096.0,590092000000.0,,12934000000.0,,,,,2625000000.0,-6727000000.0,2.86,0.29950002,1.1,2.92,1.1,1779321600.0,,39.869998931884766,28.151023097298392,,40.14615,2.23077,13.0,,,0.42490003,0.33071,False,False,,0.5,2897731.0,2744614.0,0.05,0.51,10.82,18.59,,-1.06,0.3939,54.5,4.07,,True,,,0.504,Europe,True,,30.30037572490403,68.14030024556341,64.87117867785012,37.0,,67.52941176470588,,50.0,,50.0,48.59242732826212,standard,229,,True,45.2,False,36.97654941373534,50.041876046901166,39.27973199329983,50.041876046901166,50.041876046901166,50.041876046901166,2,SVAG,-8,UPPTREND,False,3,0.42857142857142855,LÅG,EJ AKTUELL,-3.2,0.625,SUSPICIOUS_FWD_PE;,2026-08-12,0,True
ZURN.SW,Zurich Insurance Group AG,Financial Services,Insurance - Diversified,Switzerland,CHF,88605852194.15533,0.15030200000000082,0.43899187499999925,12.2087,-1.7119208000000004,1.1512636,1.27,-4.968000000000001,0.052484994000000014,-0.005305001000000002,-0.18013125550000003,-0.2788887525,-0.18639,0.018500000000000003,-0.09950000000000002,0.138,-18.451250000000005,26.985500000000002,13.497,25132375168.0,6714999808.0,15358000128.0,97736048640.0,407211000000.0,,88670000000.0,,,,,6798000000.0,5903000000.0,5.09,0.72029996,30.0,5.1,30.0,1775779200.0,,626.0,493.58854967277733,593.2000122070312,604.7634,2.75,12.0,,,0.0018600001,0.43526,False,False,,0.5,260632.0,258104.0,0.07,-2.93,4.14,,,-5.67,0.1856,23.0,-1.21,,False,-0.05838840437763984,,0.5,Europe,True,,31.332050794114217,42.89499408344909,38.91225125856376,95.4984076433121,52.29007633587786,67.52941176470588,99.04214559386973,50.0,,50.0,48.443811221773956,standard,230,188453664,False,63.0,False,97.52931323283082,27.80569514237856,79.48073701842546,50.041876046901166,50.041876046901166,50.041876046901166,5,NEUTRAL,0,VARNING,False,2,0.2857142857142857,LÅG,EJ AKTUELL,11.3,0.75,SUSPICIOUS_FWD_PE;,2026-08-12,0,True
MKTX,MarketAxess Holdings Inc.,Financial Services,Capital Markets,United States,USD,5719900531.269928,-0.9605025000000005,1.3281290000000006,1.3669,-5.03521245,6.5744095,6.516,0.23399999999999999,0.037400009999999984,0.07250999999999999,0.08842250149999997,0.039757529999999985,0.12562997999999997,-0.0995,-0.1915,-0.043,-62.93350000000001,5.444500000000001,6.636,,245794000.0,178912992.0,5669103616.0,1934886000.0,,846268000.0,,,341838000.0,,246627000.0,382139000.0,1.92,0.3641,3.12,1.2,0.78,1787097600.0,0.825,194.89255608504916,108.75,162.52999877929688,152.22221,2.91667,9.0,2.87,0.0766,0.00942,1.11605,False,False,,0.768,930179.0,2202240.0,0.42,41.49,15.6,,,-15.59,0.5129,98.8,29.73,,True,0.8299343184441975,,0.895,US,True,,68.78959781910405,44.405000771724026,31.750162714818934,58.080313537664985,91.6030534351145,67.52941176470588,,50.0,21.839080459770116,76.8,48.43944242050619,holding,231,357930065,False,48.8,False,36.97654941373534,93.2998324958124,20.100502512562816,50.041876046901166,50.041876046901166,50.041876046901166,3,SVAG,-8,UPPTREND,False,2,0.2857142857142857,LÅG,EJ AKTUELL,-5.8,0.875,SUSPICIOUS_FWD_PE;,2026-08-12,0,True
NET,"Cloudflare, Inc.",Technology,Software - Infrastructure,United States,USD,96872736024.85428,,157.46137725000003,2.38,56.923254725,45.915924,42.9,-2774.1609999999996,-0.26824998499999997,-0.100890001,-0.14606999250000002,-0.2349649805,0.24222006,0.171,,,170.22525000000002,0.35599999999999987,1.895,-721356416.0,4163877888.0,3524536064.0,99897065472.0,6036256000.0,,2167937000.0,,,-207205000.0,,-102267000.0,603114000.0,,0.0,,,,,1.66,324.7300109863281,158.8300018310547,300.2699890136719,272.3584,1.88235,31.0,3.0,0.0347,0.0065499996,0.90075994,False,False,,0.482,3731175.0,4230990.0,1.11,,,,,,0.712,70.6,,,True,1.0087110730084796,,0.941,US,True,,23.955169345574806,,81.74358974358975,27.45766430792769,49.61832061068702,12.352941176470589,37.93103448275862,50.0,49.42528735632184,48.199999999999996,48.41828462564793,standard,232,1270439321,False,36.1,False,36.97654941373534,26.214405360134002,2.554438860971524,50.041876046901166,50.041876046901166,50.041876046901166,0,SVAG,-8,UPPTREND,False,1,0.14285714285714285,LÅG,EJ AKTUELL,-7.0,0.75,EXTREME_EARNINGS_GROWTH;,2026-08-12,0,True
FABG.ST,Fabege AB (publ),Real Estate,Real Estate Services,Sweden,SEK,,28.84310500000001,-9.146823250000008,5.07,-5.531485125,6.048034,15.155,3.2574999999999994,-0.1258049985,-0.009864999999999999,-0.17923499800000006,0.15006747500000012,0.25060001000000004,0.07550000000000001,,,14.930874999999995,-0.6710000000000002,0.003,895392416.0,28000000.0,36145999872.0,60104503296.0,83089000000.0,,3760000000.0,,,2491000000.0,,-348000000.0,1744000000.0,2.91,1.4964,2.2,2.83,0.55,1791763200.0,1.357,87.41925711822152,71.48093682604662,,84.01,,10.0,,,0.39844,0.30165002,False,False,,0.5,378128.0,284116.0,0.1,0.93,-1.91,,,-7.98,0.1895,67.8,1.5,,True,,,0.163,Nordic,True,75.45456852147878,44.4473350816185,29.93517518135515,34.98642533936652,51.58057304052818,,29.64705882352941,72.03065134099617,50.0,,50.0,48.41380797845114,standard,233,,True,42.7,False,36.97654941373534,50.041876046901166,22.613065326633166,50.041876046901166,50.041876046901166,50.041876046901166,4,NEUTRAL,0,UPPTREND,False,1,0.14285714285714285,LÅG,EJ AKTUELL,-0.2,0.875,EXTREME_EARNINGS_GROWTH;SUSPICIOUS_FWD_PE;,2026-08-12,0,True
SLF.TO,Sun Life Financial Inc.,Financial Services,Insurance - Diversified,Canada,CAD,63264668868.0,-6.423178749999998,-2.1294977499999996,1.6153,-2.8104976500000003,1.8128971,-0.817,-19.01575,-0.029064998499999994,-0.01888,-0.12758750300000005,-0.26276745500000004,0.0013400199999999973,-0.0925,-0.6855,-0.488,6.359999999999999,45.64425,45.002,-4491152096.0,109036003328.0,14042000384.0,-28513431552.0,398455000000.0,,38447000000.0,,,,,3745000000.0,2799000000.0,3.21,0.6704,3.68,4.06,0.96,1779840000.0,0.825,118.98999786376953,74.2086925415297,114.25,110.28571,2.33333,14.0,6.94,,0.00051,0.55914,False,False,,0.5,1811604.0,2175220.0,1.01,1.17,17.19,,,-5.38,0.2044,44.0,1.19,,False,0.412494302245489,,0.697,Canada,True,,28.53667720387913,62.172874757764404,19.65058124563146,83.2654501214016,59.541984732824424,67.52941176470588,,50.0,,50.0,48.41313122555067,standard,234,178418323,False,52.5,False,36.97654941373534,69.09547738693468,68.92797319932998,50.041876046901166,50.041876046901166,50.041876046901166,2,SVAG,-8,UPPTREND,False,3,0.42857142857142855,LÅG,EJ AKTUELL,-4.5,0.875,SUSPICIOUS_FWD_PE;,2026-08-12,0,True
GAW.L,Games Workshop Group PLC,Consumer Cyclical,Leisure,United Kingdom,GBp,,9.251283999999998,14.634479500000001,,14.170893419999999,9.457127,9.265,6.76875,0.4693200249999999,0.334299997,0.185099997,0.21738001000000004,0.24183002000000003,-0.045,-0.109,-0.004,-75.102,2.399749999999999,2.775,-691837488.0,182900000.0,56000000.0,6111966208.0,466600000.0,,659700000.0,,,275000000.0,,206000000.0,267700000.0,2.06,0.77910006,3.9,2.92,1.4,1787788800.0,0.911,302269.22095683473,177691.55672554945,,21925.0,1.66667,2.0,,,0.00525,0.69041,False,False,,0.5,92967.0,135367.0,0.02,-6.24,-0.87,15.45,,-12.39,0.2622,36.0,-4.26,,False,,,0.5,UK,True,26.93004491131917,88.28057268793921,37.621424039081084,26.88843529185379,67.77021142727268,,67.52941176470588,12.643678160919542,50.0,,50.0,48.3108603777694,standard,235,,True,41.1,False,36.97654941373534,50.041876046901166,11.892797319932999,50.041876046901166,50.041876046901166,50.041876046901166,3,SVAG,-8,VARNING,False,3,0.42857142857142855,LÅG,EJ AKTUELL,-2.2,0.875,,2026-08-12,0,True
AVB,"AvalonBay Communities, Inc.",Real Estate,REIT - Residential,United States,USD,26781758396.4348,-7.341639999999998,10.346264249999999,7.17,-6.906820975,8.685453,11.691,-2.3135000000000003,-0.03873498750000001,-0.01074,0.08662998250000004,-0.06056497500000002,0.13616001000000005,-0.0415,-0.45949999999999996,-0.42,-26.6205,-0.3710000000000001,0.034,-67210624.0,90121000.0,9187223552.0,36049784832.0,22192137000.0,,3040725000.0,,,919756000.0,,1051301000.0,1671105000.0,3.82,0.96980006,7.12,3.37,1.78,1782777600.0,0.773,198.6300048828125,157.11803610789784,187.5500030517578,201.33333,2.55,18.0,2.83,0.031,0.00399,0.95267,False,False,,0.805,1007701.0,639830.0,0.94,-5.21,-1.91,,,-7.03,0.2062,35.5,-3.0,,False,0.24079696933280362,,0.264,US,True,,49.39292709164247,31.54336231585807,11.609122570950737,58.184670414040454,76.7175572519084,67.52941176470588,42.1455938697318,50.0,54.02298850574713,90.5,48.19235751728653,standard,236,120000118,False,57.6,False,85.17587939698493,78.14070351758794,13.651591289782244,50.041876046901166,50.041876046901166,50.041876046901166,3,SVAG,-8,VARNING,False,1,0.14285714285714285,LÅG,EJ AKTUELL,0.1,0.875,,2026-08-12,0,True
NTRS,Northern Trust Corporation,Financial Services,Asset Management,United States,USD,33938273631.5,-4.3806695000000015,-2.439343000000001,1.2073,-6.81715575,3.7354324,4.531,,-0.023339990000000005,-0.01626,-0.017047498500000022,0.04609753,-0.49104999000000005,0.26949999999999996,0.7845,0.88,,,,,10004799488.0,16345100288.0,41163472896.0,177132700000.0,,8086400000.0,,,,,1736900000.0,5533500000.0,1.78,0.2749,3.28,2.96,0.8,1788480000.0,1.259,191.60000610351562,119.16799812932595,185.5,184.26923,3.0,13.0,3.26,0.020399999,0.008590001,0.87313,False,False,,0.757,1080290.0,985000.0,1.25,0.61,16.2,,,-1.75,0.256,71.2,5.28,,False,0.6704227465924982,,0.707,US,True,,34.91231782179192,71.23377235856013,80.04971609801375,48.92983028720627,73.2824427480916,67.52941176470588,,50.0,72.41379310344827,75.7,48.16313497837574,holding,237,182717500,False,48.8,False,36.97654941373534,75.4606365159129,37.93969849246231,50.041876046901166,50.041876046901166,50.041876046901166,1,SVAG,-8,UPPTREND,False,3,0.42857142857142855,LÅG,EJ AKTUELL,0.9,0.75,SUSPICIOUS_FWD_PE;,2026-08-12,0,True
BRK-B,Berkshire Hathaway Inc.,Financial Services,Insurance - Diversified,United States,USD,729637450589.4023,-4.572069500000001,7.109434,10.06,-9.6524283261,2.9980402,-0.707,-15.053000000000003,-0.08900999000000001,0.024920001999999997,-0.07069749850000001,-0.23534247,-0.21324999,-0.0505,0.9944999999999999,1.196,-59.53950000000002,1.2834999999999999,2.7,59751894400.0,397383008256.0,128885997568.0,-265477701632.0,1222176000000.0,,410522000000.0,,,,,66968000000.0,45969000000.0,,0.0,,,,,0.607,525.4400024414062,462.54998779296875,521.7999877929688,525.3333,2.0,3.0,2.33,0.0095999995,0.00265,0.6725,False,False,,0.588,4818824.0,4365510.0,1.06,5.15,6.48,,,-2.46,0.1574,70.7,3.91,,True,0.8818671571136691,,0.688,US,True,,31.176878899680986,55.33218432199757,65.34483267256968,82.02666054115183,20.610687022900763,12.352941176470589,,50.0,89.08045977011494,58.8,48.15514121890994,standard,238,2277923065,False,55.5,False,97.52931323283082,11.892797319932999,45.56113902847571,50.041876046901166,50.041876046901166,50.041876046901166,5,NEUTRAL,0,UPPTREND,False,2,0.2857142857142857,LÅG,EJ AKTUELL,1.9,0.875,,2026-08-12,0,True
LAGR-B.ST,Lagercrantz Group AB (publ),Industrials,Conglomerates,Sweden,SEK,,11.480957500000002,21.27117174999999,3.02,2.0156982999999995,4.409564,4.821,6.337499999999998,0.05822000199999999,0.025784999999999995,-0.032329992000000016,-0.06216252500000001,-0.018290030000000013,0.08299999999999999,0.09100000000000001,0.198,39.513374999999996,0.0,0.777,298642336.0,386000000.0,4918000128.0,53234397184.0,12771000000.0,,10610000000.0,,,1673000000.0,,1200000000.0,1502000000.0,1.07,0.36240003,2.5,1.02,2.5,1787702400.0,1.195,266.79998779296875,185.1999969482422,,271.875,1.71429,8.0,,,0.04654,0.65189004,False,False,,0.5,204377.0,178209.0,0.07,-4.21,-4.13,,,-12.58,0.3254,58.5,-3.72,,True,,,0.674,Nordic,True,62.04435309938849,50.660084819057126,20.93644423865137,57.97244035440703,49.20955289285061,,67.52941176470588,60.53639846743295,50.0,,50.0,48.09151799312646,standard,239,,True,44.1,False,36.97654941373534,50.041876046901166,32.41206030150754,50.041876046901166,50.041876046901166,50.041876046901166,5,NEUTRAL,0,VARNING,False,2,0.2857142857142857,LÅG,EJ AKTUELL,10.1,0.875,,2026-08-12,0,True
4519.T,"Chugai Pharmaceutical Co., Ltd.",Healthcare,Drug Manufacturers - General,Japan,JPY,11283722634119.0,-7.3300480000000015,0.0,1.9912,0.9344954000000003,8.40308,7.685,-6.31225,0.018937493000000027,0.04837501300000001,0.22224249500000007,0.227767465,0.32459004999999996,0.091,0.05100000000000002,0.197,,1.7574999999999998,3.428,-10698326016.0,962572976128.0,0.0,10319269199872.0,2468595000000.0,,1257941000000.0,,,598833000000.0,,,386280000000.0,1.93,0.4818,132.0,1.69,66.0,1798502400.0,0.548,10605.003981733093,5786.307264522119,6857.0,9513.333,2.0,15.0,,,0.59895,0.19787,False,False,,0.5,2585135.0,3325820.0,0.8,-0.64,-10.47,,,-30.67,0.4385,46.9,-1.43,,False,0.28533779850516866,,0.491,Japan,True,,79.82960012466235,8.6458815660853,47.729491565712735,61.737862611076935,8.778625954198473,67.52941176470588,43.29501915708812,50.0,,50.0,48.04165363092569,standard,240,143129744,False,47.1,False,87.85594639865997,2.554438860971524,14.656616415410383,50.041876046901166,50.041876046901166,50.041876046901166,7,STARK,8,VARNING,False,3,0.42857142857142855,LÅG,EJ AKTUELL,0.8,0.75,SUSPICIOUS_FWD_PE;,2026-08-12,0,True
NAB.AX,NAT. BANK FPO [NAB],Financial Services,Banks - Diversified,Australia,AUD,,-1.22488025,-1.7775789999999985,2.34,-1.0969454625000006,,11.438,,-0.008874994999999997,-0.0038700010000000014,0.03648876849999998,0.09524876250000004,-0.27156,,,,,,,,186704003072.0,292010000384.0,235274174464.0,1080248000000.0,,,,,,,,-35781000000.0,4.03,0.85,1.7,4.61,0.85,1778112000.0,0.72,48.39997655664054,35.47999954223633,42.22999954223633,38.36139,3.14286,14.0,,,0.00026,0.38813,False,False,,0.5,5551196.0,4707181.0,0.56,4.23,12.08,-9.11,,-14.83,0.2428,59.5,4.52,,True,0.8039543305342498,,0.5,Australia,True,,49.223345457789456,34.09375507847494,30.470588235294116,69.77186684073106,,67.52941176470588,,50.0,,50.0,47.958402277919085,standard,241,140374437,False,46.8,False,36.97654941373534,50.041876046901166,50.041876046901166,50.041876046901166,50.041876046901166,50.041876046901166,0,SVAG,-8,UPPTREND,False,2,0.2857142857142857,LÅG,EJ AKTUELL,-19.1,0.625,EXTREME_GROWTH;EXTREME_EARNINGS_GROWTH;SUSPICIOUS_FWD_PE;,2026-08-12,0,True
HM-B.ST,H & M Hennes & Mauritz AB (publ),Consumer Cyclical,Apparel Manufacturing,Sweden,SEK,,0.520329499999999,1.379524,2.7587,0.9105013000000013,1.2941824,1.557,-3.4675000000000002,0.130350005,0.0032149969999999833,-0.06923999900000002,-0.07265751999999999,0.13139996999999998,-0.108,-0.09599999999999999,0.002,160.106375,-0.25350000000000006,0.525,21444391712.0,18697000960.0,76790996992.0,343667113984.0,170273000000.0,,228285000000.0,,,18529000000.0,,12158000000.0,31120000000.0,3.97,0.90489995,7.1,4.91,3.55,1793750400.0,1.009,190.12972139864354,126.32950941201827,,154.67308,,26.0,,,0.70359004,0.19983,False,False,,0.5,2348663.0,1713585.0,0.14,7.55,11.51,,,-7.78,0.2518,70.7,4.3,,True,,,0.99,Nordic,True,,51.9273888161885,47.89662327862668,38.8394864295841,44.327224102376476,,67.52941176470588,93.10344827586206,50.0,,50.0,47.95244166169193,standard,242,,True,50.8,False,36.97654941373534,50.041876046901166,76.88442211055276,50.041876046901166,50.041876046901166,50.041876046901166,3,SVAG,-8,UPPTREND,False,1,0.14285714285714285,LÅG,EJ AKTUELL,-0.2,0.875,SUSPICIOUS_FWD_PE;,2026-08-12,0,True
ANTO.L,Antofagasta plc,Basic Materials,Copper,United Kingdom,GBp,,21.904342749999998,11.917933999999995,0.92,0.42639216999999974,4.552852,5.343,-1.9967500000000005,-0.021119983999999994,0.028929999999999987,0.0,0.17601500000000006,0.015900020000000015,0.21300000000000002,0.09899999999999998,0.417,-18.601999999999997,1.2852499999999998,2.595,-837999988.0,4909899776.0,7659400192.0,46056755200.0,26418400000.0,,8620300000.0,,,3402600000.0,,1328900000.0,3071600000.0,1.2,0.2982,0.48,3.28,0.355766,1776297600.0,1.4,55365.4048538208,25884.172318263718,,3820.8916,2.90476,21.0,,,0.65474,0.22715001,False,False,,0.5,1314231.0,1033994.0,0.03,8.87,6.92,9.26,,-8.55,0.5863,75.5,6.26,,True,,,0.5,UK,True,,60.523395044671645,44.92102690744457,61.374502304890775,38.34265187673579,,67.52941176470588,32.95019157088122,50.0,,50.0,47.92973855893193,commodity,243,,True,44.0,False,36.97654941373534,50.041876046901166,31.239530988274705,50.041876046901166,50.041876046901166,50.041876046901166,5,NEUTRAL,0,UPPTREND,False,3,0.42857142857142855,LÅG,EJ AKTUELL,10.7,0.875,,2026-08-12,0,True
SBRY.L,SBRY.L,Unknown,Unknown,Unknown,USD,,,,,,,,,,,,,,,,,,,,,,,,18943000000.0,,33647000000.0,,,953000000.0,,393000000.0,1774000000.0,,,,,,,,4603.91672889974,3603.3770511790867,4419.8637890815735,,,,,,,,False,False,,0.5,,,0.18,-2.44,12.39,-2.88,,-5.4,0.2079,44.7,2.26,,True,0.8618631552544763,,0.5,UK,True,,,48.84537835301842,30.470588235294116,88.75,,12.352941176470589,,50.0,,50.0,47.92453024173651,standard,244,,True,44.6,False,28.17195325542571,50.04173622704508,50.04173622704508,50.04173622704508,50.04173622704508,50.04173622704508,1,SVAG,-8,UPPTREND,False,1,0.14285714285714285,LÅG,EJ AKTUELL,0.0,0.0,EXTREME_GROWTH;EXTREME_EARNINGS_GROWTH;MISSING_CRITICAL;,2026-08-12,0,True
UDR,"UDR, Inc.",Real Estate,REIT - Residential,United States,USD,12339758717.99897,-8.841042999999999,40.438331250000005,8.17,-4.855517875,7.988575,10.913,-3.197500000000001,0.013785012499999999,-0.014570002000000002,0.0490400025,-0.16506500500000001,0.17476001000000002,-0.0655,0.8625,0.832,54.394499999999994,-0.5310000000000001,0.002,-696526912.0,2830000.0,5994848256.0,19275585536.0,10605674000.0,,1712317000.0,,,322375000.0,,377704000.0,902887000.0,4.54,1.0918,1.73,3.85,0.145,1786924800.0,0.691,41.84988759871014,32.03716368618367,38.40999984741211,42.33333,2.36364,21.0,3.03,0.047199998,0.0044400003,1.1068699,False,False,,0.894,4346027.0,4556260.0,0.49,-6.35,0.17,,,-9.23,0.2074,29.6,-4.33,,False,0.20884680875591127,,0.685,US,True,,47.24219890016759,30.160690092778378,62.428181569929166,58.675263175400374,84.7328244274809,29.64705882352941,26.81992337164751,50.0,36.7816091954023,99.4,47.897843462552736,standard,245,175005946,False,47.1,False,36.97654941373534,86.76716917922947,15.159128978224457,50.041876046901166,50.041876046901166,50.041876046901166,2,SVAG,-8,VARNING,False,1,0.14285714285714285,LÅG,EJ AKTUELL,-1.6,0.875,,2026-08-12,0,True
105560.KS,KB Financial Group Inc.,Financial Services,Banks - Regional,South Korea,KRW,61724454313800.0,,-1.1694699999999987,0.74,,3.5891333,4.771,,-0.015730006499999998,-0.0019699999999999995,0.05094002000000004,0.18180253050000006,-0.38651,0.0905,-0.006500000000000006,0.17,,,,,158054007963648.0,171761681301504.0,82044595994624.0,797923033000000.0,,21231552000000.0,,,,,5833162000000.0,4226378000000.0,2.63,0.273,4620.0,4.72,1155.0,1785974400.0,0.636,193183.9651584318,102616.33223992503,175800.0,213395.0,1.4,20.0,,,0.026719999,0.62821,False,False,,0.5,1464854.0,1093712.0,0.93,-7.15,9.95,,,-10.24,0.4692,40.2,0.34,,False,0.6277903243058497,,0.995,Asia,True,,51.49302423790581,42.11448097271527,62.693472164446675,47.309236292428196,1.9083969465648856,67.52941176470588,,50.0,,50.0,47.858368393928274,standard,246,140360436,False,38.0,False,36.97654941373534,2.554438860971524,38.860971524288104,50.041876046901166,50.041876046901166,50.041876046901166,2,SVAG,-8,UPPTREND,False,2,0.2857142857142857,LÅG,EJ AKTUELL,-0.8,0.5,SUSPICIOUS_FWD_PE;,2026-08-12,0,True
MS,Morgan Stanley,Financial Services,Capital Markets,United States,USD,340070762878.41797,-2.9298575000000007,-1.2133719999999997,2.0567,-6.462799750000001,4.369517,2.814,,-0.014300000000000007,-0.015569999999999997,-0.004777498500000046,0.03680752999999998,0.38536001,0.18550000000000003,0.4225,0.577,440.0735000000001,0.4065000000000001,1.603,,739076014080.0,607495979008.0,219041611776.0,1420270000000.0,,65966000000.0,,,,,16861000000.0,-17889000000.0,2.15,0.3231,4.6,2.98,1.15,1785456000.0,1.209,230.9785232797176,137.90379245568434,216.3300018310547,236.61905,2.32,21.0,0.0,0.0,0.24404,0.63102,False,False,,0.495,5969570.0,5633060.0,0.71,-5.01,12.7,,,-5.38,0.3091,47.2,-0.08,,True,0.5654217062081744,,1.0,US,True,,53.529346339462755,56.74765481641543,84.24471070720105,38.979090444196835,27.86259541984733,67.52941176470588,,50.0,98.85057471264368,49.5,47.717657194045735,holding,247,1218599880,False,39.0,False,36.97654941373534,15.494137353433835,32.49581239530988,50.041876046901166,50.041876046901166,50.041876046901166,3,SVAG,-8,VARNING,False,2,0.2857142857142857,LÅG,EJ AKTUELL,-0.4,0.875,SUSPICIOUS_FWD_PE;,2026-08-12,0,True
ITUB,Itaú Unibanco Holding S.A.,Financial Services,Banks - Regional,Brazil,USD,42908789055.326775,-10.1441905,-9.1524617,1.3973,-7.587391050000002,0.6089432,5.076,,0.020760009999999995,-0.013250000000000001,0.06209250150000001,0.011867550000000004,-0.49104999000000005,0.08049999999999999,-0.12050000000000001,0.076,,,,,484164993024.0,1115894054912.0,729489670144.0,3066169000000.0,,165243000000.0,,,,,44857000000.0,34466000000.0,2.13,0.7396,0.17,4.32,0.003,1788307200.0,0.159,9.467697394109033,5.885153988737453,7.940000057220459,8.8375,1.75,8.0,1.25,0.005,2.0000001e-05,0.26049998,False,False,,0.744,21666138.0,17667490.0,1.69,-12.25,-6.44,,,-19.53,0.334,24.0,-7.07,,False,-0.14426200265213043,,0.687,US,True,,42.478430285535865,14.938433571710313,45.98102214619431,71.79732375979113,68.32061068702289,67.52941176470588,,50.0,89.65517241379311,74.4,47.6925672052319,standard,248,140279872,False,56.3,False,36.97654941373534,72.61306532663316,91.03852596314907,50.041876046901166,50.041876046901166,50.041876046901166,0,SVAG,-8,VARNING,False,2,0.2857142857142857,LÅG,EJ AKTUELL,-4.4,0.75,SUSPICIOUS_FWD_PE;,2026-08-12,0,True
LSEG.L,London Stock Exchange Group plc,Financial Services,Financial Data & Stock Exchanges,United Kingdom,GBp,,19.796203999999992,5.7203430000000015,0.812,-2.174335980000001,4.491275,5.798,9.825249999999997,-0.11383997999999998,-0.022030000000000004,-0.16085249900000004,-0.17786248499999993,0.40411001999999996,-0.027499999999999997,0.1355,0.254,-18.7025,-0.54925,0.008,849062560.0,4241999872.0,13546999808.0,56007401472.0,796704000000.0,,9346000000.0,,,2170000000.0,,1249000000.0,3622000000.0,1.81,0.5394,1.58,1.28,0.55,1786579200.0,0.393,128840.24073488268,81386.88170245243,,11910.667,1.46667,15.0,,,0.04941,0.70695,False,False,,0.5,1482314.0,1645479.0,0.04,-3.86,-4.45,16.05,,-12.67,0.3284,53.7,-0.31,,False,,,0.5,UK,True,66.05719215447463,31.291311057469226,34.12856840700644,46.03688143607854,48.735290449185946,,67.52941176470588,72.79693486590038,50.0,,50.0,47.66632016239564,standard,249,,True,44.0,False,36.97654941373534,50.041876046901166,31.65829145728643,50.041876046901166,50.041876046901166,50.041876046901166,4,NEUTRAL,0,VARNING,False,2,0.2857142857142857,LÅG,EJ AKTUELL,1.7,0.875,,2026-08-12,0,True
FFH.TO,FAIRFAX FINANCIAL HOLDINGS LTD.,Financial Services,Insurance - Property & Casualty,Canada,CAD,45555028244.781494,-19.42635875,-5.284459749999999,0.28,-4.1564365500000005,1.2775564,1.511,-5.86975,0.016054997499999987,0.01577,-0.09984750300000006,-0.12941746499999995,0.02559,-0.0995,-0.18050000000000002,-0.031,-1.6460000000000008,-0.022749999999999992,0.88,4451122976.0,8338299904.0,14290299904.0,58226548736.0,107787700000.0,,30405400000.0,,,,,4772400000.0,2419400000.0,0.87,0.0736,20.77,1.37,20.817,1768435200.0,0.449,2678.1534874492927,2066.159912109375,2370.050048828125,2659.351,2.71429,7.0,2.11,,0.026500002,0.35574,False,False,,0.5,64774.0,69200.0,0.72,-3.05,3.28,,,-7.63,0.2332,50.3,-0.97,,True,0.6015360781346387,,0.748,Canada,True,,43.44482995928198,36.09246111368353,28.821679591882937,69.05605123258663,67.93893129770993,67.52941176470588,94.6360153256705,50.0,,50.0,47.644944142537355,standard,250,117745324,False,69.4,False,97.52931323283082,72.52931323283082,77.21943048576215,50.041876046901166,50.041876046901166,50.041876046901166,4,NEUTRAL,0,VARNING,False,2,0.2857142857142857,LÅG,EJ AKTUELL,1.3,0.875,SUSPICIOUS_FWD_PE;,2026-08-12,0,True
LYV,"Live Nation Entertainment, Inc.",Communication Services,Entertainment,United States,USD,42086465026.42319,,74.230336,17.898,495.50341199999997,1.6019187,1.752,14.637,-0.04793,-0.042409996000000005,-0.1104149995,-0.11599499500000002,-0.23327999,0.033,1.508,0.21,537.86,-0.21599999999999997,0.681,218675968.0,9071948800.0,11282711552.0,46034063360.0,22912533000.0,,25201406000.0,,,1232689000.0,,495972000.0,1395316000.0,,0.0,,,,,1.116,188.0,125.33999633789062,180.66000366210938,201.95833,1.64,24.0,9.42,0.16,0.32429,0.85379,False,False,,0.746,2387709.0,2543660.0,0.66,0.97,10.66,,,-1.75,0.3173,57.0,3.71,,False,0.5281026549646666,,0.322,US,True,52.82586080028418,22.392600374334616,63.46251136149268,53.14242887947501,32.23357440421746,68.70229007633588,12.352941176470589,59.00383141762452,50.0,8.045977011494253,74.6,47.406413015647544,standard,251,459537625,False,65.5,False,85.00837520938023,72.94807370184255,71.85929648241206,50.041876046901166,50.041876046901166,50.041876046901166,4,NEUTRAL,0,UPPTREND,False,1,0.14285714285714285,LÅG,EJ AKTUELL,,0.75,,2026-08-12,0,True
ALNY,"Alnylam Pharmaceuticals, Inc.",Healthcare,Biotechnology,United States,USD,29330958257.24698,5.720173499999998,-3.798509499999998,0.4161,10.904018950000001,6.105297,6.039,9.573,0.7823775079999999,0.05326500499999999,0.0479249965,-0.0035150050000000155,0.30549001,0.5820000000000001,,,152.41649999999996,1.284,2.791,-1204810432.0,3308146944.0,2987489024.0,29010300928.0,4966331000.0,,3713937000.0,,,501578000.0,,313747000.0,524080000.0,,0.0,,,,,0.279,495.54998779296875,197.80999755859375,219.1999969482422,375.75833,1.7037,24.0,3.62,0.0575,0.00184,1.01756,False,False,,0.684,1593909.0,3170510.0,0.45,-21.35,-24.25,,,-34.83,0.5524,35.0,-20.16,,False,0.20204017044794184,,0.675,US,True,32.73096343660399,73.81652303270127,2.4909536794086877,74.2971342383107,54.39702067153382,76.33587786259542,12.352941176470589,24.904214559386972,50.0,28.160919540229884,68.4,47.249688734012125,standard,252,694975782,False,46.7,False,36.97654941373534,77.21943048576215,22.529313232830823,50.041876046901166,50.041876046901166,50.041876046901166,2,SVAG,-8,VARNING,False,2,0.2857142857142857,LÅG,EJ AKTUELL,-7.1,0.875,EXTREME_EARNINGS_GROWTH;SUSPICIOUS_FWD_PE;,2026-08-12,0,True
STAG,"STAG Industrial, Inc.",Real Estate,REIT - Industrial,United States,USD,7191750524.598919,-4.740700999999998,14.235405250000003,19.49,-7.1281252749999995,8.336344,12.109,-5.1355,-0.05384499250000001,-0.0081,0.0339400025,0.0035150050000000155,0.30444001,0.0165,-0.013499999999999998,0.058,-7.969500000000005,1.107,1.188,-1006711808.0,85077000.0,3478531072.0,10663443456.0,7208069000.0,,845184000.0,,,319629000.0,,273519000.0,463388000.0,4.21,1.1692,1.55,4.04,0.388,1790726400.0,0.967,42.61000061035156,32.924826213346655,37.29999923706055,42.08333,2.5,12.0,4.49,0.0533,0.00135,0.96141,False,False,,0.858,1524548.0,1984120.0,0.72,-6.61,-3.99,,,-12.61,0.2195,19.8,-4.81,,False,0.15203213373731925,,0.868,US,True,,53.069759648442904,21.01018675721562,49.267139883807474,68.73863037922759,89.69465648854961,29.64705882352941,16.85823754789272,50.0,31.03448275862069,95.8,47.06441557105552,standard,253,74007674,False,47.8,False,36.97654941373534,92.04355108877722,14.74036850921273,50.041876046901166,50.041876046901166,50.041876046901166,3,SVAG,-8,VARNING,False,1,0.14285714285714285,LÅG,EJ AKTUELL,-3.4,0.875,,2026-08-12,0,True
KOG.OL,Kongsberg Gruppen ASA,Industrials,Aerospace & Defense,Norway,NOK,,24.3349385,5.311483749999994,2.4447,13.852407300000005,7.6472774,7.617,21.8355,0.099920002,-0.004845000000000009,0.05970000799999997,-0.048882524999999996,0.14772997000000004,0.20299999999999999,-0.128,-0.015,-40.524625,-0.43400000000000005,0.678,1277017376.0,4858999808.0,3153999872.0,272123953152.0,82527000000.0,,31562000000.0,,,4697000000.0,,7953000000.0,12732000000.0,0.71,0.3673,2.2,1.08,5.7,1776124800.0,0.22,421.0506055892801,225.31630734764482,,387.77777,,9.0,,,0.5417,0.30586,False,False,,0.5,1567323.0,1118316.0,0.39,16.97,11.77,,,-21.77,0.474,85.6,8.94,,True,,,0.371,Nordic,True,48.71330339245388,57.812652243603665,35.17861123973179,35.49652603861576,47.870879136108385,,67.52941176470588,58.23754789272031,50.0,,50.0,47.02096532160422,standard,254,,True,41.6,False,36.97654941373534,50.041876046901166,15.829145728643216,50.041876046901166,50.041876046901166,50.041876046901166,3,SVAG,-8,UPPTREND,False,1,0.14285714285714285,LÅG,EJ AKTUELL,1.8,0.875,,2026-08-12,0,True
WIHL.ST,Wihlborgs Fastigheter AB (publ),Real Estate,Real Estate Services,Sweden,SEK,,-15.604265000000002,-13.429731250000007,1.97,-5.189961185,5.3034463,12.91,-2.001500000000001,-0.044644997500000005,0.0016550000000000002,0.18547500599999997,0.266037475,0.3071199699999999,0.003500000000000003,-0.3805,-0.334,66.76287500000001,-0.30899999999999994,0.447,524142368.0,828000000.0,35970998272.0,59644932096.0,65897000000.0,,4354000000.0,,,3020000000.0,,2220000000.0,2181000000.0,4.19,0.4641,3.3,3.42,3.3,1776902400.0,1.187,95.49613044344466,73.55000305175781,,94.14286,1.71429,7.0,,,0.11685,0.51657003,False,False,,0.5,441934.0,366105.0,0.05,2.74,-3.53,,,-12.41,0.2365,73.8,3.02,,True,,,0.0,Nordic,True,,69.73911709861127,21.814923427826653,15.105778781421648,48.36315294939382,,67.52941176470588,64.36781609195403,50.0,,50.0,46.95479309333794,standard,255,,True,43.3,False,36.97654941373534,50.041876046901166,26.884422110552762,50.041876046901166,50.041876046901166,50.041876046901166,5,NEUTRAL,0,UPPTREND,False,2,0.2857142857142857,LÅG,EJ AKTUELL,5.2,0.875,SUSPICIOUS_FWD_PE;,2026-08-12,0,True
TM,Toyota Motor Corporation,Consumer Cyclical,Auto Manufacturers,Japan,USD,225086562255.99707,-20.539877500000003,-8.696624499999997,1.56,5.18712815,0.004332168,0.676,-12.683499999999999,-0.078579985,-0.05199000300000001,0.0026349974999999998,-0.025989995000000002,-0.32337999000000006,0.028999999999999998,0.766,0.756,28.956999999999994,-0.10450000000000015,0.953,-3601438827136.0,13350560858112.0,43953168580608.0,35124332724224.0,105522331000000.0,,50684952000000.0,,,3766216000000.0,,3848098000000.0,5472920000000.0,3.34,0.2638,6.27,2.78,3.457,1774915200.0,0.335,248.89999389648438,166.10000610351562,190.08999633789062,231.57802,1.5,4.0,1.67,0.0007,0.0,0.02172,False,False,,0.382,512751.0,487960.0,0.83,7.72,4.49,,,-23.55,0.2767,62.8,6.25,,True,0.8081408246327094,,0.838,US,True,,29.909421391757803,24.476085129735385,73.07577063153158,65.64923562721391,33.587786259541986,67.52941176470588,14.942528735632186,50.0,92.81609195402298,38.2,46.90339658295869,standard,256,92756315,False,49.1,False,36.97654941373534,17.922948073701843,97.52931323283082,50.041876046901166,50.041876046901166,50.041876046901166,2,SVAG,-8,UPPTREND,False,3,0.42857142857142855,LÅG,EJ AKTUELL,-1.0,0.875,SUSPICIOUS_FWD_PE;,2026-08-12,0,True
SECT-B.ST,Sectra AB (publ),Healthcare,Medical Devices,Sweden,SEK,,65.2583705,60.290268999999995,,16.3220011,14.132091,13.657,50.996,0.08115749800000004,0.04434999899999999,0.0,-0.07448252500000001,-0.03266003000000001,0.04400000000000001,0.05400000000000002,0.2,-44.868125000000006,-0.20799999999999985,1.569,-47515744.0,1810310016.0,76484000.0,49788268544.0,4473711000.0,,3546534000.0,,,716635000.0,,563778000.0,1097318000.0,0.49,0.3754,1.3,0.52,2.3,1788912000.0,0.882,359.67520508101035,173.3000030517578,,336.66666,1.66667,3.0,,,0.27826,0.47359002,False,False,,0.5,134310.0,82113.0,0.06,-4.0,5.56,,,-12.2,0.3739,51.3,-2.86,,False,,,0.838,Nordic,True,34.34954708076425,54.77948029935184,33.470528716708685,58.01284067530894,42.84538341288188,,67.52941176470588,43.67816091954023,50.0,,50.0,46.778306595576346,standard,257,,True,40.4,False,36.97654941373534,50.041876046901166,7.370184254606365,50.041876046901166,50.041876046901166,50.041876046901166,4,NEUTRAL,0,VARNING,False,1,0.14285714285714285,LÅG,EJ AKTUELL,11.2,0.875,,2026-08-12,0,True
MAA,"Mid-America Apartment Communities, Inc.",Real Estate,REIT - Residential,United States,USD,15658324095.67601,6.120567999999999,13.00077825,7.03,-6.235780675,7.236115,9.677,-4.375500000000002,-0.05310498750000002,-0.0057300000000000025,-0.06485999749999999,-0.113284995,0.09287001,-0.0545,0.09050000000000001,0.126,0.6274999999999888,-0.661,0.032,-555172416.0,51836000.0,5715268096.0,21470363648.0,11975383000.0,,2209126000.0,,,619438000.0,,446909000.0,1078175000.0,4.58,1.7807001,6.12,3.58,1.53,1784073600.0,0.72,142.7571991322104,117.48296125287948,134.9600067138672,143.4,2.53846,25.0,4.29,0.0394,0.00463,0.97231,False,False,,0.73,1044798.0,1276740.0,0.62,-0.31,3.13,,,-6.28,0.1997,50.4,-2.0,,True,0.7391789803759816,,1.0,US,True,,37.52835315360406,39.016008986297614,54.332205295164684,65.45002577705344,81.67938931297711,29.64705882352941,30.65134099616858,50.0,44.252873563218394,73.0,46.77327491365397,standard,258,172308839,False,56.5,False,74.95812395309883,84.0033500837521,17.33668341708543,50.041876046901166,50.041876046901166,50.041876046901166,4,NEUTRAL,0,VARNING,False,1,0.14285714285714285,LÅG,EJ AKTUELL,6.6,0.875,,2026-08-12,0,True
7148.T,"Financial Partners Group Co.,Ltd.",Financial Services,Financial Conglomerates,Japan,JPY,135151461510.0,-10.805958,-19.9172,,-1.2846463000000004,1.493667,1.871,-9.729249999999999,0.06805999499999996,0.024240003999999996,-0.09679001000000001,-0.09363000000000002,0.0,-0.5135,0.1735,0.375,58.160250000000005,0.0,2.061,,15580000256.0,49574998016.0,169312272384.0,126857000000.0,,129764000000.0,,,25418000000.0,,18156000000.0,108246000000.0,5.74,0.6056,92.7,4.66,46.35,1790640000.0,0.475,2379.135430806849,1467.0,1614.0,,,,,,0.32399,0.15843001,False,False,,0.5,550578.0,731440.0,0.67,4.53,8.77,,,-19.61,0.2906,56.7,4.6,,False,0.5245978789774843,,0.5,Japan,True,,47.37385757558379,32.24134382878016,41.376847520650635,61.66752382298648,41.603053435114504,67.52941176470588,,50.0,,50.0,46.7623784990053,standard,259,7409335,False,46.1,False,36.97654941373534,22.613065326633166,73.28308207705193,50.041876046901166,50.041876046901166,50.041876046901166,4,NEUTRAL,0,UPPTREND,False,2,0.2857142857142857,LÅG,EJ AKTUELL,-2.7,0.875,SUSPICIOUS_FWD_PE;,2026-08-12,0,True
HNR1.DE,Hannover Rück SE,Financial Services,Insurance - Reinsurance,Germany,EUR,,-4.626078000000001,-2.6038511250000003,4.6367,-3.1919408000000002,1.2585568,1.153,-7.715999999999999,0.012645003999999994,0.018775,-0.15580125150000002,-0.3237287565000001,-0.20614999,-0.3225,0.27849999999999997,0.479,-37.01025,-1.3234999999999995,0.156,2920500096.0,7716299776.0,4143300096.0,28029212672.0,71327100000.0,,24017800000.0,,,,,2641500000.0,5686900000.0,4.95,0.294,12.5,2.66,12.5,1778112000.0,0.123,267.70153536115265,221.8152814172551,,285.2857,2.28571,14.0,,,0.50200003,0.29361,False,False,,0.5,160246.0,125625.0,0.26,-0.95,5.56,5.21,,-5.38,0.2068,54.1,2.94,,False,,,0.666,Europe,True,,33.299042498159324,46.20257470002801,50.35962132724356,62.89503750145516,,67.52941176470588,96.55172413793103,50.0,,50.0,46.612797041998434,standard,260,,True,50.9,False,36.97654941373534,50.041876046901166,77.47068676716918,50.041876046901166,50.041876046901166,50.041876046901166,5,NEUTRAL,0,UPPTREND,False,2,0.2857142857142857,LÅG,EJ AKTUELL,-1.5,0.875,SUSPICIOUS_FWD_PE;,2026-08-12,0,True
SNOW,Snowflake Inc.,Technology,Software - Application,United States,USD,114547830615.23438,,98.63747125,7.4061,46.474564725,22.760155,22.724,-122.39300000000001,-0.7581799850000002,-0.17116000000000003,-0.3466799955,-0.3598049805,0.18039997000000002,0.171,,,82.27825,-0.5470000000000002,0.941,263143040.0,2954998016.0,2772094976.0,114364932096.0,9132495000.0,,4683946000.0,,,-1435165000.0,,-1331616000.0,1221942000.0,,0.0,,,,,1.315,331.3999938964844,118.30000305175781,330.489990234375,302.2875,1.4902,48.0,3.43,0.0642,0.02893,0.76813006,False,False,,0.614,7665095.0,6338040.0,0.55,,,,,,0.7745,88.4,,,True,1.0300577548121461,,1.0,US,True,,16.785142964890053,,87.1553544494721,24.5689286723986,45.41984732824427,12.352941176470589,54.78927203065134,50.0,25.862068965517242,61.4,46.60900247183914,standard,261,2094658778,False,46.1,False,78.22445561139028,24.120603015075375,2.554438860971524,50.041876046901166,50.041876046901166,50.041876046901166,3,SVAG,-8,UPPTREND,False,1,0.14285714285714285,LÅG,EJ AKTUELL,-1.4,0.75,EXTREME_EARNINGS_GROWTH;,2026-08-12,0,True
TROW,"T. Rowe Price Group, Inc.",Financial Services,Asset Management,United States,USD,24322272500.912857,-8.7928235,-5.9671,3.1659,-7.380153150000001,3.2036715,2.991,-5.141000000000002,0.0,0.07757,0.028872501499999967,-0.09198246999999998,0.02509001000000005,0.012499999999999997,0.08449999999999996,0.251,-73.5065,2.4464999999999995,4.039,547557760.0,3234299904.0,450600000.0,22708873216.0,14341800000.0,,7314800000.0,,,2477400000.0,,2087100000.0,1753400000.0,4.58,0.5161,5.2,4.24,1.3,1789430400.0,1.483,122.0,84.2095526998167,114.0199966430664,109.83333,3.38462,12.0,11.13,0.1447,0.017029999,0.90446,False,False,,0.332,2159822.0,2453990.0,0.47,-2.0,11.94,,,-6.52,0.2354,45.6,1.03,,False,0.2583632866795347,,0.729,US,True,,55.79903670529925,50.89541424431068,56.348949003760836,60.410311098545954,79.38931297709924,67.52941176470588,80.45977011494253,50.0,11.206896551724139,33.2,46.544050559215776,holding,262,279803932,False,64.2,False,92.71356783919597,79.89949748743719,43.132328308207704,50.041876046901166,50.041876046901166,50.041876046901166,5,NEUTRAL,0,UPPTREND,False,2,0.2857142857142857,LÅG,EJ AKTUELL,7.6,0.875,SUSPICIOUS_FWD_PE;,2026-08-12,0,True
PPL,PPL Corporation,Utilities,Utilities - Regulated Electric,United States,USD,,-5.505135000000003,-8.5677265,1.3815,,,4.891,-10.21875,-0.13741750500000002,-0.021045000000000008,-0.007862499250000002,0.06303249999999995,-0.09721000999999996,0.03799999999999999,-0.0005000000000000004,0.092,-38.08750000000002,0.3009999999999997,0.714,-3519507520.0,1240999936.0,20292999168.0,45542256640.0,45244000000.0,,9042000000.0,,,2129000000.0,,1181000000.0,2629000000.0,3.24,0.6764,1.14,3.8,0.285,1781049600.0,0.589,39.79024203043266,32.660771181382096,35.209999084472656,41.6,1.6875,15.0,3.95,0.0617,0.00145,0.85603,False,False,,0.879,9134144.0,8111540.0,0.91,-2.27,-2.16,,,-10.67,0.1968,39.8,-1.28,,False,-0.01072082852274912,,0.461,US,True,,35.65443967692061,25.475039014937146,38.2831786127642,75.43816833247409,,67.52941176470588,18.007662835249043,50.0,27.011494252873565,97.9,46.465665895136034,standard,263,285607316,False,45.5,False,31.715481171548117,50.04184100418409,50.04184100418409,50.04184100418409,50.04184100418409,50.04184100418409,1,SVAG,-8,VARNING,False,2,0.2857142857142857,LÅG,EJ AKTUELL,0.0,0.75,SUSPICIOUS_FWD_PE;,2026-08-12,0,True
ANZ.AX,ANZ GROUP FPO [ANZ],Financial Services,Banks - Diversified,Australia,AUD,,-3.1875952499999993,-4.070424,2.13,-1.6327421625000007,,4.728,,-0.025514991,-0.004830000999999997,0.014008748499999987,0.058558762499999986,-0.27156,-0.1155,-0.1945,0.002,,,,,284675014656.0,272083992576.0,101718171648.0,1297108000000.0,,22307000000.0,,,,,5891000000.0,26110000000.0,4.4,0.84139997,1.66,5.56,0.83,1778457600.0,0.571,40.07502154105189,29.86371864908853,37.72999954223633,35.67954,2.5,14.0,,,0.00013,0.36338,False,False,,0.5,4465307.0,4077474.0,1.01,1.22,3.35,-8.95,,-8.95,0.2073,54.2,1.58,,True,0.7620396335261169,,0.5,Australia,True,,45.19492974129666,31.12152734393821,21.276830081866777,80.91742819843341,,67.52941176470588,,50.0,,50.0,46.39343576960659,standard,264,108638573,False,46.8,False,36.97654941373534,50.041876046901166,50.041876046901166,50.041876046901166,50.041876046901166,50.041876046901166,0,SVAG,-8,UPPTREND,False,2,0.2857142857142857,LÅG,EJ AKTUELL,-16.9,0.75,SUSPICIOUS_FWD_PE;,2026-08-12,0,True
WEGE3.SA,WEG S.A.,Industrials,Electrical Equipment & Parts,Brazil,BRL,,7.153121,7.5343977499999975,1.15,6.284910900000001,5.031209,4.99,10.8755,0.05394999200000003,0.04257499699999999,0.0,0.0,0.02481,-0.099,-0.133,-0.021,-63.485499999999995,0.0,0.954,408633856.0,8801141760.0,5834735104.0,200266907648.0,42645030000.0,,40804110000.0,,,7859202000.0,,6376219000.0,6451033000.0,0.86,1.232,0.42,1.28,0.104424,1782086400.0,-0.054,54.28539070044376,33.770877218568515,,54.9875,1.93333,16.0,,,0.65172,0.13012,False,False,,0.5,7775653.0,7550950.0,0.74,1.83,9.4,,,-11.95,0.3234,65.7,4.78,,True,,,0.492,LatAm,True,52.05120397858465,59.263135165383254,38.8220061394934,19.129709709688466,65.9984658495618,,29.64705882352941,53.63984674329502,50.0,,50.0,46.32287497283218,standard,265,,True,43.5,False,36.97654941373534,50.041876046901166,28.475711892797317,50.041876046901166,50.041876046901166,50.041876046901166,4,NEUTRAL,0,UPPTREND,False,1,0.14285714285714285,LÅG,EJ AKTUELL,5.6,0.875,,2026-08-12,0,True
MUV2.DE,Münchener Rückversicherungs-Gesellschaft Aktiengesellschaft in München,Financial Services,Insurance - Reinsurance,Germany,EUR,,-5.409868,-3.4358341249999995,2.0309,-3.4922000000000004,1.0569302,1.119,,-0.005985006000000008,4.4999999999998166e-05,-0.1642312515,-0.2682287525,-0.06814998,-0.1545,0.4065,0.563,-43.149249999999995,-1.2344999999999995,0.229,,5600000000.0,7518000128.0,68657328128.0,279934000000.0,,62312000000.0,,,,,6118000000.0,4906000000.0,4.59,0.383,24.0,3.61,24.0,1777507200.0,0.327,549.9394704809173,437.3999938964844,,552.1294,2.82353,17.0,,,0.0,0.50178003,False,False,,0.5,344034.0,309481.0,0.06,0.08,8.33,-0.91,,-5.48,0.2207,57.5,4.01,,False,,,0.736,Europe,True,,32.79165457407127,45.18008119026795,57.02568948635884,57.38842139107393,,67.52941176470588,,50.0,,50.0,46.26586931925977,standard,266,,True,51.5,False,36.97654941373534,50.041876046901166,81.74204355108877,50.041876046901166,50.041876046901166,50.041876046901166,3,SVAG,-8,UPPTREND,False,1,0.14285714285714285,LÅG,EJ AKTUELL,-6.2,0.875,SUSPICIOUS_FWD_PE;,2026-08-12,0,True
PGR,The Progressive Corporation,Financial Services,Insurance - Property & Casualty,United States,USD,125186784298.6235,-9.3959255,-3.844158,60.4041,-6.00701305,1.3753917,1.444,-4.268000000000001,0.15543001000000006,0.04937,-0.13525749850000002,-0.19678247000000001,-0.30583999000000006,-0.021500000000000005,-0.15150000000000002,0.043,-52.78050000000002,-1.2994999999999999,0.234,13638145408.0,2156000000.0,8386999808.0,131417784320.0,123039000000.0,,87637000000.0,,,,,11308000000.0,17548000000.0,6.45,0.6974,13.9,1.97,0.1,1782950400.0,0.257,239.3800048828125,187.78087006708716,215.3300018310547,229.77856,2.68,21.0,2.49,0.0166,0.00248,0.89905,False,False,,0.462,3241250.0,2224960.0,0.66,-6.28,7.07,,,-9.44,0.2843,61.9,-0.22,,False,0.5641630184842605,,0.619,US,True,,42.507484375208186,39.83853818319014,34.96306232119056,51.05256578692078,43.89312977099237,67.52941176470588,96.16858237547893,50.0,79.88505747126436,46.2,46.25952502831236,standard,267,479100641,False,61.7,False,97.52931323283082,23.53433835845896,75.37688442211056,50.041876046901166,50.041876046901166,50.041876046901166,4,NEUTRAL,0,VARNING,False,1,0.14285714285714285,LÅG,EJ AKTUELL,2.1,0.875,SUSPICIOUS_FWD_PE;,2026-08-12,0,True
SBIN.NS,State Bank of India,Financial Services,Banks - Regional,India,INR,10127833164645.451,-23.300365,-25.3082395,0.53,-7.197738775,2.6887212,4.425,,0.008194999999999994,-0.005335001000000006,-0.054169999999999996,-0.09883750500000002,-0.19669000999999997,-0.023500000000000007,-0.2325,0.002,,,,,2256107732992.0,8610153758720.0,16669561847808.0,83215685742000.0,,3817091770000.0,,,,,832987824000.0,380973900000.0,1.6,0.1744,17.35,1.52,17.35,1778803200.0,0.385,1212.8384373028666,776.0123492419096,1097.199951171875,1211.6487,1.44737,37.0,,,0.57231,0.28969,False,False,,0.5,13588269.0,10951985.0,0.95,4.65,14.75,,,-10.62,0.2569,72.2,4.45,,True,1.1443345786971348,,1.0,India,True,,35.876588619462964,48.34808183704619,42.53235743352039,76.74216710182768,9.923664122137405,67.52941176470588,,50.0,,50.0,46.231478401817526,standard,268,125963662,False,40.6,False,36.97654941373534,2.554438860971524,56.36515912897823,50.041876046901166,50.041876046901166,50.041876046901166,1,SVAG,-8,UPPTREND,False,2,0.2857142857142857,LÅG,EJ AKTUELL,-9.1,0.75,SUSPICIOUS_FWD_PE;,2026-08-12,0,True
BLK,"BlackRock, Inc.",Financial Services,Asset Management,United States,USD,175991879503.60266,6.8299105,0.6451509999999985,1.2171,-6.53895375,6.763483,6.762,3.8099999999999987,,,-0.022857488500000037,-0.028072470000000016,-0.019529989999999997,0.2115,-0.004500000000000004,0.202,-53.57350000000001,,,,13144999936.0,14965000192.0,184588451840.0,169998000000.0,,24216000000.0,,,7909000000.0,,5553000000.0,3927000000.0,2.03,0.5243,22.92,2.35,5.73,1788825600.0,1.425,1200.5442226097864,912.2493207582107,1136.3900146484375,1313.5,,16.0,2.3,0.0138,0.01904,0.83517,False,False,,0.568,781908.0,728940.0,0.66,12.03,5.75,,,0.0,0.295,72.8,10.14,,True,0.8741132453324406,,0.927,US,True,,43.35016835016835,71.41105451801548,65.7711129552124,38.53002610966057,38.54961832061068,67.52941176470588,,50.0,85.63218390804597,56.8,46.20865329690398,holding,269,828360137,False,37.7,False,36.97654941373534,20.35175879396985,19.34673366834171,50.041876046901166,50.041876046901166,50.041876046901166,1,SVAG,-8,UPPTREND,False,3,0.42857142857142855,LÅG,EJ AKTUELL,-4.5,0.75,SUSPICIOUS_FWD_PE;,2026-08-12,0,True
FIX,"Comfort Systems USA, Inc.",Industrials,Engineering & Construction,United States,USD,59638551925.423096,8.578798499999998,4.0867562500000005,0.7953,81.08464015,5.31158,5.514,11.016500000000004,0.34012001199999997,0.10335,0.02336500450000001,-0.05254499500000003,-0.23443999,-0.083,0.276,0.382,-38.866000000000014,-0.05300000000000027,1.172,365560704.0,70540000.0,303920992.0,61906104320.0,6441169000.0,,9101641000.0,,,1312615000.0,,1022558000.0,1186356000.0,0.21,0.064,3.6,0.38,0.8,1786579200.0,1.701,2073.1775510595326,654.9585185966841,1694.550048828125,2210.8572,1.22222,7.0,1.62,0.0275,0.01143,0.97823,False,False,,0.395,499164.0,528070.0,0.85,-4.9,-16.25,,,-18.31,0.5855,42.9,-6.22,,True,0.39735455623711624,,1.0,US,True,56.94831392250894,59.40126012085064,10.392550290682717,63.04970301008265,24.05929692393829,61.06870229007634,67.52941176470588,60.91954022988506,50.0,59.77011494252874,39.5,46.06329178111835,standard,270,894841044,False,57.8,False,83.16582914572864,69.59798994974874,26.800670016750416,50.041876046901166,50.041876046901166,50.041876046901166,5,NEUTRAL,0,VARNING,False,2,0.2857142857142857,LÅG,EJ AKTUELL,8.0,0.875,,2026-08-12,0,True
KOTAKBANK.NS,Kotak Mahindra Bank Limited,Financial Services,Banks - Regional,India,INR,3886581179212.5,-15.899916,-20.766182500000003,0.94,-6.752057275,5.451309,5.993,,,,0.00935999999999998,-0.040827454999999985,-0.19669000999999997,0.11549999999999999,0.023499999999999993,0.225,,,,,729322225664.0,1115291254784.0,4272550051840.0,10033527910000.0,,757885305000.0,,,,,192878925000.0,417265124000.0,0.16,0.024500001,0.65,0.09,0.65,1784246400.0,0.275,452.4189269358333,344.9045390549985,390.75,462.52777,1.69444,36.0,,,0.30534,0.47299,False,False,,0.5,15699016.0,10928274.0,0.79,3.56,1.31,,,-8.96,0.2415,64.8,0.29,,True,0.6319522105895128,,0.196,India,True,,40.909090909090914,31.772307111865686,46.340549028097314,83.59611618798957,14.122137404580155,67.52941176470588,,50.0,,50.0,45.99093625862602,standard,271,44762798,False,36.6,False,36.97654941373534,6.197654941373535,25.879396984924625,50.041876046901166,50.041876046901166,50.041876046901166,2,SVAG,-8,UPPTREND,False,2,0.2857142857142857,LÅG,EJ AKTUELL,-11.5,0.625,SUSPICIOUS_FWD_PE;,2026-08-12,0,True
TEX,Terex Corporation,Industrials,Farm & Heavy Construction Machinery,United States,USD,7182612017.440796,-5.857580500000003,-17.833071875,1.7076,,1.0757244,1.411,-10.04625,-0.2326575079999999,-0.047265001000000015,-0.08800000175,-0.04565251750000003,-0.35919999,0.42,-0.2205,0.528,-35.29300000000002,0.633,0.219,-1728882528.0,407000000.0,2687000064.0,9418624000.0,6139000000.0,,5421000000.0,,,475000000.0,,221000000.0,440000000.0,1.08,0.3254,0.68,1.22,0.17,1786406400.0,1.494,74.69000244140625,41.475010482740494,62.84000015258789,79.45833,2.07143,12.0,3.84,0.060100004,0.01747,1.0155001,False,False,,0.866,1398003.0,1736570.0,0.49,4.13,6.53,,,-8.95,0.4692,52.1,2.93,,False,0.14862980378803653,,1.0,US,True,,20.48106806436794,39.616238788564765,70.35357682544803,37.89838505374377,90.07633587786259,67.52941176470588,8.42911877394636,50.0,27.586206896551722,96.6,45.74709308120953,standard,272,109126059,False,55.8,False,31.715481171548117,86.86192468619247,82.00836820083683,50.04184100418409,50.04184100418409,50.04184100418409,1,SVAG,-8,UPPTREND,False,2,0.2857142857142857,LÅG,EJ AKTUELL,0.0,0.75,SUSPICIOUS_FWD_PE;,2026-08-12,0,True
PRY.MI,PRYSMIAN,Industrials,Electrical Equipment & Parts,Italy,EUR,,-2.5618159999999994,0.16156112500000042,0.62,,1.6943547,1.895,-4.6884999999999994,0.00034499600000000713,0.0036249999999999945,-0.049498748499999995,-0.09403127750000004,-0.05179,0.133,0.017,0.179,2.96225,0.04800000000000004,0.765,-77624960.0,1332000000.0,5482999808.0,41194409984.0,20190000000.0,,19650000000.0,,,1467000000.0,,1270000000.0,2162000000.0,0.72,0.1867,0.9,1.35,0.9,1776643200.0,0.939,157.25,72.20184751310795,,152.5294,1.77778,17.0,,,0.0,0.5007,False,False,,0.5,1220704.0,1793422.0,0.16,-4.46,-14.01,30.4,,-16.06,0.4651,54.8,-3.48,,True,,,0.06,Europe,True,,41.757559537567566,39.13731052950069,44.09302264707298,55.37077692870566,,67.52941176470588,41.7624521072797,50.0,,50.0,45.65846356982464,standard,273,,True,49.8,False,36.97654941373534,50.041876046901166,70.18425460636516,50.041876046901166,50.041876046901166,50.041876046901166,4,NEUTRAL,0,VARNING,False,1,0.14285714285714285,LÅG,EJ AKTUELL,9.7,0.75,SUSPICIOUS_FWD_PE;,2026-08-12,0,True
LGEN.L,LGEN.L,Financial Services,Asset Management,United Kingdom,GBp,,27.259876999999992,1.6965979999999998,1.53,3.65223182,1.460959,2.514,15.435249999999996,0.07936002,-0.02261000000000001,-0.12694248900000002,-0.3341824950000001,-0.22465998000000004,0.058499999999999996,4.8694999999999995,4.873,910.4234999999999,-0.59625,0.293,6816812576.0,14517000192.0,26563999744.0,29725120512.0,582268000000.0,,42039000000.0,,,,,592000000.0,4548000000.0,7.02,2.6323998,0.22,8.04,0.0624,1787184000.0,0.796,4014.915313720703,2705.002194722523,,272.662,3.15385,13.0,,,0.01969,0.42008,False,False,,0.5,20207564.0,17177222.0,0.17,2.3,14.01,12.3,,-4.58,0.2587,56.5,3.62,,False,,,0.5,UK,True,80.2566542335896,27.362580325245922,60.29551722251213,71.6064381301662,36.55616695215446,,29.64705882352941,99.04214559386973,50.0,,50.0,45.49997205125711,holding,274,,True,50.4,False,36.97654941373534,50.041876046901166,74.03685092127303,50.041876046901166,50.041876046901166,50.041876046901166,2,SVAG,-8,UPPTREND,False,3,0.42857142857142855,LÅG,EJ AKTUELL,,0.875,SUSPICIOUS_FWD_PE;,2026-08-12,0,True
VOLV-A.ST,"Volvo, AB ser. A",Industrials,Farm & Heavy Construction Machinery,Sweden,SEK,,-7.2274165,,1.4793,,,1.988,-2.025500000000002,-0.017689998000000012,-0.013535000000000007,-0.06968999600000002,-0.10376253,-0.16618003,-0.066,0.28900000000000003,0.399,82.75537499999999,-0.21100000000000008,0.803,23152018208.0,47068000256.0,260354998272.0,937316974592.0,648590000000.0,,479183000000.0,,,49476000000.0,,34456000000.0,45595000000.0,2.34,0.48240003,8.5,2.93,13.0,1775692800.0,0.983,374.20001220703125,235.60456534282534,,365.0,,1.0,,,0.57874,0.27312002,False,False,,0.5,93690.0,101808.0,0.66,3.45,9.77,,,-6.2,0.2818,50.0,3.27,,True,,,0.5,Nordic,True,,32.18415299406869,48.7648128140488,48.358975773885824,47.592083846102675,,67.52941176470588,81.60919540229885,50.0,,50.0,45.48911683346028,standard,275,,True,46.8,False,36.97654941373534,50.041876046901166,50.041876046901166,50.041876046901166,50.041876046901166,50.041876046901166,4,NEUTRAL,0,UPPTREND,False,1,0.14285714285714285,LÅG,EJ AKTUELL,-4.5,0.75,,2026-08-12,0,True
TLS.AX,TELSTRA FPO [TLS],Communication Services,Telecom Services,Australia,AUD,,-0.5114292500000008,1.519346999999999,3.06,0.11672398749999968,,3.292,-7.548000000000002,0.008874994999999997,0.014740000999999992,-0.014008748499999987,-0.0684337725,0.21786003,-0.057999999999999996,0.058,0.094,-38.7,-0.20099999999999996,0.433,609374976.0,1436000000.0,18752000000.0,76263604224.0,44968000000.0,,22717000000.0,,,3312000000.0,,2172000000.0,,4.22,0.9596,0.21,3.78,0.105,1771977600.0,0.129,5.579999923706055,4.610899991776986,4.980000019073486,5.18857,2.85714,14.0,,,0.00465,0.30543,False,False,,0.5,24846300.0,25998045.0,1.09,2.25,-7.06,3.28,,-9.91,0.1665,57.4,-0.61,,True,0.466793096505857,,0.5,Australia,True,,53.0492022362757,29.79993973202802,36.14836938527756,77.42477812331964,,67.52941176470588,62.83524904214559,50.0,,50.0,45.4503260597305,standard,276,91427341,False,46.8,False,36.97654941373534,50.041876046901166,50.041876046901166,50.041876046901166,50.041876046901166,50.041876046901166,3,SVAG,-8,VARNING,False,2,0.2857142857142857,LÅG,EJ AKTUELL,-18.3,0.875,SUSPICIOUS_FWD_PE;,2026-08-12,0,True
HOOD,"Robinhood Markets, Inc.",Financial Services,Capital Markets,United States,USD,73757895253.7036,20.0163875,12.212314,2.3404,-0.8066134500000004,17.006365,16.82,,0.04218999999999998,0.016259999999999997,0.1563625214999999,0.05997753,0.42785001,0.2285,0.27449999999999997,0.453,163.07049999999998,-0.4764999999999999,1.066,,23904999424.0,22925000704.0,82956386304.0,38137000000.0,,4473000000.0,,,2094000000.0,,1883000000.0,1638000000.0,,0.0,,,,,2.321,153.86000061035156,63.51499938964844,93.29000091552734,119.81538,1.67857,26.0,1.28,0.048699997,0.00713,0.7469,False,False,,0.483,26581745.0,19885700.0,0.63,,,,,,0.6865,34.9,,,False,0.3593297364798737,,0.838,US,True,,72.87388277452507,,74.639338005371,16.512451979844005,56.48854961832062,12.352941176470589,,50.0,35.05747126436782,48.3,45.41055721206369,holding,277,1855136971,False,37.2,False,36.97654941373534,30.73701842546064,5.778894472361809,50.041876046901166,50.041876046901166,50.041876046901166,3,SVAG,-8,UPPTREND,False,2,0.2857142857142857,LÅG,EJ AKTUELL,-0.8,0.875,,2026-08-12,0,True
2628.HK,China Life Insurance Company Limited,Financial Services,Insurance - Life,China,HKD,214305834322.834,-8.577402199999998,-4.567492999999999,0.38,-1.1157750999999998,2.37958,-3.135,-14.942000000000002,0.1368499975,0.005379999999999999,0.10642002,-0.027107499500000007,0.18272,-0.2465,-0.5255000000000001,-0.323,21.1435,4.496499999999999,6.246,19995715584.0,2176234946560.0,275873005568.0,-1072611524608.0,7591004000000.0,,605114000000.0,,,,,154078000000.0,459925000000.0,3.37,0.1345,0.97,4.83,0.7106,1782777600.0,0.879,35.230359869549844,20.119375259861865,28.799999237060547,35.198864,1.6875,15.0,,,0.0,0.50183,False,False,,0.5,53874180.0,47585255.0,1.07,-3.36,-7.3,,,-19.68,0.4365,37.3,-3.74,,True,0.6788044720981482,,0.5,Asia,True,,65.38609122711892,14.206581948517433,11.416054717456328,63.16109515058788,35.49618320610687,67.52941176470588,,50.0,,50.0,45.37497187736816,standard,278,174646135,False,58.8,False,97.52931323283082,18.509212730318257,60.971524288107204,50.041876046901166,50.041876046901166,50.041876046901166,5,NEUTRAL,0,VARNING,False,3,0.42857142857142855,LÅG,EJ AKTUELL,-8.5,0.875,SUSPICIOUS_FWD_PE;,2026-08-12,0,True
TXT,TXT,Unknown,Unknown,Unknown,USD,,,,,,,,,,,,,,,,,,,,,,,,18129000000.0,,14799000000.0,,,1001000000.0,,921000000.0,1312000000.0,,,,,,,,101.52614824798137,75.73140431373872,90.91000366210938,,,,,,,,False,False,,0.296,,,0.99,-1.44,-2.85,,,-12.43,0.2918,43.3,-2.51,,True,0.4944123326339471,,0.917,US,True,,,22.10903603093756,80.11764705882352,59.0,,12.352941176470589,,50.0,,29.599999999999998,45.27627110061512,standard,279,,True,44.6,False,28.17195325542571,50.04173622704508,50.04173622704508,50.04173622704508,50.04173622704508,50.04173622704508,1,SVAG,-8,VARNING,False,1,0.14285714285714285,LÅG,EJ AKTUELL,0.0,0.0,EXTREME_GROWTH;EXTREME_EARNINGS_GROWTH;MISSING_CRITICAL;,2026-08-12,0,True
WN.TO,George Weston Limited,Consumer Defensive,Grocery Stores,Canada,CAD,37873135689.986465,7.590223000000002,-0.22198325000000008,1.347,3.504138225,0.57655215,0.987,-7.854749999999999,0.006785002500000012,-0.0013099999999999987,-0.02429499900000001,0.0,-0.07996000000000003,0.0025000000000000022,-0.525,-0.466,69.24550000000002,-0.8052499999999998,0.191,5444097824.0,1294000000.0,19861000192.0,64809136128.0,52167000000.0,,64511000000.0,,,5100000000.0,,1142000000.0,6262000000.0,1.26,0.5107,1.29,1.48,0.322,1789430400.0,0.508,107.94000244140625,81.99840118981479,101.20999908447266,110.85714,2.14286,7.0,7.18,,0.5999,0.14688,False,False,,0.5,323538.0,233760.0,0.73,-2.54,3.6,,,-6.9,0.2232,37.2,-2.38,,False,0.1960592775416871,,0.343,Canada,True,,45.70501424174648,38.3606866628938,16.083874183242354,54.73606999717284,71.37404580152672,67.52941176470588,95.01915708812261,50.0,,50.0,45.275262476669425,standard,280,16985318,False,71.8,True,97.52931323283082,74.37185929648241,91.62479061976549,50.041876046901166,50.041876046901166,50.041876046901166,5,NEUTRAL,0,VARNING,False,1,0.14285714285714285,LÅG,EJ AKTUELL,-2.7,0.875,SUSPICIOUS_FWD_PE;,2026-08-12,0,True
W,Wayfair Inc.,Consumer Cyclical,Internet Retail,United States,USD,12364551518.613052,,7.099243500000004,23.5,,1.1314938,1.315,28.993499999999994,,-0.022030003000000013,-0.10854500249999999,-0.07449999500000001,-0.18757996999999998,0.0,,,,-0.5305000000000002,0.585,-1004729696.0,1143000064.0,3516000000.0,16973796352.0,3440000000.0,,12457000000.0,,,93000000.0,,-313000000.0,534000000.0,,0.0,,,,,2.983,119.9800033569336,55.599998474121094,106.5999984741211,120.03704,2.0625,27.0,4.55,0.1807,0.03862,1.08086,False,False,,0.563,3936761.0,5239700.0,0.8017657096223756,18.06,61.03,20.6,,-0.11151862400776702,0.7249509852978597,62.76422463334971,0.23162952994156916,0.2126693085245217,True,0.888547398686146,,0.838,US,True,21.853543426962013,25.214915108532132,88.72373177975895,55.89140271493213,10.845275315561025,84.35114503816794,12.352941176470589,22.988505747126435,50.0,6.321839080459771,56.3,45.27308072591741,standard,281,558552012,False,56.8,False,36.97654941373534,86.59966499162479,79.98324958123953,50.041876046901166,50.041876046901166,50.041876046901166,1,SVAG,-8,UPPTREND,False,1,0.14285714285714285,LÅG,EJ AKTUELL,4.6,0.375,EXTREME_EARNINGS_GROWTH;MISSING_CRITICAL;,2026-08-12,0,True
AIG,"American International Group, I",Financial Services,Insurance - Diversified,United States,USD,41335865359.49707,-6.101800500000001,-8.155938,0.6483,-8.614420550000002,1.5481018,1.573,-7.753999999999998,-0.11676999000000002,-0.010170000000000002,-0.1453575045,-0.19266246,-0.13570999,-0.0805,0.014499999999999985,0.093,-54.56150000000001,-0.9814999999999998,0.204,8040894848.0,9592999936.0,9155999744.0,41987592192.0,161254000000.0,,26774000000.0,,,,,3096000000.0,3314000000.0,2.5,0.3169,2.0,2.17,0.5,1781481600.0,0.517,86.2052751457103,70.36459211908439,78.77999877929688,88.7,2.31818,20.0,2.16,0.020399999,0.0057099997,0.99679,False,False,,0.775,3892814.0,3172830.0,1.04,-2.14,1.86,,,-4.63,0.2247,45.0,0.12,,False,0.38998107165853263,,0.99,US,True,,23.80169620735659,42.885561900842035,47.24591232076609,53.91509509792508,69.8473282442748,67.52941176470588,99.04214559386973,50.0,72.41379310344827,77.5,45.04956467384643,standard,282,249955544,False,68.8,False,97.52931323283082,73.45058626465661,72.52931323283082,50.041876046901166,50.041876046901166,50.041876046901166,4,NEUTRAL,0,UPPTREND,False,1,0.14285714285714285,LÅG,EJ AKTUELL,4.7,0.875,SUSPICIOUS_FWD_PE;,2026-08-12,0,True
MET,"MetLife, Inc.",Financial Services,Insurance - Life,United States,USD,62130577019.536156,-1.0242345000000022,-8.109515,0.5079,-7.34189455,0.8008169,1.117,1.7759999999999998,-0.06385999,-0.024490000000000005,-0.21709749850000004,-0.27967246999999995,-0.25350000000000006,-0.0675,0.15749999999999997,0.254,100.8105,0.4934999999999998,1.754,-18906104448.0,27634999296.0,49491001344.0,86644506624.0,745166000000.0,,75654000000.0,,,,,3379000000.0,17092000000.0,2.46,0.4391,2.37,2.93,0.593,1785801600.0,0.763,100.93000030517578,66.40657136742851,97.7699966430664,100.4375,1.94444,16.0,3.38,0.0199,0.16415001,0.78426003,False,False,,0.607,3871600.0,4941710.0,0.54,5.25,23.86,,,-3.15,0.2458,64.0,7.61,,True,0.8419127251745098,,0.899,US,True,31.77793001953769,16.608688826673575,73.0809795750373,54.824340509764305,61.19302231793917,60.30534351145038,67.52941176470588,6.513409961685824,50.0,74.13793103448276,60.699999999999996,45.03497604685397,standard,283,483150970,False,55.2,False,36.97654941373534,69.34673366834171,86.76716917922947,50.041876046901166,50.041876046901166,50.041876046901166,2,SVAG,-8,UPPTREND,False,3,0.42857142857142855,LÅG,EJ AKTUELL,-7.9,0.875,SUSPICIOUS_FWD_PE;,2026-08-12,0,True
III.L,3i Group Ord,Financial Services,Asset Management,United Kingdom,GBp,36716738266655.94,-6.971016600000004,-5.9778136,,-3.599826580000001,5.144175,5.34,-2.519750000000001,0.0,0.09268,0.641167531,0.504167565,0.5166500199999998,-0.4285,-0.5515,-0.329,-78.9115,5.00975,5.681,2520187424.0,635000000.0,1260999936.0,29808893952.0,32338000000.0,,5428000000.0,,,,,5294000000.0,,2.94,0.1467,0.85,2.6,0.48,1781740800.0,1.133,56186.82004487822,23009.00105394267,36659.469613075256,3390.2,1.90909,10.0,,,0.020669999,0.79175,False,False,,0.5,3226388.0,2276221.0,0.06,3.46,24.46,-15.86,,-21.34,0.5111,56.7,7.54,,False,0.6791011944636173,,0.5,UK,True,,86.93969864383352,36.62071029643186,10.378507211803758,51.19737184924026,4.580152671755725,67.52941176470588,95.40229885057471,50.0,,50.0,44.95507966087287,holding,284,83445054582,False,45.5,False,74.03685092127303,2.554438860971524,27.554438860971526,50.041876046901166,50.041876046901166,50.041876046901166,4,NEUTRAL,0,UPPTREND,False,2,0.2857142857142857,LÅG,EJ AKTUELL,-3.4,0.875,SUSPICIOUS_FWD_PE;,2026-08-12,0,True
WBC.AX,Westpac Banking Corporation,Financial Services,Banks - Diversified,Australia,AUD,129527436713.85703,-3.6551512499999976,-1.519346999999999,1.25,-1.4010964625000002,5.8170133,11.461,,-0.009924994999999992,-0.0031800009999999983,0.05478876849999996,0.07487876249999993,-0.27156,-0.0795,-0.14750000000000002,0.056,,,,,132742995968.0,258104000512.0,255198429184.0,1077544000000.0,,21587000000.0,,,,,6990000000.0,-19767000000.0,4.06,0.7541,1.54,5.01,0.77,1778198400.0,0.733,42.47209761283912,32.49423519756915,37.93000030517578,33.75826,3.85714,14.0,,,0.00093999994,0.34162,False,False,,0.5,4913625.0,4441765.0,0.81,-3.31,-1.31,-10.97,,-16.0,0.2262,40.0,-2.31,,True,0.6579964932545684,,0.5,Australia,True,,49.48249629401777,19.97117263670744,25.759514572173217,72.32049608355092,43.12977099236641,67.52941176470588,,50.0,,50.0,44.71848191805488,standard,285,118971921,False,38.8,False,36.97654941373534,23.115577889447238,23.869346733668344,50.041876046901166,50.041876046901166,50.041876046901166,0,SVAG,-8,VARNING,False,2,0.2857142857142857,LÅG,EJ AKTUELL,-20.5,0.75,SUSPICIOUS_FWD_PE;,2026-08-12,0,True
CRWD,"CrowdStrike Holdings, Inc.",Technology,Software - Infrastructure,United States,USD,218335152953.11157,,113.39635725,6.2068,34.531232725,42.85956,42.135,3597.6030000000005,-0.21197998489999997,-0.0843900005,-0.11479999549999997,-0.16014498950000003,0.26031001,0.092,,,-43.06575000000001,-0.06900000000000017,1.333,450010368.0,4552800768.0,821342976.0,214645145600.0,11086684000.0,,4812005000.0,,,-293292000.0,,-162502000.0,1612349000.0,,0.0,,,,,1.234,219.35000610351562,85.68000030517578,214.4199981689453,193.1296,1.66038,50.0,2.46,0.0274,0.01474,0.74251,False,False,,0.49,11701038.0,7782630.0,0.78,,,,,,0.5573,77.9,,,True,0.8847557799720198,,0.89,US,True,38.31278069574484,27.11424475876503,,72.1289592760181,30.19513368035345,34.73282442748092,12.352941176470589,54.02298850574713,50.0,60.3448275862069,49.0,44.691175194153935,standard,286,1668751510,False,44.9,False,76.88442211055276,18.341708542713565,2.554438860971524,50.041876046901166,50.041876046901166,50.041876046901166,3,SVAG,-8,UPPTREND,False,1,0.14285714285714285,LÅG,EJ AKTUELL,-2.6,0.75,EXTREME_EARNINGS_GROWTH;,2026-08-12,0,True
PRU.L,Prudential plc,Financial Services,Insurance - Life,Hong Kong,GBp,,-3.1278460000000035,-0.0283250000000006,3.1897,-2.7713095800000005,1.8005824,2.07,-3.3747500000000015,0.015000000000000013,-0.0050000000000000044,-0.03151249900000007,-0.012892484999999967,-0.06946997999999999,0.0935,0.10649999999999998,0.244,-54.7405,0.84175,1.012,1912312608.0,3851000064.0,6034999808.0,29869705216.0,212195000000.0,,27393000000.0,,,,,3978000000.0,2450000000.0,1.92,0.1538,0.2,1.7,0.139402,1774483200.0,0.904,15152.425788331884,11531.43204498291,,1417.475,1.46154,13.0,,,0.00303,0.65772,False,False,,0.5,9063759.0,8769051.0,0.03,-5.22,-10.53,-6.18,,-14.23,0.3071,36.3,-1.53,,False,,,0.5,UK,True,,44.32983198388658,20.039602917361833,54.305119998641686,59.46704971922414,,67.52941176470588,93.48659003831418,50.0,,50.0,44.688801634573935,standard,287,,True,49.6,False,36.97654941373534,50.041876046901166,69.17922948073702,50.041876046901166,50.041876046901166,50.041876046901166,3,SVAG,-8,VARNING,False,1,0.14285714285714285,LÅG,EJ AKTUELL,7.1,0.875,SUSPICIOUS_FWD_PE;,2026-08-12,0,True
CLX,Clorox Company (The),Consumer Defensive,Household & Personal Products,United States,USD,,-5.433114750000003,-3.8697395000000014,2.3693,131.041714825,,2.725,-1.3899999999999997,1.413130015,0.018740003999999998,-0.00044499750000000227,0.04279498499999998,-0.06321999,-0.058499999999999996,-0.553,-0.509,2065.814,-0.2529999999999999,0.337,,143000000.0,5520000000.0,18315145216.0,5561000000.0,,7104000000.0,,,1177000000.0,,810000000.0,981000000.0,4.73,1.0312,5.0,3.41,1.24,1786492800.0,0.541,127.29537489083685,84.69999694824219,105.1500015258789,101.70588,3.21053,17.0,4.64,0.1112,0.00722,0.88121,False,False,,0.636,2561267.0,2938970.0,0.84,14.25,21.48,,,-13.8,0.3635,72.8,11.76,,True,0.9330937148298944,,0.709,US,True,,62.7368526696106,50.853183790365456,22.19963657998919,37.38658512248258,,29.64705882352941,,50.0,16.666666666666664,63.6,44.489339263453736,standard,288,309032700,False,46.8,False,36.97654941373534,50.041876046901166,50.041876046901166,50.041876046901166,50.041876046901166,50.041876046901166,1,SVAG,-8,UPPTREND,False,1,0.14285714285714285,LÅG,EJ AKTUELL,,0.875,SUSPICIOUS_FWD_PE;,2026-08-12,0,True
AXISBANK.NS,AXIS BANK LIMITED,Financial Services,Banks - Regional,India,INR,3852222123092.0,-21.062022999999996,-26.2731645,0.54,-7.171344275,4.9976053,6.946,,-0.01304501000000001,-0.0010749999999999996,0.08500000000000003,0.10338249499999999,-0.19669000999999997,0.04550000000000001,0.016499999999999987,0.222,,,,,1355972476928.0,2852579704832.0,5353767960576.0,19460502900000.0,,880673100000.0,,,,,263848500000.0,-86367100000.0,0.08,0.0,1.0,1.03,1.0,1783641600.0,0.416,1417.2070248903838,1041.6966606316682,1238.0,1584.425,1.3,40.0,,,0.02831,0.70418,False,False,,0.5,7125169.0,6171587.0,0.98,-7.14,-1.48,,,-13.08,0.2674,48.5,-6.27,,True,0.34336338606838057,,0.489,India,True,,53.18942275887279,22.991802575843323,44.36461401922582,73.81168407310705,14.50381679389313,34.11764705882353,,50.0,,50.0,44.45225316186604,standard,289,80091082,False,37.1,False,36.97654941373534,6.365159128978225,28.894472361809044,50.041876046901166,50.041876046901166,50.041876046901166,2,SVAG,-8,VARNING,False,1,0.14285714285714285,LÅG,EJ AKTUELL,-9.0,0.75,SUSPICIOUS_FWD_PE;,2026-08-12,0,True
GS,"Goldman Sachs Group, Inc. (The)",Financial Services,Capital Markets,United States,USD,302704703205.6738,-4.1365894999999995,-3.037230000000001,1.4943,-6.816491750000002,4.479868,1.027,,-0.024979990000000007,-0.018299999000000004,0.046642501499999975,0.04290750999999998,0.32970995999999997,0.3305,0.7215,0.78,648.1724999999998,-0.02950000000000008,1.407,,1156854054912.0,897484980224.0,69400846336.0,1809320000000.0,,58283000000.0,,,,,17176000000.0,-45154000000.0,1.94,0.2625,20.0,2.2,4.5,1788220800.0,1.288,1153.989990234375,691.6271777869798,1039.6099853515625,1141.65,2.6,20.0,2.84,0.0215,0.00543,0.75778,False,False,,0.479,2187456.0,2095890.0,0.92,-9.26,9.84,,,-10.21,0.3613,37.2,-1.97,,False,0.3766310336929362,,1.0,US,True,,54.840678969542886,41.893896520382086,89.06566250399712,29.82641753005937,29.00763358778626,67.52941176470588,,50.0,69.25287356321839,47.9,44.17893537642514,holding,290,2178908172,False,39.0,False,36.97654941373534,16.164154103852596,31.825795644891127,50.041876046901166,50.041876046901166,50.041876046901166,2,SVAG,-8,VARNING,False,2,0.2857142857142857,LÅG,EJ AKTUELL,-0.0,0.875,SUSPICIOUS_FWD_PE;,2026-08-12,0,True
STT,State Street Corporation,Financial Services,Asset Management,United States,USD,50731919948.22418,-3.880335500000001,-5.011612000000001,0.7836,-7.530897050000001,3.37695,,,-0.06962999000000002,-0.0203299995,-0.03369749850000002,-0.10068247000000002,-0.49104999000000005,-0.1225,-0.4425,-0.237,,,,,,,,366047000000.0,,13965000000.0,,,,,2945000000.0,11898000000.0,1.99,0.29659998,3.68,2.99,0.84,1790812800.0,1.418,192.50999450683594,102.75720915362297,184.67999267578125,199.5,2.0625,14.0,0.01,0.0001,0.00356,0.96408,False,False,,0.73,2264883.0,1742770.0,0.62,1.94,25.06,,,0.0,0.2492,53.5,6.9,,False,0.5983481471011347,,0.917,US,True,,22.262565147952543,93.55181698135857,26.145944934475448,47.1661227154047,64.12213740458014,67.52941176470588,,50.0,96.83908045977012,73.0,44.07883212792163,holding,291,321854751,False,48.6,False,36.97654941373534,71.10552763819096,41.20603015075377,50.041876046901166,50.041876046901166,50.041876046901166,0,SVAG,-8,UPPTREND,False,2,0.2857142857142857,LÅG,EJ AKTUELL,-6.4,0.75,SUSPICIOUS_FWD_PE;,2026-08-12,0,True
ARQQ,Arqit Quantum Inc.,Technology,Software - Infrastructure,United Kingdom,USD,398515205.26150703,,-45.42216775,,0.738012724999999,366.95694,325.059,-27.955000000000002,-2.4115899849999995,-1.0295,-0.10881999549999999,-49.454274990500004,0.006189990000000034,8.135,,,-53.013750000000016,3.2800000000000002,4.609,-1496057564.0,28860000.0,2172000.0,353013568.0,42851000.0,,530000.0,,,-35171000.0,,-35343000.0,-29553000.0,,0.0,,,,,2.268,62.0,11.520000457763672,22.899999618530273,,,,2.24,0.2579,0.69262004,0.25476998,False,False,,0.493,859964.0,322160.0,0.69,,,,,,1.2634,63.3,,,True,1.0794908086028538,,0.5,US,True,,15.810232131488656,,64.78657616892912,32.274796555298714,98.85496183206108,12.352941176470589,,50.0,13.448275862068964,49.3,43.9458101569466,standard,292,7377464,False,46.8,False,36.97654941373534,97.52931323283082,2.554438860971524,50.041876046901166,50.041876046901166,50.041876046901166,3,SVAG,-8,UPPTREND,False,1,0.14285714285714285,LÅG,EJ AKTUELL,-0.7,0.75,EXTREME_EARNINGS_GROWTH;SUSPICIOUS_FWD_PE;,2026-08-12,0,True
8316.T,"Sumitomo Mitsui Financial Group, Inc.",Financial Services,Banks - Diversified,Japan,JPY,25852989323870.0,-3.0957159999999995,-3.6054435000000002,2.1293,-1.9375352000000003,5.4820333,-6.207,,-0.141130005,-0.074509996,-0.0010200000000000209,-0.030260020000000054,-0.3888400000000001,0.1535,0.14849999999999997,0.33,,,,,114327583457280.0,59157176647680.0,-29269610725376.0,328511145000000.0,,5791563000000.0,,,,,1582973000000.0,-10283139000000.0,1.99,0.3812,135.0,3.73,45.0,1790640000.0,0.39,7260.0,3645.933062182311,6782.0,7132.5,1.75,12.0,,,0.04359,0.42148,False,False,,0.5,13883146.0,13980920.0,0.78,-2.71,13.28,,,-8.11,0.3692,40.5,0.36,,False,0.36512209231459974,,0.838,Japan,True,,25.164790938576566,50.24437927663734,68.76843611957699,60.85329634464752,6.106870229007633,67.52941176470588,,50.0,,50.0,43.8817502401441,standard,293,595100809,False,36.0,False,36.97654941373534,2.554438860971524,25.628140703517587,50.041876046901166,50.041876046901166,50.041876046901166,3,SVAG,-8,UPPTREND,False,3,0.42857142857142855,LÅG,EJ AKTUELL,5.2,0.75,SUSPICIOUS_FWD_PE;,2026-08-12,0,True
0016.HK,Sun Hung Kai Properties Limited,Real Estate,Real Estate - Development,Hong Kong,HKD,334403848041.2618,-11.016974999999999,-7.707188749999997,0.9932,-1.2132941249999993,3.6154504,4.57,-3.5345000000000004,-0.010955,0.00315,-0.06178248899999997,-0.1522099845,-0.011469980000000046,0.2555,0.3155,0.362,-31.8715,2.333,0.636,-14750406656.0,20468000768.0,104009998336.0,422680199168.0,,,,,,,,,24516000000.0,3.28,0.4941,3.78,4.97,0.98,1773187200.0,0.843,147.89999389648438,85.74686397748673,115.4000015258789,142.6907,,14.0,,,0.54958,0.16424,False,False,,0.5,6002226.0,4934268.0,0.82,-3.84,-15.76,,,-19.56,0.328,34.3,-0.6,,False,-0.06741878109060681,,0.5,Asia,True,,39.51724042049212,10.686662893793624,64.80699617124957,62.27784891874961,28.24427480916031,67.52941176470588,27.969348659003828,50.0,,50.0,43.76869593770116,standard,294,72564240,False,55.1,False,97.52931323283082,15.745393634840871,38.69346733668342,50.041876046901166,50.041876046901166,50.041876046901166,7,STARK,8,VARNING,False,3,0.42857142857142855,LÅG,EJ AKTUELL,0.1,0.875,SUSPICIOUS_FWD_PE;,2026-08-12,0,True
WOW.AX,WOOLWORTHS FPO [WOW],Consumer Defensive,Grocery Stores,Australia,AUD,,52.62799950000001,5.971683499999998,2.16,6.177501812500001,,0.928,0.0,-0.019624989999999995,-0.016880000999999995,-0.07569874650000001,-0.14564377149999996,0.0017399999999999916,-0.004499999999999997,-0.545,-0.494,161.37799999999993,-0.07500000000000007,0.179,-1019000064.0,1288999936.0,17198000128.0,65233985536.0,33829000000.0,,69077000000.0,,,-1041000000.0,,963000000.0,,2.23,1.7248,0.9,2.85,0.45,1772582400.0,0.264,40.92499923706055,25.198903077337572,40.279998779296875,36.78524,3.26667,15.0,,,0.00524,0.33039,False,False,,0.5,2155554.0,2072272.0,0.89,1.01,22.4,25.18,,-2.04,0.2744,56.2,2.05,,False,0.7835534372739555,,0.5,Australia,True,,33.67852841658542,78.48252106316622,19.904923962657655,56.859525452761474,,29.64705882352941,34.48275862068966,50.0,,50.0,43.76256078452208,standard,295,58944360,False,46.8,False,36.97654941373534,50.041876046901166,50.041876046901166,50.041876046901166,50.041876046901166,50.041876046901166,1,SVAG,-8,UPPTREND,False,1,0.14285714285714285,LÅG,EJ AKTUELL,-7.0,0.875,,2026-08-12,0,True
WNC,Wabash National Corporation,Industrials,Farm & Heavy Construction Machinery,United States,USD,526731659.3219986,,-13.580528750000001,0.73,,0.37002108,0.704,-130.66949999999997,-0.441529988,-0.09922,-0.1591549995,-0.19382499500000003,-0.48102999,-0.184,,,101.14999999999999,0.04699999999999982,0.654,-1328624688.0,71496000.0,545110016.0,1001742656.0,1171181000.0,,1542754000.0,,,321058000.0,,211451000.0,11666000.0,2.55,0.0631,0.32,2.13,0.08,1782950400.0,1.429,14.233539223208567,6.589969961019083,12.930000305175781,22.5,1.5,2.0,3.1,0.095699996,0.05165,1.0139,False,False,,0.417,1128738.0,1341020.0,0.5127801713704797,4.61,66.78,19.81,,-0.09158220577404208,0.560114077852796,45.08670440569845,0.11740370733237437,0.35156410008807093,False,0.4781936349301041,,0.163,US,True,,9.613876912150698,88.16121437513628,5.371040723981901,33.32394272505031,98.09160305343512,67.52941176470588,,50.0,19.54022988505747,41.699999999999996,43.579114372550784,standard,296,17339389,False,61.0,False,36.97654941373534,97.52931323283082,97.52931323283082,50.041876046901166,50.041876046901166,50.041876046901166,1,SVAG,-8,UPPTREND,False,2,0.2857142857142857,LÅG,EJ AKTUELL,-4.5,0.625,EXTREME_EARNINGS_GROWTH;SUSPICIOUS_FWD_PE;,2026-08-12,0,True
6701.T,6701.T,Unknown,Unknown,Unknown,USD,,,,,,,,,,,,,,,,,,,,,,,,4466784000000.0,,3582733000000.0,,,359913000000.0,,270228000000.0,438463000000.0,,,,,,,,6159.847439939296,3586.1172275143363,4333.0,,,,,,,,False,False,,0.5,,,0.54,,,,,,0.5503,53.4,,,True,0.8339715706809439,,0.832,Japan,True,,,,66.94117647058823,19.25,,12.352941176470589,,50.0,,50.0,43.38513513513514,standard,297,,True,44.6,False,28.17195325542571,50.04173622704508,50.04173622704508,50.04173622704508,50.04173622704508,50.04173622704508,1,SVAG,-8,UPPTREND,False,1,0.14285714285714285,LÅG,EJ AKTUELL,0.0,0.0,EXTREME_GROWTH;EXTREME_EARNINGS_GROWTH;MISSING_CRITICAL;,2026-08-12,0,True
IVZ,Invesco Ltd.,Financial Services,Asset Management,United States,USD,13942563018.71624,,-7.259045,0.9008,-8.25382385,2.0199306,2.631,-0.23399999999999999,-0.1997299903,0.00012999999999999817,-0.2730874985000001,-0.17936246,-0.19584998999999997,0.11049999999999999,,0.88,-65.15250000000002,-0.8845000000000001,0.708,-335567232.0,915400000.0,1624000000.0,18159962112.0,27094000000.0,,6377100000.0,,,-695700000.0,,-281700000.0,1525300000.0,2.71,0.5646,0.86,4.18,0.215,1786665600.0,1.596,32.54999923706055,19.719363505133906,31.579999923706055,32.79167,2.46154,12.0,3.62,0.0636,0.00606,0.97754997,False,False,,0.751,5175891.0,5873660.0,0.871900764050373,10.38,18.62,24.5,,-0.029800286823050914,0.33892395733872727,61.62227616883406,0.10273833811372901,0.2094040257353771,True,0.83110825207707,,0.838,US,True,,22.567000219549396,85.27349654684119,76.33062613605598,21.342072585965088,83.20610687022901,67.52941176470588,32.56704980842912,50.0,26.436781609195403,75.1,43.282812856328874,holding,298,185490182,False,66.0,False,83.66834170854271,85.00837520938023,65.32663316582915,50.041876046901166,50.041876046901166,50.041876046901166,4,NEUTRAL,0,UPPTREND,False,3,0.42857142857142855,LÅG,EJ AKTUELL,7.9,0.75,EXTREME_EARNINGS_GROWTH;SUSPICIOUS_FWD_PE;,2026-08-12,0,True
WELL,Welltower Inc.,Real Estate,REIT - Healthcare Facilities,United States,USD,170717919526.71326,73.243875,44.191021250000006,3.66,-5.304827475000001,13.375777,14.868,35.0875,-0.08524498750000001,-0.028770000000000004,-0.1250900075,-0.201234975,-0.09544997,0.3265,0.3095,0.474,-60.37450000000001,0.6079999999999999,0.946,1279809664.0,1965164032.0,19720804352.0,189763764224.0,67303047000.0,,10667136000.0,,,355168000.0,,936845000.0,2881677000.0,1.44,1.3274001,3.4,2.43,0.74,1786492800.0,0.763,255.1999969482422,159.52024134821784,236.9199981689453,255.59091,1.72727,22.0,5.3,0.0301,0.00059999997,1.01275,False,False,,0.628,3550708.0,3552760.0,0.34,-2.98,5.63,,,-9.16,0.255,31.5,0.97,,False,0.36676919499207256,,0.46,US,True,48.47479130192078,21.78723925612725,37.63783848673492,63.3957900016696,66.91925268718853,38.93129770992366,29.64705882352941,61.30268199233716,50.0,56.32183908045977,62.8,43.272387614186954,standard,299,841719893,False,46.9,False,80.4857621440536,20.68676716917923,8.040201005025125,50.041876046901166,50.041876046901166,50.041876046901166,4,NEUTRAL,0,UPPTREND,False,2,0.2857142857142857,LÅG,EJ AKTUELL,5.5,0.875,,2026-08-12,0,True
ASAN,"Asana, Inc.",Technology,Software - Application,United States,USD,1490578042.0630054,,-4.1284127500000025,,3.2183627249999995,2.6396627,2.422,-36.949000000000005,-1.0850199850000002,-0.17584000000000005,-0.3108999955000001,-0.21237499550000002,0.39400996,-0.069,,,120.58725,-0.4520000000000002,1.039,-1287223056.0,424640000.0,248240000.0,1958120960.0,844088000.0,,790806000.0,,,-197331000.0,,-189024000.0,90361000.0,,0.0,,,,,0.92,15.710000038146973,5.380000114440918,9.260000228881836,9.13462,2.66667,13.0,6.43,0.38810003,0.44357,0.64984,False,False,,0.71,6029269.0,6018130.0,0.75,,,,,,0.7262,75.8,,,True,0.9676807087755341,,1.0,US,True,,22.24962607088259,,56.386123680241326,29.630635612246593,96.18320610687023,12.352941176470589,,50.0,11.436781609195402,71.0,43.27212937069181,standard,300,55727885,False,55.0,False,36.97654941373534,97.52931323283082,57.45393634840871,50.041876046901166,50.041876046901166,50.041876046901166,1,SVAG,-8,UPPTREND,False,0,0.0,LÅG,EJ AKTUELL,-17.0,0.75,EXTREME_EARNINGS_GROWTH;SUSPICIOUS_FWD_PE;,2026-08-12,0,True
1818.HK,Zhaojin Mining Industry Company Limited,Basic Materials,Gold,China,HKD,68926810100.08525,2.5162802500000003,-3.0503825000000013,0.68,0.43842065000000074,4.350961,4.941,0.0,0.08277000350000002,0.02167,0.04907249900000008,0.1759500155,0.036219999999999974,0.36200000000000004,0.5640000000000001,0.804,41.191,-0.6939999999999997,0.635,-51250809728.0,9684997120.0,16349121536.0,96216301568.0,53567945000.0,,11550680000.0,,,3034796000.0,,1450799000.0,2597165000.0,0.48,0.052199997,0.11,0.74,0.114769,1780444800.0,0.902,42.138617502341724,15.819999694824219,23.920000076293945,34.38492,,9.0,,,0.42804,0.17687,False,False,,0.5,21690292.0,17921650.0,1.56,27.33,-17.27,,,-35.05,0.6081,69.1,18.8,,True,0.996531743918906,,0.0,Asia,True,,68.64275895387898,4.397112037179949,65.43636400295433,35.74597545359299,57.63358778625955,67.52941176470588,,50.0,,50.0,42.80244540470096,commodity,301,54630260,False,41.4,False,36.97654941373534,31.65829145728643,32.83082077051927,50.041876046901166,50.041876046901166,50.041876046901166,5,NEUTRAL,0,UPPTREND,False,3,0.42857142857142855,LÅG,EJ AKTUELL,-2.3,0.875,SUSPICIOUS_FWD_PE;,2026-08-12,0,True
PUM.DE,PUM.DE,Unknown,Unknown,Unknown,USD,,,,,,,,,,,,,,,,,,,,,,,,6454600000.0,,7296200000.0,,,-357400000.0,,-645500000.0,-319300000.0,,,,,,,,30.309999465942383,15.300000190734863,28.18000030517578,,,,,,,,False,False,,0.5,,,0.49,-3.8,6.15,15.12,,-9.63,0.4268,33.2,-2.26,,True,0.7407796811025666,,0.641,Europe,True,,,45.60628518183696,51.76470588235295,32.5,,12.352941176470589,,50.0,,50.0,42.693073011381934,standard,302,,True,44.6,False,28.17195325542571,50.04173622704508,50.04173622704508,50.04173622704508,50.04173622704508,50.04173622704508,1,SVAG,-8,VARNING,False,0,0.0,LÅG,EJ AKTUELL,0.0,0.0,EXTREME_GROWTH;EXTREME_EARNINGS_GROWTH;MISSING_CRITICAL;,2026-08-12,0,True
PYPL,"PayPal Holdings, Inc.",Financial Services,Credit Services,United States,USD,50532073566.11406,-8.900367500000002,-6.880127,1.0959,-7.084417750000001,1.4806632,1.568,-4.517000000000001,0.05097000999999998,0.017210002999999995,-0.12010749850000002,-0.20920247,-0.08627996999999998,-0.0465,-0.2325,-0.125,-5.457500000000001,-0.3045,0.251,2946770304.0,11256000512.0,14220999680.0,53497073664.0,80173000000.0,,33172000000.0,,,6396000000.0,,5233000000.0,6416000000.0,0.94,0.0794,0.56,,0.14,1788480000.0,1.298,78.53485265418614,38.21792598197543,59.06999969482422,58.83,2.83721,33.0,2.77,0.071100004,0.0069999998,0.81814003,False,False,,0.693,16705419.0,12559310.0,0.91,,,,,,0.4116,70.6,,,False,0.7188649662895378,,0.734,US,True,,39.97718916526624,,29.10475562356563,29.112016541661816,64.50381679389314,67.52941176470588,91.95402298850574,50.0,24.71264367816092,69.3,42.67355968790212,standard,303,741878438,False,68.6,False,97.52931323283082,71.18927973199331,73.53433835845897,50.041876046901166,50.041876046901166,50.041876046901166,4,NEUTRAL,0,UPPTREND,False,1,0.14285714285714285,LÅG,EJ AKTUELL,2.0,0.875,SUSPICIOUS_FWD_PE;,2026-08-12,0,True
BA,The Boeing Company,Industrials,Aerospace & Defense,United States,USD,185278538641.18927,49.8073105,32.569466250000005,89.2922,19.144765149999998,1.9711533,2.281,-93.8135,1.522570012,-0.08688000000000001,-0.07847499449999998,-0.131354994997,-0.44394999,-0.012999999999999998,,,706.5199999999999,-0.12900000000000034,0.296,4149020544.0,19295000576.0,48362000384.0,214366535680.0,168235000000.0,,89463000000.0,,,-5416000000.0,,2235000000.0,1065000000.0,,0.0,,2.48,2.055,1581552000.0,1.221,254.35000610351562,176.77000427246094,234.4199981689453,274.69232,1.60714,26.0,0.03,0.0002,0.00056,0.75004,False,False,,0.6,6499477.0,7587320.0,0.6451886619013424,5.07,1.47,-1.07,,-0.0783566245579691,0.3389748524234495,66.644426141497,0.06374868077034579,0.07082852332351575,True,0.8598517119196586,,0.578,US,True,,32.103390387212144,54.2007674775077,43.59426847662142,29.40029997006536,37.02290076335878,12.352941176470589,76.62835249042146,50.0,95.40229885057471,60.0,42.556710891813516,standard,304,1778619541,False,57.4,False,87.93969849246231,19.68174204355109,66.08040201005025,50.041876046901166,50.041876046901166,50.041876046901166,2,SVAG,-8,UPPTREND,False,0,0.0,LÅG,EJ AKTUELL,-6.9,0.875,EXTREME_EARNINGS_GROWTH;,2026-08-12,0,True
2382.TW,Quanta Computer Inc.,Technology,Computer Hardware,Taiwan,TWD,1221656483200.0,-14.186464499999996,-6.11203675,1.02,0.3183856750000005,0.49919796,0.566,-2.7510000000000012,0.23496000250000001,-0.016560000000000002,-0.13055249699999996,-0.13836998900000003,-0.325809997,0.502,-0.21600000000000003,0.087,216.85525,-0.6689999999999997,0.669,-151582734336.0,268589678592.0,492037177344.0,1384059633664.0,1343111743000.0,,2123689447000.0,,,87396109000.0,,74987700000.0,-10364961000.0,5.23,0.6771,15.6,4.94,15.6,1784160000.0,0.674,420.06615288823633,242.16141303850586,298.0,390.94736,1.61111,19.0,,,0.31611001,0.34627998,False,False,,0.5,32252149.0,27431205.0,0.58,,,,,,0.4863,43.0,,,False,0.2711271400368333,,0.949,Asia,True,,33.28530617872248,,57.919412302372244,30.633028304867707,19.083969465648856,67.52941176470588,13.409961685823754,50.0,,50.0,42.54859298733447,standard,305,253850662,False,47.3,False,36.97654941373534,10.636515912897822,93.21608040201005,50.041876046901166,50.041876046901166,50.041876046901166,1,SVAG,-8,UPPTREND,False,1,0.14285714285714285,LÅG,EJ AKTUELL,-1.0,0.875,SUSPICIOUS_FWD_PE;,2026-08-12,0,True
HDFCBANK.NS,HDFC Bank Limited,Financial Services,Banks - Regional,India,INR,11264177356850.0,-19.153923,-24.382408499999997,0.89,-7.040455775,3.8188257,5.006,,-0.008194999999999994,0.0010749999999999996,-0.007440000000000002,-0.055517495,-0.19669000999999997,0.07150000000000001,-0.020500000000000018,0.184,,,,,2377666265088.0,5658713784320.0,14766148943872.0,52621193200000.0,,1925667800000.0,,,,,704793400000.0,1118559900000.0,1.77,0.24040002,13.0,1.06,13.0,1781827200.0,0.414,1003.8961237048558,714.8271607333363,731.0,1025.2,1.2,40.0,,,0.00153,0.61059,False,False,,0.5,35664037.0,31598466.0,0.62,-9.81,-3.31,,,-19.96,0.27,33.5,-5.34,,False,0.24265818468822029,,0.739,India,True,,41.83599775932173,16.259796607844144,54.753681953370176,73.6380548302872,9.16030534351145,67.52941176470588,,50.0,,50.0,42.54382101475641,standard,306,242130799,False,37.7,False,36.97654941373534,2.554438860971524,37.10217755443886,50.041876046901166,50.041876046901166,50.041876046901166,0,SVAG,-8,VARNING,False,2,0.2857142857142857,LÅG,EJ AKTUELL,-11.1,0.75,SUSPICIOUS_FWD_PE;,2026-08-12,0,True
EQR,Equity Residential,Real Estate,REIT - Residential,United States,USD,25147521397.206047,-3.963643000000001,15.17591525,16.1,-6.721954275000001,8.286359,10.886,-3.6995,-0.04336498350000001,-0.010330001000000002,0.033150002499999984,-0.088045015,0.13231001000000003,-0.0435,-0.4455,-0.407,-23.070500000000003,-0.5820000000000001,0.032,-53201280.0,36405000.0,8565499904.0,34065371136.0,20746023000.0,,3093959000.0,,,869752000.0,,1120089000.0,1648763000.0,4.21,1.2133,2.81,3.85,0.703,1782691200.0,0.749,71.5,56.29633650395025,67.06999969482422,73.05,2.35,18.0,3.41,0.0308,0.0059100003,0.98848,False,False,,0.797,3044682.0,2839330.0,0.7,-5.58,0.5,,,-6.16,0.1999,36.3,-2.15,,False,0.22870754759720585,,0.0,US,True,,45.34696914664799,36.594296101936166,10.101689687276268,56.08635867245403,78.2442748091603,29.64705882352941,42.911877394636015,50.0,54.59770114942529,79.7,42.505260398708074,standard,307,190433862,False,58.2,False,86.09715242881072,79.39698492462311,14.824120603015075,50.041876046901166,50.041876046901166,50.041876046901166,3,SVAG,-8,VARNING,False,0,0.0,LÅG,EJ AKTUELL,-1.9,0.875,,2026-08-12,0,True
VIG.VI,VIENNA INSURANCE GROUP AG,Financial Services,Insurance - Diversified,Austria,EUR,,-4.1824699999999995,-4.134697125000001,1.21,-4.0626108,,-0.155,-14.642000000000001,-0.080875006,-0.0053649990000000005,-0.21341124850000004,-0.3081187475,-0.27631999,-0.011499999999999996,0.4305,0.632,-31.928250000000002,0.07150000000000023,1.371,-74322688.0,13896567808.0,2414864896.0,-2143596032.0,,,14781083000.0,,,,,834866000.0,842256000.0,2.36,0.2399,1.73,4.14,1.73,1779753600.0,0.444,74.69999694824219,41.85729612700173,,69.375,,4.0,,,0.72,0.106879994,False,False,,0.5,43115.0,49093.0,1.5444076061358871,,,,,,0.30654321645541677,93.87756849714988,,,True,,,0.5,Europe,True,,20.718575327166253,,58.02784934871625,62.68659122028017,,67.52941176470588,,50.0,,50.0,42.48739875920814,standard,308,,True,46.8,False,36.97654941373534,50.041876046901166,50.041876046901166,50.041876046901166,50.041876046901166,50.041876046901166,5,NEUTRAL,0,UPPTREND,False,2,0.2857142857142857,LÅG,EJ AKTUELL,-0.0,0.875,SUSPICIOUS_FWD_PE;,2026-08-12,0,True
MDGL,"Madrigal Pharmaceuticals, Inc.",Healthcare,Biotechnology,United States,USD,11784028622.462952,,31.790380499999998,,11.745156950000002,9.178021,8.796,-53.107000000000006,-0.7162424620000001,-0.248605001,-0.36653500350000007,-0.337385005,0.42371996,0.625,,,-1.8065000000000015,1.434,2.755,-1556820936.0,838753024.0,347751008.0,11293026304.0,1259589000.0,,958403000.0,,,-300097000.0,,-288284000.0,-189553000.0,,0.0,,,,,-1.003,615.0,339.30999755859375,510.0400085449219,678.0625,1.29412,16.0,4.8,0.105,0.05874,1.06442,False,False,,0.28,362704.0,502710.0,0.39,-1.27,3.88,,,-6.25,0.4619,47.9,2.82,,False,0.32669978883003636,,0.491,US,True,,21.030970512604394,40.40789902419783,55.83710407239819,69.15133209160001,85.1145038167939,12.352941176470589,11.11111111111111,50.0,18.96551724137931,28.000000000000004,42.46526571788529,standard,309,256402213,False,46.7,False,36.97654941373534,87.26968174204355,12.479061976549414,50.041876046901166,50.041876046901166,50.041876046901166,3,SVAG,-8,UPPTREND,False,1,0.14285714285714285,LÅG,EJ AKTUELL,-9.0,0.75,EXTREME_EARNINGS_GROWTH;,2026-08-12,0,True
RBLX,Roblox Corporation,Communication Services,Electronic Gaming & Multimedia,United States,USD,25319035629.9169,,-50.415656999999996,8.18,166.870812,4.7482233,4.537,-45.627,-4.5474499999999995,-0.14068999600000004,-0.29161499949999997,-0.315694995,-0.23430998999999997,0.298,,,1340.902,-0.247,0.645,0.0,3014000128.0,1836000000.0,25795266560.0,9557118000.0,,4890551000.0,,,-1232342000.0,,-1065057000.0,1796358000.0,,0.0,,,,,1.457,142.0,33.880001068115234,37.790000915527344,51.02943,2.16667,35.0,2.77,0.045300003,0.054920003,0.82663,False,False,,0.689,11928925.0,20575250.0,1.3631501355029556,-33.03,-15.61,-37.61,,-0.7338732329892441,0.6719661109481075,21.285297632762635,-0.21294770668030827,-0.43955697153927753,False,0.19218934281725306,,1.0,US,True,,8.467388804602775,30.079336496993545,91.51432880844646,16.384104081089617,77.86259541984732,12.352941176470589,47.31800766283525,50.0,38.793103448275865,68.89999999999999,42.293203055647176,standard,310,777538716,False,60.6,False,87.01842546063652,79.22948073701842,29.64824120603015,50.041876046901166,50.041876046901166,50.041876046901166,3,SVAG,-8,NEDTREND,True,1,0.14285714285714285,LÅG,EJ AKTUELL,4.3,0.75,EXTREME_EARNINGS_GROWTH;SUSPICIOUS_FWD_PE;,2026-08-12,0,True
086790.KS,Hana Financial Group Inc.,Financial Services,Banks - Regional,South Korea,KRW,36136945709700.0,,-2.4982349999999984,4.79,,2.7891076,3.441,,-0.028230002499999997,-0.003519999999999999,0.0,0.07796253050000003,-0.38651,-0.026499999999999996,-0.15350000000000003,0.017,,,,,125112523161600.0,130695754153984.0,44580661624832.0,674590676000000.0,,14390802000000.0,,,,,4002882000000.0,-1962471000000.0,3.43,0.2851,4620.0,6.29,1155.0,1786060800.0,0.696,141265.283203125,77487.40787960123,134700.0,162809.53,1.38095,21.0,,,0.01485,0.60091996,False,False,,0.5,947335.0,796596.0,1.04,,,,,,0.4681,55.2,,,True,0.8062769030104244,,0.502,Asia,True,,43.861737753749,,31.513916715481116,45.603785900783286,4.961832061068702,67.52941176470588,,50.0,,50.0,42.262184185959775,standard,311,78330081,False,40.5,False,36.97654941373534,2.554438860971524,55.44388609715243,50.041876046901166,50.041876046901166,50.041876046901166,1,SVAG,-8,UPPTREND,False,1,0.14285714285714285,LÅG,EJ AKTUELL,0.1,0.5,SUSPICIOUS_FWD_PE;,2026-08-12,0,True
VTR,"Ventas, Inc.",Real Estate,REIT - Healthcare Facilities,United States,USD,47888672389.31761,133.71600500000005,86.16694125000001,1.72,-5.848118275,7.460471,9.53,3.975500000000001,-0.10348498750000001,-0.01533,-0.20565999750000002,-0.218765005,-0.09134997,0.1525,-0.1135,0.034,-16.821500000000007,-0.41400000000000026,0.261,10498816.0,198956000.0,12918999040.0,61170950144.0,27591945000.0,,5833980000.0,,,857524000.0,,251381000.0,1646726000.0,2.17,3.6364002,2.0,3.31,0.52,1782777600.0,0.731,101.5999984741211,64.72177628418035,93.36000061035156,100.63636,1.6087,22.0,5.88,0.0553,0.00504,1.01539,False,False,,0.806,3957969.0,3943350.0,0.54,-4.12,0.65,,,-11.88,0.2511,32.1,-0.91,,False,0.3730111682634091,,0.671,US,True,57.30633579457511,21.735115101233127,27.53082608770215,46.674591232076615,53.53530347629897,65.64885496183206,29.64705882352941,48.65900383141762,50.0,29.88505747126437,90.60000000000001,42.233389171559125,standard,312,368151158,False,56.1,False,81.32328308207704,71.77554438860972,16.582914572864322,50.041876046901166,50.041876046901166,50.041876046901166,3,SVAG,-8,VARNING,False,0,0.0,LÅG,EJ AKTUELL,1.4,0.875,,2026-08-12,0,True
7167.T,"Mebuki Financial Group,Inc.",Financial Services,Banks - Regional,Japan,JPY,1482912913660.0,-1.8072869999999988,15.350607499999999,,-2.2073580000000006,3.9274862,0.785,,-0.134400005,-0.074309996,-0.023770020000000003,0.0,-0.3888400000000001,0.3325,0.37949999999999995,0.553,,,,,3227891007488.0,2041266044928.0,296312700928.0,21173586000000.0,,341887000000.0,,,,,84163000000.0,-1119492000000.0,2.78,0.3145,44.0,2.86,22.0,1790640000.0,,1636.5,804.266009052077,1580.0,1538.0,2.2,5.0,,,0.05113,0.39632,False,False,,0.5,2772889.0,3141400.0,0.67,,,,,,0.3844,62.9,,,True,0.8706530336868721,,1.0,Japan,True,,25.30054661427604,,85.43024734067389,38.5,18.3206106870229,67.52941176470588,,50.0,,50.0,42.196770929726,standard,313,31151383,False,38.6,False,36.97654941373534,9.631490787269682,36.26465661641541,50.041876046901166,50.041876046901166,50.041876046901166,4,NEUTRAL,0,UPPTREND,False,2,0.2857142857142857,LÅG,EJ AKTUELL,19.1,0.625,,2026-08-12,0,True
058470.KQ,LEENO Industrial Inc.,Technology,Semiconductor Equipment & Materials,South Korea,KRW,4986340920000.0,,-1.2686147500000011,,,33.240814,5.64,-6.442,-0.023199985000000006,0.04616999999999999,0.1834100045,0.19112500949999997,-0.08975995999999997,-0.194,-0.511,-0.236,,5.9590000000000005,7.192,12911827328.0,146558238720.0,0.0,846032076800.0,791928165320.0,,372534084600.0,,,176997188360.0,,151960670400.0,179468846370.0,1.22,0.32569999,800.0,1.45,800.0,1766966400.0,0.321,129000.0,43522.58424831081,65700.0,119461.54,1.76923,13.0,,,0.25483,0.35564998,False,False,,0.5,1151460.0,650617.0,0.6635208476632538,-5.06,-42.11,-37.96,,-0.4906976744186047,0.7160926802713994,46.15384615384615,-0.18202191235059761,-0.22067567109332387,True,0.4068431693037463,,1.0,US,True,,66.36586082190257,28.316375820620305,28.413421920940408,64.05289839406186,11.450381679389313,67.52941176470588,73.5632183908046,50.0,,50.0,42.10771433529459,standard,314,31204242,False,42.2,False,75.62814070351759,2.554438860971524,2.554438860971524,50.041876046901166,50.041876046901166,50.041876046901166,4,NEUTRAL,0,NEDTREND,True,3,0.42857142857142855,LÅG,EJ AKTUELL,-13.6,0.5,SUSPICIOUS_FWD_PE;,2026-08-12,0,True
AFRM,"Affirm Holdings, Inc.",Financial Services,Credit Services,United States,USD,22150424525.25,49.48110749999999,3.1556549999999994,0.7682,-2.993578850000001,6.3454285,8.189,38.693,-0.07912998600000001,-0.011639999000000002,-0.16745749850000002,-0.29373247,-0.007359989999999983,0.2315,35.091499999999996,35.698,163.07049999999998,11.949499999999999,9.572,-1175269312.0,1768999040.0,9090749440.0,32522866688.0,11154929000.0,,3224412000.0,,,337993000.0,,52186000.0,793909000.0,,0.0,,,,,3.616,100.0,42.095001220703125,75.25,90.77,1.67647,30.0,3.78,0.0573,0.043509997,0.88421,False,False,,0.49,4303116.0,2941750.0,0.8589636690269236,-10.18,11.71,26.64,,-0.24750000000000005,0.6085913818004691,49.864917588686936,0.003902208187639866,0.1357620513621236,True,0.4728919532442936,,0.31,US,True,23.671310040344064,26.01444275872216,79.43652712752883,73.01852791195854,35.29723541101927,80.53435114503816,12.352941176470589,26.436781609195403,50.0,28.735632183908045,49.0,41.92622379866185,standard,315,221366688,False,47.1,False,36.97654941373534,80.98827470686767,21.1892797319933,50.041876046901166,50.041876046901166,50.041876046901166,3,SVAG,-8,UPPTREND,False,2,0.2857142857142857,LÅG,EJ AKTUELL,-4.5,0.875,,2026-08-12,0,True
MELI,"MercadoLibre, Inc.",Consumer Cyclical,Internet Retail,Uruguay,USD,92303157462.86426,20.7872415,10.627431500000004,1.185,1.3362721499999992,2.6235905,2.835,6.673500000000001,0.072420015,-0.032280003000000015,-0.030715000499999992,-0.03745999500000001,-0.013559989999999966,0.423,-0.212,-0.109,82.173,-0.1525000000000002,0.399,-1113979680.0,5729999872.0,13176000512.0,99749158912.0,42667000000.0,,28893000000.0,,,3201000000.0,,1997000000.0,12116000000.0,,0.0,,0.34,0.15,1514419200.0,1.312,2548.5,1495.0,1820.68994140625,2229.4583,1.58333,24.0,2.18,0.0191,0.06962,0.81991,False,False,,0.483,518132.0,496230.0,1.1660936573799645,0.71,-2.64,-10.52,,-0.2855836996640181,0.4010851899826263,48.015951180171776,0.04174793158399992,-0.035337361058185635,False,0.3032358502668637,,0.462,US,True,44.025272132145844,41.65067113180321,43.92092972738134,34.89102988576005,37.110715562688135,51.14503816793893,12.352941176470589,36.7816091954023,50.0,76.72413793103449,48.3,41.908966930406415,standard,316,903480970,False,44.4,False,36.97654941373534,26.800670016750416,57.6214405360134,50.041876046901166,50.041876046901166,50.041876046901166,2,SVAG,-8,NEDTREND,True,0,0.0,LÅG,EJ AKTUELL,-12.0,0.875,,2026-08-12,0,True
ONCO.ST,Oncopeptides AB (publ),Healthcare,Biotechnology,Sweden,SEK,,,-21.549405100000005,,0.4548670999999991,7.3398824,6.811,-19.575,-6.430182202000001,-0.6325600010000001,-2.8110001,-1.7393224350000003,0.5559299700000002,0.8260000000000001,,,132.32187499999998,2.7349999999999994,4.383,-987968008.0,205154000.0,138802000.0,566897792.0,135399000.0,,71118000.0,,,-225888000.0,,-249585000.0,-222884000.0,,0.0,,,,,-1.328,6.550000190734863,1.2549999952316284,,2.5,,3.0,,,0.09047,0.09178001,False,False,,0.5,5460432.0,1118934.0,1.573064487762438,,,,,,0.8936121400010253,49.834995314244615,,,True,,,0.5,Nordic,True,,21.037504858761384,,63.568627450980394,56.89614238080192,,12.352941176470589,,50.0,,50.0,41.8876112520518,standard,317,,True,41.8,False,36.97654941373534,50.041876046901166,17.001675041876048,50.041876046901166,50.041876046901166,50.041876046901166,3,SVAG,-8,UPPTREND,False,1,0.14285714285714285,LÅG,EJ AKTUELL,-11.1,0.75,EXTREME_EARNINGS_GROWTH;SUSPICIOUS_FWD_PE;,2026-08-12,0,True
GLE.PA,SOCIETE GENERALE,Financial Services,Banks - Regional,France,EUR,,-4.253946,-4.054268125,2.2554,-4.541809799999999,2.3722198,-11.219,,-0.109935006,-0.018014999999999996,-0.027271251500000024,-0.042288772500000016,-0.42923000000000006,-0.0535,0.14749999999999996,0.233,,,,,716831981568.0,354253012992.0,-292309893120.0,1546641000000.0,,52597000000.0,,,,,6002000000.0,-19648000000.0,2.08,0.2116,1.75,4.39,0.75,1791158400.0,0.98,84.81999969482422,49.62578832767927,,85.9465,1.85,20.0,,,0.09324,0.50714,False,False,,0.5,1663504.0,1612142.0,0.8419766039044642,,,,,,0.35024998293911846,78.13957820917436,,,True,,,1.0,Europe,True,,25.87742134309778,,59.722683719179685,43.92656657963447,,67.52941176470588,,50.0,,50.0,41.831173004085585,standard,318,,True,48.4,False,36.97654941373534,50.041876046901166,61.13902847571189,50.041876046901166,50.041876046901166,50.041876046901166,2,SVAG,-8,UPPTREND,False,1,0.14285714285714285,LÅG,EJ AKTUELL,-8.9,0.75,SUSPICIOUS_FWD_PE;,2026-08-12,0,True
ALLY,Ally Financial Inc.,Financial Services,Credit Services,United States,USD,13299610949.297516,-9.834632500000001,-10.284167,0.4769,-8.668287580000001,1.6839213,3.847,,-0.09718999000000002,-0.021550000400000005,-0.0796474985,-0.12615249,-0.49104999000000005,0.0155,-0.0665,0.165,,,,,7840000000.0,23082999808.0,30387449856.0,196002000000.0,,8770000000.0,,,,,852000000.0,3729000000.0,2.72,0.2824,1.2,3.2,0.3,1785456000.0,1.08,46.96371326279068,35.431078677871085,43.720001220703125,53.7,1.66667,17.0,4.47,0.0433,0.10303,0.87567,False,False,,0.717,3175972.0,2744560.0,0.18,-1.83,3.93,,,-5.77,0.316,49.1,-0.15,,True,0.36621846290629034,,0.794,US,True,,17.732502231699343,42.23624187546089,49.340181151115374,44.48368146214099,83.96946564885496,67.52941176470588,,50.0,40.229885057471265,71.7,41.72202730631503,standard,319,119992167,False,55.2,False,36.97654941373534,85.84589614740369,70.60301507537689,50.041876046901166,50.041876046901166,50.041876046901166,1,SVAG,-8,VARNING,False,1,0.14285714285714285,LÅG,EJ AKTUELL,-1.6,0.75,SUSPICIOUS_FWD_PE;,2026-08-12,0,True
RADL3.SA,Raia Drogasil S.A.,Healthcare,Pharmaceutical Retailers,Brazil,BRL,,2.518615999999999,1.6711790000000004,0.27,0.0,0.77233255,0.945,-0.7620000000000005,-0.032802511999999985,0.0,-0.13547000799999998,-0.16730001,0.0,-0.06599999999999999,,0.135,41.627999999999986,-0.6860000000000002,0.475,-2727226880.0,652950016.0,8593035264.0,43269758976.0,25170475000.0,,44250449000.0,,,2648975000.0,,1296861000.0,1509470000.0,2.19,0.5089,0.44,1.19,0.115582,1783296000.0,,27.12717517771307,16.042494761209994,,25.38667,1.86667,15.0,,,0.25069,0.56241,False,False,,0.5,11064800.0,9565630.0,0.7524204760879442,,,,,,0.3457832923134756,65.54455505377018,,,True,,,0.629,LatAm,True,,35.0771688612917,,38.11992883938586,40.60668789808917,,67.52941176470588,21.839080459770116,50.0,,50.0,41.72104267329527,standard,320,,True,52.3,False,36.97654941373534,50.041876046901166,87.1859296482412,50.041876046901166,50.041876046901166,50.041876046901166,3,SVAG,-8,UPPTREND,False,1,0.14285714285714285,LÅG,EJ AKTUELL,-6.1,0.75,EXTREME_EARNINGS_GROWTH;SUSPICIOUS_FWD_PE;,2026-08-12,0,True
TTWO,"Take-Two Interactive Software, Inc.",Communication Services,Electronic Gaming & Multimedia,United States,USD,46090679199.5,,5.060559999999997,3.355,2.469807,6.924266,6.63,40.921,-0.33027999499999994,-0.06876999600000001,-0.16034499950000003,-0.15967499500000001,0.08566000999999995,0.0,,,1.9060000000000006,0.16800000000000004,1.1,-28567168.0,1989299968.0,2958299904.0,44130930688.0,9383200000.0,,6656400000.0,,,-108600000.0,,-298200000.0,624300000.0,,0.0,,,0.001,,0.983,265.94000244140625,187.6300048828125,246.5,284.13965,1.17241,29.0,2.59,0.045900002,0.0178,0.96629,False,False,,0.782,2607740.0,2449870.0,0.36,5.16,10.31,,,-3.53,0.3435,61.6,5.4,,False,0.7897984200913453,,0.325,US,True,36.614396995762604,22.15489470607897,57.24734612680283,26.126696832579185,60.34905040661223,67.55725190839695,12.352941176470589,45.21072796934866,50.0,37.93103448275862,78.2,41.68557101800936,standard,321,603892955,False,56.5,False,81.15577889447236,72.44556113902848,18.76046901172529,50.041876046901166,50.041876046901166,50.041876046901166,3,SVAG,-8,UPPTREND,False,1,0.14285714285714285,LÅG,EJ AKTUELL,-2.9,0.75,EXTREME_EARNINGS_GROWTH;,2026-08-12,0,True
NTRA,"Natera, Inc.",Healthcare,Diagnostics & Research,United States,USD,46428838036.786194,,-2366.9876894999998,,15.169836949999997,18.564651,14.858,-156.808,-0.3333624919999999,-0.16133500100000003,-0.2038250035,-0.306695009,0.15961005,0.30100000000000005,,,-54.67350000000002,1.188,2.697,-1339436432.0,1087932032.0,240080992.0,37158645760.0,2398344000.0,,2306113000.0,,,-309911000.0,,-208160000.0,215301000.0,,0.0,,,,,1.514,323.010009765625,149.375,322.1000061035156,292.38095,1.5,21.0,2.87,0.0357,0.028859999,0.96025,False,False,,0.602,1475993.0,1462710.0,0.6,,,,,,0.587,74.6,,,True,1.4301904229208608,,0.503,US,True,,19.609582954625104,,65.70663650075414,36.11843724534766,66.79389312977099,12.352941176470589,27.203065134099617,50.0,48.275862068965516,60.199999999999996,41.6715980831849,standard,322,471138900,False,43.0,False,36.97654941373534,72.19430485762143,2.554438860971524,50.041876046901166,50.041876046901166,50.041876046901166,1,SVAG,-8,UPPTREND,False,1,0.14285714285714285,LÅG,EJ AKTUELL,-1.4,0.75,EXTREME_EARNINGS_GROWTH;SUSPICIOUS_FWD_PE;,2026-08-12,0,True
2308.TW,"Delta Electronics, Inc.",Technology,Electronic Components,Taiwan,TWD,4285946492850.0,31.26022750000001,8.87471325,1.4076,9.374576275,6.548034,6.463,13.008999999999999,0.16619000250000002,0.05172999399999999,-0.037182496999999946,0.0,-0.03116000000000002,0.31299999999999994,0.529,0.802,13.85325,-0.24099999999999977,1.117,-2601388032.0,186170556416.0,74292715520.0,4230582370304.0,639618600000.0,,554885168000.0,,,84350955000.0,,60108399000.0,98474281000.0,0.7,0.2588,11.6,1.87,11.6,1781654400.0,1.497,2571.553237672836,614.7852863538322,1650.0,2440.0908,1.36364,22.0,,,0.25931,0.38261002,False,False,,0.5,11472362.0,16397324.0,1.1,-2.7,-15.8,,,-28.0,0.6789,45.8,-6.96,,True,0.3542135934095983,,0.452,Asia,True,45.02829159371748,58.20148204531986,7.469859889214728,67.86305248755585,36.13896846052785,13.740458015267176,67.52941176470588,45.593869731800766,50.0,,50.0,41.45072189284226,standard,323,840183353,False,46.4,False,79.64824120603015,5.8626465661641545,20.268006700167504,50.041876046901166,50.041876046901166,50.041876046901166,6,NEUTRAL,0,VARNING,False,2,0.2857142857142857,LÅG,EJ AKTUELL,9.0,0.875,,2026-08-12,0,True
NESN.SW,Nestlé S.A.,Consumer Defensive,Packaged Foods,Switzerland,CHF,208889983845.06226,5.582604749999997,0.2850673749999988,2.2182,0.5427846750000003,2.3530269,2.996,-1.0479999999999983,0.02750499900000001,-4.4999999999998166e-05,-0.014208752500000005,-0.0038412775000000177,0.027789979999999992,-0.0635,-0.367,-0.315,100.68424999999996,-0.011999999999999678,0.384,3579750016.0,6134000128.0,62845001728.0,265938337792.0,127151000000.0,,89885000000.0,,,13981000000.0,,9033000000.0,15904000000.0,3.82,1.0727,3.1,3.12,3.1,1776643200.0,0.499,87.08999633789062,67.53248258631847,81.20999908447266,88.87273,2.18182,22.0,,,0.00018999999,0.47078,False,False,,0.5,3601231.0,2871819.0,0.86,-4.22,4.26,,,-6.45,0.2391,38.8,-1.16,,False,0.32829631904479756,,0.5,Europe,True,,50.615834609210765,40.26384387165372,16.719745124922532,61.82280354559212,35.87786259541985,29.64705882352941,70.49808429118774,50.0,,50.0,41.427320039925135,standard,324,287061711,False,55.6,False,84.25460636515912,18.67671691792295,61.30653266331658,50.041876046901166,50.041876046901166,50.041876046901166,3,SVAG,-8,VARNING,False,1,0.14285714285714285,LÅG,EJ AKTUELL,-7.0,0.875,SUSPICIOUS_FWD_PE;,2026-08-12,0,True
VACN.SW,VAT Group AG,Industrials,Specialty Industrial Machinery,Switzerland,CHF,,62.93242200000001,17.226325124999995,3.0377,16.942098999999995,18.468199,18.721,50.729499999999994,0.07760499600000001,0.042005,0.08734125150000001,0.038868722499999966,0.18471000000000004,-0.176,-0.177,-0.064,-14.069749999999996,1.1800000000000004,1.209,-621437712.0,116551000.0,396896000.0,19234514944.0,1262878000.0,,1073516000.0,,,261817000.0,,214280000.0,299172000.0,1.1,1.013,7.0,1.65,7.0,1777507200.0,1.544,727.2000122070312,254.3879610883726,,699.94446,2.27778,18.0,,,0.100889996,0.45297,False,False,,0.5,77516.0,80911.0,0.6299443286185595,,,,,,0.45234891087925283,42.9708253587839,,,False,,,0.5,Europe,True,23.82025322879399,70.19390730149462,,18.61685930686317,40.287301890871596,,29.64705882352941,28.35249042145594,50.0,,50.0,41.34804879188156,standard,325,,True,40.0,False,36.97654941373534,50.041876046901166,5.108877721943048,50.041876046901166,50.041876046901166,50.041876046901166,3,SVAG,-8,UPPTREND,False,1,0.14285714285714285,LÅG,EJ AKTUELL,-4.5,0.875,,2026-08-12,0,True
FER.MC,Ferrovial N.V.,Industrials,Engineering & Construction,Netherlands,EUR,,40.405547000000006,27.883361124999993,4.6242,0.2466949999999999,4.1942334,5.054,11.687499999999998,-0.10711500399999999,-0.034425000000000004,-0.0531387485,-0.07095128250000002,0.44215999999999994,-0.041,-0.632,-0.522,72.07724999999999,0.0,1.087,95125056.0,3864000000.0,10657000448.0,49830141952.0,27420000000.0,,9627000000.0,,,967000000.0,,888000000.0,1926000000.0,2.5,1.3394,1.43,2.06,0.5578,1779062400.0,0.795,62.92955387144173,44.61873000313493,,62.38864,2.13636,22.0,,,0.34994,0.45883,False,False,,0.5,1086745.0,869802.0,0.7238809610988616,,,,,,0.21392804401002372,59.43662789104572,,,True,,,0.5,Europe,True,50.78962726142448,37.82634511658999,,16.259105662758678,61.837995376760745,,29.64705882352941,53.25670498084292,50.0,,50.0,41.224662503689686,standard,326,,True,44.4,False,36.97654941373534,50.041876046901166,34.08710217755444,50.041876046901166,50.041876046901166,50.041876046901166,3,SVAG,-8,UPPTREND,False,1,0.14285714285714285,LÅG,EJ AKTUELL,-6.7,0.875,,2026-08-12,0,True
CMG,"Chipotle Mexican Grill, Inc.",Consumer Cyclical,Restaurants,United States,USD,41493057378.52478,2.2701845000000027,3.2197575000000036,1.8204,8.453066149999998,3.3398151,3.721,1.3675000000000006,0.292980025,0.05536999699999999,0.0305850015,0.056460004999999994,-0.09743001000000001,0.018000000000000002,-0.11599999999999999,-0.075,160.333,-0.5585000000000002,0.592,-359890304.0,677857024.0,5419195904.0,46234394624.0,,,,,,,,,,,0.0,,,,,0.937,44.27000045776367,28.040000915527344,32.790000915527344,44.04839,1.64706,31.0,2.57,0.045300003,0.00721,0.93311,False,False,,0.5,19853806.0,22474890.0,0.35,-12.52,-2.45,,,-17.69,0.4334,48.9,-3.33,,False,0.2908692653666843,,0.5,US,True,54.69412093070463,65.1312517269964,18.455780212995833,30.947252100436074,31.13469757695698,69.46564885496184,12.352941176470589,37.547892720306514,50.0,38.793103448275865,50.0,41.1464963392926,standard,327,736951664,False,59.0,False,77.05192629815745,73.36683417085426,41.62479061976549,50.041876046901166,50.041876046901166,50.041876046901166,3,SVAG,-8,VARNING,False,1,0.14285714285714285,LÅG,EJ AKTUELL,-8.7,0.875,,2026-08-12,0,True
LLOY.L,Lloyds Banking Group plc,Financial Services,Banks - Regional,United Kingdom,GBp,,2.1036239999999964,-1.1277460000000001,0.774,-2.931913980000001,3.4015672,3.295,,-0.07737997499999999,-0.018360000000000005,-0.042932499000000054,-0.01812248499999998,-0.48334998000000007,0.028499999999999998,-0.024500000000000022,0.097,,,,,169778003968.0,167551991808.0,64879271936.0,944072000000.0,,20028000000.0,,,,,4659000000.0,5701000000.0,3.5,0.45630002,0.04,4.33,0.0158,1785974400.0,0.912,1514.150504744582,979.3274814331606,,120.05301,2.0,19.0,,,0.00074,0.5128,False,False,,0.5,156844191.0,148024702.0,1.3207719992134315,,,,,,0.2679124989610937,52.64107324914265,,,False,,,0.397,UK,True,,26.596684572397134,,35.78604929127085,58.543080939947785,,67.52941176470588,,50.0,,50.0,41.11137983631075,standard,328,,True,45.4,False,36.97654941373534,50.041876046901166,40.95477386934673,50.041876046901166,50.041876046901166,50.041876046901166,0,SVAG,-8,UPPTREND,False,1,0.14285714285714285,LÅG,EJ AKTUELL,-6.5,0.75,SUSPICIOUS_FWD_PE;,2026-08-12,0,True
CCI,Crown Castle Inc.,Real Estate,REIT - Specialty,United States,USD,33032828399.658203,-2.3950379999999996,-2.1437357499999994,0.9416,-18.964716275,7.938676,13.103,-1.4494999999999996,,0.01023,-0.039429997499999994,0.10140500499999999,0.24627000999999996,-0.1135,-0.7215,-0.677,,-0.18700000000000017,0.429,-440104704.0,1042000000.0,23403999232.0,54522175488.0,31518000000.0,,4264000000.0,,,2086000000.0,,444000000.0,3057000000.0,5.67,1.7347,4.25,4.92,1.063,1789430400.0,0.97,101.78363286420084,69.72000122070312,75.58999633789062,95.47,2.09091,20.0,2.61,0.0328,0.00099,1.01588,False,False,,0.803,4445454.0,5227670.0,0.41,-7.8,-17.87,,,-21.19,0.3379,44.1,-9.36,,True,0.3287039760536225,,1.0,US,True,,61.29177412422093,8.563349968273567,27.508228771375776,42.85223511998803,73.66412213740458,29.64705882352941,37.16475095785441,50.0,51.724137931034484,90.30000000000001,40.84927057503505,standard,329,395159556,False,55.2,False,76.38190954773869,75.54438860971524,15.326633165829145,50.041876046901166,50.041876046901166,50.041876046901166,2,SVAG,-8,VARNING,False,1,0.14285714285714285,LÅG,EJ AKTUELL,-3.2,0.625,SUSPICIOUS_FWD_PE;,2026-08-12,0,True
BEN,"Franklin Resources, Inc.",Financial Services,Asset Management,United States,USD,17157757483.279152,2.9353134999999995,-6.353671,0.4003,-8.193388650000003,1.8401517,2.222,-1.2850000000000001,-0.11512999000000002,-0.00264,-0.17657749850000004,-0.24907246000000002,-0.11397998999999998,0.04849999999999999,0.8654999999999999,0.858,-52.40350000000001,3.8935000000000004,1.114,-4467217280.0,2670299904.0,3572100096.0,20722057216.0,32368300000.0,,8770700000.0,,,1099800000.0,,524900000.0,1066100000.0,3.88,0.8912,1.32,4.8,0.33,1782691200.0,1.574,36.279998779296875,20.320359803040333,33.77000045776367,35.09091,2.81818,11.0,4.22,0.0513,0.49778998,0.53011,False,False,,0.706,4543680.0,5883010.0,0.63,2.1,7.31,,,-6.29,0.3134,55.6,2.1,,True,0.601318791586893,,1.0,US,True,,24.251407520175086,45.6882063418566,82.03242057394469,52.54957648024037,81.29770992366412,67.52941176470588,6.896551724137931,50.0,32.4712643678161,70.6,40.823681511602466,holding,330,198669250,False,54.5,False,36.97654941373534,82.99832495812394,68.42546063651591,50.041876046901166,50.041876046901166,50.041876046901166,5,NEUTRAL,0,UPPTREND,False,2,0.2857142857142857,LÅG,EJ AKTUELL,3.4,0.875,SUSPICIOUS_FWD_PE;,2026-08-12,0,True
ASRNL.AS,ASR Nederland N.V.,Financial Services,Insurance - Diversified,Netherlands,EUR,,17.524012000000006,-2.104746125,,-3.964728300000001,0.8550336,-3.126,-21.707,-0.147995006,0.005454999,-0.24197125150000004,-0.07344875249999999,0.09079996000000001,0.0005000000000000004,-0.7955,-0.593,174.43575,3.4895,4.738,195500032.0,92259000320.0,24227000320.0,-53523980288.0,142151000000.0,,13109000000.0,,,,,548000000.0,-569000000.0,4.81,1.4954,3.41,5.95,2.14,1779408000.0,0.506,71.27999877929688,54.0983680659077,,71.45385,,13.0,,,0.00022,0.89778,False,False,,0.5,430009.0,319519.0,0.7847262226229959,,,,,,0.1566544770999628,61.4785293375488,,,False,,,0.5,Europe,True,,34.204835821656374,,19.244024121410725,72.27526307146064,,29.64705882352941,,50.0,,50.0,40.757992840230685,standard,331,,True,52.2,False,36.97654941373534,50.041876046901166,85.92964824120602,50.041876046901166,50.041876046901166,50.041876046901166,3,SVAG,-8,UPPTREND,False,1,0.14285714285714285,LÅG,EJ AKTUELL,-19.0,0.875,SUSPICIOUS_FWD_PE;,2026-08-12,0,True
SOFI,"SoFi Technologies, Inc.",Financial Services,Credit Services,United States,USD,23739061471.191048,16.565177499999997,5.549479999999999,0.7834,-7.474961250000001,5.561532,5.621,,-0.12304999000000003,-0.0165500005,-0.11468749850000001,-0.20930247000000002,0.3462900099999999,0.3315,0.2365,0.61,-46.46550000000002,-0.4845,0.459,,3126236928.0,3405136896.0,23994841088.0,50660478000.0,,3613354000.0,,,,,481320000.0,-3742458000.0,,0.0,,,,,2.204,32.72999954223633,14.880000114440918,18.3799991607666,19.86842,2.73913,19.0,2.13,0.1461,0.01421,0.5705,False,False,,0.712,79361517.0,78231800.0,0.3,-3.45,12.64,,,-12.85,0.5501,55.4,2.61,,True,0.7841996759679876,,0.794,US,True,,32.669271715839365,42.71192399375761,76.35225600559173,16.15558530541651,80.1526717557252,12.352941176470589,,50.0,10.344827586206897,71.2,40.71546255731029,standard,332,1437900418,False,47.5,False,36.97654941373534,80.15075376884423,24.958123953098827,50.041876046901166,50.041876046901166,50.041876046901166,3,SVAG,-8,UPPTREND,False,1,0.14285714285714285,LÅG,EJ AKTUELL,-3.8,0.875,,2026-08-12,0,True
EG,"Everest Group, Ltd.",Financial Services,Insurance - Reinsurance,Bermuda,USD,14376991213.004333,-12.3701145,-10.8251425,0.97,-8.713022890000001,0.8545017,0.853,,-0.06827999000000001,-0.004130000000000002,-0.14998749850000004,-0.18754247000000002,-0.33823999000000005,-0.20750000000000002,-0.3165,-0.178,-53.94850000000001,-1.2045000000000001,0.241,588270336.0,3620000000.0,3588999936.0,14345991168.0,62514000000.0,,17218000000.0,,,,,1591000000.0,3068000000.0,2.16,0.1691,8.0,2.12,2.0,1781222400.0,0.279,401.07000732421875,298.7757447658431,374.9599914550781,406.46667,2.4375,15.0,3.67,0.0482,0.0083,1.06448,False,False,,0.717,412233.0,391710.0,0.15,-0.56,5.77,,,-7.26,0.2253,47.7,2.99,,False,0.42452482897216787,,0.378,US,True,,24.10671635782033,40.92902711323764,9.573283570896969,58.406218644847634,82.82442748091603,67.52941176470588,88.88888888888889,50.0,35.63218390804598,71.7,40.71533479068876,standard,333,146875578,False,72.5,True,97.52931323283082,84.67336683417085,86.01340033500837,50.041876046901166,50.041876046901166,50.041876046901166,4,NEUTRAL,0,UPPTREND,False,1,0.14285714285714285,LÅG,EJ AKTUELL,4.6,0.875,SUSPICIOUS_FWD_PE;,2026-08-12,0,True
AV.L,Aviva plc,Financial Services,Insurance - Diversified,United Kingdom,GBp,,15.117567999999995,0.0,1.7968,-2.512723180000001,0.7432506,0.57,-3.139750000000001,-0.08382997999999997,-0.018579999700000006,-0.27502249900000003,-0.35241248500000005,-0.29155997,0.27649999999999997,9.5935,4.65,29.1255,-0.01424999999999993,0.81,-1780437472.0,18200000512.0,12433000448.0,16351257600.0,395304000000.0,,57436000000.0,,,,,1033000000.0,-2563000000.0,5.53,1.3925,0.39,6.3,0.262,1774483200.0,0.624,9116.216245651245,7366.799689899607,,694.89197,2.28571,14.0,,,0.0062,0.70838,False,False,,0.5,8085288.0,8389023.0,0.9407246822445717,,,,,,0.2194298367469985,64.03868578127275,,,False,,,0.5,UK,True,,15.510285802337188,,78.50831791079833,68.18862358849844,,29.64705882352941,13.793103448275861,50.0,,50.0,40.672619262293864,standard,334,,True,52.4,False,36.97654941373534,50.041876046901166,87.85594639865997,50.041876046901166,50.041876046901166,50.041876046901166,2,SVAG,-8,UPPTREND,False,2,0.2857142857142857,LÅG,EJ AKTUELL,-8.4,0.875,SUSPICIOUS_FWD_PE;,2026-08-12,0,True
RHM.DE,Rheinmetall AG,Industrials,Aerospace & Defense,Germany,EUR,,21.754857,0.9470321250000016,0.6254,3.011115000000001,4.8451962,5.16,4.2415,0.031554995999999995,0.006744999999999992,-0.049928748499999995,-0.034241277500000014,0.10106996000000001,0.29200000000000004,-0.172,-0.053,-20.383749999999996,-0.19599999999999995,0.353,-135360000.0,255000000.0,2977999872.0,56961204224.0,16772000000.0,,9935000000.0,,,1702000000.0,,696000000.0,2287000000.0,0.99,0.357,11.5,1.29,11.5,1778630400.0,,1988.1273347929937,928.7999877929688,,1692.85,1.55,20.0,,,0.016490001,0.46662998,False,False,,0.5,258564.0,254708.0,0.1,15.26,1.94,,,-33.76,0.5349,75.9,3.97,,True,,,0.43,Europe,True,51.07812539646291,50.85618326987255,18.1783882972338,35.204716819618596,28.880573248407643,,67.52941176470588,40.61302681992337,50.0,,50.0,40.544368729867976,standard,335,,True,43.7,False,36.97654941373534,50.041876046901166,29.48073701842546,50.041876046901166,50.041876046901166,50.041876046901166,2,SVAG,-8,UPPTREND,False,1,0.14285714285714285,LÅG,EJ AKTUELL,,0.75,SUSPICIOUS_FWD_PE;,2026-08-12,0,True
COIN,"Coinbase Global, Inc.",Financial Services,Financial Data & Stock Exchanges,United States,USD,34222547075.081787,,33.520031,1.4032,-6.555749450000001,6.705329,6.354,42.096,-0.27246998999999994,-0.01786,-0.4271874985000001,-0.51808247,0.3670500099999999,-0.26749999999999996,,,-26.22650000000001,0.8305,1.276,1192098176.0,8788842496.0,6668290048.0,38404796416.0,29671832000.0,,7181325000.0,,,1456145000.0,,1260327000.0,2426383000.0,,0.0,,,,,3.361,402.1600036621094,139.11000061035156,153.60000610351562,195.51965,1.94118,29.0,3.23,0.113900006,0.01312,0.68221,False,False,,0.569,8464053.0,8535440.0,1.1199053734803277,-3.05,-20.4,5.12,,-0.6180624510025399,0.6794991835552229,46.17110435680267,-0.04477607782003701,-0.2605561801757028,False,0.3401501418807125,,0.188,US,True,65.91763720788613,25.284597422293125,43.800744938266156,4.500754147812971,29.274730726802037,72.90076335877863,12.352941176470589,87.35632183908046,50.0,15.517241379310345,56.89999999999999,40.54337448995709,standard,336,1311043636,False,60.2,False,93.63484087102178,75.37688442211056,19.765494137353436,50.041876046901166,50.041876046901166,50.041876046901166,3,SVAG,-8,NEDTREND,True,1,0.14285714285714285,LÅG,EJ AKTUELL,-13.6,0.75,EXTREME_EARNINGS_GROWTH;,2026-08-12,0,True
STAN.L,Standard Chartered PLC,Financial Services,Banks - Diversified,United Kingdom,GBp,,1.843631999999996,0.09260300000000043,1.0546,-3.0623980800000004,2.3306139,-7.175,,-0.09233997999999999,-0.018230000300000004,-0.04691247900000005,-0.05779248499999996,-0.48334998000000007,-0.0675,-0.1335,0.02,,,,,430344011776.0,230174998528.0,-149617131520.0,919955000000.0,,20553000000.0,,,,,5085000000.0,36841000000.0,2.34,0.29,0.51,2.2,0.204,1785974400.0,0.599,29273.472121028084,16652.711960388766,,2265.5664,2.35714,14.0,,,0.01195,0.7313,False,False,,0.5,7375045.0,7389779.0,2.962693246239452,,,,,,0.2996347529756107,55.90326181159721,,,False,,,0.786,UK,True,,24.18336024116835,,33.765438452766006,62.97584856396867,,67.52941176470588,,50.0,,50.0,40.53252226175184,standard,337,,True,48.5,False,36.97654941373534,50.041876046901166,61.725293132328304,50.041876046901166,50.041876046901166,50.041876046901166,0,SVAG,-8,UPPTREND,False,2,0.2857142857142857,LÅG,EJ AKTUELL,-12.5,0.75,SUSPICIOUS_FWD_PE;,2026-08-12,0,True
028260.KS,Samsung C&T Corporation,Industrials,Engineering & Construction,South Korea,KRW,54569391006500.0,,1.6192272500000016,,,1.3277438,1.446,-2.3615000000000004,-0.0619800005,-0.023140001000000004,-0.09594749699999996,-0.09143999450000001,-0.19832999,-0.018000000000000002,0.029999999999999985,0.152,-24.144,0.0,0.984,894824359936.0,6695283064832.0,4864112328704.0,59976903032832.0,86532745699420.0,,40742240967140.0,,,3307955495650.0,,2439114193250.0,3023741373860.0,0.83,0.17959999,2800.0,2.11,2800.0,1766966400.0,1.277,565000.0,153491.93623231133,336500.0,480555.56,1.38889,18.0,,,0.48700002,0.30735,False,False,,0.5,685198.0,560149.0,0.47312709360995314,-14.81,-16.91,11.61,,-0.404424778761062,0.737190175563131,53.754940711462446,-0.17631508089981152,0.07215125321630977,True,0.474523293734347,,1.0,Asia,True,,24.34742417580635,49.439916180153865,56.85676992690567,27.998901010571362,2.6717557251908395,67.52941176470588,72.41379310344827,50.0,,50.0,40.369323054243374,standard,338,137597801,False,55.3,False,83.91959798994975,2.554438860971524,76.21440536013401,50.041876046901166,50.041876046901166,50.041876046901166,5,NEUTRAL,0,VARNING,False,1,0.14285714285714285,LÅG,EJ AKTUELL,-1.7,0.625,SUSPICIOUS_FWD_PE;,2026-08-12,0,True
AEHR,"Aehr Test Systems, Inc.",Technology,Semiconductor Equipment & Materials,United States,USD,3362189771.5450287,,50.69021725,0.9,2.6678687250000004,67.242455,65.113,-307.88500000000005,-0.251119985,-0.11909000000000002,-0.2513399955,-0.20209499050000004,-0.13803999,0.17300000000000001,,,-56.13175000000001,8.729999999999999,7.602,-1478310063.0,116358000.0,9882000.0,3255713792.0,246694000.0,,50001000.0,,,-14143000.0,,-7126000.0,-3310000.0,,0.0,,,,,3.087,126.62000274658203,16.3799991607666,103.06999969482422,115.0,,3.0,2.0,0.15619999,0.04575,0.72253,False,False,,0.403,2497527.0,2320450.0,0.8,57.14,2.22,,,-8.32,1.4788,54.0,16.63,,True,0.8560055351347146,,0.556,US,True,,13.950513334294948,33.82294935775411,64.06938159879337,33.846088124262025,95.41984732824427,12.352941176470589,1.3409961685823755,50.0,8.620689655172415,40.300000000000004,40.34316220847305,standard,339,239168781,False,46.8,False,36.97654941373534,97.52931323283082,2.554438860971524,50.041876046901166,50.041876046901166,50.041876046901166,3,SVAG,-8,UPPTREND,False,1,0.14285714285714285,LÅG,EJ AKTUELL,4.5,0.75,EXTREME_EARNINGS_GROWTH;,2026-08-12,0,True
0003.HK,The Hong Kong and China Gas Company Limited,Utilities,Utilities - Regulated Gas,Hong Kong,HKD,127073714299.65367,5.848511000000001,7.309710250000004,2.83,0.029228180000000492,2.339083,3.537,3.5217499999999995,0.019205010500000015,0.009849998999999991,-0.08415499999999995,-0.10670498949999999,0.0,-0.10400000000000001,-0.062,0.02,-28.317500000000017,-0.3969999999999998,0.43,-50804581888.0,8012899840.0,61059100672.0,192158121984.0,163555100000.0,,54326300000.0,,,8132100000.0,,5688200000.0,10533000000.0,5.14,1.1589,0.35,4.96,0.23,1780444800.0,0.561,7.511074330032385,6.400000095367432,6.809999942779541,7.47778,2.09091,9.0,,,0.41854,0.13083,False,False,,0.5,27280820.0,27268850.0,1.7695194105802927,3.5,-5.05,-4.79,,-0.09333876306478006,0.15172700085831586,45.27026635178282,0.0033516652199863106,-0.026450785262353338,False,0.36725219747236126,,0.5,Asia,True,27.923676131029406,43.19481301516629,47.750943014100905,25.946921364880197,66.07731660873759,43.51145038167939,29.64705882352941,4.980842911877394,50.0,,50.0,40.129824354788695,standard,340,23665083,False,44.5,False,36.97654941373534,23.283082077051926,61.47403685092128,50.041876046901166,50.041876046901166,50.041876046901166,3,SVAG,-8,NEDTREND,True,1,0.14285714285714285,LÅG,EJ AKTUELL,-8.3,0.875,,2026-08-12,0,True
DBK.DE,Deutsche Bank Aktiengesellschaft,Financial Services,Banks - Regional,Germany,EUR,,-5.284579999999999,-4.7817261250000005,1.8412,-4.6143,2.0285676,-0.925,,-0.11555500599999999,-0.017755,-0.04682124150000001,-0.08886873249999999,-0.42923000000000006,-0.007500000000000007,-0.013500000000000012,0.097,,,,,636277030912.0,544725991424.0,-28175689728.0,1435067000000.0,,32099000000.0,,,,,6931000000.0,47064000000.0,3.06,0.3043,1.0,2.72,1.0,1780012800.0,0.99,33.28499984741211,22.97644509463702,,33.43139,2.44444,18.0,,,0.08712,0.54303,False,False,,0.5,5018320.0,4848934.0,0.8867711237977274,,,,,,0.31423395368617957,68.71283980030654,,,True,,,1.0,Europe,True,,22.38092920951211,,53.69585505222439,47.659921671018274,,67.52941176470588,,50.0,,50.0,40.11040094170352,standard,341,,True,49.0,False,36.97654941373534,50.041876046901166,65.15912897822446,50.041876046901166,50.041876046901166,50.041876046901166,1,SVAG,-8,UPPTREND,False,1,0.14285714285714285,LÅG,EJ AKTUELL,-11.3,0.75,SUSPICIOUS_FWD_PE;,2026-08-12,0,True
NAVI,Navient Corporation,Financial Services,Credit Services,United States,USD,853423899.1891766,,-7.392147000000001,0.13,-9.29195232,2.5939934,138.103,,-0.21855998999999998,-0.03025,-0.4491575085000001,-0.12286247,0.50895001,-0.10250000000000001,,,1822.7914999999998,6.270500000000001,7.601,,657000000.0,45200998400.0,45435871232.0,48681000000.0,,610000000.0,,,,,-80000000.0,441000000.0,7.06,2.0,0.64,4.31,0.16,1780617600.0,1.185,13.13069686187749,7.179060135004698,9.079999923706055,9.0625,3.25,8.0,9.03,0.24540001,0.02286,1.03498,False,False,,0.439,1148520.0,1313660.0,3.801509870547802,13.08,5.47,-5.62,,-0.3084906293078681,0.3964965651858977,56.321835615529885,0.08566317301511073,-0.05424499561543561,True,0.7918509171108776,,0.479,US,True,,28.707660709868662,54.280675621931984,14.143288084464555,41.548239468826395,96.94656488549617,29.64705882352941,,50.0,14.597701149425287,43.9,40.055397308478284,standard,342,11928033,False,55.1,False,36.97654941373534,97.52931323283082,58.040201005025125,50.041876046901166,50.041876046901166,50.041876046901166,1,SVAG,-8,NEDTREND,True,0,0.0,LÅG,EJ AKTUELL,-9.9,0.75,EXTREME_EARNINGS_GROWTH;SUSPICIOUS_FWD_PE;,2026-08-12,0,True
6871.T,"Micronics Japan Co., Ltd.",Technology,Semiconductor Equipment & Materials,Japan,JPY,531457565880.0,8.184714000000001,30.91611075,,0.7154295749999999,6.902584,6.745,-4.440250000000001,0.0,0.0,0.06771749300000002,-0.0025125305000000403,0.07986998000000001,0.094,0.7339999999999999,1.014,-2.6980000000000004,-0.7004999999999999,1.092,,13397000192.0,1300999936.0,519361560576.0,99026000000.0,,70173000000.0,,,16542000000.0,,12063000000.0,12903000000.0,0.69,0.3049,95.0,2.47,95.0,1766966400.0,1.632,18180.0,4190.132899571132,13710.0,12400.0,,2.0,,,0.18466,0.4041,False,False,,0.5,1276042.0,1392460.0,0.84,-16.83,-4.21,,,-21.3,0.9392,46.0,-8.11,,True,0.32986649818369895,,0.5,Japan,True,,55.558600427628924,14.795664625885339,68.87711812246908,8.555514903571646,22.519083969465647,67.52941176470588,,50.0,,50.0,40.04928818755172,standard,343,119816654,False,36.5,False,36.97654941373534,12.814070351758794,18.84422110552764,50.041876046901166,50.041876046901166,50.041876046901166,5,NEUTRAL,0,VARNING,False,2,0.2857142857142857,LÅG,EJ AKTUELL,7.9,0.875,,2026-08-12,0,True
0083.HK,Sino Land Company Limited,Real Estate,Real Estate - Development,Hong Kong,HKD,97682775284.42505,-1.367531999999998,-1.2057787499999986,0.34,-1.1843547949999993,10.267266,5.157,-2.9255000000000004,-0.025625001,-0.006839999999999999,0.09260752100000003,-0.0848999945,0.08636997999999996,0.28049999999999997,-0.2495,-0.158,-45.45949999999999,6.029999999999999,5.673,-47243406848.0,53209001984.0,5155999744.0,49059000320.0,183613000000.0,,8183000000.0,,,2647000000.0,,4019000000.0,3839000000.0,5.69,1.4146,0.58,6.12,0.15,1773273600.0,0.566,13.279999732971191,8.604995867075111,10.1899995803833,13.15,1.6,10.0,,,0.60333,0.11717,False,False,,0.5,8861157.0,5877985.0,1.09,-1.91,-20.73,,,-22.11,0.2452,33.0,-4.82,,False,-0.09715787122610824,,0.5,Asia,True,,49.361954117072536,6.146781910788702,36.16009546407681,81.7809227630784,49.23664122137404,29.64705882352941,,50.0,,50.0,40.01643065095444,standard,344,7633026,False,37.3,False,36.97654941373534,25.963149078726964,10.636515912897822,50.041876046901166,50.041876046901166,50.041876046901166,4,NEUTRAL,0,VARNING,False,1,0.14285714285714285,LÅG,EJ AKTUELL,-1.3,0.875,SUSPICIOUS_FWD_PE;,2026-08-12,0,True
COLD,"Americold Realty Trust, Inc.",Real Estate,REIT - Industrial,United States,USD,4270789053.850219,,570.2490012500001,5.84,-7.348609675,1.6424086,3.401,-5.352500000000003,-0.2881749874999999,-0.024400001000000004,-0.4211499975,-0.339054995,-0.17415999,-0.0455,,,86.7375,0.020999999999999797,0.73,-1053060928.0,40470000.0,4619910144.0,8886050816.0,8121598000.0,,2601846000.0,,,202550000.0,,-114548000.0,359641000.0,6.38,7.6364,0.92,4.09,0.23,1782777600.0,,16.8799991607666,9.588037914483149,14.960000038146973,16.32353,2.52941,17.0,5.28,0.0825,0.00075,1.20893,False,False,,0.707,4452711.0,4032580.0,0.9913828341506589,-4.83,1.38,23.8,,-0.11374402950695606,0.45215991534945454,43.622449103716455,0.0023966439477633994,0.17092085388404632,False,0.5219755642024659,,0.158,US,True,,12.571651886184203,68.02392916145038,15.012820512820515,43.43949044585987,93.89312977099237,29.64705882352941,11.877394636015326,50.0,20.114942528735632,70.7,39.96230890144107,standard,345,60327397,False,56.6,False,36.97654941373534,94.55611390284757,71.35678391959799,50.041876046901166,50.041876046901166,50.041876046901166,1,SVAG,-8,UPPTREND,False,1,0.14285714285714285,LÅG,EJ AKTUELL,-12.5,0.625,EXTREME_EARNINGS_GROWTH;,2026-08-12,0,True
2379.TW,Realtek Semiconductor Corp.,Technology,Semiconductors,Taiwan,TWD,384647250000.0,-2.162115499999996,3.2465772500000014,0.85,3.3358707750000027,3.0993311,2.685,3.7699999999999965,0.18274002250000002,0.008669999999999994,-0.04648249699999995,-0.04788999000000001,0.10826001999999996,-0.124,-0.367,-0.091,17.58925,-0.6929999999999997,0.913,-44164125696.0,64720822272.0,11279789056.0,333203177472.0,129903363000.0,,122706372000.0,,,14389062000.0,,14753249000.0,23015343000.0,3.4,0.9368,25.5,4.81,25.5,1757462400.0,0.796,970.0,438.0,750.0,707.625,2.23529,16.0,,,0.055710003,0.56657004,False,False,,0.5,5475346.0,5071073.0,0.49,2.39,34.49,,,-14.22,0.5828,56.7,4.38,,False,0.6824416784205029,,0.136,Asia,True,31.688361117454516,55.23690914999626,56.279261202860525,9.247271520095989,40.73132618782326,27.099236641221374,67.52941176470588,11.494252873563218,50.0,,50.0,39.95995508403614,standard,346,118107717,False,40.6,False,36.97654941373534,14.90787269681742,44.13735343383585,50.041876046901166,50.041876046901166,50.041876046901166,3,SVAG,-8,UPPTREND,False,1,0.14285714285714285,LÅG,EJ AKTUELL,-0.6,0.875,,2026-08-12,0,True
012330.KS,"Hyundai Mobis Co.,Ltd",Consumer Cyclical,Auto Parts,South Korea,KRW,44278159459500.0,,-4.274822499999994,0.09,,0.7150103,0.574,-7.4015,-0.05431999149999999,-0.026300003000000006,-0.08010750399999997,-0.08179499449999998,-0.24252,-0.019999999999999997,-0.238,-0.145,-25.214000000000002,0.7424999999999999,1.721,1450411960320.0,12600156880896.0,3813206917120.0,35538270683136.0,70400532000000.0,,61118127000000.0,,,3357582000000.0,,3655790000000.0,4472515000000.0,1.31,0.16530001,6500.0,1.83,1500.0,1786060800.0,1.371,819572.8181668856,278883.3879123264,496500.0,690500.0,1.56667,30.0,,,0.34228,0.36494,False,False,,0.5,667052.0,326638.0,0.5892103248257111,1.94,12.79,12.21,,-0.3941965997475283,0.6821748083591311,55.36151989891409,-0.08446080705678793,0.1380266454226622,True,0.6791734843114704,,0.0,Asia,True,,24.65959271559432,69.42938970103656,16.124113557964677,34.916397809227625,3.816793893129771,67.52941176470588,88.50574712643679,50.0,,50.0,39.73442467501045,standard,347,118388310,False,58.8,False,90.45226130653266,2.554438860971524,88.77721943048577,50.041876046901166,50.041876046901166,50.041876046901166,4,NEUTRAL,0,VARNING,False,2,0.2857142857142857,LÅG,EJ AKTUELL,-1.1,0.625,SUSPICIOUS_FWD_PE;,2026-08-12,0,True
ACA.PA,CREDIT AGRICOLE,Financial Services,Banks - Regional,France,EUR,,-5.623905,-5.454861425,4.18,-4.64867276,2.279341,-17.117,,-0.118345006,-0.0195550002,-0.02082123150000005,0.01304124750000002,-0.42923000000000006,-0.1575,-0.3375,-0.201,,,,,1041207984128.0,527709011968.0,-445454352384.0,2374307000000.0,,26261000000.0,,,,,7074000000.0,19012000000.0,5.81,0.55799997,1.13,8.0,0.57,1791849600.0,0.812,19.78499984741211,14.29987403845285,,20.53235,2.41176,17.0,,,0.69908,0.09945,False,False,,0.5,5203284.0,4650232.0,0.633969755682559,,,,,,0.2198289630901422,79.33449221761549,,,True,,,0.122,Europe,True,,27.78765460419415,,7.352580020318128,70.8289817232376,,67.52941176470588,,50.0,,50.0,39.56735733584835,standard,348,,True,48.6,False,36.97654941373534,50.041876046901166,62.311557788944725,50.041876046901166,50.041876046901166,50.041876046901166,1,SVAG,-8,UPPTREND,False,2,0.2857142857142857,LÅG,EJ AKTUELL,-18.1,0.75,SUSPICIOUS_FWD_PE;,2026-08-12,0,True
BOUV.OL,Bouvet ASA,Technology,Information Technology Services,Norway,NOK,,-16.1594155,-9.828362250000009,,0.17199887500000166,1.2073385,1.153,-10.158000000000001,0.43018000500000003,0.07830499999999997,-0.063694992,-0.09356252050000001,-0.09991002999999998,-0.199,-0.47300000000000003,-0.196,30.24562499999999,-0.3979999999999998,1.181,-642245376.0,551203008.0,339040992.0,4465829376.0,1728816000.0,,3912343000.0,,,473432000.0,,358673000.0,347111000.0,6.64,0.9288,3.0,4.29,3.0,1778803200.0,0.338,69.79696585297306,41.17421124106959,,55.0,,3.0,,,0.18316,0.48396,False,False,,0.5,136420.0,137412.0,0.9291387974565747,,,,,,0.2434043777428355,58.208980717539596,,,True,,,0.279,Nordic,True,,54.23398838994986,,7.195980448753321,63.85109801932447,,67.52941176470588,10.344827586206897,50.0,,50.0,39.39770043628776,standard,349,,True,51.0,False,36.97654941373534,50.041876046901166,78.30820770519263,50.041876046901166,50.041876046901166,50.041876046901166,3,SVAG,-8,UPPTREND,False,2,0.2857142857142857,LÅG,EJ AKTUELL,-11.2,0.875,SUSPICIOUS_FWD_PE;,2026-08-12,0,True
BWXT,"BWX Technologies, Inc.",Industrials,Aerospace & Defense,United States,USD,15566573842.783813,9.505651499999999,8.254589249999999,1.67,5.188720150000001,4.429911,4.832,15.736500000000003,0.07009001199999997,-0.011700000000000006,-0.003304995499999991,-0.027464995000000034,-0.27022998,0.087,0.028999999999999984,0.136,67.045,1.1299999999999997,2.257,-1330730432.0,608203008.0,2019896960.0,16977967104.0,4271495000.0,,3198425000.0,,,324576000.0,,328945000.0,479848000.0,0.64,0.2694,1.06,1.13,0.27,1787011200.0,0.76,241.49667915308143,156.7697381258554,169.89999389648438,235.16214,1.8125,14.0,2.86,0.041300002,0.00364,0.95059997,False,False,,0.607,982279.0,1001540.0,0.49,-4.66,-19.78,,,-29.07,0.4662,46.1,-8.42,,True,0.4054316811766934,,1.0,US,True,22.866966075461164,43.081646597302964,5.5649877381626105,64.06358789005571,54.480224946367095,82.06106870229007,67.52941176470588,17.624521072796934,50.0,42.5287356321839,60.699999999999996,39.39460718994614,standard,350,170161640,False,49.2,False,36.97654941373534,84.08710217755444,32.077051926298154,50.041876046901166,50.041876046901166,50.041876046901166,2,SVAG,-8,VARNING,False,2,0.2857142857142857,LÅG,EJ AKTUELL,-5.9,0.875,,2026-08-12,0,True
LDOS,LDOS,Unknown,Unknown,Unknown,USD,,,,,,,,,,,,,,,,,,,,,,,,13493000000.0,,17174000000.0,,,2100000000.0,,1448000000.0,1750000000.0,,,,,,,,204.07501521051967,98.86000061035156,107.0199966430664,,,,,,,,False,False,,0.747,,,0.26,-11.8,-31.01,,,-44.53,0.3632,52.9,-9.91,,True,0.46394928239502825,,0.988,US,True,,,1.1713055855670458,88.0,41.5,,12.352941176470589,,50.0,,74.7,39.114109844983744,standard,351,,True,44.6,False,28.17195325542571,50.04173622704508,50.04173622704508,50.04173622704508,50.04173622704508,50.04173622704508,1,SVAG,-8,VARNING,False,1,0.14285714285714285,LÅG,EJ AKTUELL,0.0,0.0,EXTREME_GROWTH;EXTREME_EARNINGS_GROWTH;MISSING_CRITICAL;,2026-08-12,0,True
BBD,Banco Bradesco S.A.,Financial Services,Banks - Regional,Brazil,USD,18835256428.9886,-12.1710135,-11.08832,1.8495,-8.626259050000002,0.3935337,3.11,,-0.05636999000000001,-0.018369999000000005,-0.003007518500000042,-0.09381246999999998,-0.49104999000000005,-0.023500000000000007,,0.177,,,,,136716984320.0,389651890176.0,290034548736.0,2330327216000.0,,117814239000.0,,,,,23672706000.0,,6.81,0.727,0.23,5.06,0.004,1785888000.0,,4.198794207319385,2.722063428944147,3.369999885559082,4.42,2.16667,5.0,0.5,0.0032,7e-05,0.24507,False,False,,0.828,31299488.0,27894030.0,0.69,-10.64,-9.19,,,-21.19,0.3504,16.5,-6.01,,False,-0.09612074563028503,,0.333,US,True,,25.565995737613562,12.668921815780898,31.85802683992729,44.0,80.91603053435115,67.52941176470588,,50.0,90.80459770114942,92.8,38.949757417773114,standard,352,94002878,False,58.3,False,36.97654941373534,82.1608040201005,94.9748743718593,50.041876046901166,50.041876046901166,50.041876046901166,0,SVAG,-8,VARNING,False,1,0.14285714285714285,LÅG,EJ AKTUELL,-9.4,0.625,EXTREME_EARNINGS_GROWTH;SUSPICIOUS_FWD_PE;,2026-08-12,0,True
CHWY,"Chewy, Inc.",Consumer Cyclical,Internet Retail,United States,USD,5481219022.291309,10.258278500000003,-7.9405784999999955,0.4535,12.288230150000004,0.7501344,0.75,5.179500000000001,0.43554001499999995,-0.01530000300000001,-0.0637950025,-0.06633999500000001,-0.19192999,0.0020000000000000018,0.42400000000000004,0.519,37.367999999999995,-0.48950000000000005,0.321,-1013079680.0,520100000.0,523400000.0,9637051392.0,3366400000.0,,12601500000.0,,,254300000.0,,222800000.0,691600000.0,,0.0,,,,,1.42,43.5,17.399999618530273,23.530000686645508,31.04762,,21.0,2.64,0.118,0.025980001,0.99267995,False,False,,0.728,9484922.0,7089120.0,0.47,11.03,-1.33,,,-21.71,0.5221,56.9,8.41,,True,0.7880193809647295,,0.509,US,True,31.648524523610156,42.43425393465539,17.876129718234978,61.33943584649909,32.532516505629374,91.98473282442748,12.352941176470589,14.559386973180077,50.0,13.218390804597702,72.8,38.89626235274342,standard,353,166806998,False,58.9,False,36.97654941373534,93.55108877721943,87.52093802345058,50.041876046901166,50.041876046901166,50.041876046901166,2,SVAG,-8,UPPTREND,False,1,0.14285714285714285,LÅG,EJ AKTUELL,-10.6,0.875,SUSPICIOUS_FWD_PE;,2026-08-12,0,True
0101.HK,Hang Lung Properties Limited,Real Estate,Real Estate Services,Hong Kong,HKD,38164610541.36185,-3.993918999999999,-9.304884749999996,0.4242,-1.4828549749999993,3.4391828,8.61,-2.0725000000000007,-0.033115,-0.0012700000000000003,-0.15078249899999996,0.08631002550000001,0.20184999999999997,0.1655,-0.2595,-0.169,-11.932500000000005,0.4960000000000002,0.579,,6504999936.0,54442999808.0,95543451648.0,222912000000.0,,9950000000.0,,,5890000000.0,,1806000000.0,5864000000.0,7.09,1.5758001,0.52,7.24,0.12,1786492800.0,0.754,9.856513080827808,6.849999904632568,7.335000038146973,9.82167,1.64286,12.0,,,0.66769,0.12819,False,False,,0.5,8823641.0,10966462.0,0.98,-1.04,-16.92,,,-25.69,0.297,43.6,-1.68,,True,0.2809154653113478,,0.5,Asia,True,,48.835406308308755,7.175318550530775,33.554290153065125,61.43511804781782,70.99236641221374,29.64705882352941,,50.0,,50.0,38.85555383352031,standard,354,10250871,False,49.0,False,36.97654941373534,74.28810720268007,40.53601340033501,50.041876046901166,50.041876046901166,50.041876046901166,4,NEUTRAL,0,VARNING,False,1,0.14285714285714285,LÅG,EJ AKTUELL,-8.6,0.875,SUSPICIOUS_FWD_PE;,2026-08-12,0,True
2318.HK,"Ping An Insurance (Group) Company of China, Ltd.",Financial Services,Insurance - Life,China,HKD,425629031884.9005,-6.630327500000001,-4.7815116999999985,0.4,-1.4123781999999998,1.0859957,-0.134,-9.563000000000002,-0.005180002499999996,0.00015000000000000083,-0.17745999999999998,0.08194253050000001,-0.025660020000000006,-0.1275,-0.3335,-0.074,116.60749999999999,1.8424999999999998,3.437,474297083904.0,3594554966016.0,2015781978112.0,-127941263360.0,13898471000000.0,,927890000000.0,,,,,134778000000.0,658632000000.0,5.34,0.3547,3.05,5.78,2.01129,1780358400.0,0.563,72.20425974107576,49.77937870085683,57.150001525878906,82.92759,1.25,15.0,,,0.12951,0.39641,False,False,,0.5,35030671.0,26261036.0,1.43,2.11,-10.34,,,-21.06,0.2837,37.3,0.09,,True,0.5916521273545975,,0.5,Asia,True,,45.527703484347406,12.44833736344772,16.520747554325524,63.7843136235885,24.80916030534351,67.52941176470588,,50.0,,50.0,38.78278557522684,standard,355,191259142,False,61.2,False,97.52931323283082,14.154103852596315,81.32328308207704,50.041876046901166,50.041876046901166,50.041876046901166,5,NEUTRAL,0,UPPTREND,False,2,0.2857142857142857,LÅG,EJ AKTUELL,-7.8,0.875,SUSPICIOUS_FWD_PE;,2026-08-12,0,True
3690.HK,Meituan,Consumer Cyclical,Internet Retail,China,HKD,515645832759.67017,,5.832144500000005,28.7188,0.12785320000000056,1.5392561,1.341,-27.5225,-0.3675299975,-0.141010013,-0.24557750399999995,-0.20875499449999996,-0.10271000000000002,-0.018999999999999996,,,42.519000000000005,0.48350000000000026,1.558,-84173656064.0,180370161664.0,112803880960.0,495593029632.0,346910280000.0,,364854746000.0,,,-29840115000.0,,-23355015000.0,-13815001000.0,,0.0,,,,,0.232,127.0,63.650001525878906,92.19999694824219,108.32884,1.68421,36.0,,,0.01847,0.39304,False,False,,0.5,55062211.0,48944934.0,0.5257583038833722,17.45,9.44,-6.49,,-0.2740157720610852,0.4270255428664762,68.5534114377404,0.15004175111965812,0.0369861816847219,True,0.7173488217301496,,0.5,Asia,True,,13.805441291390713,57.432723222196906,33.18401206636501,64.32715550215363,23.282442748091604,12.352941176470589,8.812260536398467,50.0,,50.0,38.777711753362155,standard,356,575085948,False,44.6,False,36.97654941373534,13.149078726968174,72.61306532663316,50.041876046901166,50.041876046901166,50.041876046901166,2,SVAG,-8,UPPTREND,False,1,0.14285714285714285,LÅG,EJ AKTUELL,-14.5,0.75,EXTREME_EARNINGS_GROWTH;,2026-08-12,0,True
BN.TO,Brookfield Corporation,Financial Services,Asset Management,Canada,CAD,137360898210.0,57.717879249999996,,1.27,-3.2057432500000003,1.7363281,6.481,2.5592499999999982,-0.12375500249999999,0.0,-0.19918750300000004,-0.05847745500000001,-0.07737003000000003,-0.0155,1.3865,0.397,113.71900000000002,-1.6397499999999998,0.529,-2538526944.0,15029999616.0,267466997760.0,512748126208.0,518971000000.0,,75100000000.0,,,18049000000.0,,1307000000.0,10958000000.0,0.64,0.4902,0.4,0.85,0.098,1781481600.0,1.838,68.21149200452439,51.95930598732121,61.5,77.59191,1.81818,3.0,3.57,,0.17641,0.58532,False,False,,0.5,2686427.0,2759980.0,1.6250246671609678,1.17,-2.92,1.71,,-0.09839239411563117,0.278948830727437,51.41631668597482,-0.00012838312423812948,-0.0040878451143187,True,0.6615989166552135,,0.5,Canada,True,53.45233564233335,30.30798102606613,51.56168361601298,57.60607131436786,28.64046207447074,40.458015267175576,67.52941176470588,39.46360153256705,50.0,,50.0,38.77122969336917,holding,357,121859982,False,45.6,False,36.97654941373534,22.194304857621443,69.93299832495813,50.041876046901166,50.041876046901166,50.041876046901166,3,SVAG,-8,NEDTREND,True,1,0.14285714285714285,LÅG,EJ AKTUELL,-10.1,0.875,,2026-08-12,0,True
006400.KS,"Samsung SDI Co., Ltd.",Industrials,Electrical Equipment & Parts,South Korea,KRW,35459649801000.0,,8.62674625,12.2945,,2.5336964,3.278,,,,-0.17750749799999993,-0.1060199915,-0.21108000000000002,0.093,,1.048,14.049000000000003,-0.7399999999999999,0.415,,1505999978496.0,12111000371200.0,46725377032192.0,42255338580910.0,,13266730679490.0,,,-1722360788050.0,,-649468657550.0,792385760870.0,,0.0,,0.25,977.12604,1735257600.0,1.687,723000.0,196800.0,459000.0,707161.3,1.74194,31.0,,,0.22959,0.33722,False,False,,0.5,607317.0,476575.0,1.4099818584946213,11.41,-33.86,17.69,,-0.36514522821576767,0.7307657373861016,59.666666666666664,-0.044426864304450975,0.09566151459091721,True,0.842950170217018,,0.604,Asia,True,,20.959595959595962,50.65834184679685,69.38879220327185,27.540479328466184,5.343511450381679,12.352941176470589,,50.0,,50.0,38.59358139823412,standard,358,159685985,False,41.0,False,36.97654941373534,2.554438860971524,58.87772194304858,50.041876046901166,50.041876046901166,50.041876046901166,2,SVAG,-8,VARNING,False,1,0.14285714285714285,LÅG,EJ AKTUELL,-3.8,0.5,EXTREME_EARNINGS_GROWTH;MISSING_CRITICAL;,2026-08-12,0,True
011070.KS,"LG Innotek Co., Ltd.",Technology,Electronic Components,South Korea,KRW,13062807864000.0,,-4.753329749999999,19.3886,,0.5818986,0.618,-9.883000000000001,-0.0488199975,-0.008960000000000006,-0.14028249699999995,-0.11345999000000001,-0.30029000400000005,-0.053000000000000005,1.4009999999999998,1.677,28.76725,-0.2719999999999997,0.985,224185559040.0,1374028038144.0,2196819017728.0,13884163358720.0,11930883000000.0,,21896603000000.0,,,665007000000.0,,341262000000.0,1331402000000.0,0.34,0.091800004,1880.0,0.89,1880.0,1774828800.0,2.289,1788000.0,154985.5148310069,552000.0,1069807.8,1.76923,26.0,,,0.40798,0.29438,False,False,,0.5,433942.0,319972.0,0.67,,,,,,1.2067,41.1,,,True,0.37767249225559657,,0.381,Asia,True,,26.557475599025175,,55.36240127455225,27.882861481598507,8.396946564885496,67.52941176470588,73.9463601532567,50.0,,50.0,38.54701633309714,standard,359,128935917,False,58.1,False,86.01340033500837,2.554438860971524,91.37353433835847,50.041876046901166,50.041876046901166,50.041876046901166,6,NEUTRAL,0,UPPTREND,False,1,0.14285714285714285,LÅG,EJ AKTUELL,-0.1,0.625,SUSPICIOUS_FWD_PE;,2026-08-12,0,True
SBILIFE.NS,SBI Life Insurance Company Limited,Financial Services,Insurance - Life,India,INR,,36.51825400000001,17.043744499999995,,0.3535452249999995,1.5312893,1.518,27.930000000000007,-0.009544999999999984,-0.012935000000000002,-0.253920002,-0.3713274849999999,-0.09960000999999997,0.0935,0.016499999999999987,0.22,,-0.266,0.193,,15267399680.0,0.0,1845185740800.0,5000459100000.0,,1104781600000.0,,,,,24703000000.0,,0.15,0.1042,2.7,0.17,2.7,1772755200.0,0.366,2129.040438508761,1700.4000244140625,,2342.9722,1.2,36.0,,,0.58824,0.30986,False,False,,0.5,973140.0,1008615.0,0.72,-0.72,-2.01,,,-13.28,0.2381,54.4,0.81,,True,,,0.163,India,True,,25.773778387186656,22.11289465109499,44.30610955235031,64.45861812819788,,67.52941176470588,,50.0,,50.0,38.505270553641395,standard,360,,True,50.2,False,36.97654941373534,50.041876046901166,72.8643216080402,50.041876046901166,50.041876046901166,50.041876046901166,2,SVAG,-8,UPPTREND,False,2,0.2857142857142857,LÅG,EJ AKTUELL,-10.7,0.75,,2026-08-12,0,True
1299.HK,AIA Group Limited,Financial Services,Insurance - Life,Hong Kong,HKD,764128045409.3348,2.5973815,1.0766670000000005,1.01,0.0,29.148502,30.065,70.035,0.030499997499999994,0.009070000000000002,-0.07900999999999997,-0.09332744949999998,0.05243999999999999,-0.0345,-0.10750000000000001,0.051,23.260499999999997,0.1285000000000004,0.976,-48318531584.0,8771999744.0,20580999168.0,788162019328.0,345423000000.0,,39604000000.0,,,,,6234000000.0,6970000000.0,2.6,0.3893,1.93,2.24,1.4408,1779926400.0,0.652,90.57969287387601,67.77503487099035,74.1500015258789,105.28854,1.3,17.0,,,0.00042,0.55848,False,False,,0.5,36312677.0,29148417.0,1.7243139308322144,2.56,-15.38,-17.06,,-0.18138382706677925,0.3223769980925593,43.7984489246978,-0.01868662084346351,-0.07132030312609738,False,0.18090820326827128,,0.5,Asia,True,18.73436350257542,45.81839354721732,37.542724520653216,30.08821159435054,62.09554555886315,20.229007633587788,67.52941176470588,22.22222222222222,50.0,,50.0,38.243681034385986,standard,361,275435707,False,33.9,False,36.97654941373534,11.809045226130653,2.554438860971524,50.041876046901166,50.041876046901166,50.041876046901166,2,SVAG,-8,NEDTREND,True,2,0.2857142857142857,LÅG,EJ AKTUELL,-10.9,0.875,SUSPICIOUS_FWD_PE;,2026-08-12,0,True
KKR,KKR & Co. Inc.,Financial Services,Asset Management,United States,USD,92285913947.31683,12.7571005,-3.1658360000000005,0.543,-6.382173750000001,3.7257407,6.107,,,,-0.1400774985,-0.22346247,0.050460010000000055,-0.07250000000000001,0.22549999999999998,0.373,-8.17950000000001,,,,45299539968.0,55780061184.0,155634434048.0,410144072000.0,,19207544000.0,,,490198000.0,,2370463000.0,477760000.0,0.75,0.23959999,0.78,0.83,0.195,1786320000.0,1.786,151.29231463625382,82.5080917879704,102.80999755859375,126.526,1.59091,20.0,3.34,0.0221,0.23056999,0.62564,False,False,,0.454,4499403.0,4819170.0,1.6673408319436067,6.79,2.66,4.06,,-0.3204545927810293,0.3786054865852879,60.99396370409223,0.05960194163408361,-0.03497318549290385,True,0.6397858376166163,,0.773,US,True,,29.461279461279464,56.086681349839246,54.63559096607325,24.71638381201044,51.526717557251914,67.52941176470588,,50.0,66.66666666666666,45.4,37.71958532959291,holding,362,495458856,False,41.5,False,36.97654941373534,26.968174204355112,38.107202680067005,50.041876046901166,50.041876046901166,50.041876046901166,3,SVAG,-8,NEDTREND,True,1,0.14285714285714285,LÅG,EJ AKTUELL,-7.5,0.75,SUSPICIOUS_FWD_PE;,2026-08-12,0,True
KPN.AS,KPN KON,Communication Services,Telecom Services,Netherlands,EUR,,0.01963599999999932,-0.9421441250000022,2.227,0.3561203500000003,2.659569,3.8,-6.432,0.02594498400000001,0.015855004,0.02574124750000001,0.0033887224999999965,0.10010996999999999,-0.056,-0.054,-0.005,148.12025000000003,-0.34399999999999964,0.627,0.0,419000000.0,7265999872.0,22143526912.0,12696000000.0,,5797000000.0,,,1435000000.0,,855000000.0,2308000000.0,4.64,0.8273,0.19,4.44,0.08,1784851200.0,0.248,4.705573437478838,3.5962928716623423,,4.564,2.42857,20.0,,,0.00133,0.74603,False,False,,0.5,10426753.0,11556603.0,0.97,-6.07,-11.14,-10.74,,-14.23,0.1857,38.5,-4.69,,False,,,0.053,Europe,True,,58.218097416210625,16.132327397183087,21.061006737808416,61.85964966074072,,67.52941176470588,47.31800766283525,50.0,,50.0,37.6481975733189,standard,363,,True,47.8,False,36.97654941373534,50.041876046901166,57.11892797319933,50.041876046901166,50.041876046901166,50.041876046901166,2,SVAG,-8,VARNING,False,2,0.2857142857142857,LÅG,EJ AKTUELL,-0.8,0.875,SUSPICIOUS_FWD_PE;,2026-08-12,0,True
PNE3.DE,PNE AG,Utilities,Utilities - Renewable,Germany,EUR,,,17.698244124999995,,0.03330158000000072,3.075987,5.964,2.0417500000000004,-0.40475001299999996,-0.009665001000000008,-0.28837625149999996,-0.2594362725,0.3138999999999999,0.952,,,387.18775,0.7020000000000002,0.597,-681812464.0,61200000.0,809699968.0,1541708032.0,1181500000.0,,230200000.0,,,30100000.0,,-43100000.0,-50000000.0,0.39,0.2,0.04,0.34,0.04,1779235200.0,0.171,14.899000544703508,7.190560089734944,,11.6,,3.0,,,0.0297,0.94975996,False,False,,0.5,44675.0,33573.0,5.45,-27.2,-20.41,,,-31.21,0.4861,12.4,-26.53,,False,,,0.5,Europe,True,27.759889370987796,28.98686353122323,3.954656925794447,63.69683257918552,50.54538268530375,,67.52941176470588,1.3409961685823755,50.0,,50.0,37.3535250061601,standard,364,,True,45.9,False,36.97654941373534,50.041876046901166,44.388609715242886,50.041876046901166,50.041876046901166,50.041876046901166,2,SVAG,-8,VARNING,False,2,0.2857142857142857,LÅG,EJ AKTUELL,,0.75,EXTREME_EARNINGS_GROWTH;,2026-08-12,0,True
035420.KS,NAVER Corporation,Communication Services,Internet Content & Information,South Korea,KRW,31411753170000.0,,1.497788,27.5905,,2.5150962,2.365,-1.421000000000002,-0.0914700125,-0.010729996000000009,-0.023387500999999963,-0.04455999449999999,0.6134900000000001,0.10200000000000001,-0.376,-0.328,-11.912000000000003,-0.10599999999999965,0.963,1403510204416.0,8963419537408.0,5310200152064.0,29531681325056.0,41084496327310.0,,12035007218970.0,,,2208138388970.0,,1953214734950.0,3095806604670.0,1.25,0.2187,2630.0,0.52,2630.0,1772064000.0,1.193,304000.0,181100.0,210000.0,302703.72,1.59259,27.0,,,0.00154,0.36556,False,False,,0.5,2043947.0,1716127.0,1.3322046091308153,8.98,1.2,-22.83,,-0.3092105263157895,0.571484549027542,58.10356422326833,-0.029269826008172628,-0.08883486205408953,True,0.5970664138770763,,0.377,Asia,True,,47.6850442255902,42.33663337228702,24.141390334456773,30.00814748909326,5.7251908396946565,67.52941176470588,90.42145593869732,50.0,,50.0,37.27326706818495,standard,365,263082269,False,55.0,False,92.88107202680067,2.554438860971524,59.212730318257954,50.041876046901166,50.041876046901166,50.041876046901166,4,NEUTRAL,0,NEDTREND,True,1,0.14285714285714285,LÅG,EJ AKTUELL,-10.6,0.625,SUSPICIOUS_FWD_PE;,2026-08-12,0,True
MNG.L,M&G plc,Financial Services,Asset Management,United Kingdom,GBp,,17.959875999999994,0.9864060000000006,,-1.788395180000001,1.1775591,1.458,-4.034750000000001,-0.09432997999999998,-0.015390000000000004,-0.26612249900000007,0.016907515000000026,0.11809001999999996,0.27549999999999997,,,133.81849999999997,-0.13225000000000003,0.328,-4323062496.0,4904000000.0,6912000000.0,10706313216.0,190601000000.0,,21713000000.0,,,,,302000000.0,953000000.0,5.63,1.6423,0.21,8.89,0.138,1773878400.0,0.953,4688.206148147583,3124.976904160443,,319.426,2.3,10.0,,,0.17502001,0.52639,False,False,,0.5,5447492.0,4844784.0,1.4946598537918578,,,,,,0.1997330056970542,54.89254625850514,,,False,,,0.5,UK,True,,35.18790879489394,,58.82503770739065,53.21555956993897,,29.64705882352941,1.3409961685823755,50.0,,50.0,37.144108397419096,holding,366,,True,51.1,False,36.97654941373534,50.041876046901166,78.9782244556114,50.041876046901166,50.041876046901166,50.041876046901166,1,SVAG,-8,UPPTREND,False,0,0.0,LÅG,EJ AKTUELL,-10.4,0.875,EXTREME_EARNINGS_GROWTH;SUSPICIOUS_FWD_PE;,2026-08-12,0,True
042700.KS,"HANMI Semiconductor Co., Ltd.",Technology,Semiconductor Equipment & Materials,South Korea,KRW,18240232284600.0,,19.452504250000004,1.1393,,37.985058,37.624,72.536,0.17458002250000001,0.11127,0.20940753300000003,-0.0006899900000000014,0.16987003,-0.8190000000000001,-0.927,-0.652,-7.00575,2.2969999999999997,2.459,28591958016.0,175668494336.0,2251916544.0,18066815582208.0,813331626120.0,,576684619520.0,,,251390142150.0,,214007548410.0,228626759780.0,0.42,0.4271,800.0,1.76,800.0,1772668800.0,2.146,426000.0,81148.56669861963,192300.0,266875.0,,8.0,,,0.55786,0.23306999,False,False,,0.5,1221704.0,957587.0,0.7360197104104393,-3.46,-51.07,-8.58,,-0.5485915492957747,1.0405810268308011,40.198019801980195,-0.22316840642471636,-0.1451788655218622,True,0.3286790324119612,,0.0,Asia,True,39.455228235771735,76.33763221478998,36.0579519832491,1.1833152224665304,31.71977709778096,7.633587786259542,67.52941176470588,52.10727969348659,50.0,,50.0,37.00324400273301,standard,367,134425105,False,42.4,False,76.46566164154103,2.554438860971524,2.554438860971524,50.041876046901166,50.041876046901166,50.041876046901166,5,NEUTRAL,0,NEDTREND,True,2,0.2857142857142857,LÅG,EJ AKTUELL,-12.9,0.625,,2026-08-12,0,True
HEXA-B.ST,Hexagon AB (publ),Technology,Scientific & Technical Instruments,Sweden,SEK,,-19.0094115,-3.595473250000005,1.2241,37.06695187499999,47.55523,48.026,187.06799999999998,0.04971000499999999,-0.017435000000000006,-0.05052499200000001,0.023697479499999986,0.24729996999999998,-0.124,,,6.019625000000003,-0.12,1.238,-184132640.0,2161499904.0,2644300032.0,262560776192.0,17108300000.0,,5424600000.0,,,1015400000.0,,617400000.0,1466900000.0,1.57,0.1777,1.52,1.22,0.14,1777248000.0,0.884,121.9326510983536,71.57263946533203,,98.18602,2.53333,15.0,,,0.21542,0.68983,False,False,,0.5,5192575.0,6174756.0,0.6106127199041441,,,,,,0.3980485539434444,82.67253454163833,,,True,,,0.431,Nordic,True,31.60779985283296,50.67440766557586,,11.385369532428356,55.17584939548652,,67.52941176470588,44.44444444444444,50.0,,50.0,36.85960814548738,standard,368,,True,39.7,False,36.97654941373534,50.041876046901166,2.554438860971524,50.041876046901166,50.041876046901166,50.041876046901166,2,SVAG,-8,UPPTREND,False,1,0.14285714285714285,LÅG,EJ AKTUELL,-7.2,0.875,EXTREME_EARNINGS_GROWTH;SUSPICIOUS_FWD_PE;,2026-08-12,0,True
UPST,"Upstart Holdings, Inc.",Financial Services,Credit Services,United States,USD,3025462614.9887924,37.37925150000001,-7.511231,,-5.594713450000001,2.352816,3.597,27.397000000000002,-0.11458999,-0.009220000000000002,-0.21682750050000005,-0.30684247,0.33938000999999995,0.3285,1.9105,1.95,180.8025,8.862499999999999,2.388,-1608737440.0,457843008.0,2057602944.0,4625222656.0,2974805000.0,,1023985000.0,,,,,53601000.0,-147725000.0,,0.0,,,,,2.165,76.94999694824219,23.96500015258789,31.09000015258789,40.6,2.13333,15.0,6.02,0.3136,0.12779,0.62832,False,False,,0.495,4496314.0,5365660.0,1.0391543878827745,-6.44,7.21,-10.2,,-0.5959713920001903,0.6735268746086566,60.69745677275911,-0.002681755319670298,-0.12583516695007135,True,0.7841958643721816,,0.679,US,True,8.970084494176753,31.856358214246608,50.698006012097686,83.47541343713124,35.193109627313696,95.80152671755725,12.352941176470589,3.4482758620689653,50.0,11.436781609195402,49.5,36.52262086431812,standard,369,166818370,False,55.6,False,36.97654941373534,97.52931323283082,61.39028475711893,50.041876046901166,50.041876046901166,50.041876046901166,4,NEUTRAL,0,NEDTREND,True,1,0.14285714285714285,LÅG,EJ AKTUELL,4.9,0.875,SUSPICIOUS_FWD_PE;,2026-08-12,0,True
2454.TW,MediaTek Inc.,Technology,Semiconductors,Taiwan,TWD,6224766670200.0,32.3964145,11.65617525,1.6385,9.456741275,10.48615,10.212,36.79,0.1051800125,0.02208,0.0009075030000000386,-0.016549990000000014,0.07633999999999996,-0.152,-0.402,-0.126,-1.1177499999999982,-0.6009999999999996,0.89,2601388032.0,198402932736.0,27005014016.0,6061847216128.0,743784805000.0,,595965682000.0,,,103469109000.0,,105319255000.0,162792872000.0,1.37,0.8603,53.5,6.26,24.500216,1783382400.0,1.96,4940.480971598757,1101.92757445756,3900.0,5553.231,1.36,26.0,,,0.08096,0.44116002,False,False,,0.5,10264946.0,9663768.0,0.84,,,,,,0.7688,53.0,,,True,0.7305870079122567,,0.702,Asia,True,39.96193956002131,59.177722340106925,,21.77912418394981,10.042975614353109,10.687022900763358,67.52941176470588,49.42528735632184,50.0,,50.0,36.1858078389503,standard,370,1170383667,False,44.1,False,78.47571189279732,2.554438860971524,10.385259631490786,50.041876046901166,50.041876046901166,50.041876046901166,5,NEUTRAL,0,UPPTREND,False,1,0.14285714285714285,LÅG,EJ AKTUELL,7.0,0.875,,2026-08-12,0,True
BBAS3.SA,Banco do Brasil S.A.,Financial Services,Banks - Regional,Brazil,BRL,,-2.6847909999999997,-7.252209100000001,0.3,-3.10831836,1.6551343,13.199,,-0.14292001,-0.024575002999999998,-0.11104250300000004,-0.29456747499999997,-0.30657,-0.3125,-0.7455,-0.544,,,,,328655175680.0,1122359181312.0,913268408320.0,2455143253000.0,,147119627000.0,,,,,13698124000.0,159254089000.0,1.18,0.1254,0.24,4.53,0.141262,1780358400.0,0.234,27.542484353543653,18.232270180815526,,25.09231,2.84615,13.0,,,0.5,0.18375,False,False,,0.5,22046546.0,15205090.0,1.009443155310239,,,,,,0.2845945679665941,47.54099239382716,,,False,,,0.59,LatAm,True,,15.17804355419771,,13.788054751414204,76.60019582245431,,67.52941176470588,,50.0,,50.0,36.121149231010165,standard,371,,True,49.9,False,36.97654941373534,50.041876046901166,71.10552763819096,50.041876046901166,50.041876046901166,50.041876046901166,1,SVAG,-8,UPPTREND,False,2,0.2857142857142857,LÅG,EJ AKTUELL,-13.1,0.75,SUSPICIOUS_FWD_PE;,2026-08-12,0,True
GOLD,"Gold.com, Inc.",Financial Services,Capital Markets,United States,USD,1261980264.0571213,-6.5124335,-5.093632000000001,,-8.191283550000001,0.054819982,0.122,3.3859999999999992,-0.08580999000000002,-0.0014299990000000012,-0.2602474986000001,-0.37021247,-0.47260999000000004,2.3455,,,105.1975,-0.4165000000000001,0.126,-2220265216.0,143607008.0,1654208000.0,2809071360.0,2215431000.0,,10978614000.0,,,48803000.0,,17320000.0,152347000.0,1.9,0.2606,0.8,,0.2,1779235200.0,0.616,66.13757836786306,21.255588800237,43.5099983215332,65.8,,5.0,7.27,0.1447,0.33103,0.61454,False,False,,0.791,443204.0,397600.0,1.1510334670661724,4.32,0.51,-12.85,,-0.34212894703330765,0.5232369395710199,71.77418339907905,0.05353636420875829,0.06673442534289808,True,0.9311036313988209,,0.488,US,True,,17.784265781054216,43.99826545836732,57.78657616892911,38.88247430609836,96.56488549618321,67.52941176470588,,50.0,11.206896551724139,79.10000000000001,35.810180993615276,holding,372,17299575,False,61.0,False,36.97654941373534,97.52931323283082,97.52931323283082,50.041876046901166,50.041876046901166,50.041876046901166,2,SVAG,-8,UPPTREND,False,1,0.14285714285714285,LÅG,EJ AKTUELL,-8.6,0.875,EXTREME_EARNINGS_GROWTH;SUSPICIOUS_FWD_PE;,2026-08-12,0,True
BE,Bloom Energy Corporation,Industrials,Electrical Equipment & Parts,United States,USD,64601626993.048645,258.83716549999997,20.66658525,0.9609,28.680026149999996,20.75121,20.792,134.78050000000005,0.009330011999999985,-0.011050000000000008,-0.025704995499999994,0.039665014999999984,-0.17453998999999998,1.562,,,87.223,2.8199999999999994,3.213,-944717184.0,2716858880.0,2815023104.0,64728465408.0,4396711000.0,,2023994000.0,,,72802000.0,,-88434000.0,113949000.0,,0.0,,,,,3.832,351.2799987792969,36.470001220703125,219.33999633789062,273.5077,2.24138,26.0,1.29,0.074499995,0.05638,0.84775,False,False,,0.448,14271922.0,22413050.0,0.41,-9.79,-25.81,,,-39.1,1.2052,45.3,-16.39,,True,0.58027856312146,,0.84,US,True,25.99553424170917,43.808211726718355,2.1976985474438786,84.78657616892912,34.62667914636377,58.778625954198475,12.352941176470589,34.86590038314176,50.0,23.563218390804597,44.800000000000004,35.725887498994325,standard,373,4916078305,False,42.5,False,36.97654941373534,68.84422110552764,2.554438860971524,50.041876046901166,50.041876046901166,50.041876046901166,3,SVAG,-8,VARNING,False,1,0.14285714285714285,LÅG,EJ AKTUELL,3.7,0.875,EXTREME_EARNINGS_GROWTH;,2026-08-12,0,True
HUT,Hut 8 Corp.,Financial Services,Capital Markets,United States,USD,10919555818.730347,,-32.766442999999995,,-2.427523050000001,34.343304,58.708,-36.453,-0.6277099700000002,-0.12644000000000005,-2.1495975985000007,-3.13286247,0.13223000999999995,0.7194999999999999,,,360.00350000000003,17.7545,0.67,-9215692416.0,233579008.0,7668843008.0,18666229760.0,2753720000.0,,235118000.0,,,-97364000.0,,-226149000.0,-139226000.0,,0.0,,,,,6.108,140.8000030517578,18.68000030517578,88.58999633789062,164.4706,1.35294,17.0,2.8,0.1158,0.08559,0.76052004,False,False,,0.75,4463301.0,5097100.0,1.4586442726315767,-16.6,-12.44,99.17,,-0.3708096987375411,1.0841911012875638,43.498417403122964,-0.1975943550290471,0.24407989785072726,False,0.13102686813761913,,0.594,US,True,,15.416761524750285,65.38683789957135,72.40874811463047,28.227650878914368,85.49618320610686,12.352941176470589,1.3409961685823755,50.0,14.367816091954023,75.0,35.29739936189226,holding,374,451552070,False,45.3,False,36.97654941373534,87.93969849246231,2.554438860971524,50.041876046901166,50.041876046901166,50.041876046901166,2,SVAG,-8,VARNING,False,2,0.2857142857142857,LÅG,EJ AKTUELL,-10.1,0.75,EXTREME_EARNINGS_GROWTH;SUSPICIOUS_FWD_PE;,2026-08-12,0,True
000270.KS,Kia Corporation,Consumer Cyclical,Auto Manufacturers,South Korea,KRW,52429700200700.0,,-7.981386899999994,0.42,,0.4534449,0.271,-12.3375,-0.007739997499999991,-0.004710003000000008,-0.07618750599999996,-0.05863499449999998,-0.19507001000000002,-0.022,-0.328,-0.235,-28.423000000000002,-0.0734999999999999,0.93,1525557897216.0,23729899831296.0,2662490963968.0,31356606218240.0,98979055000000.0,,114140919000000.0,,,9078148000000.0,,7560983000000.0,9054140000000.0,5.04,0.3774,6800.0,3.0,6800.0,1774310400.0,1.017,203563.70609032846,95794.68718967229,134900.0,222233.33,1.36667,30.0,,,0.39367,0.33709,False,False,,0.5,1339789.0,1072377.0,0.8629969527154164,-13.97,-14.4,-7.72,,-0.3373081941230719,0.5560722762235988,45.62607204116638,-0.08508877826458505,-0.04745686679222938,True,0.46714681228460514,,0.0,Asia,True,,36.59923343082717,41.86856845600479,13.666928779016297,34.48040389593831,3.0534351145038165,67.52941176470588,91.18773946360153,50.0,,50.0,34.57889690608742,standard,375,105604470,False,59.2,False,89.0284757118928,2.554438860971524,93.80234505862647,50.041876046901166,50.041876046901166,50.041876046901166,5,NEUTRAL,0,NEDTREND,True,1,0.14285714285714285,LÅG,EJ AKTUELL,-5.9,0.625,SUSPICIOUS_FWD_PE;,2026-08-12,0,True
035720.KS,Kakao Corp.,Communication Services,Internet Content & Information,South Korea,KRW,17583286532700.0,,9.161608000000001,1.2,,2.1201696,1.761,-2.293000000000002,-0.1101700125,-0.025829996000000004,-0.10936750099999995,-0.10285999449999998,0.55332,0.05,-0.057,-0.001,-9.189000000000004,-0.12799999999999967,1.122,3080550098944.0,9990610878464.0,3067317321728.0,14606439284736.0,27783524545810.0,,8099147815080.0,,,733633380080.0,,491491558180.0,1404762595720.0,0.19,0.0646,75.0,0.11,75.0,1773014400.0,1.153,69602.46697285821,32250.0,39900.0,58884.617,1.57692,26.0,,,0.29798,0.22046,False,False,,0.5,2329398.0,2726254.0,1.7064367773361766,15.15,-11.82,-34.93,,-0.4267444569808254,0.4749386958785124,72.7699530516432,0.07255181312330317,-0.21066458541272448,True,1.0953132272382025,,0.461,Asia,True,,35.57797247580468,32.71377368151562,33.45630364283107,33.391200046565,8.015267175572518,67.52941176470588,99.04214559386973,50.0,,50.0,34.56653489278951,standard,376,79407600,False,57.0,False,97.52931323283082,2.554438860971524,64.4891122278057,50.041876046901166,50.041876046901166,50.041876046901166,5,NEUTRAL,0,NEDTREND,True,1,0.14285714285714285,LÅG,EJ AKTUELL,-6.6,0.625,,2026-08-12,0,True
TSLA,"Tesla, Inc.",Consumer Cyclical,Auto Manufacturers,United States,USD,1297742229687.0466,264.41661149999993,127.3174745,4.6818,4.492778650000001,12.524173,12.266,99.2185,-0.15594998799999998,-0.05608000400000002,-0.04695500250000001,-0.09051999600000002,-0.30252999,0.18,-0.133,-0.049,-67.644,0.6675,1.347,3359645056.0,43524001792.0,16080000000.0,1270959308800.0,137806000000.0,,94827000000.0,,,4849000000.0,,3794000000.0,14747000000.0,,0.0,,,,,1.827,498.8299865722656,297.3800048828125,328.5799865722656,397.87274,2.3617,40.0,1.63,0.02,0.17819001,0.42574,False,False,,0.621,45302554.0,36366020.0,0.9995998563951631,-19.18,-20.21,-17.28,,-0.34129864800206,0.4641313524862491,34.91571670282492,-0.13631814699933875,-0.19622455352300383,True,0.39786129907752615,,0.427,US,True,40.8756438557763,21.05991091739787,34.19953435233571,34.42971551082549,36.586416878703716,18.702290076335878,12.352941176470589,55.55555555555556,50.0,73.5632183908046,62.1,34.50544648445951,standard,377,11949146363,False,44.4,False,75.96314907872697,10.469011725293132,8.542713567839195,50.041876046901166,50.041876046901166,50.041876046901166,4,NEUTRAL,0,NEDTREND,True,0,0.0,LÅG,EJ AKTUELL,-5.0,0.875,,2026-08-12,0,True
KINV-B.ST,Kinnevik AB,Financial Services,Asset Management,Sweden,SEK,,,-4.445899500000005,4.76,-6.1746393,-1.970725,-1.065,,-0.42411000000000004,-0.16487499000000003,-0.3050624950000001,0.49811,-0.40976003000000005,1.5494999999999999,1.5415,1.743,-50.510125,4.6955,6.233,-6160043744.0,9354999808.0,2055000064.0,8587986432.0,38117000000.0,,-4223000000.0,,,,,-3346000000.0,-215000000.0,,0.0,,2.71,7.0,1717718400.0,1.386,91.26000213623047,46.779998779296875,,67.28571,2.0,7.0,,,0.028989999,0.54906,False,False,,0.5,1232880.0,782365.0,1.3978248754362,,,,,,0.3583842842580434,76.27122162368178,,,True,,,0.5,Nordic,True,,24.6049225987002,,79.24167890565087,51.63828280476516,,12.352941176470589,,50.0,,50.0,34.27674329682751,holding,378,,True,46.8,False,36.97654941373534,50.041876046901166,50.041876046901166,50.041876046901166,50.041876046901166,50.041876046901166,4,NEUTRAL,0,UPPTREND,False,1,0.14285714285714285,LÅG,EJ AKTUELL,-0.4,0.75,SUSPICIOUS_FWD_PE;,2026-08-12,0,True
REAL.TO,Real Matters Inc.,Real Estate,Real Estate Services,Canada,CAD,384063795.6676483,,8.5667185,,-1.8548964749999999,2.0081873,1.806,-1766.6132500000003,-0.27140000000000003,-0.05006000000000001,-0.299100002,-0.33528998000000004,-0.12792000000000003,0.0685,,,-70.834,2.27075,3.754,-319807492.0,40016000.0,1288000.0,345351296.0,111562000.0,,169749000.0,,,-7928000.0,,-22657000.0,-7183000.0,,0.0,,,,,1.263,8.0,4.71999979019165,5.170000076293945,6.3808165,2.16667,6.0,16.04,,0.0016,0.37237,False,False,,0.5,37683.0,24110.0,1.7192167275141055,1.77,-9.62,-27.08,,-0.35374999046325684,0.4582009991570279,51.304357921701616,0.004937237928294813,-0.12718308457866045,True,0.8443162169823557,,0.163,Canada,True,,12.936829440241723,35.22789541465263,34.217194570135746,46.285508584035966,99.23664122137404,12.352941176470589,,50.0,,50.0,33.96127361899316,standard,379,89489,False,56.2,False,36.97654941373534,97.52931323283082,65.49413735343383,50.041876046901166,50.041876046901166,50.041876046901166,2,SVAG,-8,NEDTREND,True,0,0.0,LÅG,EJ AKTUELL,-14.7,0.75,EXTREME_EARNINGS_GROWTH;,2026-08-12,0,True
CCO.TO,Cameco Corporation,Energy,Uranium,Canada,CAD,59171510656.90823,141.76563125,36.75340525000001,1.92,2.9561713749999994,17.029627,17.061,62.66125,-0.09702000449999998,-0.04194500100000001,0.04139998949999999,-0.084554975,-0.04897002,-0.384,-1.9865000000000002,-0.921,-15.122,0.9707500000000002,1.875,-269782368.0,1112717952.0,1222128000.0,59280957440.0,10301282000.0,,3481933000.0,,,621259000.0,,589577000.0,1408432000.0,0.18,0.2963,0.24,0.23,0.24,1764547200.0,0.992,182.72000122070312,95.41489544708372,135.86000061035156,178.29411,1.70833,17.0,2.97,,0.0014399999,0.6827,False,False,,0.5,1041841.0,1140410.0,0.7164505773069837,1.19,-16.22,-9.21,,-0.256457970103396,0.554785345148805,67.50935561674953,-0.020543632214701013,-0.06450044722894965,True,0.9667739466943983,,0.325,Canada,True,31.270203750222013,33.302744135742934,40.05870002474416,3.18331522246653,45.277013243307664,61.45038167938931,67.52941176470588,39.84674329501915,50.0,,50.0,32.709204722861635,commodity,380,111232753,False,43.1,False,36.97654941373534,69.76549413735343,5.6951423785594635,50.041876046901166,50.041876046901166,50.041876046901166,2,SVAG,-8,NEDTREND,True,1,0.14285714285714285,LÅG,EJ AKTUELL,-21.9,0.875,,2026-08-12,0,True
SBB-B.ST,Samhällsbyggnadsbolaget i Norden AB (publ),Real Estate,Real Estate Services,Sweden,SEK,4626403878.152657,,-21.81551675000001,,-10.211251129999999,3.419616,26.076,43.658875,-0.1791875,-0.021130001500000002,-2.4121301052499997,-0.08377250250000005,0.24124997000000004,-0.048,,,58.837625,-0.05324999999999991,0.392,-1441840256.0,2066000000.0,39542001664.0,48866611200.0,69409000000.0,,1871000000.0,,,584000000.0,,-2326000000.0,1202000000.0,,0.0,,17.77,1.2,1719360000.0,2.528,5.823999881744385,2.950000047683716,3.2829999923706055,3.35,,1.0,,,0.30080998,0.24239,False,False,,0.5,14121200.0,10999387.0,0.477307029166067,-8.81,-2.29,-33.38,,-0.43629806678716954,0.47391230447651517,33.02253083463735,-0.020128702226328565,-0.1905319632485487,False,0.39307759957265126,,0.5,Nordic,True,24.754002689604423,27.215435886652266,37.06354514503921,27.79939668174962,34.25252469608023,93.51145038167938,12.352941176470589,29.118773946360154,50.0,,50.0,32.6957538731426,standard,381,3807128,False,49.7,False,31.715481171548117,90.4602510460251,37.99163179916318,50.04184100418409,50.04184100418409,50.04184100418409,2,SVAG,-8,NEDTREND,True,0,0.0,LÅG,EJ AKTUELL,0.0,0.75,EXTREME_EARNINGS_GROWTH;SUSPICIOUS_FWD_PE;,2026-08-12,0,True
0012.HK,Henderson Land Development Company Limited,Real Estate,Real Estate - Diversified,Hong Kong,HKD,130136478577.58633,-2.642243999999999,-5.537177749999998,1.1226,-1.3476545049999993,5.0556107,11.274,46.122499999999995,-0.02844500099999999,-0.012559999999999998,-0.08004249899999996,-0.2603799945,-0.07106000000000001,0.1355,-0.20750000000000002,-0.121,-0.14449999999999807,2.151,0.771,-45474656768.0,23119998976.0,164753997824.0,290192490496.0,539381000000.0,,25741000000.0,,,4347000000.0,,5653000000.0,12325000000.0,4.69,1.5789,1.26,6.89,0.76,1780531200.0,1.165,34.751161462960866,24.579999923706055,26.8799991607666,32.444,2.0,10.0,,,0.72547996,0.095690005,False,False,,0.5,8977848.0,7793135.0,1.877963154626428,7.95,-20.19,-13.1,,-0.22650069726687128,0.25693473628900393,45.762693371717404,-0.007426997049850725,-0.078347325839771,False,0.2933949944123958,,0.5,Asia,True,10.877166273375455,30.08926073257667,37.02911563692549,34.28915449135347,62.316906698153474,42.74809160305343,29.64705882352941,9.578544061302683,50.0,,50.0,32.37330029407855,standard,382,26695346,False,39.5,False,36.97654941373534,22.948073701842546,28.30820770519263,50.041876046901166,50.041876046901166,50.041876046901166,3,SVAG,-8,NEDTREND,True,1,0.14285714285714285,LÅG,EJ AKTUELL,-8.7,0.875,SUSPICIOUS_FWD_PE;,2026-08-12,0,True
HIVE,HIVE Digital Technologies Ltd.,Financial Services,Capital Markets,United States,USD,777133447.1534152,,172.25347299999999,,-8.26198565,2.6096609,2.679,0.718,-0.49741996999999993,-0.14501000000000003,-0.7622474985,-1.20071247,-0.12873001,1.2105,,,-63.78350000000002,-0.49350000000000005,0.752,-1333751312.0,32854000.0,71066000.0,797715520.0,639146000.0,,297791000.0,,,-116462000.0,,-148448000.0,62337000.0,,0.0,,,,,3.699,7.840000152587891,1.7300000190734863,2.8399999141693115,7.0625,1.25,8.0,1.99,,0.00975,0.39261,False,False,,0.757,27446545.0,16057130.0,0.8097770453500818,-15.48,-1.05,41.29,,-0.6377551200388866,1.000576103600071,42.937854933781615,-0.19873606296469704,-0.08590559300221445,True,0.32805919260301764,,0.32,US,True,,9.125660458458531,67.95809171021396,53.20965309200603,9.020534333372138,97.32824427480917,12.352941176470589,,50.0,,75.7,32.04947828367742,holding,383,45602248,False,55.1,False,36.97654941373534,97.52931323283082,57.78894472361809,50.041876046901166,50.041876046901166,50.041876046901166,1,SVAG,-8,NEDTREND,True,1,0.14285714285714285,LÅG,EJ AKTUELL,-8.8,0.75,EXTREME_EARNINGS_GROWTH;,2026-08-12,0,True
CRH.L,CRH plc,Basic Materials,Building Materials,Ireland,GBp,58734817280.0,-10.042162625000003,1258.6953105,2.2984,318.22926312000016,1.5684786,2.025,-18.649625000000007,-0.18541435637500006,-0.029599997750000023,-0.36020748624999993,-0.32150636000000005,-0.8436500200000002,-0.025999999999999995,0.067,0.458,135.450125,-1.7321249999999997,1.091,1652056224.0,4096000000.0,19704999936.0,75823243264.0,58329000000.0,,37447000000.0,,,5323000000.0,,3730000000.0,5625000000.0,0.0127,0.26860002,1.11,2.21,0.39,1772668800.0,1.241,9758.0,6340.0,8790.0,10476.811,1.33333,11.0,,,0.00139,0.90112996,False,False,,0.5,425571.0,576326.0,,,,,,,,,,,,,,0.525,UK,True,,7.511839157764489,,52.1403705370155,21.327324230984573,62.213740458015266,24.705882352941178,78.16091954022988,50.0,,50.0,31.621241179038016,standard,384,5065905540,False,59.2,False,75.6463719766472,48.790658882402,69.89157631359465,50.0417014178482,50.0417014178482,50.0417014178482,5,NEUTRAL,0,UPPTREND,False,0,0.0,LÅG,EJ AKTUELL,0.0,0.875,,2026-08-12,0,True
BITF,Bitfarms Ltd,Financial Services,Capital Markets,United States,USD,3701505900.6906896,,-265.08184300000005,,-59.527056699999996,,,,,,-0.2972987590000001,-0.35679746749999997,-0.9282799250000002,,,,,,,,,,,,,,,,,,,,,0.0,,,,,,6.599999904632568,0.699999988079071,6.139999866485596,,,,2.29,0.1155,0.04605,0.40001,False,False,,0.5,32660486.0,32421308.0,1.1138113700200658,98.71,208.54,76.44,,-0.06969697648390827,1.0975704601611582,85.3242231949193,0.8115834730700242,1.118611126689414,True,0.9813241351275993,,0.5,US,True,,4.587542087542087,97.34250092484388,30.470588235294116,2.25,94.65648854961832,12.352941176470589,,50.0,14.942528735632186,50.0,31.579598099156563,holding,385,199066827,False,,,,,,,,,1,SVAG,-8,UPPTREND,False,1,0.14285714285714285,LÅG,EJ AKTUELL,0.0,0.25,EXTREME_GROWTH;EXTREME_EARNINGS_GROWTH;SUSPICIOUS_FWD_PE;MISSING_CRITICAL;,2026-08-12,0,True
5801.T,"Furukawa Electric Co., Ltd.",Industrials,Electrical Equipment & Parts,Japan,JPY,2712682318912.0,4.460012,-18.99858325,0.38,1.3841393000000002,2.074614,2.315,4.440250000000001,-0.057889993,-0.077879996,-0.06437749699999998,-0.11168252500000006,-0.21308000000000002,0.028999999999999998,1.0679999999999998,1.176,44.27875000000001,-0.6945,0.776,-334086939136.0,70971998208.0,329362997248.0,3026543181824.0,1066372000000.0,,1307560000000.0,,,63857000000.0,,72514000000.0,28116000000.0,0.56,0.2038,22.0,2.19,11.0,1790640000.0,1.122,6241.0,803.1028507552973,3856.0,6431.1113,1.77778,9.0,,,0.027929999,0.51015,False,False,,0.5,36625859.0,31890370.0,1.0,17.64,-26.21,,,-29.8,1.0001,65.0,3.66,,True,0.8166698294068649,,0.618,Japan,True,31.569105072187966,23.01172822449418,3.513059285555041,70.94253796914927,28.297691706440936,15.648854961832063,67.52941176470588,13.026819923371647,50.0,,50.0,31.51713385491445,standard,386,771780120,False,42.6,False,36.97654941373534,7.537688442211055,64.65661641541038,50.041876046901166,50.041876046901166,50.041876046901166,2,SVAG,-8,UPPTREND,False,2,0.2857142857142857,LÅG,EJ AKTUELL,-3.0,0.875,SUSPICIOUS_FWD_PE;,2026-08-12,0,True
BURE.ST,Bure Equity AB (publ),Financial Services,Asset Management,Sweden,SEK,,,,1.16,-5.5831649,-5.469446,-5.311,-16.813,-0.39832000000000006,-0.139745,-0.3050624950000001,0.5562598999999999,-0.40976003000000005,,,,-57.430125000000004,29.654500000000002,31.294,-3286857696.0,521000000.0,3000000.0,19835348992.0,20091000000.0,,268000000.0,,,-4675000000.0,,-4678000000.0,296000000.0,1.01,1.7361,2.75,0.85,2.75,1778630400.0,1.29,312.58589104575225,188.26420330932774,,,,,,,0.29,0.44104,False,False,,0.5,129904.0,114019.0,0.7778923812242717,,,,,,0.3104942428134411,46.975069546901196,,,True,,,0.5,Nordic,True,,25.192896447412707,,30.470588235294116,58.52069647935341,,29.64705882352941,9.195402298850574,50.0,,50.0,30.867467934444196,holding,387,,True,46.8,False,36.97654941373534,50.041876046901166,50.041876046901166,50.041876046901166,50.041876046901166,50.041876046901166,4,NEUTRAL,0,UPPTREND,False,0,0.0,LÅG,EJ AKTUELL,-9.7,0.625,EXTREME_GROWTH;EXTREME_EARNINGS_GROWTH;,2026-08-12,0,True
051910.KS,"LG Chem, Ltd.",Basic Materials,Chemicals,South Korea,KRW,19483486116000.0,,-1.3208210000000005,1.13,,0.47376946,1.334,0.9499999999999993,-0.15892000650000002,-0.0479499996,-0.20890751099999993,-0.20010998419999998,-0.21882000000000001,-0.131,,,61.586999999999996,-0.8279999999999996,0.658,-5996132423680.0,9686781788160.0,35687030063104.0,60833916780544.0,101061661000000.0,,45932167000000.0,,,1180900000000.0,,-1819449000000.0,8233859000000.0,0.72,0.0,2000.0,1.29,2000.0,1774828800.0,1.444,437500.0,224000.0,276000.0,408200.0,1.72,25.0,,,0.34978,0.27728,False,False,,0.5,307990.0,224463.0,0.9386688008785881,8.24,-35.06,-10.54,,-0.3691428571428571,0.6365360642889577,58.712121212121204,-0.055182801588388286,-0.1824242103771656,True,0.9948132212106504,,0.473,Asia,True,39.80411560224303,14.498910363021162,35.00532040430173,12.358974358974358,23.84786549367215,6.870229007633588,67.52941176470588,15.708812260536398,50.0,,50.0,30.76169832083034,standard,388,45224805,False,46.2,False,36.97654941373534,2.554438860971524,93.71859296482413,50.041876046901166,50.041876046901166,50.041876046901166,2,SVAG,-8,NEDTREND,True,1,0.14285714285714285,LÅG,EJ AKTUELL,-13.7,0.625,EXTREME_EARNINGS_GROWTH;SUSPICIOUS_FWD_PE;,2026-08-12,0,True
TROAX.ST,Troax Group AB (publ),Industrials,Metal Fabrication,Sweden,SEK,,313.96363249999996,190.52572175,,47.0606893,31.215517,31.874,181.3195,-0.21152999899999997,-0.004664997000000004,-0.13697999300000002,-0.11794251900000001,-0.049330030000000025,0.133,,,61.556375,0.502,1.317,-867602882.0,15000000.0,200200000.0,8970494976.0,398997000.0,,262440000.0,,,33142000.0,,13453000.0,34546000.0,1.74,6.0,2.6,1.83,0.24,1776902400.0,1.21,163.65773798126023,88.4150972366662,,156.63058,,4.0,,,0.05954,0.84019995,False,False,,0.5,58327.0,28343.0,0.4777314712087625,,,,,,0.5710850233226586,61.340209226296864,,,True,,,0.165,Nordic,True,12.257745299535662,27.33417503590125,,39.96003016591252,42.59176838901731,,29.64705882352941,16.091954022988507,50.0,,50.0,30.640977691128928,standard,389,,True,39.7,False,36.97654941373534,50.041876046901166,2.554438860971524,50.041876046901166,50.041876046901166,50.041876046901166,2,SVAG,-8,UPPTREND,False,0,0.0,LÅG,EJ AKTUELL,-16.4,0.875,EXTREME_EARNINGS_GROWTH;,2026-08-12,0,True
RKLB,Rocket Lab Corporation,Industrials,Aerospace & Defense,United States,USD,47947594014.188,,9919.44236925,,9.823999150000002,76.1557,68.709,-303.1745,-0.348289988,-0.13282000000000005,-0.37310499550000004,-0.35495499500000005,-0.12548999,0.542,,,-78.231,3.2079999999999993,3.874,-1691354064.0,1383351040.0,138670000.0,46693269504.0,2324478000.0,,601799000.0,,,-228838000.0,,-198209000.0,-165521000.0,,0.0,,,,,2.629,151.0,37.56999969482422,82.83000183105469,111.3125,1.61111,16.0,1.71,0.0797,0.0083099995,0.59024,False,False,,0.722,25560996.0,18184630.0,0.98,-1.03,-33.65,,,-48.08,1.043,58.8,-11.24,,True,1.0230828135208458,,0.838,US,True,,10.887610983957833,1.1713055855670458,81.40422322775264,31.778910489874885,65.2671755725191,12.352941176470589,26.053639846743295,50.0,20.689655172413794,72.2,29.749457928666306,standard,390,1506232936,False,42.9,False,36.97654941373534,71.69179229480737,2.554438860971524,50.041876046901166,50.041876046901166,50.041876046901166,2,SVAG,-8,VARNING,False,1,0.14285714285714285,LÅG,EJ AKTUELL,-0.9,0.75,EXTREME_EARNINGS_GROWTH;,2026-08-12,0,True
ARBK,Argo Blockchain plc,Financial Services,Capital Markets,United Kingdom,USD,42104600.03677869,-19.6250997,-28.588257000000002,,-6.67509625,2.7128448,1.421,-16.232000000000003,,-0.31412999999999996,0.06381250150000001,-4.29780247,-0.31083999000000007,,,,,-1.0864999999999998,0.354,-1480309563.0,16389443.0,0.0,22048710.0,22730000.0,,15521000.0,,,-9774000.0,,5084000.0,-25006000.0,,0.0,,,,,1.913,205.1999969482422,2.630000114440918,2.877000093460083,,,,0.96,0.0011,0.97045,0.00386,False,False,,0.5,17385.0,9980.0,0.652294085129906,-12.82,-18.73,-5.98,,-0.9859795314997701,1.6494840525436847,33.915238436118756,-0.13780183166047544,-0.8025862716390578,True,0.27665860825557304,,0.5,US,True,,22.174202127659573,37.797025963409666,30.470588235294116,4.501823102892019,99.61832061068702,12.352941176470589,,50.0,91.95402298850574,50.0,29.430742831201083,holding,391,28712,True,54.8,False,36.97654941373534,97.52931323283082,56.28140703517588,50.041876046901166,50.041876046901166,50.041876046901166,1,SVAG,-8,NEDTREND,True,0,0.0,LÅG,EJ AKTUELL,-10.6,0.5,EXTREME_GROWTH;EXTREME_EARNINGS_GROWTH;SUSPICIOUS_FWD_PE;,2026-08-12,0,True
WULF,TeraWulf Inc.,Financial Services,Capital Markets,United States,USD,8751106435.087719,,69.24442225000001,,-111.3040922,52.0707,68.048,-98.55099999999999,-22.416360004999998,-0.07147500100000001,-0.26490001700000004,-4.034794995,0.11009996000000005,-0.0905,,,,-0.2995000000000002,1.105,-2187726144.0,2629995008.0,5314066944.0,11436332032.0,6558182000.0,,168455000.0,,,-170309000.0,,-661416000.0,-123180000.0,,0.0,,,5.0,,4.261,29.84000015258789,4.639999866485596,17.65999984741211,37.94444,1.27778,18.0,2.9,0.248,0.22933,0.85535,False,False,,0.787,31696988.0,32973160.0,0.7957773278716174,-25.11,-18.73,21.46,,-0.40817695183957514,1.0792948455521238,38.11626377494465,-0.23757717431260295,0.006465649127723294,False,0.2847686152981984,,0.534,US,True,,16.57130025957806,55.88669457939407,30.70889894419306,10.96860881519793,88.54961832061069,12.352941176470589,7.662835249042145,50.0,14.022988505747126,78.7,29.025489731443287,holding,392,582306001,False,43.5,False,31.715481171548117,84.76987447698745,2.5523012552301254,50.04184100418409,50.04184100418409,50.04184100418409,1,SVAG,-8,VARNING,False,0,0.0,LÅG,EJ AKTUELL,0.0,0.625,EXTREME_EARNINGS_GROWTH;,2026-08-12,0,True
NXE.TO,NexGen Energy Ltd.,Energy,Uranium,Canada,CAD,9735748893.453335,,-70.34763874999999,,0.3178123750000006,,,-98.08075000000001,-0.3248400025,-0.105654999,-0.06074000549999999,-0.175664975,-0.4001,,,,1.3160000000000025,-0.62825,1.441,-618091360.0,970252992.0,619105984.0,9384601600.0,2472933000.0,,0.0,,,-89836000.0,,-309676000.0,-47512000.0,,0.0,,,,,1.648,18.90999984741211,8.680000305175781,14.520000457763672,21.125,1.5,16.0,10.2,,0.06385,0.54508996,False,False,,0.5,1641956.0,2390970.0,0.8695246792208612,11.69,-14.03,-4.41,,-0.2321522699667934,0.5628324804959104,72.93868299431868,0.04358329054298804,-0.01493870693457533,True,1.0469133580471206,,0.325,Canada,True,,15.12573837242645,45.13813860163606,9.176470588235293,34.22039068866309,86.25954198473282,12.352941176470589,21.0727969348659,50.0,,50.0,28.824698249943527,commodity,393,24924176,False,52.6,False,36.97654941373534,89.0284757118928,50.041876046901166,50.041876046901166,50.041876046901166,50.041876046901166,2,SVAG,-8,NEDTREND,True,0,0.0,LÅG,EJ AKTUELL,-10.3,0.625,EXTREME_GROWTH;EXTREME_EARNINGS_GROWTH;SUSPICIOUS_FWD_PE;,2026-08-12,0,True
HAPV3.SA,Hapvida Participações e Investimentos S.A.,Financial Services,Insurance - Life,Brazil,BRL,,,-4.767178,,-3.618421765,0.16065527,0.408,-0.13500000000000156,-0.24401001,-0.01944500299999999,-0.328662502,-0.374427475,-0.19133,-0.0595,,,-51.562000000000005,-0.12249999999999994,1.585,-5064617280.0,8330386944.0,16215185408.0,13002800128.0,72289824000.0,,31577240000.0,,,1908017000.0,,-141747000.0,2088566000.0,,0.0,,,0.08058,1640649600.0,0.256,42.65999984741211,7.0,,13.65385,2.92308,13.0,,,0.39776,0.54997003,False,False,,0.5,6271449.0,4225510.0,0.9356546448721222,,,,,,0.6963307330194388,47.504991083815185,,,True,,,0.621,LatAm,True,,13.397286508486829,,36.170437405731526,47.6592370546529,,12.352941176470589,3.065134099616858,50.0,,50.0,28.812314673500154,standard,394,,True,53.9,False,36.97654941373534,50.041876046901166,97.52931323283082,50.041876046901166,50.041876046901166,50.041876046901166,2,SVAG,-8,UPPTREND,False,0,0.0,LÅG,EJ AKTUELL,-15.2,0.75,EXTREME_EARNINGS_GROWTH;SUSPICIOUS_FWD_PE;,2026-08-12,0,True
MARA,"MARA Holdings, Inc.",Financial Services,Capital Markets,United States,USD,3897759965.674595,,-31.918091999999998,0.1,-7.93161745,4.491423,7.043,-21.006000000000004,-0.8673299900000001,-0.18491000000000002,-2.6120374985000003,-5.96012217,-0.03770998999999997,-0.27849999999999997,,,28.39349999999999,0.25150000000000006,1.627,-2007419424.0,513652992.0,2463960064.0,6112103936.0,7286899000.0,,907093000.0,,,-822169000.0,,-1311480000.0,-802725000.0,,0.0,,,,,5.36,23.450000762939453,6.659999847412109,10.09000015258789,18.12909,,11.0,2.44,0.33150002,0.00857,0.69164,False,False,,0.651,44117383.0,41087180.0,1.1786051990453656,-23.68,-20.55,49.93,,-0.56972282199094,0.8294526975048158,40.342299115158156,-0.21494482433196072,-0.1265165692910839,False,5.43521654990409e-05,,0.395,US,True,,9.421343242599765,60.94303043369257,7.773755656108597,35.835931133691446,94.27480916030534,12.352941176470589,3.8314176245210727,50.0,11.436781609195402,65.10000000000001,28.44006622007521,holding,395,414569652,False,51.1,False,36.97654941373534,97.52931323283082,31.57453936348409,50.041876046901166,50.041876046901166,50.041876046901166,1,SVAG,-8,NEDTREND,True,1,0.14285714285714285,LÅG,EJ AKTUELL,-13.2,0.75,EXTREME_EARNINGS_GROWTH;SUSPICIOUS_FWD_PE;,2026-08-12,0,True
RIOT,"Riot Platforms, Inc.",Financial Services,Capital Markets,United States,USD,7759663412.703896,,-45.908585,,-6.406110950000001,11.878242,12.906,-38.60900000000001,-0.51885999,-0.15011000000000002,-1.5913673984999996,-3.1838024700000003,-0.16758998999999997,-0.0585,,,-40.578500000000005,-0.5145,0.667,-1922203328.0,205666000.0,877185024.0,8431182336.0,3936767000.0,,647435000.0,,,-343298000.0,,-663181000.0,,,0.0,,,1.0,1507766400.0,3.853,30.31999969482422,10.949999809265137,20.520000457763672,29.66476,1.42857,21.0,3.44,0.1532,0.06813,0.80986,False,False,,0.644,16748754.0,19194460.0,0.6556223402486422,-4.6,-14.89,70.15,,-0.323218975451819,0.880735546563252,51.737670312902424,-0.14277834770831888,0.10711113507523873,True,0.4316821855810148,,0.518,US,True,,7.904763063333919,65.48230302050337,33.42684766214178,8.700562106068418,88.93129770992367,12.352941176470589,6.130268199233716,50.0,9.195402298850574,64.4,27.94421694354994,holding,396,393870328,False,46.9,False,36.97654941373534,91.12227805695142,9.547738693467336,50.041876046901166,50.041876046901166,50.041876046901166,3,SVAG,-8,VARNING,False,1,0.14285714285714285,LÅG,EJ AKTUELL,-11.0,0.75,EXTREME_EARNINGS_GROWTH;SUSPICIOUS_FWD_PE;,2026-08-12,0,True
MOR.DE,MOR.DE,Unknown,Unknown,Unknown,USD,,,,,,,,,,,,,,,,,,,,,,,,,,,,,,,,,,,,,,,,,,,,,,,,,,False,False,,0.5,,,,,,,,,,,,,,,,0.5,Europe,True,,,,30.470588235294116,,,12.352941176470589,,50.0,,50.0,27.87437647058823,standard,397,,True,46.8,False,36.97654941373534,50.041876046901166,50.041876046901166,50.041876046901166,50.041876046901166,50.041876046901166,1,SVAG,-8,UPPTREND,False,0,0.0,LÅG,EJ AKTUELL,-2.4,0.0,EXTREME_GROWTH;EXTREME_EARNINGS_GROWTH;MISSING_CRITICAL;,2026-08-12,0,True
SQ,SQ,Unknown,Unknown,Unknown,USD,,,,,,,,,,,,,,,,,,,,,,,,,,,,,,,,,,,,,,,,,,,,,,,,,,False,False,,,,,,,,,,,,,,,,,,0.5,US,,,,,30.470588235294116,,,12.352941176470589,,50.0,,50.0,27.87437647058823,standard,397,,True,,,,,,,,,1,SVAG,-8,UPPTREND,False,0,0.0,LÅG,EJ AKTUELL,0.0,0.0,EXTREME_GROWTH;EXTREME_EARNINGS_GROWTH;MISSING_CRITICAL;,2026-08-12,0,True
CHK,CHK,Unknown,Unknown,Unknown,USD,,,,,,,,,,,,,,,,,,,,,,,,,,,,,,,,,,,,,,,,,,,,,,,,,,False,False,,0.5,,,,,,,,,,,,,,,,0.5,US,True,,,,30.470588235294116,,,12.352941176470589,,50.0,,50.0,27.87437647058823,standard,397,,True,44.6,False,28.362573099415204,50.04177109440268,50.04177109440268,50.04177109440268,50.04177109440268,50.04177109440268,1,SVAG,-8,UPPTREND,False,0,0.0,LÅG,EJ AKTUELL,0.0,0.0,EXTREME_GROWTH;EXTREME_EARNINGS_GROWTH;MISSING_CRITICAL;,2026-08-12,0,True
RWI.L,RWI.L,Unknown,Unknown,Unknown,USD,,,,,,,,,,,,,,,,,,,,,,,,,,,,,,,,,,,,,,,,,,,,,,,,,,False,False,,0.5,,,,,,,,,,,,,,,,0.5,UK,True,,,,30.470588235294116,,,12.352941176470589,,50.0,,50.0,27.87437647058823,standard,397,,True,46.8,False,36.97654941373534,50.041876046901166,50.041876046901166,50.041876046901166,50.041876046901166,50.041876046901166,1,SVAG,-8,UPPTREND,False,0,0.0,LÅG,EJ AKTUELL,-2.4,0.0,EXTREME_GROWTH;EXTREME_EARNINGS_GROWTH;MISSING_CRITICAL;,2026-08-12,0,True
X,X,Unknown,Unknown,Unknown,USD,,,,,,,,,,,,,,,,,,,,,,,,,,,,,,,,,,,,,,,,,,,,,,,,,,False,False,,0.5,,,,,,,,,,,,,,,,0.5,US,True,,,,30.470588235294116,,,12.352941176470589,,50.0,,50.0,27.87437647058823,standard,397,,True,46.8,False,36.97654941373534,50.041876046901166,50.041876046901166,50.041876046901166,50.041876046901166,50.041876046901166,1,SVAG,-8,UPPTREND,False,0,0.0,LÅG,EJ AKTUELL,-2.4,0.0,EXTREME_GROWTH;EXTREME_EARNINGS_GROWTH;MISSING_CRITICAL;,2026-08-12,0,True
CRAYN.OL,CRAYN.OL,Unknown,Unknown,Unknown,USD,,,,,,,,,,,,,,,,,,,,,,,,,,,,,,,,,,,,,,,,,,,,,,,,,,False,False,,0.5,,,,,,,,,,,,,,,,0.5,Nordic,True,,,,30.470588235294116,,,12.352941176470589,,50.0,,50.0,27.87437647058823,standard,397,,True,46.8,False,36.97654941373534,50.041876046901166,50.041876046901166,50.041876046901166,50.041876046901166,50.041876046901166,1,SVAG,-8,UPPTREND,False,0,0.0,LÅG,EJ AKTUELL,-2.4,0.0,EXTREME_GROWTH;EXTREME_EARNINGS_GROWTH;MISSING_CRITICAL;,2026-08-12,0,True
MSY.L,2719985,Unknown,Unknown,Unknown,USD,,,,,,,,,,,,,,,,,,,,,,,,,,,,,,,,,,,,,,,,,,,,,,,,,,False,False,,0.5,,,,,,,,,,,,,,,,0.5,UK,True,,,,30.470588235294116,,,12.352941176470589,,50.0,,50.0,27.87437647058823,standard,397,,True,46.8,False,36.97654941373534,50.041876046901166,50.041876046901166,50.041876046901166,50.041876046901166,50.041876046901166,1,SVAG,-8,UPPTREND,False,0,0.0,LÅG,EJ AKTUELL,-2.4,0.0,EXTREME_GROWTH;EXTREME_EARNINGS_GROWTH;MISSING_CRITICAL;,2026-08-12,0,True
HMED.ST,Hansa Medical AB (publ),Unknown,Unknown,Unknown,USD,,,,,,,,,,,,,,,,,,,,,,,,,,,,,,,,,,,,,,,,,,,,,,,,,,False,False,,0.5,,,,,,,,,,,,,,,,0.5,Nordic,True,,,,30.470588235294116,,,12.352941176470589,,50.0,,50.0,27.87437647058823,standard,397,,True,46.8,False,36.97654941373534,50.041876046901166,50.041876046901166,50.041876046901166,50.041876046901166,50.041876046901166,1,SVAG,-8,UPPTREND,False,0,0.0,LÅG,EJ AKTUELL,-2.4,0.0,EXTREME_GROWTH;EXTREME_EARNINGS_GROWTH;MISSING_CRITICAL;,2026-08-12,0,True
6714.T,6714.T,Unknown,Unknown,Unknown,USD,,,,,,,,,,,,,,,,,,,,,,,,,,,,,,,,,,,,,,,,,,,,,,,,,,False,False,,0.5,,,,,,,,,,,,,,,,0.5,Japan,True,,,,30.470588235294116,,,12.352941176470589,,50.0,,50.0,27.87437647058823,standard,397,,True,46.8,False,36.97654941373534,50.041876046901166,50.041876046901166,50.041876046901166,50.041876046901166,50.041876046901166,1,SVAG,-8,UPPTREND,False,0,0.0,LÅG,EJ AKTUELL,-2.4,0.0,EXTREME_GROWTH;EXTREME_EARNINGS_GROWTH;MISSING_CRITICAL;,2026-08-12,0,True
DARK.L,DARK.L,Unknown,Unknown,Unknown,USD,,,,,,,,,,,,,,,,,,,,,,,,,,,,,,,,,,,,,,,,,,,,,,,,,,False,False,,0.5,,,,,,,,,,,,,,,,0.5,UK,True,,,,30.470588235294116,,,12.352941176470589,,50.0,,50.0,27.87437647058823,standard,397,,True,46.8,False,36.97654941373534,50.041876046901166,50.041876046901166,50.041876046901166,50.041876046901166,50.041876046901166,1,SVAG,-8,UPPTREND,False,0,0.0,LÅG,EJ AKTUELL,-2.4,0.0,EXTREME_GROWTH;EXTREME_EARNINGS_GROWTH;MISSING_CRITICAL;,2026-08-12,0,True
COB.L,COB.L,Unknown,Unknown,Unknown,USD,,,,,,,,,,,,,,,,,,,,,,,,,,,,,,,,,,,,,,,,,,,,,,,,,,False,False,,0.5,,,,,,,,,,,,,,,,0.5,UK,True,,,,30.470588235294116,,,12.352941176470589,,50.0,,50.0,27.87437647058823,standard,397,,True,46.8,False,36.97654941373534,50.041876046901166,50.041876046901166,50.041876046901166,50.041876046901166,50.041876046901166,1,SVAG,-8,UPPTREND,False,0,0.0,LÅG,EJ AKTUELL,-2.4,0.0,EXTREME_GROWTH;EXTREME_EARNINGS_GROWTH;MISSING_CRITICAL;,2026-08-12,0,True
SHG.L,SHG.L,Unknown,Unknown,Unknown,USD,,,,,,,,,,,,,,,,,,,,,,,,,,,,,,,,,,,,,,,,,,,,,,,,,,False,False,,0.5,,,,,,,,,,,,,,,,0.5,UK,True,,,,30.470588235294116,,,12.352941176470589,,50.0,,50.0,27.87437647058823,standard,397,,True,46.8,False,36.97654941373534,50.041876046901166,50.041876046901166,50.041876046901166,50.041876046901166,50.041876046901166,1,SVAG,-8,UPPTREND,False,0,0.0,LÅG,EJ AKTUELL,-2.4,0.0,EXTREME_GROWTH;EXTREME_EARNINGS_GROWTH;MISSING_CRITICAL;,2026-08-12,0,True
UN01.DE,UN01.DE,Unknown,Unknown,Unknown,USD,,,,,,,,,,,,,,,,,,,,,,,,,,,,,,,,,,,,,,,,,,,,,,,,,,False,False,,0.5,,,,,,,,,,,,,,,,0.5,Europe,True,,,,30.470588235294116,,,12.352941176470589,,50.0,,50.0,27.87437647058823,standard,397,,True,46.8,False,36.97654941373534,50.041876046901166,50.041876046901166,50.041876046901166,50.041876046901166,50.041876046901166,1,SVAG,-8,UPPTREND,False,0,0.0,LÅG,EJ AKTUELL,-2.4,0.0,EXTREME_GROWTH;EXTREME_EARNINGS_GROWTH;MISSING_CRITICAL;,2026-08-12,0,True
ALTM,ALTM,Unknown,Unknown,Unknown,USD,,,,,,,,,,,,,,,,,,,,,,,,,,,,,,,,,,,,,,,,,,,,,,,,,,False,False,,0.5,,,,,,,,,,,,,,,,0.5,US,True,,,,30.470588235294116,,,12.352941176470589,,50.0,,50.0,27.87437647058823,standard,397,,True,46.8,False,36.97654941373534,50.041876046901166,50.041876046901166,50.041876046901166,50.041876046901166,50.041876046901166,1,SVAG,-8,UPPTREND,False,0,0.0,LÅG,EJ AKTUELL,-2.4,0.0,EXTREME_GROWTH;EXTREME_EARNINGS_GROWTH;MISSING_CRITICAL;,2026-08-12,0,True
SPD.L,SPD.L,Unknown,Unknown,Unknown,USD,,,,,,,,,,,,,,,,,,,,,,,,,,,,,,,,,,,,,,,,,,,,,,,,,,False,False,,0.5,,,,,,,,,,,,,,,,0.5,UK,True,,,,30.470588235294116,,,12.352941176470589,,50.0,,50.0,27.87437647058823,standard,397,,True,46.8,False,36.97654941373534,50.041876046901166,50.041876046901166,50.041876046901166,50.041876046901166,50.041876046901166,1,SVAG,-8,UPPTREND,False,0,0.0,LÅG,EJ AKTUELL,-2.4,0.0,EXTREME_GROWTH;EXTREME_EARNINGS_GROWTH;MISSING_CRITICAL;,2026-08-12,0,True
HOLX,HOLX,Unknown,Unknown,Unknown,USD,,,,,,,,,,,,,,,,,,,,,,,,,,,,,,,,,,,,,,,,,,,,,,,,,,False,False,,0.5,,,,,,,,,,,,,,,,0.5,US,True,,,,30.470588235294116,,,12.352941176470589,,50.0,,50.0,27.87437647058823,standard,397,,True,46.8,False,36.97654941373534,50.041876046901166,50.041876046901166,50.041876046901166,50.041876046901166,50.041876046901166,1,SVAG,-8,UPPTREND,False,0,0.0,LÅG,EJ AKTUELL,-2.4,0.0,EXTREME_GROWTH;EXTREME_EARNINGS_GROWTH;MISSING_CRITICAL;,2026-08-12,0,True
MGGT.L,MGGT.L,Unknown,Unknown,Unknown,USD,,,,,,,,,,,,,,,,,,,,,,,,,,,,,,,,,,,,,,,,,,,,,,,,,,False,False,,0.5,,,,,,,,,,,,,,,,0.5,UK,True,,,,30.470588235294116,,,12.352941176470589,,50.0,,50.0,27.87437647058823,standard,397,,True,44.6,False,28.362573099415204,50.04177109440268,50.04177109440268,50.04177109440268,50.04177109440268,50.04177109440268,1,SVAG,-8,UPPTREND,False,0,0.0,LÅG,EJ AKTUELL,0.0,0.0,EXTREME_GROWTH;EXTREME_EARNINGS_GROWTH;MISSING_CRITICAL;,2026-08-12,0,True
GKN.L,8072713,Unknown,Unknown,Unknown,USD,,,,,,,,,,,,,,,,,,,,,,,,,,,,,,,,,,,,,,,,,,,,,,,,,,False,False,,0.5,,,,,,,,,,,,,,,,0.5,UK,True,,,,30.470588235294116,,,12.352941176470589,,50.0,,50.0,27.87437647058823,standard,397,,True,46.8,False,36.97654941373534,50.041876046901166,50.041876046901166,50.041876046901166,50.041876046901166,50.041876046901166,1,SVAG,-8,UPPTREND,False,0,0.0,LÅG,EJ AKTUELL,-2.4,0.0,EXTREME_GROWTH;EXTREME_EARNINGS_GROWTH;MISSING_CRITICAL;,2026-08-12,0,True
8028.T,8028.T,Unknown,Unknown,Unknown,USD,,,,,,,,,,,,,,,,,,,,,,,,,,,,,,,,,,,,,,,,,,,,,,,,,,False,False,,0.5,,,,,,,,,,,,,,,,0.5,Japan,True,,,,30.470588235294116,,,12.352941176470589,,50.0,,50.0,27.87437647058823,standard,397,,True,46.8,False,36.97654941373534,50.041876046901166,50.041876046901166,50.041876046901166,50.041876046901166,50.041876046901166,1,SVAG,-8,UPPTREND,False,0,0.0,LÅG,EJ AKTUELL,-2.4,0.0,EXTREME_GROWTH;EXTREME_EARNINGS_GROWTH;MISSING_CRITICAL;,2026-08-12,0,True
JBSS3.SA,JBSS3.SA,Unknown,Unknown,Unknown,USD,,,,,,,,,,,,,,,,,,,,,,,,,,,,,,,,,,,,,,,,,,,,,,,,,,False,False,,0.5,,,,,,,,,,,,,,,,0.5,LatAm,True,,,,30.470588235294116,,,12.352941176470589,,50.0,,50.0,27.87437647058823,standard,397,,True,46.8,False,36.97654941373534,50.041876046901166,50.041876046901166,50.041876046901166,50.041876046901166,50.041876046901166,1,SVAG,-8,UPPTREND,False,0,0.0,LÅG,EJ AKTUELL,-2.4,0.0,EXTREME_GROWTH;EXTREME_EARNINGS_GROWTH;MISSING_CRITICAL;,2026-08-12,0,True
SAND,SAND,Unknown,Unknown,Unknown,USD,,,,,,,,,,,,,,,,,,,,,,,,,,,,,,,,,,,,,,,,,,,,,,,,,,False,False,,0.5,,,,,,,,,,,,,,,,0.5,US,True,,,,30.470588235294116,,,12.352941176470589,,50.0,,50.0,27.87437647058823,standard,397,,True,46.8,False,36.97654941373534,50.041876046901166,50.041876046901166,50.041876046901166,50.041876046901166,50.041876046901166,1,SVAG,-8,UPPTREND,False,0,0.0,LÅG,EJ AKTUELL,-2.4,0.0,EXTREME_GROWTH;EXTREME_EARNINGS_GROWTH;MISSING_CRITICAL;,2026-08-12,0,True
LANC,Lancaster Colony Corporation,Unknown,Unknown,Unknown,USD,,,,,,,,,,,,,,,,,,,,,,,,,,,,,,,,,,,,,,,,,,172.77,,,,,,,,False,False,,0.5,,,,,,,,,,,,,,,,0.5,US,True,,,,30.470588235294116,,,12.352941176470589,,50.0,,50.0,27.87437647058823,standard,397,,True,46.8,False,36.97654941373534,50.041876046901166,50.041876046901166,50.041876046901166,50.041876046901166,50.041876046901166,1,SVAG,-8,UPPTREND,False,0,0.0,LÅG,EJ AKTUELL,-2.4,0.0,EXTREME_GROWTH;EXTREME_EARNINGS_GROWTH;MISSING_CRITICAL;,2026-08-12,0,True
005380.KS,Hyundai Motor Company,Consumer Cyclical,Auto Manufacturers,South Korea,KRW,80055554103000.0,,-5.542177499999994,4.13,,0.54874396,1.443,5.526499999999999,-0.05493999749999998,-0.03966000400000001,-0.09355750599999996,-0.07544499049999998,-0.21227999000000003,-0.055999999999999994,,-0.159,106.68299999999998,,,,20255999000576.0,188805000724480.0,272236938264576.0,368844849000000.0,,186254472000000.0,,,11467851000000.0,,9445987000000.0,-5991270000000.0,2.53,0.3039,10000.0,4.02,2500.0,1787875200.0,1.732,783000.0,204949.83875,395500.0,680391.25,1.67742,31.0,,,0.30706,0.18962,False,False,,0.5,1431567.0,807181.0,0.48483609989626114,-14.49,-30.6,-20.26,,-0.49489144316730527,0.6742720705650004,49.035812672176306,-0.22415991525589973,-0.11787537922251934,True,0.4243615147784404,,0.217,Asia,True,,24.586162421369163,31.14959931598302,13.557489267896507,21.365046038371776,1.1450381679389312,67.52941176470588,,50.0,,50.0,27.821212383769723,standard,419,233045262,False,46.0,False,36.97654941373534,2.554438860971524,92.29480737018424,50.041876046901166,50.041876046901166,50.041876046901166,1,SVAG,-8,NEDTREND,True,1,0.14285714285714285,LÅG,EJ AKTUELL,-14.9,0.625,EXTREME_EARNINGS_GROWTH;SUSPICIOUS_FWD_PE;,2026-08-12,0,True
BTBT,"Bit Digital, Inc.",Financial Services,Capital Markets,United States,USD,481519009.93618727,,,,-8.65922415,4.195135,7.97,-19.139,-0.53996001,-0.16706000000000004,-1.7385073985,-5.58181247,0.05850000999999999,0.014499999999999999,,,-17.428500000000007,4.7695,2.286,-2171740992.0,79529568.0,363872736.0,914753984.0,1174418132.0,,113560320.0,,,-56609654.0,,-80316584.0,-288924437.0,,0.0,,,,,3.973,4.550000190734863,1.1799999475479126,1.3799999952316284,4.125,,4.0,1.92,0.16209999,0.01748,0.48132,False,False,,0.803,27097037.0,23710050.0,0.5731187860757879,-17.86,-24.59,-8.31,,-0.6967033104654119,0.8600002803176848,41.01123768578065,-0.18684815229653473,-0.29848640815798566,True,0.3755944229323515,,0.297,US,True,,13.14582569399912,36.377698890432335,28.369532428355956,33.283364653839115,98.47328244274809,12.352941176470589,,50.0,7.471264367816093,90.30000000000001,27.5610046830721,holding,420,32719869,False,51.5,False,36.97654941373534,97.52931323283082,34.003350083752096,50.041876046901166,50.041876046901166,50.041876046901166,2,SVAG,-8,NEDTREND,True,0,0.0,LÅG,EJ AKTUELL,-10.5,0.75,EXTREME_EARNINGS_GROWTH;,2026-08-12,0,True
OPEN,Opendoor Technologies Inc.,Real Estate,Real Estate Services,United States,USD,3384252207.3784947,,-90.61734874999999,,-5.596938275,1.0400283,1.368,-31.1105,-2.0925349874999997,-0.14608999600000006,-0.7140099974999999,-0.5253949950000001,-0.40468999000000005,-0.5015000000000001,,,113.13049999999998,2.2350000000000003,0.926,-1427604688.0,896000000.0,1964000000.0,4452252160.0,2407000000.0,,4371000000.0,,,-277000000.0,,-1300000000.0,1049000000.0,,0.0,,,,,3.594,10.869999885559082,1.7699999809265137,3.484999895095825,4.7,3.0,7.0,2.23,0.19549999,0.04892,0.50777,False,False,,0.802,56490585.0,39564330.0,0.4307608971573315,-34.25,-34.49,-25.85,,-0.6793928305624284,1.343977684635837,29.31033401936925,-0.21599066622507423,-0.3651054114107041,False,0.12649820408389248,,0.462,US,True,,4.6209456496489825,28.709024108005433,8.282805429864254,32.11549523124512,95.0381679389313,12.352941176470589,4.21455938697318,50.0,5.172413793103448,90.2,26.08807805136498,standard,421,137881686,False,58.7,False,36.97654941373534,97.52931323283082,82.1608040201005,50.041876046901166,50.041876046901166,50.041876046901166,2,SVAG,-8,NEDTREND,True,0,0.0,LÅG,EJ AKTUELL,-19.0,0.75,EXTREME_EARNINGS_GROWTH;SUSPICIOUS_FWD_PE;,2026-08-12,0,True
BRNK.DE,Branicks Group AG,Real Estate,Real Estate Services,Germany,EUR,,,-13.388560874999998,6.12,-4.756515714999999,0.28832135,9.651,-117.88650000000003,-0.4558700035,-0.09153500400000002,-1.5463936504999998,-3.2059114775,0.36721995999999996,-0.26849999999999996,,,106.17475000000002,-0.349,0.24,-494563104.0,97065000.0,1859616000.0,2164924672.0,3741591000.0,,251631000.0,,,-297988000.0,,-281113000.0,54844000.0,,0.0,,4.14,0.75,1680220800.0,0.906,2.1549999713897705,0.7559999823570251,,1.85,,2.0,,,0.38667,0.21816999,False,False,,0.5,63418.0,79927.0,1.1513612684683707,,,,,,0.601096208252723,13.19262450287549,,,False,,,0.5,Europe,True,,20.26972570228291,,16.901960784313726,33.54258930501737,,12.352941176470589,5.747126436781609,50.0,,50.0,25.497588247738182,standard,422,,True,53.9,False,36.97654941373534,50.041876046901166,97.52931323283082,50.041876046901166,50.041876046901166,50.041876046901166,1,SVAG,-8,UPPTREND,False,0,0.0,LÅG,EJ AKTUELL,-13.7,0.75,EXTREME_EARNINGS_GROWTH;SUSPICIOUS_FWD_PE;,2026-08-12,0,True
IREN,IREN Limited,Financial Services,Capital Markets,Australia,USD,14734722565.425026,28.888513500000002,-60.941559,3.11,-4.377033450000002,19.462725,21.776,99.21499999999999,-0.11670999000000001,-0.05904000000000001,-0.05497749850000001,-1.02354247,0.19292004000000001,-0.0945,,,71.5955,2.1295,3.504,-3787399040.0,2213274112.0,3964912896.0,16486362112.0,2940323000.0,,501023000.0,,,22122000.0,,86941000.0,245886000.0,,0.0,,,,,4.302,76.87000274658203,17.219999313354492,41.22999954223633,81.73333,1.625,15.0,2.44,0.2709,0.034730002,0.49493,False,False,,0.304,47199245.0,47518430.0,0.691083067826723,-1.17,-27.48,3.62,,-0.46363993665826175,1.1229983190478097,51.52592428994913,-0.12599791551876305,-0.13179575380594255,True,0.7682007903405802,,0.656,US,True,5.94021973560681,26.606517952362992,42.96832011602809,33.01960784313726,34.41256329929654,82.44274809160305,12.352941176470589,5.363984674329502,50.0,12.873563218390805,30.4,24.30464437394926,holding,423,1959184847,False,44.8,False,36.97654941373534,84.42211055276381,2.554438860971524,50.041876046901166,50.041876046901166,50.041876046901166,3,SVAG,-8,NEDTREND,True,0,0.0,LÅG,EJ AKTUELL,-8.6,0.875,EXTREME_EARNINGS_GROWTH;SUSPICIOUS_FWD_PE;,2026-08-12,0,True
CINT.ST,Cint Group AB (publ),Technology,Software - Application,Sweden,SEK,,,44.53376974999999,,0.14604787500000072,14.297781,14.224,135.553,-0.7786899949999999,-0.11241500000000003,-1.332464992,-0.19294251950000002,0.46589996999999994,-0.217,,,-17.025374999999997,-0.21899999999999997,1.273,-826830756.0,61880000.0,51711000.0,2112589824.0,367372000.0,,150442000.0,,,-192300000.0,,-177240000.0,43267000.0,,0.0,,,,,1.403,7.480000019073486,2.1519999504089355,,5.8012342,,2.0,,,1.07095,0.13933,False,False,,0.5,988520.0,296071.0,0.55505020438601,,,,,,0.8300690888174013,16.666666666666657,,,False,,,0.516,Nordic,True,3.268123112836517,23.35455837262341,,24.671191553544496,20.568252371211745,,12.352941176470589,2.681992337164751,50.0,,50.0,22.522214114430035,standard,424,,True,40.4,False,36.97654941373534,50.041876046901166,7.2864321608040195,50.041876046901166,50.041876046901166,50.041876046901166,2,SVAG,-8,UPPTREND,False,0,0.0,LÅG,EJ AKTUELL,-21.2,0.75,EXTREME_EARNINGS_GROWTH;,2026-08-12,0,True
MIGI,Big Digital Energy Inc,Financial Services,Capital Markets,United States,USD,25842498.0,,20.266812500000018,,,0.6500589,1.004,-32.67412500000001,,-0.27109500250000007,-0.8653549929999997,-4.9241571125,-0.19271000999999996,-0.849,,,,-0.7915000000000001,0.389,-3073836420.0,13271256.0,28482320.0,39901348.0,57441666.0,,39754085.0,,,-19883217.0,,-23656569.0,-6899676.0,,0.0,,,,,4.23,40.0,1.695,4.71,,,,0.33,0.1102,0.41764,0.0039,False,False,,0.5,559358.0,325218.0,,,,,,,,,,,,,,0.496,US,True,,8.159050612508059,,9.635746606334841,4.249887745089887,100.0,12.352941176470589,,50.0,17.81609195402299,50.0,19.125581514079517,holding,425,1531777,False,57.5,False,27.936241610738254,97.5251677852349,89.1778523489933,50.041946308724825,50.041946308724825,50.041946308724825,1,SVAG,-8,UPPTREND,False,0,0.0,LÅG,EJ AKTUELL,0.0,0.375,EXTREME_EARNINGS_GROWTH;MISSING_CRITICAL;,2026-08-12,0,True
