ticker,name,sector,industry,country,currency,market_cap,pe_trailing,pe_forward,peg_ratio,price_to_book,price_to_sales,ev_to_revenue,ev_to_ebitda,roe,roa,profit_margin,operating_margin,gross_margin,revenue_growth,earnings_growth,earnings_quarterly_growth,debt_to_equity,current_ratio,quick_ratio,free_cash_flow,total_cash,total_debt,enterprise_value,total_assets,total_assets_prev,revenue_ttm,revenue_prev,revenue_2y_ago,operating_income_ttm,operating_income_prev,net_income_ttm,operating_cashflow_ttm,dividend_yield,payout_ratio,dividend_rate,div_yield_5y_avg,last_dividend_value,ex_dividend_date,beta,52_week_high,52_week_low,current_price,target_mean_price,recommendation_mean,number_of_analysts,short_ratio,short_pct_float,insider_pct,institution_pct,insider_cluster,insider_executive_buy,earnings_revision_rate,options_flow_signal,avg_volume,avg_volume_10d,volume_ratio,return_1m,return_3m,return_6m,return_12m,pct_from_52w_high,volatility,rsi_14,price_vs_ma50,price_vs_ma200,macd_above_signal,bb_position,insider_recent_date,earnings_surprise,exchange_group,_sector_neutralized,score_value,score_quality,score_momentum,score_growth,score_risk,score_size,score_dividend,score_fcf_yield,score_sentiment,score_short_interest,score_options_flow,score_total,company_type,rank,est_daily_turnover_usd,low_liquidity,mews_score,mews_flag,mews_fcf_yield,mews_small_size,mews_low_ps,mews_operating_leverage,mews_revenue_accel,mews_clean_accruals,piotroski_f,piotroski_label,piotroski_boost,trend_signal,trend_capped,factors_positive,confidence_pct,confidence_label,entry_signal,score_delta_4w,data_quality,data_anomaly,data_fetched_date,data_stale_days,_fundamentals_neutralized
000660.KS,SK hynix Inc.,Technology,Semiconductors,South Korea,KRW,1897442123643000.0,,-10.059923950000002,3.6584,,14.36544,14.088,1.1885000000000017,0.48656999,0.22525,0.42214250499999995,0.54195005,0.31673002,1.855,3.7640000000000002,3.975,7.1175,0.7377499999999999,2.174,25774802755584.0,54361531088896.0,21832415576064.0,1860837530664960.0,176107659000000.0,,97146675000000.0,,,47206319000000.0,,42919287000000.0,53373126000000.0,0.11,0.028399998,3000.0,1.08,375.0,1779926400.0,2.027,2987000.0,243980.46875,2673000.0,3048502.2,1.43243,37.0,,,0.20716,0.44072,False,False,,0.5,5175652.0,5976074.0,1.34,,,,,,0.895,60.8,,,True,0.7277184410877314,,1.0,Asia,True,78.81984005555736,95.21264696006662,,96.82296561165901,42.5958827085249,0.37243947858473,33.75,73.621103117506,50.0,,50.0,73.61319089124369,standard,1,11661053435,False,41.6,False,70.05838198498749,2.543786488740617,8.006672226855713,50.0417014178482,50.0417014178482,50.0417014178482,7,STARK,8,UPPTREND,False,3,0.42857142857142855,LÅG,OK,13.1,0.625,SUSPICIOUS_FWD_PE;,2026-07-02,0,True
V,Visa Inc.,Financial Services,Credit Services,United States,USD,558044288670.4779,7.282761999999996,4.913552999999999,1.4757,10.771239249999997,14.860979,14.972,7.388999999999998,0.40107125874999994,0.16065250874999998,0.2590937725,0.2987900099999999,0.4817950099999999,0.11000000000000001,0.22749999999999998,0.315,-4.7890000000000015,-0.6102499999999997,0.669,19447714048.0,13912999936.0,23975999488.0,644195942400.0,99627000000.0,,40000000000.0,,,26556000000.0,,20058000000.0,23059000000.0,0.8,0.2197,2.68,0.7,0.67,1778544000.0,0.765,357.1416263785221,293.2820187246287,336.2300109863281,398.83362,,36.0,2.72,0.0128,0.00084,0.91667,False,False,,0.62,7873214.0,10141530.0,1.8313488498468362,2.63,10.28,-4.46,,-0.05855272487903862,0.2136737593095996,62.939493241156796,0.0413009953108634,0.026291899620128234,True,0.9794790355887026,,0.869,US,True,77.59996527664747,95.05621943559865,55.82410471826205,71.39491932889717,54.950967655804654,23.463687150837988,67.41071428571429,86.810551558753,50.0,87.39495798319328,62.0,70.65925402228156,standard,3,3409886743,False,47.5,False,84.07005838198499,19.26605504587156,7.422852376980818,50.0417014178482,50.0417014178482,50.0417014178482,7,STARK,8,UPPTREND,False,4,0.5714285714285714,MEDEL,OK,6.2,0.875,,2026-07-02,0,True
2330.TW,Taiwan Semiconductor Manufacturing Company Limited,Technology,Semiconductors,Taiwan,TWD,60681745956780.0,4.730972500000003,2.6435077499999995,1.1533,5.409008425000001,14.786346,14.239,1.3535000000000008,0.23694998999999994,0.11959001000000001,0.318292505,0.40765001999999995,0.25204002,0.22499999999999998,0.38199999999999995,0.583,12.282499999999999,0.6087499999999999,2.187,684907126784.0,3383596154880.0,1094369804288.0,58433948614656.0,7932842500000.0,,3809054300000.0,,,1936095600000.0,,1697604000000.0,2274975600000.0,1.03,0.2785,24.0,1.71,7.0,1789516800.0,1.25,2535.0,1046.0565185546875,2340.0,2662.7273,1.33333,33.0,,,0.00022,0.43607,False,False,,0.5,35260565.0,35184559.0,0.76,,,,,,0.3432,70.4,,,False,0.40444511962478363,,0.927,Asia,True,76.43033084844342,91.91267558523839,,81.07305380084408,56.233123911362675,2.60707635009311,67.41071428571429,70.9832134292566,50.0,,50.0,70.58332964461346,standard,4,2581745534,False,41.1,False,68.14011676396997,2.543786488740617,7.589658048373645,50.0417014178482,50.0417014178482,50.0417014178482,5,NEUTRAL,0,UPPTREND,False,4,0.5714285714285714,MEDEL,VÄNTA,3.8,0.875,,2026-07-02,0,True
LLY,Eli Lilly and Company,Healthcare,Drug Manufacturers - General,United States,USD,1077330623062.5139,10.211341,5.43895525,1.5625,26.3916867,14.911356,15.439,11.790000000000001,0.8833012562499999,0.13475250875000003,0.2245962475,0.29665749500000005,0.33233501,0.47200000000000003,1.586,1.681,74.82024999999999,-0.5092499999999998,0.721,7764564224.0,5281999872.0,43370000384.0,1115418656768.0,112476000000.0,,65179000000.0,,,29696000000.0,,20640000000.0,16813000000.0,0.57,0.22129999,6.92,0.89,1.73,1786665600.0,0.517,1215.760009765625,619.3983893784804,1208.1199951171875,1222.6207,1.74194,29.0,2.99,0.0109,0.00155,0.85357004,False,False,,0.315,3284738.0,3443840.0,0.37,12.0,29.37,,,-1.76,0.4021,59.5,14.61,,False,1.1812023168481873,,1.0,US,True,56.508892433564455,93.72811965795138,63.951120162932796,94.09902006483446,44.86301390755404,20.11173184357542,67.41071428571429,62.11031175059952,50.0,89.91596638655463,31.5,69.03882212253461,standard,5,4160571964,False,42.2,False,64.38698915763136,16.680567139282733,7.339449541284404,50.0417014178482,50.0417014178482,50.0417014178482,7,STARK,8,UPPTREND,False,4,0.5714285714285714,MEDEL,OK,8.6,0.875,,2026-07-02,0,True
6857.T,Advantest Corporation,Technology,Semiconductor Equipment & Materials,Japan,JPY,23512955389920.0,30.540308500000002,104.88628187500001,2.4038,24.22974585,20.833553,20.57,24.355624999999996,0.4441374975,0.24524500000000002,0.21047500249999995,0.32819752700000004,0.29588493499999996,0.286,2.004,2.173,2.0407499999999965,0.01600000000000007,1.722,80340615168.0,339966001152.0,20192000000.0,23215957082112.0,854210000000.0,,779707000000.0,,,228161000000.0,,161177000000.0,285971000000.0,0.18,0.1149,60.0,0.82,30.0,1774828800.0,1.199,35940.0,9711.253449554897,32440.0,33945.0,1.75,20.0,,,0.00279,0.66236,False,False,,0.5,9823351.0,9499410.0,1.04,,,,,,0.73,64.8,,,True,0.7912045354674554,,1.0,Japan,True,46.57877318055058,92.82621811959251,,93.63862226336111,46.30469930252776,6.33147113594041,67.41071428571429,55.875299760191844,50.0,,50.0,66.91985274479902,standard,7,1913614734,False,39.6,False,65.13761467889908,2.543786488740617,2.543786488740617,50.0417014178482,50.0417014178482,50.0417014178482,6,NEUTRAL,0,UPPTREND,False,3,0.42857142857142855,LÅG,OK,7.4,0.875,,2026-07-02,0,True
KO,The Coca-Cola Company,Consumer Defensive,Beverages - Non-Alcoholic,United States,USD,355514110382.2191,-3.274180000000003,2.039047750000001,4.2244,2.1457442,7.2135806,7.882,5.407250000000001,0.18483877375,0.017324999749999997,0.18262624750000003,0.22065750499999995,0.12145500999999997,0.086,0.118,0.178,21.06374999999999,0.29875,0.782,1732214528.0,13820000256.0,44646998016.0,388442128384.0,104816000000.0,,47941000000.0,,,14911000000.0,,13107000000.0,7408000000.0,2.57,0.64779997,2.12,2.89,0.53,1781481600.0,0.354,83.50089550771385,64.03758462860179,82.62999725341797,85.97417,1.8,24.0,3.11,0.012,0.09896,0.68289,False,False,,0.712,16452555.0,24136680.0,0.34,6.13,8.95,,,-0.0,0.1887,55.5,4.48,,True,0.8895634338083003,,0.887,US,True,59.46743058042253,79.25124879872428,69.29735234215886,64.80747063940346,77.87640729650131,28.11918063314711,67.41071428571429,56.83453237410072,50.0,89.07563025210085,71.2,66.6075202793199,standard,8,1994413802,False,44.5,False,63.30275229357798,22.768974145120936,18.09841534612177,50.0417014178482,50.0417014178482,50.0417014178482,7,STARK,8,UPPTREND,False,5,0.7142857142857143,HÖG,OK,11.2,0.875,,2026-07-02,0,True
MA,Mastercard Incorporated,Financial Services,Credit Services,United States,USD,437658609859.1922,6.864092999999995,4.199372999999997,1.5354,58.60361325000001,12.991721,13.308,7.147,2.11834125875,0.21904249874999998,0.2010637425,0.23369000999999995,0.50401501,0.097,0.08449999999999999,0.184,210.03700000000003,-0.7172499999999999,0.564,14756089088.0,8218999808.0,18959998976.0,451670016000.0,54157000000.0,,32791000000.0,,,19514000000.0,,14968000000.0,17648000000.0,0.7,0.1823,3.48,0.54,0.87,1783555200.0,0.738,599.0458118803059,464.5199890136719,499.0199890136719,644.8889,1.30769,36.0,1.8,0.0076,0.00114,0.91549003,False,False,,0.434,3784976.0,4590510.0,0.35,13.72,8.86,,,-7.3,0.2506,76.1,7.82,,True,0.8447529485544144,,0.899,US,True,79.58223466475687,95.43269603196013,35.23421588594705,65.07004943602057,41.253468167439976,25.512104283054004,67.41071428571429,89.44844124700239,50.0,92.01680672268907,43.4,66.43788649865263,standard,9,2290756250,False,47.9,False,83.65304420350293,20.934111759799833,9.174311926605505,50.0417014178482,50.0417014178482,50.0417014178482,6,NEUTRAL,0,UPPTREND,False,4,0.5714285714285714,MEDEL,VÄNTA,-0.9,0.875,,2026-07-02,0,True
0700.HK,Tencent Holdings Limited,Communication Services,Internet Content & Information,China,HKD,3709757512179.46,-0.45678349999999934,-1.5614974999999989,1.1986,0.14212592499999976,4.829143,4.881,2.0715000000000017,0.05625499499999999,0.03319499700000001,0.14562252,0.12453001999999996,0.19780002000000002,0.03,0.1285,0.215,-0.3825000000000003,0.09475000000000017,1.141,95835308032.0,459714985984.0,405511012352.0,3749560451072.0,2038986000000.0,,751766000000.0,,,248767000000.0,,224842000000.0,303052000000.0,1.29,0.1712,5.3,0.67,5.3,1778803200.0,0.741,675.1340645101453,411.0,411.79998779296875,706.1417,1.33333,41.0,,,0.31673,0.25699,False,False,,0.5,29568909.0,28979070.0,1.22,,,,,,0.3552,34.1,,,False,0.048794340256933764,,0.88,Asia,True,83.6588647633929,76.6922415760841,,61.47272194879681,53.29333837012044,14.338919925512103,67.41071428571429,84.41247002398082,50.0,,50.0,65.65856595790157,standard,11,1521674478,False,49.4,False,82.23519599666389,11.175979983319433,30.692243536280234,50.0417014178482,50.0417014178482,50.0417014178482,6,NEUTRAL,0,UPPTREND,False,4,0.5714285714285714,MEDEL,VÄNTA,-12.9,0.875,SUSPICIOUS_FWD_PE;,2026-07-02,0,True
MU,"Micron Technology, Inc.",Technology,Semiconductors,United States,USD,1278845697040.295,-11.349834000000003,-16.9990655,0.1749,7.2573263,14.166268,13.931,-5.117750000000001,0.45373625374999993,0.27328249875000005,0.44551624749999996,0.6577775250000001,0.22970500999999993,3.331,13.483,13.983,-48.148500000000006,1.74675,2.927,6247464192.0,26022000640.0,6376000000.0,1257622208512.0,82798000000.0,,37378000000.0,,,9809000000.0,,8539000000.0,17525000000.0,0.05,0.0112,0.53,0.33,0.15,1783296000.0,2.173,1255.0,103.23021586705363,1132.3299560546875,1365.075,1.48837,40.0,0.76,0.0369,0.00254,0.81531,False,False,,0.1,52139568.0,59354710.0,0.62,-10.11,164.97,,,-20.04,0.9028,48.7,13.9,,True,0.7595953374733575,,1.0,US,True,,93.34875986062386,53.004073319755605,98.07587150231451,30.5528422625551,19.553072625698324,23.92857142857143,58.033573141486805,50.0,47.89915966386555,10.0,65.09605746531523,standard,12,67209116166,False,41.6,False,62.13511259382819,15.846538782318598,8.090075062552128,50.0417014178482,50.0417014178482,50.0417014178482,6,NEUTRAL,0,UPPTREND,False,2,0.2857142857142857,LÅG,OK,10.3,0.875,SUSPICIOUS_FWD_PE;,2026-07-02,0,True
4519.T,"Chugai Pharmaceutical Co., Ltd.",Healthcare,Drug Manufacturers - General,Japan,JPY,12234602558304.0,-0.3606265000000004,2.8270786250000004,2.2456,3.2272642499999997,9.475162,8.817,1.7053749999999992,0.12610250999999997,0.11537499999999999,0.21638500250000003,0.31129751699999997,0.36701497499999997,0.032,0.074,0.187,,1.8540000000000005,3.671,148887601152.0,850094981120.0,0.0,11384507072512.0,2468595000000.0,,,,,,,,,1.78,0.4626,132.0,1.67,66.0,1782691200.0,0.553,10700.0,5838.138484321139,7434.0,9973.333,1.93333,15.0,,,0.59895,0.19739,False,False,,0.5,2866490.0,2087170.0,1.03,,,,,,0.4521,45.5,,,True,0.2581151370807204,,0.5,Japan,True,76.65516455613789,90.80810353493726,,47.47478803343922,61.91982957539924,8.56610800744879,67.41071428571429,72.66187050359713,50.0,,50.0,65.05619434551429,standard,13,96351262,False,44.6,False,76.73060884070058,5.921601334445372,13.261050875729774,50.0417014178482,50.0417014178482,50.0417014178482,7,STARK,8,UPPTREND,False,4,0.5714285714285714,MEDEL,OK,1.9,0.75,,2026-07-02,0,True
CACC,Credit Acceptance Corporation,Financial Services,Credit Services,United States,USD,6577920095.836304,-6.3527160000000045,-6.218078000000002,1.77,-2.935833350000001,5.156322,10.16,,0.07876125874999998,0.019232498749999993,0.09771374249999999,0.1524400099999999,0.4480450100000001,0.066,0.3045,0.278,351.23900000000003,2.17375,3.634,,25700000.0,6408600064.0,12960820224.0,8631700000.0,,2287900000.0,,,619900000.0,,423900000.0,1054600000.0,,0.0,,,,,1.388,638.5499877929688,401.8999938964844,628.8599853515625,536.6667,,3.0,6.84,0.2897,0.53068,0.69525003,False,False,,0.737,167757.0,263660.0,0.26,20.9,57.2,,,-0.15,0.4129,88.3,17.71,,True,1.08231868527996,,0.708,US,True,,79.14309644407666,84.21588594704684,65.1043152120582,36.56706880293533,91.80633147113593,11.696428571428571,,50.0,11.260504201680671,73.7,64.47475423147141,standard,14,165805224,False,46.8,False,27.981651376146786,86.82235195996664,28.27356130108424,50.0417014178482,50.0417014178482,50.0417014178482,6,NEUTRAL,0,UPPTREND,False,3,0.42857142857142855,LÅG,VÄNTA,4.7,0.875,SUSPICIOUS_FWD_PE;,2026-07-02,0,True
NOVO-B.CO,Novo Nordisk A/S,Healthcare,Drug Manufacturers - General,Denmark,DKK,1065763201101.7676,-15.661814500000002,-3.558160124999999,3.5714,2.3803971999999995,4.293834,4.69,-8.144249999999998,0.5340850024999999,0.12314001000000001,0.23844001999999995,0.35976001999999996,0.38034996000000004,0.15699999999999997,0.558,0.672,22.034124999999996,-1.3659999999999999,0.541,-12890310272.0,21625999360.0,146381996032.0,1537262747648.0,542902000000.0,,309064000000.0,,,127658000000.0,,102434000000.0,119102000000.0,5.0,0.4269,15.9,1.81,7.95,1774569600.0,0.349,443.92002896878444,216.7734285890619,317.95001220703125,314.41,2.61538,24.0,,,0.05283,0.33273998,False,False,,0.5,5856751.0,5173769.0,0.84,22.15,45.3,,,-14.43,0.5346,79.3,15.98,,True,0.9991806322544073,,0.56,Nordic,True,,94.35197656781187,51.62932790224033,71.95398178285882,43.685785643160486,20.297951582867785,67.41071428571429,38.1294964028777,50.0,,50.0,64.34562159800686,standard,15,251208314,False,37.3,False,27.981651376146786,16.763969974979148,34.862385321100916,50.0417014178482,50.0417014178482,50.0417014178482,6,NEUTRAL,0,UPPTREND,False,3,0.42857142857142855,LÅG,VÄNTA,3.0,0.875,SUSPICIOUS_FWD_PE;,2026-07-02,0,True
FTNT,"Fortinet, Inc.",Technology,Software - Infrastructure,United States,USD,110886338449.5809,21.963405999999996,19.5688265,3.4146,101.90739829999998,15.596925,15.213,22.251249999999995,1.11127625375,0.06044250874999999,0.1613662475,0.16689749499999995,0.30705501,0.07500000000000001,0.08399999999999996,0.233,2.8314999999999984,-0.52525,1.034,421014400.0,3294899968.0,567200000.0,108158631936.0,10389200000.0,,6799600000.0,,,2084700000.0,,1853400000.0,2590600000.0,,0.0,,,,,1.109,152.77000427246094,70.12000274658203,151.35000610351562,113.78378,2.70455,37.0,2.95,0.031,0.17386,0.72533,False,False,,0.571,6460660.0,7358290.0,0.27,7.32,90.48,,,-1.12,0.47,67.1,23.95,,False,0.8808456407150042,,1.0,US,True,47.5932376270929,88.0864851302147,71.58859470468433,69.27212472304997,43.780197073946546,45.81005586592179,11.696428571428571,56.35491606714629,50.0,56.51260504201681,57.099999999999994,63.84320836191449,standard,16,1113677236,False,45.3,False,65.05421184320267,36.44703919933278,7.005838198498749,50.0417014178482,50.0417014178482,50.0417014178482,8,STARK,8,UPPTREND,False,3,0.42857142857142855,LÅG,VÄNTA,12.2,0.875,,2026-07-02,0,True
TXT.WA,Text S.A.,Technology,Software - Application,Poland,PLN,1061930043.22052,-22.960993499999994,,,2.8503954000000014,3.1401882,2.995,-13.673749999999998,0.8055449449999998,0.340677499,0.25363997,0.220747505,0.30793996000000007,-0.20900000000000002,-0.514,-0.312,-30.001000000000005,-0.2875,1.304,-525766400.0,53347000.0,4356000.0,1012939008.0,226705000.0,,354178000.0,,,177367000.0,,164418000.0,179489000.0,13.46,0.90720004,5.55,7.33,1.15,1770336000.0,0.318,57.23767786026001,35.5,41.2400016784668,62.32,,5.0,,,0.41265,0.21295,False,False,,0.5,35533.0,19491.0,1.72,10.62,21.72,,,0.0,0.2979,82.6,10.4,,False,0.5101634843229589,,0.5,Europe,True,,93.02370256901222,84.4704684317719,11.106943589213397,59.58601211981886,97.95158286778398,67.41071428571429,,50.0,,50.0,63.70252792022069,standard,17,803809,False,51.1,False,27.981651376146786,97.5396163469558,46.28857381150959,50.0417014178482,50.0417014178482,50.0417014178482,3,SVAG,-8,UPPTREND,False,3,0.42857142857142855,LÅG,VÄNTA,-10.3,0.875,,2026-07-02,0,True
AAPL,Apple Inc.,Technology,Consumer Electronics,United States,USD,4167977867751.0986,-2.571720000000001,4.923757499999996,2.293,28.7181023,9.232588,9.268,2.6032499999999996,1.2020661537500001,0.18687249875000003,0.1579762675,0.17682749499999995,-0.017364990000000025,0.04000000000000001,0.015999999999999986,0.194,25.069499999999998,-0.60825,0.906,99698710784.0,68507000832.0,84710998016.0,4184181833728.0,359241000000.0,,416161000000.0,,,133050000000.0,,112010000000.0,111482000000.0,0.38,0.1259,1.08,0.5,0.27,1778457600.0,1.086,317.3999938964844,198.4726031076903,283.7799987792969,315.09048,2.06383,42.0,2.88,0.0098,0.01632,0.65823996,False,False,,0.723,52310638.0,77197640.0,0.48,-0.65,20.56,,,-2.2,0.2681,58.1,5.04,,False,0.13795384853260897,,0.911,US,True,81.50145946591144,82.67664389043313,57.026476578411405,59.11860256277137,47.56376248558291,13.40782122905028,67.41071428571429,82.49400479616307,50.0,91.17647058823529,72.3,63.519470757880555,standard,18,21907146185,False,45.4,False,77.23102585487906,10.508757297748124,13.427856547122602,50.0417014178482,50.0417014178482,50.0417014178482,6,NEUTRAL,0,UPPTREND,False,3,0.42857142857142855,LÅG,VÄNTA,4.2,0.875,,2026-07-02,0,True
005930.KS,"Samsung Electronics Co., Ltd.",Technology,Consumer Electronics,South Korea,KRW,1956943151068500.0,,-10.719751650000001,0.3877,,5.7407293,5.491,-3.9425000000000003,0.06339998999999999,0.04873,0.06783250500000002,0.25411002000000005,0.11009005,0.566,4.719,4.867,-0.3825000000000003,0.6597500000000001,1.959,67533951885312.0,147378078220288.0,28138794909696.0,2132531658883072.0,566942110000000.0,,333605938000000.0,,,43601051000000.0,,44260956000000.0,85315148000000.0,0.44,0.1344,1488.0,2.24,372.0,1774828800.0,1.487,374500.0,58861.82454318937,339500.0,454325.53,1.37838,36.0,,,0.0967,0.48818,False,False,,0.5,29998870.0,32253230.0,1.17,,,,,,0.7804,48.1,,,False,0.5566922324028138,,0.838,Asia,True,,76.37655960995623,,89.62819598230821,30.906746900051107,0.186219739292365,67.41071428571429,88.48920863309353,50.0,,50.0,63.36434603548944,standard,20,7993479257,False,47.4,False,83.40283569641367,2.543786488740617,24.603836530442035,50.0417014178482,50.0417014178482,50.0417014178482,6,NEUTRAL,0,UPPTREND,False,3,0.42857142857142855,LÅG,VÄNTA,12.9,0.625,SUSPICIOUS_FWD_PE;,2026-07-02,0,True
APP,AppLovin Corporation,Communication Services,Advertising Agencies,United States,USD,145858618454.7119,16.3454,1.02832625,1.3116,59.6895513,26.000166,26.177,17.46625,2.42805125875,0.37459749975,0.5156762425,0.590567495,0.38768501,0.5289999999999999,1.0305,1.092,80.7235,2.1147500000000004,3.156,1788061696.0,2758671104.0,3849840128.0,161361428480.0,7259610000.0,,5480717000.0,,,4151914000.0,,3333764000.0,3971094000.0,,0.0,,,,,2.455,745.6099853515625,325.5799865722656,477.0799865722656,650.3,1.46875,30.0,2.64,0.044,0.18297,0.75029,False,False,,0.481,4853915.0,6001590.0,0.53,-6.65,37.92,,,-20.3,0.8319,60.1,6.42,,False,0.3048923785900836,,0.953,US,True,58.92628883318684,97.61146698168078,47.25050916496945,89.35730238061015,34.33111802854043,40.03724394785848,11.696428571428571,70.02398081534771,50.0,42.857142857142854,48.1,63.36270013253377,standard,21,2863238477,False,45.8,False,72.39366138448707,32.19349457881568,2.543786488740617,50.0417014178482,50.0417014178482,50.0417014178482,9,STARK,8,UPPTREND,False,2,0.2857142857142857,LÅG,VÄNTA,6.5,0.875,SUSPICIOUS_FWD_PE;,2026-07-02,0,True
GIVN.SW,Givaudan SA,Basic Materials,Specialty Chemicals,Switzerland,CHF,31314665421.0,5.7558475000000024,8.506353875,4.8844,3.122111250000001,4.1909347,4.687,6.17425,0.08657749499999998,0.024657499000000003,0.027129989999999996,-0.00011251500000000747,0.03993000000000002,-0.112,-0.46399999999999997,-0.046,55.3555,0.01849999999999996,1.097,521362048.0,742000000.0,4416000000.0,35019665408.0,11864000000.0,,7472000000.0,,,1375000000.0,,1071000000.0,1512000000.0,2.12,0.6063,72.0,1.93,72.0,1774224000.0,0.661,3820.4464456574337,2566.0,3393.0,3468.4526,2.05263,19.0,,,0.17141001,0.37678,False,False,,0.5,23208.0,24331.0,0.83,23.35,30.48,,,0.0,0.2574,87.4,17.38,,True,0.835794570992307,,0.5,Europe,True,70.49990776609482,62.731574069615796,89.15478615071284,16.600818122885133,60.127356668849295,72.62569832402235,67.41071428571429,74.34052757793765,50.0,,50.0,62.87669019737218,standard,23,102739233,False,55.7,False,74.14512093411176,61.71809841534612,35.77981651376147,50.0417014178482,50.0417014178482,50.0417014178482,5,NEUTRAL,0,UPPTREND,False,5,0.7142857142857143,HÖG,VÄNTA,-3.5,0.875,,2026-07-02,0,True
ALL,The Allstate Corporation,Financial Services,Insurance - Property & Casualty,United States,USD,61680629194.41727,-16.728820500000005,-8.589670000000002,2.8711,-5.176848550000002,0.90475297,0.964,-9.551,0.24979125874999997,0.04393249874999999,-0.07956625750000001,-0.18512999000000005,-0.15170499000000004,-0.031,3.2565,3.129,-48.303000000000004,-1.3342499999999997,0.236,11036964096.0,5401999872.0,7491999744.0,65751629824.0,119758000000.0,,67069000000.0,,,,,10282000000.0,10110000000.0,1.8,0.090299994,4.32,2.34,1.08,1780272000.0,0.192,240.16000366210938,185.27840152623034,239.61000061035156,240.86365,2.2,22.0,0.01,0.0001,0.00504,0.85516,False,False,,0.472,1635690.0,2198210.0,0.25,19.01,20.98,,,0.0,0.252,83.5,13.67,,True,1.0275111737992229,,1.0,US,True,,47.30081933065625,83.75763747454175,78.71586742382938,56.36002306664903,58.10055865921788,67.41071428571429,99.04076738609112,50.0,97.26890756302521,47.199999999999996,62.70815475796456,standard,24,526713099,False,66.5,False,97.5396163469558,47.62301918265221,83.15262718932443,50.0417014178482,50.0417014178482,50.0417014178482,5,NEUTRAL,0,UPPTREND,False,3,0.42857142857142855,LÅG,VÄNTA,2.1,0.875,SUSPICIOUS_FWD_PE;,2026-07-02,0,True
MNST,Monster Beverage Corporation,Consumer Defensive,Beverages - Non-Alcoholic,United States,USD,94260418955.6205,17.078083999999993,15.565239750000002,2.7995,2.3739312000000004,10.719847,10.391,14.543249999999999,0.01765875375,0.09947499974999996,0.13570624750000002,0.180297505,0.05872503999999995,0.234,0.22499999999999998,0.286,-102.79724999999999,2.19775,2.682,292304896.0,2984993024.0,94469000.0,91369897984.0,9988945000.0,,8294343000.0,,,2419354000.0,,1905432000.0,2098177000.0,,0.0,,,0.005208,,0.542,97.87000274658203,58.09000015258789,96.37999725341797,89.69333,2.07407,24.0,4.1,0.0319,0.28293,0.70919997,False,False,,0.64,5453833.0,6494060.0,0.31,9.77,35.06,,,0.0,0.2908,72.8,12.17,,True,0.9756514556941737,,0.729,US,True,49.779723732326346,75.84111675281366,90.78411405295316,70.98315091259374,73.59322875414752,49.906890130353815,11.696428571428571,54.43645083932853,50.0,53.78151260504202,64.0,62.204582816845914,standard,25,625897485,False,46.5,False,65.30442035029192,39.53294412010008,11.259382819015846,50.0417014178482,50.0417014178482,50.0417014178482,7,STARK,8,UPPTREND,False,4,0.5714285714285714,MEDEL,VÄNTA,9.4,0.875,,2026-07-02,0,True
SGSN.SW,SGS SA,Industrials,Consulting Services,Switzerland,CHF,18500824702.25773,-3.2157264999999997,-0.33953287500000107,5.2362,14.7554921,2.6639056,2.984,-2.6197500000000016,0.580517445,0.030257499,-0.015889999999999994,-3.7505000000020994e-05,0.04791000000000001,-0.041999999999999996,0.03399999999999999,0.127,432.028,0.16099999999999992,1.418,196112128.0,2331000064.0,4896999936.0,20724750336.0,7883000000.0,,6945000000.0,,,957000000.0,,668000000.0,1223000000.0,3.42,0.9249,3.2,3.59,3.2,1775088000.0,0.574,93.91999816894531,76.70755754062746,93.54000091552734,99.0,2.31579,19.0,,,0.1407,0.45795,False,False,,0.5,407417.0,384863.0,0.75,5.74,16.55,,,0.0,0.1976,74.8,6.76,,True,1.0135095446899645,,0.5,Europe,True,,64.02888642393802,78.25865580448065,37.32088380977154,56.54384981991585,80.63314711359403,67.41071428571429,65.70743405275779,50.0,,50.0,62.19030119457723,standard,26,44801859,False,58.8,False,69.72477064220183,71.80984153461218,53.961634695579654,50.0417014178482,50.0417014178482,50.0417014178482,5,NEUTRAL,0,UPPTREND,False,3,0.42857142857142855,LÅG,VÄNTA,3.0,0.875,SUSPICIOUS_FWD_PE;,2026-07-02,0,True
ASIANPAINT.NS,Asian Paints Limited,Basic Materials,Specialty Chemicals,India,INR,2535805842325.1963,18.044238500000002,17.65130025,,5.848923825,7.112336,7.017,2.9446249999999967,0.06951249,0.04334001,0.006376253999999984,0.002218737500000012,-0.004349999999999993,0.011999999999999997,0.27499999999999997,0.693,-9.791749999999999,0.4600000000000001,1.485,29332318208.0,86016401408.0,39289298944.0,2496976912384.0,345344900000.0,,355409000000.0,,,56071900000.0,,43253500000.0,70881800000.0,1.04,0.5553,27.5,0.87,23.0,1782172800.0,0.303,2960.0187763517797,2096.8080953222207,2645.199951171875,2848.1428,2.54286,35.0,,,0.52884996,0.28215998,False,False,,0.5,1352322.0,1232097.0,1.04,4.01,26.74,,,-4.42,0.2687,53.4,5.37,,False,0.3075006332955451,,0.717,India,True,72.93303818483676,61.43810412701072,57.43380855397149,64.75278678510374,73.81759377274311,15.456238361266294,67.41071428571429,71.22302158273382,50.0,,50.0,62.18421603245469,standard,27,34169370,False,44.5,False,68.97414512093411,12.67723102585488,18.59883236030025,50.0417014178482,50.0417014178482,50.0417014178482,6,NEUTRAL,0,UPPTREND,False,5,0.7142857142857143,HÖG,VÄNTA,-5.0,0.875,,2026-07-02,0,True
MYCR.ST,Mycronic AB (publ),Industrials,Specialty Industrial Machinery,Sweden,SEK,59674556587.03436,5.810606499999999,-2.7989648749999985,0.42,2.2756676999999983,7.1905723,6.911,3.400000000000002,0.01498250999999999,0.062100000000000016,0.08108999,0.17523502000000002,0.07965996999999997,0.10800000000000001,0.08399999999999999,0.153,-61.44262499999999,0.8335000000000001,1.592,635064704.0,2721999872.0,401000000.0,57353510912.0,10922000000.0,,7938000000.0,,,2017000000.0,,1560000000.0,1407000000.0,1.06,0.3247,3.25,1.36,3.25,1778112000.0,0.718,318.79998779296875,181.32472841046936,305.6000061035156,260.25,3.25,4.0,,,0.002,0.82005,False,False,,0.5,285194.0,307487.0,1.14,-1.62,40.61,,,-5.6,0.398,51.7,1.44,,False,0.6010280701132702,,0.267,Nordic,True,70.83987108955368,72.3926286075786,60.590631364562114,46.79353881423092,57.34476857619567,59.40409683426443,67.41071428571429,69.7841726618705,50.0,,50.0,62.1077892286195,standard,28,9716967,False,49.3,False,66.97247706422019,48.45704753961635,18.34862385321101,50.0417014178482,50.0417014178482,50.0417014178482,5,NEUTRAL,0,UPPTREND,False,4,0.5714285714285714,MEDEL,VÄNTA,4.0,0.875,SUSPICIOUS_FWD_PE;,2026-07-02,0,True
KMB,Kimberly-Clark Corporation,Consumer Defensive,Household & Personal Products,United States,USD,36304317756.79142,-8.103716000000004,-7.2250682500000005,2.2095,11.786373199999996,2.1928194,2.596,-5.00375,0.86838875375,0.02386498974999999,0.03261623749999998,0.066597505,-0.12451498999999999,-0.008000000000000004,0.11499999999999999,0.173,267.38475,-0.29325000000000007,0.368,-337410560.0,542000000.0,7105999872.0,42986315776.0,17098000000.0,,16447000000.0,,,2351000000.0,,2021000000.0,2777000000.0,4.68,0.97870004,5.12,3.75,1.28,1780617600.0,0.302,131.04399620387045,91.16777681423233,109.37000274658203,114.8,2.5625,15.0,9.85,0.1521,0.00708,0.93595004,False,False,,0.269,4831642.0,5727030.0,0.3,22.07,20.33,,,0.0,0.2533,77.8,14.77,,True,0.972263425961211,,0.912,US,True,,66.55714957965866,82.84114052953157,57.28370204841924,51.57316108653253,70.7635009310987,67.41071428571429,38.60911270983213,50.0,9.663865546218489,26.900000000000002,61.98304812734116,standard,29,626365287,False,56.0,False,62.8023352793995,59.549624687239366,59.216013344453714,50.0417014178482,50.0417014178482,50.0417014178482,4,NEUTRAL,0,UPPTREND,False,3,0.42857142857142855,LÅG,VÄNTA,-0.5,0.875,SUSPICIOUS_FWD_PE;,2026-07-02,0,True
PUUILO.HE,Puuilo Oyj,Consumer Cyclical,Department Stores,Finland,EUR,1480265755.2838955,0.45337549999999815,0.8073703750000005,,10.553607099999999,3.346746,3.651,1.5930000000000035,0.35736250999999997,0.08395001000000002,0.030314997500000003,5.0015000000014354e-05,-0.06952000000000003,0.0825,0.02700000000000001,0.143,95.23787500000002,1.021,0.667,-792847852.0,33000000.0,163400000.0,1614932480.0,316700000.0,,442300000.0,,,74700000.0,,56000000.0,74900000.0,3.75,0.69699997,0.66,,0.33,1791936000.0,0.608,17.719999313354492,11.00821617219834,17.600000381469727,17.26667,1.75,3.0,,,0.07625,0.47735,False,False,,0.5,125959.0,161791.0,1.28,37.75,47.58,,,0.0,0.3308,80.1,26.87,,True,0.7830228711050741,,0.501,Nordic,True,26.902676953459856,67.07127898472663,92.82077393075357,51.1121137294198,57.71868745996777,97.02048417132217,67.41071428571429,1.1990407673860912,50.0,,50.0,61.683736255309405,standard,31,3256916,False,50.7,False,27.981651376146786,97.5396163469558,43.8698915763136,50.0417014178482,50.0417014178482,50.0417014178482,3,SVAG,-8,UPPTREND,False,3,0.42857142857142855,LÅG,VÄNTA,-9.9,0.875,SUSPICIOUS_FWD_PE;,2026-07-02,0,True
GOOGL,Alphabet Inc.,Communication Services,Internet Content & Information,United States,USD,1979519777932.765,0.5758839999999967,2.4528102499999997,1.3284,0.34529429999999994,9.744487,9.602,9.494250000000001,0.15246122875,0.07864749975000002,0.2519662425,0.17026749499999994,0.10769500999999998,0.157,0.7194999999999999,0.812,-62.13850000000001,0.7927500000000001,1.707,26529714432.0,126839996416.0,95875997696.0,4056853250048.0,595281000000.0,,402836000000.0,,,129039000000.0,,132170000000.0,164713000000.0,0.26,0.0641,0.88,,0.22,1780876800.0,1.237,408.36608091552193,171.241481190895,337.3900146484375,432.83453,1.44444,53.0,2.79,0.0153,0.01175,0.80758005,False,False,,0.603,31828980.0,43734890.0,0.27,-1.13,20.0,,,-11.85,0.316,48.3,-4.32,,False,-0.003926829071222523,,1.0,US,True,57.09853836387903,83.1533127644977,44.19551934826884,86.29116437577964,50.58203876530069,16.75977653631285,67.41071428571429,60.431654676258994,50.0,83.19327731092437,60.3,61.58467251843118,standard,32,14755715178,False,44.1,False,70.14178482068391,13.928273561301086,12.844036697247708,50.0417014178482,50.0417014178482,50.0417014178482,5,NEUTRAL,0,VARNING,False,3,0.42857142857142855,LÅG,VÄNTA,4.4,0.875,,2026-07-02,0,True
HEI,HEICO Corporation,Industrials,Aerospace & Defense,United States,USD,19045565594.538483,26.040946999999992,25.5701515,3.1577,1.7469849999999978,9.816506,10.427,15.139250000000002,-0.04603124625000001,0.016022488749999994,0.05079624749999999,0.11439249500000001,-0.09538497000000001,0.192,0.414,0.491,-32.694500000000005,1.5502500000000001,1.192,-683880576.0,210335008.0,2587290112.0,51208245248.0,8500434000.0,,4485044000.0,,,1018998000.0,,690385000.0,934266000.0,0.07,0.0429,0.25,0.1,0.12,1782864000.0,1.035,361.69000244140625,256.1099853515625,345.2099914550781,386.1,,20.0,1.05,0.0156,0.22848,0.7661,False,False,,0.354,686504.0,479550.0,0.32,9.36,32.43,,,0.0,0.3869,70.9,15.55,,False,0.9146928227890372,,0.998,US,True,36.14321212713087,55.28129128740502,89.5621181262729,81.49167125771909,53.03003703156034,80.07448789571696,24.553571428571427,35.73141486810552,50.0,82.77310924369748,35.4,61.44165320693865,standard,33,165545451,False,42.0,False,27.981651376146786,71.22602168473729,12.343619683069225,50.0417014178482,50.0417014178482,50.0417014178482,6,NEUTRAL,0,UPPTREND,False,2,0.2857142857142857,LÅG,VÄNTA,5.9,0.875,,2026-07-02,0,True
GE,GE Aerospace,Industrials,Aerospace & Defense,United States,USD,384991439715.0,10.181552999999994,17.642858499999996,8.8804,12.379562,7.9800906,8.196,13.737250000000001,0.23618877375000003,-0.017807498250000005,0.06864625749999999,0.06173250499999999,-0.18449499000000003,0.186,-0.08600000000000001,-0.037,35.8445,-0.35974999999999996,0.65,4275964160.0,10581000192.0,21321000960.0,395971428352.0,130169000000.0,,45855000000.0,,,8680000000.0,,8704000000.0,8537000000.0,0.51,0.1925,1.88,0.4,0.47,1783296000.0,1.375,379.6700134277344,242.37709216612362,369.0,350.9524,1.5,21.0,2.89,0.0134000005,0.00302,0.80989,False,False,,0.372,5849593.0,6020160.0,0.24,19.46,33.69,,,0.0,0.3787,90.8,17.87,,True,0.8870969226835971,,1.0,US,True,60.45889080590731,55.70131581320875,90.22403258655805,57.780532969252576,37.78633155100205,27.001862197392924,67.41071428571429,69.30455635491607,50.0,85.29411764705883,37.2,61.418633298119786,standard,34,2221439040,False,45.5,False,69.05754795663053,21.9349457881568,15.846538782318598,50.0417014178482,50.0417014178482,50.0417014178482,3,SVAG,-8,UPPTREND,False,3,0.42857142857142855,LÅG,VÄNTA,-6.7,0.875,,2026-07-02,0,True
6098.T,"Recruit Holdings Co., Ltd.",Communication Services,Internet Content & Information,Japan,JPY,15369214526880.0,10.782780500000003,8.788389625,2.9445,6.564273849999999,4.156818,4.006,8.464624999999998,0.15224250249999996,0.096950001,-0.001385002499999996,0.004917486999999984,0.24435497499999997,0.054000000000000006,0.5105,0.523,-16.501250000000006,-0.1899999999999999,1.559,266786504704.0,725578022912.0,186275004416.0,14812440428544.0,2789018000000.0,,3697351000000.0,,,630567000000.0,,496912000000.0,610363000000.0,0.24,0.0719,26.0,0.37,13.0,1790640000.0,0.912,11755.0,6028.418262645158,11040.0,12462.5,1.5,16.0,,,0.03449,0.54477,False,False,,0.5,6055219.0,3768490.0,1.31,,,,,,0.5313,65.8,,,False,0.6008276481592144,,0.943,Japan,True,69.52787091593693,71.81778790408393,,75.15730021770355,35.69787339424972,7.635009310986965,67.41071428571429,77.21822541966426,50.0,,50.0,61.315029366361586,standard,35,258352976,False,48.2,False,77.81484570475396,5.170975813177648,36.03002502085071,50.0417014178482,50.0417014178482,50.0417014178482,6,NEUTRAL,0,UPPTREND,False,4,0.5714285714285714,MEDEL,VÄNTA,6.2,0.875,,2026-07-02,0,True
NVDA,NVIDIA Corporation,Technology,Semiconductors,United States,USD,4663269100433.35,-7.44373,-9.483923500000003,0.5925,13.487446299999998,18.396193,18.221,4.354249999999999,0.9302362537499997,0.45185249875000005,0.5161162475,0.5100374950000001,0.24546496000000004,0.726,1.943,2.106,-47.923500000000004,1.7627499999999996,2.139,44943837440.0,53171998720.0,12814000128.0,4618868228096.0,206803000000.0,,215938000000.0,,,130387000000.0,,120067000000.0,102718000000.0,0.52,0.0061000003,1.0,0.05,0.25,1780531200.0,2.202,236.26463268418732,151.2885248378942,192.52999877929688,298.9322,1.29032,59.0,1.72,0.0128999995,0.039839998,0.70871,False,False,,0.479,161454953.0,151372830.0,0.46,-10.01,8.94,,,-18.02,0.3824,39.1,-7.91,,False,0.039454765696863695,,0.889,US,True,67.40377833479822,94.59076455659991,26.069246435845212,90.2703902042193,42.69815885874865,12.66294227188082,67.41071428571429,66.42685851318944,50.0,86.97478991596638,47.9,61.22940217039504,standard,36,29143810775,False,41.3,False,66.05504587155964,9.50792326939116,5.67139282735613,50.0417014178482,50.0417014178482,50.0417014178482,7,STARK,8,VARNING,False,4,0.5714285714285714,MEDEL,VÄNTA,11.8,0.875,SUSPICIOUS_FWD_PE;,2026-07-02,0,True
GOOG,Alphabet Inc.,Communication Services,Internet Content & Information,United States,USD,1840673955384.4712,0.37009099999999684,2.267286249999999,1.3178,0.27696329999999936,9.666505,9.525,9.292250000000003,0.15246122875,0.07864749975000002,0.2519662425,0.17026749499999994,0.10769500999999998,0.157,0.7194999999999999,0.812,-62.13850000000001,0.7927500000000001,1.707,26529714432.0,126839996416.0,95875997696.0,4024140038144.0,595281000000.0,,402836000000.0,,,129039000000.0,,132170000000.0,164713000000.0,0.26,0.0641,0.88,,0.22,1780876800.0,1.237,404.2267181336527,172.21822436859895,334.69000244140625,426.61847,1.43077,13.0,2.27,,0.06643,0.61103,False,False,,0.621,21666009.0,28480960.0,0.28,-1.09,19.48,,,-11.84,0.3128,47.3,-4.46,,False,-0.04232368996412757,,1.0,US,True,57.70576299141682,83.1533127644977,43.686354378818734,86.29116437577964,50.95517309365889,17.13221601489758,67.41071428571429,60.91127098321343,50.0,,62.1,61.04845889900049,standard,38,9532292572,False,44.3,False,70.97581317764804,14.178482068390325,13.010842368640535,50.0417014178482,50.0417014178482,50.0417014178482,6,NEUTRAL,0,VARNING,False,3,0.42857142857142855,LÅG,VÄNTA,3.9,0.875,,2026-07-02,0,True
SPG,"Simon Property Group, Inc.",Real Estate,REIT - Retail,United States,USD,73576322815.75403,-20.36713225,4.531499750000001,4.58,8.3843235,12.967204,15.574,-2.968750000000002,1.00191875375,0.01514,0.4423012475,0.049887495000000004,0.31983501000000003,0.136,-0.07150000000000001,0.159,360.44550000000004,-0.3992499999999999,0.195,1102654976.0,542955008.0,28989048832.0,103542628352.0,40606466000.0,,6364505000.0,,,3175396000.0,,4627612000.0,4136551000.0,3.88,0.60150003,8.8,5.11,2.25,1780963200.0,1.346,228.5800018310547,150.82742599425356,226.88999938964844,216.25,2.19048,20.0,0.0,0.0,0.01799,0.95044,False,False,,0.475,1818922.0,3443950.0,0.14,11.57,20.37,,,-1.29,0.2104,63.1,8.46,,True,0.9697131587934535,,0.0,US,True,,82.85864254554924,59.164969450101836,40.60956663908807,35.893721598305284,55.493482309124765,67.41071428571429,68.82494004796163,50.0,98.94957983193278,47.5,61.04501987737949,standard,39,781397813,False,49.7,False,76.48040033361134,44.5371142618849,9.257714762301918,50.0417014178482,50.0417014178482,50.0417014178482,4,NEUTRAL,0,UPPTREND,False,2,0.2857142857142857,LÅG,VÄNTA,2.5,0.875,,2026-07-02,0,True
VICI,VICI Properties Inc.,Real Estate,REIT - Diversified,United States,USD,29299187902.448296,-26.82680325,-19.77679225,,-5.854344000000001,7.2514973,11.566,-12.32375,-0.020671246250000018,0.013329999999999995,0.5046612475,0.691037395,0.49542500999999994,-0.021999999999999992,0.36549999999999994,0.605,-35.17450000000001,10.524749999999997,11.119,-106755584.0,486896000.0,17701677056.0,46733299712.0,46724168000.0,,4006116000.0,,,3655301000.0,,2775493000.0,2509991000.0,6.62,0.6104,1.8,5.15,0.45,1781740800.0,0.676,31.94206530552016,26.075000762939453,27.209999084472656,33.83333,1.79167,24.0,3.72,0.033800002,0.0028400002,0.98183995,False,False,,0.561,8636365.0,12915290.0,0.33,0.08,-1.29,,,-8.61,0.1959,42.9,-2.55,,False,0.5372462399295298,,0.723,US,True,,79.85450266513614,24.134419551934826,61.760980804927364,85.55835773401255,73.18435754189943,67.41071428571429,44.12470023980815,50.0,51.68067226890757,56.10000000000001,60.82706142180877,standard,40,351425029,False,52.5,False,71.72643869891576,62.30191826522101,18.015012510425354,50.0417014178482,50.0417014178482,50.0417014178482,5,NEUTRAL,0,VARNING,False,4,0.5714285714285714,MEDEL,VÄNTA,1.0,0.875,SUSPICIOUS_FWD_PE;,2026-07-02,0,True
BAJFINANCE.NS,Bajaj Finance Limited,Financial Services,Credit Services,India,INR,6096006111618.021,-1.047608499999999,-4.764056999999999,,-0.48755947499999985,13.921028,21.923,,0.017465005000000006,0.003270000000000002,0.175093735,0.23220124249999996,0.4791699999999999,0.20700000000000002,0.0865,0.22,275.61325,5.558,7.198,,181471805440.0,3666413092864.0,9609760735232.0,5599523600000.0,,496654500000.0,,,,,190173900000.0,-657898000000.0,0.55,0.1442,5.4,0.24,6.0,1782691200.0,0.364,1102.5,787.9000244140625,980.4000244140625,1063.8572,1.94286,35.0,,,0.56486,0.26966,False,False,,0.5,9655322.0,9399452.0,0.84,17.18,20.43,,,-0.61,0.3289,87.5,9.64,,True,0.8459148673929452,,0.461,India,True,,76.79037939659061,61.20162932790224,53.727151640574725,60.60990706228732,11.91806331471136,67.41071428571429,,50.0,,50.0,60.7957633543834,standard,41,96613854,False,32.1,False,27.981651376146786,8.673894912427023,8.507089241034196,50.0417014178482,50.0417014178482,50.0417014178482,6,NEUTRAL,0,UPPTREND,False,4,0.5714285714285714,MEDEL,VÄNTA,2.0,0.875,SUSPICIOUS_FWD_PE;,2026-07-02,0,True
GTT.PA,Gaztransport & Technigaz SA,Energy,Oil & Gas Equipment & Services,France,EUR,6805250260.522614,-2.1602535000000005,1.2402713750000003,,8.13867705,8.473727,8.192,1.2072499999999993,0.63873746,0.30072500075,0.39612500000000006,0.5711124899999999,0.5795600000000001,0.14750000000000002,0.02899999999999997,0.316,-20.556500000000007,0.9175,1.916,-325912896.0,346700000.0,126400000.0,6578932224.0,1045800000.0,,803000000.0,,,521300000.0,,413600000.0,423200000.0,5.39,0.7054,9.88,3.68,4.94,1781654400.0,0.442,209.66549742538493,140.2910081113989,183.39999389648438,217.09091,2.0,11.0,,,0.01476,0.53126,False,False,,0.5,92796.0,114051.0,1.16,-6.58,-7.23,19.47,,-10.99,0.2445,29.4,-5.98,,False,-0.025658090854563272,,0.5,Europe,True,41.921503521164965,97.8061704557878,36.331837661235575,55.93443222700497,76.30329585277256,91.62011173184358,67.41071428571429,21.103117505995204,50.0,,50.0,60.788471318031476,standard,42,23924227,False,44.8,False,27.981651376146786,86.40533778148458,15.17931609674729,50.0417014178482,50.0417014178482,50.0417014178482,5,NEUTRAL,0,VARNING,False,3,0.42857142857142855,LÅG,VÄNTA,1.9,0.875,SUSPICIOUS_FWD_PE;,2026-07-02,0,True
6861.T,Keyence Corporation,Technology,Scientific & Technical Instruments,Japan,JPY,18698687985600.0,9.265726500000001,9.716531875,2.9317,0.03845315000000027,15.991502,14.714,7.410624999999999,0.0029874975000000123,0.04584500000000001,0.25862503249999996,0.405087497,0.4827149149999999,0.05299999999999999,0.05199999999999999,0.254,,8.023,9.963,149403369472.0,1493889056768.0,0.0,17204796981248.0,3670655000000.0,,1169289000000.0,,,595759000000.0,,445185000000.0,430680000000.0,0.71,0.2996,550.0,0.5,275.0,1789603200.0,1.002,84170.0,51271.96903921346,77100.0,84706.25,1.6875,16.0,,,0.22763,0.37599,False,False,,0.5,800170.0,597510.0,0.76,,,,,,0.4627,81.1,,,False,0.5564713290107038,,0.75,Japan,True,61.54909556517681,84.66162423715349,,59.28430533089017,54.57245779445798,7.4487895716946,67.41071428571429,64.26858513189448,50.0,,50.0,60.636474721598816,standard,43,286072812,False,41.7,False,71.14261884904087,2.543786488740617,6.839032527105922,50.0417014178482,50.0417014178482,50.0417014178482,7,STARK,8,UPPTREND,False,3,0.42857142857142855,LÅG,VÄNTA,14.8,0.75,,2026-07-02,0,True
INVE-A.ST,Investor AB (publ),Financial Services,Asset Management,Sweden,SEK,482497426512.0,-10.3639419,,4.91,-2.428518750000001,4.6347365,5.004,-5.599249999999997,0.020985004999999987,0.091059996,0.47915749499999993,0.26200253500000004,0.41613004000000003,3.512,,,-45.483125,1.668,2.737,125273315712.0,28041000960.0,122116997120.0,1280009306112.0,1102807000000.0,,216578000000.0,,,,,157494000000.0,,1.45,0.0836,5.6,1.75,1.6,1793923200.0,0.776,392.5,269.3796306032512,387.0,380.0,,1.0,,,0.49436,0.2785,False,False,,0.5,368712.0,453667.0,0.95,5.73,14.17,,,0.0,0.1943,74.3,5.91,,True,0.8594706491854089,,0.5,Nordic,True,,87.35028620498022,75.56008146639512,63.446875860170664,78.13718549764515,24.39478584729981,67.41071428571429,96.64268585131894,50.0,,50.0,60.24297482834958,holding,44,18155105,False,54.7,False,97.5396163469558,20.100083402835697,31.859883236030022,50.0417014178482,50.0417014178482,50.0417014178482,8,STARK,8,UPPTREND,False,5,0.7142857142857143,HÖG,VÄNTA,12.4,0.875,EXTREME_EARNINGS_GROWTH;,2026-07-02,0,True
INVE-B.ST,Investor AB (publ),Financial Services,Asset Management,Sweden,SEK,716523059678.5192,-10.2457555,10.700970624999998,5.08,-2.4056542500000013,4.7227902,5.092,-5.487249999999999,0.020985004999999987,0.091059996,0.47915749499999993,0.26200253500000004,0.41613004000000003,3.512,,,-45.483125,1.668,2.737,125273315712.0,28041000960.0,122116997120.0,1302527606784.0,1102807000000.0,,216578000000.0,,,,,157494000000.0,,1.42,0.0836,5.6,1.78,1.6,1793923200.0,0.776,399.54998779296875,268.6929421145572,394.3500061035156,379.2,3.0,5.0,,,0.00254,0.46333998,False,False,,0.5,3024140.0,2932760.0,1.11,6.21,14.93,,,0.0,0.1974,76.4,6.23,,True,0.8948811516559767,,0.5,Nordic,True,,87.35028620498022,76.22199592668025,63.446875860170664,77.76405116928693,21.601489757914337,67.41071428571429,96.40287769784173,50.0,,50.0,60.1583530862534,holding,46,119593888,False,54.3,False,97.5396163469558,17.848206839032528,31.442869057547956,50.0417014178482,50.0417014178482,50.0417014178482,7,STARK,8,UPPTREND,False,5,0.7142857142857143,HÖG,VÄNTA,12.5,0.875,EXTREME_EARNINGS_GROWTH;,2026-07-02,0,True
PSA,Public Storage,Real Estate,REIT - Industrial,United States,USD,56956287181.80762,-2.5992762500000035,1.907623749999999,4.7235,4.736479499999999,11.691775,14.634,-3.28075,0.06776875375,0.03158,0.12697124750000002,0.07644752499999996,0.25169496,-0.024999999999999994,0.0925,0.291,10.618499999999994,-0.4072499999999999,0.091,945296384.0,134608992.0,10032266240.0,71288324096.0,20208604000.0,,4824113000.0,,,2260491000.0,,1784348000.0,3186449000.0,3.7,1.2397,12.0,3.45,3.0,1781481600.0,0.963,328.73615430160856,251.61751865534993,324.3900146484375,328.3125,2.42105,16.0,8.38,0.058000002,0.10170999,0.87231004,False,False,,0.441,993926.0,1076930.0,0.23,8.98,17.38,,,0.0,0.253,54.9,5.95,,True,0.7711497945448879,,0.863,US,True,,76.43604618936872,79.17515274949085,57.09795023199762,57.38704148042442,60.52141527001862,29.017857142857146,73.14148681055156,50.0,29.831932773109244,44.1,60.034221509967324,standard,47,349345338,False,51.3,False,78.31526271893244,51.209341117597994,10.175145954962469,50.0417014178482,50.0417014178482,50.0417014178482,6,NEUTRAL,0,UPPTREND,False,2,0.2857142857142857,LÅG,VÄNTA,5.1,0.875,SUSPICIOUS_FWD_PE;,2026-07-02,0,True
CAST.ST,Castellum AB (publ),Real Estate,Real Estate - Development,Sweden,SEK,57065721229.55238,-3.14083075,-11.882351624999997,0.92,-2.371583130000001,5.7747135,12.173,-3.6529999999999987,-0.0941175,-0.01114249874999999,-0.045814999999999995,0.21327001999999998,0.23904005,-0.056999999999999995,653.5975,648.5,-5.017625000000001,-0.4169999999999999,0.171,1927564672.0,104000000.0,60651999232.0,120296038400.0,155889000000.0,,9593000000.0,,,6189000000.0,,938000000.0,3921000000.0,1.97,0.407,2.48,3.44,0.62,1766966400.0,1.465,128.5500030517578,100.25,125.94999694824219,128.0,2.63636,12.0,,,0.30322,0.48584,False,False,,0.5,1671791.0,1871960.0,0.67,6.18,19.94,,,0.0,0.283,67.4,5.95,,True,0.9272173096525471,,0.531,Nordic,True,,50.7142627717579,82.5356415478615,65.24246935532854,35.26356674770626,60.33519553072626,67.41071428571429,74.82014388489209,50.0,,50.0,60.00651061995384,standard,48,24380653,False,54.5,False,82.81901584653878,51.12593828190158,24.27022518765638,50.0417014178482,50.0417014178482,50.0417014178482,5,NEUTRAL,0,UPPTREND,False,3,0.42857142857142855,LÅG,VÄNTA,7.9,0.875,EXTREME_EARNINGS_GROWTH;SUSPICIOUS_FWD_PE;,2026-07-02,0,True
RNR,RenaissanceRe Holdings Ltd.,Financial Services,Insurance - Reinsurance,Bermuda,USD,13625093417.06314,-16.643541000000006,-9.914638500000002,3.62,-5.989026850000002,1.1758242,-0.57,,0.03125126875000001,0.024312498749999994,-0.015566257500000014,-0.10713999000000002,-0.03805499000000001,-0.427,0.8815,0.726,-59.45100000000001,-0.33624999999999977,1.195,1131263232.0,30354900992.0,2332781056.0,-6603903488.0,53800390000.0,,12776742000.0,,,,,2682334000.0,3693107000.0,0.51,0.0271,1.64,0.75,0.41,1781481600.0,0.192,319.79998779296875,230.3863204823629,319.5899963378906,325.46667,,15.0,4.18,0.052699998,0.02258,0.97957003,False,False,,0.644,345349.0,351490.0,0.25,16.02,8.39,,,0.0,0.2422,73.0,8.65,,True,0.9991665848071499,,1.0,US,True,,48.61759950658024,68.68635437881875,66.72604050069246,67.59475605407243,83.9851024208566,67.41071428571429,,50.0,34.66386554621849,64.4,59.9405850576706,standard,49,112332688,False,69.9,False,97.5396163469558,76.39699749791492,76.98081734778982,50.0417014178482,50.0417014178482,50.0417014178482,5,NEUTRAL,0,UPPTREND,False,4,0.5714285714285714,MEDEL,VÄNTA,2.4,0.875,SUSPICIOUS_FWD_PE;,2026-07-02,0,True
O39.SI,Oversea-Chinese Banking Corporation Limited,Financial Services,Banks - Regional,Singapore,SGD,111614045298.99788,0.2969704999999996,-0.9090910000000001,2.9015,0.06924002500000004,7.905797,5.831,,,,0.02434375999999995,0.028384999999999994,0.0,-0.011999999999999997,,0.048,,,,,75255996416.0,44814000128.0,82328084480.0,675688000000.0,,14533000000.0,,,,,7422000000.0,9125000000.0,3.38,0.4967,0.84,4.75,0.58,1776902400.0,0.189,25.31999969482422,15.452941813468783,24.860000610351562,23.71267,2.0,15.0,,,0.28120002,0.18927,False,False,,0.5,6812252.0,6122896.0,0.81,,,,,,0.1834,69.9,,,True,0.7453275398895821,,0.836,Singapore,True,,56.73494723774053,,45.7900492344559,95.33076440228763,45.43761638733706,67.41071428571429,,50.0,,50.0,59.91892038883388,standard,50,117840065,False,37.3,False,27.981651376146786,36.19683069224354,16.013344453711426,50.0417014178482,50.0417014178482,50.0417014178482,1,SVAG,-8,UPPTREND,False,2,0.2857142857142857,LÅG,VÄNTA,-6.8,0.625,EXTREME_EARNINGS_GROWTH;SUSPICIOUS_FWD_PE;,2026-07-02,0,True
ANET,"Arista Networks, Inc.",Technology,Computer Hardware,United States,USD,198445111114.16034,17.044952999999996,10.772009499999994,2.0128,4.343793299999999,20.4374,19.166,20.36825,0.10256623374999999,0.06817249874999998,0.26962624749999997,0.281467475,0.13938500999999998,0.22499999999999998,0.04799999999999999,0.257,,1.1507500000000004,2.176,2970201856.0,12353200128.0,0.0,186097123328.0,19448600000.0,,9005700000.0,,,3856100000.0,,3511400000.0,4371900000.0,,0.0,,,,,1.611,179.8000030517578,97.13999938964844,157.60000610351562,190.0881,1.3,27.0,2.28,0.0194,0.1727,0.72828,False,False,,0.495,9357884.0,8243870.0,0.45,-9.07,25.17,,,-10.79,0.5892,51.5,-0.76,,False,0.29514530896191565,,0.941,US,True,60.89401781742028,84.71149484314338,48.87983706720977,71.41526041708266,34.673241928818065,35.19553072625698,11.696428571428571,74.58033573141488,50.0,76.26050420168067,49.5,59.7641116150855,standard,51,1299233962,False,45.4,False,73.47789824854046,27.773144286905755,2.543786488740617,50.0417014178482,50.0417014178482,50.0417014178482,6,NEUTRAL,0,VARNING,False,3,0.42857142857142855,LÅG,VÄNTA,7.2,0.75,,2026-07-02,0,True
RR.L,Rolls-Royce Holdings plc,Industrials,Aerospace & Defense,United Kingdom,GBp,149734903450319.16,-6.270214000000001,15.449190499999998,2.4378,38.91037315,5.4955993,5.465,10.3815,6.07211874875,0.010370000000000004,0.14741250500000005,-0.01633501500000001,-0.19589,0.10500000000000001,-0.027000000000000003,0.039,85.95074999999999,-0.38375,0.729,3121068720.0,6248999936.0,4361999872.0,115902472192.0,38115000000.0,,21207000000.0,,,4412000000.0,,5841000000.0,4565000000.0,0.68,0.1519,0.1,1.74,0.05,1776902400.0,1.22,19680.42261473206,12030.599479738165,18066.576090996386,1425.25,1.6,20.0,,,0.00051,0.73386,False,False,,0.5,34627558.0,32032718.0,0.85,16.78,22.23,23.25,,0.0,0.4455,81.1,15.68,,True,0.7926571185522249,,0.5,UK,True,73.74209229901146,62.66443965893147,82.68918660896132,43.92496524637733,30.947236884036368,0.931098696461825,67.41071428571429,85.37170263788968,50.0,,50.0,59.66886148922966,standard,52,578721537148,False,41.1,False,56.7139282735613,2.543786488740617,26.605504587155966,50.0417014178482,50.0417014178482,50.0417014178482,3,SVAG,-8,UPPTREND,False,4,0.5714285714285714,MEDEL,VÄNTA,-3.9,0.875,,2026-07-02,0,True
CRDO,Credo Technology Group Holding Ltd,Technology,Semiconductors,Cayman Islands,USD,44381739724.0,58.27235,2.0949404999999963,,11.0155183,33.24186,32.18,66.02325,0.13143625374999998,0.10374249875,0.24019624750000002,0.21069747499999997,0.18436508000000001,1.444,3.23,3.622,-53.2455,8.47475,8.507,-1141225456.0,1443286016.0,25448000.0,42963902464.0,2295619000.0,,1335116000.0,,,445005000.0,,472279000.0,464292000.0,,0.0,,,,,3.229,308.6700134277344,84.25,238.0,269.81342,1.31579,19.0,0.98,0.0571,0.10939,0.76067,False,False,,0.419,8380344.0,11468650.0,0.42,11.79,136.48,,,-20.7,0.9953,44.7,10.4,,False,0.42282345124768256,,1.0,US,True,22.82669791768395,85.76015005771275,52.4949083503055,96.59438617706232,34.24430881970557,65.92178770949721,11.696428571428571,28.53717026378897,50.0,30.672268907563026,41.9,59.540823680825966,standard,54,2729538700,False,38.2,False,27.981651376146786,55.54628857381151,2.543786488740617,50.0417014178482,50.0417014178482,50.0417014178482,6,NEUTRAL,0,UPPTREND,False,2,0.2857142857142857,LÅG,VÄNTA,11.5,0.875,,2026-07-02,0,True
AVGO,Broadcom Inc.,Technology,Semiconductors,United States,USD,1736611871605.6228,23.706899999999994,-5.789659500000003,0.6634,9.435698299999999,23.01215,23.612,18.78925,0.16016623374999997,0.04577250275,0.27493624749999995,0.34395749499999995,0.26685501,0.353,0.6519999999999999,0.875,19.539499999999997,0.55975,1.929,25820213504.0,19627999232.0,64907001856.0,1781890940928.0,171092000000.0,,63887000000.0,,,26075000000.0,,23126000000.0,27537000000.0,0.71,0.41259998,2.6,1.87,0.65,1782086400.0,1.433,494.21781760890264,260.7494738372011,365.0199890136719,523.72894,1.33333,45.0,1.95,0.013200001,0.01941,0.79914004,False,False,,0.564,26239774.0,32429780.0,0.4,-25.06,14.17,,,-25.43,0.4774,41.1,-12.3,,False,0.22782052544216144,,0.857,US,True,61.10127282789152,88.18170693412716,29.989816700610998,83.47902408772933,45.68351945849478,18.24953445065177,67.41071428571429,74.10071942446042,50.0,86.1344537815126,56.39999999999999,59.45437509964157,standard,55,11837517939,False,43.0,False,71.47623019182652,14.762301918265223,2.543786488740617,50.0417014178482,50.0417014178482,50.0417014178482,7,STARK,8,VARNING,False,4,0.5714285714285714,MEDEL,VÄNTA,10.9,0.875,SUSPICIOUS_FWD_PE;,2026-07-02,0,True
CABK.MC,"CaixaBank, S.A.",Financial Services,Banks - Regional,Spain,EUR,85690518659.14249,-1.3700054999999987,-2.7757613749999996,0.94,-1.2995646499999998,5.5438,5.98,,-0.009639999999999982,-0.009562500000000002,0.12793749499999998,0.18311002999999992,-0.39529,-0.034,-0.04150000000000001,0.069,,,,,47705001984.0,54319001600.0,92429320192.0,664040000000.0,,16762000000.0,,,,,5891000000.0,4410000000.0,4.06,0.96769994,0.5,4.99,0.3321,1775520000.0,0.132,12.744999885559082,6.984713511438258,12.3100004196167,11.99381,2.28571,21.0,,,0.49707,0.24735,False,False,,0.5,8822463.0,7288240.0,0.94,9.41,25.6,22.82,,-0.79,0.2733,69.5,9.79,,True,0.6543071224814749,,0.974,Europe,True,,52.121737189340664,68.67574677528853,47.66949774043606,82.13331705956199,51.02420856610801,67.41071428571429,,50.0,,50.0,59.219703099494865,standard,56,102617219,False,39.5,False,27.981651376146786,40.783986655546286,26.02168473728107,50.0417014178482,50.0417014178482,50.0417014178482,2,SVAG,-8,UPPTREND,False,3,0.42857142857142855,LÅG,VÄNTA,-2.3,0.75,SUSPICIOUS_FWD_PE;,2026-07-02,0,True
NESN.SW,Nestlé S.A.,Consumer Defensive,Packaged Foods,Switzerland,CHF,214240206154.93774,-0.06554850000000112,-0.7132026249999979,2.3016,1.749166600000001,2.3834922,2.961,1.0362500000000008,0.04903749500000002,0.0,0.003040000000000015,0.00938750499999999,0.06297000000000003,-0.057,-0.304,-0.243,91.67225,-0.1865000000000001,0.447,5628987008.0,6230000128.0,57851998208.0,266110599168.0,127151000000.0,,89885000000.0,,,13981000000.0,,9033000000.0,15904000000.0,3.72,0.8689,3.1,3.08,3.1,1776643200.0,0.497,83.94999694824219,67.15778239946611,83.29000091552734,87.87273,,22.0,,,0.00018999999,0.47561002,False,False,,0.5,3614612.0,4143613.0,0.89,10.13,12.09,,,0.0,0.2136,71.2,6.57,,True,1.0000925252378816,,0.5,Europe,True,83.42372256041321,56.92663425954349,73.06517311608962,17.237910953253827,59.944483976938685,33.5195530726257,67.41071428571429,79.61630695443645,50.0,,50.0,59.11094155308514,standard,57,429501373,False,54.7,False,78.39866555462885,26.271893244370307,57.46455379482902,50.0417014178482,50.0417014178482,50.0417014178482,4,NEUTRAL,0,UPPTREND,False,3,0.42857142857142855,LÅG,VÄNTA,-1.3,0.875,SUSPICIOUS_FWD_PE;,2026-07-02,0,True
OEM-B.ST,OEM International AB (publ),Industrials,Industrial Distribution,Sweden,SEK,18494095120.766296,6.796988499999998,6.660902125000002,,2.3387406999999976,4.27255,4.195,6.564,0.020002499999999993,0.06449001000000001,-0.002810000000000007,-0.04558498,-0.08960000000000001,0.010999999999999996,0.15,0.216,-60.32662499999999,1.7625,2.026,-513872864.0,607000000.0,188000000.0,22722664448.0,3596000000.0,,5316900000.0,,,752700000.0,,592700000.0,762500000.0,1.05,0.38889998,1.75,1.56,1.75,1776816000.0,0.995,167.60000610351562,113.05817461569153,166.8000030517578,154.0,1.0,2.0,,,0.18971,0.56092,False,False,,0.5,94031.0,99470.0,0.8,6.42,32.56,,,0.0,0.3315,62.0,8.7,,False,0.9133397308414156,,0.364,Nordic,True,38.494525646451166,53.631247526273434,89.66395112016295,44.45011837253738,57.91618498897754,80.8193668528864,67.41071428571429,29.97601918465228,50.0,,50.0,59.078495458156866,standard,58,1715690,False,45.6,False,27.981651376146786,71.8932443703086,35.029190992493746,50.0417014178482,50.0417014178482,50.0417014178482,5,NEUTRAL,0,UPPTREND,False,2,0.2857142857142857,LÅG,VÄNTA,3.1,0.875,,2026-07-02,0,True
DOL.TO,Dollarama Inc.,Consumer Defensive,Discount Stores,Canada,CAD,52512196443.02435,9.483083999999998,14.486177625000003,2.0453,33.581710425000004,6.9271517,7.634,16.547000000000004,0.8018899975,0.07784751099999998,0.0963175,0.09779874499999999,0.06963998999999998,0.179,0.069,0.104,369.65074999999996,0.0,0.666,503712256.0,823004032.0,6183026176.0,57872220160.0,7558352000.0,,7255754000.0,,,1746323000.0,,1309438000.0,1761156000.0,0.23,0.09,0.45,0.27,0.12,1783641600.0,0.398,209.7031109052769,165.88509333564406,193.92999267578125,209.17647,2.0,17.0,2.22,,0.020399999,0.45913,False,False,,0.5,751075.0,813870.0,0.26,6.81,8.44,-9.18,,-9.18,0.2888,35.4,4.58,,True,0.8308651751385815,,0.878,Canada,True,55.74411059387783,79.96924081800331,32.15496117617108,64.13624506325104,49.449951758545566,62.56983240223464,67.41071428571429,64.5083932853717,50.0,,50.0,59.04979844691163,standard,59,111298700,False,48.9,False,62.46872393661385,52.71059216013344,19.26605504587156,50.0417014178482,50.0417014178482,50.0417014178482,4,NEUTRAL,0,UPPTREND,False,3,0.42857142857142855,LÅG,VÄNTA,1.8,0.875,,2026-07-02,0,True
ABBN.SW,ABB Ltd,Industrials,Electrical Equipment & Parts,Switzerland,CHF,153396487829.61572,8.879219500000001,8.790605125,3.2125,7.571529099999999,4.4370146,4.549,3.180249999999999,0.14998749500000003,0.035467499000000006,0.03128,0.055952484999999975,0.008450020000000003,0.122,0.144,0.201,-0.41399999999999615,0.09499999999999986,0.793,-133887904.0,5926000128.0,9176999936.0,157254795264.0,44885000000.0,,33220000000.0,,,5729000000.0,,4734000000.0,5469000000.0,1.11,0.44169998,0.94,2.2,0.94,1774224000.0,1.023,89.13999938964844,44.62955205058097,84.5199966430664,76.16413,2.78571,28.0,,,0.00028,0.59345,False,False,,0.5,2516514.0,2924497.0,1.0,0.31,34.28,,,-4.11,0.3124,59.2,2.93,,False,0.5175915892552015,,0.722,Europe,True,55.06776479269074,68.72829159195393,60.896130346232184,63.77884474944945,49.80736459493875,38.91992551210428,67.41071428571429,46.28297362110312,50.0,,50.0,59.018316073770286,standard,60,307611915,False,39.3,False,27.981651376146786,31.442869057547956,33.61134278565471,50.0417014178482,50.0417014178482,50.0417014178482,4,NEUTRAL,0,UPPTREND,False,4,0.5714285714285714,MEDEL,VÄNTA,7.3,0.875,,2026-07-02,0,True
AVB,"AvalonBay Communities, Inc.",Real Estate,REIT - Residential,United States,USD,26972717065.545288,-12.557209250000001,9.977089749999996,7.17,-4.587770500000001,8.814441,11.776,-4.514750000000001,-0.03679124625000001,-0.014020000000000001,0.10904124750000001,-0.09067250499999999,0.13128500999999998,-0.031999999999999994,0.1675,0.377,-15.720500000000005,-0.2202499999999999,0.052,0.0,124626000.0,9524757504.0,36035629056.0,22192137000.0,,3040725000.0,,,919756000.0,,1051301000.0,1671105000.0,3.75,0.8711,7.12,3.37,1.78,1782777600.0,0.789,200.44464246297855,158.5833455562401,190.1199951171875,196.77779,2.5,18.0,2.82,0.0321,0.00404,0.96779,False,False,,0.388,1112652.0,1353420.0,0.14,5.66,16.59,,,0.0,0.2227,63.7,4.99,,True,0.9062748224566217,,0.063,US,True,,47.69241438517007,78.4623217922607,41.42237571812698,60.00723564201375,74.487895716946,67.41071428571429,48.201438848920866,50.0,53.36134453781513,38.800000000000004,59.00843440124467,standard,61,257312204,False,53.3,False,76.06338615512928,64.0533778148457,14.178482068390325,50.0417014178482,50.0417014178482,50.0417014178482,4,NEUTRAL,0,UPPTREND,False,3,0.42857142857142855,LÅG,VÄNTA,5.0,0.875,,2026-07-02,0,True
ALK-B.CO,ALK-Abelló A/S,Healthcare,Biotechnology,Denmark,DKK,50533288342.0,16.014263500000002,15.069116875,9.87,3.8901513999999993,8.477019,8.303,10.063750000000002,0.029125002499999997,0.056880000000000014,0.06148001000000001,0.06587002000000003,0.22754999999999997,0.081,0.12100000000000001,0.234,-43.810874999999996,1.099,1.916,21689664.0,1544999936.0,410000000.0,54477221888.0,9057000000.0,,6312000000.0,,,1654000000.0,,1197000000.0,1817000000.0,0.64,0.2759,1.6,0.66,1.6,1773705600.0,0.698,271.3999938964844,171.10009130256813,251.0,297.5,1.4,4.0,,,0.0,0.64309,False,False,,0.5,208333.0,146733.0,0.67,-6.48,21.39,,,-9.32,0.2796,24.0,-2.99,,False,0.08428660625382713,,0.675,Nordic,True,49.001595104007286,72.70523704209793,48.06517311608962,60.305718936799046,68.63316260341229,63.3147113594041,67.41071428571429,49.64028776978417,50.0,,50.0,58.963185470385795,standard,62,5624315,False,47.4,False,58.29858215179316,53.461217681401166,15.095913261050875,50.0417014178482,50.0417014178482,50.0417014178482,5,NEUTRAL,0,VARNING,False,4,0.5714285714285714,MEDEL,VÄNTA,4.6,0.875,,2026-07-02,0,True
UCG.MI,UniCredit S.p.A.,Financial Services,Banks - Regional,Italy,EUR,115502197351.89438,-5.963686499999999,-5.164333375,1.1898,-1.93326235,4.5359015,5.319,,0.0,-0.005302501000000001,0.18641747499999997,0.23828999999999997,-0.39529,0.0030000000000000027,0.07350000000000001,0.161,,,,,113316003840.0,132993998848.0,135445012480.0,870238000000.0,,25039000000.0,,,,,10915000000.0,8525000000.0,4.08,0.3994,3.15,3.99,1.7208,1776643200.0,1.073,80.94999694824219,53.04400777989837,77.08999633789062,85.27471,2.0,17.0,,,0.0,0.54632,False,False,,0.5,6159028.0,7412766.0,1.44,10.4,33.88,17.49,,0.0,0.3619,75.1,12.44,,True,0.6190977381967115,,0.781,Europe,True,,56.388775973296106,84.46993805159538,53.457688486362116,40.239398800390575,45.06517690875233,67.41071428571429,,50.0,,50.0,58.856843459786525,standard,63,653608700,False,39.8,False,27.981651376146786,35.9466221851543,32.77731442869057,50.0417014178482,50.0417014178482,50.0417014178482,3,SVAG,-8,UPPTREND,False,2,0.2857142857142857,LÅG,VÄNTA,-0.7,0.75,SUSPICIOUS_FWD_PE;,2026-07-02,0,True
ABNB,"Airbnb, Inc.",Consumer Cyclical,Travel Services,United States,USD,60833923695.14252,4.283156999999994,2.10208175,1.3451,3.2585764,6.830914,6.082,8.75125,0.11120876374999997,-0.014207501250000011,0.11107124499999997,-0.08209249999999998,0.3331450100000001,0.1055,-0.051000000000000004,0.039,-50.937,0.11074999999999996,0.745,1798964480.0,12005000192.0,2534000128.0,76919578624.0,22208000000.0,,12241000000.0,,,2544000000.0,,2511000000.0,4646000000.0,,0.0,,,,,1.159,147.5800018310547,110.80999755859375,145.55999755859375,156.47298,2.11628,37.0,3.86,0.0355,0.011390001,0.88588,False,False,,0.609,3773796.0,4268690.0,0.39,11.49,19.2,,,0.0,0.3354,72.8,8.02,,True,0.9516783883301947,,0.25,US,True,72.9173041657172,61.23344399359748,81.82281059063138,37.478827791421864,45.392983140931655,58.84543761638734,11.696428571428571,82.25419664268586,50.0,49.57983193277311,60.9,58.8459850004523,standard,64,621350506,False,54.1,False,85.48790658882403,48.123436196830696,19.76647206005004,50.0417014178482,50.0417014178482,50.0417014178482,4,NEUTRAL,0,UPPTREND,False,3,0.42857142857142855,LÅG,VÄNTA,-3.2,0.875,,2026-07-02,0,True
BKT.MC,"Bankinter, S.A.",Financial Services,Banks - Regional,Spain,EUR,13120965914.025421,-4.2986295,-4.016176375000001,10.15,-1.5152266499999998,4.7445474,2.038,,0.007100010000000018,-0.010222501000000002,0.141787515,0.20018000000000002,-0.39529,0.0,-0.058499999999999996,0.076,,,,,18238898176.0,10182617088.0,5634704384.0,131018892000.0,,3128426000.0,,,,,1089976000.0,-598882000.0,5.26,0.5096,0.77,5.24,0.160932,1782086400.0,0.059,15.225000381469727,10.618586357756975,14.600000381469727,15.40136,2.5,22.0,,,0.30696,0.45113,False,False,,0.5,1543644.0,1723323.0,1.21,7.64,11.23,7.94,,-1.02,0.2546,65.1,6.38,,True,0.6449867748947966,,0.723,Europe,True,,54.34081786210718,51.580267735913104,44.65423827475806,85.44688938485145,84.5437616387337,67.41071428571429,,50.0,,50.0,58.823214237248365,standard,65,28777897,False,45.7,False,27.981651376146786,76.814011676397,31.19266055045872,50.0417014178482,50.0417014178482,50.0417014178482,2,SVAG,-8,UPPTREND,False,2,0.2857142857142857,LÅG,VÄNTA,-3.5,0.75,SUSPICIOUS_FWD_PE;,2026-07-02,0,True
MFC.TO,Manulife Financial Corporation,Financial Services,Insurance - Life,Canada,CAD,95259921223.7442,-6.629646000000001,-3.2380761250000005,0.776,-1.6318538250000003,2.9741771,2.894,-1.0122500000000008,-0.020667497499999996,-0.019974999999999993,-0.04212500500000001,-0.16287876,0.12182999,0.06,1.4885000000000002,1.142,-5.464000000000002,27.936000000000003,8.905,4894277312.0,30281000960.0,23491999744.0,92705849344.0,1025433000000.0,,53014000000.0,,,,,5782000000.0,32105000000.0,3.23,0.5202,1.85,4.58,0.485,1780012800.0,0.78,58.060001373291016,39.52700836906697,57.189998626708984,55.38,2.06667,15.0,2.73,,0.00016000001,0.54337,False,False,,0.5,6216034.0,5327840.0,0.21,9.16,20.29,18.49,,0.0,0.2187,70.3,6.82,,True,0.7284439483917937,,0.543,Canada,True,,35.776958819031975,80.02933002376103,72.19427173090816,80.95200863836926,49.162011173184354,67.41071428571429,94.24460431654677,50.0,,50.0,58.72917380924685,standard,66,214862848,False,58.1,False,89.82485404503753,39.11592994161801,48.123436196830696,50.0417014178482,50.0417014178482,50.0417014178482,5,NEUTRAL,0,UPPTREND,False,4,0.5714285714285714,MEDEL,VÄNTA,9.1,0.875,SUSPICIOUS_FWD_PE;,2026-07-02,0,True
CCH.L,Coca-Cola HBC AG,Consumer Defensive,Beverages - Non-Alcoholic,Switzerland,GBp,22897756240597.535,1.7338409999999982,3.8966857500000023,1.9942,1.6572658500000004,1.5358107,1.647,0.7185000000000015,0.06587874875,0.0035725009999999884,-0.03236749499999996,-0.092260005,-0.10653000000000001,0.03799999999999999,0.006000000000000005,0.07,3.5829999999999966,-0.0852500000000001,0.926,176681264.0,2671500032.0,3912999936.0,19114035200.0,11599300000.0,,11604500000.0,,,1342500000.0,,940400000.0,1513500000.0,2.12,0.3977,1.04,2.64,1.2,1778716800.0,0.548,63005.612449645996,41210.01673733124,62825.74324607849,4637.569,,15.0,,,0.46427,0.28412,False,False,,0.5,651760.0,624701.0,0.88,21.34,20.8,36.45,,0.0,0.252,82.7,16.5,,True,0.9806302016218937,,0.5,UK,True,73.75901993337456,44.35321938514213,84.93720298710116,41.54800512994654,70.9549687394109,6.517690875232775,67.41071428571429,65.22781774580336,50.0,,50.0,58.669754153929496,standard,67,39247304632,False,40.4,False,27.981651376146786,2.543786488740617,70.22518765638031,50.0417014178482,50.0417014178482,50.0417014178482,4,NEUTRAL,0,UPPTREND,False,4,0.5714285714285714,MEDEL,VÄNTA,3.7,0.875,,2026-07-02,0,True
CL,Colgate-Palmolive Company,Consumer Defensive,Household & Personal Products,United States,USD,73673429527.5016,6.427590999999998,1.09250575,1.645,500.24788119999994,3.5428436,3.874,-1.45975,3.38688855375,0.08320499975000001,0.005036257499999981,0.07934750500000001,0.10464500999999998,0.049,-0.123,-0.064,1536.65575,-0.03425000000000017,0.557,1927464448.0,1419000064.0,7973000192.0,80568426496.0,16330000000.0,,20382000000.0,,,4233000000.0,,2132000000.0,4198000000.0,2.3,0.8062,2.12,2.32,0.53,1784505600.0,0.322,98.71650072566527,73.63863380274942,92.06999969482422,95.85,2.04762,20.0,3.93,0.0286,0.00145,0.88007003,False,False,,0.817,5583380.0,6202190.0,0.26,11.72,12.06,,,-3.77,0.2483,71.7,6.97,,True,0.8451490818437598,,0.867,US,True,,75.84458884514069,43.89002036659878,44.10890781563807,52.3399071514649,55.3072625698324,67.41071428571429,82.73381294964028,50.0,60.50420168067227,91.69999999999999,58.62887633284417,standard,68,571035631,False,56.1,False,82.98582151793161,44.45371142618849,41.201000834028356,50.0417014178482,50.0417014178482,50.0417014178482,3,SVAG,-8,UPPTREND,False,2,0.2857142857142857,LÅG,VÄNTA,1.1,0.875,SUSPICIOUS_FWD_PE;,2026-07-02,0,True
ASML.AS,ASML Holding N.V.,Technology,Semiconductor Equipment & Materials,Netherlands,EUR,608266140083.7781,29.517365500000004,16.141090125000005,2.687,22.476335399999996,18.05335,17.884,26.765250000000005,0.34229499500000005,0.09374749900000001,0.18150000000000002,0.204707505,0.13074000000000002,0.006000000000000005,-0.010000000000000009,0.171,-20.939999999999998,-0.23149999999999993,0.691,7633886848.0,8376300032.0,2705600000.0,602567606272.0,50566600000.0,,32667300000.0,,,11301400000.0,,9609400000.0,,0.68,0.2568,10.8,0.86,2.7,1776988800.0,1.396,1711.4000244140625,584.6850467526177,1578.199951171875,1584.2491,1.47727,35.0,,,0.0001,0.467,False,False,,0.5,736107.0,959072.0,0.85,5.33,36.2,50.34,,-8.34,0.4621,45.6,10.35,,False,0.560746357374491,,0.732,Europe,True,57.89001378083055,85.54609650049966,68.14138874745417,50.45205964869906,27.2032695812582,22.905027932960895,67.41071428571429,72.42206235011992,50.0,,50.0,58.59090932335589,standard,69,1731221934,False,43.5,False,69.22435362802335,18.84904086738949,5.921601334445372,50.0417014178482,50.0417014178482,50.0417014178482,5,NEUTRAL,0,UPPTREND,False,3,0.42857142857142855,LÅG,VÄNTA,7.0,0.875,,2026-07-02,0,True
AFL,Aflac Incorporated,Financial Services,Insurance - Life,United States,USD,61154536992.24933,-8.299671000000004,-1.8834260000000018,1.18,-5.217580150000002,3.376465,3.718,-2.528,-0.037728741249999996,-0.00039750125000000483,-0.0017362375000000013,-0.07899999000000002,0.0045149699999999515,0.21800000000000003,38.472500000000004,34.138,-23.746000000000002,-0.7632499999999998,0.814,3531089664.0,8270000128.0,14464000000.0,67348537344.0,116470000000.0,,17355000000.0,,,,,3646000000.0,2555000000.0,2.03,0.26860002,2.44,2.17,0.61,1779235200.0,0.61,120.2699966430664,94.92501041339828,120.1500015258789,112.42857,3.07143,14.0,3.99,0.0269,0.108509995,0.59830004,False,False,,0.887,2494292.0,3353660.0,0.19,4.88,9.26,,,-0.05,0.1796,60.7,3.69,,True,0.9648472273796761,,0.621,US,True,,42.294913412584464,64.5621181262729,83.37766237762418,59.736425768953154,58.47299813780261,67.41071428571429,94.00479616306954,50.0,62.60504201680672,98.7,58.42276133113549,standard,70,402942254,False,59.4,False,92.99416180150125,47.87322768974145,43.2860717264387,50.0417014178482,50.0417014178482,50.0417014178482,6,NEUTRAL,0,UPPTREND,False,3,0.42857142857142855,LÅG,VÄNTA,7.7,0.875,SUSPICIOUS_FWD_PE;,2026-07-02,0,True
TIH.TO,Toromont Industries Ltd.,Industrials,Industrial Distribution,Canada,CAD,18866035358.285904,-0.006820000000002935,5.021325374999999,1.32,0.3622135249999997,3.532114,3.473,-0.04600000000000293,0.0007299974999999924,0.022715004000000004,0.0015974999999999982,-0.002566265000000005,-0.11999000999999998,0.066,0.174,0.245,-33.2145,1.2894999999999999,1.858,0.0,1161606016.0,845280000.0,18549708800.0,5470319000.0,,5202837000.0,,,681281000.0,,496586000.0,742122000.0,0.93,0.337,2.16,1.4,0.56,1780617600.0,0.974,243.5,119.55230624880605,231.38999938964844,239.77779,1.77778,9.0,4.02,,0.00037,0.4422,False,False,,0.5,251600.0,352740.0,0.49,1.43,16.08,35.71,,-5.98,0.3745,61.6,2.77,,True,0.691061935658295,,0.889,Canada,True,,50.69940107103447,59.35988416496945,66.58674847294195,54.63719767054584,80.26070763500931,67.41071428571429,48.201438848920866,50.0,,50.0,58.408780383931095,standard,71,57555836,False,46.4,False,27.981651376146786,71.47623019182652,41.367806505421186,50.0417014178482,50.0417014178482,50.0417014178482,4,NEUTRAL,0,UPPTREND,False,2,0.2857142857142857,LÅG,VÄNTA,8.8,0.875,,2026-07-02,0,True
OR.PA,L'Oréal S.A.,Consumer Defensive,Household & Personal Products,France,EUR,206570891152.0,10.091569499999999,7.791289375,3.267,1.1444703,4.6892514,4.749,6.199249999999998,-0.036272505,0.028709999999999992,0.041629999999999986,0.05252748499999999,0.34789004000000007,-0.025,-0.06,0.002,-49.28775,0.4724999999999999,1.058,5303899776.0,9864999936.0,11916000256.0,209209409536.0,61821200000.0,,44052000000.0,,,8891900000.0,,6127200000.0,8656900000.0,1.86,0.6119,7.2,1.52,7.2,1777420800.0,0.889,400.48242186158393,332.3214587819333,388.0,410.29166,2.16667,24.0,,,0.57256,0.16641001,False,False,,0.5,466673.0,558462.0,0.81,4.6,10.43,8.88,,-1.87,0.2897,47.8,3.88,,False,0.7760436522189219,,0.5,Europe,True,77.11090855822128,66.2652929527683,50.50014850644942,29.986325911080023,59.39485866563856,33.89199255121043,67.41071428571429,84.17266187050359,50.0,,50.0,58.31621431175589,standard,72,247836268,False,50.8,False,78.0650542118432,26.688907422852377,31.609674728940785,50.0417014178482,50.0417014178482,50.0417014178482,5,NEUTRAL,0,UPPTREND,False,3,0.42857142857142855,LÅG,VÄNTA,0.1,0.875,,2026-07-02,0,True
MCO,Moody's Corporation,Financial Services,Financial Data & Stock Exchanges,United States,USD,78606145570.20459,10.227679999999998,6.488421999999998,2.0494,18.99004425,9.984268,10.752,8.211999999999998,0.5111912587499999,0.11690249875,0.05921374250000001,0.08276000999999997,0.24833501,0.020000000000000004,-0.0495,0.058,163.517,-0.5412499999999998,0.99,874089472.0,1510000000.0,7402999808.0,84648140800.0,15830000000.0,,7718000000.0,,,3462000000.0,,2459000000.0,2901000000.0,0.92,0.2762,4.12,0.8,1.03,1778803200.0,1.339,544.4014999183522,400.45682926644145,450.010009765625,536.5,1.78261,20.0,3.47,0.0229,0.14247,0.81114,False,False,,0.765,1064780.0,1322580.0,0.3,8.05,10.18,,,-9.8,0.3248,68.8,7.4,,False,0.4761206165648259,,0.895,US,True,62.916870123810455,82.17123747594044,33.80855397148676,50.11012374750953,28.987656453539415,53.63128491620112,67.41071428571429,67.38609112709833,50.0,68.27731092436974,76.5,58.30120214411213,standard,73,595174239,False,49.3,False,74.22852376980818,42.7022518765638,12.01000834028357,50.0417014178482,50.0417014178482,50.0417014178482,4,NEUTRAL,0,UPPTREND,False,3,0.42857142857142855,LÅG,VÄNTA,1.6,0.875,,2026-07-02,0,True
CME,CME Group Inc.,Financial Services,Financial Data & Stock Exchanges,United States,USD,79851634473.0,-3.1583410000000054,-0.5978729999999999,3.8746,-4.2610972500000015,11.841202,12.057,2.9839999999999995,-0.04322874125,-0.015777501250000006,0.3755437425,0.32339000999999995,0.50401501,0.08299999999999999,0.08549999999999999,0.207,-57.96300000000001,-0.6802499999999998,0.021,1638201856.0,2515399936.0,3742200064.0,81308213248.0,198424200000.0,,6520600000.0,,,4229500000.0,,4072200000.0,4277100000.0,2.35,0.95559996,5.2,3.49,1.3,1780963200.0,0.244,319.81669858888057,220.72999572753906,221.0,302.6,2.4375,15.0,1.5,0.0161,0.00414,0.92614,False,False,,0.693,3051168.0,4558390.0,0.42,-6.05,-22.21,,,-25.56,0.2714,32.8,-11.91,,False,-0.05833185986051411,,0.677,US,True,78.33685992382564,69.9677289125233,2.6476578411405294,59.09036344288145,58.18290571529661,52.886405959031656,67.41071428571429,79.13669064748201,50.0,81.5126050420168,69.3,58.25672775312018,standard,74,1007404190,False,50.1,False,79.14929107589657,42.035029190992496,10.091743119266056,50.0417014178482,50.0417014178482,50.0417014178482,6,NEUTRAL,0,VARNING,False,3,0.42857142857142855,LÅG,VÄNTA,-0.4,0.875,SUSPICIOUS_FWD_PE;,2026-07-02,0,True
RY.TO,Royal Bank of Canada,Financial Services,Banks - Diversified,Canada,CAD,400236662674.27124,-4.384645000000003,1.5521598749999979,2.5563,-0.49554552500000015,6.0903068,1.527,,0.01572250250000001,-0.016305,0.09436499500000001,0.09950123,-0.38134001,0.1,0.14750000000000002,0.256,,,,,794214006784.0,483078995968.0,100328759296.0,2325006000000.0,,66532000000.0,,,,,20362000000.0,55220000000.0,2.44,0.41349998,7.04,3.51,1.64,1785110400.0,0.94,290.70001220703125,170.56325546846563,288.010009765625,271.89285,2.0,14.0,2.46,,0.00027000002,0.49372002,False,False,,0.5,3605409.0,2837060.0,0.6,8.87,28.17,25.1,,-1.46,0.1498,72.0,9.65,,True,0.7819766843078959,,0.945,Canada,True,,49.35532227025038,69.62671843177189,70.71542951737133,72.71115218301017,26.629422718808193,67.41071428571429,,50.0,,50.0,58.20713361368091,standard,75,576190603,False,36.1,False,27.981651376146786,21.51793160967473,22.68557130942452,50.0417014178482,50.0417014178482,50.0417014178482,1,SVAG,-8,UPPTREND,False,4,0.5714285714285714,MEDEL,VÄNTA,-3.3,0.75,SUSPICIOUS_FWD_PE;,2026-07-02,0,True
6871.T,"Micronics Japan Co., Ltd.",Technology,Semiconductor Equipment & Materials,Japan,JPY,664806510200.0,22.193971500000004,46.73589187499999,,3.63763985,8.634523,8.477,4.951624999999999,0.1099874975,0.06291499600000001,0.06988499249999999,0.06503748699999999,0.12123495500000005,0.132,0.8069999999999999,1.014,4.480749999999998,-0.8,1.092,,13397000192.0,1300999936.0,652710510592.0,99026000000.0,,70173000000.0,,,16542000000.0,,12063000000.0,12903000000.0,0.55,0.3049,95.0,2.5,95.0,1766966400.0,1.666,18030.0,4190.132899571132,17150.0,12400.0,1.5,2.0,,,0.18466,0.4175,False,False,,0.5,1077498.0,1282930.0,0.85,,,,,,0.8175,63.7,,,True,0.8545125156695182,,0.5,Japan,True,,74.28390144245768,,69.67171185663148,29.7734812141741,22.160148975791433,67.41071428571429,,50.0,,50.0,58.19411623774766,standard,76,136629385,False,34.4,False,27.981651376146786,18.265221017514595,14.428690575479566,50.0417014178482,50.0417014178482,50.0417014178482,5,NEUTRAL,0,UPPTREND,False,3,0.42857142857142855,LÅG,VÄNTA,13.3,0.875,,2026-07-02,0,True
WDC,Western Digital Corporation,Technology,Computer Hardware,United States,USD,202138839932.49554,-1.8318969999999997,7.874033499999994,0.5218,17.6696323,17.163864,17.035,27.52424999999999,0.64656620375,0.07106249874999998,0.4393162475,0.22416747499999995,-0.04170497000000001,0.329,4.627,5.163,-36.6685,-0.18824999999999997,1.107,682964480.0,3236999936.0,1724000000.0,200625831936.0,14002000000.0,,9520000000.0,,,2130000000.0,,1861000000.0,1691000000.0,0.1,0.0269,0.6,3.23,0.15,1780617600.0,2.2,799.8699951171875,62.480676421794634,586.4500122070312,554.13043,1.56,23.0,3.94,0.0866,0.0054,1.0121,False,False,,0.451,8365042.0,13509760.0,0.4,-9.61,82.06,,,-28.05,0.8553,50.6,1.39,,False,0.44984957714787327,,0.997,US,True,45.73217444144231,82.9230421216827,48.31975560081466,93.87902613786999,16.433141540302977,34.63687150837989,33.57142857142857,55.63549160671462,50.0,20.168067226890756,45.1,57.99414185173503,standard,77,7922798917,False,43.2,False,62.63552960800667,27.356130108423688,6.33861551292744,50.0417014178482,50.0417014178482,50.0417014178482,6,NEUTRAL,0,UPPTREND,False,2,0.2857142857142857,LÅG,VÄNTA,11.0,0.875,,2026-07-02,0,True
TRV,"The Travelers Companies, Inc.",Financial Services,Insurance - Property & Casualty,United States,USD,69613492109.10583,-12.264692000000002,-6.244068000000002,2.3596,-5.089006750000001,1.4223672,1.466,-7.197000000000001,0.05030125875,0.013142498749999995,-0.10232625750000002,-0.18722999000000004,-0.16720499,-0.051,3.4485,3.332,-43.047000000000004,-1.3632499999999999,0.204,11912339712.0,7141000192.0,9267999744.0,71740489728.0,143708000000.0,,48828000000.0,,,,,6288000000.0,10606000000.0,1.53,0.1313,5.0,1.9,1.25,1781049600.0,0.495,327.6400146484375,245.28763749965526,327.3699951171875,312.91302,2.60714,23.0,3.94,0.031600002,0.0026699998,0.87948,False,False,,0.771,1625820.0,2882220.0,0.16,18.02,16.4,,,0.0,0.1867,88.3,11.78,,True,1.0226414896417888,,1.0,US,True,,38.25865321758924,78.05498981670061,77.31242691888109,57.84169182565771,56.79702048417133,67.41071428571429,99.04076738609112,50.0,54.621848739495796,77.10000000000001,57.979686787730046,standard,78,943552347,False,64.6,False,97.5396163469558,45.78815679733111,71.97664720600501,50.0417014178482,50.0417014178482,50.0417014178482,5,NEUTRAL,0,UPPTREND,False,3,0.42857142857142855,LÅG,VÄNTA,2.3,0.875,SUSPICIOUS_FWD_PE;,2026-07-02,0,True
HARVIA.HE,Harvia Oyj,Consumer Cyclical,Leisure,Finland,EUR,772833621.6812439,2.303948499999999,1.1337733749999996,,1.0656194999999982,3.760583,4.005,-0.5849999999999973,0.0009125099999999914,0.016330006,0.0371949975,0.046970025000000026,0.18239999999999995,0.053500000000000006,0.006000000000000005,0.119,2.8508750000000003,2.335,2.289,-837360477.0,53449000.0,102811000.0,823163136.0,271283000.0,,198900000.0,,,38301000.0,,26437000.0,34957000.0,1.86,0.5172,0.77,1.81,0.38,1792108800.0,1.258,51.28123299220312,30.710798057913102,41.349998474121094,47.5,1.25,4.0,,,0.13687,0.59544,False,False,,0.5,29669.0,18291.0,0.55,2.99,26.34,,,-3.79,0.4156,61.3,5.57,,True,1.0311098321859953,,0.408,Nordic,True,,63.83739868249429,58.09572301425662,41.03290925166637,59.4138324946844,98.32402234636871,67.41071428571429,,50.0,,50.0,57.97738524858561,standard,79,865072,False,50.0,False,27.981651376146786,97.5396163469558,39.11592994161801,50.0417014178482,50.0417014178482,50.0417014178482,6,NEUTRAL,0,UPPTREND,False,2,0.2857142857142857,LÅG,VÄNTA,2.4,0.875,SUSPICIOUS_FWD_PE;,2026-07-02,0,True
TORNTPHARM.NS,Torrent Pharmaceuticals Limited,Healthcare,Drug Manufacturers - Specialty & Generic,India,INR,1528487362230.625,26.568713499999998,19.014036249999997,,11.453197375,10.942312,12.498,1.4683749999999964,0.019385002500000012,-0.003270000000000002,0.02843625999999999,0.0051587275000000155,0.32026,0.33499999999999996,-0.33,-0.219,55.4795,-0.8250000000000002,0.723,11935832064.0,23552100352.0,150254993408.0,1747154239488.0,443119600000.0,,137529900000.0,,,34397600000.0,,21633700000.0,30227100000.0,0.84,0.5476,38.0,1.04,9.0,1780012800.0,0.145,4703.552797781639,3144.050712710115,4516.2001953125,4879.448,1.72414,29.0,,,0.71188,0.15897,False,False,,0.5,449255.0,431878.0,0.42,7.41,16.43,,,0.0,0.2246,59.5,5.48,,False,0.7369971194784072,,0.418,India,True,69.30846273207678,61.17016392758596,78.15682281059063,31.902001149381395,60.38068198593989,18.808193668528865,67.41071428571429,61.39088729016786,50.0,,50.0,57.78145720412091,standard,81,20448800,False,42.9,False,65.63803169307756,15.17931609674729,11.009174311926607,50.0417014178482,50.0417014178482,50.0417014178482,6,NEUTRAL,0,UPPTREND,False,5,0.7142857142857143,HÖG,VÄNTA,3.6,0.875,,2026-07-02,0,True
068270.KS,"Celltrion, Inc.",Healthcare,Biotechnology,South Korea,KRW,38045381152800.0,,9.6379495,0.85,,8.519715,9.112,10.39625,-0.0312450075,-0.012970000000000002,0.125272505,0.056430020000000025,0.24018002,0.27699999999999997,2.13,2.185,5.821250000000004,-0.81725,0.691,-13474332672.0,1418676273152.0,3866065371136.0,40689492557824.0,22334900189800.0,,4162495108880.0,,,1156472907540.0,,1029613370420.0,646050776660.0,0.43,0.13,714.29,,714.2857,1766966400.0,0.348,239047.625,150607.9431727346,165900.0,254025.8,1.54167,24.0,,,0.37835,0.21186,False,False,,0.5,616668.0,606948.0,1.05,,,,,,0.4862,51.3,,,True,0.26146074158790134,,0.838,Asia,True,46.57996679579413,59.62270102411211,,87.3904607125463,51.83978460447811,4.0968342644320295,67.41071428571429,46.76258992805755,50.0,,50.0,57.71148012712747,standard,82,73505651,False,39.7,False,58.381984987489574,2.543786488740617,14.929107589658047,50.0417014178482,50.0417014178482,50.0417014178482,5,NEUTRAL,0,UPPTREND,False,2,0.2857142857142857,LÅG,VÄNTA,-5.4,0.625,,2026-07-02,0,True
2881.TW,"Fubon Financial Holding Co., Ltd.",Financial Services,Insurance - Life,Taiwan,TWD,1831206735270.0,3.8719425000000003,3.3248352499999996,1.36,0.0844483749999998,1.7491028,1.346,-6.1107499999999995,0.07242499499999998,0.010580000000000003,-0.11532,0.082502555,0.12809001999999997,1.695,,,57.162,-0.61825,1.007,1130151305216.0,1336526110720.0,836762796032.0,1408807075840.0,12875478154000.0,,379304535000.0,,,,,120943979000.0,14407546000.0,3.17,0.4954,4.25,3.8,4.25,1782864000.0,0.68,141.0,78.1463394165039,134.0,115.175,2.0,10.0,,,0.40671003,0.23975,False,False,,0.5,40222567.0,32249671.0,1.82,,,,,,0.2876,51.6,,,True,0.718190400384806,,1.0,Asia,True,,57.8565893810895,,97.0629472887421,48.5175835305443,17.318435754189945,67.41071428571429,99.04076738609112,50.0,,50.0,57.69077161996194,standard,83,135511313,False,59.1,False,97.5396163469558,14.345287739783153,67.22268557130943,50.0417014178482,50.0417014178482,50.0417014178482,6,NEUTRAL,0,UPPTREND,False,2,0.2857142857142857,LÅG,VÄNTA,11.0,0.875,EXTREME_EARNINGS_GROWTH;,2026-07-02,0,True
BESI.AS,BE Semiconductor Industries N.V.,Technology,Semiconductor Equipment & Materials,Netherlands,EUR,22387926522.31421,115.77551249999999,23.551446125000005,1.6362,42.3040784,35.42029,35.296,86.18624999999999,0.132634995,0.038487499,0.12439000000000001,0.19027748500000002,0.23744000000000004,0.15699999999999997,0.433,0.637,79.676,3.1435000000000004,4.008,-457907280.0,611438016.0,519112992.0,22309502976.0,1113747000.0,,591331000.0,,,173056000.0,,131641000.0,178141000.0,0.56,1.1414,1.58,2.74,1.58,1777248000.0,1.365,328.3999938964844,104.73968512608042,282.70001220703125,290.47827,2.04348,23.0,,,0.108909994,0.63374,False,False,,0.5,454915.0,484088.0,0.88,-7.62,38.65,71.48,,-18.2,0.5624,28.9,-5.03,,False,0.27462125450648833,,0.481,Europe,True,23.490890545482163,81.27639467860979,63.55386541072641,63.568538552991,42.47262661230824,78.39851024208566,29.017857142857146,30.455635491606714,50.0,,50.0,57.658677706360166,standard,85,156527141,False,40.2,False,27.981651376146786,68.47372810675563,2.543786488740617,50.0417014178482,50.0417014178482,50.0417014178482,6,NEUTRAL,0,VARNING,False,3,0.42857142857142855,LÅG,VÄNTA,9.1,0.875,,2026-07-02,0,True
INGA.AS,ING Groep N.V.,Financial Services,Banks - Diversified,Netherlands,EUR,77844499764.05719,-4.1451635,-4.849800375000001,2.0524,-2.0812703499999996,3.1626105,8.256,,-0.0041899900000000045,-0.010912501000000002,0.08249749499999993,0.03251999999999999,-0.39529,-0.032,0.009500000000000008,0.069,,,,,132432003072.0,256194002944.0,203211898880.0,1054405000000.0,,22903000000.0,,,,,6327000000.0,-6380000000.0,3.99,0.48400003,1.09,5.51,0.736,1776297600.0,0.902,28.174999237060547,17.79784407035202,27.204999923706055,28.3095,2.05,20.0,,,0.00377,0.52191,False,False,,0.5,8124644.0,8954403.0,0.91,7.2,26.75,18.42,,0.0,0.2785,76.6,8.27,,True,0.6412268279965816,,0.949,Europe,True,,46.01641624663161,83.15777749490836,49.00940885403035,57.32197656576928,54.00372439478585,67.41071428571429,,50.0,,50.0,57.57270376926072,standard,86,278628074,False,42.9,False,27.981651376146786,43.03586321934946,45.954962468723934,50.0417014178482,50.0417014178482,50.0417014178482,2,SVAG,-8,UPPTREND,False,2,0.2857142857142857,LÅG,VÄNTA,-0.0,0.75,SUSPICIOUS_FWD_PE;,2026-07-02,0,True
B3SA3.SA,"B3 S.A. - Brasil, Bolsa, Balcão",Financial Services,Financial Data & Stock Exchanges,Brazil,BRL,74713339893.48929,5.83431,1.0767254999999993,1.21,1.7200234499999993,7.0793557,7.143,4.899749999999999,0.06074125125000001,0.049589999999999995,0.26173874750000004,0.3255800075,0.68391,0.14200000000000002,0.2615,0.335,-16.287750000000003,0.10825000000000012,1.859,220199040.0,14980616192.0,15579192320.0,75381473280.0,48487647000.0,,10067381000.0,,,6539094000.0,,4585619000.0,4358630000.0,5.93,0.66120005,0.88,3.01,0.221177,1782345600.0,0.145,20.030828945113228,11.499728453128654,14.920000076293945,20.03571,2.0,14.0,,,0.0,0.92892,False,False,,0.5,40374055.0,52820720.0,0.49,-5.44,-20.76,,,-26.03,0.3887,39.8,-10.39,,True,0.4691822246855454,,0.655,LatAm,True,57.66029710168516,88.83381213323439,2.9531568228105907,66.91246099098036,63.303039772857666,54.93482309124767,67.41071428571429,53.47721822541966,50.0,,50.0,57.54203011610286,standard,87,151261031,False,53.2,False,85.23769808173478,43.95329441201001,18.84904086738949,50.0417014178482,50.0417014178482,50.0417014178482,7,STARK,8,VARNING,False,4,0.5714285714285714,MEDEL,VÄNTA,11.3,0.875,SUSPICIOUS_FWD_PE;,2026-07-02,0,True
207940.KS,"Samsung Biologics Co.,Ltd.",Healthcare,Biotechnology,South Korea,KRW,62168747193000.0,,14.529928500000002,2.0085,,12.912692,12.817,7.597250000000001,0.07870499249999999,0.043420000000000014,0.23160250499999996,0.23728998999999995,0.18192002000000002,0.175,0.138,0.249,-0.8037499999999982,-0.5062499999999999,0.81,1082622500864.0,1652953972736.0,1194488102912.0,61710283046912.0,11060741976830.0,,4556971695180.0,,,2069221266710.0,,1784352060590.0,2247807426550.0,,0.0,,,,,0.202,1987000.0,1228000.0,1343000.0,2096122.2,1.43478,23.0,,,0.74373,0.15894,False,False,,0.5,61453.0,69598.0,0.93,,,,,,0.4429,58.2,,,True,0.5331632620911544,,0.198,Asia,True,70.17448484651193,82.07617796022471,,52.667634313486104,48.6573644752053,2.4208566108007448,11.696428571428571,76.97841726618705,50.0,,50.0,57.53769323060423,standard,88,68233183,False,42.7,False,73.56130108423686,2.543786488740617,9.341117597998332,50.0417014178482,50.0417014178482,50.0417014178482,6,NEUTRAL,0,UPPTREND,False,2,0.2857142857142857,LÅG,VÄNTA,-10.0,0.625,,2026-07-02,0,True
LRCX,Lam Research Corporation,Technology,Semiconductor Equipment & Materials,United States,USD,474078955810.2722,34.464066,22.729693499999996,2.1879,34.4184653,21.865252,21.818,36.72825,0.45497625374999995,0.15236249875,0.19584622750000003,0.20450747499999994,0.0038050099999999976,0.11199999999999999,0.20599999999999996,0.372,-19.196500000000007,0.85775,1.695,2960305920.0,4750936064.0,3734479104.0,473062506496.0,21345260000.0,,18435591000.0,,,5900968000.0,,5358217000.0,6173264000.0,0.27,0.1909,1.04,0.99,0.26,1781654400.0,1.868,409.75,90.43947230730471,379.0899963378906,340.58066,1.51429,31.0,2.93,0.026700001,0.0028,0.88128,False,False,,0.492,10413973.0,14764740.0,0.51,1.96,60.43,,,-19.19,0.6895,48.1,9.13,,True,0.6874751860615088,,0.931,US,True,47.124797899237166,83.77426181195051,50.30549898167006,73.98625654431007,30.58821601351072,24.767225325884542,67.41071428571429,59.95203836930456,50.0,63.02521008403361,49.2,57.51752137081507,standard,89,5597165233,False,42.0,False,64.0533778148457,20.350291909924938,2.543786488740617,50.0417014178482,50.0417014178482,50.0417014178482,6,NEUTRAL,0,UPPTREND,False,3,0.42857142857142855,LÅG,VÄNTA,9.7,0.875,,2026-07-02,0,True
BBVA.MC,"Banco Bilbao Vizcaya Argentaria, S.A.",Financial Services,Banks - Diversified,Spain,EUR,119114040709.11919,-4.7708355,-4.741028375000001,2.1434,-1.38335425,3.6525726,4.239,,0.020589990000000002,-0.005042500000000002,0.071457495,0.16437000000000002,-0.39529,0.057999999999999996,0.005500000000000005,0.108,,,,,160842006528.0,168716992512.0,138240032768.0,859576000000.0,,39415000000.0,,,,,10511000000.0,14968000000.0,4.29,0.4011,0.92,4.99,0.6,1775606400.0,0.885,21.8799991607666,11.896416760839527,21.469999313354492,21.05217,2.52174,23.0,,,0.00102,0.44472,False,False,,0.5,12193666.0,14648055.0,0.88,14.2,23.47,12.4,,0.0,0.3361,77.6,13.09,,True,0.7464065419327145,,0.561,Europe,True,,53.103488895917394,79.32604590970807,49.17755705779891,49.95414283721579,44.134078212290504,67.41071428571429,,50.0,,50.0,57.47443028145817,standard,90,359709163,False,40.8,False,27.981651376146786,35.3628023352794,39.86655546288574,50.0417014178482,50.0417014178482,50.0417014178482,3,SVAG,-8,UPPTREND,False,2,0.2857142857142857,LÅG,VÄNTA,-0.8,0.75,SUSPICIOUS_FWD_PE;,2026-07-02,0,True
7564.T,"Workman Co.,Ltd.",Consumer Cyclical,Apparel Retail,Japan,JPY,550072482720.0,-0.8143484999999995,-7.488772874999999,,0.5235069499999998,3.4197428,2.91,-3.6483750000000024,0.011080007499999996,0.04436499499999999,0.031669999999999976,0.02279750200000001,0.031674974999999994,0.1725,0.071,0.183,-29.037749999999996,3.0639999999999996,3.892,-155471132928.0,83742998528.0,1692999936.0,468022493184.0,185257000000.0,,160851000000.0,,,29691000000.0,,20618000000.0,18838000000.0,1.32,0.3523,89.0,1.34,89.0,1806364800.0,0.822,8330.0,5225.007899187613,6740.0,7412.222,,9.0,,,0.76319003,0.0587,False,False,,0.5,307887.0,292990.0,2.65,,,,,,0.4322,27.0,,,False,0.21657901327894893,,0.695,Japan,True,,62.6909447422413,,61.53173691001156,58.81515669815857,23.649906890130353,67.41071428571429,3.117505995203837,50.0,,50.0,57.18209607640831,standard,92,12262802,False,38.9,False,27.981651376146786,19.349457881567975,42.95246038365305,50.0417014178482,50.0417014178482,50.0417014178482,5,NEUTRAL,0,UPPTREND,False,3,0.42857142857142855,LÅG,VÄNTA,-2.8,0.875,SUSPICIOUS_FWD_PE;,2026-07-02,0,True
AZN.L,AstraZeneca PLC,Healthcare,Drug Manufacturers - General,United Kingdom,GBp,285288552659149.3,4.766886999999997,2.3160832499999993,1.4132,2.6876141500000004,3.6739929,4.106,0.691250000000001,0.09871124125,0.017999999999999995,0.028592495000000023,0.002939985000000006,0.34047995000000003,0.041999999999999996,-0.060000000000000005,0.056,15.808499999999999,-1.3152499999999998,0.701,6089693872.0,7674999808.0,34029000704.0,248190812160.0,114074000000.0,,58739000000.0,,,13327000000.0,,10225000000.0,14575000000.0,1.65,0.477,2.36,2.09,1.595,1771459200.0,0.214,193207.77797317505,131086.0974384807,183954.8040485382,16734.393,1.6087,21.0,,,0.00046,0.67862,False,False,,0.5,2143940.0,2389661.0,1.04,7.26,-3.22,6.97,,-6.46,0.2639,67.0,5.89,,True,1.1195904929118088,,0.86,UK,True,86.65256030469742,69.29975347905818,35.184625339443315,49.9854677936337,60.840400306589686,0.74487895716946,67.41071428571429,83.45323741007195,50.0,,50.0,57.11701852248434,standard,94,439589620997,False,43.1,False,56.88073394495413,2.543786488740617,39.69974979149291,50.0417014178482,50.0417014178482,50.0417014178482,4,NEUTRAL,0,UPPTREND,False,4,0.5714285714285714,MEDEL,VÄNTA,5.2,0.875,,2026-07-02,0,True
TXN,Texas Instruments Incorporated,Technology,Semiconductors,United States,USD,259767778669.41132,11.862945999999999,5.205320499999998,1.3621,5.1110453,14.08847,14.574,7.459249999999999,0.11082625374999996,0.04619249874999999,0.17753624750000002,0.23231751499999997,0.07723500999999994,0.06,0.11099999999999999,0.31,29.262499999999996,2.77775,2.827,-323785600.0,5103000064.0,14049999872.0,268710232064.0,34585000000.0,,17682000000.0,,,6140000000.0,,5001000000.0,7153000000.0,1.99,0.9504,5.68,2.71,1.42,1777939200.0,1.309,334.0299987792969,150.9724502444009,285.42999267578125,295.03125,2.22222,32.0,2.55,0.0257,0.00279,0.92643,False,False,,0.469,8459082.0,11668470.0,0.3,-5.7,50.09,,,-12.42,0.5154,47.9,-1.54,,False,0.16746348278051662,,0.588,US,True,48.319823778985864,80.12208527365678,54.42973523421589,58.54877074646356,49.90382671932028,30.726256983240223,67.41071428571429,45.563549160671464,50.0,63.86554621848739,46.9,57.07545229729276,standard,95,3330531307,False,42.2,False,58.965804837364466,24.520433694745623,8.17347789824854,50.0417014178482,50.0417014178482,50.0417014178482,6,NEUTRAL,0,VARNING,False,2,0.2857142857142857,LÅG,VÄNTA,8.1,0.875,,2026-07-02,0,True
STX,Seagate Technology Holdings plc,Technology,Computer Hardware,Singapore,USD,203604284712.1333,48.532944,8.610590499999999,0.6226,174.03567830000003,18.492668,18.603,34.73425,17.667056253749998,0.17122249874999998,0.10244624749999996,0.21075749499999996,-0.08027498999999999,0.315,0.881,1.2,327.0745,-0.3522499999999999,0.772,217964416.0,1146000000.0,4177999872.0,204815663104.0,8023000000.0,,9097000000.0,,,1915000000.0,,1469000000.0,1083000000.0,0.33,0.277,2.96,3.02,0.74,1782259200.0,2.083,1144.184150716912,137.16744321116371,899.9000244140625,898.0909,1.54167,22.0,2.53,0.0427,0.00242,0.88255996,False,False,,0.417,4225349.0,5897650.0,0.57,-12.87,90.89,,,-25.08,0.7837,46.5,-2.46,,False,0.351374236559421,,0.969,US,True,40.84952852197879,80.40223805765211,49.89816700610998,89.08995067594552,12.997655181980777,34.26443202979516,67.41071428571429,50.59952038369304,50.0,43.69747899159664,41.699999999999996,56.88688342822954,standard,96,5307295379,False,42.8,False,61.38448707256047,27.105921601334444,5.587989991659716,50.0417014178482,50.0417014178482,50.0417014178482,5,NEUTRAL,0,VARNING,False,3,0.42857142857142855,LÅG,VÄNTA,10.5,0.875,,2026-07-02,0,True
SPGI,S&P Global Inc.,Financial Services,Financial Data & Stock Exchanges,United States,USD,120815361083.98438,3.8018099999999944,0.6425339999999977,1.4347,-3.389268750000001,7.6805696,8.769,3.537999999999998,-0.06301875125,0.037912498749999995,0.0459237225,0.06815000999999996,0.20871500999999998,0.043,0.1975,0.28,-33.63,-1.0212499999999998,0.568,3906839296.0,1810000000.0,13900000256.0,137937354752.0,61200000000.0,,15336000000.0,,,6177000000.0,,4471000000.0,5651000000.0,0.95,0.24350001,3.88,0.82,0.97,1787702400.0,1.076,574.2334848772068,379.8408011799742,408.1600036621094,532.8095,1.29167,21.0,2.34,0.0165,0.00275,0.91002,False,False,,0.118,2065438.0,2766170.0,0.45,11.44,6.81,,,-15.51,0.3665,67.8,9.37,,False,0.2968141851848175,,0.713,US,True,82.11899258873443,62.969763819560896,25.05091649694501,61.716464945167274,28.294131604222674,43.76163873370577,67.41071428571429,86.09112709832134,50.0,80.46218487394958,11.799999999999999,56.811559614465814,standard,97,1129039957,False,51.4,False,84.57047539616347,35.11259382819016,16.51376146788991,50.0417014178482,50.0417014178482,50.0417014178482,4,NEUTRAL,0,UPPTREND,False,4,0.5714285714285714,MEDEL,VÄNTA,-1.1,0.875,SUSPICIOUS_FWD_PE;,2026-07-02,0,True
SAF.PA,Safran SA,Industrials,Aerospace & Defense,France,EUR,138102103582.27734,-10.873585499999997,5.497986124999999,2.3619,4.0516521,4.4279103,4.418,4.084249999999999,0.3709674949999999,-0.005012500999999999,0.11803999,-0.017587515000000026,0.08507000000000003,0.064,,,-25.684999999999995,-0.352,0.596,-2313262848.0,6848000000.0,5326000128.0,137807364096.0,61814000000.0,,31189000000.0,,,4592000000.0,,7177000000.0,5721000000.0,1.01,0.1689,3.35,0.75,3.35,1779753600.0,0.974,346.9021998728238,259.6822067309178,332.70001220703125,341.74545,1.86364,22.0,,,0.16744,0.45771,False,False,,0.5,771388.0,899265.0,0.84,17.65,24.35,14.22,,0.0,0.4044,80.4,18.21,,True,0.7610940327720187,,0.5,Europe,True,44.34193821413457,64.50432441362798,79.98265656822811,45.86498761354253,36.319451636766225,40.78212290502793,67.41071428571429,33.093525179856115,50.0,,50.0,56.74596344706844,standard,99,342200008,False,39.5,False,27.981651376146786,32.9441201000834,33.694745621351124,50.0417014178482,50.0417014178482,50.0417014178482,3,SVAG,-8,UPPTREND,False,3,0.42857142857142855,LÅG,VÄNTA,-1.8,0.875,EXTREME_EARNINGS_GROWTH;,2026-07-02,0,True
PRY.MI,Prysmian S.p.A.,Industrials,Electrical Equipment & Parts,Italy,EUR,41747152750.3699,0.14321249999999974,2.7703491250000014,0.62,0.6366008000000001,2.0250862,2.186,-1.3807500000000008,0.041447485000000006,0.010757494999999995,-0.04581,-0.07204751500000002,-0.01260996999999997,0.04000000000000001,0.466,0.64,16.09700000000001,-0.017000000000000015,0.771,556112128.0,1546000000.0,5423000064.0,45056045056.0,20190000000.0,,19650000000.0,,,1467000000.0,,1270000000.0,2162000000.0,0.63,0.1702,0.9,1.39,0.9,1776643200.0,0.954,157.25,58.12675894904071,142.85000610351562,147.95,1.95,20.0,,,0.0,0.58405995,False,False,,0.5,1159482.0,1121472.0,1.24,-5.64,36.73,56.39,,-9.43,0.4411,47.1,-1.73,,False,0.253491240400755,,0.263,Europe,True,,47.297959001188545,67.44579514596063,55.51606724730432,50.48447206894384,67.41154562383612,67.41071428571429,71.94244604316546,50.0,,50.0,56.66583663436662,standard,100,183234905,False,58.1,False,70.80900750625521,56.88073394495413,62.13511259382819,50.0417014178482,50.0417014178482,50.0417014178482,5,NEUTRAL,0,VARNING,False,2,0.2857142857142857,LÅG,VÄNTA,10.9,0.875,,2026-07-02,0,True
NDAQ,"Nasdaq, Inc.",Financial Services,Financial Data & Stock Exchanges,United States,USD,44428883710.16516,1.6315509999999964,0.0,1.9142,-3.577865450000002,8.198724,9.858,2.629,-0.040418741249999994,0.024272496749999997,0.09513376250000001,0.10934001000000002,0.50401501,0.07600000000000001,0.21050000000000002,0.314,7.036000000000001,-0.7022499999999998,0.345,167589376.0,531000000.0,9516999680.0,53419884544.0,31053000000.0,,8262000000.0,,,2433000000.0,,1788000000.0,2255000000.0,1.43,0.32529998,1.12,1.28,0.31,1781222400.0,0.974,101.10603805405401,76.57199855851961,78.55999755859375,106.13333,1.70588,15.0,2.76,0.0226,0.10882,0.86494005,False,False,,0.718,3632371.0,5936810.0,0.28,-2.62,-2.44,,,-16.02,0.3277,46.2,-3.8,,False,0.05600464473052424,,0.881,US,True,61.55755938235836,71.07432876975345,15.376782077393075,69.52606113271895,49.69029571147473,65.73556797020484,67.41071428571429,54.196642685851316,50.0,69.53781512605042,71.8,56.628512094748935,standard,101,466395779,False,51.4,False,72.64386989157632,55.4628857381151,15.763135946622187,50.0417014178482,50.0417014178482,50.0417014178482,7,STARK,8,VARNING,False,4,0.5714285714285714,MEDEL,VÄNTA,11.5,0.875,SUSPICIOUS_FWD_PE;,2026-07-02,0,True
EGIE3.SA,Engie Brasil Energia S.A.,Utilities,Utilities - Renewable,Brazil,BRL,39020928063.45903,0.0,-2.8108967500000013,1.38,0.49864989999999987,2.9437177,4.987,-1.0155000000000003,0.03438374624999998,0.007290000000000001,0.1054887425,0.30467249750000003,0.19789999999999996,0.052000000000000005,-0.08199999999999999,-0.022,29.50775,0.35174999999999984,1.407,-3892911616.0,6536088064.0,32421304320.0,66103586816.0,55312909000.0,,12860075000.0,,,5560612000.0,,2582841000.0,3345511000.0,5.36,0.598,1.83,5.33,0.48829,1777939200.0,0.302,38.813228805087284,26.720944006639897,34.15999984741211,34.23857,3.71429,14.0,,,0.68711996,0.19128,False,False,,0.5,2411611.0,1907160.0,1.09,-3.9,1.04,,,-13.51,0.2771,32.0,-2.94,,False,0.5906288142892806,,0.531,LatAm,True,,73.76238871996796,21.028513238289207,39.14939644914753,71.07695861301005,69.08752327746741,67.41071428571429,19.424460431654676,50.0,,50.0,56.57219981726253,standard,103,12504286,False,45.5,False,27.981651376146786,58.381984987489574,48.20683903252711,50.0417014178482,50.0417014178482,50.0417014178482,4,NEUTRAL,0,VARNING,False,3,0.42857142857142855,LÅG,VÄNTA,3.6,0.875,SUSPICIOUS_FWD_PE;,2026-07-02,0,True
NXT.L,NEXT plc,Consumer Cyclical,Apparel Retail,United Kingdom,GBp,21434399190171.83,-2.9760880000000007,2.788825750000001,3.2197,6.91275255,2.417417,2.71,-0.10349999999999948,0.3512187187499999,0.09211999999999998,0.02275750250000002,0.0,-0.03206999999999999,0.0795,0.138,0.232,25.712250000000004,0.21574999999999994,1.081,359943728.0,96200000.0,1809799936.0,18700818432.0,4915300000.0,,6901300000.0,,,1277200000.0,,888500000.0,1233600000.0,1.83,0.32869998,2.68,2.95,1.81,1782950400.0,1.047,191077.0541381836,141642.6736520485,187770.60072422028,14724.5,2.1,20.0,,,0.062280003,0.71239996,False,False,,0.5,538345.0,369888.0,0.46,8.4,13.08,8.39,,-0.33,0.2447,56.6,8.45,,True,0.8372221686398931,,0.5,UK,True,,67.59465603265302,59.50653428377461,54.23095556239474,60.33392943483201,6.890130353817504,67.41071428571429,78.41726618705036,50.0,,50.0,56.53912732989616,standard,104,69454091961,False,45.5,False,56.21351125938282,2.543786488740617,56.96413678065054,50.0417014178482,50.0417014178482,50.0417014178482,5,NEUTRAL,0,UPPTREND,False,3,0.42857142857142855,LÅG,VÄNTA,5.8,0.875,,2026-07-02,0,True
CLAS-B.ST,Clas Ohlson AB (publ),Consumer Cyclical,Specialty Retail,Sweden,SEK,24462649696.815125,-3.0623065,14.632855375,3.14,4.077991099999998,2.1496322,2.155,-2.7829999999999977,0.2202025099999999,0.05979000000000001,-0.002885012500000013,-0.10372997499999997,0.025509999999999977,0.04050000000000001,0.631,0.736,-9.743125000000001,0.030999999999999917,0.646,795002112.0,1836499968.0,1899900032.0,26963681280.0,7887300000.0,,12513900000.0,,,1528500000.0,,1168900000.0,2118800000.0,1.65,0.3827,7.0,5.03,3.5,1768176000.0,0.954,452.6000061035156,276.2021351088865,423.20001220703125,415.0,3.0,4.0,,,0.35682,0.34199002,False,False,,0.5,86502.0,64906.0,0.91,16.31,17.62,,,-3.14,0.3608,65.2,6.39,,True,0.8034776392225695,,0.439,Nordic,True,,60.231746749428076,51.22199592668025,58.43878719223809,47.10532013631254,76.53631284916202,67.41071428571429,86.57074340527578,50.0,,50.0,56.36996309453508,standard,105,2840411,False,62.0,False,82.06839032527105,66.4720600500417,60.216847372810676,50.0417014178482,50.0417014178482,50.0417014178482,6,NEUTRAL,0,UPPTREND,False,2,0.2857142857142857,LÅG,VÄNTA,11.0,0.875,,2026-07-02,0,True
ZURN.SW,Zurich Insurance Group AG,Financial Services,Insurance - Diversified,Switzerland,CHF,87978499441.0,-1.2049914999999993,-0.7673383750000009,3.3569,0.005137550000000157,1.2038162,0.918,-4.862,0.08237001999999999,-0.0015925009999999996,-0.16676250499999998,-0.23528000000000002,-0.15713999999999997,0.034,0.21050000000000002,0.339,7.345499999999996,3.482500000000001,3.02,713362048.0,36086001664.0,17742999552.0,67109953536.0,407211000000.0,,88670000000.0,,,,,6798000000.0,5903000000.0,5.09,0.72029996,30.0,5.12,30.0,1775779200.0,0.329,589.0,493.58854967277733,589.0,596.4301,2.75,12.0,,,0.00184,0.42376,False,False,,0.5,304792.0,311055.0,0.93,10.65,14.09,,,0.0,0.2035,93.2,7.76,,True,0.8664631314554256,,0.5,Europe,True,,33.95981350460943,75.30549898167007,54.44485207061478,88.43192266129356,50.46554934823091,67.41071428571429,68.34532374100719,50.0,,50.0,56.35412626346797,standard,106,228005322,False,56.2,False,64.88740617180983,40.283569641367805,76.2301918265221,50.0417014178482,50.0417014178482,50.0417014178482,6,NEUTRAL,0,UPPTREND,False,3,0.42857142857142855,LÅG,VÄNTA,-0.3,0.875,SUSPICIOUS_FWD_PE;,2026-07-02,0,True
HWM,Howmet Aerospace Inc.,Industrials,Aerospace & Defense,United States,USD,107576897000.56018,26.81393499999999,19.816131499999997,0.8,10.583071,12.475577,12.755,20.808249999999997,0.12008875374999997,0.052852498749999983,0.0922662475,0.141542495,-0.14552497000000003,0.13,0.6459999999999999,0.686,7.111499999999996,1.07625,1.458,-199285632.0,2435000064.0,4848000000.0,109989896192.0,11179000000.0,,8252000000.0,,,2115000000.0,,1508000000.0,1884000000.0,0.18,0.1067,0.48,,0.12,1778198400.0,1.193,290.6300048828125,169.17969224324384,268.8699951171875,305.128,1.45455,20.0,3.79,0.0233,0.0086900005,0.94524,False,False,,0.1,2721239.0,4512160.0,0.22,7.55,14.97,,,-5.59,0.3543,53.3,3.01,,True,0.6000512881365584,,0.922,US,True,39.975042590362094,70.1131616105441,45.21384928716905,80.60560364265066,59.8789975184236,46.36871508379888,67.41071428571429,45.08393285371702,50.0,67.43697478991596,10.0,56.22382904034952,standard,108,1213184437,False,44.7,False,60.9674728940784,36.86405337781485,9.50792326939116,50.0417014178482,50.0417014178482,50.0417014178482,5,NEUTRAL,0,UPPTREND,False,3,0.42857142857142855,LÅG,VÄNTA,7.0,0.875,,2026-07-02,0,True
RILBA.CO,Ringkjøbing Landbobank A/S,Financial Services,Banks - Regional,Denmark,DKK,36744461950.0,0.16308350000000083,-0.729622374999999,2.15,-0.3785820500000012,8.897315,11.14,,0.012675005000000003,-0.0009299999999999933,0.28679749499999996,0.3066125350000001,-0.45161,-0.08499999999999999,-0.1555,-0.049,,,,,4618790912.0,13522581504.0,46008233984.0,86308719000.0,,4114420000.0,,,,,2313411000.0,,0.78,0.1302,12.0,0.81,12.0,1772668800.0,0.298,1695.301061709065,1340.9553876218542,1543.0,1803.3334,,3.0,,,0.00558,0.37909,False,False,,0.5,24181.0,23520.0,0.8,4.79,7.33,,,-5.02,0.2087,64.9,2.43,,False,0.4814175133756536,,0.956,Nordic,True,,60.06960990233254,37.16904276985743,35.79061141448841,88.70135304784489,70.01862197392924,67.41071428571429,,50.0,,50.0,56.219232627164075,standard,109,5542062,False,40.5,False,27.981651376146786,59.216013344453714,14.09507923269391,50.0417014178482,50.0417014178482,50.0417014178482,1,SVAG,-8,UPPTREND,False,3,0.42857142857142855,LÅG,VÄNTA,-5.6,0.75,SUSPICIOUS_FWD_PE;,2026-07-02,0,True
SLM,SLM Corporation,Financial Services,Credit Services,United States,USD,4799691866.635036,-14.961655300000002,-10.185856400000002,0.51,-4.960080450000001,2.88195,3.613,,0.10688125875000001,-0.005607501250000008,0.19159374250000002,0.32591995999999995,0.50401501,-0.036,-0.027499999999999997,0.011,181.059,-0.3972499999999999,1.279,,5203270144.0,6169181184.0,6016413184.0,29746295000.0,,1984393000.0,,,,,744847000.0,-398581000.0,2.04,0.1444,0.52,2.01,0.13,1780531200.0,0.987,34.23573617590247,17.54623391365214,25.450000762939453,28.81818,2.0,11.0,9.1,0.1312,0.01298,1.13318,False,False,,0.766,2967646.0,3137000.0,0.19,16.8,16.69,,,-9.73,0.4174,73.6,10.6,,True,1.1802410288165242,,0.464,US,True,,80.86720547541283,41.85336048879837,27.418303237665643,30.520008979902748,93.85474860335195,67.41071428571429,,50.0,11.76470588235294,76.6,56.20144866954816,standard,110,79836652,False,50.4,False,27.981651376146786,88.90742285237698,50.0417014178482,50.0417014178482,50.0417014178482,50.0417014178482,1,SVAG,-8,UPPTREND,False,2,0.2857142857142857,LÅG,VÄNTA,-8.0,0.875,SUSPICIOUS_FWD_PE;,2026-07-02,0,True
GMG.AX,GOOD GROUP STAPLED [GMG],Real Estate,REIT - Diversified,Australia,AUD,,0.012022750000000748,-9.094277000000002,2.72,0.0,,21.502,11.19,0.03565750099999998,0.02105750125,0.30382999749999995,0.19269999499999993,0.5528599999999999,-0.216,-0.2695,0.031,-156.8145,2.745,2.375,104987648.0,2963399936.0,4179800064.0,66670223360.0,31565300000.0,,2068600000.0,,,503900000.0,,1666400000.0,,0.94,0.35759997,0.3,1.2,0.15,1782691200.0,1.03,37.131314258752575,24.559999465942383,32.0099983215332,34.66286,1.46154,14.0,,,0.02533,0.55017,False,False,,0.5,4256565.0,4620628.0,0.92,-2.19,19.04,0.73,,-5.06,0.3046,44.9,0.38,,False,0.6645860644032371,,0.5,Australia,True,49.426413620235024,82.71093741500877,49.37680329260014,19.355440292711208,61.71225717308129,,67.41071428571429,51.798561151079134,50.0,,50.0,56.111688115848956,standard,111,102413991,False,44.5,False,27.981651376146786,50.0417014178482,50.0417014178482,50.0417014178482,50.0417014178482,50.0417014178482,4,NEUTRAL,0,UPPTREND,False,3,0.42857142857142855,LÅG,VÄNTA,-3.0,0.875,SUSPICIOUS_FWD_PE;,2026-07-02,0,True
D05.SI,DBS Group Holdings Ltd,Financial Services,Banks - Regional,Singapore,SGD,185666439352.40738,2.3138534999999996,0.9090910000000001,3.2633,0.9074691250000002,8.330707,13.41,,,,-0.015776260000000028,0.045265,0.0,-0.028999999999999998,,0.011,,,,,70002999296.0,183164993536.0,298872438784.0,897488000000.0,,22895000000.0,,,,,10934000000.0,11024000000.0,4.95,0.79800004,3.24,4.55,0.81,1778457600.0,0.279,67.0,42.19736435758707,65.43000030517578,62.146,2.2,15.0,,,0.006,0.54368,False,False,,0.5,5306927.0,4888507.0,0.71,,,,,,0.159,70.9,,,False,0.6705912200645762,,0.686,Singapore,True,,52.26567349472378,,36.94183357350647,94.11302134188868,36.312849162011176,67.41071428571429,,50.0,,50.0,56.09416390415873,standard,112,247621369,False,36.2,False,27.981651376146786,29.107589658048372,15.512927439532945,50.0417014178482,50.0417014178482,50.0417014178482,0,SVAG,-8,UPPTREND,False,2,0.2857142857142857,LÅG,VÄNTA,-8.3,0.625,EXTREME_EARNINGS_GROWTH;SUSPICIOUS_FWD_PE;,2026-07-02,0,True
UDR,"UDR, Inc.",Real Estate,REIT - Residential,United States,USD,12990127658.205418,-8.94801725,42.34518975,8.17,-2.8421348000000015,8.384738,11.149,-5.198750000000002,-0.010481242250000015,-0.018340000000000002,0.014181247500000008,-0.16433250500000002,0.17020500999999993,-0.014999999999999993,1.2805,1.474,45.34049999999999,-0.3722499999999998,0.003,-384905088.0,2371000.0,5845310976.0,19696349184.0,10605674000.0,,1712317000.0,,,322375000.0,,377704000.0,902887000.0,4.33,1.1701,1.73,3.85,0.435,1784246400.0,0.712,40.029998779296875,32.15207637461423,39.97999954223633,40.61905,,21.0,2.64,0.0614,0.0044,1.12304,False,False,,0.668,4420917.0,4661830.0,0.13,8.48,19.26,,,0.0,0.219,64.6,8.16,,True,0.9075178876993544,,0.519,US,True,,42.7581702411537,81.92464358452139,64.9865532319495,58.6598591428152,84.72998137802608,29.017857142857146,30.69544364508393,50.0,27.310924369747898,66.8,56.077604483394055,standard,113,186379961,False,53.9,False,70.22518765638031,77.06422018348624,15.42952460383653,50.0417014178482,50.0417014178482,50.0417014178482,4,NEUTRAL,0,UPPTREND,False,2,0.2857142857142857,LÅG,VÄNTA,2.5,0.875,,2026-07-02,0,True
ROK,"Rockwell Automation, Inc.",Industrials,Specialty Industrial Machinery,United States,USD,53057647084.45477,13.80005,7.918776500000002,2.0772,6.1231589999999985,6.026539,6.445,6.67825,0.053738753750000014,0.02704249874999999,0.013596247499999978,0.066902515,-0.006774990000000036,0.057999999999999996,0.328,0.389,32.6845,-0.27675,0.616,-417535616.0,423000000.0,4054000128.0,56742645760.0,11219000000.0,,8342000000.0,,,1423000000.0,,869000000.0,1544000000.0,1.16,0.55869997,5.52,1.63,1.38,1786924800.0,1.561,486.4700012207031,301.1794698525613,476.82000732421875,465.00778,2.26667,27.0,5.22,0.0357,0.0017299999,0.90970004,False,False,,0.405,794820.0,1080710.0,0.29,0.59,27.63,,,-6.19,0.3601,52.6,3.71,,True,0.8826435568181418,,0.981,US,True,44.90554163004438,63.426099533856984,55.70264765784114,74.11386745881182,38.66684040753961,62.19739292364991,67.41071428571429,39.328537170263786,50.0,48.94957983193277,40.5,56.06337131953214,standard,114,515304150,False,48.9,False,60.30025020850709,52.543786488740615,23.102585487906588,50.0417014178482,50.0417014178482,50.0417014178482,4,NEUTRAL,0,UPPTREND,False,3,0.42857142857142855,LÅG,VÄNTA,7.3,0.875,,2026-07-02,0,True
SWED-A.ST,Swedbank AB (publ),Financial Services,Banks - Regional,Sweden,SEK,403301186409.89,-3.864368500000001,-0.22942037499999923,7.0039,-1.8455043500000012,5.9129004,17.724,,-0.03133499499999999,-0.017840000499999994,0.20181747500000002,0.11990253500000003,-0.45161,-0.093,-0.23249999999999998,-0.104,,,,,316877996032.0,1122453028864.0,1208900255744.0,3062782000000.0,,67899000000.0,,,,,32762000000.0,-46342000000.0,5.7,0.72470003,20.45,5.9,29.8,1774396800.0,0.553,361.29998779296875,220.63634575882423,358.8999938964844,344.8125,2.9375,16.0,,,0.17117001,0.49907002,False,False,,0.5,2192633.0,2490738.0,0.77,9.16,13.95,,,0.0,0.1871,72.7,7.56,,True,0.8617353147840046,,0.981,Nordic,True,,46.80948326304524,75.10183299389003,33.57334940081702,84.53706932626586,26.443202979515828,67.41071428571429,,50.0,,50.0,56.02816958539129,standard,115,92438333,False,36.2,False,27.981651376146786,21.434528773978315,23.436196830692243,50.0417014178482,50.0417014178482,50.0417014178482,1,SVAG,-8,UPPTREND,False,3,0.42857142857142855,LÅG,VÄNTA,-3.0,0.75,SUSPICIOUS_FWD_PE;,2026-07-02,0,True
AI.PA,L'Air Liquide S.A.,Basic Materials,Specialty Chemicals,France,EUR,109916108987.54291,7.602161500000002,7.182233875,2.119,0.4122178500000002,4.0800033,4.466,0.6152500000000014,-0.014052505000000007,0.016447498999999994,0.014369999999999997,0.025547494999999976,0.24646004000000005,-0.128,-0.364,0.056,9.339499999999996,-0.5445,0.776,914699648.0,3960800000.0,13650599936.0,120316305408.0,51913400000.0,,26940200000.0,,,5234300000.0,,3517900000.0,6518400000.0,1.95,0.5428,3.36,1.83,3.363636,1779062400.0,0.644,186.1775706536632,151.90441981466176,172.86000061035156,181.09105,1.55,20.0,,,0.00132,0.27097,False,False,,0.5,955742.0,1147722.0,0.95,8.99,1.66,16.89,,-2.66,0.2452,74.7,4.01,,True,1.035279782322856,,0.5,Europe,True,72.35185607170372,61.20765051220919,46.56525797691785,20.454615129345843,62.67699207758203,45.99627560521415,67.41071428571429,62.829736211031175,50.0,,50.0,55.985757807052394,standard,116,226918929,False,49.7,False,64.97080900750626,36.6138448707256,36.53044203502919,50.0417014178482,50.0417014178482,50.0417014178482,3,SVAG,-8,UPPTREND,False,4,0.5714285714285714,MEDEL,VÄNTA,-7.0,0.875,,2026-07-02,0,True
DB1.DE,Deutsche Börse AG,Financial Services,Financial Data & Stock Exchanges,Germany,EUR,43395844866.24321,4.6713225,3.439516625,2.994,0.5188663500000001,5.756181,6.375,3.675,0.022210000000000008,-0.0122025014,0.012797494999999982,0.051319999999999984,0.41702004,0.024000000000000007,-0.005500000000000005,0.114,13.9655,-0.6005,,,2875000064.0,7120999936.0,48062504960.0,297156000000.0,,7381000000.0,,,2978000000.0,,1995000000.0,2810000000.0,1.76,0.35650003,4.2,1.87,4.2,1778716800.0,0.28,274.31934144755627,196.67251329895487,238.3000030517578,286.08334,1.75,12.0,,,0.0,0.68205,False,False,,0.5,427811.0,423617.0,1.0,0.65,-1.72,13.05,,-6.02,0.2412,45.5,-0.69,,False,-0.15192142061746855,,0.684,Europe,True,,62.3443142578872,40.25055159538357,48.58337733597769,66.425082233039,66.66666666666666,67.41071428571429,,50.0,,50.0,55.97525517948887,standard,117,115461431,False,41.6,False,27.981651376146786,56.13010842368641,24.43703085904921,50.0417014178482,50.0417014178482,50.0417014178482,3,SVAG,-8,VARNING,False,3,0.42857142857142855,LÅG,VÄNTA,-2.7,0.875,,2026-07-02,0,True
9999.HK,"NetEase, Inc.",Communication Services,Electronic Gaming & Multimedia,China,HKD,600670752375.0,0.12903650000000066,-0.921889499999998,1.2706,0.438484925,5.2511444,3.884,-0.16849999999999854,0.07238500499999999,0.06405500100000001,0.1379525,0.19532001999999998,0.29019002,0.0,-0.0695,0.036,-27.381500000000003,1.9547500000000004,3.089,-102477824.0,170903830528.0,10955459584.0,444326936576.0,221415060000.0,,112625807000.0,,,35834867000.0,,33759800000.0,50739800000.0,2.41,0.3966,4.51,1.89,0.144,1780531200.0,0.801,247.3736598862898,168.6753483990376,187.5,248.22864,1.30435,20.0,,,0.44055998,0.26766002,False,False,,0.5,6698361.0,6407776.0,1.74,,,,,,0.3427,58.8,,,False,0.2761347454945284,,0.506,Asia,True,,82.83282758484077,,36.453741641736464,62.82973444517814,23.09124767225326,67.41071428571429,47.00239808153477,50.0,,50.0,55.92015564192874,standard,118,153200286,False,51.1,False,86.15512927439532,18.932443703085905,27.856547122602173,50.0417014178482,50.0417014178482,50.0417014178482,5,NEUTRAL,0,UPPTREND,False,3,0.42857142857142855,LÅG,VÄNTA,0.8,0.875,SUSPICIOUS_FWD_PE;,2026-07-02,0,True
NTAP,"NetApp, Inc.",Technology,Software - Infrastructure,United States,USD,29867992273.249832,-12.957525000000002,-9.147475500000002,1.679,11.746588299999999,4.313067,4.19,-8.149750000000003,0.8546962537499999,0.02282249874999999,0.07071625749999998,0.12666749499999996,0.21145500999999994,-0.0010000000000000009,0.032,0.188,147.8165,-0.24225000000000002,1.211,-96785536.0,3584000000.0,2732999936.0,29016993792.0,10744000000.0,,6925000000.0,,,1695000000.0,,1276000000.0,2067000000.0,1.36,0.32759997,2.08,2.29,0.52,1783641600.0,1.434,192.8300018310547,93.21255900816845,152.4499969482422,171.75,2.4,16.0,4.07,0.1013,0.00592,1.05938,False,False,,0.763,2980617.0,3276000.0,0.27,-14.63,49.58,,,-14.63,0.5143,39.0,10.49,,False,0.1653981823268644,,0.893,US,True,,78.69685083930742,51.93482688391039,55.300188486533514,24.83468966872674,72.99813780260708,67.41071428571429,42.20623501199041,50.0,17.647058823529413,76.3,55.89922750368199,standard,119,499426190,False,55.0,False,71.80984153461218,62.2185154295246,34.528773978315265,50.0417014178482,50.0417014178482,50.0417014178482,4,NEUTRAL,0,UPPTREND,False,2,0.2857142857142857,LÅG,VÄNTA,9.7,0.875,SUSPICIOUS_FWD_PE;,2026-07-02,0,True
ALV.DE,Allianz SE,Financial Services,Insurance - Diversified,Germany,EUR,154710867218.02032,-3.3924724999999993,-1.9686443749999998,2.8436,-1.27191315,1.339546,1.133,-4.460999999999999,0.017220000000000013,-0.0072525010000000015,-0.15552250499999998,-0.19138001000000002,-0.15187000999999997,0.026999999999999996,0.3965,0.523,,173.26149999999998,87.927,,27517999104.0,0.0,130816868352.0,1024276000000.0,,137450000000.0,,,,,10775000000.0,33209000000.0,4.19,0.49740002,17.1,4.8,17.1,1778198400.0,0.667,408.79998779296875,319.4020080566406,407.8999938964844,413.8957,2.27778,18.0,,,6.0000002e-05,0.42556998,False,False,,0.5,660709.0,704006.0,1.05,12.69,18.96,11.45,,0.0,0.1985,93.7,8.73,,True,0.823368648488323,,0.95,Europe,True,,30.056583092421874,75.50094407671419,72.3720423748411,85.21643417424131,38.733705772811916,67.41071428571429,,50.0,,50.0,55.89465534960917,standard,120,328450228,False,45.3,False,27.981651376146786,31.359466221851545,73.89491242702252,50.0417014178482,50.0417014178482,50.0417014178482,3,SVAG,-8,UPPTREND,False,4,0.5714285714285714,MEDEL,VÄNTA,-7.4,0.75,SUSPICIOUS_FWD_PE;,2026-07-02,0,True
DANSKE.CO,Danske Bank A/S,Financial Services,Banks - Regional,Denmark,DKK,278773672680.2493,-4.271694500000001,-3.561941374999999,6.3103,-1.9577993500000013,4.919767,21.177,,-0.05469499500000001,-0.021910000299999996,0.13925749499999995,0.10902257500000001,-0.45161,-0.052,-0.1135,-0.012,,,,,629637971968.0,1549290045440.0,1199968616448.0,3753911000000.0,,56845000000.0,,,,,23037000000.0,22555000000.0,4.91,0.605,16.94,5.27,6.14,1777852800.0,0.593,355.70001220703125,227.51571341331132,344.70001220703125,366.375,1.9375,16.0,,,0.22231,0.33798,False,False,,0.5,1151386.0,1052656.0,0.75,9.48,21.46,,,0.0,0.2181,72.3,8.02,,True,0.638257504027885,,0.719,Nordic,True,,41.96142369786743,84.16496945010184,33.00957943984435,79.26419305342446,29.981378026070765,67.41071428571429,,50.0,,50.0,55.87682338437027,standard,121,55410989,False,37.6,False,27.981651376146786,24.02001668056714,29.774812343619683,50.0417014178482,50.0417014178482,50.0417014178482,1,SVAG,-8,UPPTREND,False,3,0.42857142857142855,LÅG,VÄNTA,-2.1,0.75,SUSPICIOUS_FWD_PE;,2026-07-02,0,True
CPG.L,Compass Group PLC,Consumer Cyclical,Restaurants,United Kingdom,USD,715214536544.8038,4.919069,5.873878749999999,1.7744,3.632247550000001,1.148154,1.327,3.5814999999999992,0.11195875875000001,0.001999999999999988,-0.06436249749999998,-0.12648000999999998,0.24950997000000003,0.0335,0.052000000000000005,0.163,37.17125000000001,-0.8512500000000001,0.622,1504943792.0,523000000.0,9130999808.0,64358260736.0,26715000000.0,,46070000000.0,,,3295000000.0,,1868000000.0,3366000000.0,2.09,0.5592,0.69,2.93,0.255,1781740800.0,0.666,434.53500869208733,240.39214640123015,420.63700190747113,38.3027,1.8,20.0,,,0.00121,0.76453,False,False,,0.5,3958884.0,3308821.0,0.56,2.8,13.1,45.17,,-2.22,0.6643,43.6,5.77,,False,0.7716848132871327,,0.5,UK,True,79.12952895602069,51.675290514268816,62.082060420909706,46.179457578961284,36.84885235700673,21.787709497206702,67.41071428571429,82.01438848920863,50.0,,50.0,55.80500761642801,standard,122,1391812545,False,51.7,False,59.549624687239366,17.93160967472894,77.64804003336113,50.0417014178482,50.0417014178482,50.0417014178482,5,NEUTRAL,0,UPPTREND,False,3,0.42857142857142855,LÅG,VÄNTA,3.6,0.875,,2026-07-02,0,True
SAN.MC,"Banco Santander, S.A.",Financial Services,Banks - Diversified,Spain,EUR,169600578115.18326,-3.124355499999999,-4.682195375000001,3.8161,-1.9970313499999999,3.5800347,5.555,,-0.04097999999999999,-0.0109925006,0.08120747500000004,0.04832999999999999,-0.39529,-0.015,0.5465,0.603,,,,,307914997760.0,392526004224.0,263163641856.0,1867515000000.0,,60023000000.0,,,,,14101000000.0,-14835000000.0,2.11,0.2545,0.25,3.15,0.125,1777507200.0,0.95,12.053999900817871,6.836664499195994,11.829999923706055,12.357,1.65,20.0,,,0.01568,0.40315,False,False,,0.5,26883853.0,31144852.0,0.92,14.86,27.07,20.77,,0.0,0.3524,83.6,13.41,,True,0.7392023266081796,,0.672,Europe,True,,43.39716151977407,84.00691615750169,61.64710118181913,46.12480820198075,37.243947858473,67.41071428571429,,50.0,,50.0,55.791623759535426,standard,123,421415516,False,40.1,False,27.981651376146786,29.941618015012512,40.53377814845705,50.0417014178482,50.0417014178482,50.0417014178482,2,SVAG,-8,UPPTREND,False,3,0.42857142857142855,LÅG,VÄNTA,1.0,0.75,SUSPICIOUS_FWD_PE;,2026-07-02,0,True
0939.HK,China Construction Bank Corporation,Financial Services,Banks - Diversified,China,HKD,1985847117235.9575,-6.6118438,-4.12266305,0.9819,-1.2590962250000002,3.516529,4.819,,-0.019445005000000015,-0.0018600000000000005,0.26541000000000003,0.281382535,-0.36668998,-0.010999999999999996,-0.1275,0.035,,,,,5293374177280.0,6010644201472.0,2961064067072.0,45631818000000.0,,760713000000.0,,,,,338906000000.0,2101242000000.0,5.26,0.30290002,0.43,7.89,0.2029,1782950400.0,0.235,9.069999694824219,6.999922587631809,8.260000228881836,10.673218,1.375,16.0,,,0.63251,0.15784,False,False,,0.5,258153880.0,257680358.0,1.2,,,,,,0.205,24.6,,,False,-0.022146617878980524,,0.511,Asia,True,,58.03172778000626,,33.22869024838755,91.31730366857302,16.573556797020483,67.41071428571429,,50.0,,50.0,55.769531177097534,standard,124,271401571,False,37.8,False,27.981651376146786,13.844870725604672,41.70141784820684,50.0417014178482,50.0417014178482,50.0417014178482,2,SVAG,-8,UPPTREND,False,2,0.2857142857142857,LÅG,VÄNTA,-9.9,0.75,SUSPICIOUS_FWD_PE;,2026-07-02,0,True
CFR.SW,Compagnie Financière Richemont SA,Consumer Cyclical,Luxury Goods,Switzerland,CHF,99785215855.39436,8.270922499999998,6.6167113749999995,2.6269,0.4901420999999999,4.898628,4.739,2.0942500000000006,-0.029852495000000007,0.005387502999999991,0.06536499750000001,0.07053749000000001,0.2486,-0.03149999999999999,-0.383,-0.271,-7.591499999999995,1.8534999999999997,2.027,1982612096.0,17234999296.0,13514999808.0,106247970816.0,42623000000.0,,22420000000.0,,,4635000000.0,,3484000000.0,4880000000.0,1.77,0.5459,3.3,1.81,4.3,1789516800.0,1.063,189.5500030517578,125.46450898117243,186.8000030517578,187.39865,1.76923,26.0,,,0.0058399998,0.52459,False,False,,0.5,992458.0,1349834.0,0.86,11.09,31.94,,,-3.74,0.3337,55.8,10.33,,True,0.82055478225748,,0.5,Europe,True,78.82287834890458,62.39356315688808,60.590631364562114,18.02335278101026,56.94396534435041,48.60335195530726,67.41071428571429,77.6978417266187,50.0,,50.0,55.68073606999404,standard,125,313797692,False,51.7,False,75.6463719766472,38.53211009174312,30.19182652210175,50.0417014178482,50.0417014178482,50.0417014178482,5,NEUTRAL,0,UPPTREND,False,4,0.5714285714285714,MEDEL,VÄNTA,-3.4,0.875,,2026-07-02,0,True
KIMBERA.MX,"Kimberly-Clark de México, S. A. B. de C. V.",Consumer Defensive,Household & Personal Products,Mexico,MXN,60639174469.37585,-2.591132,-0.3404367500000003,2.41,42.607977700000006,2.0893962,2.283,-0.4029999999999996,2.73096874625,0.05813250099999999,0.09346124250000001,0.12963751250000002,0.12613999999999997,0.000999999999999994,0.069,0.102,1106.4540000000002,0.20024999999999976,1.353,1353436288.0,20361144320.0,31308175360.0,127538839552.0,45633156000.0,,55371444000.0,,,12091264000.0,,7581467000.0,9812087000.0,5.66,0.5907,2.2,5.19,0.55,1782864000.0,0.248,43.41503622733335,31.934807932250976,38.849998474121094,43.125,2.41667,12.0,,,0.0,0.3755,False,False,,0.5,4403392.0,4306538.0,0.1,4.0,-7.91,,,-9.25,0.256,63.9,1.98,,True,0.9092058206500271,,0.512,LatAm,True,,81.41813512127194,17.922606924643585,45.152225905343315,55.43773944471367,59.0316573556797,67.41071428571429,68.10551558752998,50.0,,50.0,55.35652601720495,standard,126,8700068,False,62.2,False,92.82735613010841,48.29024186822352,61.46788990825688,50.0417014178482,50.0417014178482,50.0417014178482,5,NEUTRAL,0,UPPTREND,False,2,0.2857142857142857,LÅG,VÄNTA,9.3,0.875,SUSPICIOUS_FWD_PE;,2026-07-02,0,True
DXCM,"DexCom, Inc.",Healthcare,Medical Devices,United States,USD,27065130371.261826,-2.602885000000006,1.0312902499999987,1.3078,0.9461877000000003,5.61762,5.404,1.1360000000000006,0.16495125624999998,0.02387249874999999,0.06784624749999998,0.016997494999999994,0.11905501000000002,0.06699999999999999,0.809,0.893,-17.361750000000004,-0.05824999999999997,1.583,-335398080.0,2415200000.0,1384800000.0,26034731008.0,6339900000.0,,4662000000.0,,,911800000.0,,836300000.0,1440700000.0,,0.0,,,,,1.443,89.9800033569336,54.11000061035156,70.13999938964844,85.24,1.32143,25.0,2.4,0.0507,0.00279,1.0247,False,False,,0.474,5599438.0,5295720.0,0.24,-2.2,14.38,,,-8.98,0.3801,39.3,5.15,,False,0.2386236810345986,,0.962,US,True,52.60067059474592,69.68500596876495,40.42769857433809,81.1117603877821,34.659188714084706,74.30167597765363,11.696428571428571,35.97122302158273,50.0,36.76470588235294,47.4,55.34703349094074,standard,127,371441798,False,52.1,False,64.6371976647206,63.88657214345288,25.35446205170976,50.0417014178482,50.0417014178482,50.0417014178482,5,NEUTRAL,0,UPPTREND,False,2,0.2857142857142857,LÅG,VÄNTA,5.1,0.875,SUSPICIOUS_FWD_PE;,2026-07-02,0,True
GAW.L,Games Workshop Group PLC,Consumer Cyclical,Leisure,United Kingdom,GBp,9314647778502.854,12.510462999999998,21.22712875,,19.303502549999997,11.1521225,10.944,10.9475,0.52207870875,0.34673,0.21150750250000003,0.22926999000000003,0.24793000000000004,0.035500000000000004,-0.0040000000000000036,0.108,-60.33175,2.2827499999999996,3.059,-282618768.0,171100000.0,49800000.0,7114950656.0,383000000.0,,617500000.0,,,261300000.0,,196100000.0,247400000.0,1.6,0.8969,3.5,2.92,0.9,1782950400.0,0.936,302281.84505462646,177349.80218100137,281880.7375907898,20283.332,1.66667,3.0,,,0.00537,0.68064004,False,False,,0.5,92721.0,104611.0,0.47,12.47,22.06,16.5,,-2.09,0.2669,74.8,7.8,,True,1.0118000149844621,,0.5,UK,True,30.05761906312054,90.85679476714438,62.801786320434495,42.69670303617753,67.41635545947612,10.242085661080075,67.41071428571429,23.741007194244602,50.0,,50.0,55.3401549512018,standard,128,29487825840,False,32.2,False,27.981651376146786,7.005838198498749,10.842368640533778,50.0417014178482,50.0417014178482,50.0417014178482,5,NEUTRAL,0,UPPTREND,False,4,0.5714285714285714,MEDEL,VÄNTA,-1.7,0.875,,2026-07-02,0,True
PGR,The Progressive Corporation,Financial Services,Insurance - Property & Casualty,United States,USD,130610745867.91992,-10.614306000000004,-4.008698000000001,34.219,-3.1756727500000013,1.4607253,1.534,-4.926000000000002,0.17661125874999997,0.04807249875,-0.12842625750000003,-0.21073999000000004,-0.31036498,0.025999999999999995,-0.0295,0.098,-45.848000000000006,-1.3972499999999999,0.242,14109589760.0,2288000000.0,8385999872.0,137188040704.0,123039000000.0,,87637000000.0,,,,,11308000000.0,17548000000.0,6.2,0.70699996,13.9,1.93,0.1,1782950400.0,0.27,251.59844397023605,187.86426104094096,224.33999633789062,230.19048,2.64,21.0,2.38,0.013200001,0.0024899999,0.90523005,False,False,,0.453,3109315.0,4455720.0,0.17,18.79,17.7,,,0.0,0.2541,77.7,13.08,,True,1.057763986332182,,0.653,US,True,,42.0791830762209,79.4806517311609,45.79761681872401,54.36712540542245,41.899441340782126,67.41071428571429,96.88249400479616,50.0,86.1344537815126,45.300000000000004,55.26951045251627,standard,129,999596208,False,62.6,False,97.5396163469558,33.527939949958295,71.05921601334445,50.0417014178482,50.0417014178482,50.0417014178482,4,NEUTRAL,0,UPPTREND,False,2,0.2857142857142857,LÅG,VÄNTA,6.1,0.875,SUSPICIOUS_FWD_PE;,2026-07-02,0,True
3968.HK,"China Merchants Bank Co., Ltd.",Financial Services,Banks - Regional,China,HKD,205213285890.9796,-5.3355062,-3.13101345,1.1641,-0.9244228750000001,3.7727222,0.087,,0.004284994999999986,0.002170000000000002,0.21358,0.217392535,-0.36668998,-0.044,-0.1205,0.015,,,,,1800973058048.0,691305971712.0,25890099200.0,13070523000000.0,,332059000000.0,,,,,150181000000.0,451457000000.0,9.94,0.5249,4.44,4.76,1.003,1782950400.0,0.54,53.3193367139428,43.7400016784668,44.70000076293945,58.346226,1.78947,19.0,,,0.17571,0.54681,False,False,,0.5,14982328.0,17765413.0,0.83,,,,,,0.1889,26.5,,,False,-0.020517763694449933,,0.084,Asia,True,,59.67865266429785,,20.326230882536624,84.86452085367554,34.07821229050279,67.41071428571429,,50.0,,50.0,55.20882674920059,standard,130,101259044,False,39.4,False,27.981651376146786,26.855713094245203,39.0325271059216,50.0417014178482,50.0417014178482,50.0417014178482,2,SVAG,-8,UPPTREND,False,2,0.2857142857142857,LÅG,VÄNTA,-16.9,0.75,SUSPICIOUS_FWD_PE;,2026-07-02,0,True
SHB-A.ST,Svenska Handelsbanken AB (publ),Financial Services,Banks - Diversified,Sweden,SEK,275380458433.9778,-4.922886500000001,-1.9269563749999987,19.5068,-2.004459350000001,5.094302,23.993,,-0.056114995000000015,-0.021519999599999992,0.160397495,0.08572253500000004,-0.45161,-0.154,-0.1215,0.006,,,,,593015996416.0,1649639030784.0,1336999018496.0,3387566000000.0,,56805000000.0,,,,,23727000000.0,-46294000000.0,5.65,0.65900004,8.0,5.48,17.5,1774483200.0,0.498,142.25,99.54871368408203,141.60000610351562,131.26437,3.76471,16.0,,,0.27364,0.43491,False,False,,0.5,5390706.0,5150084.0,0.94,6.88,16.21,,,0.0,0.1812,79.1,5.88,,True,0.825001939045682,,0.795,Nordic,True,,41.7383744820426,77.74949083503056,31.0348372422996,86.35845306179384,30.16759776536313,67.41071428571429,,50.0,,50.0,55.18911021789574,standard,131,75409870,False,37.4,False,27.981651376146786,24.103419516263553,28.523769808173476,50.0417014178482,50.0417014178482,50.0417014178482,1,SVAG,-8,UPPTREND,False,3,0.42857142857142855,LÅG,VÄNTA,-3.4,0.75,SUSPICIOUS_FWD_PE;,2026-07-02,0,True
ENVA,"Enova International, Inc.",Financial Services,Credit Services,United States,USD,5749406204.766113,-3.2320770000000056,-5.879671000000002,,-3.157612150000001,3.6383789,6.647,,0.04892125875000001,0.021672500749999997,-0.051046257500000025,-0.10862000999999999,0.33222501000000004,0.197,0.15849999999999997,0.249,274.983,21.015749999999997,21.561,,110445000.0,4864254976.0,10503216128.0,6468432000.0,,3151653000.0,,,406727000.0,,308389000.0,1819121000.0,,0.0,,,,,1.298,231.05999755859375,99.61000061035156,231.0399932861328,202.0,,7.0,8.64,0.1035,0.04581,0.97251,False,False,,0.45,281817.0,541200.0,0.66,46.97,70.61,,,-3.57,0.3859,85.4,29.1,,True,0.9981012368868865,,0.942,US,True,,55.59110621700823,65.88594704684317,73.33126860238224,43.01573855530606,93.1098696461825,11.696428571428571,,50.0,17.22689075630252,45.0,55.11309291841962,standard,132,125038844,False,48.8,False,27.981651376146786,88.32360300250208,40.033361134278564,50.0417014178482,50.0417014178482,50.0417014178482,5,NEUTRAL,0,UPPTREND,False,2,0.2857142857142857,LÅG,VÄNTA,4.9,0.875,SUSPICIOUS_FWD_PE;,2026-07-02,0,True
LAGR-B.ST,Lagercrantz Group AB (publ),Industrials,Conglomerates,Sweden,SEK,49881506790.0,13.372932499999996,25.309904125000003,3.02,6.495843699999998,4.9358516,5.333,4.864000000000001,0.08336250000000002,0.02423000000000001,-0.005220000000000002,-0.03628497,-0.05958000000000002,0.068,0.123,0.19,35.895375,-0.14949999999999997,0.832,151189632.0,331000000.0,4544000000.0,56577454080.0,12771000000.0,,10609000000.0,,,1694000000.0,,1200000000.0,1502000000.0,0.87,0.3787,2.2,1.02,2.2,1756252800.0,1.212,266.79998779296875,185.1999969482422,254.0,274.85715,1.66667,7.0,,,0.04654,0.64472,False,False,,0.5,214910.0,167707.0,1.76,-4.77,22.37,,,-8.36,0.3559,51.9,-2.1,,False,0.6625165716500665,,0.88,Nordic,True,57.4603122931519,54.38668317153538,50.30549898167006,64.10774008281828,43.90930410940403,63.687150837988824,67.41071428571429,52.99760191846523,50.0,,50.0,55.083756474803856,standard,133,4404895,False,50.2,False,60.550458715596335,53.71142618849041,29.608006672226857,50.0417014178482,50.0417014178482,50.0417014178482,5,NEUTRAL,0,VARNING,False,2,0.2857142857142857,LÅG,VÄNTA,7.3,0.875,,2026-07-02,0,True
RAA.DE,RATIONAL Aktiengesellschaft,Industrials,Specialty Industrial Machinery,Germany,EUR,7549680000.0,-2.753408000000003,1.5911828750000026,3.1893,0.08051530000000007,5.8894405,5.434,-4.297749999999999,0.021747495000000006,0.1123850005,0.03870125025,0.04274873374999996,0.19288498499999998,0.015,-0.029000000000000005,0.042,-48.6145,3.6657499999999996,4.108,-574597856.0,567017984.0,17644000.0,6966196224.0,1183080000.0,,1259558000.0,,,334177000.0,,253847000.0,253079000.0,2.42,0.66550004,16.0,1.52,20.0,1777507200.0,1.255,752.2153927478927,585.1102655540334,664.0,796.5,,14.0,,,0.552,0.29332,False,False,,0.5,12489.0,10415.0,1.28,0.31,6.31,1.91,,-12.42,0.3491,52.1,0.8,,True,0.7474435574719956,,0.866,Europe,True,,71.75258225679677,33.71175958927359,48.62890186893756,54.26536045455606,90.31657355679702,67.41071428571429,15.347721822541965,50.0,,50.0,55.04194011195636,standard,134,7909825,False,45.9,False,28.065054211843204,85.57130942452044,23.352793994995828,50.0417014178482,50.0417014178482,50.0417014178482,5,NEUTRAL,0,UPPTREND,False,2,0.2857142857142857,LÅG,VÄNTA,0.0,0.875,SUSPICIOUS_FWD_PE;,2026-07-02,0,True
2412.TW,"Chunghwa Telecom Co., Ltd.",Communication Services,Telecom Services,Taiwan,TWD,1109314855935.0,13.258826499999998,14.485794499999999,1.69,0.08411552500000008,4.616482,4.572,1.7035000000000031,-0.049035005000000007,0.010755001000000007,0.001962490000000011,0.0,0.0,0.013999999999999999,-0.0685,0.032,-24.188500000000005,0.31375000000000003,1.281,8463163392.0,65680625664.0,39751520256.0,1098506240000.0,535680000000.0,,234751000000.0,,,48661000000.0,,38705000000.0,77446000000.0,3.64,0.996,5.2,3.8,5.2,1783555200.0,0.109,147.0,128.0,143.0,133.4,3.0,5.0,,,0.41261002,0.24336,False,False,,0.5,12722925.0,11048227.0,1.1,,,,,,0.1384,29.4,,,False,0.5102151718722525,,0.553,Asia,True,70.07628286511061,48.19047765652503,,38.95284201727978,86.29889789350948,19.925512104283055,67.41071428571429,63.06954436450839,50.0,,50.0,55.01845035944648,standard,135,49542063,False,49.9,False,80.56713928273561,16.51376146788991,32.02668890742285,50.0417014178482,50.0417014178482,50.0417014178482,5,NEUTRAL,0,UPPTREND,False,3,0.42857142857142855,LÅG,VÄNTA,-2.7,0.875,,2026-07-02,0,True
WES.AX,Wesfarmers Limited,Consumer Cyclical,Home Improvement Retail,Australia,AUD,103015552313.49445,0.0,8.409991000000002,1.51,9.1598639,2.2191105,2.477,2.121999999999998,0.242207511,0.03616,0.0,0.0,0.06679000000000002,-0.042499999999999996,-0.018000000000000002,0.093,0.0,0.19600000000000017,0.322,0.0,729000000.0,12688000000.0,114974580736.0,27981000000.0,,45576000000.0,,,3822000000.0,,2926000000.0,,2.35,0.763,2.13,3.13,1.02,1771891200.0,0.814,93.53029414522805,70.80000305175781,90.73999786376953,75.13228,3.5,13.0,,,0.00715,0.33402002,False,False,,0.5,1682093.0,2155054.0,1.51,9.89,18.42,7.61,,-4.34,0.2155,51.7,9.99,,True,0.951183636544889,,0.5,Australia,True,58.03964972818125,65.54347164802331,52.5529849796334,34.11208374824632,75.24370849596929,47.486033519553075,67.41071428571429,48.201438848920866,50.0,,50.0,54.925017271921504,standard,136,135403396,False,55.7,False,74.47873227689742,37.69808173477898,59.1326105087573,50.0417014178482,50.0417014178482,50.0417014178482,3,SVAG,-8,UPPTREND,False,3,0.42857142857142855,LÅG,EJ AKTUELL,-16.2,0.875,,2026-07-02,0,True
1398.HK,Industrial and Commercial Bank of China Limited,Financial Services,Banks - Diversified,China,HKD,574576564988.2098,-6.4603908,-4.02025605,1.0411,-1.2683633250000002,3.5037837,5.541,,-0.026035005000000014,-0.002519999499999998,0.26054999999999995,0.25441253500000005,-0.36668998,-0.026999999999999996,-0.0845,0.033,,,,,4014556053504.0,5242882097152.0,3731030540288.0,53477773000000.0,,833496000000.0,,,,,368562000000.0,1890530000000.0,5.29,0.3034,0.35,7.51,0.19441,1777852800.0,0.14,7.289999961853027,5.273010173300673,6.619999885559082,8.274098,1.5,16.0,,,0.0,0.49341,False,False,,0.5,206569470.0,216162636.0,1.09,,,,,,0.212,28.6,,,False,0.15787462858659695,,0.15,Asia,True,,56.941242981607274,,23.746632015340353,92.53382619612219,23.277467411545626,67.41071428571429,,50.0,,50.0,54.850002936898576,standard,137,182469210,False,38.7,False,27.981651376146786,19.01584653878232,41.95162635529608,50.0417014178482,50.0417014178482,50.0417014178482,1,SVAG,-8,UPPTREND,False,2,0.2857142857142857,LÅG,EJ AKTUELL,-9.9,0.75,SUSPICIOUS_FWD_PE;,2026-07-02,0,True
NNN,"NNN REIT, Inc.",Real Estate,REIT - Retail,United States,USD,9031081194.426544,-12.989196250000004,-6.436437250000001,4.79,-4.831525900000001,9.650828,14.833,-7.619750000000002,-0.04548124625000002,-0.0015200000000000005,0.15021122750000002,0.22163749499999993,0.46361501000000005,-0.015999999999999993,-0.2625,-0.026,13.41249999999999,-0.4382499999999998,0.109,-2785442560.0,4570000.0,4854123008.0,13880634368.0,9379355000.0,,926213000.0,,,569868000.0,,389777000.0,667131000.0,5.06,1.161,2.4,5.19,0.6,1777507200.0,0.793,47.470001220703125,37.813283839333785,47.470001220703125,46.23333,2.88235,15.0,3.98,0.055,0.00863,0.97705,False,False,,0.356,1845419.0,2037520.0,0.21,7.33,12.45,,,-0.08,0.1701,59.3,5.64,,True,0.9662030221339237,,0.49,US,True,,69.43196167786982,67.20977596741344,22.001942392394604,65.39703244274763,89.3854748603352,29.017857142857146,5.275779376498801,50.0,32.35294117647059,35.6,54.83498768341673,standard,138,96721077,False,43.9,False,27.981651376146786,82.73561301084237,13.094245204336946,50.0417014178482,50.0417014178482,50.0417014178482,2,SVAG,-8,UPPTREND,False,3,0.42857142857142855,LÅG,EJ AKTUELL,-5.5,0.875,SUSPICIOUS_FWD_PE;,2026-07-02,0,True
HINDUNILVR.NS,Hindustan Unilever Limited,Consumer Defensive,Household & Personal Products,India,INR,5108481207114.264,7.6798465,12.017033750000001,3.69,3.4940388749999993,7.9342623,7.843,-1.4683749999999964,0.007962499999999997,0.026242500999999998,0.13686626,0.08186873750000001,0.06844999999999998,0.007999999999999993,0.15,0.214,-66.635,0.21899999999999997,0.7,51171104768.0,69930000384.0,14780000256.0,5056021135360.0,797520000000.0,,637630000000.0,,,137210000000.0,,150400000000.0,109990000000.0,2.02,0.9503,44.0,1.58,22.0,1782172800.0,0.361,2701.0768426775303,2002.13518292342,2174.199951171875,2557.7297,2.02632,37.0,,,0.62274,0.20889,False,False,,0.5,2093367.0,1239026.0,1.76,7.39,7.11,,,-9.33,0.2298,61.3,1.03,,True,0.7500320937644388,,0.584,India,True,,68.55598130352465,31.415478615071287,52.671103687517075,74.27113110792753,12.290502793296088,67.41071428571429,66.90647482014388,50.0,,50.0,54.57980232212344,standard,140,28243171,False,43.0,False,66.88907422852377,9.090909090909092,15.929941618015011,50.0417014178482,50.0417014178482,50.0417014178482,6,NEUTRAL,0,UPPTREND,False,3,0.42857142857142855,LÅG,EJ AKTUELL,0.7,0.875,,2026-07-02,0,True
PLD,"Prologis, Inc.",Real Estate,REIT - Industrial,United States,USD,130499350998.10791,-0.976953250000002,12.241424749999998,108.8837,-4.4443749000000015,13.988532,18.072,1.7932499999999982,-0.06554124625000002,-0.015659998,0.1328212475,0.0010375150000000097,0.26001501000000005,0.02600000000000001,0.4165,0.656,-36.093500000000006,-0.06424999999999986,0.317,3462274816.0,871209984.0,35310190592.0,169447374848.0,98724256000.0,,8790127000.0,,,3414302000.0,,3328231000.0,5008434000.0,3.06,1.0302,4.28,2.75,1.07,1781568000.0,1.334,149.0978957023848,100.16504776943994,139.97000122070312,153.0,2.0,16.0,4.45,0.0196,0.00263,0.98119,False,False,,0.605,3660966.0,4448300.0,0.2,-1.98,3.92,,,-6.54,0.2218,34.2,-2.69,,False,0.2399450617421932,,0.668,US,True,81.21965775795653,53.653082846274835,30.75356415478615,65.10780131529975,50.93671119354094,42.08566108007449,29.017857142857146,79.37649880095923,50.0,75.63025210084034,60.5,54.558876088087096,standard,142,622628556,False,49.0,False,80.81734778982485,33.61134278565471,8.340283569641366,50.0417014178482,50.0417014178482,50.0417014178482,5,NEUTRAL,0,VARNING,False,2,0.2857142857142857,LÅG,EJ AKTUELL,1.8,0.875,,2026-07-02,0,True
CDNS,"Cadence Design Systems, Inc.",Technology,Software - Application,United States,USD,104057099289.79492,50.809556,15.526827499999994,3.5771,5.4889593,18.821556,19.1,28.87224999999999,-0.006083746250000001,0.02847249874999999,0.09825625749999999,0.15106749499999994,0.3648050100000001,0.061,0.027999999999999997,0.227,-7.486500000000007,-0.20724999999999988,1.211,107116672.0,1546153984.0,3083354112.0,105594298368.0,10153148000.0,,5296759000.0,,,1649781000.0,,1108888000.0,1728781000.0,,0.0,,,,,1.149,416.69000244140625,262.75,377.2699890136719,388.7796,1.5,25.0,2.06,0.0179,0.0029300002,0.91185,False,False,,0.439,2464260.0,2750330.0,0.22,-8.67,33.69,,,-10.51,0.4552,41.8,1.39,,False,0.284407949009563,,0.902,US,True,41.73551656412426,74.31076332114124,53.0040733197556,61.97506410719187,32.49133728493627,46.74115456238361,11.696428571428571,50.11990407673861,50.0,78.57142857142857,43.9,54.557588174281165,standard,143,1037616969,False,44.7,False,63.21934945788157,37.28106755629692,5.337781484570475,50.0417014178482,50.0417014178482,50.0417014178482,7,STARK,8,UPPTREND,False,2,0.2857142857142857,LÅG,EJ AKTUELL,17.1,0.875,,2026-07-02,0,True
BEAN.SW,BELIMO Holding AG,Industrials,Building Products & Equipment,Switzerland,CHF,11119171976.0,31.079308500000003,19.823837125000008,1.41,12.585561100000001,9.9206295,9.859,23.10125,0.116547495,0.123407499,0.04998,0.03740249499999998,0.20873999999999998,0.128,0.088,0.156,-52.633,1.172,1.346,-537697408.0,115992000.0,46638000.0,11049818112.0,878803000.0,,1120813000.0,,,232852000.0,,181625000.0,184857000.0,1.11,0.6432,10.0,1.66,10.0,1774396800.0,1.117,969.5,598.9996380559579,904.0,964.7778,2.5,9.0,,,0.20236999,0.50569,False,False,,0.5,29918.0,28662.0,1.22,-0.11,39.1,,,-8.44,0.433,51.7,7.0,,False,0.48506532192732726,,0.5,Europe,True,22.677604522716667,76.31963821824186,56.5173116089613,52.95377092731758,47.84980825685858,86.77839851024208,67.41071428571429,21.34292565947242,50.0,,50.0,54.520443349474384,standard,144,32245374,False,43.4,False,27.981651376146786,80.23352793994995,12.260216847372812,50.0417014178482,50.0417014178482,50.0417014178482,4,NEUTRAL,0,UPPTREND,False,2,0.2857142857142857,LÅG,EJ AKTUELL,8.5,0.875,,2026-07-02,0,True
UU.L,United Utilities Group PLC,Utilities,Utilities - Regulated Water,United Kingdom,GBp,12541037603782.541,-2.4871239999999997,-2.9930232499999994,1.0298,1.4546019500000003,3.7309303,7.437,0.8579999999999997,0.16844374874999998,0.0,0.06841001500000005,0.10507496999999999,0.5108699999999999,0.15000000000000002,1.089,1.146,360.76475,1.4362499999999998,2.524,-978906256.0,1794300032.0,11490599936.0,19457533952.0,18127000000.0,,2616300000.0,,,1100300000.0,,586800000.0,1381900000.0,4.08,0.6113,0.54,4.39,0.3578,1782345600.0,0.578,18783.17490107376,13566.696314505618,16882.009534835815,1479.5,2.30769,14.0,,,0.00048000002,0.77124,False,False,,0.5,2556189.0,2798304.0,0.81,1.93,-0.31,10.81,,-8.28,0.2946,55.2,0.03,,True,0.9298902070822899,,0.5,UK,True,42.43237084540512,75.98867113034784,37.743179310930074,71.87310899574094,54.68779400422673,8.193668528864059,67.41071428571429,20.863309352517987,50.0,,50.0,54.46301517378629,standard,145,47240994809,False,36.3,False,27.981651376146786,5.67139282735613,39.366138448707254,50.0417014178482,50.0417014178482,50.0417014178482,5,NEUTRAL,0,UPPTREND,False,3,0.42857142857142855,LÅG,EJ AKTUELL,5.8,0.875,SUSPICIOUS_FWD_PE;,2026-07-02,0,True
PKO.WA,Powszechna Kasa Oszczednosci Bank Polski Spólka Akcyjna,Financial Services,Banks - Regional,Poland,PLN,129525003433.22754,-4.5046735,-2.514613375000001,1.45,-1.45650345,4.4406543,4.941,,0.01645000000000002,0.00032749899999999846,0.10825749499999994,0.21026,-0.39529,-0.057999999999999996,-0.1065,0.021,,,,,24504000512.0,39096999936.0,144105996288.0,583079000000.0,,31050000000.0,,,,,10682000000.0,11852000000.0,5.93,0.638,6.14,3.87,6.14,1785801600.0,0.65,108.08000183105469,66.8587434221593,103.62000274658203,106.452,1.86667,15.0,,,0.31393,0.36407003,False,False,,0.5,2272997.0,2251241.0,0.7,4.42,17.22,,,-1.65,0.2841,50.9,4.42,,False,0.6026933717501781,,0.903,Europe,True,,56.989180647665535,54.42973523421588,38.839616470596454,65.26764541777096,42.27188081936685,67.41071428571429,,50.0,,50.0,54.35380650882677,standard,147,233273599,False,39.6,False,27.981651376146786,33.861551292743954,33.361134278565466,50.0417014178482,50.0417014178482,50.0417014178482,2,SVAG,-8,UPPTREND,False,2,0.2857142857142857,LÅG,EJ AKTUELL,-2.1,0.75,SUSPICIOUS_FWD_PE;,2026-07-02,0,True
AMGN,Amgen Inc.,Healthcare,Drug Manufacturers - General,United States,USD,193393658575.36066,-7.769911000000006,-6.45958475,1.964,12.8354957,5.1959605,6.413,-4.901999999999999,0.8218912562499999,0.010842488749999997,0.08429623749999998,0.14080747499999996,0.21844504000000003,-0.025,-0.069,0.051,559.55925,-0.74525,0.849,6044589312.0,12037999616.0,57322999808.0,238678671360.0,90586000000.0,,36751000000.0,,,9080000000.0,,7711000000.0,9958000000.0,2.81,0.6722,10.08,3.07,2.52,1778803200.0,0.416,388.35733457222824,264.02246149008084,358.3299865722656,352.76666,2.45714,30.0,4.42,0.0226,0.0021799998,0.85252,False,False,,0.783,2780349.0,3540800.0,0.26,9.79,7.53,,,-3.61,0.2811,66.0,9.06,,True,0.9085105865355348,,0.988,US,True,,77.85629980803255,39.10386965376782,46.908992340036924,40.22536700368436,35.567970204841714,67.41071428571429,83.93285371702638,50.0,69.53781512605042,78.3,54.35068106577934,standard,148,1268774816,False,51.8,False,83.15262718932443,28.27356130108424,28.10675562969141,50.0417014178482,50.0417014178482,50.0417014178482,3,SVAG,-8,UPPTREND,False,2,0.2857142857142857,LÅG,EJ AKTUELL,3.1,0.875,SUSPICIOUS_FWD_PE;,2026-07-02,0,True
DIVISLAB.NS,Divi's Laboratories Limited,Healthcare,Drug Manufacturers - Specialty & Generic,India,INR,1782223311830.0,25.397949500000006,18.926886249999995,,3.821450875,16.843176,16.542,13.379375000000001,0.011395002500000015,0.02493,0.11686626,0.09072872750000002,0.17503,0.011999999999999997,0.023000000000000007,0.134,-29.924499999999995,3.48,3.132,-21547643392.0,34140000256.0,70000000.0,1746869026816.0,200330000000.0,,105600000000.0,,,29780000000.0,,25680000000.0,27380000000.0,0.45,0.3101,30.0,1.14,30.0,1784764800.0,0.217,7039.446635250951,5636.5,6713.5,7059.467,2.56667,30.0,,,0.52018,0.29701,False,False,,0.5,345007.0,273251.0,1.11,1.3,14.1,,,-3.45,0.2267,52.8,0.12,,True,0.655180130037004,,0.728,India,True,37.73278210011176,70.67959833114433,46.84317718940937,50.510473681316,88.8881467077991,17.690875232774676,67.41071428571429,36.45083932853717,50.0,,50.0,54.30988094968656,standard,149,19232880,False,32.7,False,27.981651376146786,14.51209341117598,6.672226855713094,50.0417014178482,50.0417014178482,50.0417014178482,5,NEUTRAL,0,UPPTREND,False,3,0.42857142857142855,LÅG,EJ AKTUELL,1.7,0.875,,2026-07-02,0,True
SU.PA,Schneider Electric S.E.,Industrials,Specialty Industrial Machinery,France,EUR,155243952254.70575,4.342322500000004,2.384333125,1.9857,1.1175478,3.8664067,4.252,2.2852499999999996,-0.029382505000000003,0.013997499,-0.008390000000000002,0.02635248499999998,0.025490000000000013,-0.018999999999999996,-0.13,-0.057,21.278000000000006,-0.08999999999999997,0.844,3374612096.0,4633999872.0,19908999168.0,170732634112.0,62504000000.0,,40152000000.0,,,7010000000.0,,4163000000.0,6131000000.0,1.52,0.4889,4.2,1.78,4.2,1778457600.0,1.153,293.70001220703125,205.58298415658774,276.04998779296875,300.78262,1.43478,23.0,,,0.03477,0.52603,False,False,,0.5,1018584.0,1164573.0,0.69,-2.11,18.66,16.3,,-5.76,0.3589,57.7,1.26,,False,0.4791009737849791,,0.5,Europe,True,79.25496706707033,52.24659269865005,56.561598353699935,26.050593266297998,48.08653390755129,38.547486033519554,67.41071428571429,78.8968824940048,50.0,,50.0,54.269423785903754,standard,150,367700277,False,51.9,False,76.31359466221852,31.1092577147623,37.7814845704754,50.0417014178482,50.0417014178482,50.0417014178482,5,NEUTRAL,0,UPPTREND,False,2,0.2857142857142857,LÅG,EJ AKTUELL,3.2,0.875,,2026-07-02,0,True
CAT,Caterpillar Inc.,Industrials,Farm & Heavy Construction Machinery,United States,USD,459426671789.10425,14.035155999999995,8.2876815,2.366,15.680907999999999,6.493204,7.056,12.154249999999996,0.29521875375000006,0.018872502749999992,0.023296247499999992,0.04146250500000001,-0.20996501,0.161,0.23399999999999999,0.273,150.11050000000003,-0.014749999999999985,0.73,2384589312.0,3316000000.0,43065999360.0,499220611072.0,98585000000.0,,67589000000.0,,,11151000000.0,,8884000000.0,11739000000.0,0.65,0.2958,6.52,1.72,1.51,1784505600.0,1.603,1057.0699462890625,378.6519667104468,997.469970703125,949.67883,2.10714,26.0,3.01,0.020499999,0.00219,0.72883004,False,False,,0.357,2878120.0,4669260.0,0.33,3.65,34.11,,,-9.85,0.437,56.7,5.14,,True,0.7708565860644694,,0.783,US,True,53.18369738598261,60.90504109898861,53.462321792260695,70.3120616839709,29.024854169426785,24.953445065176908,67.41071428571429,57.55395683453237,50.0,74.57983193277312,35.699999999999996,54.20847571066012,standard,151,4657446635,False,44.5,False,63.05254378648875,20.43369474562135,20.934111759799833,50.0417014178482,50.0417014178482,50.0417014178482,4,NEUTRAL,0,UPPTREND,False,3,0.42857142857142855,LÅG,EJ AKTUELL,6.6,0.875,,2026-07-02,0,True
WSM,"Williams-Sonoma, Inc.",Consumer Cyclical,Specialty Retail,United States,USD,28163812172.557312,-4.842561000000005,1.38672575,3.148,5.558325399999998,3.5731087,3.68,-3.03675,0.32802876375,0.09690250874999998,0.05015124499999997,0.04752750000000003,-0.035364969999999996,-0.0295,-0.068,0.0,-4.244,-0.000250000000000028,0.449,-506573440.0,651601024.0,1493564032.0,29005774848.0,5411912000.0,,7806816000.0,,,1415722000.0,,1088437000.0,1314889000.0,1.27,0.30719998,3.04,1.73,0.76,1784246400.0,1.512,244.64999389648438,159.29754002795792,239.19000244140625,211.57895,2.22727,19.0,5.68,0.0629,0.011510001,0.98966,False,False,,0.457,1217487.0,1568660.0,0.25,8.91,25.69,,,-6.08,0.3674,56.6,11.93,,True,0.9182349167062308,,0.924,US,True,,72.32519428194243,54.684317718940946,42.15286050375376,35.92689654291616,73.55679702048417,67.41071428571429,32.13429256594724,50.0,26.89075630252101,45.7,54.12980462659613,standard,152,375207789,False,53.1,False,59.79983319432861,62.96914095079232,40.950792326939116,50.0417014178482,50.0417014178482,50.0417014178482,3,SVAG,-8,UPPTREND,False,2,0.2857142857142857,LÅG,EJ AKTUELL,-2.9,0.875,SUSPICIOUS_FWD_PE;,2026-07-02,0,True
NDA-SE.ST,Nordea Bank Abp,Financial Services,Banks - Regional,Finland,SEK,612742232947.7142,-4.5980965000000005,117.451205625,10.8973,16.748002949999997,52.913834,68.003,,-0.03377499499999999,-0.020859999999999997,0.140347495,0.04519253499999998,-0.45161,-0.047,-0.2135,-0.109,,,,,57399001088.0,231558004736.0,787469303808.0,654350000000.0,,11719000000.0,,,,,4840000000.0,-3164000000.0,5.81,0.70589995,10.48,7.04,0.96,1774396800.0,0.626,184.9499969482422,134.6539580909839,180.5500030517578,189.31657,2.2,10.0,,,0.0176,0.59092,False,False,,0.5,2190273.0,2332809.0,0.91,6.19,15.65,,,0.0,0.2023,71.5,6.04,,True,0.717969029729156,,0.917,Nordic,True,,41.76737156425595,77.03665987780042,34.272856753668215,79.82162784209793,22.71880819366853,67.41071428571429,,50.0,,50.0,54.11275395194219,standard,153,43553924,False,32.7,False,27.981651376146786,18.765638031693076,2.543786488740617,50.0417014178482,50.0417014178482,50.0417014178482,0,SVAG,-8,UPPTREND,False,3,0.42857142857142855,LÅG,EJ AKTUELL,-3.4,0.75,,2026-07-02,0,True
ATCO-A.ST,Atlas Copco AB (publ),Industrials,Specialty Industrial Machinery,Sweden,SEK,628546726321.2466,5.207850499999999,8.088122125000003,2.8038,2.278328699999998,5.562672,5.652,2.6560000000000024,0.017462500000000006,0.042040000000000015,0.03863999999999999,0.0046550300000000044,-0.025260000000000005,-0.11199999999999999,-0.12,-0.051,-37.464625,0.18249999999999988,1.185,20583438720.0,20828000256.0,35472998400.0,939086708736.0,202454000000.0,,168343000000.0,,,34811000000.0,,26420000000.0,32566000000.0,1.58,0.5607,3.0,1.54,2.5,1792368000.0,1.069,196.60000610351562,139.96713196756255,189.4499969482422,199.33333,2.04762,21.0,,,0.00029,0.69168,False,False,,0.5,4668916.0,4898497.0,0.84,5.7,19.88,,,-1.71,0.3214,64.1,5.7,,True,0.6382235690446824,,0.093,Nordic,True,79.58342828000043,60.25858734767409,57.739307535641544,15.02931500809395,48.865178339979536,22.3463687150838,67.41071428571429,80.3357314148681,50.0,,50.0,54.102315256818024,standard,154,95963937,False,49.8,False,82.48540450375313,18.432026688907424,25.938281901584652,50.0417014178482,50.0417014178482,50.0417014178482,4,NEUTRAL,0,UPPTREND,False,3,0.42857142857142855,LÅG,EJ AKTUELL,4.5,0.875,,2026-07-02,0,True
BNS.TO,The Bank of Nova Scotia,Financial Services,Banks - Diversified,Canada,CAD,150120748433.3496,-6.222637000000002,-1.5927141250000019,1.2192,-1.8597894250000002,4.3874435,-0.868,,-0.0359175075,-0.019274999999999994,0.036544995000000025,0.04466124999999998,-0.38134001,0.065,0.22649999999999998,0.313,,,,,531156008960.0,349912006656.0,-29702254592.0,1460042000000.0,,37097000000.0,,,,,7789000000.0,5407000000.0,3.72,0.6069,4.56,5.48,1.1,1783382400.0,1.217,124.79000091552734,70.93283432877239,122.44000244140625,115.21429,2.92857,14.0,6.45,,0.0002,0.50963,False,False,,0.5,4096704.0,4294840.0,1.43,8.65,25.38,20.84,,-1.98,0.17,69.9,8.15,,True,0.7536159814965528,,0.904,Canada,True,,39.295556658558425,66.18057323489478,69.71461922332824,62.52563118984517,39.66480446927375,67.41071428571429,,50.0,,50.0,53.95324208734337,standard,155,370817642,False,39.4,False,27.981651376146786,31.859883236030022,33.861551292743954,50.0417014178482,50.0417014178482,50.0417014178482,1,SVAG,-8,UPPTREND,False,4,0.5714285714285714,MEDEL,EJ AKTUELL,-2.9,0.75,SUSPICIOUS_FWD_PE;,2026-07-02,0,True
AMAT,"Applied Materials, Inc.",Technology,Semiconductor Equipment & Materials,United States,USD,497685550423.35266,21.875355000000003,13.855508499999997,2.0846,10.445517299999999,17.14738,17.114,30.00225,0.18427628375000002,0.07316249874999997,0.17959624750000003,0.17303749499999999,-0.006424990000000019,-0.011999999999999997,0.133,0.313,-24.079500000000003,0.82975,1.624,1648339456.0,8240999936.0,7267999744.0,496712515584.0,36299000000.0,,28368000000.0,,,8470000000.0,,6998000000.0,7958000000.0,0.34,0.1731,2.12,0.79,0.53,1787184000.0,1.672,669.219970703125,153.78458584516943,626.8400268554688,532.34283,1.48718,35.0,2.51,0.0277,0.0030500002,0.85137004,False,False,,0.439,8226157.0,13658790.0,0.51,17.01,68.36,,,-18.96,0.6588,53.1,19.67,,True,0.8014286097357691,,0.906,US,True,44.853456601234846,78.92874635291585,50.91649694501018,60.669693141186215,31.494189136145113,24.022346368715084,67.41071428571429,55.15587529976019,50.0,61.76470588235294,43.9,53.91724081350485,standard,156,8561876290,False,41.8,False,61.55129274395329,19.849874895746456,6.422018348623854,50.0417014178482,50.0417014178482,50.0417014178482,4,NEUTRAL,0,UPPTREND,False,3,0.42857142857142855,LÅG,EJ AKTUELL,8.1,0.875,,2026-07-02,0,True
2308.TW,"Delta Electronics, Inc.",Technology,Electronic Components,Taiwan,TWD,4701553425490.0,51.103195500000005,11.287483749999998,1.6166,10.803898925,7.897545,7.835,17.8445,0.11765,0.044690000000000014,-0.028447491,0.004590020000000014,-0.01170996000000002,0.21400000000000002,0.808,1.009,13.2055,0.07474999999999993,1.383,-1729353728.0,164034822144.0,69202780160.0,4664437243904.0,639618600000.0,,554885168000.0,,,84350955000.0,,60108399000.0,98474281000.0,0.64,0.3033,11.6,1.91,11.6,1781654400.0,1.415,2571.553237672836,410.8516540527344,1810.0,2697.2104,1.52632,19.0,,,0.25931,0.38896,False,False,,0.5,11414755.0,12849670.0,0.51,,,,,,0.637,38.1,,,False,-0.1003618943278726,,0.526,Asia,True,42.33970289831483,59.89961838606736,,75.6970394907752,41.857313170879166,12.476722532588454,67.41071428571429,46.52278177458034,50.0,,50.0,53.90899973274953,standard,157,729316458,False,41.8,False,61.80150125104254,9.424520433694745,16.09674728940784,50.0417014178482,50.0417014178482,50.0417014178482,6,NEUTRAL,0,UPPTREND,False,2,0.2857142857142857,LÅG,EJ AKTUELL,6.1,0.875,,2026-07-02,0,True
NFLX,"Netflix, Inc.",Communication Services,Entertainment,United States,USD,310799029071.41016,-1.330141000000003,-1.5184307499999994,1.4498,1.7959742999999984,6.6282597,6.726,6.420250000000003,0.24856123875000002,0.08625750975000002,0.15798624250000004,0.13208751499999993,-0.005694990000000011,0.101,0.7635,0.828,-28.37650000000001,0.2777500000000002,1.178,24601641216.0,12288449536.0,16742200320.0,315400093696.0,55596993000.0,,45183036000.0,,,13326603000.0,,10981201000.0,10149273000.0,,0.0,,,,,1.491,134.11500549316406,70.86000061035156,73.80999755859375,114.14591,1.68,44.0,3.0,0.0241,0.00567,0.851,False,False,,0.725,41018176.0,57952900.0,0.49,-4.08,-20.75,,,-27.46,0.3851,44.1,-7.06,,False,0.20520515415303023,,0.453,US,True,84.7933417971505,79.0569289691412,2.8513238289205702,64.48104031146849,39.0000156651263,29.42271880819367,11.696428571428571,95.92326139088729,50.0,65.96638655462185,72.5,53.788383551373556,standard,158,4277503408,False,52.7,False,93.99499582985823,23.603002502085072,20.683903252710593,50.0417014178482,50.0417014178482,50.0417014178482,6,NEUTRAL,0,VARNING,False,3,0.42857142857142855,LÅG,EJ AKTUELL,-1.2,0.875,SUSPICIOUS_FWD_PE;,2026-07-02,0,True
8306.T,"Mitsubishi UFJ Financial Group, Inc.",Financial Services,Banks - Diversified,Japan,JPY,36593451236540.0,-2.5637954999999977,-3.275350625000001,1.7595,-0.5983607000000002,4.2979045,-0.402,,-0.0029874975000000123,-0.010905000000000001,0.01882249749999998,0.035700041999999974,-0.347475025,,,,,,,,151902574608384.0,110384014950400.0,-3420167864320.0,431731548000000.0,,7521125000000.0,,,,,2427229000000.0,-23064420000000.0,2.96,0.405,96.0,3.25,48.0,1790640000.0,0.323,3394.0,1878.6346497616526,3245.0,3231.6667,1.83333,12.0,,,0.03566,0.40603,False,False,,0.5,40775558.0,38032720.0,1.12,,,,,,0.3458,56.7,,,False,0.6175312335024874,,1.0,Japan,True,,44.11964868344397,,95.08928571428571,66.17083972660065,4.4692737430167595,67.41071428571429,,50.0,,50.0,53.708696674715384,standard,159,766388740,False,35.1,False,27.981651376146786,2.543786488740617,34.778982485404505,50.0417014178482,50.0417014178482,50.0417014178482,2,SVAG,-8,UPPTREND,False,3,0.42857142857142855,LÅG,EJ AKTUELL,3.8,0.625,EXTREME_GROWTH;EXTREME_EARNINGS_GROWTH;SUSPICIOUS_FWD_PE;,2026-07-02,0,True
2628.HK,China Life Insurance Company Limited,Financial Services,Insurance - Life,China,HKD,200316431567.7166,-7.5635188,-4.168781350000001,0.38,-0.6851066250000002,2.2242465,-3.291,-15.778749999999999,0.13989499499999997,0.00553,0.13232001999999998,-0.021637495000000034,0.20254002,-0.213,-0.4515,-0.323,21.37,4.42975,6.246,39136305152.0,2176234946560.0,275873005568.0,-1125749096448.0,7591004000000.0,,605114000000.0,,,,,154078000000.0,459925000000.0,3.61,0.1345,0.97,4.9,0.7106,1782777600.0,0.874,36.15999984741211,17.765163727021662,26.920000076293945,36.08819,,15.0,,,0.0,0.50552,False,False,,0.5,52778971.0,58936107.0,1.29,,,,,,0.4483,46.8,,,False,0.10498772668558497,,0.5,Asia,True,,67.70606926631277,,11.347806370785044,61.46014696507414,35.00931098696462,67.41071428571429,,50.0,,50.0,53.699644807227656,standard,160,202305405,False,59.9,False,97.5396163469558,27.606338615512925,58.965804837364466,50.0417014178482,50.0417014178482,50.0417014178482,5,NEUTRAL,0,UPPTREND,False,3,0.42857142857142855,LÅG,EJ AKTUELL,-6.0,0.875,SUSPICIOUS_FWD_PE;,2026-07-02,0,True
IMI.L,IMI plc,Industrials,Specialty Industrial Machinery,United Kingdom,GBp,8897163874772.154,-3.069279,2.045327500000001,2.3192,2.25877915,3.0056636,3.351,0.10349999999999948,0.11954874875,0.05223,0.006492505000000023,0.020444985,0.0,0.03,0.581,0.576,-14.456250000000004,-0.09074999999999983,0.853,-217231264.0,114900000.0,643699968.0,7719766528.0,2480100000.0,,2304000000.0,,,422400000.0,,309900000.0,415300000.0,1.17,0.2593,0.34,1.6,0.232,1775088000.0,1.042,38521.414332329296,26775.91278031891,37566.96794509888,3060.7139,1.73333,14.0,,,0.00414,0.80087,False,False,,0.5,1409315.0,1226440.0,1.29,4.07,10.97,16.65,,-4.02,0.2675,57.0,2.85,,True,0.6808437685948184,,0.5,UK,True,49.536660264548544,65.41944010930109,51.86614265105228,59.95226748084167,50.508762892049724,10.614525139664805,67.41071428571429,28.297362110311752,50.0,,50.0,53.68527376722746,standard,161,46073632167,False,37.7,False,27.981651376146786,7.172643869891576,47.706422018348626,50.0417014178482,50.0417014178482,50.0417014178482,3,SVAG,-8,UPPTREND,False,2,0.2857142857142857,LÅG,EJ AKTUELL,-0.6,0.875,,2026-07-02,0,True
ASM.AS,ASM International NV,Technology,Semiconductor Equipment & Materials,Netherlands,EUR,46343994360.0,15.489850500000003,12.849816125000002,2.0976,4.081537400000002,14.498356,14.214,20.99125,0.06929500499999999,0.046467499,0.19443000000000002,0.166937485,0.12264999999999998,-0.098,,,-32.25,0.6535,1.702,-549937904.0,981600000.0,72000000.0,45434327040.0,5337000000.0,,3173200000.0,,,938100000.0,,723700000.0,1060900000.0,0.34,0.1489,3.25,0.62,3.25,1778630400.0,1.547,1092.5,398.4486910663275,948.0,1018.2632,1.73684,19.0,,,0.047340002,0.62240005,False,False,,0.5,165026.0,199411.0,1.03,5.54,39.84,63.17,,-13.14,0.5073,41.1,2.81,,False,0.4469972403921583,,0.757,Europe,True,33.963996223835416,78.57466453329286,66.00899524779362,38.25686416184971,35.498349075288594,64.99068901303538,67.41071428571429,36.69064748201439,50.0,,50.0,53.620899555364744,standard,162,216220545,False,38.9,False,27.981651376146786,54.8790658882402,7.756463719766472,50.0417014178482,50.0417014178482,50.0417014178482,3,SVAG,-8,UPPTREND,False,3,0.42857142857142855,LÅG,EJ AKTUELL,-0.3,0.875,EXTREME_EARNINGS_GROWTH;,2026-07-02,0,True
BAC,Bank of America Corporation,Financial Services,Banks - Diversified,United States,USD,410750674459.85657,-7.668817000000004,-6.317431000000001,1.0334,-5.767917050000001,3.7480671,3.507,,-0.09597874125,-0.022007501250000006,0.03186374249999997,-0.015109990000000025,-0.49598498999999996,0.020000000000000004,0.11649999999999999,0.166,,,,,851284983808.0,799901024256.0,384362676224.0,3411738000000.0,,113097000000.0,,,,,30509000000.0,12613000000.0,1.94,0.273,1.12,2.35,0.28,1780617600.0,1.196,59.20000076293945,43.795970282370476,57.880001068115234,63.56818,1.41667,22.0,0.0,0.0,0.073410004,0.70641,False,False,,0.72,36287106.0,39047580.0,0.41,12.2,19.06,,,0.0,0.2362,71.7,9.37,,True,0.8021906787874304,,0.919,US,True,,29.087058488845106,81.72097759674135,60.20939012131383,54.411528804575255,26.256983240223462,67.41071428571429,,50.0,98.94957983193278,72.0,53.506791534391716,standard,164,2260073972,False,38.6,False,27.981651376146786,21.3511259382819,39.28273561301084,50.0417014178482,50.0417014178482,50.0417014178482,2,SVAG,-8,UPPTREND,False,3,0.42857142857142855,LÅG,EJ AKTUELL,-6.9,0.75,SUSPICIOUS_FWD_PE;,2026-07-02,0,True
ITW,Illinois Tool Works Inc.,Industrials,Specialty Industrial Machinery,United States,USD,77020164541.62598,-10.833860000000005,-2.8421145000000028,2.6485,14.912401,4.7481766,5.261,-4.08975,0.75038875375,0.10412249874999999,0.08322623749999998,0.116382495,-0.054764970000000024,-0.015,0.04999999999999999,0.097,202.53750000000005,-0.17975000000000002,0.789,823714304.0,827000000.0,9148000256.0,85342167040.0,16148000000.0,,16044000000.0,,,4216000000.0,,3066000000.0,3126000000.0,2.41,0.5877,6.44,2.26,1.61,1782777600.0,1.03,301.254835355375,235.79588131483,267.7099914550781,274.54187,3.38889,16.0,6.79,0.0332,0.0037599998,0.86487,False,False,,0.853,1369912.0,1629540.0,0.31,8.8,5.45,,,-8.54,0.2296,71.3,5.63,,True,0.8386784180888588,,0.858,US,True,,76.77453561361773,29.63340122199593,50.549571485395745,44.38706650590738,54.37616387337057,67.41071428571429,66.18705035971223,50.0,52.10084033613446,95.3,53.44441831755295,standard,165,436244139,False,52.1,False,73.97831526271894,43.20266889074229,31.02585487906589,50.0417014178482,50.0417014178482,50.0417014178482,4,NEUTRAL,0,UPPTREND,False,2,0.2857142857142857,LÅG,EJ AKTUELL,11.5,0.875,SUSPICIOUS_FWD_PE;,2026-07-02,0,True
5802.T,"Sumitomo Electric Industries, Ltd.",Consumer Cyclical,Auto Parts,Japan,JPY,9308343708125.0,-2.292124499999998,25.131956125000002,0.53,0.3318998500000001,7.2861304,1.915,-2.1453750000000023,0.017810007499999978,-0.005985000000000004,-0.024200000000000006,0.004217498000000014,-0.145125025,0.0755,1.29,1.401,-8.25175,-0.37000000000000005,0.876,0.0,236981993472.0,620541968384.0,9783468883968.0,4441629000000.0,,4679789000000.0,,,320663000000.0,,193771000000.0,402253000000.0,1.31,0.325,39.0,2.83,20.0,1790640000.0,0.892,14850.0,2911.3895620046233,2983.75,14998.0,1.5,10.0,,,0.04488,0.4685,False,False,,0.5,9741916.0,20918060.0,0.85,,,,,,0.7738,53.5,,,False,0.16543736709846654,,1.0,Japan,True,,44.28953320087355,,86.54880846592351,28.449867405182584,10.42830540037244,67.41071428571429,48.201438848920866,50.0,,50.0,53.40446215805478,standard,166,387579559,False,43.8,False,70.30859049207673,7.089241034195163,17.6814011676397,50.0417014178482,50.0417014178482,50.0417014178482,6,NEUTRAL,0,UPPTREND,False,2,0.2857142857142857,LÅG,EJ AKTUELL,-7.5,0.875,,2026-07-02,0,True
KLAC,KLA Corporation,Technology,Semiconductor Equipment & Materials,United States,USD,324792267417.1129,33.508613999999994,24.513105499999995,2.5717,45.3663283,24.799623,24.89,32.16924999999999,0.7371162137499999,0.13740249875000002,0.24307622750000002,0.266227495,0.11847500999999999,-0.010999999999999996,-0.08400000000000002,0.103,50.9215,1.34775,1.963,1498151424.0,4957938176.0,6145359872.0,325979701248.0,16067926000.0,,12156162000.0,,,5014227000.0,,4061643000.0,4081903000.0,0.37,0.2152,0.92,0.95,0.23,1779062400.0,1.504,269.8999938964844,82.87100394695247,248.63999938964844,204.39285,2.0,28.0,3.55,0.0348,0.00091,0.93797994,False,False,,0.483,11050528.0,15718530.0,0.62,9.11,53.06,,,-23.15,0.7125,48.1,11.13,,True,0.6893971350688439,,0.877,US,True,45.821261542801956,88.8083967276574,48.87983706720978,46.542081104024085,39.3207905417155,29.05027932960894,67.41071428571429,57.31414868105516,50.0,50.63025210084034,48.3,53.390457905248105,standard,167,3908255290,False,42.1,False,62.88573811509591,23.352793994995828,2.543786488740617,50.0417014178482,50.0417014178482,50.0417014178482,4,NEUTRAL,0,UPPTREND,False,2,0.2857142857142857,LÅG,EJ AKTUELL,8.2,0.875,,2026-07-02,0,True
2303.TW,United Microelectronics Corporation,Technology,Semiconductors,Taiwan,TWD,2057615154680.0,14.609306500000002,12.225513749999996,1.9267,0.18054492499999997,8.547322,8.328,0.16849999999999854,0.0,-0.005299999999999999,0.061402505000000024,0.011170030000000011,-0.07059998,-0.07100000000000001,0.879,1.079,12.529499999999999,0.8397499999999998,2.178,102477824.0,134263775232.0,76035743744.0,2004763541504.0,567274863000.0,,237553199000.0,,,43658935000.0,,40360314000.0,99864187000.0,1.59,0.72339994,2.61,5.75,2.608083,1783468800.0,1.591,185.5,40.099998474121094,164.0,105.26364,2.78261,22.0,,,0.07643,0.40335,False,False,,0.5,263062617.0,335007496.0,0.27,,,,,,0.7325,78.9,,,True,0.7855744165907599,,0.675,Asia,True,64.30884251874518,51.268153978325095,,61.202257041600035,44.402854851255796,16.387337057728118,67.41071428571429,49.40047961630695,50.0,,50.0,53.34959267894608,standard,168,1722835602,False,44.0,False,68.72393661384487,13.678065054211844,14.678899082568808,50.0417014178482,50.0417014178482,50.0417014178482,6,NEUTRAL,0,UPPTREND,False,3,0.42857142857142855,LÅG,EJ AKTUELL,-1.1,0.875,,2026-07-02,0,True
IMO.TO,Imperial Oil Limited,Energy,Oil & Gas Integrated,Canada,CAD,77800398350.49255,2.041645000000001,1.057412624999999,5.19,0.03879717500000013,1.6599897,1.728,2.1359999999999983,-0.0007299974999999924,0.004542503750000006,-0.0392975,-0.06286624999999998,-0.21425001000000002,-0.052500000000000005,-0.515,-0.27,-21.724,-0.44599999999999995,0.928,2963652032.0,1029000000.0,4216000000.0,80987398144.0,42309000000.0,,45203000000.0,,,4114000000.0,,3268000000.0,6708000000.0,2.16,0.5136,3.48,2.23,0.87,1780531200.0,0.797,190.81036869942162,105.16440183251223,160.8800048828125,152.5625,3.82353,16.0,4.98,0.0401,0.69606,0.28647,False,False,,0.5,695945.0,623500.0,0.32,-9.14,-12.13,31.2,,-15.73,0.3037,27.2,-7.23,,False,0.25606057697692514,,0.702,Canada,True,87.61613333767374,38.51830279719816,34.500965291921254,22.73499411380316,46.48907601896658,54.18994413407822,67.41071428571429,90.64748201438849,50.0,46.21848739495798,50.0,53.24073423631521,standard,169,70734062,False,60.2,False,83.90325271059216,43.11926605504588,68.55713094245203,50.0417014178482,50.0417014178482,50.0417014178482,5,NEUTRAL,0,VARNING,False,2,0.2857142857142857,LÅG,EJ AKTUELL,-5.5,0.875,SUSPICIOUS_FWD_PE;,2026-07-02,0,True
FSV.TO,FirstService Corporation,Real Estate,Real Estate Services,Canada,CAD,9185776591.425278,2.333303749999999,-5.360514375000001,,1.319026725,1.6510012,1.948,0.0,0.03447999149999999,0.015792501250000007,-0.219287501,-0.32600126500000004,-0.04569001,-0.003999999999999997,6.0285,6.131,-3.0845000000000056,0.6380000000000001,1.256,-211396000.0,191419008.0,1366308992.0,10838272000.0,4283713000.0,,5497500000.0,,,350199000.0,,145047000.0,445941000.0,0.83,0.3183,1.66,0.57,0.425,1782777600.0,0.924,288.7578590430479,169.60000610351562,199.77000427246094,253.12584,1.7,1.0,5.69,,0.08953,0.78196996,False,False,,0.5,145087.0,153890.0,0.18,8.59,6.36,-0.05,,-8.63,0.3124,61.2,8.96,,False,0.7781149478050605,,0.928,Canada,True,,37.059356967625945,35.210348778004075,79.21370341313717,57.369034804717735,88.8268156424581,67.41071428571429,30.935251798561154,50.0,,50.0,53.15207944569006,standard,171,21678576,False,52.2,False,27.981651376146786,82.48540450375313,68.64053377814847,50.0417014178482,50.0417014178482,50.0417014178482,4,NEUTRAL,0,UPPTREND,False,2,0.2857142857142857,LÅG,EJ AKTUELL,0.4,0.875,SUSPICIOUS_FWD_PE;,2026-07-02,0,True
SLF.TO,Sun Life Financial Inc.,Financial Services,Insurance - Diversified,Canada,CAD,61272296751.65659,-2.5261840000000007,-1.8599901250000008,1.3496,-0.978881325,1.7558042,-0.897,-16.225250000000003,-0.026587493499999993,-0.018314999999999998,-0.154015005,-0.26843875000000006,0.02010001,-0.059,-0.6114999999999999,-0.488,4.371999999999996,45.969,45.002,-4728347968.0,109036003328.0,14042000384.0,-31311556608.0,398455000000.0,,38447000000.0,,,,,3745000000.0,2799000000.0,3.33,0.6704,3.68,4.07,0.96,1779840000.0,0.83,112.05000305175781,74.20870012486354,110.54000091552734,99.28571,2.26667,14.0,4.6,,0.00063,0.56019,False,False,,0.5,1869742.0,1525930.0,0.24,12.04,28.09,32.7,,0.0,0.2002,78.4,10.28,,True,0.7604432171707515,,0.691,Canada,True,,27.31932018508571,87.27326247454175,20.365384296511937,83.59901129918734,58.28677839851024,67.41071428571429,,50.0,,50.0,53.05527235612096,standard,173,118944439,False,46.8,False,27.981651376146786,47.78982485404504,67.13928273561301,50.0417014178482,50.0417014178482,50.0417014178482,2,SVAG,-8,UPPTREND,False,3,0.42857142857142855,LÅG,EJ AKTUELL,-6.8,0.875,SUSPICIOUS_FWD_PE;,2026-07-02,0,True
POW.TO,Power Corporation of Canada,Financial Services,Insurance - Life,Canada,CAD,49748152496.01819,-2.3248560000000005,-1.8386011250000016,0.8811,-1.2150635250000001,1.380907,-2.499,-23.490250000000003,-0.04164749749999999,-0.021304999999999998,-0.17243500500000003,-0.16574877000000002,0.14367999000000004,0.012999999999999998,0.08249999999999999,0.197,-2.2089999999999996,76.99199999999999,64.623,-26913723200.0,196672995328.0,21473599488.0,-98612428800.0,925735000000.0,,37649000000.0,,,,,2627000000.0,4780000000.0,3.09,0.60220003,2.67,4.92,0.668,1782777600.0,0.938,90.69999694824219,50.56916232230808,86.47000122070312,82.55556,2.88889,9.0,3.93,,0.00616,0.43046,False,False,,0.5,2236289.0,2470990.0,0.19,7.48,29.92,24.8,,-1.46,0.222,63.5,8.34,,False,0.546282281823261,,0.622,Canada,True,,28.99949784133827,69.90384207399863,51.52108788014494,76.43580461177326,63.87337057728119,67.41071428571429,,50.0,,50.0,52.893285748977284,standard,174,150669907,False,48.5,False,27.981651376146786,53.79482902418682,73.06088407005838,50.0417014178482,50.0417014178482,50.0417014178482,3,SVAG,-8,UPPTREND,False,3,0.42857142857142855,LÅG,EJ AKTUELL,-5.6,0.875,SUSPICIOUS_FWD_PE;,2026-07-02,0,True
TROW,"T. Rowe Price Group, Inc.",Financial Services,Asset Management,United States,USD,23627177924.341232,-10.199555000000004,-6.385259000000001,4.585,-5.066376350000001,3.189457,2.896,-6.656000000000001,-0.015528751249999993,0.07720249874999999,0.025083742499999964,-0.0028300199999999956,0.024005009999999938,-0.008,-0.0905,0.016,-68.15200000000002,3.84675,5.545,488314368.0,3729799936.0,459600000.0,21454778368.0,14341800000.0,,7314800000.0,,,2477400000.0,,2087100000.0,1753400000.0,4.72,0.5483,5.2,4.16,1.3,1781481600.0,1.519,112.34333734274871,84.2095526998167,110.2699966430664,97.83333,3.38462,12.0,14.22,0.1476,0.01768,0.89952004,False,False,,0.712,2167914.0,2464990.0,0.15,14.15,31.67,,,0.0,0.2532,76.0,12.4,,False,0.9690549286237812,,0.739,US,True,,59.13734356616101,89.35845213849288,39.751679757714925,59.987155594216155,77.09497206703911,67.41071428571429,81.5347721822542,50.0,10.084033613445378,71.2,52.85875188420522,holding,175,271814439,False,61.3,False,87.8231859883236,66.88907422852377,45.45454545454545,50.0417014178482,50.0417014178482,50.0417014178482,4,NEUTRAL,0,UPPTREND,False,2,0.2857142857142857,LÅG,EJ AKTUELL,-0.2,0.875,SUSPICIOUS_FWD_PE;,2026-07-02,0,True
ISP.MI,Intesa Sanpaolo S.p.A.,Financial Services,Banks - Regional,Italy,EUR,103736017876.47424,-5.5453149999999996,-5.072674375,1.755,-2.1112167499999996,4.035479,8.302,,-0.02976999999999999,-0.008782501000000002,0.10849749499999996,0.28946003,-0.39529,-0.0010000000000000009,-0.0605,0.056,,,,,86656000000.0,196448993280.0,213401780224.0,959887000000.0,,28529000000.0,,,,,9321000000.0,8235000000.0,6.38,0.661,0.38,6.0,0.19,1779062400.0,0.843,6.234000205993652,4.4934276400260735,5.952000141143799,6.83562,1.75,16.0,,,0.05623,0.38609,False,False,,0.5,58698735.0,76654271.0,1.0,7.59,19.0,4.83,,-1.8,0.2727,64.8,6.43,,True,0.5817179979060153,,0.702,Europe,True,,51.72310407758839,54.40440958078751,41.85027358761698,60.77800251081044,46.927374301675975,67.41071428571429,,50.0,,50.0,52.807610152639775,standard,176,521841722,False,40.6,False,27.981651376146786,37.36447039199333,36.86405337781485,50.0417014178482,50.0417014178482,50.0417014178482,2,SVAG,-8,UPPTREND,False,2,0.2857142857142857,LÅG,EJ AKTUELL,-2.7,0.75,SUSPICIOUS_FWD_PE;,2026-07-02,0,True
DIOS.ST,Diös Fastigheter AB (publ),Real Estate,Real Estate - Diversified,Sweden,SEK,8987843101.563034,-20.479835249999997,-16.641218625,1.37,-2.497995460000001,3.3738148,,,-0.047307500000000016,-0.00401249674999999,0.06360498000000003,0.16670002,0.23383000000000004,-0.05399999999999999,0.3075,0.531,64.17637500000001,-0.65,0.093,-142810368.0,,17489999872.0,,33364000000.0,,2662000000.0,,,1737000000.0,,808000000.0,897000000.0,3.71,0.4423,2.4,3.29,0.6,1783382400.0,1.223,71.41940293696872,58.87973465674523,64.69999694824219,77.75,,4.0,,,0.29591,0.40339002,False,False,,0.5,214937.0,276234.0,0.59,2.03,4.14,,,-6.8,0.2249,57.9,0.59,,True,0.5835179020637581,,0.5,Nordic,True,,60.407130171700715,30.34623217922607,49.55983606622003,43.58790869721578,89.57169459962756,67.41071428571429,,50.0,,50.0,52.62916788995203,standard,177,1848128,False,48.5,False,27.981651376146786,82.81901584653878,43.45287739783152,50.0417014178482,50.0417014178482,50.0417014178482,4,NEUTRAL,0,UPPTREND,False,2,0.2857142857142857,LÅG,EJ AKTUELL,6.7,0.875,SUSPICIOUS_FWD_PE;,2026-07-02,0,True
MUFG,"Mitsubishi UFJ Financial Group, Inc.",Financial Services,Banks - Diversified,Japan,USD,227341747718.0058,-6.641786000000003,1.8655639999999991,1.7684,-5.611794550000001,0.02670131,-4.677,,-0.08330874125000001,-0.02516750125000001,0.02738374249999999,0.020650039999999974,-0.49598498999999996,,,,,,,,151902574608384.0,110384014950400.0,-39820889948160.0,431731548000000.0,,7521125000000.0,,,,,2427229000000.0,-23064420000000.0,2.45,0.1574,0.49,3.25,0.269,1759190400.0,0.323,21.18000030517578,13.1899995803833,20.15999984741211,20.12341,2.5,2.0,2.05,0.0007,2.0000001e-05,0.03216,False,False,,0.769,3200982.0,3407720.0,0.47,5.68,17.59,,,-2.49,0.2706,56.7,7.48,,False,0.5846929099821339,,0.838,US,True,,31.550804131054008,52.44399185336049,69.375,76.52531733854093,33.33333333333333,67.41071428571429,,50.0,94.9579831932773,76.9,52.54115165055169,standard,182,68699635,False,48.0,False,27.981651376146786,26.02168473728107,97.5396163469558,50.0417014178482,50.0417014178482,50.0417014178482,0,SVAG,-8,UPPTREND,False,3,0.42857142857142855,LÅG,EJ AKTUELL,-2.5,0.625,EXTREME_GROWTH;EXTREME_EARNINGS_GROWTH;SUSPICIOUS_FWD_PE;,2026-07-02,0,True
PEP,"PepsiCo, Inc.",Consumer Defensive,Beverages - Non-Alcoholic,United States,USD,193247371223.6408,-7.097014000000003,-6.135903250000001,1.5223,0.6193271999999999,2.0248697,2.465,-5.245749999999999,0.18990877375,0.013134994749999986,-0.003883752500000011,0.039727495,0.04784501000000002,0.05,0.21400000000000002,0.269,140.95775,-0.16225000000000006,0.667,7354214656.0,10828000256.0,52728000512.0,235300372480.0,107399000000.0,,93925000000.0,,,13491000000.0,,8240000000.0,12087000000.0,4.19,0.8932,5.92,3.03,1.48,1780617600.0,0.359,168.19198174363117,123.23098004968834,141.38999938964844,167.86365,2.58333,22.0,3.65,0.0256,0.00184,0.80915,False,False,,0.551,7410793.0,9768630.0,0.6,1.95,-7.45,,,-14.01,0.2275,50.1,-1.8,,True,0.38850813333174694,,0.862,US,True,,63.450841324087925,13.849287169042768,65.84993100266529,57.78880488778006,35.754189944134076,67.41071428571429,88.00959232613909,50.0,64.28571428571429,55.1,52.516091728029714,standard,183,1381186590,False,57.6,False,85.9049207673061,28.35696413678065,62.2185154295246,50.0417014178482,50.0417014178482,50.0417014178482,4,NEUTRAL,0,VARNING,False,3,0.42857142857142855,LÅG,EJ AKTUELL,4.8,0.875,SUSPICIOUS_FWD_PE;,2026-07-02,0,True
SEB-A.ST,Skandinaviska Enskilda Banken AB (publ),Financial Services,Banks - Regional,Sweden,SEK,367728094328.8293,-4.163255000000001,-2.244027374999999,1.988,-1.9010251500000013,5.0251703,9.906,,-0.054714995,-0.020499999999999997,0.14877749500000004,0.09463253500000002,-0.45161,-0.129,-0.1405,-0.042,,,,,828516007936.0,1189482987520.0,733992124416.0,3670681000000.0,,77063000000.0,,,,,31063000000.0,34721000000.0,4.45,0.5527,8.5,4.93,11.0,1774396800.0,0.413,196.0,151.72970764267046,190.9499969482422,193.6875,2.82353,16.0,,,0.00988,0.72675,False,False,,0.5,2428186.0,3156317.0,0.76,8.07,13.49,,,-0.03,0.2202,74.6,5.68,,True,0.666484824909444,,0.53,Nordic,True,,42.227459795336685,70.36659877800408,23.70134566027552,82.91027339935835,27.560521415270017,67.41071428571429,,50.0,,50.0,52.51464610148734,standard,184,62323363,False,37.2,False,27.981651376146786,22.351959966638866,29.02418682235196,50.0417014178482,50.0417014178482,50.0417014178482,0,SVAG,-8,UPPTREND,False,3,0.42857142857142855,LÅG,EJ AKTUELL,-3.5,0.75,SUSPICIOUS_FWD_PE;,2026-07-02,0,True
CSU.TO,Constellation Software Inc.,Technology,Software - Application,Canada,CAD,59718155784.49707,18.488526,-7.044983625000001,0.5265,4.131253525000001,4.915075,5.184,6.246999999999998,0.04031749750000001,0.010075000000000008,-0.0372025,0.013068745,-0.007269990000000004,0.07300000000000001,1.497,1.699,88.4565,-1.275,0.833,2194527168.0,3012999936.0,5560999936.0,62991155200.0,16171000000.0,,11623000000.0,,,2108000000.0,,512000000.0,2732000000.0,0.2,0.1141,5.67,0.19,1.413,1781827200.0,0.7,5051.449103550577,2193.5972382751766,2818.02001953125,4012.2368,1.41667,12.0,4.92,,0.04409,0.43325,False,False,,0.5,67495.0,60860.0,0.62,0.96,13.74,-14.23,,-16.51,0.4981,35.7,2.75,,False,0.35777497663493807,,0.217,Canada,True,80.70032661653482,52.84365574767414,29.270886371350983,64.88680315185783,31.754437972618984,59.217877094972074,67.41071428571429,89.68824940047962,50.0,,50.0,52.370232742480496,standard,185,120938921,False,55.0,False,82.9024186822352,48.37364470391993,29.858215179316094,50.0417014178482,50.0417014178482,50.0417014178482,6,NEUTRAL,0,UPPTREND,False,3,0.42857142857142855,LÅG,EJ AKTUELL,-2.3,0.875,SUSPICIOUS_FWD_PE;,2026-07-02,0,True
SECT-B.ST,Sectra AB (publ),Healthcare,Medical Devices,Sweden,SEK,49164628948.25629,66.1854935,63.135102875,,20.093324399999997,14.489698,14.013,48.85575,0.09811500249999999,0.038580005,0.02124999999999999,-0.057559990000000005,-0.07535002000000002,0.047,0.08900000000000001,0.2,-46.474875,-0.5439999999999999,1.145,-99295488.0,1810310016.0,76484000.0,51018530816.0,4473711000.0,,3541661000.0,,,710635000.0,,563778000.0,1097318000.0,0.47,0.3754,1.3,0.53,2.3,1788912000.0,0.88,374.97630901630845,173.3000030517578,273.79998779296875,336.66666,,3.0,,,0.27826,0.47769,False,False,,0.5,169024.0,161394.0,0.6,3.08,30.15,,,-5.52,0.3928,43.9,6.61,,False,0.17587332399824943,,0.838,Nordic,True,34.88817995377453,57.35268333688638,58.14663951120163,60.17419018044517,36.68747634017151,64.05959031657356,67.41071428571429,44.60431654676259,50.0,,50.0,52.360432120047136,standard,186,4569529,False,38.8,False,27.981651376146786,54.045037531276066,7.839866555462886,50.0417014178482,50.0417014178482,50.0417014178482,4,NEUTRAL,0,UPPTREND,False,2,0.2857142857142857,LÅG,EJ AKTUELL,6.8,0.875,,2026-07-02,0,True
OMF,"OneMain Holdings, Inc.",Financial Services,Credit Services,United States,USD,6982690580.222382,-13.023649000000004,-10.724264600000001,0.75,-5.195479050000001,2.2969377,9.39,,0.03673125875,-0.0012675012500000075,0.0041437425000000055,-0.0009199899999999886,0.43789504,0.03,-0.0435,0.061,591.1700000000001,,,,834000000.0,22396000256.0,28544690176.0,27388000000.0,,4970000000.0,,,,,783000000.0,3132000000.0,6.95,0.62299997,4.2,8.75,1.05,1778457600.0,1.206,69.2812040118039,44.92300197881704,60.439998626708984,67.78571,1.9375,14.0,4.99,0.0438,0.0023100001,0.97785,False,False,,0.764,1142668.0,1121970.0,0.21,10.77,11.5,,,-13.94,0.3066,62.9,5.46,,True,0.9787928784398086,,0.982,US,True,,61.6774024485351,31.771894093686356,53.841411088178745,29.323080548790244,91.43389199255121,67.41071428571429,,50.0,43.27731092436975,76.4,52.18672947903092,standard,187,67811865,False,51.1,False,27.981651376146786,86.15512927439532,58.04837364470392,50.0417014178482,50.0417014178482,50.0417014178482,2,SVAG,-8,UPPTREND,False,2,0.2857142857142857,LÅG,EJ AKTUELL,-2.9,0.875,SUSPICIOUS_FWD_PE;,2026-07-02,0,True
EICHERMOT.NS,Eicher Motors Limited,Consumer Cyclical,Auto Manufacturers,India,INR,2085632232940.0,-4.973464500000002,-0.16912925000000012,,1.647961075,8.912425,8.665,-3.9363750000000035,0.06651251,0.024370000000000003,0.1466212575,0.09705873250000002,0.004349999999999993,0.11750000000000001,0.0040000000000000036,0.116,-47.845749999999995,0.6259999999999999,1.287,17441218560.0,61139701760.0,5139500032.0,2028204851200.0,321635600000.0,,229775700000.0,,,49447000000.0,,55152300000.0,48048400000.0,0.92,0.3487,70.0,0.45,70.0,1754006400.0,0.272,8230.0,5284.478673610159,7598.0,7863.1665,2.08108,36.0,,,0.49795,0.29429,False,False,,0.5,571720.0,485088.0,0.96,1.97,9.92,,,-11.48,0.3328,47.7,0.05,,True,0.7707381126405769,,0.72,India,True,,70.80238844471447,32.17922606924644,56.606206946189324,69.59665492680195,16.201117318435752,67.41071428571429,64.02877697841727,50.0,,50.0,52.17668147093062,standard,188,38641447,False,43.1,False,65.80483736447039,13.511259382819016,13.928273561301086,50.0417014178482,50.0417014178482,50.0417014178482,6,NEUTRAL,0,UPPTREND,False,3,0.42857142857142855,LÅG,EJ AKTUELL,5.2,0.875,SUSPICIOUS_FWD_PE;,2026-07-02,0,True
PLTR,Palantir Technologies Inc.,Technology,Software - Infrastructure,United States,USD,259295336449.32538,89.95999,29.630073499999995,1.6194,21.666828299999995,51.822247,50.347,106.76925,0.11322625374999998,0.07160249875,0.32318624749999997,0.31591746499999995,0.34475498000000004,0.721,3.048,3.067,-52.0015,5.22875,6.82,360961536.0,8026413056.0,211976992.0,263020625920.0,8900392000.0,,4475446000.0,,,1414015000.0,,1625033000.0,2134473000.0,,0.0,,,,,1.515,207.52000427246094,106.37000274658203,112.93000030517578,182.75407,1.90625,27.0,1.98,0.0357,0.03499,0.62381,False,False,,0.702,44917800.0,46628890.0,0.72,-7.68,-11.57,,,-27.74,0.5641,50.2,-2.48,,False,0.1602230177696777,,1.0,US,True,37.584339768004604,90.04469508424478,5.906313645621181,95.54848100332117,43.20743710352014,30.91247672253259,11.696428571428571,51.55875299760192,50.0,48.94957983193277,70.19999999999999,52.16687451449595,standard,189,5265800562,False,41.9,False,61.217681401167646,24.603836530442035,2.543786488740617,50.0417014178482,50.0417014178482,50.0417014178482,9,STARK,8,VARNING,False,2,0.2857142857142857,LÅG,EJ AKTUELL,10.5,0.875,,2026-07-02,0,True
KXS.TO,Kinaxis Inc.,Technology,Software - Application,Canada,CAD,4227503913.3734894,-0.9883219999999966,-0.7508536250000009,,0.9886225250000004,7.278635,6.797,16.387999999999998,0.05319749750000001,0.018995000000000005,0.04662749999999999,0.11881873499999998,0.27593996000000004,0.121,0.6890000000000001,0.849,-20.0455,-0.46999999999999986,1.625,-398671872.0,327628000.0,47662000.0,3947537664.0,724714000.0,,548030000.0,,,79482000.0,,70699000.0,117800000.0,,0.0,,,,,0.781,212.4499969482422,117.22000122070312,154.74000549316406,210.5315,,10.0,5.17,,0.00239,0.62232,False,False,,0.5,116526.0,90450.0,0.33,-2.86,9.23,-8.98,,-13.37,0.4501,38.0,4.11,,False,0.4071010719215146,,1.0,Canada,True,19.085148171055913,72.94609937634196,30.37593346911066,84.963777290188,36.87540846567372,94.78584729981378,11.696428571428571,11.750599520383693,50.0,,50.0,52.106123150374444,standard,191,9869639,False,45.7,False,27.981651376146786,90.15846538782318,17.764804003336113,50.0417014178482,50.0417014178482,50.0417014178482,4,NEUTRAL,0,UPPTREND,False,2,0.2857142857142857,LÅG,EJ AKTUELL,6.6,0.875,SUSPICIOUS_FWD_PE;,2026-07-02,0,True
O,Realty Income Corporation,Real Estate,REIT - Retail,United States,USD,58858927497.59052,15.592403749999992,7.621659749999997,5.68,-5.382736000000001,9.926891,15.322,-6.669750000000002,-0.10567124625000002,-0.01735,-0.07464875250000003,0.07138749499999997,0.42998501,0.063,-0.05650000000000002,0.248,-23.560500000000008,1.46675,1.049,405867008.0,395743008.0,30294552576.0,90845921280.0,72795612000.0,,5749377000.0,,,2593823000.0,,1058590000.0,3994754000.0,5.15,2.65,3.25,5.04,0.271,1782777600.0,0.734,67.05342256918605,53.325617839836276,63.119998931884766,67.9,2.5,20.0,6.17,0.0456,0.00125,0.79441,False,False,,0.704,5934971.0,6834630.0,1.1774718695260622,1.94,6.11,15.87,,-0.05866104199592137,0.1644143300534311,62.179479864431535,0.01796513584443926,0.05787190525535668,True,0.9475089431858718,,0.0,US,True,,46.10138426064232,62.89751994229463,40.298627390519556,79.76636362130624,59.77653631284916,29.017857142857146,57.07434052757794,50.0,41.596638655462186,70.39999999999999,51.81804259889107,standard,192,431401838,False,49.8,False,72.72727272727273,48.70725604670559,12.176814011676397,50.0417014178482,50.0417014178482,50.0417014178482,4,NEUTRAL,0,UPPTREND,False,2,0.2857142857142857,LÅG,EJ AKTUELL,2.5,0.875,,2026-07-02,0,True
ADC,Agree Realty Corporation,Real Estate,REIT - Retail,United States,USD,9251523082.160065,5.492539749999997,10.385139749999999,0.13,-5.362912100000001,12.370325,17.461,-3.8317500000000018,-0.09694124625000003,-0.016620000000000003,0.028881267499999988,0.10280749499999997,0.38046495,0.13,-0.04550000000000001,0.32,-37.420500000000004,-0.30724999999999986,0.273,-947151584.0,34882000.0,3718807040.0,13096213504.0,9797612000.0,,718398000.0,,,346881000.0,,204349000.0,504136000.0,4.16,1.68,3.2,4.21,0.267,1782777600.0,0.479,81.21521026504269,67.76137220176727,77.02999877929688,84.55556,1.85,18.0,0.0,0.0,0.01808,1.20603,False,False,,0.593,1131236.0,1295080.0,0.27,7.84,2.12,,,-4.17,0.1786,63.6,3.38,,True,1.0295256315220018,,0.523,US,True,,54.45105947840534,32.026476578411405,56.1735208677623,68.80935112253103,88.45437616387338,29.017857142857146,17.26618705035971,50.0,98.94957983193278,59.3,51.79889003631975,standard,193,99760011,False,43.3,False,27.981651376146786,82.3185988323603,9.591326105087573,50.0417014178482,50.0417014178482,50.0417014178482,3,SVAG,-8,UPPTREND,False,1,0.14285714285714285,LÅG,EJ AKTUELL,-5.0,0.875,,2026-07-02,0,True
0016.HK,Sun Hung Kai Properties Limited,Real Estate,Real Estate - Development,Hong Kong,HKD,330926498447.47644,-11.186593749999998,-7.553239999999999,0.9207,-0.8756809750000001,3.5778546,4.532,-5.3325,-0.009867510000000024,0.002097501250000005,-0.058982485,-0.16795997000000001,0.008350039999999948,0.263,0.12649999999999997,0.362,-32.109500000000004,2.4857500000000003,0.636,4390182912.0,20468000768.0,104009998336.0,419202596864.0,,,,,,,,,24516000000.0,3.31,0.4941,3.78,5.01,0.98,1773187200.0,0.827,147.89999389648438,84.78233416738797,114.19999694824219,146.55214,2.0,14.0,,,0.54958,0.16882999,False,False,,0.5,5919129.0,8707454.0,0.84,,,,,,0.3508,42.2,,,True,0.3011320614001194,,0.5,Asia,True,,38.72460371201235,,62.02240512711504,62.86613042045798,28.86405959031657,67.41071428571429,67.62589928057554,50.0,,50.0,51.75021173654201,standard,194,126796792,False,55.9,False,94.99582985821517,23.185988323603002,40.783986655546286,50.0417014178482,50.0417014178482,50.0417014178482,7,STARK,8,UPPTREND,False,3,0.42857142857142855,LÅG,EJ AKTUELL,5.6,0.875,SUSPICIOUS_FWD_PE;,2026-07-02,0,True
SMFG,"Sumitomo Mitsui Financial Group, Inc.",Financial Services,Banks - Diversified,Japan,USD,151399964034.13904,-6.455936000000005,40.414699,2.0524,-5.715643950000001,0.024990505,-7.383,,-0.10465874124999999,-0.026167501250000003,0.0035937224999999656,-0.10549998999999999,-0.49598498999999996,,,,,,,,102480427876352.0,57452091408384.0,-44729651691520.0,328511145000000.0,,5791563000000.0,,,,,1582973000000.0,-10283139000000.0,2.31,0.18040001,0.55,3.46,0.25,1759190400.0,0.396,25.350000381469727,14.399999618530273,23.829999923706055,25.83659,1.0,1.0,4.2,0.0019,3.0000001e-05,0.01958,False,False,,0.764,2132239.0,2225810.0,0.46,6.31,19.53,,,-3.21,0.3133,56.3,8.01,,False,0.5601590947082521,,1.0,US,True,,21.664552047485365,53.86965376782077,95.08928571428571,67.51891825917143,39.29236499068901,67.41071428571429,,50.0,93.69747899159664,76.4,51.7448192522183,standard,195,53041052,False,48.9,False,27.981651376146786,31.693077564637196,97.5396163469558,50.0417014178482,50.0417014178482,50.0417014178482,0,SVAG,-8,UPPTREND,False,3,0.42857142857142855,LÅG,EJ AKTUELL,-0.8,0.625,EXTREME_GROWTH;EXTREME_EARNINGS_GROWTH;,2026-07-02,0,True
NDX1.DE,Nordex SE,Industrials,Specialty Industrial Machinery,Germany,EUR,10436585227.534332,3.1283805000000013,-2.859088874999999,1.5,2.536934099999999,1.3543403,1.177,-6.329750000000001,0.08916751500000003,0.006477499000000001,-0.07051,-0.09412751500000002,-0.12600999999999996,0.045,6.265000000000001,5.769,-24.758999999999993,-0.17400000000000004,0.786,-21689024.0,1829081984.0,472779008.0,9072803840.0,6752008000.0,,7553549000.0,,,581174000.0,,274452000.0,1016287000.0,,0.0,,,,,1.169,51.70000076293945,16.6200008392334,44.060001373291016,47.0,2.125,16.0,,,0.46995,0.3875,False,False,,0.5,648563.0,791123.0,0.72,13.75,2.02,48.28,,-7.0,0.4802,67.7,5.05,,True,0.651724139724317,,1.0,Europe,True,,42.73361022961374,49.1381322131704,86.86742011967286,31.607482921520113,87.52327746741155,11.696428571428571,43.4052757793765,50.0,,50.0,51.64392503406421,standard,198,39868328,False,60.7,False,60.133444537114265,80.98415346121767,73.56130108423686,50.0417014178482,50.0417014178482,50.0417014178482,5,NEUTRAL,0,UPPTREND,False,1,0.14285714285714285,LÅG,EJ AKTUELL,17.2,0.875,SUSPICIOUS_FWD_PE;,2026-07-02,0,True
VACN.SW,VAT Group AG,Industrials,Specialty Industrial Machinery,Switzerland,CHF,20071846668.992798,63.166607500000005,24.268467125000004,3.461,20.0100731,18.697294,18.797,49.118249999999996,0.091507495,0.06954749900000001,0.08754001000000002,0.07208247499999998,0.21488000000000002,-0.013999999999999999,-0.14500000000000002,-0.077,-28.83,0.03300000000000003,0.745,-471749648.0,140983008.0,248282000.0,20179146752.0,1262878000.0,,1073516000.0,,,261817000.0,,214280000.0,299172000.0,1.05,0.8754,7.0,1.66,7.0,1777507200.0,1.558,706.7999877929688,254.3879610883726,669.7999877929688,628.5,2.27778,18.0,,,0.100889996,0.48808998,False,False,,0.5,87340.0,83329.0,0.82,11.33,44.28,,,-2.71,0.4178,57.2,10.51,,False,0.6417381712366657,,0.5,Europe,True,24.34475948652842,77.10908119602664,64.86761710794298,25.95672222001499,33.10247975955927,79.3296089385475,67.41071428571429,29.73621103117506,50.0,,50.0,51.643156194151594,standard,199,69459845,False,40.8,False,27.981651376146786,69.89157631359465,5.5045871559633035,50.0417014178482,50.0417014178482,50.0417014178482,3,SVAG,-8,UPPTREND,False,3,0.42857142857142855,LÅG,EJ AKTUELL,2.9,0.875,,2026-07-02,0,True
JYSK.CO,Jyske Bank A/S,Financial Services,Banks - Regional,Denmark,DKK,53209677510.0,-5.325817500000001,-4.280106375,0.6,-2.464764650000001,3.7558885,30.462,,-0.088175005,-0.021209999999999993,0.10149749499999994,0.023412534999999957,-0.45161,-0.14200000000000002,-0.2535,-0.165,,,,,101490999296.0,479152996352.0,431555411968.0,777056000000.0,,14437000000.0,,,,,5414000000.0,5391000000.0,2.67,0.301,25.0,,25.0,1773792000.0,0.348,962.0,611.1812951940444,935.0,984.0,2.5,6.0,,,0.30672002,0.24213,False,False,,0.5,91158.0,92846.0,0.9,7.35,11.74,,,-0.31,0.2278,67.7,5.07,,True,0.6190112726071342,,1.0,Nordic,True,,36.432409621136415,58.35030549898167,32.31607637920368,82.77357372018412,62.01117318435754,67.41071428571429,,50.0,,50.0,51.517370377908,standard,200,13256929,False,43.3,False,27.981651376146786,52.460383653044204,39.199332777314424,50.0417014178482,50.0417014178482,50.0417014178482,1,SVAG,-8,UPPTREND,False,2,0.2857142857142857,LÅG,EJ AKTUELL,-2.5,0.75,SUSPICIOUS_FWD_PE;,2026-07-02,0,True
SNOW,Snowflake Inc.,Technology,Software - Application,United States,USD,86289538327.02637,,68.05637349999999,6.4331,34.118870300000005,17.145355,17.109,-99.97775,-0.76133374625,-0.17221750125,-0.35140375250000006,-0.36766249500000003,0.17546497,0.20900000000000002,,,88.43350000000001,-0.6252500000000001,0.941,347462144.0,2954998016.0,2772094976.0,86106636288.0,9132495000.0,,4683946000.0,,,-1435165000.0,,-1331616000.0,1221942000.0,,0.0,,,,,1.355,284.989990234375,118.30000305175781,248.9600067138672,292.53418,1.4902,48.0,1.93,0.0643,0.028670002,0.76018,False,False,,0.734,8909766.0,7905340.0,0.38,0.59,71.56,,,-6.24,0.8112,65.1,33.85,,False,0.6554202094895047,,1.0,US,True,,16.582407072455972,62.21995926680245,90.46371800165153,20.058897065874074,50.65176908752328,11.696428571428571,56.594724220623505,50.0,26.05042016806723,73.4,51.49646720613687,standard,201,1968113499,False,46.4,False,67.13928273561301,40.53377814845705,6.505421184320268,50.0417014178482,50.0417014178482,50.0417014178482,3,SVAG,-8,UPPTREND,False,2,0.2857142857142857,LÅG,EJ AKTUELL,0.8,0.75,EXTREME_EARNINGS_GROWTH;,2026-07-02,0,True
AMT,American Tower Corporation,Real Estate,REIT - Specialty,United States,USD,81806162279.55862,-7.8243272500000005,-3.506034249999999,1.8411,16.343025499999996,7.5611324,12.197,-5.155749999999999,0.16553875375,0.008629999999999999,0.004431227499999982,0.07519752499999999,0.24365500999999998,0.01100000000000001,0.5335,0.759,347.52250000000004,-0.29124999999999984,0.264,3222327040.0,1608800000.0,45131198464.0,131958063104.0,63190400000.0,,10644600000.0,,,4929200000.0,,2529500000.0,5464000000.0,3.98,0.8226,6.98,2.93,1.79,1781222400.0,0.891,225.61456595211138,161.90145108607368,175.58999633789062,216.13635,1.68,22.0,2.76,0.0221,0.00083,0.96669,False,False,,0.488,3174247.0,3785390.0,0.37,-7.87,-2.39,,,-13.51,0.3002,27.5,-7.08,,False,0.20614013144985463,,0.638,US,True,,69.20960417570713,18.075356415478616,64.29451231859508,37.36806105157989,52.327746741154556,67.41071428571429,83.21342925659472,50.0,71.21848739495799,48.8,51.47590779321148,standard,202,664676616,False,53.4,False,88.49040867389492,41.534612176814015,17.097581317764803,50.0417014178482,50.0417014178482,50.0417014178482,4,NEUTRAL,0,VARNING,False,3,0.42857142857142855,LÅG,EJ AKTUELL,4.4,0.875,SUSPICIOUS_FWD_PE;,2026-07-02,0,True
HMS.ST,HMS Networks AB (publ),Technology,Communication Equipment,Sweden,SEK,25036774568.08008,20.583449499999997,21.067949125,0.7156,0.0,6.843738,7.426,5.553,-0.06559000000000001,0.004729996000000007,0.009789999999999986,0.039380020000000016,0.17647995999999994,-0.035,0.20799999999999996,0.409,18.513374999999996,-0.30800000000000005,0.823,-98178624.0,59000000.0,2188000000.0,27167774720.0,6600064000.0,,3577348000.0,,,789704000.0,,434746000.0,877277000.0,0.96,0.0,4.8,1.02,4.8,1776988800.0,1.094,593.5,371.7366102015162,498.79998779296875,600.6,1.4,5.0,,,0.122530006,0.80025,False,False,,0.5,54078.0,34731.0,1.12,-10.66,20.76,,,-14.67,0.3922,51.4,-5.94,,False,0.21131422345788467,,0.838,Nordic,True,48.78826350684158,53.74825970272104,42.31160896130346,58.81159901542458,45.58392426801578,75.97765363128491,67.41071428571429,41.96642685851319,50.0,,50.0,51.432628139456675,standard,203,1791407,False,42.3,False,27.981651376146786,65.97164303586321,19.599666388657212,50.0417014178482,50.0417014178482,50.0417014178482,4,NEUTRAL,0,VARNING,False,1,0.14285714285714285,LÅG,EJ AKTUELL,8.5,0.875,,2026-07-02,0,True
TJX,"The TJX Companies, Inc.",Consumer Cyclical,Apparel Retail,United States,USD,171704203950.68298,-1.4182830000000042,5.084797749999999,3.3212,8.4273454,2.7881298,2.928,-0.21074999999999955,0.40045876375,0.062062488749999985,0.006071244999999982,0.0035075000000000037,-0.18246501000000004,0.018500000000000003,0.182,0.286,52.18499999999999,-0.19224999999999998,0.489,2922214656.0,5580000256.0,14179999744.0,180304216064.0,35767000000.0,,60372000000.0,,,7178000000.0,,5494000000.0,6874000000.0,1.24,0.3307,1.92,1.33,0.48,1786579200.0,0.619,170.0,118.3926870008295,155.42999267578125,177.63158,1.38095,19.0,2.66,0.0161,0.00155,0.94028,False,False,,0.74,5539073.0,6651630.0,0.28,-2.91,-4.64,,,-8.97,0.2257,17.1,-2.37,,False,0.20364288582064907,,0.985,US,True,,62.14484177805732,20.672097759674134,67.0558807880726,60.73404751386711,36.87150837988827,67.41071428571429,75.29976019184652,50.0,81.5126050420168,74.0,51.41916876422405,standard,204,1033862802,False,53.8,False,75.5629691409508,29.608006672226857,52.71059216013344,50.0417014178482,50.0417014178482,50.0417014178482,5,NEUTRAL,0,VARNING,False,4,0.5714285714285714,MEDEL,EJ AKTUELL,7.9,0.875,,2026-07-02,0,True
FABG.ST,Fabege AB (publ),Real Estate,Real Estate Services,Sweden,SEK,23530367740.81311,,-8.906230624999996,5.07,-2.627916540000001,6.1404924,15.514,1.9320000000000022,-0.12452750000000003,-0.01868249974999999,-0.290775,0.14508002,0.22140999999999994,0.183,,,12.700374999999989,-0.6789999999999999,0.002,657064704.0,22000000.0,35939999744.0,59448365056.0,83089000000.0,,3760000000.0,,,2491000000.0,,-348000000.0,1744000000.0,2.94,1.5934,2.2,2.82,0.55,1783900800.0,1.351,88.0548237815422,72.00062712906032,74.80000305175781,84.26,3.45455,10.0,,,0.39844,0.30584,False,False,,0.5,494210.0,412466.0,0.6422218005122036,-6.62,1.03,-6.68,,-0.15052918353080413,0.23373307385699982,31.460730022116678,-0.03755978891765943,-0.05732312134934714,False,0.30433946494215436,,0.0,Nordic,True,73.65843072148616,39.53267244249564,45.15338594704684,42.29519336636389,49.99520355947307,77.28119180633148,29.017857142857146,69.54436450839329,50.0,,50.0,51.34118033177884,standard,205,3190365,False,55.8,False,79.232693911593,67.22268557130943,22.51876563803169,50.0417014178482,50.0417014178482,50.0417014178482,5,NEUTRAL,0,NEDTREND,True,1,0.14285714285714285,LÅG,EJ AKTUELL,6.8,0.75,EXTREME_EARNINGS_GROWTH;SUSPICIOUS_FWD_PE;,2026-07-02,0,True
SHW,The Sherwin-Williams Company,Basic Materials,Specialty Chemicals,United States,USD,84859919923.88324,3.868504999999997,5.4506232500000005,2.6587,11.614609149999996,3.5453582,4.126,3.3522499999999993,0.42702875375000005,0.03532249875,-0.00552375250000002,-0.017982494999999994,-0.005624989999999996,-0.025999999999999995,-0.34199999999999997,0.061,267.654,-0.9412499999999999,0.468,747989376.0,216900000.0,14601400320.0,98753470464.0,25901700000.0,,23574300000.0,,,3796700000.0,,2568500000.0,3451600000.0,0.93,0.3045,3.2,0.87,0.8,1779408000.0,1.126,376.951782499269,289.8599853515625,344.07000732421875,374.2,2.04167,20.0,3.93,0.0368,0.062800005,0.82922,False,False,,0.293,2147849.0,3096990.0,0.21,17.77,10.09,,,-5.83,0.2862,78.2,10.17,,True,1.0242722083965712,,0.662,US,True,65.93964647286695,61.97819725696752,39.10386965376782,31.932602830161642,29.351649510514562,52.1415270018622,67.41071428571429,62.589928057553955,50.0,48.319327731092436,29.299999999999997,51.33255647086277,standard,206,1065581372,False,52.8,False,71.55963302752293,41.284403669724774,41.117597998331945,50.0417014178482,50.0417014178482,50.0417014178482,4,NEUTRAL,0,UPPTREND,False,3,0.42857142857142855,LÅG,EJ AKTUELL,0.3,0.875,,2026-07-02,0,True
ECL,Ecolab Inc.,Basic Materials,Specialty Chemicals,United States,USD,79829745724.54181,9.211089999999997,9.014443250000001,2.6349,0.5545091499999986,4.852194,5.386,3.6102499999999984,0.04406875374999999,0.02096249874999999,0.013866237499999975,0.009717505000000008,-0.05224498999999999,0.006000000000000005,-0.33899999999999997,0.075,30.501999999999995,-0.81325,0.682,194389376.0,519800000.0,9266499584.0,88604549120.0,24696300000.0,,16081200000.0,,,2892500000.0,,2075600000.0,2952600000.0,1.03,0.3735,2.92,1.06,0.73,1781568000.0,0.913,307.60498613603636,242.48911386784812,283.6499938964844,317.38095,1.74074,21.0,1.98,0.0148,0.00154,0.93943,False,False,,0.435,1661680.0,2098220.0,0.17,10.46,6.86,,,-8.17,0.2341,73.2,7.74,,True,1.0004688398568382,,0.502,US,True,58.51416604273143,57.67128370619942,32.9938900203666,33.69482049686331,51.15238964309689,53.072625698324025,67.41071428571429,52.757793764988016,50.0,84.03361344537815,43.5,51.30594623274983,standard,207,595160090,False,49.8,False,65.72143452877398,42.11843202668891,30.525437864887405,50.0417014178482,50.0417014178482,50.0417014178482,4,NEUTRAL,0,UPPTREND,False,1,0.14285714285714285,LÅG,EJ AKTUELL,2.6,0.875,,2026-07-02,0,True
CRWD,"CrowdStrike Holdings, Inc.",Technology,Software - Infrastructure,United States,USD,178472856490.25757,,87.7224485,5.7057,28.140798299999997,35.034523,34.31,2922.93825,-0.21513374615,-0.08544750175000002,-0.11952375250000001,-0.168002504,0.25537501000000007,0.13,,,-36.910500000000006,-0.14725000000000005,1.333,534329472.0,4552800768.0,821342976.0,174782840832.0,11086684000.0,,4812005000.0,,,-293292000.0,,-162502000.0,1612349000.0,,0.0,,,,,1.244,785.6599731445312,342.7200012207031,701.0900268554688,713.4494,1.66667,51.0,2.03,0.0308,0.01535,0.7488,False,False,,0.461,3420303.0,2837630.0,0.48,6.05,103.97,,,-0.89,0.553,76.1,28.95,,False,0.5425645461045776,,0.89,US,True,38.17702399166639,25.25071209415595,72.81059063136456,76.83216350123865,28.6223564101597,36.49906890130354,11.696428571428571,53.956834532374096,50.0,57.14285714285714,46.1,51.258906939415134,standard,208,1989434093,False,42.9,False,62.55212677231026,29.274395329441198,2.543786488740617,50.0417014178482,50.0417014178482,50.0417014178482,4,NEUTRAL,0,UPPTREND,False,2,0.2857142857142857,LÅG,EJ AKTUELL,10.0,0.75,EXTREME_EARNINGS_GROWTH;,2026-07-02,0,True
AMD,"Advanced Micro Devices, Inc.",Technology,Semiconductors,United States,USD,850488709156.3301,135.21097999999998,14.999993499999993,1.2494,2.8188123000000003,22.707552,22.481,89.77425,-0.13201374625,-0.03894750125,0.02019624749999998,-0.0019625049999999963,0.034615009999999946,0.252,0.71,0.951,-48.4735,1.0467500000000003,1.75,5781339392.0,12346999808.0,3871000064.0,842012688384.0,76926000000.0,,34639000000.0,,,3694000000.0,,4335000000.0,7709000000.0,,0.0,,,,798940800.0,2.492,562.989990234375,133.5,521.5800170898438,500.39584,1.45098,48.0,1.46,0.028800001,0.00397,0.72159,False,False,,0.474,37447312.0,32684350.0,0.49,-5.69,135.24,,,-11.92,0.7493,53.5,11.16,,False,0.5868862183836976,,0.746,US,True,45.17768590557419,37.07883552888779,58.19755600814664,80.68958454926306,29.285861814428717,21.042830540037244,11.696428571428571,61.63069544364509,50.0,60.08403361344538,47.4,51.256334786295476,standard,209,17047503832,False,41.6,False,64.13678065054211,17.514595496246873,2.543786488740617,50.0417014178482,50.0417014178482,50.0417014178482,4,NEUTRAL,0,UPPTREND,False,1,0.14285714285714285,LÅG,EJ AKTUELL,9.7,0.875,,2026-07-02,0,True
WPM.TO,Wheaton Precious Metals Corp.,Basic Materials,Gold,Canada,CAD,72982446102.12553,-1.7051219999999994,2.365964124999999,0.43,2.4197453749999998,26.58104,25.795,16.549999999999997,0.0913299975,0.086705,0.5565675499999999,0.6118987949999999,0.47673996,0.8220000000000001,0.871,1.292,-39.504,2.217999999999999,4.525,82717376.0,2164505088.0,7662000.0,70825598976.0,9125781000.0,,2314600000.0,,,1581641000.0,,1471720000.0,1904981000.0,0.68,0.1744,1.09,1.12,0.269,1779840000.0,1.16,225.98550369159796,116.37964852248759,160.7100067138672,265.369,1.3125,7.0,2.89,,0.00113,0.71738,False,False,,0.5,814914.0,972370.0,0.29,-6.85,-14.09,0.34,,-28.3,0.5536,53.7,-7.22,,False,0.31750597086703547,,0.927,Canada,True,46.20788437123604,92.27564228586823,18.119643160217244,89.28541458824526,45.061979022300555,55.679702048417134,67.41071428571429,51.07913669064749,50.0,,50.0,51.250766149140226,commodity,210,110195672,False,36.6,False,27.981651376146786,44.78732276897415,2.543786488740617,50.0417014178482,50.0417014178482,50.0417014178482,6,NEUTRAL,0,VARNING,False,3,0.42857142857142855,LÅG,EJ AKTUELL,0.7,0.875,,2026-07-02,0,True
C,Citigroup Inc.,Financial Services,Banks - Diversified,United States,USD,241782579771.78595,-4.508233000000002,-6.412599000000002,0.7351,-6.001740050000001,3.070879,0.406,,-0.12592874125,-0.025187500950000004,-0.05413624750000001,-0.03388998999999999,-0.49598498999999996,0.098,0.43350000000000005,0.423,,,,,1046570008576.0,815575007232.0,31950589952.0,2657202000000.0,,85213000000.0,,,,,14306000000.0,-67632000000.0,1.69,0.2917,2.4,3.42,0.6,1777852800.0,1.115,147.9600067138672,81.95204346955632,141.75999450683594,148.0238,1.59091,21.0,0.06,0.0004,0.00253,0.81622005,False,False,,0.608,12391161.0,15110470.0,1.2781046779160241,13.06,26.71,19.91,,-0.0419032976865239,0.2828915427960177,69.33000344799339,0.0811622594225263,0.2467010508342069,True,0.6618360965472315,,0.803,US,True,,19.867824417933797,80.31255303801765,72.47313664253787,49.56618775282466,32.02979515828678,67.41071428571429,,50.0,95.58823529411765,60.8,51.11598491903462,standard,212,2142060144,False,40.3,False,27.981651376146786,25.35446205170976,46.788990825688074,50.0417014178482,50.0417014178482,50.0417014178482,1,SVAG,-8,UPPTREND,False,3,0.42857142857142855,LÅG,EJ AKTUELL,-4.0,0.75,SUSPICIOUS_FWD_PE;,2026-07-02,0,True
FPH.NZ,Fisher & Paykel Healthcare Corporation Limited,Healthcare,Medical Instruments & Supplies,New Zealand,NZD,22581262844.115955,15.964997999999998,14.040667249999993,43.64,2.4606217,9.782214,9.64,10.293000000000001,0.042621266250000005,0.07455249874999997,0.07768624749999997,0.08994749500000002,0.14086501,0.05700000000000001,0.029999999999999985,0.141,-57.28875,0.30875,1.615,-992623072.0,461100000.0,146100000.0,22252720128.0,2853600000.0,,2308400000.0,,,477800000.0,,468500000.0,,1.35,0.5422,0.52,1.47,0.33,1782086400.0,0.886,41.04394215457752,31.88340762441554,38.45000076293945,39.75,2.41667,11.0,,,0.0366,0.42504,False,False,,0.5,526078.0,491264.0,0.51,6.89,5.63,,,-4.49,0.3106,49.5,7.11,,False,0.7044050827338882,,0.5,US,True,30.232754972492593,74.32710749272074,34.82688391038697,46.57549516149381,56.15165169300104,78.2122905027933,67.41071428571429,23.021582733812952,50.0,,50.0,51.08140450736017,standard,213,18889101,False,41.6,False,27.981651376146786,68.30692243536281,12.593828190158465,50.0417014178482,50.0417014178482,50.0417014178482,4,NEUTRAL,0,UPPTREND,False,2,0.2857142857142857,LÅG,EJ AKTUELL,6.6,0.875,,2026-07-02,0,True
DDOG,"Datadog, Inc.",Technology,Software - Application,United States,USD,79322102999.9003,594.0460499999999,59.32388350000001,1.4936,11.022704299999997,23.24288,22.297,2340.1142500000005,-0.17334374425,-0.07757750135000002,-0.07659375250000001,-0.137952505,0.30307501000000003,0.196,0.8380000000000001,1.134,-22.257500000000007,1.71875,3.285,-455309056.0,4758617088.0,1285052032.0,81875009536.0,6643844000.0,,3427158000.0,,,-44373000.0,,107741000.0,1050135000.0,,0.0,,,,,1.553,278.7049865722656,98.01000213623047,239.77000427246094,242.11635,1.3913,46.0,2.38,0.0509,0.0064600003,0.91913,False,False,,0.278,5820547.0,5001070.0,0.27,4.29,116.9,,,-5.92,0.7628,68.9,25.54,,False,0.5672330711283068,,1.0,US,True,28.77654437535944,28.531131718927742,64.4602851323829,88.85560862999075,34.34214751121055,53.25884543761639,11.696428571428571,40.52757793764988,50.0,36.134453781512605,27.800000000000004,51.06954757409407,standard,214,1199106575,False,44.0,False,59.1326105087573,42.28523769808174,2.543786488740617,50.0417014178482,50.0417014178482,50.0417014178482,6,NEUTRAL,0,UPPTREND,False,2,0.2857142857142857,LÅG,EJ AKTUELL,11.6,0.875,,2026-07-02,0,True
011070.KS,"LG Innotek Co., Ltd.",Technology,Electronic Components,South Korea,KRW,22031656017000.0,,6.392704749999999,19.3886,,0.98142684,1.018,-7.2645,-0.04051001,-0.007609999999999999,-0.12515749499999998,-0.12003998,-0.28046998400000006,-0.015,1.474,1.677,29.962500000000002,-0.31124999999999997,0.985,243326148608.0,1374028038144.0,2196819017728.0,22852025712640.0,11930883000000.0,,21896603000000.0,,,665007000000.0,,341262000000.0,1331402000000.0,0.2,0.091800004,1880.0,0.89,1880.0,1774828800.0,2.082,1788000.0,145938.90217025572,931000.0,896346.1,1.84615,26.0,,,0.40807998,0.26108998,False,False,,0.5,439932.0,478268.0,0.7560265502219518,-10.82,199.2,228.59,,-0.47930648769574946,0.7963359252554202,38.94878706199461,0.09156993785906908,1.3270561022314178,False,0.14265413275407487,,0.333,Asia,True,,24.987325908369897,84.22980842668024,57.6340652599698,27.63322035294761,6.70391061452514,67.41071428571429,68.5851318944844,50.0,,50.0,51.012596774932874,standard,215,325045281,False,52.2,False,68.64053377814847,2.543786488740617,81.15095913261051,50.0417014178482,50.0417014178482,50.0417014178482,6,NEUTRAL,0,UPPTREND,False,2,0.2857142857142857,LÅG,EJ AKTUELL,8.4,0.625,,2026-07-02,0,True
ADDT-B.ST,Addtech AB (publ.),Industrials,Industrial Distribution,Sweden,SEK,85510150459.9898,11.566802500000001,20.956210125000005,4.1,6.192312699999999,3.9549334,4.229,6.694000000000003,0.07927249999999998,0.031910000000000015,-0.023760004,-0.051964979999999994,-0.11861,-0.041999999999999996,0.069,0.138,18.932374999999993,-0.021500000000000075,0.93,1152189696.0,1490000000.0,7148000256.0,96002842624.0,21310000000.0,,22703000000.0,,,3085000000.0,,2147000000.0,2996000000.0,0.96,0.4025,3.2,0.94,3.2,1756339200.0,1.133,358.3999938964844,283.20001220703125,332.6000061035156,371.2857,1.71429,7.0,,,0.02031,0.67106,False,False,,0.5,400755.0,476546.0,0.6,4.52,7.68,,,-3.99,0.2969,75.7,3.28,,True,0.9349492339273928,,0.5,Nordic,True,67.43166552730666,51.60249670048804,38.4928716904277,38.52267715943321,54.09841085779263,51.76908752327747,67.41071428571429,71.70263788968825,50.0,,50.0,51.011201075915324,standard,216,16389952,False,51.8,False,69.89157631359465,41.117597998331945,37.44787322768974,50.0417014178482,50.0417014178482,50.0417014178482,5,NEUTRAL,0,UPPTREND,False,2,0.2857142857142857,LÅG,EJ AKTUELL,3.8,0.875,,2026-07-02,0,True
HIG,"The Hartford Insurance Group, Inc.",Financial Services,Insurance - Diversified,United States,USD,36703375322.483826,-12.608863000000005,-8.233861000000001,0.12,-5.281273050000001,1.2748212,1.286,-7.277000000000001,0.024931268749999992,0.0075624987499999935,-0.11660625750000003,-0.22170999000000002,-0.11426499000000001,0.0,0.2865,0.359,-48.87100000000001,0.09375000000000017,1.062,4211214592.0,4393999872.0,4373000192.0,37016375296.0,85997000000.0,,28071000000.0,,,,,3836000000.0,5922000000.0,1.79,0.1576,2.4,1.93,0.6,1780272000.0,0.475,143.20528921057172,117.55543797396345,133.88999938964844,147.65,2.26087,20.0,0.05,0.0004,0.0035299999,0.96037,False,False,,0.67,1664979.0,1947280.0,0.18,8.66,0.96,,,-3.79,0.202,70.5,3.5,,True,1.0389170705822548,,0.838,US,True,,35.57931446800666,31.61914460285133,63.409968513219,74.02534078634143,70.2048417132216,67.41071428571429,97.3621103117506,50.0,95.58823529411765,67.0,50.995446363153704,standard,217,260721318,False,67.0,False,97.5396163469558,59.299416180150125,74.81234361968306,50.0417014178482,50.0417014178482,50.0417014178482,5,NEUTRAL,0,UPPTREND,False,3,0.42857142857142855,LÅG,EJ AKTUELL,2.7,0.875,SUSPICIOUS_FWD_PE;,2026-07-02,0,True
COST,Costco Wholesale Corporation,Consumer Defensive,Discount Stores,United States,USD,422431290217.7527,18.583833999999992,20.418484749999998,4.645,17.126177199999997,1.4388624,1.433,12.679250000000001,0.04263875375,0.008885004749999991,-0.06527375250000002,-0.09316249200000001,-0.36722498000000003,0.18,0.391,0.456,-43.62225000000001,0.012749999999999984,0.564,5562339584.0,11125999616.0,10227999744.0,420750983168.0,77099000000.0,,275235000000.0,,,10383000000.0,,8099000000.0,13335000000.0,0.62,0.2701,5.88,0.59,1.47,1777593600.0,0.868,1096.5,841.6871429370814,952.5399780273438,1082.9393,1.97297,33.0,3.16,0.0177,0.00161,0.73799,False,False,,0.476,2205936.0,2829840.0,0.45,-3.03,-7.01,,,-15.44,0.2085,27.0,-6.83,,False,0.26817402648572797,,0.851,US,True,63.51986284275746,37.87047496604129,12.627291242362524,76.31017091574189,64.45426940544958,25.884543761638735,67.41071428571429,72.90167865707434,50.0,78.99159663865547,47.599999999999994,50.984945016379385,standard,218,2695535731,False,54.1,False,70.89241034195163,21.100917431192663,71.39282735613011,50.0417014178482,50.0417014178482,50.0417014178482,5,NEUTRAL,0,VARNING,False,4,0.5714285714285714,MEDEL,EJ AKTUELL,2.4,0.875,,2026-07-02,0,True
ICE,"Intercontinental Exchange, Inc.",Financial Services,Financial Data & Stock Exchanges,United States,USD,70044377975.86143,-4.0019880000000025,-3.6454520000000006,1.9199,-4.886698350000001,6.712446,8.649,-0.35700000000000065,-0.06388874125000002,-0.010177501250000005,0.11901377249999996,0.19839000999999995,0.50401501,0.143,0.6695,0.773,-1.0360000000000014,-0.6872499999999999,0.026,2351089408.0,863000000.0,20984999936.0,90250379264.0,136887000000.0,,12640000000.0,,,4999000000.0,,3315000000.0,4662000000.0,1.68,0.28530002,2.08,1.23,0.52,1789516800.0,0.922,186.96015767707453,123.73999786376953,123.86000061035156,195.0,1.4375,15.0,2.31,0.0207,0.0081400005,0.96384,False,False,,0.677,3853914.0,5085580.0,0.34,-4.38,-18.77,,,-24.15,0.2871,40.2,-9.18,,False,-0.03959500728446641,,0.877,US,True,,65.80068750132878,3.7678207739307537,80.1931707410325,41.79052593117203,56.61080074487895,67.41071428571429,84.65227817745803,50.0,73.94957983193278,67.7,50.901672452860794,standard,219,629899942,False,54.0,False,86.32193494578816,45.7047539616347,20.266889074228526,50.0417014178482,50.0417014178482,50.0417014178482,7,STARK,8,VARNING,False,3,0.42857142857142855,LÅG,EJ AKTUELL,17.1,0.875,SUSPICIOUS_FWD_PE;,2026-07-02,0,True
WMT,Walmart Inc.,Consumer Defensive,Discount Stores,United States,USD,920670196870.8542,11.621403999999997,13.528134749999998,4.4022,1.3383592000000002,1.2693559,1.368,4.295249999999999,-0.0075612462499999936,-0.009425000250000013,-0.06402375250000002,-0.087742493,-0.24622499,0.03799999999999999,0.13,0.188,-29.063250000000004,-0.28825000000000006,0.187,5470214400.0,10728999936.0,75545001984.0,992131153920.0,284668000000.0,,713163000000.0,,,29825000000.0,,21893000000.0,41565000000.0,0.86,0.33540002,0.99,1.26,0.248,1787270400.0,0.599,135.16000366210938,93.44869804801509,115.69000244140625,138.95,1.5,40.0,3.16,0.0189,0.4495,0.38092,False,False,,0.5,20725315.0,23486100.0,1.432259157219196,-2.4,-5.13,4.73,,-0.14405149965352748,0.23941150814308937,38.99242483676305,-0.06817296629280833,-0.006655626166779283,False,0.2387356838468591,,0.652,US,True,62.16782230324337,31.95512349505292,47.75967413441955,54.585324327209065,60.84207237847105,20.48417132216015,67.41071428571429,58.752997601918466,50.0,77.73109243697479,50.0,50.85444282006219,standard,220,2717106966,False,52.2,False,63.38615512927439,17.264386989157632,74.89574645537948,50.0417014178482,50.0417014178482,50.0417014178482,6,NEUTRAL,0,NEDTREND,True,3,0.42857142857142855,LÅG,EJ AKTUELL,-3.4,0.875,,2026-07-02,0,True
ROST,"Ross Stores, Inc.",Consumer Cyclical,Apparel Retail,United States,USD,68409770505.65692,-1.8726670000000052,3.0504197499999988,2.5213,2.775280399999999,2.877254,2.902,-0.5067500000000025,0.17777874374999997,0.044952498749999986,0.009451239999999979,0.01956750000000001,-0.16858496,0.1325,0.263,0.356,-9.210999999999999,0.20974999999999994,0.884,655547904.0,4130980096.0,4723149824.0,69001945088.0,15548737000.0,,22750559000.0,,,2707357000.0,,2145044000.0,3026883000.0,0.84,0.2318,1.78,1.03,0.445,1780963200.0,0.866,242.80999755859375,125.18413916218462,213.25999450683594,256.17648,1.68421,17.0,3.04,0.0388,0.021259999,0.9472,False,False,,0.1,3012504.0,4109350.0,0.15,-8.5,-3.24,,,-11.54,0.2889,21.1,-5.5,,False,-0.09865195238469515,,0.946,US,True,,61.4800556258705,19.144602851323828,76.03800675817541,57.651414920104855,57.16945996275605,67.41071428571429,65.94724220623502,50.0,47.47899159663865,10.0,50.79879890166068,standard,221,876359958,False,55.6,False,73.64470391993328,46.038365304420346,51.70975813177648,50.0417014178482,50.0417014178482,50.0417014178482,5,NEUTRAL,0,VARNING,False,3,0.42857142857142855,LÅG,EJ AKTUELL,5.0,0.875,,2026-07-02,0,True
KNIN.SW,Kuehne + Nagel International AG,Industrials,Integrated Freight & Logistics,Switzerland,CHF,23003825971.373016,-2.6970675,0.3626311249999987,2.4715,4.038535100000001,0.968623,1.092,-1.021749999999999,0.137247515,0.006497502999999998,-0.07687,-0.08868751500000002,-0.03009999999999996,-0.176,-0.227,-0.158,84.747,-0.247,0.991,-231762912.0,749000000.0,3622000128.0,25942134784.0,11927000000.0,,24476000000.0,,,1237000000.0,,882000000.0,1781000000.0,3.1,1.1735,6.0,4.13,6.0,1778198400.0,0.637,198.6999969482422,142.4033839338917,193.6999969482422,184.5,3.22222,18.0,,,0.60231996,0.18489,False,False,,0.5,208885.0,265794.0,1.0,8.62,17.98,,,0.0,0.3343,61.4,12.2,,True,0.7581579925721569,,0.239,Europe,True,,46.58930770182193,79.989816700611,9.999624958594401,48.370492153509446,77.83985102420856,29.017857142857146,37.88968824940048,50.0,,50.0,50.71563111819814,standard,222,64071854,False,51.9,False,27.981651376146786,67.97331109257715,81.56797331109257,50.0417014178482,50.0417014178482,50.0417014178482,3,SVAG,-8,UPPTREND,False,1,0.14285714285714285,LÅG,EJ AKTUELL,-2.8,0.875,SUSPICIOUS_FWD_PE;,2026-07-02,0,True
CBOE,"Cboe Global Markets, Inc.",Financial Services,Financial Data & Stock Exchanges,United States,USD,25348193725.271606,-1.3293900000000054,-1.2482170000000004,2.285,-2.5467847500000014,5.28969,5.175,-0.08400000000000096,0.04898125875000001,0.07465249874999999,4.374250000001301e-05,0.022560010000000012,0.045085010000000036,0.0040000000000000036,0.41650000000000004,0.539,-42.533,-0.31324999999999986,0.59,-388960576.0,2136199936.0,1584600064.0,24796592128.0,9305300000.0,,4714200000.0,,,1514100000.0,,1100000000.0,1752600000.0,1.19,0.2383,2.88,1.29,0.72,1780012800.0,0.395,370.403634917837,222.52296429486157,242.2100067138672,319.64285,3.0,14.0,2.87,0.0298,0.0025499999,0.91809,False,False,,0.438,1300069.0,2229890.0,0.33,-11.34,-12.64,,,-30.92,0.3892,28.9,-17.32,,False,0.1375463284746162,,0.895,US,True,,64.94768582301825,4.8370672097759675,68.82387510117226,50.36611645155555,75.60521415270019,67.41071428571429,33.81294964028777,50.0,58.82352941176471,43.8,50.68481023978265,standard,223,540101672,False,52.5,False,63.719766472060044,65.63803169307756,27.773144286905755,50.0417014178482,50.0417014178482,50.0417014178482,4,NEUTRAL,0,VARNING,False,3,0.42857142857142855,LÅG,EJ AKTUELL,4.1,0.875,SUSPICIOUS_FWD_PE;,2026-07-02,0,True
VTR,"Ventas, Inc.",Real Estate,REIT - Healthcare Facilities,United States,USD,43293415316.82225,125.76379374999999,76.12909975,1.72,-3.588211500000001,7.0823646,9.208,0.5632499999999978,-0.11258124625000002,-0.018360001,-0.22103875050000002,-0.24616250500000003,-0.09105499,0.162,-0.1355,0.193,-3.2915000000000028,-0.38924999999999993,0.188,91079680.0,183612992.0,12726149120.0,56287567872.0,27591945000.0,,5833980000.0,,,857524000.0,,251381000.0,1646726000.0,2.25,3.5635998,2.0,3.31,0.52,1782777600.0,0.734,91.05999755859375,60.56988752771219,89.05000305175781,96.57143,1.54545,21.0,6.01,0.0546,0.00528,1.06914,False,False,,0.665,4306311.0,4607960.0,0.19,17.27,11.31,,,0.0,0.2227,78.1,8.03,,True,1.0427660160400534,,0.669,US,True,64.93364584350618,18.460192087571347,71.94501018329939,53.0794823444061,58.05290836539695,66.85288640595903,29.017857142857146,52.038369304556355,50.0,32.773109243697476,66.5,50.679920736132196,standard,224,410338852,False,51.6,False,71.22602168473729,56.21351125938282,18.765638031693076,50.0417014178482,50.0417014178482,50.0417014178482,3,SVAG,-8,UPPTREND,False,2,0.2857142857142857,LÅG,EJ AKTUELL,0.8,0.875,,2026-07-02,0,True
LOTB.BR,Lotus Bakeries NV,Consumer Defensive,Packaged Foods,Belgium,EUR,9363225600.0,25.088856999999994,21.186366749999998,9.38,2.4566121999999995,6.9098186,7.044,18.247249999999998,-0.04016124625000001,0.02141499974999999,0.03174624749999999,0.04593750499999999,-0.09990497000000004,0.06799999999999999,0.09,0.154,-67.55425,0.42575,0.937,-1362061460.0,121885000.0,312249984.0,9545216000.0,1536521000.0,,1355061000.0,,,233186000.0,,172258000.0,205878000.0,0.78,0.35869998,90.0,0.69,90.0,1778803200.0,0.617,11860.0,7169.525848143222,11520.0,11169.3,2.1,10.0,,,0.5,0.13456,False,False,,0.5,617.0,693.0,1.32,6.41,17.89,41.18,,-1.36,0.241,47.4,6.7,,False,0.7601974818529956,,0.5,US,True,14.873965081328599,52.9512245807908,66.69239010522743,50.29986785344836,71.07335998599916,88.26815642458101,67.41071428571429,7.673860911270983,50.0,,50.0,50.65208328270524,standard,225,9131145,False,44.8,False,27.981651376146786,82.23519599666389,19.349457881567975,50.0417014178482,50.0417014178482,50.0417014178482,4,NEUTRAL,0,UPPTREND,False,3,0.42857142857142855,LÅG,EJ AKTUELL,5.8,0.875,,2026-07-02,0,True
MASI,Masimo Corporation,Healthcare,Medical Devices,United States,USD,9423816865.882233,11.726205999999992,5.148447249999998,4.83,3.7368257,6.046723,6.278,7.6,0.05858125625000001,0.029342498749999994,-0.07630375250000003,0.038917494999999996,0.12031500999999994,0.0020000000000000018,,,-2.602750000000003,0.66875,1.271,-1064110592.0,124600000.0,485900000.0,9784526848.0,1698900000.0,,1526900000.0,,,312800000.0,,-151500000.0,217800000.0,,0.0,,,1.0,1353628800.0,1.098,179.99000549316406,125.94000244140625,179.9499969482422,180.0,3.0,3.0,3.84,0.0734,0.06215,1.04782,False,False,,0.5,946426.0,854373.0,0.0,0.9,2.59,,,0.0,0.5486,75.4,0.71,,True,0.9124138391013572,,0.956,US,True,23.70780298837853,59.632415643301364,62.372708757637476,64.27848885218827,41.50020075308348,88.08193668528864,11.696428571428571,10.79136690647482,50.0,23.10924369747899,50.0,50.372963861995736,standard,228,153744419,False,45.3,False,27.981651376146786,82.15179316096747,22.93577981651376,50.0417014178482,50.0417014178482,50.0417014178482,3,SVAG,-8,UPPTREND,False,2,0.2857142857142857,LÅG,EJ AKTUELL,-0.1,0.875,EXTREME_EARNINGS_GROWTH;,2026-07-02,0,True
UBSG.SW,UBS Group AG,Financial Services,Banks - Diversified,Switzerland,CHF,131013876406.307,1.0403935000000013,-2.1203763750000006,0.8972,-1.9056056499999998,2.553329,3.317,,-0.06824,-0.013082501,-0.08214250500000002,-0.06952998000000005,-0.39529,0.07700000000000001,0.7164999999999999,0.797,,,,,528411983872.0,574302978048.0,170190307328.0,1617427000000.0,,47295000000.0,,,,,7767000000.0,21851000000.0,2.16,0.32259998,0.86,2.38,1.1,1776729600.0,0.836,41.41999816894531,25.20000027956994,39.970001220703125,40.27588,2.47059,17.0,,,0.00064000004,0.55587,False,False,,0.5,6322484.0,8340362.0,0.63,7.5,40.74,,,-2.64,0.2542,69.9,8.71,,False,0.6371114543756969,,1.0,Europe,True,,23.624527681185473,64.66395112016293,82.65940720017738,63.156995396847535,41.527001862197395,67.41071428571429,,50.0,,50.0,50.363256356209504,standard,229,414869554,False,42.8,False,27.981651376146786,33.361134278565466,55.37948290241869,50.0417014178482,50.0417014178482,50.0417014178482,2,SVAG,-8,UPPTREND,False,4,0.5714285714285714,MEDEL,EJ AKTUELL,-0.4,0.75,SUSPICIOUS_FWD_PE;,2026-07-02,0,True
6383.T,"Daifuku Co., Ltd.",Industrials,Specialty Industrial Machinery,Japan,JPY,2633905734343.0,3.7987915000000037,18.075461874999995,5.4766,1.8276569499999993,3.912644,3.63,2.046624999999998,,,0.001385002499999996,0.026942496999999996,-0.09819503499999999,0.017,0.088,0.156,-13.321249999999997,0.5655000000000001,2.361,,251888992256.0,61326000128.0,2443355619328.0,754211000000.0,,660724000000.0,,,101443000000.0,,78096000000.0,116129000000.0,1.14,0.3852,82.0,1.35,46.0,1782691200.0,1.04,7857.0,3544.051948407048,7163.0,7413.3335,1.66667,15.0,,,0.06687,0.62241,False,False,,0.5,1852341.0,1370250.0,1.11,,,,,,0.4298,74.5,,,True,0.7115675153549944,,1.0,Japan,True,,48.97579143389199,,62.60862745085184,46.19754951526911,15.27001862197393,67.41071428571429,,50.0,,50.0,50.340615143190504,standard,230,60949731,False,37.0,False,27.981651376146786,12.593828190158465,37.53127606338615,50.0417014178482,50.0417014178482,50.0417014178482,3,SVAG,-8,UPPTREND,False,2,0.2857142857142857,LÅG,EJ AKTUELL,3.9,0.75,,2026-07-02,0,True
VRT,Vertiv Holdings Co,Industrials,Electrical Equipment & Parts,United States,USD,116749879312.02832,40.655379999999994,9.508681499999996,1.5237,20.559824,10.766907,10.837,27.174249999999997,0.23287875375,0.04517249375,0.03373624749999997,0.023312484999999987,-0.12447499000000001,0.24,1.289,1.371,-3.7695000000000043,0.12625000000000003,1.057,572714368.0,2500499968.0,3264900096.0,117514272768.0,12212400000.0,,10229900000.0,,,1896200000.0,,1332800000.0,2113800000.0,0.08,0.050300002,0.25,0.07,0.063,1781481600.0,2.037,379.8559491193527,109.93889200565019,303.95001220703125,378.30768,1.48148,26.0,2.43,0.039100002,0.00232,0.85802,False,False,,0.263,6120071.0,8027800.0,0.36,-9.71,14.52,,,-20.46,0.7013,50.3,-7.81,,True,0.35669972707917846,,1.0,US,True,47.51445902101847,65.02752087615897,31.975560081466398,91.78172873965794,24.127665989973124,44.6927374301676,33.214285714285715,57.793764988009585,50.0,47.05882352941176,26.3,50.29830942890175,standard,231,2440049908,False,46.0,False,65.8882402001668,35.696413678065056,11.175979983319433,50.0417014178482,50.0417014178482,50.0417014178482,5,NEUTRAL,0,VARNING,False,2,0.2857142857142857,LÅG,EJ AKTUELL,11.4,0.875,,2026-07-02,0,True
BAM.TO,Brookfield Asset Management Ltd.,Financial Services,Asset Management,United States,CAD,100931523985.66785,5.362058999999999,5.546359875000001,1.484,5.7969284750000005,19.89217,20.978,23.000749999999996,0.0775725125,0.09415499999999999,0.254344995,0.29162124999999994,0.32913999,0.177,-0.07150000000000001,0.062,-23.369,-1.081,1.017,2360777152.0,1096000000.0,2963000064.0,106442866688.0,17047000000.0,,4608000000.0,,,3034000000.0,,2485000000.0,2101000000.0,4.38,1.1635,2.77,,0.692,1780012800.0,1.247,84.9810356157001,57.49526220527826,63.209999084472656,81.574615,2.23529,5.0,3.12,0.0247,0.03568,0.89627,False,False,,0.5,1889592.0,1472290.0,0.8601554825421985,-5.51,6.56,-11.76,,-0.2561869995286957,0.2895999316084492,46.468379661878394,-0.034773778380562836,-0.08071199212998281,False,0.1437797251651922,,0.707,Canada,True,64.44404657269658,88.54645045185231,44.2692421928038,52.523756559164596,30.42652347344342,48.23091247672253,29.017857142857146,80.81534772182253,50.0,64.91596638655463,50.0,50.29610124690658,holding,232,65624985,False,47.7,False,76.2301918265221,38.28190158465388,2.543786488740617,50.0417014178482,50.0417014178482,50.0417014178482,7,STARK,8,NEDTREND,True,2,0.2857142857142857,LÅG,EJ AKTUELL,8.4,0.875,,2026-07-02,0,True
TRENT.NS,Trent Limited,Consumer Cyclical,Apparel Retail,India,INR,1714981700439.4666,57.0885555,34.94805675,,17.881873075,8.538427,8.631,23.645625000000003,0.10003250999999999,0.057359999999999994,-0.0033387425000000123,-0.0026412674999999747,-0.013569999999999999,0.11850000000000001,0.14700000000000002,0.258,-13.859749999999996,-0.01200000000000001,0.498,-4099756032.0,9288899584.0,25612500992.0,1732534599680.0,117285800000.0,,198501100000.0,,,23782200000.0,,17196500000.0,26676200000.0,0.12,0.1034,4.0,0.09,4.0,1781222400.0,0.349,6251.7619882765375,2180.44477277369,3216.199951171875,3212.0405,1.92,25.0,,,0.43422002,0.3064,False,False,,0.5,1829725.0,2354392.0,0.7817890489269328,13.72,43.55,-23.43,,-0.4855530397345621,0.4717183299002698,75.91251227413744,0.128034458251449,-0.06494429787093559,True,0.8618824766702489,,0.602,India,True,38.321234415182786,60.86877088031065,52.95077011201629,62.054223721380396,52.24359231478882,18.435754189944134,34.017857142857146,43.884892086330936,50.0,,50.0,50.27559742385163,standard,233,79388094,False,34.0,False,27.981651376146786,14.929107589658047,14.762301918265223,50.0417014178482,50.0417014178482,50.0417014178482,4,NEUTRAL,0,NEDTREND,True,2,0.2857142857142857,LÅG,EJ AKTUELL,-1.8,0.875,,2026-07-02,0,True
JPM,JPMorgan Chase & Co.,Financial Services,Banks - Diversified,United States,USD,881693199384.0204,-6.279545000000004,-3.744163000000002,1.7467,-4.7018027500000015,5.080077,3.691,,-0.037768731249999986,-0.018557501250000004,0.08166374249999998,0.06274001000000004,-0.49598498999999996,0.066,0.044499999999999984,0.126,,,,,1582246002688.0,1321104965632.0,640597229568.0,4424900000000.0,,181847000000.0,,,,,57048000000.0,-147782000000.0,1.82,0.2824,6.0,2.39,1.5,1783296000.0,1.0,343.45001220703125,276.28718720828704,329.04998779296875,342.90475,2.16667,21.0,3.44,0.0113,0.0038299998,0.75653,False,False,,0.438,9022939.0,11222170.0,0.23,10.8,13.73,,,-0.53,0.2436,67.1,6.64,,True,0.7116943353934098,,0.727,US,True,,40.39522446297274,54.27698574338086,56.0257744361854,59.0397893709025,20.670391061452513,67.41071428571429,,50.0,89.49579831932773,43.8,50.253452495991894,standard,234,3692654902,False,36.4,False,27.981651376146786,17.347789824854047,28.77397831526272,50.0417014178482,50.0417014178482,50.0417014178482,1,SVAG,-8,UPPTREND,False,1,0.14285714285714285,LÅG,EJ AKTUELL,-4.1,0.75,SUSPICIOUS_FWD_PE;,2026-07-02,0,True
WELL,Welltower Inc.,Real Estate,REIT - Healthcare Facilities,United States,USD,160475533211.06796,73.67596375,38.61007975000001,3.66,-3.1279093000000016,13.637908,15.033,35.15225,-0.09733124625,-0.0330399997,-0.1440187575,-0.20348250500000004,-0.09727501,0.326,1.3435,1.825,-52.54150000000001,1.05075,1.237,1208177152.0,4703775232.0,19987095552.0,176894443520.0,67303047000.0,,10667136000.0,,,355168000.0,,936845000.0,2881677000.0,1.3,1.3961,2.96,2.48,0.74,1778630400.0,0.78,228.52999877929688,146.7138523620546,227.3300018310547,235.4762,1.66667,21.0,4.73,0.0299,0.00062,1.02579,False,False,,0.498,3355836.0,4236540.0,0.21,17.49,16.29,,,0.0,0.2494,78.3,9.9,,True,1.0114584460274778,,0.693,US,True,48.099873042742274,17.730278250074218,77.85132382892057,83.34081185107017,69.59650076998587,37.61638733705773,29.017857142857146,61.15107913669065,50.0,58.40336134453782,49.8,50.17684623369654,standard,235,963092646,False,45.3,False,67.38949124270225,30.525437864887405,8.757297748123436,50.0417014178482,50.0417014178482,50.0417014178482,4,NEUTRAL,0,UPPTREND,False,3,0.42857142857142855,LÅG,EJ AKTUELL,2.6,0.875,,2026-07-02,0,True
TXRH,"Texas Roadhouse, Inc.",Consumer Cyclical,Restaurants,United States,USD,12921784772.14096,-0.30351600000000367,3.801978749999999,2.5364,0.44752939999999963,2.1310444,2.273,-0.9667499999999998,0.07717876374999996,0.013252498749999994,-0.01945875500000003,-0.024592499999999996,-0.331735,0.05450000000000001,-0.010999999999999996,0.086,-15.590999999999994,-0.87225,0.34,-1201793456.0,214560992.0,1054270016.0,13782923264.0,3549472000.0,,5878075000.0,,,475089000.0,,405554000.0,730067000.0,1.53,0.445,3.0,1.54,0.75,1780358400.0,0.808,196.86000061035156,153.17223310879282,196.58999633789062,197.95651,2.07143,23.0,2.93,0.050100002,0.00439,1.04505,False,False,,0.758,1214473.0,1449320.0,0.26,12.13,18.78,,,-2.5,0.3265,86.2,11.32,,True,1.101698419104398,,0.284,US,True,,47.025618723252904,54.276985743380855,38.15351246662056,39.037517678144916,84.91620111731844,67.41071428571429,14.148681055155876,50.0,37.39495798319328,75.8,50.17250406203565,standard,236,284921813,False,50.2,False,27.981651376146786,77.23102585487906,60.9674728940784,50.0417014178482,50.0417014178482,50.0417014178482,2,SVAG,-8,UPPTREND,False,1,0.14285714285714285,LÅG,EJ AKTUELL,-3.4,0.875,,2026-07-02,0,True
WMB,"The Williams Companies, Inc.",Energy,Oil & Gas Midstream,United States,USD,95296022569.4233,10.029099999999996,13.125343749999997,2.4153,0.3919769499999992,7.8698506,10.476,4.63125,0.015878758750000006,-0.013969997500000001,0.11378123749999998,0.15422249999999998,0.13907500999999994,0.041499999999999995,-0.03500000000000003,0.252,137.31799999999998,-0.34025,0.623,-1582285584.0,950000000.0,30301999104.0,126853021696.0,58573000000.0,,11950000000.0,,,4408000000.0,,2618000000.0,5898000000.0,2.7,0.8882,2.1,4.55,0.525,1781222400.0,0.601,79.49299040577026,54.103770693977054,77.91999816894531,83.59091,1.58333,22.0,3.66,0.0217,0.00447,0.89088994,False,False,,0.829,6639198.0,8387680.0,0.4,3.03,2.29,,,-7.46,0.2353,54.3,-0.9,,True,1.049044566541524,,0.351,US,True,46.11695259177274,63.77701076716554,28.004073319755598,41.92591151908608,52.10590695052197,48.97579143389199,67.41071428571429,36.21103117505996,50.0,73.10924369747899,92.89999999999999,50.13679373757377,standard,237,653568010,False,37.8,False,27.981651376146786,39.0325271059216,16.263552960800666,50.0417014178482,50.0417014178482,50.0417014178482,1,SVAG,-8,VARNING,False,2,0.2857142857142857,LÅG,EJ AKTUELL,-0.0,0.875,,2026-07-02,0,True
WBC.AX,Westpac Banking Corporation,Financial Services,Banks - Diversified,Australia,AUD,119999842089.28596,-6.670579,-3.96370075,1.25,-1.48560715,5.3891335,11.033,,-0.014039994,-0.0022900000000000004,0.07924251249999997,0.1472125099999999,-0.26982,-0.046,-0.07350000000000001,0.056,,,,,132742995968.0,258104000512.0,245670838272.0,1077544000000.0,,21587000000.0,,,,,6990000000.0,-19767000000.0,4.38,0.7541,1.54,4.99,0.77,1778198400.0,0.73,42.47209761283912,31.138306439398757,35.13999938964844,33.29041,4.0,14.0,,,0.00093999994,0.34081,False,False,,0.5,5396173.0,5693412.0,0.6813152069363727,-3.44,-11.41,-8.71,7.92,-0.17263329657102278,0.215632966373055,53.13091069917532,-0.03690960955472855,-0.07454241824524288,True,0.39071131507363605,,0.5,Australia,True,,52.39223462115977,38.60734856888274,29.727917704870407,75.15152043520715,43.947858472998135,67.41071428571429,,50.0,,50.0,50.12913783251405,standard,238,138531009,False,38.9,False,27.981651376146786,35.19599666388657,27.27272727272727,50.0417014178482,50.0417014178482,50.0417014178482,0,SVAG,-8,NEDTREND,True,2,0.2857142857142857,LÅG,EJ AKTUELL,-14.4,0.875,SUSPICIOUS_FWD_PE;,2026-07-02,0,True
PWR,"Quanta Services, Inc.",Industrials,Engineering & Construction,United States,USD,103221873959.91443,58.644054999999994,16.952349499999997,1.8961,2.471091999999998,3.4268901,3.628,18.95425,-0.08275124625000002,-0.019237501250000004,-0.07330375450000001,-0.097897505,-0.34498498,0.202,0.442,0.529,-11.561500000000006,-0.23274999999999996,1.02,-354858816.0,364760992.0,6319672832.0,109275136000.0,24926901000.0,,28479697000.0,,,1587077000.0,,1028378000.0,2229970000.0,0.06,0.057600003,0.44,0.15,0.11,1782864000.0,1.215,788.75,362.7565646543999,687.8699951171875,761.3531,1.6,26.0,3.35,0.0291,0.00648,0.95209,False,False,,0.283,1235595.0,1843170.0,4.149157625764188,-6.24,26.09,58.13,,-0.12789857988312203,0.38389977690859206,48.62514453252132,-0.022570389002390945,0.2935312843974973,False,0.291213776009073,,0.964,US,True,38.807252840261725,21.565675775907128,83.59772785132382,81.72780808908387,34.62631240332771,47.299813780260706,24.107142857142858,42.44604316546763,50.0,59.66386554621849,28.299999999999997,50.127756882699096,standard,239,1267861339,False,49.6,False,59.966638865721436,37.61467889908257,42.86905754795663,50.0417014178482,50.0417014178482,50.0417014178482,4,NEUTRAL,0,VARNING,False,2,0.2857142857142857,LÅG,EJ AKTUELL,9.3,0.875,,2026-07-02,0,True
U11.SI,United Overseas Bank Limited,Financial Services,Banks - Regional,Singapore,SGD,65735628581.69182,-0.2969704999999996,-3.7979179999999992,1.0228,-0.4330791749999998,5.658085,4.014,,-0.040005000000000006,,-0.10938624000000001,-0.028384999999999994,0.0,-0.105,,-0.036,,,,,78316003328.0,56228999168.0,46639251456.0,572061000000.0,,13807000000.0,,,,,4682000000.0,1318000000.0,3.57,0.6436,1.42,4.65,0.71,1776988800.0,0.377,40.06999969482422,32.61022795121959,39.79999923706055,39.06714,2.66667,14.0,,,0.21757,0.28226998,False,False,,0.5,3020250.0,3171210.0,0.96,,,,,,0.1609,74.0,,,True,0.8143030733719516,,0.73,Singapore,True,,35.45558712021206,,31.816175744048916,90.18778769702887,57.54189944134078,67.41071428571429,,50.0,,50.0,50.1170643866573,standard,240,97710902,False,40.3,False,27.981651376146786,46.45537948290242,25.18765638031693,50.0417014178482,50.0417014178482,50.0417014178482,1,SVAG,-8,UPPTREND,False,2,0.2857142857142857,LÅG,EJ AKTUELL,-9.6,0.75,EXTREME_EARNINGS_GROWTH;SUSPICIOUS_FWD_PE;,2026-07-02,0,True
BLND.L,British Land Company PLC,Real Estate,REIT - Diversified,United Kingdom,GBp,5517269834396.157,-17.76569425,-8.397089249999999,5.86,-1.4629797899999997,6.9713154,11.59,1.2124999999999995,-0.0008212562500000027,-0.007772498750000002,0.45533744499999995,0.164669985,0.28679000000000004,0.01200000000000001,-0.20950000000000002,0.031,-35.73725000000001,-0.4932499999999998,0.277,-250806256.0,202000000.0,3150000128.0,7139561472.0,9360000000.0,,523000000.0,,,300000000.0,,454000000.0,,5.52,0.5051,0.23,5.42,0.108,1781740800.0,1.181,5483.192346572876,4031.491744766469,5385.798023654788,453.625,2.17647,16.0,,,0.00273,0.92728996,False,False,,0.5,5454961.0,6865130.0,0.43,4.84,14.55,5.21,,-1.48,0.2784,50.1,5.19,,True,0.898661879735897,,0.5,UK,True,44.47160823377497,70.51428871002581,51.87303759334691,30.861004097487506,39.575491041842646,12.104283054003725,67.41071428571429,24.940047961630697,50.0,,50.0,50.07498265790982,standard,241,36974203586,False,33.7,False,27.981651376146786,8.924103419516264,19.09924937447873,50.0417014178482,50.0417014178482,50.0417014178482,4,NEUTRAL,0,UPPTREND,False,2,0.2857142857142857,LÅG,EJ AKTUELL,-0.3,0.875,SUSPICIOUS_FWD_PE;,2026-07-02,0,True
GJF.OL,Gjensidige Forsikring ASA,Financial Services,Insurance - Property & Casualty,Norway,NOK,133290439842.93887,3.8579784999999998,1.2887186250000005,1.62,3.3228049499999996,2.8442576,1.223,-5.971249999999997,0.11149500499999998,0.003370000000000005,-0.11785250500000002,-0.254687475,-0.07672003,-0.0020000000000000018,0.16449999999999998,0.291,-33.464125,8.150000000000002,9.732,10090814848.0,81469399040.0,5348700160.0,57292881920.0,191899400000.0,,44936300000.0,,,,,6556100000.0,,3.75,0.7675,10.0,4.06,14.5,1774569600.0,0.194,285.9179780691262,237.60443667012444,266.6000061035156,289.82858,2.15385,14.0,,,0.62277,0.26951,False,False,,0.5,381372.0,342100.0,0.9,9.92,10.01,,,-4.28,0.2014,71.1,5.62,,True,0.7602476236272456,,0.324,Nordic,True,,39.05113313258523,40.52953156822811,44.70553548516873,94.18921047963023,41.340782122905026,67.41071428571429,99.04076738609112,50.0,,50.0,50.06979310137011,standard,242,9262444,False,58.7,False,93.57798165137615,33.19432860717264,52.12677231025855,50.0417014178482,50.0417014178482,50.0417014178482,7,STARK,8,UPPTREND,False,2,0.2857142857142857,LÅG,EJ AKTUELL,9.1,0.875,SUSPICIOUS_FWD_PE;,2026-07-02,0,True
0005.HK,HSBC Holdings plc,Financial Services,Banks - Diversified,United Kingdom,HKD,2532790491556.318,3.4616595000000006,1.022053249999999,0.92,0.06531267499999993,39.715096,33.653,,0.0011849949999999942,-0.0022699999999999977,0.05886000000000002,0.10469253499999995,-0.36668998,-0.027999999999999997,-0.1015,0.003,,,,,1162820976640.0,773452988416.0,2146205827072.0,3233034000000.0,,71020000000.0,,,,,22285000000.0,29766000000.0,3.97,0.6191,5.86,5.04,0.783188,1778716800.0,0.579,150.5,89.94195982278508,147.6999969482422,163.05176,,10.0,,,0.00208,0.52632,False,False,,0.5,15457984.0,15620715.0,1.19,,,,,,0.3266,86.6,,,True,0.6694247030988151,,1.0,Asia,True,,50.945738643092874,,44.8390051102557,61.86758962198354,15.64245810055866,67.41071428571429,,50.0,,50.0,50.05804230732393,standard,243,294193029,False,31.8,False,27.981651376146786,12.760633861551293,2.543786488740617,50.0417014178482,50.0417014178482,50.0417014178482,1,SVAG,-8,UPPTREND,False,2,0.2857142857142857,LÅG,EJ AKTUELL,1.9,0.75,SUSPICIOUS_FWD_PE;,2026-07-02,0,True
APPF,"AppFolio, Inc.",Technology,Software - Application,United States,USD,3739859226.4539185,0.12949399999999933,-5.686559500000001,7.45,1.3330837999999998,5.529,5.414,5.8782499999999995,0.11333625374999998,0.10999250874999997,0.039136247499999985,0.047617494999999996,0.14150504000000003,0.07799999999999999,0.16999999999999998,0.352,-46.61450000000001,1.8447500000000003,2.944,-1214423328.0,151652992.0,36979000.0,5388528128.0,688967000.0,,950822000.0,,,152917000.0,,140923000.0,242105000.0,,0.0,,,,,0.793,326.0400085449219,142.55999755859375,155.63999938964844,224.25,1.33333,8.0,6.95,0.1086,0.047119997,0.92507005,False,False,,0.78,364580.0,407820.0,1.0238048202291585,-4.53,-1.88,-33.86,,-0.5226352738602498,0.44694715455315986,40.510582352963795,-0.034058686260993176,-0.23210771034031075,False,0.40074626757714876,,0.727,US,True,22.36183903555888,75.04983490656426,27.677359131025117,65.731671186603,56.66726882613926,95.34450651769087,11.696428571428571,4.796163069544365,50.0,16.386554621848738,78.0,50.05473620548365,standard,244,63473105,False,47.1,False,27.981651376146786,91.15929941618015,26.188490408673893,50.0417014178482,50.0417014178482,50.0417014178482,5,NEUTRAL,0,NEDTREND,True,2,0.2857142857142857,LÅG,EJ AKTUELL,-2.0,0.875,SUSPICIOUS_FWD_PE;,2026-07-02,0,True
DLR,"Digital Realty Trust, Inc.",Real Estate,REIT - Specialty,United States,USD,67821371510.0,15.184493749999998,38.33730975,13.0139,-3.911377300000001,10.9337015,13.869,6.2802500000000006,-0.07710124625,-0.027930000000000003,-0.04540875250000001,-0.21196250500000002,0.057444969999999984,0.11000000000000001,0.4405,0.63,-20.435500000000008,0.6317500000000003,1.119,1885966080.0,2464262912.0,19452149760.0,87569211392.0,49410468000.0,,6112692000.0,,,922135000.0,,1308589000.0,2412136000.0,2.53,1.2944,4.88,3.4,1.22,1781481600.0,1.046,206.7614403055562,144.27911912668085,193.0,219.31033,1.71875,29.0,0.01,0.0001,0.00013,1.00719,False,False,,0.688,2291204.0,3304180.0,0.38,-4.2,-3.25,,,-13.79,0.2517,41.8,-8.07,,True,0.8049593695353685,,1.0,US,True,73.84995171283788,27.356379569896898,16.90427698574338,82.02257132476963,60.49466078615785,57.35567970204841,29.017857142857146,80.0959232613909,50.0,97.26890756302521,68.8,50.04312381844179,standard,246,637706740,False,52.1,False,84.1534612176814,46.121768140116764,11.092577147623018,50.0417014178482,50.0417014178482,50.0417014178482,4,NEUTRAL,0,VARNING,False,3,0.42857142857142855,LÅG,EJ AKTUELL,3.8,0.875,,2026-07-02,0,True
FIX,"Comfort Systems USA, Inc.",Industrials,Engineering & Construction,United States,USD,65239166443.223145,17.768295,9.8578475,0.8862,92.07913799999999,6.4365807,6.681,16.861249999999995,0.31484875375,0.10633250875,0.010746247499999986,-0.061487505,-0.24470499,-0.051,0.32,0.382,-35.1935,-0.12774999999999997,1.183,-292182016.0,70540000.0,303920992.0,67717619712.0,6441169000.0,,9101641000.0,,,1312615000.0,,1022558000.0,1186356000.0,0.14,0.065,2.6,0.38,0.8,1778803200.0,1.67,2073.1775510595326,508.8586743438568,1854.22998046875,2048.1667,,6.0,1.73,0.025799999,0.011770001,0.96505,False,False,,0.382,444795.0,603730.0,0.42,-0.85,30.76,,,-9.64,0.5579,56.7,-0.78,,True,0.3878840418704054,,1.0,US,True,39.22176286120424,59.03050343886899,52.64765784114053,65.58378521519892,23.55092143869318,57.72811918063314,34.55357142857143,41.48681055155875,50.0,63.4453781512605,38.2,49.86578369218791,standard,248,1119454266,False,48.1,False,61.46788990825688,46.705587989991656,21.184320266889074,50.0417014178482,50.0417014178482,50.0417014178482,5,NEUTRAL,0,VARNING,False,1,0.14285714285714285,LÅG,EJ AKTUELL,8.2,0.875,,2026-07-02,0,True
2388.HK,BOC Hong Kong (Holdings) Limited,Financial Services,Banks - Regional,Hong Kong,HKD,481695883438.4642,-0.12903650000000066,1.570442249999999,2.5266,-0.4431376250000001,7.008729,-0.765,,0.0018049999999999872,0.0,0.29284999999999994,0.289262535,-0.36668998,-0.088,-0.1395,-0.012,,,,,689727012864.0,150518005760.0,-52566130688.0,4489809000000.0,,88921000000.0,,,,,40121000000.0,-87083000000.0,7.78,0.6032,3.54,5.59,1.255,1782691200.0,0.227,49.36000061035156,32.79989332311293,45.560001373291016,48.31583,,12.0,,,0.0,0.76848,False,False,,0.5,12669351.0,15146558.0,1.67,-9.7,5.93,,,-10.95,0.2352,27.8,-5.77,,False,-0.07694640382447424,,0.5,Asia,True,,60.93665985155682,27.59674134419552,22.20014267327794,86.46690612358766,24.581005586592177,67.41071428571429,,50.0,,50.0,49.85749074712752,standard,249,87993109,False,35.4,False,27.981651376146786,20.18348623853211,18.932443703085905,50.0417014178482,50.0417014178482,50.0417014178482,1,SVAG,-8,VARNING,False,3,0.42857142857142855,LÅG,EJ AKTUELL,-7.6,0.75,SUSPICIOUS_FWD_PE;,2026-07-02,0,True
NET,"Cloudflare, Inc.",Technology,Software - Infrastructure,United States,USD,76197891782.48099,,126.13613349999999,2.38,44.5466123,36.161507,35.737,-2317.1047499999995,-0.27140374624999997,-0.10194750225000002,-0.1507937495,-0.24282249500000003,0.23728506000000002,0.20900000000000002,,,176.3805,0.27775,1.895,-637037312.0,4163877888.0,3524536064.0,83216990208.0,6036256000.0,,2167937000.0,,,-207205000.0,,-102267000.0,603114000.0,,0.0,,,,,1.674,276.81500244140625,158.8300018310547,237.24000549316406,243.1129,1.97059,31.0,2.24,0.031600002,0.0065499996,0.89607,False,False,,0.6,4421087.0,3318140.0,0.38,-8.42,21.55,,,-8.42,0.75,72.2,11.06,,False,0.4772482211302329,,0.969,US,True,,21.966213785145264,49.490835030549896,86.35657514450867,24.95388561890599,54.56238361266295,11.696428571428571,39.08872901678657,50.0,54.621848739495796,60.0,49.77203599571283,standard,250,787195552,False,36.4,False,27.981651376146786,43.45287739783152,2.543786488740617,50.0417014178482,50.0417014178482,50.0417014178482,1,SVAG,-8,UPPTREND,False,1,0.14285714285714285,LÅG,EJ AKTUELL,7.0,0.75,EXTREME_EARNINGS_GROWTH;,2026-07-02,0,True
105560.KS,KB Financial Group Inc.,Financial Services,Banks - Regional,South Korea,KRW,52954878686200.0,,-1.4308977500000006,0.74,,3.2136276,5.3,,-0.015015005000000014,-0.0019199995999999997,0.07491999999999999,0.204992535,-0.36668998,0.091,0.04050000000000001,0.115,,,,,139533874102272.0,172020872511488.0,87337581150208.0,797923033000000.0,,21231552000000.0,,,,,5833162000000.0,4226378000000.0,3.08,0.273,4598.0,4.78,1143.0,1778112000.0,0.683,182700.0,102488.86860259433,149300.0,195900.0,1.4,20.0,,,0.026719999,0.62799,False,False,,0.5,1320331.0,1463072.0,1.56,,,,,,0.462,46.9,,,False,0.20216445739467845,,0.987,Asia,True,,52.52314530992779,,64.07542888382524,45.67617519877249,2.97951582867784,67.41071428571429,,50.0,,50.0,49.69810108259406,standard,251,159458754,False,36.7,False,27.981651376146786,2.543786488740617,45.20433694745621,50.0417014178482,50.0417014178482,50.0417014178482,3,SVAG,-8,UPPTREND,False,2,0.2857142857142857,LÅG,EJ AKTUELL,-5.0,0.5,SUSPICIOUS_FWD_PE;,2026-07-02,0,True
HD,"The Home Depot, Inc.",Consumer Cyclical,Home Improvement Retail,United States,USD,347854111076.3186,-6.898180000000005,-0.22445925000000244,1.9669,16.985811399999996,2.0880601,2.461,-4.183750000000002,1.0717587637500001,0.048532498749999986,-0.00383875500000002,0.005057500000000013,-0.16471501,-0.025499999999999995,-0.154,-0.042,375.23400000000004,-0.28625000000000006,0.231,8736214272.0,1600999936.0,63730999296.0,409984139264.0,105095000000.0,,164683000000.0,,,20890000000.0,,14156000000.0,16325000000.0,2.67,0.65550005,9.32,2.37,2.33,1780531200.0,0.974,418.0559748917175,286.94770281038166,348.8599853515625,370.34375,1.94444,32.0,2.61,0.0150999995,0.00068000006,0.76094,False,False,,0.636,4789125.0,6079650.0,1.4365247581219895,10.58,7.02,2.57,,-0.16551848005061465,0.24684969658113357,72.68829591906868,0.08657689396598522,-0.008973808877811407,True,0.9818782585727798,,0.52,US,True,,62.269695895188555,54.31039969450102,28.962156111491062,39.56767894419638,28.305400372439475,67.41071428571429,79.85611510791367,50.0,83.61344537815127,63.6,49.69398580885281,standard,252,2120946610,False,54.8,False,78.56547122602169,22.85237698081735,61.55129274395329,50.0417014178482,50.0417014178482,50.0417014178482,3,SVAG,-8,NEDTREND,True,2,0.2857142857142857,LÅG,EJ AKTUELL,1.2,0.875,SUSPICIOUS_FWD_PE;,2026-07-02,0,True
WN.TO,George Weston Limited,Consumer Defensive,Grocery Stores,Canada,CAD,39385976617.84625,8.35062,0.7508536250000009,1.2777,4.961099425,0.6050445,1.02,-4.306000000000001,0.0010299875000000062,-0.002862499000000001,-0.062282500000000005,-0.030101255,-0.06167001,0.006999999999999999,0.244,0.247,82.03275000000002,-0.45399999999999996,0.199,4333027008.0,1238000000.0,20039999488.0,66376978432.0,52167000000.0,,64511000000.0,,,5100000000.0,,1142000000.0,6262000000.0,1.23,0.4414,1.29,1.5,0.322,1781481600.0,0.508,105.84131040213563,81.99840118981479,104.45999908447266,107.875,,8.0,2.31,,0.59836,0.14923,False,False,,0.5,357862.0,394900.0,0.73,5.37,3.34,8.18,,-2.85,0.2209,39.7,3.06,,False,0.7224086711542869,,0.352,Canada,True,,40.99879475159176,43.088615919891375,46.605688929844376,56.827081180195236,68.71508379888269,67.41071428571429,95.20383693045564,50.0,,50.0,49.69191613874582,standard,253,29088895,False,69.1,False,97.5396163469558,58.215179316096744,89.90825688073394,50.0417014178482,50.0417014178482,50.0417014178482,6,NEUTRAL,0,UPPTREND,False,1,0.14285714285714285,LÅG,EJ AKTUELL,3.8,0.875,SUSPICIOUS_FWD_PE;,2026-07-02,0,True
STAG,"STAG Industrial, Inc.",Real Estate,REIT - Industrial,United States,USD,7537302917.993088,-5.5871562500000005,15.747791749999996,19.49,-4.792213800000001,8.908088,12.527,-6.905749999999999,-0.06483124625,-0.011290002,0.01897124749999997,-0.009202505000000007,0.30088501,0.034,-0.5825,-0.322,-8.87950000000001,1.0287500000000003,0.901,-934721952.0,24434000.0,3229938944.0,10821365760.0,7208069000.0,,845184000.0,,,319629000.0,,273519000.0,463388000.0,3.93,1.1667,1.55,4.03,0.388,1782777600.0,0.982,39.9900016784668,32.80676923496617,39.41999816894531,41.54545,2.45455,11.0,4.96,0.0404,0.00133,0.96344,False,False,,0.849,1246550.0,1683900.0,0.31,6.75,7.72,,,-2.21,0.2063,58.4,1.86,,True,0.9090438801598257,,0.944,US,True,,50.02141428554978,41.75152749490835,37.01829808628286,69.27862816797246,90.5027932960894,29.017857142857146,14.388489208633093,50.0,45.79831932773109,94.89999999999999,49.68674973805625,standard,254,66379335,False,44.4,False,27.981651376146786,85.4045037531276,14.011676396997498,50.0417014178482,50.0417014178482,50.0417014178482,3,SVAG,-8,UPPTREND,False,1,0.14285714285714285,LÅG,EJ AKTUELL,-3.3,0.875,,2026-07-02,0,True
ADSK,"Autodesk, Inc.",Technology,Software - Application,United States,USD,41439365801.404495,-8.276556000000001,-10.850595500000003,0.7525,2.615259299999999,5.520097,5.49,-4.285750000000004,0.29131625375000003,0.03783249375,0.08133625749999997,0.14931749499999997,0.4283550100000001,0.057999999999999996,2.112,2.23,30.940499999999993,-0.84325,0.669,1668964352.0,2924000000.0,2724000000.0,41210859520.0,12467000000.0,,7206000000.0,,,1794000000.0,,1124000000.0,2452000000.0,,0.0,,0.48,0.015,1111449600.0,1.295,329.0899963378906,185.5,196.25999450683594,318.53183,1.38235,33.0,2.67,0.0394,0.00223,0.97545,False,False,,0.1,2525388.0,4508550.0,0.21,-14.52,-14.96,,,-31.14,0.41,35.4,-10.52,,False,0.3075223264720988,,0.919,US,True,,83.57446913114418,3.513238289205703,83.07936297247248,32.75939703805724,68.15642458100558,11.696428571428571,91.84652278177458,50.0,46.63865546218487,10.0,49.68048837211577,standard,255,884847998,False,57.9,False,90.99249374478731,57.54795663052544,26.35529608006672,50.0417014178482,50.0417014178482,50.0417014178482,7,STARK,8,VARNING,False,2,0.2857142857142857,LÅG,EJ AKTUELL,14.7,0.875,SUSPICIOUS_FWD_PE;,2026-07-02,0,True
WWD,"Woodward, Inc.",Industrials,Aerospace & Defense,United States,USD,25717154173.88806,16.101155000000002,15.2682065,2.7391,1.2437099999999992,6.4329357,6.6,14.361249999999997,-0.0067812462500000045,0.013732498750000002,0.018536247499999978,0.013732484999999982,-0.21053499000000003,0.17300000000000001,0.162,0.23,-34.5275,0.36425,1.142,-1201492464.0,497568992.0,1165618944.0,26385205248.0,4630143000.0,,3567064000.0,,,478901000.0,,442111000.0,471294000.0,0.3,0.1389,1.28,0.58,0.32,1787184000.0,0.891,450.9200134277344,232.65901851922013,431.6199951171875,437.0909,,11.0,2.12,0.0293,0.00248,0.90882003,False,False,,0.499,812020.0,1136280.0,0.34,18.57,11.73,,,-4.91,0.4127,64.5,9.64,,True,0.7797727947708545,,1.0,US,True,27.58933124993218,49.51828149687235,42.15885947046843,75.04353261067543,49.568563962905785,75.23277467411546,67.41071428571429,22.54196642685851,50.0,59.2436974789916,49.9,49.66104041577166,standard,257,490441168,False,42.5,False,27.981651376146786,65.22101751459549,21.267723102585485,50.0417014178482,50.0417014178482,50.0417014178482,3,SVAG,-8,UPPTREND,False,2,0.2857142857142857,LÅG,EJ AKTUELL,1.3,0.875,,2026-07-02,0,True
STAN.L,Standard Chartered PLC,Financial Services,Banks - Diversified,United Kingdom,GBp,56882682617457.83,0.0010989999999981848,-0.27920300000000076,1.0188,-1.1610696999999999,2.1378205,-7.241,,-0.04617874625,-0.019649999600000002,-0.015230019999999955,-0.01406750000000001,-0.47457,0.024999999999999994,0.1795,0.195,,,,,386666987520.0,189356998656.0,-149954560000.0,919955000000.0,,20553000000.0,,,,,5085000000.0,36841000000.0,2.23,0.2969,0.45,2.18,0.49,1773878400.0,0.613,29276.17221069336,15119.024779329597,26158.12131881714,2182.6367,2.21429,14.0,,,0.01208,0.73856,False,False,,0.5,8171673.0,7859313.0,0.38,6.88,29.65,13.37,,0.0,0.3565,75.3,8.07,,True,0.7341134939337322,,0.792,UK,True,,28.665403324652704,81.75889977936185,59.31668381808893,57.34115636769424,2.793296089385475,67.41071428571429,,50.0,,50.0,49.594499845116076,standard,258,205584862937,False,39.0,False,27.981651376146786,2.543786488740617,60.71726438698916,50.0417014178482,50.0417014178482,50.0417014178482,1,SVAG,-8,UPPTREND,False,2,0.2857142857142857,LÅG,EJ AKTUELL,-1.1,0.75,SUSPICIOUS_FWD_PE;,2026-07-02,0,True
MAA,"Mid-America Apartment Communities, Inc.",Real Estate,REIT - Residential,United States,USD,16377669479.511292,6.368299749999997,7.127144749999998,7.03,-3.9311145000000014,7.5858235,10.0,-6.177750000000001,-0.06687124625000002,-0.008600000000000003,-0.08763875250000003,-0.11820250499999999,0.08898500999999998,-0.048999999999999995,-0.5505,-0.315,2.797499999999996,-0.5192499999999998,0.044,-482953088.0,71529000.0,5680351232.0,22136172544.0,11975383000.0,,2209126000.0,,,619438000.0,,446909000.0,1078175000.0,4.35,1.8409,6.12,3.5,1.53,1784073600.0,0.744,148.65550627416872,118.84315159765492,140.72000122070312,141.79167,2.44,24.0,3.6,0.03,0.00461,0.97121,False,False,,0.815,980890.0,1094390.0,1.0727456172428833,7.77,16.61,5.74,,-0.05338184405244939,0.191085584672275,57.6004131257882,0.0724302002442323,0.07879846782974709,True,0.8634607592780292,,0.941,US,True,,32.96732492231,66.32775373387643,29.33885556932438,67.5638122199969,82.12290502793296,29.017857142857146,30.215827338129497,50.0,57.98319327731093,91.5,49.56223763309339,standard,259,154002562,False,51.6,False,61.71809841534612,74.31192660550458,16.930775646371977,50.0417014178482,50.0417014178482,50.0417014178482,3,SVAG,-8,UPPTREND,False,2,0.2857142857142857,LÅG,EJ AKTUELL,-8.1,0.875,,2026-07-02,0,True
7167.T,"Mebuki Financial Group,Inc.",Financial Services,Banks - Regional,Japan,JPY,1321012611377.5,-2.0310344999999987,11.227383375,,-1.0164078,3.844131,1.358,,-0.0397074975,-0.013064999700000003,-0.0213475125,-0.01143998800000003,-0.347475025,0.031,1.1155000000000002,1.138,,,,,2456853938176.0,1602583003136.0,466777604096.0,21173586000000.0,,341887000000.0,,,,,84163000000.0,-1119492000000.0,2.84,0.3145,40.0,2.96,20.0,1790640000.0,0.142,1456.5,714.859778013021,1407.5,1506.0,,5.0,,,0.05113,0.4069,False,False,,0.5,2522562.0,2481280.0,1.22,,,,,,0.3701,56.5,,,False,0.6813953627739692,,1.0,Japan,True,,33.41215110200547,,81.86670914429261,69.21275631189845,19.366852886405958,67.41071428571429,,50.0,,50.0,49.54538030458362,standard,260,21687086,False,37.6,False,27.981651376146786,15.763135946622187,38.03169307756464,50.0417014178482,50.0417014178482,50.0417014178482,2,SVAG,-8,UPPTREND,False,3,0.42857142857142855,LÅG,EJ AKTUELL,3.7,0.75,,2026-07-02,0,True
ORCL,Oracle Corporation,Technology,Software - Infrastructure,United States,USD,427836354113.80005,-11.494432000000002,-11.006421500000002,0.8394,2.3618183000000004,6.3517733,8.446,-4.896750000000001,0.3211162537500001,-0.010367501250000008,0.14013624750000003,0.21609749499999997,0.16223501,0.07999999999999999,0.016999999999999987,0.256,334.3915,-0.56325,1.012,-25928785664.0,31893999616.0,167431995392.0,568876335104.0,261759000000.0,,67357000000.0,,,22444000000.0,,17087000000.0,31977000000.0,1.35,0.3431,2.0,1.28,0.5,1783641600.0,1.655,343.01319851338906,134.57000732421875,148.52999877929688,252.6405,1.51163,39.0,1.48,0.0219,0.40482,0.43927,False,False,,0.633,27381426.0,28276010.0,1.1602918756233682,-22.22,4.37,-23.5,,-0.5669845958609689,0.650579461625414,11.104467082726174,-0.21443456748411494,-0.2657550393409701,False,0.09894117187825913,,0.87,US,True,,74.47110286623429,33.132849626612355,63.01939741359278,13.116385529304575,25.69832402234637,67.41071428571429,22.302158273381295,50.0,72.68907563025209,63.3,49.536884143567,standard,262,4199835731,False,35.9,False,27.981651376146786,21.017514595496248,21.76814011676397,50.0417014178482,50.0417014178482,50.0417014178482,4,NEUTRAL,0,NEDTREND,True,3,0.42857142857142855,LÅG,EJ AKTUELL,3.3,0.875,SUSPICIOUS_FWD_PE;,2026-07-02,0,True
EVO.ST,Evolution AB (publ),Consumer Cyclical,Gambling,Sweden,SEK,128658120750.50403,-14.888445500000001,-9.354652625,,26.046981099999996,62.49681,63.208,84.86,0.04902252,0.056020000000000014,0.41829499749999993,0.39737002500000007,0.5483899999999999,-0.0885,-0.094,-0.011,-67.923125,0.2879999999999998,1.746,0.0,1097950976.0,88399000.0,130121408512.0,5521787000.0,,2066540000.0,,,1205639000.0,,1062096000.0,1255217000.0,5.05,0.53330004,30.5,2.46,2.8,1747008000.0,0.721,887.5999755859375,515.4000244140625,658.2000122070312,683.7543,3.1875,17.0,,,0.40673,0.30334,False,False,,0.5,680483.0,901315.0,0.69,-2.75,15.82,,,-6.66,0.3002,34.5,0.39,,False,-0.07340445555378772,,0.36,Nordic,True,36.04869950193691,89.2394041469527,44.29735234215886,19.648778119314105,61.08455381629417,42.45810055865922,67.41071428571429,48.201438848920866,50.0,,50.0,49.48404350889522,standard,263,61345837,False,35.0,False,27.981651376146786,34.02835696413678,2.543786488740617,50.0417014178482,50.0417014178482,50.0417014178482,3,SVAG,-8,UPPTREND,False,3,0.42857142857142855,LÅG,EJ AKTUELL,-7.8,0.875,SUSPICIOUS_FWD_PE;,2026-07-02,0,True
FNV.TO,Franco-Nevada Corporation,Basic Materials,Gold,Canada,CAD,58882651832.11609,0.0,4.742507125,9.18,1.3585017749999997,28.204557,27.955,15.882999999999997,0.06631999749999999,0.076485,0.5577274999999999,0.6542887849999999,0.5368999400000001,0.683,0.8140000000000001,1.234,,3.8419999999999996,5.431,-1384922880.0,714700032.0,0.0,58361057280.0,8241400000.0,,1822800000.0,,,1300900000.0,,1112100000.0,1493700000.0,0.82,0.2225,2.51,0.92,0.613,1781136000.0,0.889,386.7594143923018,208.6072071910075,305.32000732421875,416.2572,1.66667,9.0,1.33,,0.0061799996,0.8542,False,False,,0.5,382139.0,458390.0,0.33,-4.33,-15.03,6.8,,-20.38,0.4294,57.0,-2.46,,True,0.4571026314320681,,0.944,Canada,True,31.30722571264255,91.60572635493291,22.56290308893415,89.28322234035961,58.07180654427115,59.5903165735568,67.41071428571429,29.016786570743403,50.0,,50.0,49.44597675198417,commodity,265,98691663,False,37.2,False,27.981651376146786,48.62385321100918,2.543786488740617,50.0417014178482,50.0417014178482,50.0417014178482,5,NEUTRAL,0,VARNING,False,3,0.42857142857142855,LÅG,EJ AKTUELL,2.5,0.75,,2026-07-02,0,True
TD.TO,The Toronto-Dominion Bank,Financial Services,Banks - Diversified,Canada,CAD,280898229513.3362,-3.1543419999999998,1.0022778749999994,0.91,-1.2649095250000002,4.7465057,2.86,,-0.0272174915,-0.018664999999999994,0.009434994999999998,0.0004412499999999972,-0.38134001,-0.376,-0.7395,-0.618,,,,,637163995136.0,522703994880.0,169274228736.0,2094558000000.0,,61281000000.0,,,,,20538000000.0,-69646000000.0,2.63,0.5,4.48,4.17,1.08,1783641600.0,0.88,171.47999572753906,95.13366069412965,170.02999877929688,160.5,2.07143,14.0,7.69,,0.00044,0.55098,False,False,,0.5,5126640.0,3842600.0,0.49,8.07,28.43,32.18,,-2.08,0.1697,69.7,8.33,,True,0.7875815209295528,,0.931,Canada,True,,35.62121147303567,70.13694416157502,22.166949932373,74.58153159436463,29.7951582867784,67.41071428571429,,50.0,,50.0,49.41464855548456,standard,266,460723960,False,37.8,False,27.981651376146786,23.936613844870724,31.1092577147623,50.0417014178482,50.0417014178482,50.0417014178482,0,SVAG,-8,UPPTREND,False,3,0.42857142857142855,LÅG,EJ AKTUELL,-7.0,0.75,SUSPICIOUS_FWD_PE;,2026-07-02,0,True
DNB.OL,DNB Bank ASA,Financial Services,Banks - Regional,Norway,NOK,420893498958.1765,-6.05917,-3.7824368749999993,5.22,-2.0921784500000014,4.8099365,13.764,,-0.047834995000000005,-0.017179999999999994,0.220137495,0.16964253500000004,-0.45161,-0.078,-0.20450000000000002,-0.093,,,,,672902021120.0,1450560978944.0,1204449574912.0,3695290000000.0,,89445000000.0,,,,,43547000000.0,72590000000.0,6.14,0.601,18.0,5.86,18.0,1776816000.0,0.338,300.29998779296875,241.61848144381588,293.29998779296875,303.47058,3.0,17.0,,,0.45593,0.45469,False,False,,0.5,2051978.0,2299540.0,0.9,3.26,6.53,,,-1.77,0.1753,57.0,2.82,,True,0.7023896570784406,,0.716,Nordic,True,,46.865093222934405,41.34419551934826,27.618909428983862,90.56336309108661,26.0707635009311,67.41071428571429,,50.0,,50.0,49.40283909719057,standard,267,68496030,False,37.3,False,27.981651376146786,21.184320266889074,30.775646371976645,50.0417014178482,50.0417014178482,50.0417014178482,1,SVAG,-8,UPPTREND,False,2,0.2857142857142857,LÅG,EJ AKTUELL,-4.5,0.75,SUSPICIOUS_FWD_PE;,2026-07-02,0,True
WIHL.ST,Wihlborgs Fastigheter AB (publ),Real Estate,Real Estate Services,Sweden,SEK,23502786484.20752,-20.64179375,-13.386534624999998,1.97,-2.3091950700000012,5.17113,12.689,-3.8599999999999994,-0.026067500000000007,-0.006232498749999989,0.24220495999999989,0.23645006000000005,0.26609999999999995,0.03900000000000001,0.035500000000000004,0.271,55.603375,-0.43299999999999994,0.31,479564672.0,290000000.0,34460000256.0,57672794112.0,65897000000.0,,4354000000.0,,,3020000000.0,,2220000000.0,2181000000.0,4.32,0.42110002,3.3,3.36,3.3,1776902400.0,1.18,103.1454377236507,72.21143341064453,76.44999694824219,100.42857,,7.0,,,0.11685,0.51252,False,False,,0.5,475333.0,470694.0,1.25,-6.32,-7.78,,,-17.08,0.2427,38.2,-6.02,,False,0.1671574637914385,,0.0,Nordic,True,,69.14575291888548,10.9979633401222,42.53368113030005,45.86052203593211,77.46741154562383,67.41071428571429,63.549160671462836,50.0,,50.0,49.37898370478292,standard,268,3721061,False,55.7,False,75.22935779816514,67.30608840700583,28.19015846538782,50.0417014178482,50.0417014178482,50.0417014178482,7,STARK,8,VARNING,False,2,0.2857142857142857,LÅG,EJ AKTUELL,10.3,0.875,SUSPICIOUS_FWD_PE;,2026-07-02,0,True
ENR.DE,Siemens Energy AG,Industrials,Specialty Industrial Machinery,Germany,EUR,130962609874.68974,30.3480195,4.061731125,0.6171,7.028490100000001,3.2624836,3.112,14.73525,0.047627485000000004,-0.023902501,-0.056639997,-0.03138751500000002,-0.20701000999999997,-0.027999999999999997,0.7390000000000001,0.765,-26.583999999999996,-0.369,0.584,4063487104.0,11694999552.0,3729999872.0,124906979328.0,56637000000.0,,39077000000.0,,,1569000000.0,,1414000000.0,5821000000.0,0.45,0.2756,0.7,,0.7,1772150400.0,1.9,191.66000366210938,82.96619587932783,153.9199981689453,195.0784,1.8,25.0,,,0.120670006,0.55748004,False,False,,0.5,2688375.0,2804581.0,0.83,3.98,10.77,30.56,,-11.62,0.529,61.0,-1.24,,True,0.36054125052166114,,0.25,Europe,True,73.98450470392916,35.24699875724234,50.25670400543109,50.81649446520728,19.167350643996336,41.71322160148976,67.41071428571429,89.20863309352518,50.0,,50.0,49.286596301756504,standard,269,493744812,False,54.6,False,81.48457047539617,33.444537114261884,44.62051709758132,50.0417014178482,50.0417014178482,50.0417014178482,5,NEUTRAL,0,VARNING,False,2,0.2857142857142857,LÅG,EJ AKTUELL,10.0,0.875,,2026-07-02,0,True
NOVN.SW,Novartis AG,Healthcare,Drug Manufacturers - General,Switzerland,CHF,240953851010.98618,-4.970721499999999,-2.465065125000001,4.1898,3.2801438000000007,4.2587905,4.975,-3.843,0.19057999750000001,0.045297499,0.11186,0.09801748499999999,0.36025,-0.09000000000000001,-0.20600000000000002,-0.125,77.08875,-1.0715000000000001,0.526,11415362176.0,6892000256.0,46997999616.0,281474859008.0,110949000000.0,,56674000000.0,,,17644000000.0,,13984000000.0,19144000000.0,2.93,0.66260004,3.7,3.59,3.7,1773100800.0,0.488,127.13168165418837,88.50694029549845,126.27999877929688,125.427246,2.63636,21.0,,,0.02111,0.46109,False,False,,0.5,2769637.0,3808363.0,0.73,10.11,4.32,,,-1.3,0.1976,59.9,5.82,,True,0.9440511079689223,,0.322,Europe,True,,82.9005307997441,39.91853360488798,13.873281580490284,54.53456436906265,32.21601489757914,67.41071428571429,92.08633093525181,50.0,,50.0,49.211638609205686,standard,270,598501728,False,53.8,False,88.9908256880734,25.43786488740617,35.11259382819016,50.0417014178482,50.0417014178482,50.0417014178482,4,NEUTRAL,0,UPPTREND,False,2,0.2857142857142857,LÅG,EJ AKTUELL,8.8,0.875,SUSPICIOUS_FWD_PE;,2026-07-02,0,True
FER.MC,Ferrovial N.V.,Industrials,Engineering & Construction,Netherlands,EUR,43473823273.71959,19.131706500000007,29.678387125,5.3563,2.113169499999999,4.5158224,5.403,16.44925,-0.042342505,-0.030122501,-0.019829999999999993,-0.026217515000000025,0.47913,-0.003999999999999997,-0.944,-0.877,79.88000000000001,-0.15000000000000002,0.993,-288012896.0,4241999872.0,10732000256.0,52017836032.0,27420000000.0,,9627000000.0,,,967000000.0,,888000000.0,1926000000.0,2.35,0.7493,1.43,2.04,0.5578,1779062400.0,0.796,62.92955387144173,42.95202413099174,60.7400016784668,61.55286,2.28571,21.0,,,0.36086,0.45646,False,False,,0.5,1140968.0,1746016.0,0.6209409239850947,4.04,11.55,10.66,37.31,-0.034793702771959145,0.20756824239101881,69.28252885399971,0.03569453842482995,0.08280677200593889,True,0.7197836005184459,,0.5,Europe,True,39.26115216424146,44.403199774323944,69.92670524803609,17.23995409513192,57.78064280157919,66.4804469273743,67.41071428571429,40.7673860911271,50.0,,50.0,49.15432352130554,standard,271,121300482,False,42.9,False,27.981651376146786,56.04670558798999,32.86071726438699,50.0417014178482,50.0417014178482,50.0417014178482,2,SVAG,-8,UPPTREND,False,2,0.2857142857142857,LÅG,EJ AKTUELL,-2.4,1.0,,2026-07-02,0,True
SHOP.TO,Shopify Inc.,Technology,Software - Application,Canada,CAD,202084572120.6341,75.485686,28.294239374999993,2.1229,5.445077525000001,17.38811,16.938,77.774,-0.04342250249999999,0.026205,0.009357499999999994,0.03247873499999999,0.09835999000000001,0.21700000000000003,,,-30.766499999999997,4.0089999999999995,4.528,699777088.0,5743000064.0,179000000.0,209457364992.0,15189000000.0,,11556000000.0,,,1885000000.0,,1231000000.0,2033000000.0,,0.0,,,,,2.587,253.10000610351562,129.00999450683594,165.6999969482422,189.15492,1.76,4.0,2.44,0.0039,0.0023,0.73792,False,False,,0.5,2040653.0,2117780.0,1.1958282183273672,4.6,6.61,-28.5,,-0.3453180839495026,0.5635623343981699,61.44603488057082,0.05930033988615002,-0.12372275155022106,True,0.9049305488581506,,0.583,Canada,True,41.491910543963016,56.45592410687942,37.14278895112017,66.36130608312689,37.63226704709975,34.82309124767225,11.696428571428571,55.39568345323741,50.0,93.27731092436974,50.0,49.14468187753339,standard,272,247453392,False,42.6,False,60.216847372810676,27.4395329441201,6.0884070058381985,50.0417014178482,50.0417014178482,50.0417014178482,4,NEUTRAL,0,NEDTREND,True,1,0.14285714285714285,LÅG,EJ AKTUELL,2.5,0.875,EXTREME_EARNINGS_GROWTH;,2026-07-02,0,True
TITAN.NS,Titan Company Limited,Consumer Cyclical,Luxury Goods,India,INR,3806577150986.9727,32.3091505,21.27918775,,17.596640075,4.344885,4.652,9.770624999999997,0.20005249,0.013199996000000006,-0.031078744500000012,-0.05098126749999997,-0.24012001000000002,0.7315,0.24,0.354,145.10725,0.0,0.128,-79175145472.0,41659998208.0,306210013184.0,4074371284992.0,605610000000.0,,767970000000.0,,,75290000000.0,,50730000000.0,55900000000.0,0.26,0.19229999,11.0,0.27,11.0,1751932800.0,0.225,4605.0,3303.10009765625,4291.2998046875,5011.189,1.80556,37.0,,,0.58766,0.21929,False,False,,0.5,1217214.0,749039.0,1.7,7.58,7.36,,,-2.81,0.2817,76.4,3.56,,True,0.6321315054197777,,0.744,India,True,36.21168223792007,48.855292447805404,40.224032586558046,74.84784346642577,58.258383032825066,14.152700186219738,67.41071428571429,31.17505995203837,50.0,,50.0,49.14455217384751,standard,273,33699763,False,36.3,False,27.981651376146786,11.092577147623018,34.27856547122602,50.0417014178482,50.0417014178482,50.0417014178482,3,SVAG,-8,UPPTREND,False,2,0.2857142857142857,LÅG,EJ AKTUELL,-1.4,0.875,,2026-07-02,0,True
ATCO-B.ST,Atlas Copco AB (publ),Industrials,Specialty Industrial Machinery,Sweden,SEK,260666297344.0,1.0037294999999986,2.823082125,2.4715,1.3792496999999986,4.9034905,4.993,0.0,0.017462500000000006,0.042040000000000015,0.03863999999999999,0.0046550300000000044,-0.025260000000000005,-0.11199999999999999,-0.12,-0.051,-37.464625,0.18249999999999988,1.185,20583438720.0,20828000256.0,35472998400.0,829561634816.0,202454000000.0,,168343000000.0,,,34811000000.0,,26420000000.0,32566000000.0,1.8,0.5607,3.0,1.61,2.5,1792368000.0,1.069,172.9499969482422,123.33926429669968,167.0,215.0,1.0,1.0,,,0.00016000001,0.54832,False,False,,0.5,1546683.0,1471775.0,0.81,4.19,18.53,,,-2.31,0.2983,62.0,4.78,,True,0.6216061036527509,,0.5,Nordic,True,,60.25858734767409,53.97148676171079,21.234672150951095,51.07288978276561,30.54003724394786,67.41071428571429,83.69304556354916,50.0,,50.0,49.11638507009446,standard,275,25416076,False,54.1,False,93.74478732276897,24.43703085904921,30.108423686405338,50.0417014178482,50.0417014178482,50.0417014178482,4,NEUTRAL,0,UPPTREND,False,2,0.2857142857142857,LÅG,EJ AKTUELL,3.9,0.875,,2026-07-02,0,True
IDXX,"IDEXX Laboratories, Inc.",Healthcare,Diagnostics & Research,United States,USD,43503972845.5,7.935230999999996,11.668886249999995,3.534,19.8752277,9.784761,9.988,9.717,0.5378612562499999,0.19199249875,0.1210762475,0.12062749499999999,0.12454501000000001,0.059999999999999984,0.05899999999999998,0.147,6.845250000000004,-0.8872499999999999,0.691,-605191104.0,200528000.0,1105451008.0,44408897536.0,3350759000.0,,4303702000.0,,,1360031000.0,,1059464000.0,1181805000.0,,0.0,,,,,1.543,769.97998046875,506.9100036621094,551.5,709.1429,,14.0,3.47,0.031,0.00219,0.96175003,False,False,,0.719,618779.0,729860.0,0.33,-2.09,-3.6,,,-24.25,0.3083,46.9,-1.21,,False,0.30701528504272146,,0.911,US,True,39.369011578067855,84.00503483219808,11.507128309572302,60.83285458867627,42.207810824418786,66.29422718808193,11.696428571428571,35.4916067146283,50.0,56.51260504201681,71.89999999999999,49.10501487854725,standard,276,402517790,False,39.8,False,27.981651376146786,55.96330275229357,12.51042535446205,50.0417014178482,50.0417014178482,50.0417014178482,4,NEUTRAL,0,VARNING,False,2,0.2857142857142857,LÅG,EJ AKTUELL,3.3,0.875,,2026-07-02,0,True
NU,Nu Holdings Ltd.,Financial Services,Banks - Regional,Brazil,USD,50561481375.91318,-1.7695600000000038,-6.277144000000002,0.7751,-2.178010350000001,8.431529,7.147,,0.09813125874999998,0.017122498749999993,0.1615437425,0.10764000999999998,-0.49598498999999996,0.376,0.43150000000000005,0.565,,,,,15906660352.0,6147460096.0,54272983040.0,74893877000.0,,10626855000.0,,,,,2868892000.0,3500464000.0,,0.0,,,,,0.952,18.979999542236328,11.199999809265137,13.170000076293945,17.8619,1.57143,21.0,2.3,0.041300002,0.05626,0.88474,False,False,,0.428,52067038.0,52067890.0,0.8498140115081665,1.07,-6.06,-21.42,,-0.30611167576760734,0.37641977581895014,67.24137411295284,-0.005587432637156553,-0.14067036490550655,True,0.8979785373431647,,0.498,US,True,,61.6254640602148,33.0543533604888,66.39774928821906,43.37268098758544,63.128491620111724,11.696428571428571,,50.0,44.537815126050425,42.8,49.07637533435345,standard,277,685734115,False,39.8,False,27.981651376146786,53.377814845704755,15.262718932443702,50.0417014178482,50.0417014178482,50.0417014178482,4,NEUTRAL,0,NEDTREND,True,2,0.2857142857142857,LÅG,EJ AKTUELL,3.8,0.75,SUSPICIOUS_FWD_PE;,2026-07-02,0,True
NWG.L,NatWest Group plc,Financial Services,Banks - Regional,United Kingdom,GBp,67124116617043.89,-3.5899110000000007,-2.1108390000000004,2.6618,-1.2094432999999998,3.2143233,-3.59,,-0.0065287462499999845,-0.017290000000000007,0.09304000000000004,0.04862250000000001,-0.47457,0.013999999999999999,0.028499999999999998,0.121,,,,,248496996352.0,137801007104.0,-58358358016.0,714553000000.0,,16609000000.0,,,,,5831000000.0,7072000000.0,4.95,0.4656,0.33,4.68,0.23,1773878400.0,0.823,8586.764615449572,6128.174155265879,8433.296400932013,748.167,1.83333,18.0,,,0.00063,0.61025,False,False,,0.5,26572002.0,25757836.0,1.55,15.19,22.85,,,-2.06,0.3531,82.8,13.22,,True,0.8676092995251146,,1.0,UK,True,,43.81056305631314,59.47046843177189,59.340853476274106,50.79822848374948,2.2346368715083798,67.41071428571429,,50.0,,50.0,49.01955136936862,standard,279,217223465635,False,36.7,False,27.981651376146786,2.543786488740617,45.120934111759794,50.0417014178482,50.0417014178482,50.0417014178482,1,SVAG,-8,UPPTREND,False,1,0.14285714285714285,LÅG,EJ AKTUELL,0.4,0.75,SUSPICIOUS_FWD_PE;,2026-07-02,0,True
CNA.L,Centrica plc,Utilities,Utilities - Independent Power Producers,United Kingdom,GBp,10188646782593.598,,-2.492651249999999,0.37,0.024484350000000266,0.4068472,0.353,-10.039,-0.12054625125000003,0.14731001000000002,-0.15956999499999996,-0.10553502000000002,-0.08573999999999998,-0.079,29.829,24.571,-70.19525000000002,0.33824999999999994,1.173,3059068848.0,4309000192.0,2856000000.0,6872848896.0,15415000000.0,,19492000000.0,,,771000000.0,,-72000000.0,695000000.0,3.14,0.16610001,0.06,8.77,0.0367,1775692800.0,0.349,2753.7499084721107,1945.6897864053947,2249.649903036043,221.571,2.07143,14.0,,,0.0028400002,0.61057,False,False,,0.5,19948943.0,26931615.0,0.4929061939738679,-5.91,-10.11,7.08,5.51,-0.1830594724252801,0.2554626271272761,34.87245094809302,-0.077041367876165,-0.023594110442474725,True,0.34173491200978473,,0.5,UK,True,,36.459384664016,43.96866816991563,60.28999378417523,72.44035528107327,9.497206703910614,67.41071428571429,99.04076738609112,50.0,,50.0,49.00578200135343,standard,280,60586705073,False,52.1,False,58.215179316096744,6.505421184320268,93.9115929941618,50.0417014178482,50.0417014178482,50.0417014178482,4,NEUTRAL,0,NEDTREND,True,3,0.42857142857142855,LÅG,EJ AKTUELL,-1.3,0.875,SUSPICIOUS_FWD_PE;,2026-07-02,0,True
FDS,FactSet Research Systems Inc.,Financial Services,Financial Data & Stock Exchanges,United States,USD,8442549571.102158,-7.128206000000004,-5.773265000000002,1.0997,-3.2768255500000016,3.5161746,4.044,-3.3120000000000007,0.07842125874999997,0.07786249274999998,-0.012886247500000045,-0.07667999000000003,0.02337501000000003,0.009999999999999995,-0.1725,-0.081,0.9499999999999886,-0.2672499999999998,1.197,-801786240.0,285267008.0,1553656960.0,9710939136.0,4304272000.0,,2321748000.0,,,748303000.0,,597040000.0,726260000.0,2.0,0.2831,4.64,1.0,1.16,1780012800.0,0.707,445.8032995891993,183.15660522687796,231.74000549316406,248.125,3.27778,16.0,5.77,0.16870001,0.00416,1.0693699,False,False,,0.425,971322.0,1087630.0,0.48,-0.82,10.93,,,-14.5,0.5294,58.2,9.03,,False,0.3945803401363777,,0.51,US,True,,58.262213216022836,30.54989816700611,30.66700648710294,53.85125385305286,89.75791433891993,67.41071428571429,15.107913669064748,50.0,6.722689075630252,42.5,48.98564787056772,standard,281,252047382,False,48.4,False,27.981651376146786,83.90325271059216,41.78482068390325,50.0417014178482,50.0417014178482,50.0417014178482,2,SVAG,-8,UPPTREND,False,1,0.14285714285714285,LÅG,EJ AKTUELL,-7.7,0.875,SUSPICIOUS_FWD_PE;,2026-07-02,0,True
EME,"EMCOR Group, Inc.",Industrials,Engineering & Construction,United States,USD,35467784786.832275,-8.905103000000004,-0.4067305000000001,0.4246,0.2316389999999986,2.0026412,1.976,-3.191750000000001,0.17419875375000005,0.051212492749999984,-0.03461375250000001,-0.053077505,-0.30304498,0.136,0.23199999999999998,0.269,-67.3275,-0.10774999999999996,1.215,-500515584.0,916419968.0,516518016.0,35068919808.0,9291399000.0,,16986422000.0,,,1568542000.0,,1272817000.0,1302063000.0,0.16,0.038599998,1.3,0.3,0.4,1776297600.0,1.124,951.9600219726562,515.9212524588693,798.0999755859375,1000.1429,1.6,7.0,3.51,0.0279,0.0070499997,0.97047997,False,False,,0.568,385984.0,538650.0,0.24,-3.48,5.18,,,-15.39,0.3947,53.6,-7.09,,True,0.10622952445189376,,0.97,US,True,,51.35488787088845,22.454175152749492,74.76142370336757,38.27978404475956,71.13594040968343,67.41071428571429,35.25179856115108,50.0,60.924369747899156,56.8,48.90599907382736,standard,283,429896552,False,55.7,False,59.466221851542954,59.71643035863219,62.46872393661385,50.0417014178482,50.0417014178482,50.0417014178482,4,NEUTRAL,0,VARNING,False,2,0.2857142857142857,LÅG,EJ AKTUELL,8.0,0.875,SUSPICIOUS_FWD_PE;,2026-07-02,0,True
TEAM,Atlassian Corporation,Technology,Software - Application,Australia,USD,12569600110.284462,,-11.940501000000003,0.602,2.770802299999999,3.227963,3.245,91.15925,-0.40553373625,-0.06992750085000002,-0.1485637525,-0.05216249899999999,0.35213501,0.191,,,86.92949999999999,-0.9762500000000001,0.615,186960768.0,1136342016.0,1243017984.0,20088356864.0,6041970000.0,,5215304000.0,,,-130392000.0,,-256687000.0,1460393000.0,,0.0,,,,,1.068,222.58999633789062,56.0099983215332,78.73999786376953,140.366,1.53125,30.0,3.01,0.1071,0.0095,1.08877,False,False,,0.63,7197769.0,5238820.0,1.3606702325728983,-11.6,15.57,-51.51,,-0.6462554510120816,0.649769149453893,22.788142697046695,-0.07926788430514575,-0.33000136858945506,False,0.20527497698721317,,1.0,US,True,47.72779061818419,29.56297598446934,37.04771830448065,89.54849642169006,23.763583528048972,85.28864059590316,11.696428571428571,65.46762589928058,50.0,16.80672268907563,63.0,48.90466597763374,standard,284,412504676,False,64.0,False,92.07673060884069,77.98165137614679,45.03753127606338,50.0417014178482,50.0417014178482,50.0417014178482,4,NEUTRAL,0,NEDTREND,True,1,0.14285714285714285,LÅG,EJ AKTUELL,2.1,0.75,EXTREME_EARNINGS_GROWTH;SUSPICIOUS_FWD_PE;,2026-07-02,0,True
SCHW,The Charles Schwab Corporation,Financial Services,Capital Markets,United States,USD,157687413235.2378,-4.005255000000004,-5.214711000000001,1.0823,-3.554255750000001,6.357338,5.138,,-0.01158874125,-0.011567502250000007,0.12216374249999996,0.11885003000000001,0.47861500999999995,0.097,0.2585,0.299,48.744,-1.0662499999999997,0.632,,96474996736.0,59457998848.0,127433416704.0,490995000000.0,,23921000000.0,,,,,8852000000.0,9311000000.0,1.41,0.22469999,1.28,1.25,0.32,1778198400.0,0.773,106.75512952828588,83.95999908447266,90.66999816894531,116.15789,1.66667,19.0,0.0,0.0,0.061680004,0.84482,False,False,,0.651,11717841.0,13947540.0,1.3579953438878576,5.91,-3.68,-9.76,,-0.15067314732711412,0.24700815502198442,55.12031989671496,0.005364956135454957,-0.0368109479838723,True,0.5719020081007563,,0.702,US,True,,66.98973354127702,40.937659114052956,66.6281980130237,48.489461686278965,38.17504655493482,67.41071428571429,,50.0,98.94957983193278,65.10000000000001,48.88164219051845,holding,285,1264623426,False,37.4,False,27.981651376146786,30.94245204336947,21.684737281067555,50.0417014178482,50.0417014178482,50.0417014178482,6,NEUTRAL,0,NEDTREND,True,3,0.42857142857142855,LÅG,EJ AKTUELL,4.0,0.875,SUSPICIOUS_FWD_PE;,2026-07-02,0,True
IOT,Samsara Inc.,Technology,Software - Infrastructure,United States,USD,11608508635.370407,274.47234999999995,10.200025499999994,,2.3609368,10.485175,10.06,-13499.010750000001,-0.16899374825000002,-0.07864750135000001,-0.08031375250000002,-0.13089250500000002,0.26699501000000003,0.179,,,-49.9005,-0.05724999999999997,1.202,-1149355328.0,804318976.0,69020000.0,17410293760.0,2540674000.0,,1618635000.0,,,-52576000.0,,-9117000.0,236210000.0,,0.0,,,,,1.339,47.470001220703125,23.3799991607666,31.139999389648438,44.78,1.59091,20.0,5.8,0.13260001,0.03872,1.0259401,False,False,,0.745,6210473.0,6457140.0,1.168623332614831,5.67,-2.35,-16.18,,-0.3440067708263018,0.5853862936527802,33.747789018217375,-0.005442300943360956,-0.08072174260583809,False,0.2679892345729785,,1.0,US,True,,27.899253476283775,35.81047394772573,89.01863129644921,27.71975178856829,86.40595903165735,11.696428571428571,18.705035971223023,50.0,11.344537815126051,74.5,48.88044421127232,standard,286,201075336,False,43.2,False,27.981651376146786,79.39949958298583,11.509591326105086,50.0417014178482,50.0417014178482,50.0417014178482,3,SVAG,-8,NEDTREND,True,1,0.14285714285714285,LÅG,EJ AKTUELL,-2.7,0.875,EXTREME_EARNINGS_GROWTH;,2026-07-02,0,True
MET,"MetLife, Inc.",Financial Services,Insurance - Life,United States,USD,55303389191.43678,-5.406342000000004,-9.893418,0.4541,-5.2328098500000015,0.7128195,1.001,-0.9180000000000006,-0.07227874125,-0.026747501250000007,-0.21104625750000003,-0.27547999,-0.258435,-0.034,0.23149999999999998,0.254,105.99700000000001,0.38775,1.754,-18821785344.0,27634999296.0,49491001344.0,77636395008.0,745166000000.0,,75654000000.0,,,,,3379000000.0,17092000000.0,2.76,0.4391,2.37,2.95,0.593,1778544000.0,0.783,89.62000274658203,66.81799154145124,85.94999694824219,92.25,1.94444,16.0,4.47,0.0247,0.16420999,0.78402,False,False,,0.816,3612423.0,4531350.0,1.3128963279313541,3.31,24.19,7.81,,-0.040950744095796354,0.23655715881089598,54.84727775827366,0.05254363714170074,0.1097508881610858,False,0.5739623973399887,,0.692,US,True,,14.54966029759081,73.17443143245079,53.39396241162564,58.90029018063704,61.63873370577281,67.41071428571429,4.316546762589928,50.0,64.91596638655463,91.6,48.82702825726853,standard,287,389469519,False,50.4,False,27.981651376146786,51.876563803169304,87.2393661384487,50.0417014178482,50.0417014178482,50.0417014178482,2,SVAG,-8,UPPTREND,False,2,0.2857142857142857,LÅG,EJ AKTUELL,-10.5,0.875,SUSPICIOUS_FWD_PE;,2026-07-02,0,True
AXP,American Express Company,Financial Services,Credit Services,United States,USD,232236618144.46375,-0.7984130000000054,-0.81935,1.6198,-0.43668635000000133,3.374944,3.471,,0.14177125875,0.006682498749999995,-0.09464625750000003,-0.16221998000000004,0.13160500999999997,0.05500000000000001,0.04849999999999999,0.15,105.82500000000002,-0.1242499999999998,1.559,,53866999808.0,60458999808.0,238828634112.0,300052000000.0,,72230000000.0,,,,,10833000000.0,18428000000.0,1.12,0.21290001,3.8,1.1,0.95,1782950400.0,1.058,385.41268814483345,286.06937215690436,340.3599853515625,363.7321,2.27586,24.0,4.23,0.0228,0.2233,0.65328,False,False,,0.436,3153092.0,3632370.0,0.3,16.42,16.57,,,-8.48,0.2855,83.3,8.74,,True,0.7679182345966866,,0.718,US,True,,48.67750015955356,43.38085539714868,55.306647686507795,44.3268585342567,32.960893854748605,67.41071428571429,,50.0,68.90756302521008,43.6,48.82587728101512,standard,288,1236313400,False,39.9,False,27.981651376146786,25.771476230191826,43.36947456213511,50.0417014178482,50.0417014178482,50.0417014178482,3,SVAG,-8,UPPTREND,False,1,0.14285714285714285,LÅG,EJ AKTUELL,-4.8,0.875,SUSPICIOUS_FWD_PE;,2026-07-02,0,True
COL.AX,Coles Group Limited,Consumer Defensive,Grocery Stores,Australia,AUD,32786131678.062572,0.9101399999999984,0.0,,4.109806700000001,0.7273684,0.945,-3.0500000000000007,0.10666752099999997,0.0014425029999999943,-0.050885002500000026,-0.073129995,0.0,-0.010000000000000002,-0.178,-0.113,90.99975,0.0,0.17,-1924875008.0,598000000.0,10572000256.0,42610171904.0,20294000000.0,,44352000000.0,,,1819000000.0,,1079000000.0,,2.99,0.90910006,0.73,3.58,0.41,1773100800.0,0.285,24.40999984741211,19.45711579920824,24.40999984741211,23.2145,2.13333,15.0,,,0.00564,0.41259998,False,False,,0.5,3192363.0,2976377.0,1.81,6.06,2.12,10.39,,-5.37,0.2375,37.7,2.81,,True,0.8389360463750196,,0.5,Australia,True,,48.13331521910667,41.114806093007466,25.114035926068595,63.72726283981115,71.69459962756052,67.41071428571429,22.781774580335732,50.0,,50.0,48.815928469186865,standard,289,50306992,False,51.6,False,27.981651376146786,60.550458715596335,86.82235195996664,50.0417014178482,50.0417014178482,50.0417014178482,1,SVAG,-8,UPPTREND,False,2,0.2857142857142857,LÅG,EJ AKTUELL,-11.9,0.875,SUSPICIOUS_FWD_PE;,2026-07-02,0,True
SYF,Synchrony Financial,Financial Services,Credit Services,United States,USD,26458884467.544617,-13.888242000000004,-10.262872700000003,1.0082,-5.527226850000002,2.674776,2.385,,0.015381258749999994,-0.001707501250000007,0.10623376250000001,0.10565001000000004,-0.49598498999999996,0.0,0.07350000000000001,0.063,,,,,20558999552.0,16428000256.0,23595591680.0,119095000000.0,,14981000000.0,,,,,3552000000.0,9851000000.0,1.53,0.1242,1.2,2.17,0.3,1777939200.0,1.321,88.0528042513949,62.825099122585115,78.66000366210938,89.43478,1.875,23.0,5.76,0.083100006,0.0034999999,1.07626,False,False,,0.738,3741465.0,3823960.0,0.39,7.45,12.07,,,-13.1,0.3371,71.4,3.68,,True,0.9711563104053901,,1.0,US,True,,52.248529616233554,33.70672097759674,57.22087731569553,35.51523922443856,74.86033519553072,67.41071428571429,,50.0,21.428571428571427,73.8,48.81443800671687,standard,290,300792708,False,47.3,False,27.981651376146786,64.72060050041702,53.71142618849041,50.0417014178482,50.0417014178482,50.0417014178482,2,SVAG,-8,UPPTREND,False,1,0.14285714285714285,LÅG,EJ AKTUELL,-3.4,0.75,SUSPICIOUS_FWD_PE;,2026-07-02,0,True
TRP.TO,TC Energy Corporation,Energy,Oil & Gas Midstream,Canada,CAD,102957824239.21216,3.9272410000000004,11.281735625,4.3939,0.7267181749999999,6.6523113,11.052,7.392000000000001,-0.011289997499999992,-0.02149749824999999,0.12067249999999999,0.31444373999999997,0.31045998999999996,0.0175,-0.37000000000000005,-0.079,126.24799999999999,-1.028,0.401,-289722864.0,1532999936.0,61869998080.0,171049992192.0,118751000000.0,,15239000000.0,,,6762000000.0,,3519000000.0,7346000000.0,3.55,1.0111,3.51,5.82,0.878,1782777600.0,0.977,100.18000030517578,61.30535638171997,98.83000183105469,93.6087,2.29167,23.0,4.34,,0.00048000002,0.7616,False,False,,0.5,5129006.0,4493780.0,0.46,-0.17,6.72,23.66,,-5.54,0.1844,37.3,0.75,,True,0.8415755182115815,,0.709,Canada,True,48.423451284221485,65.38859660108453,50.16494823489477,33.58800057383085,43.52430259358386,47.67225325884544,29.017857142857146,45.32374100719424,50.0,,50.0,48.81303409070929,standard,291,313177591,False,38.3,False,27.981651376146786,37.7814845704754,20.517097581317763,50.0417014178482,50.0417014178482,50.0417014178482,3,SVAG,-8,UPPTREND,False,1,0.14285714285714285,LÅG,EJ AKTUELL,-4.9,0.875,,2026-07-02,0,True
DEMANT.CO,Demant A/S,Healthcare,Medical Devices,Denmark,DKK,56099029994.0,-3.5115965000000013,-0.693823124999998,1.5312,1.1243956999999987,2.4421673,3.301,-0.8022499999999972,0.06205500250000001,0.0,-0.06635,-0.07548997999999998,0.30460000000000004,-0.049,-0.747,-0.64,161.542125,-0.797,0.811,2428314752.0,1330000000.0,20988000256.0,75834032128.0,39074000000.0,,22971000000.0,,,3924000000.0,,1545000000.0,3852000000.0,,0.0,,,0.6,956707200.0,0.741,284.3999938964844,175.0,266.0,256.89474,1.73684,19.0,,,0.589,0.17797,False,False,,0.5,428617.0,343856.0,1.37,12.4,50.03,,,0.0,0.4231,76.1,16.61,,True,1.0078282981183886,,0.5,Nordic,True,,52.46355610709677,93.12627291242363,13.097372206885291,31.914603838359824,61.26629422718808,11.696428571428571,88.96882494004797,50.0,,50.0,48.80740542512283,standard,292,13967747,False,60.5,False,87.07256046705588,51.626355296080064,56.54712260216848,50.0417014178482,50.0417014178482,50.0417014178482,4,NEUTRAL,0,UPPTREND,False,1,0.14285714285714285,LÅG,EJ AKTUELL,8.2,0.875,SUSPICIOUS_FWD_PE;,2026-07-02,0,True
NAB.AX,National Australia Bank Limited,Financial Services,Banks - Diversified,Australia,AUD,114830670711.65085,-5.225924000000003,-4.88023775,2.34,-1.23852595,5.582434,10.735,,-0.012989994000000005,-0.0029800000000000035,0.06094251249999999,0.16758251000000002,-0.26982,,,,,,,,186704003072.0,292010000384.0,220824682496.0,1080248000000.0,,,,,,,,-35781000000.0,4.53,0.85,1.7,4.58,0.85,1778112000.0,0.719,48.39997655664054,35.41658373790548,37.5099983215332,37.63782,3.28571,14.0,,,0.00026,0.39224,False,False,,0.5,6370739.0,6870290.0,0.7212199695983731,-0.64,-9.95,-9.87,-0.68,-0.22499965929452947,0.22010310719528492,56.406672213385015,-0.01099567888409636,-0.09112230988439585,True,0.5851901487946114,,0.5,Australia,True,,51.83301853201933,33.69876527494908,27.857142857142858,74.59234202817687,45.2513966480447,67.41071428571429,,50.0,,50.0,48.803316586601845,standard,293,178441042,False,38.8,False,27.981651376146786,36.03002502085071,25.771476230191826,50.0417014178482,50.0417014178482,50.0417014178482,0,SVAG,-8,NEDTREND,True,2,0.2857142857142857,LÅG,EJ AKTUELL,-14.8,0.75,EXTREME_GROWTH;EXTREME_EARNINGS_GROWTH;SUSPICIOUS_FWD_PE;,2026-07-02,0,True
LSEG.L,London Stock Exchange Group plc,Financial Services,Financial Data & Stock Exchanges,United Kingdom,GBp,50433628884243.59,21.049826,5.038289000000001,0.7795,-0.49137299999999984,4.2001586,5.405,8.301249999999998,-0.08359874625,-0.023630000100000007,-0.14208999999999997,-0.20534750000000002,0.40634003999999996,-0.015,0.6765000000000001,0.77,-10.860750000000003,-0.9162499999999998,0.008,1584443696.0,4079000064.0,11742999552.0,50510954496.0,796704000000.0,,9346000000.0,,,2170000000.0,,1249000000.0,3622000000.0,1.86,0.5738,1.5,1.26,1.03,1776297600.0,0.381,142723.91023234234,81386.88170245243,103578.96565437317,12178.667,1.46667,15.0,,,0.04937,0.70593,False,False,,0.5,1650251.0,1953424.0,0.7995926522225405,-7.28,-2.54,-5.85,-25.78,-0.2742704044069739,0.32966886304883747,24.772494787825323,-0.09958287754799511,-0.052542279215531784,False,0.10818905597817553,,0.5,UK,True,77.3854400642382,30.712388104426328,33.522830593540874,57.224506102856004,46.59310143757966,3.5381750465549344,67.41071428571429,88.2494004796163,50.0,,50.0,48.757117099235934,standard,295,202333637404,False,42.5,False,57.130942452043364,2.543786488740617,35.696413678065056,50.0417014178482,50.0417014178482,50.0417014178482,5,NEUTRAL,0,NEDTREND,True,2,0.2857142857142857,LÅG,EJ AKTUELL,-1.5,1.0,,2026-07-02,0,True
LAND.L,Land Securities Group Plc,Real Estate,REIT - Diversified,United Kingdom,GBp,6288925467912.221,-12.79864125,-9.466397249999998,3.56,-1.4250603899999998,5.4876046,10.402,4.652500000000001,-0.026171251250000017,-0.01139249875,0.10285748500000005,0.007559985000000019,0.10727000000000003,-0.05299999999999999,0.38349999999999995,0.618,-19.751250000000006,-0.2392499999999999,0.447,-176681264.0,106000000.0,4517000192.0,9278410752.0,11540000000.0,,870000000.0,,,421000000.0,,343000000.0,214000000.0,13.52,0.6819,0.89,5.97,0.222,1781740800.0,1.148,8577.921516418457,6549.87270980552,8441.004767417908,703.94104,2.0,17.0,,,0.0045,0.75938004,False,False,,0.5,3530024.0,6122954.0,0.63,4.5,15.25,5.77,,-2.93,0.2773,49.1,5.83,,True,0.8892691202886975,,0.5,UK,True,42.79175754419089,54.31031503977423,50.19584288017651,51.11201899959547,44.67109121673331,11.54562383612663,67.41071428571429,31.654676258992804,50.0,,50.0,48.74243523350722,standard,296,51683883905,False,34.8,False,27.981651376146786,8.423686405337781,26.688907422852377,50.0417014178482,50.0417014178482,50.0417014178482,3,SVAG,-8,UPPTREND,False,1,0.14285714285714285,LÅG,EJ AKTUELL,-7.7,0.875,SUSPICIOUS_FWD_PE;,2026-07-02,0,True
ARM,Arm Holdings plc,Technology,Semiconductors,United Kingdom,USD,357026675370.9363,361.01284999999996,83.6967035,2.9052,32.556618300000004,72.5664,71.934,308.85825000000006,-0.09310374024999998,-0.01761749925,0.07019624749999996,0.14937749499999997,0.47942500999999993,0.07500000000000001,0.27699999999999997,0.49,-48.5525,4.31775,5.834,-641535616.0,3600999936.0,491000000.0,353916682240.0,10703000000.0,,4920000000.0,,,908000000.0,,904000000.0,1524000000.0,,0.0,,,,,3.786,452.70001220703125,100.0199966430664,334.2699890136719,295.9465,1.925,37.0,1.26,0.1126,0.00071000005,0.95419,False,False,,0.472,11122125.0,13408530.0,0.29,-15.43,119.62,,,-22.5,0.8788,55.4,15.06,,False,0.22497103874953303,,0.754,US,True,31.798127109172388,58.548469706829756,51.73116089613035,69.50040485832216,32.901376455734244,27.932960893854748,11.696428571428571,44.84412470023981,50.0,14.705882352941178,47.199999999999996,48.72759848727435,standard,297,4482069176,False,33.3,False,27.981651376146786,22.68557130942452,2.543786488740617,50.0417014178482,50.0417014178482,50.0417014178482,5,NEUTRAL,0,UPPTREND,False,1,0.14285714285714285,LÅG,EJ AKTUELL,11.8,0.875,,2026-07-02,0,True
LLOY.L,Lloyds Banking Group plc,Financial Services,Banks - Regional,United Kingdom,GBp,81634465292105.56,0.6829469999999986,-0.8363689999999995,1.143,-1.2229729999999999,3.3211188,-5.087,,-0.03940874624999999,-0.020000000000000004,-0.010779999999999956,-0.039847500000000036,-0.47457,0.054000000000000006,0.3195,0.366,,,,,323060989952.0,161334001664.0,-97316306944.0,944072000000.0,,20028000000.0,,,,,4659000000.0,5701000000.0,3.34,0.4382,0.04,4.27,0.0243,1775692800.0,0.921,1417.0263865986635,948.0381272048579,1402.9797486181633,115.52599,1.94737,19.0,,,0.00074,0.51317,False,False,,0.5,192405031.0,161210812.0,1.1667177406163867,11.14,17.91,15.77,40.42,-0.009912756821851998,0.277638073296604,81.55918986143219,0.1099793674913736,0.17198426402786193,True,0.8901912192340572,,0.609,UK,True,,28.078518291262007,76.90527713121908,62.96806372564731,56.94762170456131,1.86219739292365,67.41071428571429,,50.0,,50.0,48.72016449509446,standard,298,226175504494,False,36.5,False,27.981651376146786,2.543786488740617,44.12010008340283,50.0417014178482,50.0417014178482,50.0417014178482,1,SVAG,-8,UPPTREND,False,3,0.42857142857142855,LÅG,EJ AKTUELL,2.4,0.875,SUSPICIOUS_FWD_PE;,2026-07-02,0,True
AAL.L,Anglo American plc,Basic Materials,Other Industrial Metals & Mining,United Kingdom,GBp,51182966274601.83,,7.801631250000002,1.4,0.2545517000000004,2.14806,2.984,-1.7465000000000002,-0.15177125125,-0.012270000000000003,-0.3338674949999999,-0.018300005000000008,0.15619,0.08099999999999999,,,11.827249999999998,0.6257500000000003,1.483,-1060806288.0,6438000128.0,15797999616.0,55339921408.0,55994000000.0,,18546000000.0,,,3990000000.0,,-3741000000.0,5511000000.0,0.46,5.6102004,0.17,4.15,0.11822,1773273600.0,0.979,53163.63441611081,26177.078456011088,47768.12134742737,3951.4663,2.4375,16.0,,,0.07,0.58244,False,False,,0.5,4815402.0,5059824.0,0.7315283018552325,-4.14,20.62,28.41,70.25,-0.101488792629429,0.3693890606553453,45.92257923460195,-0.007245776453042807,0.17255426163811904,False,0.2729131980846853,,0.5,UK,True,,32.696866073714126,82.25753291387838,48.32163501238646,59.63096349596793,3.35195530726257,29.017857142857146,31.414868105515588,50.0,,50.0,48.62150660580288,standard,299,241698286829,False,38.9,False,27.981651376146786,2.543786488740617,60.30025020850709,50.0417014178482,50.0417014178482,50.0417014178482,3,SVAG,-8,VARNING,False,1,0.14285714285714285,LÅG,EJ AKTUELL,3.5,0.875,EXTREME_EARNINGS_GROWTH;,2026-07-02,0,True
PZU.WA,Powszechny Zaklad Ubezpieczen SA,Financial Services,Insurance - Property & Casualty,Poland,PLN,56508947228.21045,-7.603153499999999,-4.062354375,1.72,-2.08727815,0.9030884,1.448,-7.528,0.01306001000000001,0.010687499,-0.15908250499999999,-0.039910020000000046,0.19353000000000004,-0.108,-0.35350000000000004,-0.226,10.4325,2.9915000000000003,4.102,2893112192.0,49941000192.0,46239997952.0,90620076032.0,535483000000.0,,64701000000.0,,,,,6699000000.0,10519000000.0,7.33,0.6123,4.8,6.57,4.8,1789516800.0,0.324,72.72000122070312,53.36000061035156,65.44000244140625,71.325,,10.0,,,0.34188,0.32888,False,False,,0.5,1806929.0,1650033.0,1.33,6.92,3.77,,,-6.18,0.2271,58.6,4.39,,False,0.5082291415428973,,0.591,Europe,True,,47.863311413885995,31.059063136456214,19.506089694027004,85.65135731560065,61.08007448789572,67.41071428571429,88.72901678657075,50.0,,50.0,48.56154754745093,standard,300,107978164,False,65.4,False,90.65888240200167,51.54295246038365,83.23603002502085,50.0417014178482,50.0417014178482,50.0417014178482,5,NEUTRAL,0,UPPTREND,False,2,0.2857142857142857,LÅG,EJ AKTUELL,2.1,0.875,SUSPICIOUS_FWD_PE;,2026-07-02,0,True
GLW,Corning Incorporated,Technology,Electronic Components,United States,USD,190243993842.7082,69.34639,27.98655149999999,1.7303,6.603764299999999,11.656393,12.19,27.36924999999999,-0.04524374625,-0.021667501250000006,-0.0026437525000000198,0.010687494999999998,-0.13215499000000003,0.07400000000000001,1.187,1.363,25.884499999999996,-0.06824999999999987,0.749,-780035584.0,1755000064.0,9923999744.0,198949994496.0,30976000000.0,,15629000000.0,,,2279000000.0,,1596000000.0,2695000000.0,0.51,0.5385,1.12,2.58,0.28,1788134400.0,1.155,230.5,50.76506543522644,221.0500030517578,201.73334,1.8125,15.0,1.88,0.0312,0.081750005,0.73731005,False,False,,0.472,13883241.0,19270840.0,0.6,-2.25,32.87,,,-23.25,0.8463,54.7,4.15,,True,0.9590007793007562,,0.857,US,True,36.1317100166021,36.555377336863025,44.90835030549898,80.49415927483373,37.29042640119698,35.940409683426445,67.41071428571429,41.726618705035975,50.0,55.46218487394958,47.199999999999996,48.535616268655865,standard,301,4259819241,False,35.4,False,27.981651376146786,28.85738115095913,10.42535446205171,50.0417014178482,50.0417014178482,50.0417014178482,3,SVAG,-8,UPPTREND,False,2,0.2857142857142857,LÅG,EJ AKTUELL,3.0,0.875,,2026-07-02,0,True
BLK,"BlackRock, Inc.",Financial Services,Asset Management,United States,USD,149755784939.09308,2.2383339999999965,-1.887296000000001,1.2243,-4.620933750000002,6.127685,6.171,1.3169999999999988,-0.08342873725,0.0048724987499999955,-0.013726267500000042,-0.018289969999999996,-0.02707501000000001,0.20900000000000002,0.3315,0.465,-48.387,0.4697500000000003,1.596,5690339584.0,13144999936.0,14965000192.0,158203789312.0,169998000000.0,,24216000000.0,,,7909000000.0,,5553000000.0,3927000000.0,2.38,0.5376,22.92,2.34,5.73,1780617600.0,1.434,1200.5442226097864,912.2493207582107,964.7100219726562,1249.375,1.58824,16.0,2.88,0.013200001,0.0191,0.84310997,False,False,,0.338,731841.0,985370.0,0.21,0.22,2.74,,,-14.15,0.2983,42.3,-4.62,,False,0.036904896867758163,,0.934,US,True,90.16319975693654,41.48739399582597,22.09775967413442,79.50702738681107,47.79818493070726,39.85102420856611,67.41071428571429,90.40767386091127,50.0,86.1344537815126,33.800000000000004,48.44542854715789,holding,306,950596314,False,52.3,False,86.5721434528774,31.94328607172644,22.602168473728106,50.0417014178482,50.0417014178482,50.0417014178482,5,NEUTRAL,0,VARNING,False,3,0.42857142857142855,LÅG,EJ AKTUELL,-0.7,0.875,SUSPICIOUS_FWD_PE;,2026-07-02,0,True
SYY,Sysco Corporation,Consumer Defensive,Food Distribution,United States,USD,39603083448.63025,-6.252900000000006,-4.97015625,1.6263,8.9474512,0.47390813,0.635,-6.19975,0.57006869375,0.005164999749999993,-0.0745837525,-0.09241249500000001,-0.31061498,0.011999999999999997,-0.199,-0.152,566.5607500000001,0.2697499999999999,0.763,476339456.0,1902000000.0,15399999488.0,53101084672.0,26774000000.0,,81370000000.0,,,3088000000.0,,1828000000.0,2510000000.0,2.66,0.6,2.2,2.57,0.54,1782950400.0,0.66,91.16274597519516,67.67978264459987,82.81999969482422,87.0,2.17647,15.0,5.06,0.041100003,0.00202,0.89804,False,False,,0.819,4842728.0,4023920.0,0.28,11.54,17.93,,,-7.25,0.3385,74.6,9.69,,True,0.9931417722414541,,0.698,US,True,,43.423372057962105,46.23217922606925,33.73703344777728,44.71911940699562,68.52886405959032,67.41071428571429,64.98800959232614,50.0,44.957983193277315,91.89999999999999,48.422409419836896,standard,308,333261053,False,64.7,False,78.14845704753962,58.13177648040033,92.74395329441201,50.0417014178482,50.0417014178482,50.0417014178482,3,SVAG,-8,UPPTREND,False,1,0.14285714285714285,LÅG,EJ AKTUELL,-2.0,0.875,SUSPICIOUS_FWD_PE;,2026-07-02,0,True
ICICIBANK.NS,ICICI Bank Limited,Financial Services,Banks - Regional,India,INR,9952038864412.5,-14.689951500000003,-9.350152000000001,0.53,-3.103746375,4.575033,4.44,,0.001985005000000012,-0.013559999999999996,-0.009456245000000002,-0.04132877749999997,-0.43738,0.6080000000000001,-0.0435,0.093,,,,,2649807126528.0,2202642677760.0,9654041051136.0,29144979700000.0,,2230897800000.0,,,,,542077000000.0,673254200000.0,0.79,0.1471,11.0,0.99,11.0,1754956800.0,0.249,1488.5144734435703,1187.5999755859375,1387.5,1674.8206,1.23077,39.0,,,0.030079998,0.59499,False,False,,0.5,18380822.0,12844729.0,1.33,11.85,13.69,,,-2.57,0.2285,71.4,8.2,,True,0.9150745747219702,,0.667,India,True,,34.67764681557842,47.759674134419555,56.52700458413649,86.55879481099177,9.683426443202979,67.41071428571429,,50.0,,50.0,48.36499038786242,standard,309,186849310,False,35.4,False,27.981651376146786,6.672226855713094,32.27689741451209,50.0417014178482,50.0417014178482,50.0417014178482,1,SVAG,-8,UPPTREND,False,2,0.2857142857142857,LÅG,EJ AKTUELL,-7.3,0.75,SUSPICIOUS_FWD_PE;,2026-07-02,0,True
PODD,Insulet Corporation,Healthcare,Medical Devices,United States,USD,10961134660.5,4.182220999999993,-2.147241750000002,1.3956,0.2067876999999987,3.778659,3.963,0.08400000000000096,0.03869124625,0.02481249474999999,-0.02088375250000002,-0.03690250500000001,0.21409501000000003,0.256,1.477,1.573,13.649249999999991,0.4807500000000002,1.491,-1138660576.0,480400000.0,1014000000.0,11494734848.0,3190400000.0,,2708100000.0,,,473800000.0,,247100000.0,569300000.0,,0.0,,,,,1.125,354.8800048828125,138.7899932861328,158.25,240.25,1.4,24.0,3.24,0.0799,0.00327,1.05541,False,False,,0.732,1453128.0,1711360.0,0.27,16.62,-18.21,,,-44.14,0.4581,66.0,6.59,,True,0.9746261871984881,,1.0,US,True,38.28965786646701,58.34347505289331,2.8004073319755602,92.4483488944772,52.54665385048125,86.96461824953445,11.696428571428571,12.23021582733813,50.0,22.268907563025213,73.2,48.32580040801692,standard,310,270822720,False,47.4,False,27.981651376146786,80.4837364470392,38.86572143452877,50.0417014178482,50.0417014178482,50.0417014178482,3,SVAG,-8,UPPTREND,False,1,0.14285714285714285,LÅG,EJ AKTUELL,-9.4,0.875,SUSPICIOUS_FWD_PE;,2026-07-02,0,True
HNR1.DE,Hannover Rück SE,Financial Services,Insurance - Reinsurance,Germany,EUR,28750356009.53351,-6.5591415,-4.362545375000002,4.4585,-1.5454360499999997,1.1831228,1.078,-5.773,0.04727001000000001,0.022667498999999997,-0.141612505,-0.285100004,-0.17220998999999998,-0.28900000000000003,0.3525,0.479,-23.615500000000004,-1.4115,0.156,3105612160.0,7716299776.0,4143300096.0,26195406848.0,71327100000.0,,24017800000.0,,,,,2641500000.0,5686900000.0,5.24,0.294,12.5,2.66,12.5,1778112000.0,0.133,267.70153536115265,221.8152814172551,238.39999389648438,284.86667,,15.0,,,0.50200003,0.28969,False,False,,0.5,180632.0,173667.0,0.6783699150353361,1.53,-2.33,-5.64,-6.42,-0.10945600825612734,0.1997042469083358,80.55556144243656,-0.007707052011522997,-0.01280222152979038,True,0.9029575000929582,,0.666,Europe,True,,36.93104030453221,39.706286823537965,50.70388764578773,63.32665021129961,73.3705772811918,67.41071428571429,97.60191846522783,50.0,,50.0,48.30871976516292,standard,311,47354696,False,67.8,False,97.5396163469558,62.8023352793995,76.814011676397,50.0417014178482,50.0417014178482,50.0417014178482,6,NEUTRAL,0,NEDTREND,True,2,0.2857142857142857,LÅG,EJ AKTUELL,2.4,1.0,SUSPICIOUS_FWD_PE;,2026-07-02,0,True
EAT,"Brinker International, Inc.",Consumer Cyclical,Restaurants,United States,USD,7353540761.342926,-14.929777000000003,-8.160407250000002,0.89,10.033905399999998,1.2825571,1.577,-9.68975,1.18013876375,0.06520249875,-0.007208750000000021,-7.249999999999618e-05,-0.31004498999999996,-0.041499999999999995,0.009999999999999995,0.074,346.41999999999996,-0.93425,0.228,-1066248096.0,57100000.0,1748000000.0,9044440064.0,2678600000.0,,5384200000.0,,,553800000.0,,383100000.0,679000000.0,,0.0,,3.47,0.38,1583366400.0,1.28,187.1199951171875,100.30000305175781,171.4600067138672,184.9,1.61905,20.0,5.78,0.1733,0.011770001,1.17802,False,False,,0.684,1122642.0,969410.0,0.41,23.13,18.71,,,-1.87,0.5174,74.1,15.73,,True,0.8691148592550171,,0.895,US,True,,59.67229876318296,55.4989816700611,47.019127037412886,15.224189655669964,91.06145251396647,11.696428571428571,9.832134292565947,50.0,6.302521008403361,68.4,48.30215376320664,standard,312,166215045,False,53.6,False,27.981651376146786,85.9049207673061,74.64553794829024,50.0417014178482,50.0417014178482,50.0417014178482,2,SVAG,-8,UPPTREND,False,0,0.0,LÅG,EJ AKTUELL,-2.4,0.875,SUSPICIOUS_FWD_PE;,2026-07-02,0,True
MMM,3M Company,Industrials,Conglomerates,United States,USD,85542243611.55547,-4.051807000000004,-7.5193645,1.7357,17.275138,3.418408,3.712,-7.251750000000001,0.49648875375,0.014852498749999998,0.001386247499999979,0.09283248499999999,-0.09884499000000002,-0.048,-0.465,-0.415,315.8145,0.22625000000000012,1.06,930339328.0,5818999808.0,13127999488.0,92899246080.0,37733000000.0,,24948000000.0,,,4791000000.0,,3250000000.0,2306000000.0,1.9,0.5723,3.12,3.88,0.78,1779408000.0,1.095,175.70877631560407,138.62307999597104,164.00999450683594,170.9679,2.2,19.0,2.93,0.0225,0.00098,0.77532995,False,False,,0.42,3818225.0,4187940.0,0.26,5.39,11.51,,,-6.82,0.2796,58.3,6.02,,True,0.7999240235615612,,0.904,US,True,,63.926610652179576,38.900203665987775,28.21328807665164,42.702199198767595,51.5828677839851,67.41071428571429,66.66666666666666,50.0,70.16806722689076,42.0,48.29930849657733,standard,313,686864016,False,53.4,False,73.06088407005838,41.03419516263553,43.03586321934946,50.0417014178482,50.0417014178482,50.0417014178482,3,SVAG,-8,UPPTREND,False,2,0.2857142857142857,LÅG,EJ AKTUELL,-4.6,0.875,SUSPICIOUS_FWD_PE;,2026-07-02,0,True
BIOG-B.ST,BioGaia AB (publ),Healthcare,Drug Manufacturers - Specialty & Generic,Sweden,SEK,11701464334.189514,8.957916499999998,9.083503875000002,,3.9927733999999995,7.781444,7.217,8.191750000000003,0.028745002500000005,0.07347000000000001,0.08134000999999999,0.0,0.27809999999999996,-0.066,-0.126,-0.01,,2.784,3.271,-516047616.0,871782016.0,0.0,11146302464.0,1597807000.0,,1538168000.0,,,451971000.0,,332764000.0,306566000.0,1.38,0.5945,1.64,1.26,4.0,1778198400.0,0.304,136.3000030517578,90.34547824468368,118.80000305175781,165.0,,1.0,,,0.16997999,0.57874,False,False,,0.5,176747.0,151957.0,0.48,-2.84,5.36,,,-11.19,0.3334,39.1,-2.17,,False,0.3117939763122662,,0.548,Nordic,True,31.32599802510932,71.89414450065462,26.782077393075355,27.659917826746184,75.09995996911675,86.21973929236499,67.41071428571429,22.062350119904075,50.0,,50.0,48.26923659008212,standard,314,1866757,False,43.9,False,27.981651376146786,79.232693911593,16.430358632193496,50.0417014178482,50.0417014178482,50.0417014178482,3,SVAG,-8,VARNING,False,3,0.42857142857142855,LÅG,EJ AKTUELL,-0.8,0.75,,2026-07-02,0,True
BBD,Banco Bradesco S.A.,Financial Services,Banks - Regional,Brazil,USD,18260119915.940315,-13.381100000000002,-11.5546103,1.8711,-6.206795950000002,0.3989781,5.813,,-0.06875874125,-0.02081750075000001,-0.004116257499999984,-0.02381999000000002,-0.49598498999999996,0.044,-0.2025,-0.076,,,,,353307787264.0,849051254784.0,532845101056.0,2330327216000.0,,,,,,,,,5.01,0.5907,0.17,4.85,0.004,1783296000.0,0.256,4.2906263080831195,2.671005136311843,3.4600000381469727,4.4,,5.0,1.34,0.0068,5e-05,0.5534,False,False,,0.5,31722738.0,34643180.0,1.8375679360741088,-2.7,-0.41,5.77,,-0.19359091430808795,0.3399720309181002,56.756761981411735,-0.04309874851571527,-0.022066342907483993,True,0.689510909848142,,0.5,US,True,,26.797485471676232,50.29767587406653,30.44686868714223,69.30080903891756,81.00558659217877,67.41071428571429,,50.0,92.43697478991596,50.0,48.2157366386371,standard,316,119865404,False,54.4,False,27.981651376146786,72.14345287739783,94.07839866555463,50.0417014178482,50.0417014178482,50.0417014178482,0,SVAG,-8,NEDTREND,True,2,0.2857142857142857,LÅG,EJ AKTUELL,-4.3,0.75,SUSPICIOUS_FWD_PE;,2026-07-02,0,True
FEMSAUBD.MX,"Fomento Económico Mexicano, S.A.B. de C.V.",Consumer Defensive,Beverages - Brewers,Mexico,MXN,455505842854.0934,-1.3718270000000015,8.118672250000001,2.28,0.05872169999999999,1.0854055,1.16,-0.09100000000000019,-0.12873125375,-0.027457497000000008,-0.012228747500000005,0.02313750250000001,0.13678,0.025999999999999995,1.6139999999999999,1.554,-45.79800000000001,-0.19175000000000036,0.827,154996476544.0,115761553408.0,257757872128.0,989562732544.0,795877000000.0,,840954000000.0,,,72155000000.0,,19431000000.0,71080000000.0,2.11,1.0623001,4.75,2.56,3.202925,1784073600.0,0.174,226.22999572753906,147.22689931119945,225.1999969482422,235.66154,,13.0,,,0.0,0.22798,False,False,,0.5,2632016.0,3475579.0,0.23,7.14,13.96,,,-0.98,0.2099,54.2,6.64,,True,0.9200124219098346,,0.341,LatAm,True,,39.358854624003406,51.985743380855396,62.08263576631716,74.1721225208441,25.139664804469277,29.017857142857146,97.84172661870504,50.0,,50.0,48.185905131479004,standard,317,40700420,False,61.8,False,97.5396163469558,20.600500417014178,78.89908256880734,50.0417014178482,50.0417014178482,50.0417014178482,4,NEUTRAL,0,UPPTREND,False,2,0.2857142857142857,LÅG,EJ AKTUELL,0.8,0.875,,2026-07-02,0,True
ARQQ,Arqit Quantum Inc.,Technology,Software - Infrastructure,United Kingdom,USD,422182494.8430958,,-47.4960095,,3.7428052999999997,388.75003,345.823,-31.07175,-2.41474374625,-1.0305575012500001,-0.11354375250000003,-49.462132505,0.0012549900000000114,8.173,,,-46.85850000000001,3.2017499999999997,4.609,-1411738460.0,28860000.0,2172000.0,375563552.0,42851000.0,,530000.0,,,-35171000.0,,-35343000.0,-29553000.0,,0.0,,,,,2.349,62.0,11.520000457763672,24.260000228881836,60.0,,1.0,2.43,0.1649,0.69238,0.26945,False,False,,0.678,789385.0,2224810.0,0.4909494204314233,50.68,89.98,-4.19,,-0.6087096737277123,1.1221990605950662,71.30801841986548,0.48400989384187776,-0.0014293135286601588,True,0.7484617996295527,,0.5,US,True,,14.307580404105963,61.70814239646979,63.446875860170664,31.696787611419456,99.06890130353817,11.696428571428571,,50.0,7.563025210084033,67.80000000000001,48.17826008550079,standard,318,53973891,False,44.5,False,27.981651376146786,97.5396163469558,2.543786488740617,50.0417014178482,50.0417014178482,50.0417014178482,3,SVAG,-8,NEDTREND,True,2,0.2857142857142857,LÅG,EJ AKTUELL,-11.1,0.75,EXTREME_EARNINGS_GROWTH;SUSPICIOUS_FWD_PE;,2026-07-02,0,True
CSL,Carlisle Companies Incorporated,Industrials,Building Products & Equipment,United States,USD,15715826414.463379,-13.041464000000005,-8.271264500000003,1.2371,0.5513019999999988,3.1581984,3.576,-7.22775,0.16418875375,0.042452502749999996,0.03572624749999999,0.03369249499999999,-0.14027499,-0.101,-0.1,-0.109,94.0455,2.01225,2.434,-669785600.0,771299968.0,2888600064.0,17797007360.0,6263000000.0,,5019900000.0,,,1002500000.0,,740700000.0,1101800000.0,1.13,0.25100002,4.4,1.03,1.1,1779062400.0,0.857,430.5372112320468,291.6678355327013,388.3800048828125,410.14285,,7.0,7.17,0.085,0.011460001,1.0376999,False,False,,0.768,391825.0,437080.0,0.61,5.46,8.73,,,-12.78,0.3937,63.3,3.45,,True,1.0540442166443516,,0.722,US,True,,64.08080671394227,29.837067209775967,29.352093070483747,52.71928910068371,82.30912476722533,67.41071428571429,24.700239808153476,50.0,20.588235294117645,76.8,48.17428435195079,standard,319,169753133,False,47.6,False,27.981651376146786,74.56213511259384,46.038365304420346,50.0417014178482,50.0417014178482,50.0417014178482,3,SVAG,-8,UPPTREND,False,2,0.2857142857142857,LÅG,EJ AKTUELL,-5.7,0.875,SUSPICIOUS_FWD_PE;,2026-07-02,0,True
CW,Curtiss-Wright Corporation,Industrials,Aerospace & Defense,United States,USD,27605024343.78711,18.91103,18.996138499999994,2.0,1.549504999999999,7.6544247,7.878,12.345249999999998,-0.02118124625,0.01945249874999999,0.031726247499999985,0.035232495,-0.12427499000000003,0.07300000000000001,0.22299999999999998,0.265,-37.048500000000004,0.15524999999999994,0.985,-868839328.0,343447008.0,1148382976.0,28409960448.0,5221292000.0,,3498372000.0,,,638025000.0,,484228000.0,643402000.0,0.14,0.070300005,1.04,0.35,0.26,1781481600.0,0.863,800.0,462.27094544352724,747.27001953125,788.1667,1.71429,6.0,2.69,0.023699999,0.00368,0.88977,False,False,,0.1,284900.0,379170.0,0.25,5.47,9.12,,,-3.0,0.3644,63.4,3.23,,False,0.4735886343848947,,0.877,US,True,31.928990744056335,53.273123219043654,41.44602851323829,68.33440334578155,50.79197640213357,73.74301675977654,34.55357142857143,27.577937649880095,50.0,66.38655462184873,10.0,48.136314868431526,standard,320,283342373,False,41.5,False,27.981651376146786,63.63636363636363,16.59716430358632,50.0417014178482,50.0417014178482,50.0417014178482,3,SVAG,-8,UPPTREND,False,1,0.14285714285714285,LÅG,EJ AKTUELL,-0.4,0.875,,2026-07-02,0,True
GFNORTEO.MX,"Grupo Financiero Banorte, S.A.B. de C.V.",Financial Services,Banks - Regional,Mexico,MXN,507485346996.5177,-1.954312999999999,-2.651214500000001,0.52,-0.21804065000000028,3.5858128,7.985,,0.028521261250000006,-0.018800000000000004,0.20991876750000005,0.24614000749999995,-0.26976999999999995,-0.019999999999999997,-0.1275,0.011,,,,,110442274816.0,670458249216.0,1126698844160.0,2598663000000.0,,247467000000.0,,,,,58788000000.0,81433000000.0,9.54,0.7853,17.44,6.84,10.448829,1779926400.0,0.157,199.02599965925697,141.4788096484392,182.89999389648438,220.86667,,15.0,,,0.0,0.43992,False,False,,0.5,6345056.0,6471801.0,0.77,4.25,-1.3,,,-5.1,0.2924,49.3,2.76,,False,0.47606873958832246,,0.476,LatAm,True,,57.23752454733278,28.513238289205702,24.83809192924664,78.16728274515273,23.83612662942272,67.41071428571429,,50.0,,50.0,48.125814249658326,standard,321,61552003,False,38.5,False,27.981651376146786,19.683069224353627,40.450375312760634,50.0417014178482,50.0417014178482,50.0417014178482,0,SVAG,-8,UPPTREND,False,2,0.2857142857142857,LÅG,EJ AKTUELL,-2.2,0.75,SUSPICIOUS_FWD_PE;,2026-07-02,0,True
KPN.AS,Koninklijke KPN N.V.,Communication Services,Telecom Services,Netherlands,EUR,16851390194.06893,1.5904125000000002,-1.1191281249999983,2.29,0.0,2.8924458,4.068,-2.8417499999999976,0.029579999999999995,0.013442500000000007,0.022599995,0.04482748499999998,0.13423000000000002,-0.039,0.17550000000000002,0.17,127.95300000000003,-0.1854999999999999,0.239,-379137904.0,449000000.0,7104999936.0,23701211136.0,12696000000.0,,5797000000.0,,,1435000000.0,,855000000.0,2308000000.0,4.88,0.8333,0.22,4.45,0.109,1776384000.0,0.255,4.796524048236586,3.665803244635766,4.466000080108643,4.549,2.52381,20.0,,,0.00133,0.71676004,False,False,,0.5,11238615.0,12314633.0,1.27,-4.93,-10.27,7.76,,-12.11,0.2001,34.0,-6.83,,True,0.905457026943371,,0.062,Europe,True,,63.6807710821367,28.27721911065852,36.44651820428915,62.82316488118222,81.9366852886406,67.41071428571429,33.573141486810556,50.0,,50.0,48.1049210993759,standard,322,62904209,False,47.8,False,27.981651376146786,73.7281067556297,48.37364470391993,50.0417014178482,50.0417014178482,50.0417014178482,2,SVAG,-8,VARNING,False,3,0.42857142857142855,LÅG,EJ AKTUELL,-7.8,0.875,SUSPICIOUS_FWD_PE;,2026-07-02,0,True
EG,"Everest Group, Ltd.",Financial Services,Insurance - Reinsurance,Bermuda,USD,14068495508.293396,-14.790367000000005,-11.830442400000003,0.97,-6.3395557500000015,0.81147224,0.809,,-0.06419874125,-0.004727501250000005,-0.14037625750000002,-0.17234998000000004,-0.34111499,-0.108,2.1795,2.11,-48.551,-1.31625,0.24,2601214464.0,3638000128.0,3588999936.0,14019495936.0,62514000000.0,,17218000000.0,,,,,1591000000.0,3068000000.0,2.25,0.16290002,8.0,2.12,2.0,1781222400.0,0.305,363.8279364182148,298.7757447658431,355.5199890136719,388.26666,2.4375,15.0,3.73,0.045900002,0.00803,1.0124,False,False,,0.475,389038.0,534710.0,1.1634167772813102,4.17,10.42,6.78,,-0.022834825402173187,0.23602064323615995,76.49330657316007,0.03931876749591923,0.07397777945399753,True,1.0316006308492929,,0.431,US,True,,22.14239472662006,63.03011498642227,53.46920007932438,55.91999191400105,83.05400372439479,67.41071428571429,99.04076738609112,50.0,41.17647058823529,47.5,48.07162416587596,standard,323,190100093,False,71.1,True,97.5396163469558,75.72977481234362,85.57130942452044,50.0417014178482,50.0417014178482,50.0417014178482,5,NEUTRAL,0,UPPTREND,False,2,0.2857142857142857,LÅG,EJ AKTUELL,2.6,0.875,SUSPICIOUS_FWD_PE;,2026-07-02,0,True
DRI,"Darden Restaurants, Inc.",Consumer Cyclical,Restaurants,United States,USD,24478420980.973236,-11.166693000000004,-4.66053625,1.868,3.5675044,1.9178005,2.366,-5.582750000000001,0.30334880374999995,-0.004107501250000006,-0.0013287590000000196,0.027217500000000002,-0.28091499,0.06350000000000001,0.249,0.333,190.107,-0.94425,0.133,-713885568.0,219500000.0,6053600256.0,30202566656.0,12587000000.0,,12076700000.0,,,1436300000.0,,1049600000.0,1698500000.0,2.82,0.5747,6.0,3.0,1.5,1783641600.0,0.587,219.3800048828125,166.46657282886,213.72000122070312,227.08,1.96552,25.0,6.72,0.081599995,0.0028799998,1.0040799,False,False,,0.466,1220304.0,1806060.0,0.23,2.9,6.49,,,-5.98,0.2794,50.6,1.24,,True,0.7827812023219815,,0.493,US,True,,52.36053810549731,34.164969450101836,54.85899557239893,40.484201983261684,76.35009310986965,67.41071428571429,29.256594724220626,50.0,21.84873949579832,46.6,47.92310609102893,standard,325,385991145,False,49.1,False,27.981651376146786,66.38865721434529,64.38698915763136,50.0417014178482,50.0417014178482,50.0417014178482,2,SVAG,-8,UPPTREND,False,1,0.14285714285714285,LÅG,EJ AKTUELL,6.0,0.875,SUSPICIOUS_FWD_PE;,2026-07-02,0,True
ALNY,"Alnylam Pharmaceuticals, Inc.",Healthcare,Biotechnology,United States,USD,38901557743.09314,40.319171,-0.556108749999999,0.4973,27.946530699999993,9.074471,9.065,29.150000000000002,0.71227129625,0.027982498749999994,0.00023625749999997558,0.032957505,0.31228505000000006,0.881,,,212.00824999999998,1.12075,2.885,-1187321456.0,3009222912.0,2970230016.0,38862565376.0,4966331000.0,,3713937000.0,,,501578000.0,,313747000.0,524080000.0,,0.0,,,,,0.267,495.54998779296875,273.1099853515625,291.3699951171875,436.32,1.7931,25.0,5.14,0.0543,0.00184,1.02071,False,False,,0.712,1121273.0,1370500.0,0.36,6.64,-2.15,,,-26.15,0.3679,68.2,5.48,,True,0.5129957159306551,,0.67,US,True,25.988259166422516,73.85975408047915,12.525458248472505,74.25509221029452,56.34591513191917,69.27374301675978,11.696428571428571,27.81774580335731,50.0,33.403361344537814,71.2,47.82615359613275,standard,326,399322578,False,40.3,False,27.981651376146786,58.548790658882396,13.59466221851543,50.0417014178482,50.0417014178482,50.0417014178482,2,SVAG,-8,UPPTREND,False,2,0.2857142857142857,LÅG,EJ AKTUELL,-5.8,0.875,EXTREME_EARNINGS_GROWTH;SUSPICIOUS_FWD_PE;,2026-07-02,0,True
CIGI.TO,Colliers International Group Inc.,Real Estate,Real Estate Services,Canada,CAD,6538357285.271576,19.39127275,-15.206892374999999,1.21,-0.090619275,1.1713076,1.815,-4.748000000000001,0.007409997499999984,0.004392501250000007,-0.2339075,-0.32383126500000003,0.019539990000000007,0.094,,,19.481499999999997,0.12300000000000022,0.911,-326839232.0,260066000.0,2649479936.0,10399462400.0,6788467000.0,,5558462000.0,,,401526000.0,,103100000.0,330140000.0,0.31,0.184,0.41,0.22,0.205,1782777600.0,1.255,239.0204737642606,125.08000183105469,131.35000610351562,218.54549,,3.0,4.3,,0.11057,0.86489,False,False,,0.5,98623.0,87970.0,1.6526516425608253,-0.55,-5.4,-36.02,,-0.45046545998790644,0.3319038586024952,43.62696447047253,-0.04027690334466805,-0.259948692111015,False,0.4147408194512351,,0.549,Canada,True,,34.76821357349441,26.064738204344877,57.79538260390861,50.87819929233717,91.9925512104283,67.41071428571429,27.33812949640288,50.0,,50.0,47.771198903578075,standard,328,8148070,False,54.1,False,27.981651376146786,86.98915763135948,77.14762301918266,50.0417014178482,50.0417014178482,50.0417014178482,3,SVAG,-8,NEDTREND,True,1,0.14285714285714285,LÅG,EJ AKTUELL,-5.7,0.875,EXTREME_EARNINGS_GROWTH;SUSPICIOUS_FWD_PE;,2026-07-02,0,True
SAMPO.HE,Sampo Oyj,Financial Services,Insurance - Diversified,Finland,EUR,24065748240.529476,-1.6523825000000016,0.6277216250000004,31.9649,-0.6841810500000012,2.2558901,0.747,-8.592249999999996,0.021495004999999998,0.023860000000000006,-0.109842515,-0.40882746700000006,-0.041849970000000014,-0.139,,,-28.324125000000002,0.04999999999999993,1.671,-142810368.0,18642999296.0,2424999936.0,7975197696.0,25723000000.0,,10322000000.0,,,,,1998000000.0,1759000000.0,3.95,0.5574,0.36,4.11,0.36,1776902400.0,0.238,9.98901438913238,8.577668915457046,9.109999656677246,10.515,,14.0,,,0.07637,0.50363,False,False,,0.5,3704910.0,3490444.0,1.18,5.6,6.21,,,-4.56,0.1857,65.3,4.1,,True,0.7772900957183674,,0.565,Nordic,True,,39.14652080458112,35.132382892057024,25.912985136251034,80.05107379950753,76.72253258845437,67.41071428571429,31.894484412470025,50.0,,50.0,47.71999796843278,standard,330,36369602,False,48.3,False,27.981651376146786,66.63886572143453,58.548790658882396,50.0417014178482,50.0417014178482,50.0417014178482,3,SVAG,-8,UPPTREND,False,2,0.2857142857142857,LÅG,EJ AKTUELL,-7.1,0.875,EXTREME_EARNINGS_GROWTH;SUSPICIOUS_FWD_PE;,2026-07-02,0,True
ASRNL.AS,ASR Nederland N.V.,Financial Services,Insurance - Diversified,Netherlands,EUR,13533595607.99585,14.062093500000003,-3.7840723750000005,,-2.2810669499999996,0.79832095,-3.182,-19.54,-0.11337,0.009347498,-0.227782505,-0.03482000000000002,0.12473996000000004,0.034,-0.7215,-0.593,187.83049999999997,3.4015000000000004,4.738,380612096.0,92259000320.0,24227000320.0,-54485405696.0,142151000000.0,,13109000000.0,,,,,548000000.0,-569000000.0,5.15,1.4954,3.41,5.99,2.14,1779408000.0,0.521,67.04000091552734,52.620206433492385,66.16000366210938,69.26357,1.93333,14.0,,,0.00021,0.85978997,False,False,,0.5,484532.0,394052.0,1.0,5.68,12.89,11.17,,-0.54,0.1757,60.4,3.21,,True,0.7153679559812034,,0.5,Europe,True,,37.38263624884676,56.271215207060415,21.560158849642548,70.47471009419363,84.17132216014897,29.017857142857146,,50.0,,50.0,47.70961092252769,standard,331,29818690,False,67.3,False,81.7347789824854,76.48040033361134,85.82151793160968,50.0417014178482,50.0417014178482,50.0417014178482,4,NEUTRAL,0,UPPTREND,False,1,0.14285714285714285,LÅG,EJ AKTUELL,2.6,0.875,SUSPICIOUS_FWD_PE;,2026-07-02,0,True
NCAB.ST,NCAB Group AB (publ),Technology,Electronic Components,Sweden,SEK,14995092877.409058,34.25434250000001,13.630476124999996,1.7923,2.7457320000000007,3.8859963,4.084,14.830000000000002,-0.045770000000000005,-0.007729999999999994,-0.06266000000000001,-0.10122997999999998,-0.10217999999999999,-0.006000000000000005,0.22999999999999998,0.432,33.010374999999996,0.0,1.483,-632613600.0,397000000.0,1159900032.0,15758193664.0,3520957000.0,,3743451000.0,,,332613000.0,,206040000.0,286848000.0,1.37,0.0,1.1,,1.1,1778198400.0,1.056,86.80000305175781,37.545589748234136,80.19999694824219,83.66667,2.0,3.0,,,0.05395,0.79613,False,False,,0.5,404906.0,269591.0,0.46,-2.59,54.86,,,-2.93,0.5023,60.2,7.06,,False,0.37095941931628296,,0.429,Nordic,True,27.853554260663863,31.126524114385255,65.73319755600815,48.5732650566723,43.41106845197858,82.68156424581005,67.41071428571429,23.501199040767386,50.0,,50.0,47.687163617644636,standard,332,2235787,False,46.4,False,27.981651376146786,74.89574645537948,37.69808173477898,50.0417014178482,50.0417014178482,50.0417014178482,4,NEUTRAL,0,UPPTREND,False,2,0.2857142857142857,LÅG,EJ AKTUELL,10.7,0.875,,2026-07-02,0,True
SHOP,Shopify Inc.,Technology,Software - Application,Canada,USD,142520239325.87317,77.64098,25.491103499999994,2.1027,1.7901993000000003,12.262974,11.813,44.45525000000001,-0.09953374625,0.02078249874999999,-0.005833752500000018,0.011177494999999989,-0.01628499,0.21700000000000003,,,-53.0465,4.5177499999999995,4.528,-135285632.0,5743000064.0,179000000.0,146079924224.0,15189000000.0,,11556000000.0,,,1885000000.0,,1231000000.0,2033000000.0,,0.0,,,,,2.587,182.19000244140625,94.0,116.86000061035156,148.22221,1.7451,45.0,2.27,0.0173,0.0023,0.73792,False,False,,0.764,10236865.0,9714360.0,1.0891061447923498,9.62,1.24,-31.07,,-0.35858170566777026,0.5751009565289129,60.55971914328046,0.03029159701004458,-0.14558003938688535,True,0.7568109960445364,,0.752,US,True,36.031120804713694,46.6096919744171,32.41842752885268,75.55773465455546,37.812695377550504,40.59590316573557,11.696428571428571,46.043165467625904,50.0,79.41176470588235,76.4,47.66081345188252,standard,333,1135220116,False,44.0,False,60.71726438698916,32.610508757297744,9.674728940783988,50.0417014178482,50.0417014178482,50.0417014178482,4,NEUTRAL,0,NEDTREND,True,1,0.14285714285714285,LÅG,EJ AKTUELL,1.1,0.875,EXTREME_EARNINGS_GROWTH;,2026-07-02,0,True
CTT.ST,CTT Systems AB (publ),Industrials,Aerospace & Defense,Sweden,SEK,1585733504.0,8.2845425,-9.391788875,0.8,0.6597026999999991,5.6979284,5.837,5.468,-0.05892750000000001,0.03354000000000001,0.03114999999999999,-0.11665497999999999,0.22464,0.161,0.7430000000000001,0.811,-52.992625000000004,1.0795000000000001,1.226,-837785352.0,15600000.0,36400000.0,1624512000.0,346900000.0,,264400000.0,,,55300000.0,,38600000.0,35800000.0,1.88,1.6163001,2.4,1.6,2.4,1778198400.0,0.149,264.617919921875,112.4000015258789,128.0,,,,,,0.23466,0.63195,False,False,,0.5,20138.0,7257.0,2.18,-8.29,0.47,,,-32.95,0.5557,45.9,0.44,,False,0.10097957022062978,,0.5,Nordic,True,,52.5011325866525,14.002036659877799,69.68614432690809,63.32595276395688,96.8342644320298,29.017857142857146,,50.0,,50.0,47.60734117087762,standard,334,96054,False,47.9,False,27.981651376146786,97.5396163469558,24.93744787322769,50.0417014178482,50.0417014178482,50.0417014178482,4,NEUTRAL,0,UPPTREND,False,2,0.2857142857142857,LÅG,EJ AKTUELL,7.8,0.875,SUSPICIOUS_FWD_PE;,2026-07-02,0,True
EQR,Equity Residential,Real Estate,REIT - Residential,United States,USD,25622815377.54236,-8.793296250000001,14.506752749999995,16.1,-4.481454700000001,8.487128,11.114,-5.7517499999999995,-0.04727124625000002,-0.013420000000000001,0.04268124749999998,-0.10989248500000001,0.13176505,-0.031999999999999994,-0.8815000000000001,-0.649,-18.607500000000005,-0.48024999999999984,0.029,24505344.0,34677000.0,8643318784.0,34596823040.0,20746023000.0,,3093959000.0,,,869752000.0,,1120089000.0,1648763000.0,4.11,1.1118,2.81,3.81,0.703,1782691200.0,0.764,69.02999877929688,56.881122905106,68.37999725341797,71.55556,2.33333,18.0,3.45,0.033099998,0.00592,0.99137,False,False,,0.327,2929498.0,3343770.0,0.9754477189127627,2.63,16.3,12.27,,-0.00941621812796345,0.20082642583562219,50.84442081405924,0.044674386570837,0.10455219934412185,True,0.8845917636178457,,0.182,US,True,,43.51051405760845,72.03358367277664,8.63196827074436,58.07334811243211,75.41899441340783,29.017857142857146,49.88009592326139,50.0,52.52100840336135,32.7,47.587379264870634,standard,336,228646983,False,53.8,False,76.8974145120934,65.38782318598832,15.012510425354462,50.0417014178482,50.0417014178482,50.0417014178482,3,SVAG,-8,UPPTREND,False,1,0.14285714285714285,LÅG,EJ AKTUELL,-5.3,0.875,,2026-07-02,0,True
HSBA.L,HSBC Holdings plc,Financial Services,Banks - Diversified,United Kingdom,GBp,313422632260605.8,2.495989,0.0,0.916,-0.6834810999999998,3.825233,-2.27,,-0.03113874624999999,-0.018290000000000008,0.07404000000000005,0.05288249999999994,-0.47457,-0.027999999999999997,-0.1015,0.003,,,,,1162820976640.0,773452988416.0,-144741941248.0,3233034000000.0,,71020000000.0,,,,,22285000000.0,29766000000.0,3.91,0.6082,0.56,5.02,0.074489,1778716800.0,0.579,18635.14863141114,11248.613295146357,18277.280328842462,1451.0635,2.29412,17.0,,,0.00208,0.52632,False,False,,0.5,23315818.0,27482626.0,0.62,3.48,18.85,,,-0.76,0.3173,75.8,5.17,,True,0.744451386123703,,0.956,UK,True,,40.8330985027104,58.65580448065173,42.58454082454142,62.893709024968615,0.5586592178770949,67.41071428571429,,50.0,,50.0,47.52348227520306,standard,338,502307659575,False,35.6,False,27.981651376146786,2.543786488740617,38.28190158465388,50.0417014178482,50.0417014178482,50.0417014178482,0,SVAG,-8,UPPTREND,False,2,0.2857142857142857,LÅG,EJ AKTUELL,1.7,0.75,SUSPICIOUS_FWD_PE;,2026-07-02,0,True
0083.HK,Sino Land Company Limited,Real Estate,Real Estate - Development,Hong Kong,HKD,99120701956.70908,-1.0131937499999992,-0.4202829999999995,0.34,-0.8328034750000002,10.418405,5.306,-4.170499999999999,-0.024537511000000026,-0.007892498749999994,0.09540752499999999,-0.10064998000000003,0.10618999999999995,0.288,-0.4385,-0.158,-45.6975,6.18275,5.673,-28102817280.0,53209001984.0,5155999744.0,50481672192.0,183613000000.0,,8183000000.0,,,2647000000.0,,4019000000.0,3839000000.0,5.61,1.4146,0.58,6.08,0.15,1773273600.0,0.55,13.279999732971191,7.84851163758532,10.34000015258789,13.54,1.5,10.0,,,0.60333,0.11694,False,False,,0.5,9268655.0,10509946.0,0.6146221215134987,-11.17,-7.6,1.2,,-0.2213855150225611,0.229322590464211,18.13727942211129,-0.1330303561861066,-0.056564826799824774,False,0.06873621886511844,,0.5,Asia,True,,48.58457505183726,43.66858664290563,34.70260724128846,84.41309107664517,48.78957169459962,29.017857142857146,,50.0,,50.0,47.52302321001603,standard,339,13857089,False,37.1,False,27.981651376146786,38.69891576313595,11.759799833194329,50.0417014178482,50.0417014178482,50.0417014178482,4,NEUTRAL,0,NEDTREND,True,1,0.14285714285714285,LÅG,EJ AKTUELL,-5.4,0.875,SUSPICIOUS_FWD_PE;,2026-07-02,0,True
EXR,Extra Space Storage Inc.,Real Estate,REIT - Industrial,United States,USD,31522245678.937866,-2.6149562499999996,2.4056957499999996,6.4423,-4.522627000000002,9.466859,13.282,-3.813750000000001,-0.06568124625000002,-0.00673,0.007781247499999991,0.05594749499999996,0.25232501000000007,-0.018999999999999996,-0.3415,-0.11,1.0644999999999918,0.09375000000000006,0.1,-51040384.0,141698000.0,13941396480.0,46201962496.0,29264046000.0,,3377542000.0,,,1489001000.0,,973999000.0,1850193000.0,4.34,1.4562,6.48,3.65,1.62,1781481600.0,1.206,151.76140020451106,121.45179784954341,149.2100067138672,155.7,2.28571,20.0,4.67,0.0325,0.009430001,1.0213,False,False,,0.452,1190057.0,1502880.0,0.26,5.08,12.85,,,-0.98,0.2445,49.8,3.49,,True,0.8423721948369932,,0.454,US,True,,53.344115156522285,50.66191446028513,18.514247394145325,63.79267858572449,72.25325884543761,29.017857142857146,45.80335731414868,50.0,52.94117647058824,45.2,47.424800243045894,standard,343,224244735,False,51.9,False,72.5604670558799,61.55129274395329,13.344453711426189,50.0417014178482,50.0417014178482,50.0417014178482,3,SVAG,-8,UPPTREND,False,1,0.14285714285714285,LÅG,EJ AKTUELL,-1.0,0.875,,2026-07-02,0,True
058470.KQ,LEENO Industrial Inc.,Technology,Semiconductor Equipment & Materials,South Korea,KRW,6397999080000.0,,2.7957934999999976,,,42.65145,7.513,-4.309750000000001,-0.026353746249999983,0.045112498749999994,0.1786862475,0.18326749499999995,-0.09469496,-0.156,-0.438,-0.236,,5.88075,7.192,12996146432.0,146558238720.0,0.0,1127039369216.0,791928165320.0,,372534084600.0,,,176997188360.0,,151960670400.0,179468846370.0,0.95,0.32569999,800.0,1.44,800.0,1766966400.0,0.321,129000.0,43423.894817073175,84300.0,117500.0,1.92857,14.0,,,0.34668,0.36055002,False,False,,0.5,1184498.0,1201767.0,0.5266989782425243,-17.76,-21.58,41.66,,-0.34651162790697676,0.6585475561021584,49.33110367892977,-0.19121174326009782,0.03699711987634213,False,0.09153321542453154,,0.838,US,True,,65.84674851122955,52.011732009504414,23.133061749436557,65.14180730856965,11.359404096834265,67.41071428571429,70.26378896882494,50.0,,50.0,47.35608763504559,standard,345,73955539,False,39.2,False,60.05004170141785,8.256880733944955,2.543786488740617,50.0417014178482,50.0417014178482,50.0417014178482,4,NEUTRAL,0,VARNING,False,3,0.42857142857142855,LÅG,EJ AKTUELL,11.7,0.5,,2026-07-02,0,True
ACA.PA,Crédit Agricole S.A.,Financial Services,Banks - Regional,France,EUR,52994884716.813675,-8.3421855,-7.2583403749999995,4.18,-2.94965005,2.0010908,-9.769,,-0.07708,-0.015322500999999999,0.00846751499999997,0.0,-0.39529,-0.072,-0.21150000000000002,0.018,,,,,839499972608.0,519500005376.0,-258707783680.0,2374307000000.0,,26261000000.0,,,,,7074000000.0,19012000000.0,6.45,0.5159,1.13,8.02,1.13,1779753600.0,0.813,17.905238361868463,14.29987403845285,17.520000457763672,20.12647,2.41176,17.0,,,0.70044,0.098900005,False,False,,0.5,5568081.0,6468185.0,1.14,7.36,15.81,6.77,,-0.38,0.2322,75.3,7.24,,True,0.7375897962308589,,0.423,Europe,True,,32.84811051889841,58.215588934148,19.12759292979698,68.70919933045055,62.38361266294227,67.41071428571429,,50.0,,50.0,47.33637154271692,standard,346,129615236,False,46.8,False,27.981651376146786,52.627189324437026,62.55212677231026,50.0417014178482,50.0417014178482,50.0417014178482,1,SVAG,-8,UPPTREND,False,2,0.2857142857142857,LÅG,EJ AKTUELL,-4.4,0.75,SUSPICIOUS_FWD_PE;,2026-07-02,0,True
028260.KS,Samsung C&T Corporation,Industrials,Engineering & Construction,South Korea,KRW,80191868804500.0,,10.755451749999997,,,1.9511716,2.057,1.8304999999999985,-0.05580751000000002,-0.020020000999999996,-0.081697495,-0.09910498000000001,-0.17850997000000002,0.013999999999999999,0.07399999999999998,0.152,-25.431499999999996,-0.06175000000000014,0.984,913964949504.0,6695283064832.0,4864112328704.0,85321706373120.0,86532745699420.0,,40742240967140.0,,,3307955495650.0,,2439114193250.0,3023741373860.0,0.57,0.17959999,2800.0,2.14,2800.0,1766966400.0,1.19,565000.0,153491.93623231133,494500.0,534166.7,1.38889,18.0,,,0.48722,0.29626,False,False,,0.5,636708.0,810501.0,0.87,2.97,80.54,,,-12.43,0.8336,59.7,13.8,,False,0.6620073535244081,,0.838,Asia,True,73.59419251928773,23.848691633949983,55.80448065173116,55.13995858056,27.070570495961892,2.0484171322160147,67.41071428571429,69.06474820143885,50.0,,50.0,47.329391412763435,standard,347,292578703,False,49.5,False,68.22351959966639,2.543786488740617,63.55296080066722,50.0417014178482,50.0417014178482,50.0417014178482,5,NEUTRAL,0,UPPTREND,False,2,0.2857142857142857,LÅG,EJ AKTUELL,8.4,0.625,,2026-07-02,0,True
BRK-B,Berkshire Hathaway Inc.,Financial Services,Insurance - Diversified,United States,USD,697280609993.5793,-7.194444000000004,5.514695999999996,10.06,-7.263930397100001,2.8650875,-0.707,-16.232000000000003,-0.09742874125,0.022662500749999995,-0.06464625750000003,-0.23114999000000003,-0.21818499000000002,-0.017,1.0685,1.196,-54.35300000000001,1.17775,2.7,59836213504.0,397383008256.0,128885997568.0,-265510977536.0,1222176000000.0,,410522000000.0,,,,,66968000000.0,45969000000.0,,0.0,,,,,0.617,516.8499755859375,455.19000244140625,498.6600036621094,520.3333,,3.0,2.33,0.0095999995,0.00262,0.67320997,False,False,,0.46,5092988.0,5899960.0,1.2184316319523534,3.9,4.92,-0.37,,-0.03519391077305689,0.1455390896879247,60.82665466797447,0.03787432580624572,0.017488356731991672,True,0.8758931485131101,,0.688,US,True,,29.18359669664762,54.16520812118126,67.08871142637547,82.06293998300981,21.973929236499067,11.696428571428571,,50.0,91.59663865546219,46.0,47.3267010650306,standard,348,2942074075,False,56.7,False,94.74562135112595,18.015012510425354,51.959966638865716,50.0417014178482,50.0417014178482,50.0417014178482,5,NEUTRAL,0,UPPTREND,False,2,0.2857142857142857,LÅG,EJ AKTUELL,2.3,0.875,,2026-07-02,0,True
WM,"Waste Management, Inc.",Industrials,Waste Management,United States,USD,90567378858.35522,-3.028465000000004,-0.44896450000000065,2.2958,0.11213899999999821,3.5638208,4.458,-7.35275,0.08126875375,-0.00036749625000000175,-4.374250000001301e-05,0.03486249499999999,-0.08993498999999999,-0.025999999999999995,0.065,0.135,147.7255,-0.43374999999999986,0.801,744714368.0,158000000.0,22890999808.0,113301381120.0,45835000000.0,,25204000000.0,,,4607000000.0,,2708000000.0,6043000000.0,1.57,0.49490002,3.54,1.49,0.945,1780617600.0,0.457,246.08089111114813,191.7655110993001,225.52999877929688,256.04,1.75,25.0,2.87,0.0161,0.0024899999,0.86216,False,False,,0.671,2203719.0,2999010.0,0.27,5.87,-1.97,,,-6.01,0.2063,67.1,4.38,,True,0.9370026871235625,,0.511,US,True,,54.48445305924289,26.57841140529532,42.68818443824595,54.408424537749816,50.09310986964618,67.41071428571429,60.671462829736214,50.0,81.5126050420168,67.10000000000001,47.31232129937206,standard,349,676366722,False,52.3,False,70.7256046705588,39.69974979149291,41.03419516263553,50.0417014178482,50.0417014178482,50.0417014178482,4,NEUTRAL,0,UPPTREND,False,1,0.14285714285714285,LÅG,EJ AKTUELL,1.6,0.875,SUSPICIOUS_FWD_PE;,2026-07-02,0,True
MYRG,MYR Group Inc.,Industrials,Engineering & Construction,United States,USD,7442176846.276123,17.039890000000003,11.4258915,3.41,1.645705999999998,1.9458457,1.919,5.952249999999998,0.008688753750000007,0.00925249874999999,-0.07288375050000001,-0.07655751,-0.37536498500000004,0.139,0.994,1.008,-71.92849999999999,-0.05675000000000002,1.25,-1164212960.0,163192000.0,61522000.0,7340506624.0,1644079000.0,,3657889000.0,,,162611000.0,,118416000.0,326567000.0,,0.0,,,,,1.321,497.0899963378906,171.50999450683594,477.95001220703125,455.0,,6.0,2.61,0.052199997,0.01849,1.0442901,False,False,,0.672,303204.0,351920.0,0.65,2.23,59.12,,,-8.14,0.5422,63.6,5.12,,True,0.8263130661021862,,1.0,US,True,23.633256290894884,36.01017371976938,59.47046843177189,87.45839503358995,29.50684985086201,90.87523277467412,11.696428571428571,7.194244604316546,50.0,35.714285714285715,67.2,47.29542168969511,standard,350,168200168,False,51.9,False,27.981651376146786,85.73811509591326,63.63636363636363,50.0417014178482,50.0417014178482,50.0417014178482,3,SVAG,-8,UPPTREND,False,1,0.14285714285714285,LÅG,EJ AKTUELL,2.3,0.875,,2026-07-02,0,True
VST,Vistra Corp.,Utilities,Utilities - Independent Power Producers,United States,USD,55125963545.518616,0.5092259999999982,-7.733301250000001,0.4836,10.449389599999996,2.8349686,3.954,-7.30725,0.26554375374999994,0.015042498750000001,-0.02259625250000001,0.03831250000000001,-0.10961499000000002,0.355,,,195.1105,0.000250000000000028,0.263,-915160576.0,658000000.0,19925999616.0,76882960384.0,41550000000.0,,17738000000.0,,,2134000000.0,,944000000.0,4070000000.0,0.56,0.1515,0.92,1.82,0.229,1782086400.0,1.405,218.90834935343653,132.47448547608124,163.49000549316406,222.88889,1.4,18.0,3.04,0.052699998,0.0078799995,0.91178,False,False,,0.648,4658053.0,4810440.0,0.41,-2.39,-0.7,,,-16.57,0.5271,53.8,-2.79,,True,0.7472122520292817,,0.185,US,True,,58.55094857948207,16.85336048879837,48.82500688136526,27.146855478961054,61.82495344506518,67.41071428571429,36.930455635491604,50.0,34.66386554621849,64.8,47.230733639127095,standard,351,786458862,False,45.2,False,27.981651376146786,52.04336947456214,52.293577981651374,50.0417014178482,50.0417014178482,50.0417014178482,1,SVAG,-8,VARNING,False,1,0.14285714285714285,LÅG,EJ AKTUELL,-4.8,0.875,EXTREME_EARNINGS_GROWTH;SUSPICIOUS_FWD_PE;,2026-07-02,0,True
MKTX,MarketAxess Holdings Inc.,Financial Services,Capital Markets,United States,USD,3999610073.157341,-8.696976000000005,-5.088440000000002,0.9475,-3.9047113500000012,4.591595,4.394,-5.255000000000001,0.04056125875,0.07666249474999998,0.0975537425,0.06412002999999997,0.12460500999999996,0.057999999999999996,4.3725,4.17,-47.771,3.24275,4.275,-1645822704.0,477640000.0,291960992.0,3827451136.0,1934886000.0,,846268000.0,,,341838000.0,,246627000.0,382139000.0,2.77,0.36259997,3.12,1.2,0.78,1779235200.0,0.854,220.96875535385044,108.75,112.54000091552734,179.45454,2.5,11.0,2.75,0.0747,0.009330001,1.12078,False,False,,0.398,623295.0,892490.0,0.32,-4.79,-31.34,,,-39.19,0.3011,50.9,-11.97,,True,0.1766462402843144,,0.838,US,True,,73.80582825839646,1.120162932790224,81.21157024846684,67.33999270823294,95.15828677839852,67.41071428571429,1.1990407673860912,50.0,22.689075630252102,39.800000000000004,47.19490216330385,holding,352,100440825,False,48.0,False,27.981651376146786,90.74228523769808,32.19349457881568,50.0417014178482,50.0417014178482,50.0417014178482,4,NEUTRAL,0,VARNING,False,4,0.5714285714285714,MEDEL,EJ AKTUELL,0.9,0.875,SUSPICIOUS_FWD_PE;,2026-07-02,0,True
AXISBANK.NS,Axis Bank Limited,Financial Services,Banks - Regional,India,INR,4283985751448.4385,-16.921541500000004,-13.079974,0.54,-3.849687975,5.7487826,8.049,,-0.030084995000000003,-0.019669999999999993,0.09531375499999997,0.017661242500000007,-0.43738,-0.173,-0.0635,0.017,,,,,1093515673600.0,2805106212864.0,5998420951040.0,19460502900000.0,,880673100000.0,,,,,263848500000.0,-86367100000.0,0.07,0.0117999995,1.0,1.03,1.0,1783555200.0,0.428,1418.300048828125,1042.5,1377.199951171875,1583.6842,1.28205,38.0,,,0.02832,0.7108,False,False,,0.5,7475151.0,6359484.0,1.0646204923924636,5.61,15.47,11.68,,-0.028978422224697153,0.23521308122861356,81.38834262070417,0.05543238906657777,0.08790569754803124,True,0.7937047016778989,,0.46,India,True,,39.93405769158444,69.88899142905635,20.716829507695323,79.6446505788813,13.221601489757914,24.553571428571427,,50.0,,50.0,47.187946773716405,standard,353,91823203,False,34.7,False,27.981651376146786,10.258548790658882,24.520433694745623,50.0417014178482,50.0417014178482,50.0417014178482,0,SVAG,-8,UPPTREND,False,2,0.2857142857142857,LÅG,EJ AKTUELL,-6.1,0.75,SUSPICIOUS_FWD_PE;,2026-07-02,0,True
CCI,Crown Castle Inc.,Real Estate,REIT - Specialty,United States,USD,36059664034.211174,-1.284532249999999,-1.1482212499999989,1.3478,-25.646457500000004,8.559142,15.638,0.09824999999999795,,0.0,-0.012278752500000031,0.09335747500000002,0.24220501000000003,-0.105,,,,-0.32824999999999976,0.09,-189160576.0,55000000.0,29878999040.0,65883664384.0,31518000000.0,,4264000000.0,,,2086000000.0,,444000000.0,3057000000.0,5.14,1.7932,4.25,4.92,1.063,1781481600.0,0.948,110.44688095887119,75.08385333513114,82.62000274658203,99.07368,2.19048,19.0,3.09,0.0344,0.00096000003,1.00401,False,False,,0.756,3743311.0,5167320.0,0.3,-11.44,-7.43,,,-16.94,0.3498,26.1,-11.02,,False,0.1897281940169481,,1.0,US,True,59.608602710591704,61.49933192353418,11.608961303462323,53.13231145059179,41.23698472460608,70.94972067039106,29.017857142857146,42.68585131894484,50.0,51.26050420168067,75.6,47.165854416602826,standard,354,426923993,False,50.3,False,66.72226855713093,59.63302752293578,14.595496246872393,50.0417014178482,50.0417014178482,50.0417014178482,2,SVAG,-8,VARNING,False,1,0.14285714285714285,LÅG,EJ AKTUELL,-3.4,0.625,EXTREME_EARNINGS_GROWTH;SUSPICIOUS_FWD_PE;,2026-07-02,0,True
BEN,"Franklin Resources, Inc.",Financial Services,Asset Management,United States,USD,17257149674.27797,3.320044999999995,-6.7674375000000015,0.4039,-5.841549750000001,1.9111543,2.282,-2.449000000000001,-0.13537874125,-0.005237501250000005,-0.17645625750000002,-0.20228997000000004,-0.12242501,0.025999999999999995,0.7444999999999999,0.771,-48.551,3.80975,1.171,-1634173088.0,2571500032.0,3430400000.0,20607549440.0,32368300000.0,,8770700000.0,,,1099800000.0,,524900000.0,1066100000.0,3.97,0.9924,1.32,4.8,0.33,1782691200.0,1.593,34.41999816894531,20.524305797111086,33.209999084472656,31.86364,2.72727,11.0,5.32,0.053600002,0.48494998,0.51428,False,False,,0.804,4849398.0,4969770.0,0.9292963091597557,4.86,42.84,41.21,,-0.03515395551544076,0.2773926557962698,64.24241706140593,0.0766108342254983,0.29911659069940977,False,0.7561452325279044,,0.838,US,True,,21.582543406474194,88.07174983027835,72.26182895912005,56.795203019039015,81.56424581005587,67.41071428571429,16.30695443645084,50.0,34.03361344537815,90.4,47.122147042589525,holding,355,165046057,False,50.2,False,27.981651376146786,73.1442869057548,64.47039199332777,50.0417014178482,50.0417014178482,50.0417014178482,5,NEUTRAL,0,UPPTREND,False,3,0.42857142857142855,LÅG,EJ AKTUELL,3.1,0.875,SUSPICIOUS_FWD_PE;,2026-07-02,0,True
BHARTIARTL.NS,Bharti Airtel Limited,Communication Services,Telecom Services,India,INR,11543828716730.455,5.301727499999998,-5.187984749999999,,0.48755947499999985,5.470323,6.068,-23.333375000000004,-0.001985005000000012,0.007585001000000001,-0.0017437549999999857,0.1317287275,0.23914,0.096,-0.4405,-0.335,51.78175,-0.5569999999999999,0.298,595431999488.0,440774000640.0,1954117058560.0,12801695285248.0,5521516000000.0,,2109728000000.0,,,669637000000.0,,266952000000.0,1222296000000.0,0.86,0.36060002,16.0,0.8,16.0,1752796800.0,0.016,2174.5,1740.5,1850.699951171875,2290.7878,1.48485,33.0,,,0.51891,0.3465,False,False,,0.5,9810034.0,7144350.0,0.9078465012845041,-0.08,2.7,-13.82,,-0.14890781735025294,0.19357743887947387,60.00762299407752,0.0024417580125555283,-0.05191834584849142,True,0.5672723565759266,,0.59,India,True,,62.54611366406753,43.742839867617114,32.90449469838355,66.5667304003138,8.938547486033519,67.41071428571429,93.04556354916068,50.0,,50.0,47.04240940822622,standard,356,138622043,False,50.1,False,90.49207673060884,6.171809841534612,26.855713094245203,50.0417014178482,50.0417014178482,50.0417014178482,6,NEUTRAL,0,NEDTREND,True,3,0.42857142857142855,LÅG,EJ AKTUELL,-4.8,0.875,SUSPICIOUS_FWD_PE;,2026-07-02,0,True
FRES.L,Fresnillo plc,Basic Materials,Other Precious Metals & Mining,Mexico,GBp,27152679985042.145,0.0,-0.7032987499999992,1.56,3.3070483000000004,4.633422,4.313,-3.389500000000001,0.21396876875,0.14559999999999998,0.171262485,0.30763999500000005,0.10815999999999998,0.213,14.484,14.901,-36.909749999999995,2.32375,3.846,1319389488.0,2756475904.0,850972992.0,19670398976.0,7279268000.0,,4561231000.0,,,2291228000.0,,1383988000.0,2289707000.0,3.32,0.25100002,0.95,2.14,0.797486,1776902400.0,0.732,54391.81200144534,17570.936133736315,36847.49113082886,3870.98,2.76923,13.0,,,0.74994004,0.14897999,False,False,,0.5,1163769.0,1207497.0,0.59,-11.81,-15.42,,,-37.17,0.6163,47.0,-12.96,,False,0.31521607989820644,,0.5,UK,True,,86.21363956320529,3.309572301425662,78.13681459342378,54.073749518821195,5.58659217877095,67.41071428571429,95.44364508393285,50.0,,50.0,47.04148091234675,commodity,357,44493234998,False,42.0,False,57.38115095913261,2.543786488740617,31.94328607172644,50.0417014178482,50.0417014178482,50.0417014178482,7,STARK,8,VARNING,False,3,0.42857142857142855,LÅG,EJ AKTUELL,16.0,0.875,SUSPICIOUS_FWD_PE;,2026-07-02,0,True
NTRA,"Natera, Inc.",Healthcare,Diagnostics & Research,United States,USD,37509541224.09039,,-1278.60961575,,12.8644137,14.998254,14.659,-156.02400000000003,-0.34147874375,-0.16380750125000001,-0.2157537525,-0.32110250900000004,0.15467504999999998,0.305,,,-50.66175,0.9527500000000002,2.697,-1255117328.0,1087932032.0,240080992.0,36661690368.0,2398344000.0,,2306113000.0,,,-309911000.0,,-208160000.0,215301000.0,,0.0,,,,,1.544,271.4700012207031,131.81100463867188,261.9100036621094,260.3,1.52381,20.0,3.12,0.0311,0.03016,0.9611,False,False,,0.759,1540988.0,2007660.0,2.0712117532782903,28.95,33.53,11.26,,-0.03521566845546786,0.44270882320585697,78.25613081035911,0.23307239812074232,0.2557053725120466,True,1.0496143450031197,,0.339,US,True,,18.53232521337467,77.98444925322472,50.59188342967245,39.68408229599266,69.6461824953445,11.696428571428571,25.41966426858513,50.0,55.88235294117647,75.9,47.00574133242124,standard,358,525826238,False,39.4,False,27.981651376146786,58.882402001668055,7.172643869891576,50.0417014178482,50.0417014178482,50.0417014178482,2,SVAG,-8,UPPTREND,False,1,0.14285714285714285,LÅG,EJ AKTUELL,-8.9,0.75,EXTREME_EARNINGS_GROWTH;SUSPICIOUS_FWD_PE;,2026-07-02,0,True
DBK.DE,Deutsche Bank Aktiengesellschaft,Financial Services,Banks - Regional,Germany,EUR,56687037077.239174,-7.1909554999999985,-6.828884375000001,1.6527,-2.90501831,1.9006552,-1.531,,-0.08331,-0.013942501,-0.033262505000000005,-0.011199979999999998,-0.39529,-0.049,-0.05650000000000001,0.076,,,,,622900019200.0,519844986880.0,-45675741184.0,1435067000000.0,,32099000000.0,,,,,6931000000.0,47064000000.0,3.37,0.2152,1.0,2.72,1.0,1780012800.0,1.0,33.05366197776915,22.97644509463702,29.6299991607666,31.79528,2.5,18.0,,,0.08527,0.53603,False,False,,0.5,5659590.0,6551159.0,0.6773423181177314,8.14,21.61,-6.81,18.12,-0.10357892627162457,0.3258925462060904,65.44605763286793,0.07528216889209594,0.028267796194460848,True,0.5866129456523902,,0.988,Europe,True,,28.715282084828953,62.03149435372418,47.08695714636567,46.353222206723395,60.893854748603346,67.41071428571429,,50.0,,50.0,46.96109520430895,standard,359,222018563,False,46.9,False,27.981651376146786,51.45954962468724,64.72060050041702,50.0417014178482,50.0417014178482,50.0417014178482,1,SVAG,-8,UPPTREND,False,2,0.2857142857142857,LÅG,EJ AKTUELL,-2.0,0.875,SUSPICIOUS_FWD_PE;,2026-07-02,0,True
086790.KS,Hana Financial Group Inc.,Financial Services,Banks - Regional,South Korea,KRW,29430014434700.0,,-3.0737071500000006,4.79,,2.0957298,-0.323,,-0.023955005000000015,-0.003279999999999998,0.0,0.24284253499999997,-0.36668998,0.196,-0.013499999999999998,0.073,,,,,196834089762816.0,161647435972608.0,-4530355830784.0,674590676000000.0,,14390802000000.0,,,,,4002882000000.0,-1962471000000.0,4.18,0.2851,4580.0,6.32,1145.0,1778198400.0,0.73,136000.0,78164.67431940185,109700.0,150380.95,1.38095,21.0,,,0.01534,0.6006,False,False,,0.5,893291.0,812905.0,1.32,,,,,,0.4603,44.3,,,False,0.1007679784902129,,0.71,Asia,True,,47.89125481611603,,56.226163988690345,44.834356256102666,5.21415270018622,67.41071428571429,,50.0,,50.0,46.94421350723873,standard,361,65098245,False,39.1,False,27.981651376146786,2.543786488740617,61.38448707256047,50.0417014178482,50.0417014178482,50.0417014178482,2,SVAG,-8,UPPTREND,False,1,0.14285714285714285,LÅG,EJ AKTUELL,-5.3,0.5,SUSPICIOUS_FWD_PE;,2026-07-02,0,True
CBK.DE,Commerzbank AG,Financial Services,Banks - Regional,Germany,EUR,41481486201.9445,0.8656425000000008,-4.404116375000001,0.9426,-2.4133426499999997,3.5769153,-3.212,,-0.0875,-0.013722501000000002,-0.026622504999999998,0.057239979999999975,-0.39529,-0.018000000000000002,0.023499999999999993,0.095,,,,,100426997760.0,20475000832.0,-37251391488.0,590092000000.0,,12934000000.0,,,,,2625000000.0,-6727000000.0,2.91,0.29950002,1.1,2.92,1.1,1779321600.0,0.691,38.86000061035156,25.453337141604344,37.83000183105469,39.95385,2.23077,13.0,,,0.42490003,0.33551,False,False,,0.5,3157784.0,4031131.0,0.62,2.0,18.71,5.15,,-3.23,0.3919,60.8,3.0,,False,0.7219796947123469,,0.502,Europe,True,,33.50077020267787,52.25199422946368,40.59234274916293,51.5528665085786,67.97020484171323,67.41071428571429,,50.0,,50.0,46.91099430249429,standard,362,174422611,False,44.3,False,27.981651376146786,57.46455379482902,40.8673894912427,50.0417014178482,50.0417014178482,50.0417014178482,2,SVAG,-8,UPPTREND,False,1,0.14285714285714285,LÅG,EJ AKTUELL,-2.5,0.75,SUSPICIOUS_FWD_PE;,2026-07-02,0,True
BNP.PA,BNP Paribas SA,Financial Services,Banks - Regional,France,EUR,111242044945.353,-7.0279155,-6.613019075,3.116,-2.76458678,2.2695923,,,-0.07408999999999999,-0.014192501,-0.005282505,-0.027879980000000026,-0.39529,0.032,-0.007500000000000007,0.09,,,,,1143160045568.0,653543014400.0,,2792981000000.0,,68804000000.0,,,,,12225000000.0,46571000000.0,9.84,0.6961,9.95,6.83,2.57,1779062400.0,1.051,103.0,63.2448373359118,101.12000274658203,,,,,,0.11287,0.46537,False,False,,0.5,2222719.0,2506795.0,0.65,8.54,22.0,27.15,,-1.79,0.3065,76.4,8.7,,True,0.7314478838311237,,0.5,Europe,True,,29.872524610279118,67.1548816191446,41.410557471772066,47.61019668015065,45.62383612662943,67.41071428571429,,50.0,,50.0,46.87565950780991,standard,363,289931499,False,43.7,False,27.981651376146786,36.36363636363637,58.381984987489574,50.0417014178482,50.0417014178482,50.0417014178482,1,SVAG,-8,UPPTREND,False,2,0.2857142857142857,LÅG,EJ AKTUELL,0.4,0.75,SUSPICIOUS_FWD_PE;,2026-07-02,0,True
ENEL.MI,Enel SpA,Utilities,Utilities - Diversified,Italy,EUR,100205112138.41637,5.2070055,-5.8966316249999995,0.9288,0.5292907000000002,1.2861979,2.378,-6.61725,-0.024477515000000012,0.014497499,-0.087572498,-0.044447500000000015,-0.009979999999999989,-0.14600000000000002,-0.11299999999999999,-0.073,0.41399999999999615,0.0,0.415,1013112064.0,4696999936.0,70528999424.0,185242107904.0,178657000000.0,,67452000000.0,,,3571000000.0,,4225000000.0,13926000000.0,5.15,1.2763,0.52,6.15,0.26,1784505600.0,0.904,10.3100004196167,7.373696441664331,10.097999572753906,10.21591,,22.0,,,0.236,0.31889,False,False,,0.5,23136853.0,23420759.0,0.7257937095839702,5.22,9.65,18.94,32.7,-0.020562641923798752,0.19425555295591485,73.52941176470588,0.03648956556565319,0.11309904766125456,True,0.9556752669428076,,0.427,Europe,True,,41.56518016048274,70.69755600814663,16.326710550603263,73.149322019144,48.4171322160149,29.017857142857146,58.51318944844125,50.0,,50.0,46.85631158155534,standard,364,270505327,False,56.3,False,67.22268557130943,38.36530442035029,74.56213511259384,50.0417014178482,50.0417014178482,50.0417014178482,5,NEUTRAL,0,UPPTREND,False,2,0.2857142857142857,LÅG,EJ AKTUELL,4.6,1.0,SUSPICIOUS_FWD_PE;,2026-07-02,0,True
HDFCBANK.NS,HDFC Bank Limited,Financial Services,Banks - Regional,India,INR,12263991239070.627,-15.479245500000001,-11.931972,0.89,-3.748680775,4.3271112,5.382,,-0.023424995000000004,-0.017369999999999997,0.00959375500000001,0.031121262500000024,-0.43738,-0.079,-0.052500000000000005,0.08,,,,,3119260631040.0,5884845490176.0,15247612051456.0,48187671100000.0,,2371508200000.0,,,,,673508300000.0,1195617400000.0,1.63,0.2176,13.0,1.02,13.0,1781827200.0,0.432,1003.8961237048558,714.8271607333363,796.2999877929688,1039.8462,1.15385,39.0,,,0.0016500001,0.58099,False,False,,0.5,41464130.0,34648898.0,1.195832120071566,6.7,5.83,-18.04,,-0.20679045471931723,0.19688084321255947,75.83324260532494,0.04659927016233101,-0.09629165013282281,True,0.9047135148965281,,0.92,India,True,,37.79373253723813,42.48583884928717,43.34865033606909,86.08104338122472,8.379888268156424,67.41071428571429,,50.0,,50.0,46.75402728748847,standard,365,289267535,False,35.5,False,27.981651376146786,5.838198498748957,34.361968306922435,50.0417014178482,50.0417014178482,50.0417014178482,0,SVAG,-8,NEDTREND,True,2,0.2857142857142857,LÅG,EJ AKTUELL,-7.2,0.75,SUSPICIOUS_FWD_PE;,2026-07-02,0,True
GS,"The Goldman Sachs Group, Inc.",Financial Services,Capital Markets,United States,USD,300792512204.41223,-3.4080870000000036,-2.233957000000002,1.5751,-4.403022350000001,4.8883123,0.402,,-0.05693874125,-0.021837501250000002,0.03593374249999999,0.011329990000000005,0.3267250500000001,0.08399999999999999,0.11449999999999999,0.188,606.5740000000001,-0.19824999999999987,1.349,,1142199943168.0,839667023872.0,24737777664.0,1809320000000.0,,58283000000.0,,,,,17176000000.0,-45154000000.0,1.77,0.2831,18.0,2.2,4.5,1780272000.0,1.291,1125.0,671.8649502102153,1019.6099853515625,969.55,2.6,20.0,2.96,0.0233,0.00524,0.74646,False,False,,0.396,2154163.0,2506640.0,1.606911568335746,2.77,24.49,14.17,,-0.09368001302083329,0.28778443975881846,46.14012963582483,0.031669277350875547,0.1617313525686359,False,0.16814678654959847,,1.0,US,True,,50.246369989921234,75.74518414799728,69.576382892678,31.046379365521965,29.608938547486037,67.41071428571429,,50.0,67.43697478991596,39.6,46.750856505193205,holding,366,2555795174,False,37.6,False,27.981651376146786,23.686405337781487,30.35863219349458,50.0417014178482,50.0417014178482,50.0417014178482,2,SVAG,-8,UPPTREND,False,3,0.42857142857142855,LÅG,EJ AKTUELL,-0.8,0.875,SUSPICIOUS_FWD_PE;,2026-07-02,0,True
ALLY,Ally Financial Inc.,Financial Services,Credit Services,United States,USD,14458692273.27951,-10.582071000000004,-10.432164700000001,0.5086,-6.173422950000002,1.8809279,3.754,,-0.10885874125,-0.024127501250000002,-0.07608626750000003,-0.16447999000000005,-0.49598498999999996,0.136,,,,,,,9518000128.0,21596000256.0,28860692480.0,196002000000.0,,8770000000.0,,,,,852000000.0,3729000000.0,2.54,0.2913,1.2,3.2,0.3,1777593600.0,1.094,47.2400016784668,35.33893138286392,47.16999816894531,53.40588,1.66667,17.0,4.14,0.045100003,0.102299996,0.87575996,False,False,,0.78,3344177.0,3232670.0,0.35,9.44,16.83,,,-2.33,0.3178,77.1,5.47,,True,0.9381031339202802,,1.0,US,True,,14.813485019496758,52.0366598778004,86.56198389760527,44.66958432138374,82.86778398510242,67.41071428571429,,50.0,42.016806722689076,78.0,46.652977540825745,standard,370,152485038,False,50.6,False,27.981651376146786,75.39616346955796,65.22101751459549,50.0417014178482,50.0417014178482,50.0417014178482,1,SVAG,-8,UPPTREND,False,2,0.2857142857142857,LÅG,EJ AKTUELL,-6.0,0.75,EXTREME_EARNINGS_GROWTH;SUSPICIOUS_FWD_PE;,2026-07-02,0,True
2395.TW,"Advantech Co., Ltd.",Technology,Computer Hardware,Taiwan,TWD,395489697000.0,8.432409500000006,9.374702749999999,2.3459,3.079540625,5.3505015,5.104,9.3525,0.10374998999999999,0.04415,0.004662505000000008,0.009500030000000007,0.027670019999999962,0.04899999999999999,0.017999999999999988,0.22,-1.7605000000000004,-0.22525000000000012,1.108,-26751816192.0,20509259776.0,2189991936.0,377282002944.0,75717524000.0,,70882362000.0,,,11546311000.0,,10592508000.0,9902694000.0,1.84,0.65410006,8.39,2.44,8.392371,1752710400.0,0.738,539.0,271.0,455.5,489.73334,2.0,15.0,,,0.48346,0.25778,False,False,,0.5,3799680.0,2200209.0,0.73,,,,,,0.4826,63.0,,,False,0.06215809649197795,,0.52,Asia,True,27.18632333951843,64.62256250238535,,51.09205868216848,40.26708192222474,26.81564245810056,67.41071428571429,17.505995203836928,50.0,,50.0,46.59859612974165,standard,371,31426628,False,36.9,False,27.981651376146786,21.601334445371144,27.522935779816514,50.0417014178482,50.0417014178482,50.0417014178482,4,NEUTRAL,0,UPPTREND,False,2,0.2857142857142857,LÅG,EJ AKTUELL,13.5,0.875,,2026-07-02,0,True
SVS.L,Savills plc,Real Estate,Real Estate Services,United Kingdom,GBp,1532607258678.43,-9.50982225,-12.622108249999998,,-0.6165060499999997,0.4676368,0.516,-7.6185,0.014228748749999989,-0.002772498749999998,-0.25388249499999993,-0.386710015,0.5254300000000001,0.0040000000000000036,0.13349999999999998,0.362,-11.850250000000003,0.35575000000000023,1.12,-350906264.0,531600000.0,619299968.0,1316044032.0,2351200000.0,,2550900000.0,,,89900000.0,,70900000.0,172300000.0,2.68,0.44419998,0.23,2.04,0.264,1775692800.0,1.254,13907.664950220751,9926.991056858253,11061.95601940155,1246.6,,5.0,,,0.0744,0.77195,False,False,,0.5,687719.0,671547.0,0.6144837770359733,6.93,5.55,-10.62,-16.67,-0.20461442959725828,0.25404596597229034,65.30202964775228,0.050639777786435136,-0.05904360015162946,True,0.8116057014835069,,0.5,UK,True,,42.03919474744705,37.29127645839395,50.78740839734183,53.803654304786676,18.6219739292365,67.41071428571429,3.597122302158273,50.0,,50.0,46.57990729944348,standard,372,7428623379,False,45.7,False,27.981651376146786,15.095913261050875,92.99416180150125,50.0417014178482,50.0417014178482,50.0417014178482,5,NEUTRAL,0,NEDTREND,True,1,0.14285714285714285,LÅG,EJ AKTUELL,4.6,1.0,SUSPICIOUS_FWD_PE;,2026-07-02,0,True
GSK.L,GSK plc,Healthcare,Drug Manufacturers - General,United Kingdom,GBp,102077929040476.19,-9.677054000000002,-3.6545187499999985,19.762,0.9738322500000005,2.4237852,2.897,-3.39675,0.27294122125,0.033319999999999995,0.03452250500000004,0.08633998499999998,0.25410996,-0.068,-0.028999999999999998,0.07,53.69350000000001,-1.4322499999999998,0.507,2550068656.0,3443000064.0,19111999488.0,94955601920.0,61118000000.0,,32667000000.0,,,8338000000.0,,5716000000.0,7741000000.0,3.43,0.4645,0.68,4.37,0.17,1778716800.0,0.294,27740.080583446506,16623.751459801642,25477.187905311584,2086.895,2.80952,19.0,,,0.01747,0.47317,False,False,,0.5,7633403.0,7355215.0,0.92,4.24,-6.48,,,-14.89,0.2669,43.8,0.03,,True,0.8587021529184627,,0.975,UK,True,,77.01419948134999,13.238289205702646,46.01626420135365,52.62095521236023,1.303538175046555,67.41071428571429,85.13189448441247,50.0,,50.0,46.56213722166789,standard,373,187390194639,False,45.7,False,56.96413678065054,2.543786488740617,56.79733110925771,50.0417014178482,50.0417014178482,50.0417014178482,3,SVAG,-8,UPPTREND,False,2,0.2857142857142857,LÅG,EJ AKTUELL,4.3,0.875,SUSPICIOUS_FWD_PE;,2026-07-02,0,True
SPOT,Spotify Technology S.A.,Communication Services,Internet Content & Information,Sweden,USD,94589338202.21054,6.3037889999999965,4.76346125,1.5891,1.4425412999999994,5.396163,5.064,20.63925,0.14349123875,0.04864749475,0.027266252500000004,-0.03321250500000001,-0.17280497,0.021000000000000005,2.1235000000000004,2.204,-76.22149999999999,0.9307500000000002,1.508,-684285568.0,6293000192.0,476000000.0,88772337664.0,15015000000.0,,17186000000.0,,,2198000000.0,,2212000000.0,2933000000.0,,0.0,,,,,1.553,785.0,405.0,460.0199890136719,595.59503,1.55,38.0,3.28,0.049099997,0.2345,0.68928003,False,False,,0.327,2129125.0,1983120.0,1.1743793961032025,-10.3,-3.8,-20.6,,-0.4139872751418193,0.4538094354975512,35.30206529932276,-0.030128002281665567,-0.16323579907003016,False,0.25421486858332326,,0.663,US,True,35.746280803411565,58.71962090750088,31.65149779361847,72.43032541256169,38.679366993199736,49.72067039106145,11.696428571428571,38.84892086330935,50.0,38.23529411764706,32.7,46.53001490520184,standard,374,912274841,False,39.5,False,27.981651376146786,39.366138448707254,27.18932443703086,50.0417014178482,50.0417014178482,50.0417014178482,4,NEUTRAL,0,NEDTREND,True,1,0.14285714285714285,LÅG,EJ AKTUELL,-2.5,0.875,,2026-07-02,0,True
4063.T,"Shin-Etsu Chemical Co., Ltd.",Basic Materials,Chemicals,Japan,JPY,12710015883960.0,2.1570095000000027,-6.754526374999999,1.9002,0.43943730000000003,4.9379053,4.447,-2.3883750000000026,0.006920002499999987,0.025414999999999997,0.06164500249999999,0.06978750700000001,-0.0052849950000000145,-0.081,-0.48,-0.112,-2.6457500000000014,3.301,4.188,70014484480.0,1667094937600.0,243294994432.0,11445706162176.0,5661907000000.0,,2573969000000.0,,,635205000000.0,,474459000000.0,712651000000.0,1.55,0.41979998,106.0,2.04,53.0,1774828800.0,1.078,7930.0,4196.224482642085,6835.0,7958.125,,16.0,,,0.00942,0.56251997,False,False,,0.5,8212220.0,6906050.0,1.0,,,,,,0.4714,52.0,,,False,0.16606009468400854,,0.618,Japan,True,,62.85512590352114,,21.136918253111453,50.52566825732555,8.007448789571695,67.41071428571429,59.2326139088729,50.0,,50.0,46.50498889221674,standard,376,293119874,False,45.8,False,71.97664720600501,5.587989991659716,29.524603836530446,50.0417014178482,50.0417014178482,50.0417014178482,4,NEUTRAL,0,UPPTREND,False,2,0.2857142857142857,LÅG,EJ AKTUELL,10.4,0.875,SUSPICIOUS_FWD_PE;,2026-07-02,0,True
CAMT,Camtek Ltd.,Technology,Semiconductor Equipment & Materials,Israel,USD,7172040465.073761,121.54657999999999,9.363333499999994,3.1643,0.00031930000000013337,14.370148,13.816,26.225250000000003,-0.13699374625,-0.004587501250000001,-0.017253752500000018,0.07819749500000002,0.013705059999999991,-0.101,-0.30200000000000005,-0.078,16.9925,6.671749999999999,7.144,,670260992.0,487811008.0,6895506944.0,1259833000.0,,496072000.0,,,128203000.0,,50722000.0,141871000.0,,0.0,,,1.33,1712102400.0,1.558,215.99000549316406,75.75,153.72000122070312,187.25,,12.0,5.73,0.0998,0.37467,0.50583,False,False,,0.845,462215.0,481540.0,0.868583410621396,-9.37,-3.84,41.3,,-0.28830039672567975,0.6601406521973341,45.592804815833546,-0.1440684426873311,0.07688498626888118,False,0.0412543869208925,,0.512,US,True,,44.040637600890406,58.330946622539024,20.807182604533075,49.79285058633444,91.24767225325886,11.696428571428571,,50.0,18.067226890756302,94.5,46.48226363447493,standard,377,74022329,False,43.6,False,27.981651376146786,86.07172643869892,7.923269391159299,50.0417014178482,50.0417014178482,50.0417014178482,4,NEUTRAL,0,VARNING,False,0,0.0,LÅG,EJ AKTUELL,10.1,0.875,,2026-07-02,0,True
AIR.PA,Airbus SE,Industrials,Aerospace & Defense,Netherlands,EUR,151069072382.64084,0.06554850000000112,0.7913701249999989,1.6805,0.49410609999999977,2.082878,2.067,0.3382500000000004,0.011967494999999995,-0.028982499,-0.04294,-0.13512751400000003,-0.24162999999999998,-0.127,-0.333,-0.261,-4.477999999999996,-0.14100000000000013,0.399,-693512904.0,15776000000.0,14570000384.0,149951070208.0,134939000000.0,,73420000000.0,,,5236000000.0,,5221000000.0,7995000000.0,1.67,0.316,3.2,1.8,3.2,1776729600.0,0.88,217.28503984305604,154.56398910495966,191.89999389648438,210.43784,1.82609,23.0,,,0.2573,0.37599,False,False,,0.5,1390344.0,1343647.0,0.6935399498116039,7.99,19.61,-0.26,13.42,-0.11682831899014845,0.283863080821447,74.58850769845077,0.08410434310025106,0.025757182960762792,True,0.7724064604593819,,0.699,Europe,True,57.92267543431318,28.162723192759337,62.64266279640675,20.994229529662327,52.27958019856195,39.47858472998138,67.41071428571429,41.247002398081534,50.0,,50.0,46.44731134532253,standard,378,294916897,False,43.5,False,27.981651376146786,31.77648040033361,61.634695579649716,50.0417014178482,50.0417014178482,50.0417014178482,3,SVAG,-8,UPPTREND,False,2,0.2857142857142857,LÅG,EJ AKTUELL,-3.2,1.0,SUSPICIOUS_FWD_PE;,2026-07-02,0,True
1818.HK,Zhaojin Mining Industry Company Limited,Basic Materials,Gold,China,HKD,47949083375.31804,-4.2164095,-5.4317158999999995,0.68,0.04993747500000012,3.0267556,3.616,-4.8344999999999985,0.08964249999999999,0.026340000000000002,0.06546251500000001,0.18491003,0.05604001999999997,0.373,0.465,0.804,40.258,-0.80125,0.635,-32110220160.0,9684997120.0,16349121536.0,70427680768.0,53567945000.0,,11550680000.0,,,3034796000.0,,1450799000.0,2597165000.0,0.69,0.052199997,0.11,0.74,0.114769,1780444800.0,0.866,42.138617502341724,15.9399995803833,16.639999389648438,42.01491,1.1,9.0,,,0.42804,0.22556,False,False,,0.5,20215910.0,22970864.0,0.8782826319411677,-27.08,-37.91,-41.96,,-0.6051128305591962,0.5412350257434423,32.25805893400725,-0.31459502833965836,-0.43847158536824227,False,0.01788866167474467,,0.0,Asia,True,,72.5312255119591,17.9370597844535,64.22523003560794,35.76126861557791,64.61824953445065,67.41071428571429,1.1990407673860912,50.0,,50.0,46.42312496359241,commodity,379,48739562,False,44.8,False,27.981651376146786,54.54545454545454,47.62301918265221,50.0417014178482,50.0417014178482,50.0417014178482,5,NEUTRAL,0,NEDTREND,True,3,0.42857142857142855,LÅG,EJ AKTUELL,-11.0,0.875,SUSPICIOUS_FWD_PE;,2026-07-02,0,True
VIG.VI,Vienna Insurance Group AG,Financial Services,Insurance - Diversified,Austria,EUR,8230400390.625,-6.613976499999999,-6.179895375000001,1.21,-2.4217182499999996,0.5970318,-0.224,-12.869999999999997,-0.046249999999999986,-0.0014725000000000016,-0.199222502,-0.26948999500000004,-0.24237998999999996,0.022000000000000006,0.5045,0.632,-18.533500000000004,-0.01649999999999996,1.371,110789376.0,13896567808.0,2414864896.0,-3090796032.0,54315636000.0,,14781083000.0,,,,,834866000.0,842256000.0,2.69,0.2399,1.73,4.16,1.73,1779753600.0,0.44,67.5999984741211,41.467924820839464,64.30000305175781,69.375,,4.0,,,0.72470003,0.10912,False,False,,0.5,44913.0,39716.0,0.78,10.92,8.14,-0.58,,-1.79,0.309,57.1,3.91,,True,0.612058393356396,,0.5,Europe,True,,22.87519474832213,43.14722292939579,59.48268478929585,60.981550372560605,89.94413407821229,67.41071428571429,,50.0,,50.0,46.392635537715634,standard,380,2920895,False,67.5,False,74.9791492910759,84.40366972477065,90.40867389491243,50.0417014178482,50.0417014178482,50.0417014178482,6,NEUTRAL,0,UPPTREND,False,2,0.2857142857142857,LÅG,EJ AKTUELL,5.9,0.875,SUSPICIOUS_FWD_PE;,2026-07-02,0,True
TLS.AX,Telstra Group Limited,Communication Services,Telecom Services,Australia,AUD,57366552734.36082,-1.3396420000000013,0.259209499999999,3.06,0.3238318000000002,2.4765391,3.376,-6.635999999999999,0.0014900059999999882,0.013544999000000002,-0.007285003499999998,-0.00828001500000003,0.21960003,-0.057999999999999996,0.011499999999999996,0.094,-40.4055,-0.11399999999999966,0.433,609374976.0,1436000000.0,18752000000.0,78193704960.0,44968000000.0,,22717000000.0,,,3312000000.0,,2172000000.0,,4.08,0.9596,0.21,3.73,0.105,1771977600.0,0.121,5.579999923706055,4.610899991776986,5.150000095367432,5.28357,2.78571,14.0,,,0.00465,0.30394,False,False,,0.5,22671286.0,23342565.0,1.13,-2.54,-7.93,4.56,,-10.09,0.1479,29.4,-4.56,,True,0.6398059151401285,,0.5,Australia,True,,56.720586721154135,27.602310336048884,33.947568084551854,79.65576284076388,60.14897579143389,67.41071428571429,63.30935251798561,50.0,,50.0,46.38151880043857,standard,381,83239306,False,60.3,False,87.48957464553794,50.0417014178482,56.04670558798999,50.0417014178482,50.0417014178482,50.0417014178482,5,NEUTRAL,0,VARNING,False,2,0.2857142857142857,LÅG,EJ AKTUELL,-1.2,0.875,SUSPICIOUS_FWD_PE;,2026-07-02,0,True
NTRS,Northern Trust Corporation,Financial Services,Asset Management,United States,USD,32174165844.908936,-3.8438630000000042,-3.182671000000001,1.3615,-4.606435350000002,3.846974,4.624,,-0.05779874125,-0.020267501250000007,-0.034056247500000025,-0.05745997000000003,-0.49598498999999996,0.07800000000000001,0.2985,0.341,,,,,11795300352.0,17407500288.0,38671265792.0,177132700000.0,,8086400000.0,,,,,1736900000.0,5533500000.0,1.84,0.3298,3.2,2.96,0.8,1780617600.0,1.272,178.6999969482422,116.3490429926553,173.8699951171875,172.07692,2.93333,13.0,2.75,0.0191,0.00851,0.86458,False,False,,0.673,1108474.0,1182870.0,1.091984438312777,4.01,26.6,25.3,,-0.027028550159704956,0.24881077517121605,55.176605169960816,0.04206971565526474,0.20970420077230645,False,0.6625241485234946,,0.914,US,True,,23.3801900724929,82.4832665054311,72.39533896284374,49.36933324034035,71.88081936685289,67.41071428571429,,50.0,77.31092436974791,67.30000000000001,46.362934566599016,holding,382,205665601,False,44.4,False,27.981651376146786,61.13427856547122,37.94829024186822,50.0417014178482,50.0417014178482,50.0417014178482,1,SVAG,-8,UPPTREND,False,3,0.42857142857142855,LÅG,EJ AKTUELL,-2.5,0.75,SUSPICIOUS_FWD_PE;,2026-07-02,0,True
EQIX,"Equinix, Inc.",Real Estate,REIT - Specialty,United States,USD,107628646658.03711,39.06490875,27.721905749999998,3.5793,0.641215899999998,11.29841,13.607,6.237249999999998,-0.03339124625000001,-0.00553,-0.11435874250000003,-0.14044250500000002,0.02007500999999995,0.064,-0.035500000000000004,0.21,65.93350000000001,0.5827500000000001,0.554,1333089536.0,1362000000.0,23335999488.0,129624645632.0,40141000000.0,,9217000000.0,,,1966000000.0,,1350000000.0,3911000000.0,1.81,1.3299,19.7,1.86,5.16,1779235200.0,0.97,1124.0,713.1863099090233,1091.300048828125,1197.1072,1.58065,28.0,3.45,0.022,0.0027200002,1.00161,False,False,,0.475,567211.0,726660.0,0.54,-3.82,4.01,,,-7.63,0.2566,47.9,-4.12,,True,0.6619681590354092,,0.523,US,True,65.05669672406871,33.23342665103529,29.429735234215883,50.437279816093834,57.68800969728093,46.18249534450652,29.017857142857146,67.14628297362111,50.0,72.05882352941177,47.5,46.338718279124905,standard,383,793004093,False,48.0,False,73.31109257714762,36.78065054211843,10.67556296914095,50.0417014178482,50.0417014178482,50.0417014178482,4,NEUTRAL,0,VARNING,False,1,0.14285714285714285,LÅG,EJ AKTUELL,3.4,0.875,,2026-07-02,0,True
7186.T,"Yokohama Financial Group, Inc.",Financial Services,Banks - Regional,Japan,JPY,1904516667120.5,0.3606265000000004,-1.5386746249999987,,-0.8861667000000002,4.9355793,0.917,,-0.042457497500000003,-0.012735000000000003,0.009802507500000002,-0.04397998800000004,-0.347475025,0.151,-0.0325,0.073,,,,,4153681117184.0,2588399894528.0,353721745408.0,24793138000000.0,,,,,,,,376257000000.0,2.8,0.4042,48.0,3.21,24.0,1790640000.0,0.229,1822.0,885.7575051918388,1713.5,1767.7778,2.0,9.0,,,0.07467,0.48087,False,False,,0.5,3477180.0,3801160.0,0.67,,,,,,0.4032,58.2,,,False,0.5661191141117111,,0.977,Japan,True,,34.37612389796917,,61.74350771225391,64.171955642349,16.945996275605214,67.41071428571429,,50.0,,50.0,46.328299921284305,standard,384,40446159,False,36.1,False,27.981651376146786,14.09507923269391,29.69140950792327,50.0417014178482,50.0417014178482,50.0417014178482,1,SVAG,-8,UPPTREND,False,3,0.42857142857142855,LÅG,EJ AKTUELL,3.7,0.75,SUSPICIOUS_FWD_PE;,2026-07-02,0,True
SLHN.SW,Swiss Life Holding AG,Financial Services,Insurance - Diversified,Switzerland,CHF,24815602224.0,3.8415635000000004,2.9372646250000014,2.6097,-0.10561465000000014,2.1189995,-3.746,-33.932,-0.0040000000000000036,-0.013382501000000002,-0.15441250499999998,-0.21877000000000002,-0.04877998,-0.05,-0.0295,0.073,147.08350000000002,4.0565,5.365,-831637904.0,83701997568.0,14849999872.0,-43869396992.0,219125000000.0,,17796000000.0,,,,,1231000000.0,,4.11,0.8052,36.5,4.57,36.5,1778457600.0,0.535,909.6111976494224,760.0860925810925,888.0,855.7,3.25,12.0,,,0.00389,0.3832,False,False,,0.5,72872.0,65243.0,0.64,6.87,8.14,,,-0.93,0.1817,78.4,3.44,,True,0.82471313528762,,0.5,Europe,True,,28.744730431648218,45.41751527494908,32.35915000247328,72.28675733586314,76.16387337057728,67.41071428571429,,50.0,,50.0,46.256498617733335,standard,385,72100685,False,48.6,False,27.981651376146786,66.22185154295246,61.13427856547122,50.0417014178482,50.0417014178482,50.0417014178482,2,SVAG,-8,UPPTREND,False,2,0.2857142857142857,LÅG,EJ AKTUELL,-4.5,0.875,,2026-07-02,0,True
TTWO,"Take-Two Interactive Software, Inc.",Communication Services,Electronic Gaming & Multimedia,United States,USD,44287068898.746124,,3.197532249999999,3.3314,4.437460299999999,6.653306,6.799,41.74125,-0.34196873625,-0.07311250025000002,-0.17202375749999999,-0.16766250500000004,0.08072500999999993,0.0,,,2.0954999999999977,0.10675000000000018,1.1,55751936.0,1989299968.0,2958299904.0,45256069120.0,9383200000.0,,6656400000.0,,,-108600000.0,,-298200000.0,624300000.0,,0.0,,,0.001,,0.982,264.7900085449219,187.6300048828125,238.52999877929688,281.66833,1.2,30.0,3.09,0.0507,0.0135,0.93856,False,False,,0.678,2338541.0,3754410.0,2.0416599162900875,9.19,22.5,-4.29,,-0.0991729631715691,0.30505384351379844,73.8255082072485,0.06750623736447037,0.033594077042738535,True,0.8096262543144651,,0.585,US,True,40.13140618726738,19.73240585628891,64.71195052613713,43.659338012661706,62.50659790576873,66.10800744878958,11.696428571428571,51.3189448441247,50.0,36.76470588235294,67.80000000000001,46.18701596329059,standard,386,895539413,False,51.5,False,70.39199332777314,55.62969140950792,20.43369474562135,50.0417014178482,50.0417014178482,50.0417014178482,3,SVAG,-8,UPPTREND,False,2,0.2857142857142857,LÅG,EJ AKTUELL,-3.3,0.75,EXTREME_EARNINGS_GROWTH;,2026-07-02,0,True
BE,Bloom Energy Corporation,Industrials,Electrical Equipment & Parts,United States,USD,71685544828.63531,,32.91873450000001,1.3395,68.79466799999999,29.27103,29.47,289.50325,-0.20523124625000003,-0.03543750125,-0.10752375250000001,-0.044217494999999996,-0.19508499,1.243,,,230.79350000000002,3.65825,3.979,-1126514336.0,2491432960.0,2952817920.0,72173469696.0,4396711000.0,,2023994000.0,,,72802000.0,,-88434000.0,113949000.0,,0.0,,,,,3.746,351.2799987792969,21.520000457763672,252.02000427246094,266.928,2.32143,25.0,2.84,0.119799994,0.05834,0.87953,False,False,,0.296,11406833.0,16011500.0,4.141219733771426,-14.22,88.75,175.64,,-0.2825665988720276,1.1073004447971675,47.73039130409579,-0.07920138131040488,0.5703364765781962,False,0.23513662621263365,,0.853,US,True,24.412035982074062,19.712447987975402,87.31874257467753,84.91535920726672,26.846828702773745,56.23836126629422,11.696428571428571,34.2925659472422,50.0,13.445378151260504,29.599999999999998,46.182041341443714,standard,387,4035218298,False,36.7,False,27.981651376146786,45.120934111759794,2.543786488740617,50.0417014178482,50.0417014178482,50.0417014178482,2,SVAG,-8,VARNING,False,2,0.2857142857142857,LÅG,EJ AKTUELL,-0.8,0.75,EXTREME_EARNINGS_GROWTH;,2026-07-02,0,True
BARC.L,Barclays PLC,Financial Services,Banks - Diversified,United Kingdom,GBp,88490718434493.11,-1.0903090000000013,-1.8504380000000005,1.6495,-1.4520575999999998,2.5423064,3.888,,-0.05172874625,-0.021080000300000006,-0.008050000000000002,-0.05640748000000001,-0.47457,-0.022,-0.0465,0.038,,,,,724346994688.0,759123017728.0,105331785728.0,1544165000000.0,,29140000000.0,,,,,7172000000.0,18739000000.0,1.68,0.1982,0.09,3.23,0.056,1771459200.0,0.899,6694.451221757918,4156.637509056552,6561.371746970981,550.941,1.70588,17.0,,,0.00303,0.50842,False,False,,0.5,55103268.0,57299136.0,0.5244954269553266,16.21,33.13,11.95,53.05,-0.019879071544267823,0.3030064846297748,77.56209953721664,0.15052674032217084,0.21387604503967927,True,0.8329762403805402,,0.692,UK,True,,25.860583182237253,81.9048679807972,39.20437156310956,53.87065839029153,1.675977653631285,67.41071428571429,,50.0,,50.0,46.158541983535805,standard,388,375960932076,False,38.2,False,27.981651376146786,2.543786488740617,55.54628857381151,50.0417014178482,50.0417014178482,50.0417014178482,0,SVAG,-8,UPPTREND,False,2,0.2857142857142857,LÅG,EJ AKTUELL,-0.5,0.875,SUSPICIOUS_FWD_PE;,2026-07-02,0,True
SBIN.NS,State Bank of India,Financial Services,Banks - Regional,India,INR,9649687849761.275,-21.769657500000005,-14.370208000000002,0.53,-4.2211119749999995,2.5612936,4.298,,-0.00683499500000001,-0.023320000999999993,-0.03760624500000001,-0.08466877750000001,-0.43738,0.009999999999999995,-0.1585,0.002,,,,,2256107732992.0,8610153758720.0,16191416434688.0,83215685742000.0,,3817091770000.0,,,,,832987824000.0,380973900000.0,1.66,0.1744,17.35,1.5,17.35,1778803200.0,0.37,1212.8384373028666,772.62337460265,1045.4000244140625,1195.6052,1.48718,38.0,,,0.57004,0.30085,False,False,,0.5,17066423.0,10592306.0,1.0999737248158203,8.02,3.24,9.23,,-0.13805500200105536,0.2241885112992085,75.60514597419626,0.03396982125304082,0.059042476897958274,True,0.8384556471487634,,1.0,India,True,,26.582390167435484,56.23117150373387,46.90362697333555,83.09840982005858,10.05586592178771,67.41071428571429,,50.0,,50.0,46.14976405322285,standard,389,116093147,False,38.8,False,27.981651376146786,6.839032527105922,55.04587155963303,50.0417014178482,50.0417014178482,50.0417014178482,1,SVAG,-8,UPPTREND,False,2,0.2857142857142857,LÅG,EJ AKTUELL,-3.3,0.75,SUSPICIOUS_FWD_PE;,2026-07-02,0,True
HM-B.ST,H & M Hennes & Mauritz AB (publ),Consumer Cyclical,Apparel Manufacturing,Sweden,SEK,232797621426.63208,-4.6203125000000025,0.22942037499999923,2.5259,1.9546055999999985,1.2012241,1.373,-5.762999999999998,0.14600250999999997,-0.0030999999999999986,-0.04055500250000001,-0.06514997499999998,0.08951000000000003,-0.1065,-0.104,0.002,96.168875,-0.41200000000000014,0.53,21941438848.0,18697000960.0,56363999232.0,302948646912.0,170273000000.0,,228285000000.0,,,18529000000.0,,12158000000.0,31120000000.0,4.28,0.90489995,7.1,4.91,3.55,1793750400.0,,190.12972139864354,122.30078726595396,166.0500030517578,156.08463,3.65385,26.0,,,0.70359004,0.20909001,False,False,,0.5,2341478.0,3691325.0,1.0827096573003276,0.36,-1.46,-6.33,,-0.1266488909243072,0.26156022775236365,49.63609904573727,0.0005619143496362611,-0.021632301933111386,True,0.4587160267928844,,0.99,Nordic,True,,51.185686515169444,45.204567634080114,38.54714202837384,43.667109210678724,32.774674115456236,67.41071428571429,95.68345323741008,50.0,,50.0,46.09339151599819,standard,391,63382852,False,62.2,False,97.5396163469558,25.688073394495415,76.31359466221852,50.0417014178482,50.0417014178482,50.0417014178482,4,NEUTRAL,0,NEDTREND,True,1,0.14285714285714285,LÅG,EJ AKTUELL,6.7,0.75,SUSPICIOUS_FWD_PE;,2026-07-02,0,True
ALGM,"Allegro MicroSystems, Inc.",Technology,Semiconductors,United States,USD,10785431601.245972,,14.694463499999996,,0.8685423000000005,12.117155,12.268,79.43225,-0.22817374575000002,-0.058487502250000004,-0.1302837525,-0.041642504999999996,-0.031054990000000005,0.135,,,-22.494500000000002,1.7727500000000003,1.944,-1242073456.0,168752992.0,305912000.0,10919272448.0,1416175000.0,,890096000.0,,,25077000.0,,-14897000.0,163069000.0,,0.0,,,,,1.978,61.67499923706055,22.40999984741211,57.88999938964844,55.72727,1.27273,11.0,5.94,0.1368,0.32584998,0.76164,False,False,,0.756,2558604.0,4181680.0,0.35,28.35,93.99,,,-7.21,0.7504,69.9,29.69,,True,0.7746721911349008,,0.894,US,True,9.96527664746031,22.085384633268752,61.91446028513238,77.39609138453069,32.60311594328706,87.33705772811918,11.696428571428571,10.551558752997602,50.0,10.504201680672269,75.6,46.09190791715949,standard,392,242077453,False,43.1,False,27.981651376146786,80.73394495412845,9.7581317764804,50.0417014178482,50.0417014178482,50.0417014178482,3,SVAG,-8,UPPTREND,False,2,0.2857142857142857,LÅG,EJ AKTUELL,6.5,0.75,EXTREME_EARNINGS_GROWTH;,2026-07-02,0,True
MS,Morgan Stanley,Financial Services,Capital Markets,United States,USD,334431697823.1135,-2.8428660000000026,-1.11055,2.5492,-4.060982050000002,4.5703626,3.573,,-0.03853874125,-0.018577501250000003,-0.01016625750000004,0.03149001000000001,0.37789501000000003,0.10200000000000001,0.1915,0.29,430.224,0.2627500000000002,1.53,,663304994816.0,579511975936.0,261486706688.0,1420270000000.0,,65966000000.0,,,,,16861000000.0,-17889000000.0,1.89,0.35549998,4.0,2.98,1.0,1777507200.0,1.221,230.47000122070312,132.07223089986599,212.02999877929688,206.09525,2.32,21.0,0.0,0.0,0.24311,0.62767,False,False,,0.614,6018293.0,7134140.0,0.28,-1.5,28.12,,,-6.75,0.3134,55.4,4.21,,False,0.33388709155570173,,1.0,US,True,,50.617140843541826,55.142566191446036,75.02648409893857,36.63337730641391,28.677839851024206,67.41071428571429,,50.0,98.94957983193278,61.4,46.01258787469577,holding,394,1512651695,False,37.8,False,27.981651376146786,23.102585487906588,32.443703085904914,50.0417014178482,50.0417014178482,50.0417014178482,3,SVAG,-8,UPPTREND,False,2,0.2857142857142857,LÅG,EJ AKTUELL,-1.3,0.875,SUSPICIOUS_FWD_PE;,2026-07-02,0,True
MUV2.DE,Münchener Rückversicherungs-Gesellschaft Aktiengesellschaft in München,Financial Services,Insurance - Reinsurance,Germany,EUR,61127395937.33478,-7.417948499999999,-5.308249375000001,2.0309,-1.85287875,0.9963391,1.026,,0.02864,0.003937498999999997,-0.150042505,-0.22960000000000003,-0.03420997999999997,-0.121,0.4805,0.563,-29.7545,-1.3225,0.229,,5600000000.0,7518000128.0,62938521600.0,279934000000.0,,62312000000.0,,,,,6118000000.0,4906000000.0,5.02,0.383,24.0,3.61,24.0,1777507200.0,0.335,583.9169414517542,437.3999938964844,477.70001220703125,552.0706,2.82353,17.0,,,0.0,0.50668,False,False,,0.5,363483.0,400139.0,0.6942197728247018,4.58,-3.93,-10.72,-9.0,-0.18190417455716013,0.21284671891781995,76.96631236173506,-0.010315054052012607,-0.05575526239892015,True,0.8034553414201666,,0.719,Europe,True,,36.2828962500508,34.1149905895403,56.5231959731384,58.00175599081325,58.659217877094974,67.41071428571429,,50.0,,50.0,45.98338337250071,standard,395,218627930,False,48.8,False,27.981651376146786,47.956630525437866,80.81734778982485,50.0417014178482,50.0417014178482,50.0417014178482,3,SVAG,-8,NEDTREND,True,1,0.14285714285714285,LÅG,EJ AKTUELL,-5.5,1.0,SUSPICIOUS_FWD_PE;,2026-07-02,0,True
ANZ.AX,ANZ Group Holdings Limited,Financial Services,Banks - Diversified,Australia,AUD,105506505589.9606,-6.194122,-6.37817475,2.13,-1.64972665,4.9036303,4.351,,-0.02962999000000001,-0.003939999999999999,0.0384624925,0.13089250999999996,-0.26982,-0.082,-0.1205,0.002,,,,,284675014656.0,272083992576.0,93618503680.0,1297108000000.0,,22307000000.0,,,,,5891000000.0,26110000000.0,4.74,0.84139997,1.66,5.53,0.83,1778457600.0,0.568,40.07502154105189,27.90277495325495,35.040000915527344,35.49525,2.5,14.0,,,0.00013,0.36499,False,False,,0.5,4976466.0,4894757.0,1.0,0.38,-2.83,-2.27,,-12.95,0.2462,57.1,-0.9,,True,0.6278825384596028,,0.5,Australia,True,,48.681867820201624,25.699306262729124,23.641920208511568,74.41501604128888,46.55493482309125,67.41071428571429,,50.0,,50.0,45.86152244433971,standard,396,118759369,False,39.6,False,27.981651376146786,36.94745621351126,30.025020850708923,50.0417014178482,50.0417014178482,50.0417014178482,0,SVAG,-8,VARNING,False,2,0.2857142857142857,LÅG,EJ AKTUELL,-13.2,0.75,SUSPICIOUS_FWD_PE;,2026-07-02,0,True
BA,The Boeing Company,Industrials,Aerospace & Defense,United States,USD,171258681409.75,50.49634999999999,27.1185215,23.5374,19.678124999999998,1.8577917,2.177,-83.72375,1.48137875375,-0.08701750125000002,-0.08538375150000002,-0.123187505,-0.44773499299999997,0.07900000000000001,,,748.0135,-0.19175000000000003,0.317,1162214400.0,20177999872.0,49614000128.0,200700674048.0,168235000000.0,,89463000000.0,,,-5416000000.0,,2235000000.0,1065000000.0,,0.0,,2.48,2.055,1581552000.0,1.198,254.35000610351562,176.77000427246094,217.25,270.0,1.62963,25.0,0.02,0.0002,0.00051,0.75448996,False,False,,0.387,6638338.0,6141380.0,1.8432364573997388,-3.14,11.78,0.18,,-0.14586202167581874,0.3185634581330355,51.75507374240668,-0.030082837680865837,-0.004974215503135926,False,0.3923770996981239,,0.746,US,True,,30.624754864772665,57.336483791581806,65.65949284338012,30.424122009847164,37.05772811918063,11.696428571428571,58.992805755395686,50.0,96.63865546218487,38.7,45.854351041176606,standard,397,1334214805,False,53.4,False,66.4720600500417,29.774812343619683,65.55462885738115,50.0417014178482,50.0417014178482,50.0417014178482,2,SVAG,-8,NEDTREND,True,1,0.14285714285714285,LÅG,EJ AKTUELL,-2.5,0.875,EXTREME_EARNINGS_GROWTH;,2026-07-02,0,True
LONN.SW,Lonza Group AG,Healthcare,Diagnostics & Research,Switzerland,CHF,37338723118.21863,13.912403500000003,6.019501875000001,1.571,0.15591240000000006,5.717153,6.332,3.227000000000002,-0.05395000249999998,-0.013722501000000002,-0.16946,0.007127484999999989,-0.035620019999999974,,,,15.091750000000005,-0.034499999999999975,0.624,-2408262912.0,719000000.0,4679000064.0,41351725056.0,17907000000.0,,6531000000.0,,,1358000000.0,,-275000000.0,1156000000.0,0.94,0.3077,5.0,0.67,5.0,1778544000.0,0.827,588.6272751924404,449.8822856236341,534.5999755859375,665.4783,1.5,23.0,,,0.00090000004,0.61189,False,False,,0.5,164742.0,169838.0,1.003105738775901,6.45,13.32,3.13,,-0.09178524659571663,0.21569665766254537,80.32124724034755,0.0804584615520687,0.029709035011233453,True,1.050661515657729,,0.5,Europe,True,36.29892466117604,33.054370861663415,61.568917600135784,27.857142857142858,67.39740356611033,69.83240223463687,67.41071428571429,19.664268585131893,50.0,,50.0,45.82424673865786,standard,398,112994240,False,42.1,False,27.981651376146786,58.965804837364466,24.770642201834864,50.0417014178482,50.0417014178482,50.0417014178482,1,SVAG,-8,UPPTREND,False,3,0.42857142857142855,LÅG,EJ AKTUELL,-7.0,0.75,EXTREME_GROWTH;EXTREME_EARNINGS_GROWTH;,2026-07-02,0,True
4661.T,"Oriental Land Co., Ltd.",Consumer Cyclical,Leisure,Japan,JPY,3932860250709.0,4.7785685,-1.4381368750000014,7.1194,0.51421275,5.5821753,5.198,-2.1353750000000025,,,0.07647999999999999,0.055727502,0.039954975000000004,,,,-0.44074999999999953,1.1029999999999998,3.059,,597097971712.0,326706003968.0,3662468349952.0,,,,,,,,,,0.67,0.2018,16.0,0.28,8.0,1790640000.0,0.3,3696.72509765625,2103.0,2398.5,3029.1213,2.5,14.0,,,0.30672002,0.17298001,False,False,,0.5,5945801.0,5261690.0,0.7487308374425475,6.6,-10.27,-14.54,,-0.35118248270052155,0.2974843215399912,76.60208643815201,0.04055496264674496,-0.1596866802702812,True,0.9222901431981412,,0.5,Japan,True,,65.79764121663563,32.093834860828245,27.857142857142858,74.65816199975615,13.966480446927374,67.41071428571429,,50.0,,50.0,45.80101366631792,standard,399,78368586,False,35.0,False,27.981651376146786,10.925771476230192,25.85487906588824,50.0417014178482,50.0417014178482,50.0417014178482,3,SVAG,-8,NEDTREND,True,3,0.42857142857142855,LÅG,EJ AKTUELL,-8.8,0.625,EXTREME_GROWTH;EXTREME_EARNINGS_GROWTH;SUSPICIOUS_FWD_PE;,2026-07-02,0,True
MSAB-B.ST,Micro Systemation AB (publ),Technology,Software - Application,Sweden,SEK,1226281907.4906616,-3.0623065,1.0466251250000012,,1.9807939999999995,2.7650378,2.617,-2.9579999999999993,0.13622999999999996,0.04735000000000001,-0.023630000000000005,-0.276829975,0.48263004000000004,-0.051000000000000004,,,10.975374999999998,-0.2230000000000001,1.487,-796967228.0,145600000.0,76300000.0,1227153664.0,318067000.0,,461784000.0,,,67843000.0,,49172000.0,101888000.0,1.71,0.6073,1.2,4.0,0.6,1794441600.0,0.379,78.19999694824219,50.63794568799231,70.19999694824219,78.25,,2.0,,,0.2339,0.54445,False,False,,0.5,16134.0,11800.0,0.76,-6.75,14.21,,,-6.75,0.4868,46.6,1.01,,False,0.23632341515716396,,0.167,Nordic,True,,61.65781410408135,42.61710794297352,13.148998761354253,56.533685117271574,97.20670391061452,67.41071428571429,,50.0,,50.0,45.798684221973964,standard,400,85658,False,52.1,False,27.981651376146786,97.5396163469558,52.877397831526274,50.0417014178482,50.0417014178482,50.0417014178482,3,SVAG,-8,UPPTREND,False,2,0.2857142857142857,LÅG,EJ AKTUELL,-2.2,0.875,EXTREME_EARNINGS_GROWTH;SUSPICIOUS_FWD_PE;,2026-07-02,0,True
ANTO.L,Antofagasta plc,Basic Materials,Copper,United Kingdom,GBp,48447793856938.24,17.444056,12.437066250000003,0.92,2.0782053,4.3744435,5.164,-1.9775,0.02623874874999998,0.03187999999999999,0.022002515000000014,0.193279995,0.024680000000000035,0.224,0.0,0.417,-0.6007499999999997,0.8787499999999999,2.595,-436993764.0,4909899776.0,7659400192.0,44518817792.0,26418400000.0,,8620300000.0,,,3402600000.0,,1328900000.0,3071600000.0,1.25,0.2982,0.48,3.33,0.355766,1776297600.0,1.41,55365.4048538208,23273.935539752765,49142.8359746933,3822.2256,2.95238,21.0,,,0.65474,0.22759001,False,False,,0.5,1506824.0,1647404.0,0.73,-8.5,10.64,18.32,,-13.53,0.6008,43.5,-1.53,,False,0.3263445344171288,,0.5,UK,True,,67.57979990064224,45.35214591819416,58.21717860721944,35.47326441875098,3.7243947858473,67.41071428571429,37.64988009592326,50.0,,50.0,45.76557926371218,commodity,401,80958104556,False,35.0,False,27.981651376146786,2.543786488740617,33.94495412844037,50.0417014178482,50.0417014178482,50.0417014178482,4,NEUTRAL,0,VARNING,False,2,0.2857142857142857,LÅG,EJ AKTUELL,12.2,0.875,,2026-07-02,0,True
RKLB,Rocket Lab Corporation,Industrials,Aerospace & Defense,United States,USD,48937456866.469,,-4836.4483885,,12.553747999999999,77.72791,70.166,-311.42375,-0.35358124625,-0.13210750125,-0.37870375250000005,-0.36389750500000007,-0.13042499000000002,0.5740000000000001,,,-74.55849999999998,3.1072499999999996,3.874,-1607034960.0,1383351040.0,138670000.0,47682932736.0,2324478000.0,,601799000.0,,,-228838000.0,,-198209000.0,-165521000.0,,0.0,,,,,2.499,151.0,33.72999954223633,84.54000091552734,106.91944,1.57895,18.0,1.23,0.0594,0.00856,0.59299,False,False,,0.773,27361258.0,35693750.0,1.1581109009697934,-43.73,28.21,9.54,,-0.4401324442680309,0.9326750164068524,34.08920992041797,-0.2009617838795359,0.1289133251358201,False,0.1043169919892445,,0.838,US,True,,9.596017940880596,66.61256788866258,82.08634393063583,32.05088980910697,64.43202979515829,11.696428571428571,25.899280575539567,50.0,28.991596638655466,77.3,45.71153489328122,standard,403,3017549658,False,38.0,False,27.981651376146786,54.21184320266889,2.543786488740617,50.0417014178482,50.0417014178482,50.0417014178482,2,SVAG,-8,VARNING,False,2,0.2857142857142857,LÅG,EJ AKTUELL,0.3,0.75,EXTREME_EARNINGS_GROWTH;SUSPICIOUS_FWD_PE;,2026-07-02,0,True
FFH.TO,Fairfax Financial Holdings Limited,Financial Services,Insurance - Property & Casualty,Canada,CAD,44771828997.21875,-14.954175,-4.762170125000001,0.28,-2.261192725,1.2547995,1.572,-2.1952500000000006,0.0259025125,0.017525000000000006,-0.12527500500000002,-0.20913874000000002,0.048269969999999995,-0.139,-0.3985,-0.264,-3.918000000000003,0.3420000000000001,0.771,1863214528.0,6691800064.0,14048799744.0,60637417472.0,107787700000.0,,30405400000.0,,,,,4772400000.0,2419400000.0,0.88,0.074200004,20.77,1.42,20.817,1768435200.0,0.45,2678.1534874492927,2066.159912109375,2347.02001953125,2835.7258,,6.0,2.38,,0.025880001,0.34779,False,False,,0.5,67264.0,97570.0,0.2,8.35,-0.54,-9.06,,-9.33,0.2483,65.4,3.96,,True,0.9184567123574264,,1.0,Canada,True,,42.41754601114009,26.002683723693142,29.65160440785082,72.21666002146023,65.36312849162012,67.41071428571429,87.52997601918466,50.0,,50.0,45.6062507439578,standard,404,161481646,False,63.3,False,84.90408673894912,55.21267723102585,75.0625521267723,50.0417014178482,50.0417014178482,50.0417014178482,4,NEUTRAL,0,UPPTREND,False,2,0.2857142857142857,LÅG,EJ AKTUELL,1.6,0.875,SUSPICIOUS_FWD_PE;,2026-07-02,0,True
AEHR,"Aehr Test Systems, Inc.",Technology,Semiconductor Equipment & Materials,United States,USD,2887723172.949829,,587.4574335000001,0.9,10.1049693,63.81004,63.216,-263.39375,-0.29945374625,-0.13644750125000002,-0.3658037525,-0.5559825249999999,-0.18874499,-0.563,,,-47.255500000000005,9.29175,5.79,-1399487209.0,36911000.0,10025000.0,2860837376.0,148508000.0,,58968000.0,,,-4813000.0,,-3910000.0,-7400000.0,,0.0,,,,,3.183,126.62000274658203,11.989999771118164,91.80999755859375,71.33333,1.5,3.0,1.86,0.1344,0.04566,0.73372,False,False,,0.408,2993380.0,1523240.0,1.3134794054965107,-11.57,165.58,303.21,,-0.2749171097212596,1.2017465825840394,45.84376628457296,-0.05673949461456429,0.9493623867583925,False,0.17790058977908274,,0.675,US,True,,8.332119055655326,88.57468283265445,26.9619632535095,33.74691262311841,95.90316573556798,11.696428571428571,1.1990407673860912,50.0,10.92436974789916,40.8,45.59519362395183,standard,405,139848661,False,43.8,False,27.981651376146786,92.74395329441201,2.543786488740617,50.0417014178482,50.0417014178482,50.0417014178482,3,SVAG,-8,VARNING,False,1,0.14285714285714285,LÅG,EJ AKTUELL,-0.2,0.75,EXTREME_EARNINGS_GROWTH;,2026-07-02,0,True
CCO.TO,Cameco Corporation,Energy,Uranium,Canada,CAD,64445815286.31647,74.082568,42.736606624999986,1.92,5.7414171750000005,18.216015,18.188,61.830999999999996,-0.0285900015,-0.021727498249999984,0.08229249999999999,0.021373739999999995,-0.013519989999999982,0.022499999999999992,0.59,0.874,-25.946,1.4,1.837,67805888.0,1109720064.0,1010993984.0,64347103232.0,10301282000.0,,3481933000.0,,,621259000.0,,589577000.0,1408432000.0,0.16,0.1611,0.24,0.23,0.24,1764547200.0,0.983,182.72000122070312,94.77613395571522,147.97000122070312,178.27779,1.79167,18.0,3.26,,0.00145,0.6863,False,False,,0.5,902264.0,892600.0,0.819629178675462,-3.07,2.54,16.07,,-0.19018169750352787,0.541746888414692,51.0781103922467,-0.04276597892501077,0.03021736094144689,True,0.45043234431254825,,0.712,Canada,True,38.50971711318728,46.96798413855625,57.59106627630686,69.12896390913458,46.97454476843651,57.91433891992551,67.41071428571429,50.35971223021583,50.0,,50.0,45.54422126278267,commodity,406,93136653,False,37.4,False,27.981651376146786,46.9557964970809,5.838198498748957,50.0417014178482,50.0417014178482,50.0417014178482,3,SVAG,-8,VARNING,False,2,0.2857142857142857,LÅG,EJ AKTUELL,-3.0,0.875,,2026-07-02,0,True
ITUB,Itaú Unibanco Holding S.A.,Financial Services,Banks - Regional,Brazil,USD,44475983846.1358,-11.613379000000004,-9.459769000000001,1.4414,-5.0178107500000015,0.65643406,5.231,,0.015741258749999994,-0.015537501250000002,0.07508374250000001,-0.04391997000000003,-0.49598498999999996,-0.082,-0.013499999999999998,0.107,,,,,531765002240.0,1153635057664.0,722887770112.0,3066169000000.0,,165243000000.0,,,,,44857000000.0,34466000000.0,2.11,0.7488,0.17,4.16,0.072,1782950400.0,0.161,9.474540445229707,5.433099588183685,8.229999542236328,8.825,,8.0,1.06,0.0043,2.0000001e-05,0.32897,False,False,,0.34,22875023.0,24672130.0,0.36,7.71,-1.9,,,-13.7,0.3527,62.2,0.93,,True,1.0240094861911304,,0.689,US,True,,39.43289841488783,18.431771894093686,39.12038214727437,70.61113823406333,65.54934823091247,67.41071428571429,,50.0,92.85714285714286,34.0,45.50297907333035,standard,407,203051619,False,51.1,False,27.981651376146786,55.37948290241869,88.65721434528774,50.0417014178482,50.0417014178482,50.0417014178482,0,SVAG,-8,UPPTREND,False,2,0.2857142857142857,LÅG,EJ AKTUELL,-3.5,0.75,SUSPICIOUS_FWD_PE;,2026-07-02,0,True
WFC,Wells Fargo & Company,Financial Services,Banks - Diversified,United States,USD,256627492834.63144,-9.069739000000004,-7.102038000000002,1.489,-5.688423150000001,3.1629689,3.475,,-0.08213874125000001,-0.020767501250000008,0.00972374249999998,-0.08019999,-0.49598498999999996,-0.003999999999999997,0.023499999999999993,0.073,,,,,461199998976.0,469223997440.0,281916506112.0,2148631000000.0,,83699000000.0,,,,,21338000000.0,-19001000000.0,2.15,0.2705,1.8,2.14,0.45,1778198400.0,0.93,96.7288599692398,72.77999877929688,83.86000061035156,96.11364,1.83333,22.0,0.0,0.0,0.00091,0.78739,False,False,,0.712,16438855.0,16752170.0,1.2808487661723484,10.18,6.73,-10.28,,-0.13304053581299935,0.26649619124458607,57.63114292783986,0.05362462504042842,0.0032634866403573604,True,0.6862220740797588,,0.73,US,True,,25.415937587937183,48.144995332654446,46.94198262178605,58.53274515274097,31.098696461824954,67.41071428571429,,50.0,98.94957983193278,71.2,45.43031093433567,standard,409,1404836986,False,40.1,False,27.981651376146786,24.770642201834864,45.87155963302752,50.0417014178482,50.0417014178482,50.0417014178482,1,SVAG,-8,UPPTREND,False,1,0.14285714285714285,LÅG,EJ AKTUELL,-4.6,0.75,SUSPICIOUS_FWD_PE;,2026-07-02,0,True
CMG,"Chipotle Mexican Grill, Inc.",Consumer Cyclical,Restaurants,United States,USD,42766351755.729675,-1.0704290000000025,2.6738157499999993,1.7924,9.7361754,3.5231726,3.884,-0.15874999999999995,0.2802787337499999,0.05873249875000001,0.031671239999999976,0.018507500000000003,-0.09949501,0.0005000000000000004,-0.29,-0.217,133.763,-0.41225,0.781,-304125824.0,871422016.0,5245879808.0,47140810752.0,8994531000.0,,11925601000.0,,,2012808000.0,,1535761000.0,2113926000.0,,0.0,,,,,0.978,58.41999816894531,28.040000915527344,33.34000015258789,42.87879,,33.0,2.42,0.044099998,0.0066299997,0.92555,False,False,,0.822,18449707.0,23260850.0,2.573033682651985,1.99,3.64,-11.78,,-0.42930501202393656,0.39075069418168523,70.44990030299154,0.029622489193381618,-0.06345025931711601,True,0.8966063283900685,,0.854,US,True,,66.30828500536019,38.266664545145964,34.73739799673628,33.96657034675776,67.0391061452514,11.696428571428571,39.80815347721823,50.0,42.436974789915965,92.19999999999999,45.36164187550255,standard,410,775516743,False,52.8,False,62.38532110091744,56.46371976647207,41.4512093411176,50.0417014178482,50.0417014178482,50.0417014178482,3,SVAG,-8,NEDTREND,True,1,0.14285714285714285,LÅG,EJ AKTUELL,-4.4,0.875,,2026-07-02,0,True
GLE.PA,Société Générale Société anonyme,Financial Services,Banks - Regional,France,EUR,56052086408.843994,-5.661287499999999,-5.850559375000001,2.1354,-2.8300842999999998,2.1734884,-15.394,,-0.08099999999999999,-0.014272501000000003,-0.023632505000000005,-0.014520000000000033,-0.39529,-0.059,0.013499999999999984,0.055,,,,,760943017984.0,298519003136.0,-397003915264.0,1546641000000.0,,52597000000.0,,,,,6002000000.0,-19648000000.0,2.1,0.24139999,1.61,4.4,1.0,1780272000.0,0.993,79.06999969482422,46.652142347751216,76.77999877929688,81.6435,1.95,20.0,,,0.09405,0.51404,False,False,,0.5,1939836.0,2029898.0,1.1,9.47,18.16,11.21,,-2.62,0.3943,71.3,8.36,,True,0.6917791164272025,,1.0,Europe,True,,29.12511427545251,56.46931220298711,48.72127287636166,39.40420560747664,61.452513966480446,67.41071428571429,,50.0,,50.0,45.354398288568476,standard,411,178263252,False,46.2,False,27.981651376146786,51.70975813177648,59.63302752293578,50.0417014178482,50.0417014178482,50.0417014178482,2,SVAG,-8,UPPTREND,False,1,0.14285714285714285,LÅG,EJ AKTUELL,1.5,0.75,SUSPICIOUS_FWD_PE;,2026-07-02,0,True
AIG,"American International Group, Inc.",Financial Services,Insurance - Diversified,United States,USD,40067683959.1639,-8.726522000000005,-9.215354000000001,0.6176,-6.268214020000001,1.5006061,1.485,-9.214,-0.12518874125,-0.012427501250000007,-0.1393062635,-0.18846998000000004,-0.14064499000000003,-0.047,0.0885,0.093,-49.37500000000001,-1.0872499999999998,0.204,8125213952.0,9592999936.0,9155999744.0,39654682624.0,161254000000.0,,26774000000.0,,,,,3096000000.0,3314000000.0,2.65,0.3169,2.0,2.17,0.5,1781481600.0,0.541,86.2052751457103,70.36459211908439,75.56999969482422,87.8,2.36364,20.0,2.87,0.0229,0.0057099997,1.0005001,False,False,,0.843,4285730.0,5134380.0,3.216411778515612,1.07,2.43,-11.63,,-0.1233715156399604,0.23837073820440766,52.84685600891105,0.0011111653520976539,-0.013966683862559948,True,0.721175612228522,,1.0,US,True,,20.86033428067079,44.84072683299389,54.49693001917767,52.58705669438695,68.34264432029795,67.41071428571429,99.04076738609112,50.0,68.27731092436974,94.3,45.30217264537624,standard,412,388005095,False,66.2,False,97.5396163469558,57.96497080900751,70.7256046705588,50.0417014178482,50.0417014178482,50.0417014178482,4,NEUTRAL,0,NEDTREND,True,1,0.14285714285714285,LÅG,EJ AKTUELL,4.7,0.875,SUSPICIOUS_FWD_PE;,2026-07-02,0,True
AIXA.DE,AIXTRON SE,Technology,Semiconductor Equipment & Materials,Germany,EUR,5878398798.491707,66.87553249999999,18.788112125000005,2.08,0.04060190000000086,11.677506,11.422,38.27125,-0.113155005,-0.013102499,0.0,-0.530752515,0.0,-0.598,,,-33.618,2.9625000000000004,2.347,-429620528.0,272673984.0,2770000.0,5749858816.0,1039783000.0,,556552000.0,,,106678000.0,,85227000.0,208360000.0,0.29,0.283,0.15,1.25,0.15,1778716800.0,0.858,62.65999984741211,11.641035044555371,52.119998931884766,51.80667,2.53333,15.0,,,0.01625,0.66850996,False,False,,0.5,945807.0,620413.0,1.1370890516638095,-11.96,47.41,207.3,231.36,-0.16820939899767096,0.6423033101123172,40.67067521644644,-0.0064625468438833655,0.8088586487295188,False,0.07429844254005778,,0.495,Europe,True,16.50173074210315,30.173444515863185,91.04913839740325,8.881606110652353,51.64298837927007,92.92364990689012,67.41071428571429,16.786570743405278,50.0,,50.0,45.24527884385768,standard,413,36984930,False,44.3,False,27.981651376146786,88.15679733110926,10.341951626355296,50.0417014178482,50.0417014178482,50.0417014178482,3,SVAG,-8,VARNING,False,2,0.2857142857142857,LÅG,EJ AKTUELL,2.3,1.0,EXTREME_EARNINGS_GROWTH;,2026-07-02,0,True
CARL-A.CO,Carlsberg A/S,Consumer Defensive,Beverages - Brewers,Denmark,DKK,36395192160.0,0.22322849999999939,,3.78,0.3403638999999994,1.6021758,2.319,-3.9809999999999963,-0.009817500000000007,-0.015857498999999994,-0.03688,-0.056849960000000005,0.0,,,,140.48562500000003,-0.6040000000000002,0.426,4754939776.0,9585000448.0,70623002624.0,206655832064.0,153955000000.0,,89095000000.0,,,12612000000.0,,5955000000.0,12431000000.0,2.69,0.6013,29.0,2.4,29.0,1773705600.0,0.641,1125.0,835.1781274968928,1080.0,,,,,,0.98330003,0.00208,False,False,,0.5,717.0,569.0,0.29,0.0,17.35,,,-5.91,0.3133,40.0,0.55,,True,0.6839956075295981,,0.5,Nordic,True,,38.33533399278824,47.55600814663951,27.857142857142858,41.747061549432644,70.57728119180634,67.41071428571429,81.77458033573141,50.0,,50.0,45.222133958108884,standard,414,93843,False,66.2,False,97.5396163469558,59.466221851542954,69.30775646371977,50.0417014178482,50.0417014178482,50.0417014178482,3,SVAG,-8,UPPTREND,False,1,0.14285714285714285,LÅG,EJ AKTUELL,-4.0,0.75,EXTREME_GROWTH;EXTREME_EARNINGS_GROWTH;,2026-07-02,0,True
AXFO.ST,Axfood AB (publ),Consumer Defensive,Grocery Stores,Sweden,SEK,56787413149.0,-0.16308350000000083,2.728645375000001,4.89,4.4839079,0.63303214,0.812,-1.7519999999999971,0.15715249999999997,-0.011007499,-0.07683999999999999,-0.15120997,-0.30394000000000004,-0.009000000000000005,0.095,0.16,159.844625,-0.6110000000000002,0.18,3105975680.0,384000000.0,16088000512.0,72816410624.0,36913000000.0,,89152000000.0,,,3620000000.0,,2339000000.0,6751000000.0,3.42,0.78690004,9.0,3.07,4.5,1789603200.0,0.599,334.2624263763428,252.89999389648438,263.0,286.66666,2.85714,6.0,,,0.51752996,0.25394,False,False,,0.5,350907.0,363784.0,0.5931353337009014,-1.24,-14.67,-4.23,,-0.21319305058866866,0.21852439066850557,49.72525722027714,-0.04736377066049147,-0.08913784083145582,True,0.5763063274414142,,0.478,Nordic,True,,35.63898123504937,38.16191446028513,40.49495402660107,49.3484226510076,60.70763500931099,67.41071428571429,92.80575539568345,50.0,,50.0,45.14112298747254,standard,415,9893500,False,66.4,False,91.15929941618015,51.29274395329442,89.24103419516264,50.0417014178482,50.0417014178482,50.0417014178482,4,NEUTRAL,0,NEDTREND,True,1,0.14285714285714285,LÅG,EJ AKTUELL,12.0,0.875,,2026-07-02,0,True
8316.T,"Sumitomo Mitsui Financial Group, Inc.",Financial Services,Banks - Diversified,Japan,JPY,24362497016935.0,-2.326565499999999,-4.559575625000001,2.0414,-0.6975369,4.0213423,-3.382,,-0.024337497500000006,-0.011905000000000006,-0.004967522500000043,-0.090449988,-0.347475025,,,,,,,,102480427876352.0,57452091408384.0,-20487654604800.0,328511145000000.0,,5791563000000.0,,,,,1582973000000.0,-10283139000000.0,1.41,0.3812,90.0,3.82,45.0,1790640000.0,0.396,6733.0,3441.9308685226165,6391.0,6590.0,1.66667,12.0,,,0.053049996,0.43053,False,False,,0.5,13704532.0,13635800.0,0.72,,,,,,0.3831,54.6,,,False,0.5917446433503747,,0.838,Japan,True,,32.506521310538446,,69.375,60.28944064723113,6.145251396648044,67.41071428571429,,50.0,,50.0,45.12222455402885,standard,416,541160972,False,35.5,False,27.981651376146786,2.543786488740617,37.03085904920767,50.0417014178482,50.0417014178482,50.0417014178482,1,SVAG,-8,UPPTREND,False,3,0.42857142857142855,LÅG,EJ AKTUELL,4.9,0.625,EXTREME_GROWTH;EXTREME_EARNINGS_GROWTH;SUSPICIOUS_FWD_PE;,2026-07-02,0,True
KOG.OL,Kongsberg Gruppen ASA,Industrials,Aerospace & Defense,Norway,NOK,244883208439.29123,21.0010405,3.9211121250000014,2.1031,4.979471699999998,7.3164983,6.932,17.281000000000002,0.0010524900000000031,-0.020970001999999995,0.10159999999999997,-0.032334979999999985,0.12564999999999998,0.21000000000000002,-0.331,-0.26,-48.633624999999995,-0.3135000000000001,0.657,-2570060416.0,18466000896.0,4384000000.0,232002437120.0,82527000000.0,,31562000000.0,,,4697000000.0,,7953000000.0,12732000000.0,0.79,0.3676,2.2,1.1,5.7,1776124800.0,0.213,421.0506055892801,225.31630734764482,278.3999938964844,375.55557,2.44444,9.0,,,0.5394,0.26746,False,False,,0.5,1596949.0,2301651.0,0.6203410276165569,-16.42,-29.32,11.82,,-0.33879683296773677,0.4808325938062705,30.691061701317352,-0.0929186249177596,-0.10692783370244108,False,0.015945867130824597,,0.56,Nordic,True,36.06443352105646,51.295100183228534,43.44078835709437,37.8672460059058,49.55633768105444,31.65735567970205,67.41071428571429,37.170263788968825,50.0,,50.0,44.753309297335285,standard,418,65076034,False,35.9,False,27.981651376146786,25.18765638031693,17.597998331943284,50.0417014178482,50.0417014178482,50.0417014178482,2,SVAG,-8,NEDTREND,True,1,0.14285714285714285,LÅG,EJ AKTUELL,-0.7,0.875,,2026-07-02,0,True
SMIN.L,Smiths Group plc,Industrials,Specialty Industrial Machinery,United Kingdom,GBp,9870533781589.94,8.052776,4.526896500000001,0.8386,0.7812571500000005,2.643725,3.165,2.4225000000000003,-0.037641251249999994,0.004830000000000001,-0.04095749099999997,-0.034925015000000004,-0.10464997999999998,-0.071,-0.242,-0.222,0.6007499999999997,1.45125,0.766,-1247931280.0,345000000.0,1228000000.0,9196577792.0,4232000000.0,,,,,,,,418000000.0,1.82,0.6199,0.47,2.39,0.15,1775088000.0,0.73,33720.99087142944,26012.338482278734,32993.151054382324,2790.0,1.81818,10.0,,,0.0073,0.86565,False,False,,0.5,1010188.0,862463.0,0.6197935910872527,7.25,13.03,11.53,12.53,-0.021584176450277215,0.22557551435129805,67.69072219454307,0.03997185796247793,0.06873308078100404,True,0.7528215658755917,,0.5,UK,True,29.766702475123974,39.29176277419422,64.48994853796916,17.732387281443025,80.84300554552358,9.869646182495345,67.41071428571429,8.393285371702639,50.0,,50.0,44.5846972714287,standard,419,28455372038,False,38.7,False,27.981651376146786,6.755629691409508,54.37864887406172,50.0417014178482,50.0417014178482,50.0417014178482,3,SVAG,-8,UPPTREND,False,3,0.42857142857142855,LÅG,EJ AKTUELL,-7.1,1.0,,2026-07-02,0,True
LMT,Lockheed Martin Corporation,Industrials,Aerospace & Defense,United States,USD,116987973291.95142,-11.142542000000002,-9.024180500000002,1.073,6.641766999999999,1.5576382,1.808,-5.155749999999999,0.45830875375,0.005932498750000001,-0.046163752500000016,-0.030297511000000006,-0.39692499000000003,-0.057999999999999996,-0.183,-0.131,195.68250000000003,-0.23274999999999996,0.91,2595089408.0,1894000000.0,20696999936.0,135790977024.0,59840000000.0,,75048000000.0,,,7731000000.0,,5017000000.0,8557000000.0,2.72,0.65379995,13.8,2.63,3.45,1780272000.0,0.106,687.4992440281471,399.33923873245766,507.3999938964844,625.1579,2.61905,19.0,2.73,0.0168,0.00102,0.76005995,False,False,,0.571,1399592.0,1706630.0,2.5548509189072606,-3.84,-18.59,6.4,,-0.2619628336991877,0.26717298760776553,44.42170702414248,-0.03115917191714268,-0.04928114994385424,False,0.30113079029789086,,0.325,US,True,,46.02818910178674,42.06922522063815,15.743299168093246,55.053810036636264,44.50651769087523,67.41071428571429,78.17745803357315,50.0,79.83193277310924,57.099999999999994,44.44968384800485,standard,421,865944052,False,58.0,False,78.81567973311093,35.613010842368645,69.89157631359465,50.0417014178482,50.0417014178482,50.0417014178482,3,SVAG,-8,NEDTREND,True,1,0.14285714285714285,LÅG,EJ AKTUELL,-4.4,0.875,SUSPICIOUS_FWD_PE;,2026-07-02,0,True
POWL,"Powell Industries, Inc.",Industrials,Electrical Equipment & Parts,United States,USD,10192482040.47995,18.82209,15.859388499999996,3.0802,5.4331619999999985,9.003521,8.524,19.48125,0.08089875374999997,0.06402249874999999,0.05514624749999998,0.053792494999999996,-0.19495499,0.0040000000000000036,-0.084,-0.01,-80.4065,0.88625,2.004,-1249853952.0,544889024.0,1955000.0,9649548288.0,1108984000.0,,1104318000.0,,,217860000.0,,180747000.0,167937000.0,0.13,0.0698,0.36,1.91,0.09,1779235200.0,1.128,327.8871434238099,67.25390844286339,279.7699890136719,316.25,,4.0,4.53,0.1095,0.20836,0.95432,False,False,,0.415,706039.0,979070.0,0.34,-10.72,44.63,,,-17.06,0.6538,51.5,-6.25,,False,0.197453028052817,,0.757,US,True,15.002441485725447,64.2899898353095,49.4908350305499,40.8088254415766,40.04128060112577,87.70949720670392,34.285714285714285,8.633093525179856,50.0,15.546218487394958,41.5,44.403646148254474,standard,422,273914403,False,43.8,False,27.981651376146786,81.48457047539617,13.678065054211844,50.0417014178482,50.0417014178482,50.0417014178482,3,SVAG,-8,VARNING,False,1,0.14285714285714285,LÅG,EJ AKTUELL,1.0,0.875,,2026-07-02,0,True
HOOD,"Robinhood Markets, Inc.",Financial Services,Capital Markets,United States,USD,78082019777.22327,25.876669999999994,16.430197,2.6728,2.2795712499999983,19.265303,18.118,,0.01219126874999999,0.020592498749999993,0.1535337425,0.010520009999999962,0.4264050100000001,0.09,-0.1005,0.042,68.46100000000001,-0.5842499999999997,1.07,,19270000640.0,13610000384.0,83579846656.0,38137000000.0,,4473000000.0,,,2094000000.0,,1883000000.0,1638000000.0,,0.0,,,,,2.348,153.86000061035156,63.51499938964844,98.69000244140625,101.98333,1.76923,24.0,1.25,0.0477,0.0072000003,0.73524004,False,False,,0.688,31744887.0,38232830.0,1.2171877195237917,29.46,40.28,-17.92,,-0.35857271513122246,0.701300902622855,65.92068667522365,0.15804928286848274,-0.0379105773755557,False,0.6581129566380912,,0.837,US,True,,71.6025651161004,57.27999830278344,50.05026719809409,19.812045977448545,53.81750465549349,11.696428571428571,,50.0,39.49579831932773,68.8,44.36642804334898,holding,423,3773198086,False,36.7,False,27.981651376146786,42.86905754795663,5.254378648874062,50.0417014178482,50.0417014178482,50.0417014178482,3,SVAG,-8,NEDTREND,True,1,0.14285714285714285,LÅG,EJ AKTUELL,-6.2,0.875,,2026-07-02,0,True
WOW.AX,Woolworths Group Limited,Consumer Defensive,Grocery Stores,Australia,AUD,49157153536.49368,50.91417,4.357975,2.16,6.3103807000000005,0.69942737,0.927,0.0,-0.039732499000000004,-0.018617499,-0.06487500250000003,-0.08642999400000001,0.003479999999999983,-0.0010000000000000009,-0.5569999999999999,-0.494,180.2657499999999,-0.07500000000000007,0.179,-1019000064.0,1288999936.0,17198000128.0,65185128448.0,33829000000.0,,69077000000.0,,,-1041000000.0,,963000000.0,,2.24,1.7248,0.9,2.87,0.45,1772582400.0,0.29,40.2400016784668,25.198903077337572,40.2400016784668,34.87857,2.46667,15.0,,,0.00524,0.32819,False,False,,0.5,2515078.0,2680128.0,0.6526916028344281,16.23,10.64,38.65,33.03,0.0,0.26325804608822045,89.84236166227075,0.11775298961566683,0.2677272066868317,True,0.8983626557357127,,0.5,Australia,True,,32.29100795508499,77.25706125436427,19.115965767805932,55.97745846095651,64.24581005586593,29.017857142857146,34.05275779376499,50.0,,50.0,44.13734409215773,standard,425,74676879,False,62.3,False,74.31192660550458,54.12844036697248,87.48957464553794,50.0417014178482,50.0417014178482,50.0417014178482,2,SVAG,-8,UPPTREND,False,1,0.14285714285714285,LÅG,EJ AKTUELL,-7.3,1.0,,2026-07-02,0,True
BX,Blackstone Inc.,Financial Services,Asset Management,United States,USD,85647658182.27792,7.558642999999995,-2.392260000000002,1.9379,3.56364725,9.796814,8.093,,0.09291127875000002,0.09900249875,-0.04556625750000001,0.005650009999999976,0.50401501,-0.003999999999999997,-0.0885,0.057,0.0,-0.8022499999999999,0.847,,2605123072.0,15424749568.0,116511924224.0,47708975000.0,,12410012000.0,,,,,3019214000.0,4663161000.0,4.31,1.2154,4.97,3.38,1.16,1777852800.0,1.585,184.5430839688078,100.79603809633919,115.4000015258789,143.45,2.0,20.0,3.9,0.0274,0.0107700005,0.73718,False,False,,0.472,5887417.0,6044600.0,1.2711278902580416,-2.2,6.24,-24.06,,-0.3746717620402167,0.3525463812294468,50.06993433812281,-0.042053326645538736,-0.14976715120825557,False,0.31660381573345203,,0.998,US,True,,71.05220845099475,36.940183723693146,48.721986128128606,42.51394898658906,51.39664804469274,29.017857142857146,,50.0,62.18487394957983,47.199999999999996,44.12757945569311,holding,426,697546849,False,37.5,False,27.981651376146786,40.950792326939116,12.427022518765638,50.0417014178482,50.0417014178482,50.0417014178482,2,SVAG,-8,NEDTREND,True,1,0.14285714285714285,LÅG,EJ AKTUELL,-5.1,0.875,SUSPICIOUS_FWD_PE;,2026-07-02,0,True
III.L,3i Group Ord,Financial Services,Asset Management,United Kingdom,GBp,32795488228131.07,-8.269466000000001,-5.821819,,-1.7137837999999999,4.57294,4.729,-1.83075,0.043531233749999995,0.09111,0.67268003,0.5179425500000001,0.5254300000000001,-0.395,-0.4775,-0.329,-59.75075000000001,4.643749999999999,5.681,2921193648.0,635000000.0,1260999936.0,26398963712.0,32338000000.0,,5428000000.0,,,,,5294000000.0,,3.34,0.1467,0.85,2.6,0.48,1781740800.0,1.134,56688.67895795591,23009.00105394267,32530.63024520874,3362.2002,1.90909,10.0,,,0.02053,0.8062,False,False,,0.5,3197891.0,3203884.0,0.727035249318481,15.01,-6.05,-19.08,-40.05,-0.4261529666384426,0.451622626281718,77.14814731685198,0.08062401216539894,-0.17895530671179105,True,1.1317016903727455,,0.5,UK,True,,90.96439005164603,24.955902676752984,10.27361315537184,52.02908185796779,4.8417132216014895,67.41071428571429,97.12230215827337,50.0,,50.0,44.1230590599701,holding,427,104224365753,False,42.2,False,57.96497080900751,2.543786488740617,32.36030025020851,50.0417014178482,50.0417014178482,50.0417014178482,4,NEUTRAL,0,NEDTREND,True,2,0.2857142857142857,LÅG,EJ AKTUELL,2.7,1.0,SUSPICIOUS_FWD_PE;,2026-07-02,0,True
KOTAKBANK.NS,Kotak Mahindra Bank Limited,Financial Services,Banks - Regional,India,INR,4068104164550.0,-12.103184500000001,-9.965693000000002,0.94,-3.589668975,5.504296,5.406,,-0.047714994999999996,-0.013929998999999998,0.0017437549999999857,-0.02306877749999997,-0.43738,-0.17099999999999999,-0.0295,0.099,,,,,1020911091712.0,953935331328.0,4002874392576.0,10033527900000.0,,780153800000.0,,,,,192878900000.0,417265200000.0,0.12,0.025799999,0.5,0.06,0.5,1752796800.0,0.292,453.20001220703125,345.5,409.0,462.20557,1.72222,36.0,,,0.28415,0.49826,False,False,,0.5,18271128.0,12466999.0,1.117656767461132,5.22,11.49,-4.87,,-0.09752870921556767,0.21159667291383352,81.26856309122122,0.05984907929010119,0.006957235706305687,True,0.8274185073538329,,0.287,India,True,,32.295592596643175,55.76735403937542,24.211251948187094,88.6084181894267,13.594040968342643,34.017857142857146,,50.0,,50.0,44.11604422087384,standard,428,53458749,False,35.1,False,27.981651376146786,10.758965804837365,26.522101751459548,50.0417014178482,50.0417014178482,50.0417014178482,1,SVAG,-8,UPPTREND,False,1,0.14285714285714285,LÅG,EJ AKTUELL,-11.7,0.75,SUSPICIOUS_FWD_PE;,2026-07-02,0,True
MQG.AX,Macquarie Group Limited,Financial Services,Capital Markets,Australia,AUD,95040675397.02843,1.699817999999997,0.12174624999999839,0.8,-0.4961194499999999,5.3420644,9.585,,0.0,0.0,-0.024477507500000023,-0.07350749000000006,-0.26982,-0.0029999999999999957,-0.0665,0.027,,,,,95800999936.0,194255994880.0,170518347776.0,540101000000.0,,7216000000.0,,,-6354000000.0,,4847000000.0,,3.43,0.6699,6.7,3.31,4.2,1763337600.0,0.879,254.30999755859375,184.07200965178643,249.36000061035156,240.0323,2.15385,13.0,,,0.08745,0.37018,False,False,,0.5,843679.0,829738.0,0.8314474407889823,5.57,23.27,23.69,12.51,-0.019464421358824868,0.24451984540807664,72.6382234447293,0.0468333276736288,0.16729678657676317,True,0.7175141933997786,,0.5,Australia,True,,37.598257398666185,73.31199879073318,32.91286044810637,64.13411912400613,49.34823091247672,67.41071428571429,,50.0,,50.0,44.05806398957671,holding,429,143265100,False,39.5,False,27.981651376146786,39.199332777314424,27.606338615512925,50.0417014178482,50.0417014178482,50.0417014178482,1,SVAG,-8,UPPTREND,False,3,0.42857142857142855,LÅG,EJ AKTUELL,-11.9,0.875,SUSPICIOUS_FWD_PE;,2026-07-02,0,True
BAJAJFINSV.NS,Bajaj Finserv Ltd.,Financial Services,Financial Conglomerates,India,INR,2820727730093.7183,-4.298101500000001,-5.401222000000002,,-2.218736375,1.8925995,4.614,-20.229625,-0.01558499499999999,0.014750000000000006,-0.193066245,-0.002218737500000012,0.08010999999999999,-0.008,-0.07050000000000001,0.05,218.56625000000003,1.008,2.436,-171833571328.0,176180396032.0,3613785063424.0,6885557141504.0,7584975400000.0,,1278971900000.0,,,,,98009700000.0,-553014100000.0,0.07,0.0164,1.3,0.14,1.5,1782691200.0,0.34,2195.0,1597.0,1764.5999755859375,2159.6,,15.0,,,0.63927,0.15546,False,False,,0.5,1187483.0,1299851.0,1.0537790918828778,-2.46,3.53,-13.91,,-0.19608201567838834,0.22483207166277006,59.28053778848251,-0.00044523587962852496,-0.08777186006141924,True,0.6570627332140802,,0.838,India,True,,45.075401462912744,42.764023251866945,43.556946350943605,64.23634950664865,15.083798882681565,24.553571428571427,28.776978417266186,50.0,,50.0,44.044236609032716,standard,430,24047692,False,41.1,False,27.981651376146786,12.260216847372812,64.97080900750626,50.0417014178482,50.0417014178482,50.0417014178482,2,SVAG,-8,NEDTREND,True,1,0.14285714285714285,LÅG,EJ AKTUELL,-11.0,0.875,SUSPICIOUS_FWD_PE;,2026-07-02,0,True
7013.T,IHI Corporation,Industrials,Specialty Industrial Machinery,Japan,JPY,2833282752580.0,-13.931999499999996,-27.178385825,2.24,0.4247295500000001,1.7240351,1.943,-1.5663750000000016,0.1398699875,-0.016265,-0.020585002500000005,-0.06460750300000001,-0.116545025,0.017,1.044,1.113,45.179750000000006,-0.9715,0.714,-148073757696.0,159183994880.0,489893003264.0,3193279610880.0,2428559000000.0,,1643402000000.0,,,165534000000.0,,160992000000.0,121360000000.0,0.86,0.1317,23.0,1.58,11.5,1790640000.0,0.877,4684.577361328125,2055.117531788966,2672.5,3879.0908,2.09091,11.0,,,0.05163,0.6214,False,False,,0.5,18735229.0,15904760.0,0.6558129702154687,-2.11,-23.64,-4.69,,-0.42951096889510665,0.5173016655003295,57.75822139879573,-0.04445389959346835,-0.1280664410542619,True,0.545356088328857,,0.669,Japan,True,,43.09861905671935,31.55947683299389,69.3167592745058,34.28045553131212,14.8975791433892,67.41071428571429,21.822541966426858,50.0,,50.0,43.90218682677636,standard,432,263950119,False,41.5,False,27.981651376146786,12.176814011676397,67.72310258548791,50.0417014178482,50.0417014178482,50.0417014178482,3,SVAG,-8,NEDTREND,True,2,0.2857142857142857,LÅG,EJ AKTUELL,-14.3,0.875,SUSPICIOUS_FWD_PE;,2026-07-02,0,True
6976.T,"Taiyo Yuden Co., Ltd.",Technology,Electronic Components,Japan,JPY,2099965032340.0,123.50182850000004,58.022641875000005,2.2941,0.7446188500000004,5.9097176,6.105,10.959624999999999,-0.0877025025,-0.040674999,-0.0804349975,-0.094042503,-0.116915025,-0.097,,,49.21375,0.879,1.984,-158731882944.0,100071997440.0,171211997184.0,2169488670720.0,615536000000.0,,355341000000.0,,,19996000000.0,,14806000000.0,58117000000.0,0.54,0.8368,90.0,2.24,45.0,1790640000.0,1.651,22100.0,2381.7932487331714,16780.0,13581.25,2.8125,16.0,,,0.01671,0.61241,False,False,,0.5,12531795.0,26289680.0,0.7381114071644495,28.98,312.98,396.78,,-0.24072398190045252,0.7461859612874744,54.473358116480796,0.45465011243630493,1.971031144772883,False,0.4066310234377776,,0.662,Japan,True,25.221632648632223,22.166121022325743,89.11779213340122,31.031774704101295,36.68194312392548,16.01489757914339,67.41071428571429,17.026378896882495,50.0,,50.0,43.80828551339709,standard,433,2739392640,False,35.1,False,27.981651376146786,13.427856547122602,23.519599666388658,50.0417014178482,50.0417014178482,50.0417014178482,2,SVAG,-8,UPPTREND,False,2,0.2857142857142857,LÅG,EJ AKTUELL,5.7,0.875,EXTREME_EARNINGS_GROWTH;,2026-07-02,0,True
PRU.L,Prudential plc,Financial Services,Insurance - Life,Hong Kong,GBp,32281695446989.215,-4.290330000000001,0.26073399999999936,4.5568,-0.8760524999999999,1.7416124,2.004,-2.20875,0.05853123375000001,-0.006570000000000006,0.0,0.0008825000000000083,-0.060689999999999966,0.127,0.1805,0.244,-35.57975,0.4757500000000001,1.012,2313318832.0,3851000064.0,6034999808.0,28907692032.0,212195000000.0,,27393000000.0,,,,,3978000000.0,2450000000.0,1.96,0.1538,0.2,1.66,0.139402,1774483200.0,0.908,15152.425788331884,11531.43204498291,12931.310956478119,1410.441,1.5,14.0,,,0.003,0.64441,False,False,,0.5,9076297.0,11316431.0,0.51,-1.42,0.19,,,-14.74,0.3056,78.2,-2.63,,True,0.6585276919088843,,0.5,UK,True,,50.31791959419359,18.940936863543786,57.37903101772893,57.66197690700961,5.027932960893855,67.41071428571429,96.1630695443645,50.0,,50.0,43.77095162017055,standard,435,146336288179,False,47.4,False,57.63135946622185,2.543786488740617,67.47289407839867,50.0417014178482,50.0417014178482,50.0417014178482,4,NEUTRAL,0,VARNING,False,1,0.14285714285714285,LÅG,EJ AKTUELL,18.1,0.875,SUSPICIOUS_FWD_PE;,2026-07-02,0,True
2382.TW,Quanta Computer Inc.,Technology,Computer Hardware,Taiwan,TWD,1395335660800.0,-7.861620499999998,-3.41172725,1.02,1.8332953250000001,0.5701674,0.666,-2.226500000000001,0.24326999000000005,-0.015209999999999994,-0.11542749499999999,-0.144949979,-0.305989977,0.54,-0.14300000000000002,0.087,218.0505,-0.70825,0.669,-132442144768.0,268589678592.0,492037177344.0,1630748803072.0,1343111743000.0,,2123689447000.0,,,87396109000.0,,74987700000.0,-10364961000.0,3.59,0.6875,13.0,4.94,13.0,1751241600.0,0.677,438.0,252.5,362.0,391.4737,1.72222,19.0,,,0.31611001,0.28362,False,False,,0.5,32793834.0,18536022.0,0.62,,,,,,0.441,51.8,,,False,0.2801827719251545,,0.949,Asia,True,,33.70081228225712,,61.06123191048501,31.306228397350665,19.180633147113593,67.41071428571429,16.06714628297362,50.0,,50.0,43.74409069962734,standard,436,210412033,False,45.6,False,27.981651376146786,15.679733110925772,91.24270225187657,50.0417014178482,50.0417014178482,50.0417014178482,1,SVAG,-8,UPPTREND,False,2,0.2857142857142857,LÅG,EJ AKTUELL,2.7,0.875,SUSPICIOUS_FWD_PE;,2026-07-02,0,True
PRAA,"PRA Group, Inc.",Financial Services,Credit Services,United States,USD,722007021.4796753,,-11.006368000000002,5.82,-6.544542290000002,0.57911086,3.586,-3.342,-0.42996873125,0.018512500749999994,-0.48275625750000006,-0.04638998999999999,0.50401501,0.10600000000000001,6.983499999999999,6.71,284.947,20.69175,21.806,-1829335712.0,131306000.0,3814404096.0,4471371264.0,5103322000.0,,1213341000.0,,,243635000.0,,-305142000.0,-85541000.0,,0.0,,,0.333333,1178496000.0,1.148,22.549999237060547,10.25,18.93000030517578,26.0,,1.0,2.71,0.0484,0.02337,1.013,False,False,,0.1,626963.0,1445760.0,0.08,35.09,6.52,,,-14.8,0.7116,78.7,9.28,,True,1.0912729960180523,,0.669,US,True,,41.4840839928131,24.54175152749491,80.541462308558,37.78508407812616,98.51024208566108,11.696428571428571,1.1990407673860912,50.0,39.075630252100844,10.0,43.43272282817227,standard,438,27368237,False,57.8,False,27.981651376146786,97.5396163469558,90.9090909090909,50.0417014178482,50.0417014178482,50.0417014178482,4,NEUTRAL,0,UPPTREND,False,1,0.14285714285714285,LÅG,EJ AKTUELL,2.3,0.75,SUSPICIOUS_FWD_PE;,2026-07-02,0,True
WEGE3.SA,WEG S.A.,Industrials,Electrical Equipment & Parts,Brazil,BRL,196784418910.22803,7.200716,7.872389000000002,1.15,7.246605499999998,4.8958836,4.866,9.038999999999996,0.10293877625,0.040130004,0.09623124249999998,0.07517249250000001,0.06265,-0.122,-0.126,-0.057,-84.68125,-0.10825000000000012,0.904,1039807616.0,7385767936.0,4866904064.0,195603070976.0,42645030000.0,,40804110000.0,,,7859202000.0,,6376219000.0,6451033000.0,0.89,1.2186,0.42,1.18,0.104424,1782086400.0,-0.069,54.2853945965936,33.770884674519706,46.900001525878906,52.74375,2.3125,16.0,,,0.65172,0.20792,False,False,,0.5,8131814.0,8278480.0,0.7,10.76,-9.28,,,-14.16,0.3092,76.6,4.21,,True,0.9392186699838547,,0.288,LatAm,True,55.994986815977086,73.03618563391072,12.423625254582486,15.34345722738861,65.98467491670044,35.38175046554935,29.017857142857146,58.27338129496403,50.0,,50.0,43.42321093544527,standard,439,74520777,False,49.9,False,74.56213511259384,28.023352793994995,30.275229357798167,50.0417014178482,50.0417014178482,50.0417014178482,5,NEUTRAL,0,UPPTREND,False,2,0.2857142857142857,LÅG,EJ AKTUELL,2.9,0.875,,2026-07-02,0,True
MDGL,"Madrigal Pharmaceuticals, Inc.",Healthcare,Biotechnology,United States,USD,11819484149.2323,,19.686418249999996,,13.528195699999998,10.436723,10.026,-55.402,-0.6847687437500001,-0.24884750125000002,-0.39850375250000003,-0.495022505,0.43471501,1.185,,,-0.2867500000000005,1.48875,2.957,-1548439088.0,812771008.0,347311008.0,11354023936.0,1259589000.0,,958403000.0,,,-300097000.0,,-288284000.0,-189553000.0,,0.0,,,,,-1.059,615.0,284.0199890136719,512.6500244140625,678.7143,1.42857,14.0,14.11,0.1928,0.056799997,1.06527,False,False,,0.787,333352.0,538290.0,6.049893534649632,-2.85,-1.18,-14.87,,-0.16642272452997964,0.4535694986244689,64.50447797122331,0.0076052884262396425,0.03525924082928644,True,0.7929548225486996,,0.492,US,True,,20.679674900943045,40.4157650203666,56.872591522158,69.16485769380206,86.03351955307262,11.696428571428571,8.15347721822542,50.0,4.201680672268908,78.7,43.26667813447899,standard,440,275954382,False,43.1,False,27.981651376146786,78.89908256880734,11.676396997497914,50.0417014178482,50.0417014178482,50.0417014178482,3,SVAG,-8,UPPTREND,False,1,0.14285714285714285,LÅG,EJ AKTUELL,-5.7,0.75,EXTREME_EARNINGS_GROWTH;,2026-07-02,0,True
0101.HK,Hang Lung Properties Limited,Real Estate,Real Estate Services,Hong Kong,HKD,36421577696.0,-7.3137877499999995,-10.173592999999999,0.4073,-1.145291545,3.6593566,9.409,-4.1175,-0.03017751000000002,-0.0020924987499999943,-0.115402485,0.17806001999999999,0.28939001999999997,-0.086,-0.4625,-0.181,-11.009500000000003,0.71475,0.56,-30548567296.0,5952000000.0,54470000640.0,93651525632.0,222912000000.0,,9950000000.0,,,5890000000.0,,1806000000.0,5864000000.0,7.43,1.4053999,0.52,7.12,0.4,1778025600.0,0.739,9.856513080827808,6.900000095367432,7.0,10.64618,1.71429,13.0,,,0.66769,0.12687,False,False,,0.5,8927244.0,8372728.0,1.2158490553180736,-13.15,-13.94,-18.09,,-0.28980969815624713,0.2765735736092945,16.79388396035624,-0.1509990204757521,-0.18033603177223467,False,-0.005416077570221122,,0.5,Asia,True,,53.47093304038723,31.493444501018327,15.17683471869622,65.91268617803047,70.39106145251397,29.017857142857146,3.357314148681055,50.0,,50.0,43.19087811495872,standard,442,7473362,False,44.4,False,27.981651376146786,59.38281901584654,39.783152627189324,50.0417014178482,50.0417014178482,50.0417014178482,3,SVAG,-8,NEDTREND,True,1,0.14285714285714285,LÅG,EJ AKTUELL,-15.6,0.875,SUSPICIOUS_FWD_PE;,2026-07-02,0,True
2318.HK,"Ping An Insurance (Group) Company of China, Ltd.",Financial Services,Insurance - Life,China,HKD,376475007219.54974,-6.0790842,-4.68967245,0.4,-1.0081389250000001,0.9605788,-0.26,-10.63475,-0.0021350050000000093,0.00030000000000000165,-0.15156,0.08741253499999999,-0.005840000000000012,-0.094,-0.2595,-0.074,116.834,1.7757499999999997,3.437,493437673472.0,3594554966016.0,2015781978112.0,-247451697152.0,13898471000000.0,,927890000000.0,,,,,134778000000.0,658632000000.0,6.04,0.3547,3.05,5.71,2.01129,1780358400.0,0.639,72.20425974107576,46.21666320761887,50.54999923706055,82.70592,,16.0,,,0.12951,0.4376,False,False,,0.5,38238005.0,55603214.0,1.4860605873646964,-12.69,-9.05,-18.16,,-0.2999028115746539,0.2860028787266965,21.00459818406742,-0.13586120062889306,-0.1469583226066593,False,-0.10168770642319068,,0.5,Asia,True,,46.47867965664352,32.58523209436524,18.71304439186471,61.35276618320613,27.37430167597765,67.41071428571429,,50.0,,50.0,43.18492767944428,standard,443,358403327,False,62.5,False,97.5396163469558,22.101751459549625,81.98498748957465,50.0417014178482,50.0417014178482,50.0417014178482,5,NEUTRAL,0,NEDTREND,True,2,0.2857142857142857,LÅG,EJ AKTUELL,-7.9,0.875,SUSPICIOUS_FWD_PE;,2026-07-02,0,True
COLD,"Americold Realty Trust, Inc.",Real Estate,REIT - Industrial,United States,USD,4556337726.624935,,609.75233975,5.84,-5.270494800000002,1.7597641,3.501,-7.23175,-0.17100124425000002,-0.02697,-0.30658875250000006,-0.34076250700000005,-0.17776497000000002,-0.05399999999999999,,,62.3855,0.16775000000000012,0.763,-916521824.0,44136000.0,4557070848.0,9108154368.0,8121598000.0,,2601846000.0,,,202550000.0,,-114548000.0,359641000.0,5.76,7.6364,0.92,3.96,0.23,1782777600.0,0.987,16.18397507756423,9.726907341594796,15.970000267028809,15.76471,2.64706,17.0,4.29,0.0689,0.00072999997,1.1996601,False,False,,0.452,4585420.0,4038150.0,1.5445230056596695,4.17,45.9,35.92,,-0.013221400151070095,0.4568014156875222,64.06249800430942,0.13968858332375378,0.27372418164677215,True,1.1033702555135583,,0.162,US,True,,11.714263945165204,88.3767184317719,12.402972749793559,43.51387449225137,94.04096834264432,29.017857142857146,11.990407673860911,50.0,24.369747899159663,45.2,42.931000830029994,standard,446,64489257,False,53.0,False,27.981651376146786,89.49124270225187,66.88907422852377,50.0417014178482,50.0417014178482,50.0417014178482,1,SVAG,-8,UPPTREND,False,1,0.14285714285714285,LÅG,EJ AKTUELL,-3.2,0.75,EXTREME_EARNINGS_GROWTH;,2026-07-02,0,True
ASAN,"Asana, Inc.",Technology,Software - Application,United States,USD,1121957708.817245,,-9.913567500000003,,1.5241452999999998,1.9868735,1.769,-35.28475,-1.0881737462499999,-0.17689750125,-0.3156237525000001,-0.22023251,0.3890749600000001,-0.031,,,126.7425,-0.5302500000000001,1.039,-1202903952.0,424640000.0,248240000.0,1430253440.0,844088000.0,,790806000.0,,,-197331000.0,,-189024000.0,90361000.0,,0.0,,,,,0.956,15.710000038146973,5.380000114440918,6.96999979019165,9.13462,,13.0,4.58,0.3447,0.46091,0.65664,False,False,,0.828,6809834.0,5793250.0,1.6251160033274026,8.74,12.78,-48.41,,-0.5563335599448047,0.6000881614918722,30.136978546465386,0.017518223212684703,-0.3121314758682844,False,0.315489413354766,,1.0,US,True,,21.94511472850706,35.689945052613716,61.41747522708505,27.568669917957845,97.57914338919925,11.696428571428571,,50.0,11.260504201680671,92.8,42.68029294571137,standard,449,40378951,False,53.5,False,27.981651376146786,97.5396163469558,62.63552960800667,50.0417014178482,50.0417014178482,50.0417014178482,1,SVAG,-8,NEDTREND,True,1,0.14285714285714285,LÅG,EJ AKTUELL,-7.9,0.75,EXTREME_EARNINGS_GROWTH;SUSPICIOUS_FWD_PE;,2026-07-02,0,True
PRU,"Prudential Financial, Inc.",Financial Services,Insurance - Life,United States,USD,37597942832.75,-10.882799000000004,-10.297052,1.1769,-6.089065850000002,0.59406763,0.906,-2.743,-0.09530874125,-0.02718750125000001,-0.20293625950000002,-0.32745999000000003,-0.20642499000000003,0.092,-0.27049999999999996,-0.156,86.95000000000002,-0.8882499999999998,0.715,8986964224.0,38684000256.0,55523999744.0,57354752000.0,773740000000.0,,60967000000.0,,,,,3576000000.0,6271000000.0,5.17,0.56130004,5.6,4.78,1.4,1779753600.0,0.855,116.5685068439461,90.65444080592968,108.25,101.26667,3.38889,15.0,7.16,0.0424,0.00176,0.64521,False,False,,0.707,2104100.0,2160420.0,1.4487686484835112,6.66,15.17,-2.6,,-0.07136152867671486,0.22742961537309855,61.96437776766338,0.06689439682591014,0.06324542136063194,False,0.7416827391427483,,0.803,US,True,,13.902859496149642,60.395981839782756,41.18856270265805,45.525052291199955,69.45996275605214,67.41071428571429,99.04076738609112,50.0,44.11764705882353,70.7,42.54610778727493,standard,450,233865465,False,69.3,False,97.5396163469558,58.798999165971644,90.49207673060884,50.0417014178482,50.0417014178482,50.0417014178482,3,SVAG,-8,UPPTREND,False,2,0.2857142857142857,LÅG,EJ AKTUELL,2.7,0.875,SUSPICIOUS_FWD_PE;,2026-07-02,0,True
SRT.DE,Sartorius Aktiengesellschaft,Healthcare,Medical Instruments & Supplies,Germany,EUR,6306762725.311874,50.8085235,9.570036875000001,0.7513,0.1363568000000006,3.5787046,4.955,3.3260000000000023,-0.09694000250000001,-0.023592501000000005,-0.0816,-0.035712505000000005,0.06059002000000002,-0.065,,0.159,66.89775000000002,-1.0095,0.445,-296187904.0,573800000.0,4300899840.0,17610631168.0,9717200000.0,,3538100000.0,,,569200000.0,,154900000.0,837000000.0,0.4,0.31059998,0.73,0.38,0.73,1774569600.0,1.453,207.10153636329073,144.77192516588585,184.1999969482422,251.71875,1.625,8.0,,,0.87067,0.01929,False,False,,0.5,3646.0,7103.0,0.4892621933759664,-2.23,9.47,-1.7,3.93,-0.1105812144960403,0.4049894751909306,43.70370265714783,0.017050207244520887,0.013523856287228408,False,0.4838024549951849,,0.448,Europe,True,45.260045357379255,31.077363121490954,49.94715140384056,27.369713336646353,26.110961541796186,92.17877094972067,67.41071428571429,32.853717026378895,50.0,,50.0,42.34297935647154,standard,451,1496480,False,48.7,False,27.981651376146786,87.32276897414512,40.617180984153464,50.0417014178482,50.0417014178482,50.0417014178482,2,SVAG,-8,UPPTREND,False,1,0.14285714285714285,LÅG,EJ AKTUELL,-7.0,1.0,EXTREME_EARNINGS_GROWTH;,2026-07-02,0,True
MRVL,"Marvell Technology, Inc.",Technology,Semiconductors,United States,USD,233370386389.16016,54.74588,18.596739499999998,1.5076,2.4529612999999992,26.771563,26.936,63.02825,-0.05236374624999999,-0.03733750125,0.17631624750000002,-0.0011225150000000114,0.019044979999999934,0.15000000000000002,-1.006,-0.806,-25.508500000000005,1.5997500000000002,2.51,877664512.0,3843599872.0,5277199872.0,234804002816.0,22285300000.0,,8194600000.0,,,1338400000.0,,2670100000.0,1750500000.0,0.09,0.0825,0.24,0.38,0.06,1783641600.0,2.277,329.8800048828125,61.32450038161137,266.7699890136719,242.50168,1.45455,41.0,0.71,0.052600004,0.0069,0.85541,False,False,,0.445,42391934.0,67032330.0,0.34,-19.43,127.02,,,-23.19,0.8931,41.9,8.7,,False,0.3987723384997955,,0.677,US,True,42.4027474852697,45.242369367100494,52.08757637474542,33.85815014522826,30.070345397077023,32.588454376163874,33.39285714285714,56.11510791366906,50.0,35.294117647058826,44.5,42.26942035353044,standard,453,17882213938,False,42.4,False,62.71893244370309,25.604670558798997,2.543786488740617,50.0417014178482,50.0417014178482,50.0417014178482,4,NEUTRAL,0,UPPTREND,False,0,0.0,LÅG,EJ AKTUELL,8.3,0.875,,2026-07-02,0,True
HEXA-B.ST,Hexagon AB (publ),Technology,Scientific & Technical Instruments,Sweden,SEK,208452885011.41638,-21.842880499999996,-6.045840875000001,0.6944,11.334324,40.057667,40.299,149.87300000000002,-0.022400000000000003,-0.035269999999999996,0.25326998,0.03669001999999999,0.20882996999999998,-0.124,7.235,7.501,-13.352625000000002,1.6169999999999998,0.903,-6929797760.0,1978099968.0,3254000128.0,218688815104.0,17108300000.0,,5424600000.0,,,1015400000.0,,617400000.0,1466900000.0,1.87,0.1847,1.52,1.19,0.14,1777248000.0,0.854,121.9326510983536,71.57263946533203,80.9800033569336,95.981544,2.5,14.0,,,0.25674,0.68665004,False,False,,0.5,5361735.0,5416813.0,0.8410228215229099,-4.05,-14.26,-23.14,,-0.33586285029090923,0.38447564495768327,36.397522768532205,-0.08923956825493762,-0.20357346645422503,True,0.36109699599076145,,0.212,Nordic,True,19.61543887062296,56.60789228582348,28.70894857433809,53.02017545221817,58.18832614832859,33.70577281191806,67.41071428571429,26.85851318944844,50.0,,50.0,42.18917626823282,standard,454,45359916,False,33.9,False,27.981651376146786,26.522101751459548,2.543786488740617,50.0417014178482,50.0417014178482,50.0417014178482,4,NEUTRAL,0,NEDTREND,True,1,0.14285714285714285,LÅG,EJ AKTUELL,-2.5,0.875,SUSPICIOUS_FWD_PE;,2026-07-02,0,True
7148.T,"Financial Partners Group Co.,Ltd.",Financial Services,Financial Conglomerates,Japan,JPY,126442817150.0,-9.657810499999998,-19.965024625,,-0.12784069999999992,1.2411078,1.697,-3.489625000000001,0.14658250249999996,0.073525,-0.1149675025,-0.07859998800000002,-0.012805045000000015,-0.481,-0.4045,-0.28,85.33624999999999,-0.3399999999999997,2.113,-115580133376.0,15852999680.0,62077001728.0,172930809856.0,126857000000.0,,129764000000.0,,,25418000000.0,,18156000000.0,108246000000.0,6.14,0.6056,92.7,4.49,46.35,1790640000.0,0.464,2379.135430806849,1467.0,1510.0,,,,,,0.32399,0.15335,False,False,,0.5,757361.0,469060.0,0.8477442164322496,-0.13,-21.17,-28.45,,-0.3653156602825651,0.37157452262775675,41.269841269841265,-0.0134716650768969,-0.22136775600161196,True,0.3834679971899399,,0.5,Japan,True,,52.887056702879406,24.577817379497628,11.186374166621789,47.40705624435343,42.64432029795158,67.41071428571429,,50.0,,50.0,42.12768179199263,standard,455,4398275,False,63.4,False,97.5396163469558,34.361968306922435,75.31276063386156,50.0417014178482,50.0417014178482,50.0417014178482,5,NEUTRAL,0,NEDTREND,True,1,0.14285714285714285,LÅG,EJ AKTUELL,3.9,0.875,SUSPICIOUS_FWD_PE;,2026-07-02,0,True
RADL3.SA,Raia Drogasil S.A.,Healthcare,Pharmaceutical Retailers,Brazil,BRL,30337104378.96364,0.9041540000000001,0.2500757500000006,0.27,0.8142558999999997,0.66607505,0.845,0.30074999999999985,-0.0069087512500000045,-0.015050000000000006,-0.047118747500000016,-0.12681250949999998,0.02744999999999999,0.05700000000000001,-0.14700000000000002,-0.031,24.734499999999997,-0.82575,0.43,-3795148608.0,537736000.0,8693282816.0,38492651520.0,25170475000.0,,44250449000.0,,,2648975000.0,,1296861000.0,1509470000.0,2.3,0.5089,0.4,1.13,0.086015,1775520000.0,0.019,27.31210814551957,12.618339669229126,17.350000381469727,26.52,1.86667,15.0,,,0.24806,0.69835,False,False,,0.5,10987052.0,9146110.0,1.0321491270336742,-6.22,-28.79,-22.99,,-0.36475059746290883,0.3960418123250903,43.82871718050584,-0.10821672619079836,-0.19136443892603205,True,0.45353468280696385,,0.787,LatAm,True,38.08240285599574,36.292186851549516,26.02177741004752,42.90849466334113,53.722554762304966,72.8119180633147,67.41071428571429,12.709832134292565,50.0,,50.0,42.04015008410908,standard,456,30457189,False,52.0,False,27.981651376146786,62.05170975813178,88.15679733110926,50.0417014178482,50.0417014178482,50.0417014178482,2,SVAG,-8,NEDTREND,True,1,0.14285714285714285,LÅG,EJ AKTUELL,-10.2,0.875,SUSPICIOUS_FWD_PE;,2026-07-02,0,True
TM,Toyota Motor Corporation,Consumer Cyclical,Auto Manufacturers,Japan,USD,203050362867.99658,-22.261419,-11.036498250000001,1.56,6.3792614,0.004006127,0.685,-14.43175,-0.10971123625000001,-0.05297750125000001,-0.012028755000000023,-0.06854249999999998,-0.32888499000000004,-0.05449999999999999,0.12100000000000001,0.229,22.939000000000007,-0.05724999999999997,1.016,-1206228141824.0,13867543429120.0,43916481003520.0,34726096142336.0,105522331000000.0,,50684952000000.0,,,3766216000000.0,,3848098000000.0,5472920000000.0,3.65,0.314,6.27,2.75,3.457,1774915200.0,0.306,248.89999389648438,166.10000610351562,171.47999572753906,256.52435,1.5,4.0,1.82,0.0008,0.0,0.02174,False,False,,0.424,478885.0,571580.0,0.7381599909882365,-9.8,-18.32,-21.78,,-0.31104861417209884,0.2963780160684432,42.52630234820812,-0.07876190425538077,-0.1664041820638097,False,0.3189450338428461,,0.675,US,True,,22.933890968305853,28.88476960285132,47.89257671236815,65.74685370825698,34.45065176908753,67.41071428571429,25.179856115107913,50.0,94.53781512605042,42.4,41.97091731817757,standard,458,98014536,False,48.2,False,27.981651376146786,27.18932443703086,97.5396163469558,50.0417014178482,50.0417014178482,50.0417014178482,2,SVAG,-8,NEDTREND,True,2,0.2857142857142857,LÅG,EJ AKTUELL,-14.7,0.875,SUSPICIOUS_FWD_PE;,2026-07-02,0,True
PYPL,"PayPal Holdings, Inc.",Financial Services,Credit Services,United States,USD,39068453092.5617,-13.721532000000002,-10.013248500000001,0.7982,-5.291912450000002,1.1581328,1.227,-7.683000000000002,0.048781278750000025,0.016102498749999992,-0.10772625750000003,-0.19497000000000003,-0.08669497000000004,0.010999999999999996,-0.1895,-0.135,-13.742000000000004,-0.4392499999999999,0.216,2691464448.0,9342000128.0,11669999616.0,41396453376.0,80173000000.0,,33172000000.0,,,6396000000.0,,5233000000.0,6416000000.0,1.26,0.0525,0.56,,0.14,1780531200.0,1.336,78.81740177861842,38.21792222779819,44.290000915527344,51.54212,2.88372,33.0,3.63,0.0687,0.00684,0.80125,False,False,,0.792,15272015.0,18690090.0,1.8901749789091224,1.54,-1.69,-24.98,,-0.4380682448791108,0.3914950783902015,65.72328150566287,-0.022190751378685314,-0.1784252693281817,True,0.8513975441115992,,0.734,US,True,,40.4234186561539,30.977119399185337,35.346574520275226,28.192749800394363,68.90130353817506,67.41071428571429,94.96402877697841,50.0,24.789915966386555,79.2,41.63140763588682,standard,460,827784103,False,66.5,False,94.41201000834029,58.29858215179316,77.56463719766472,50.0417014178482,50.0417014178482,50.0417014178482,4,NEUTRAL,0,NEDTREND,True,1,0.14285714285714285,LÅG,EJ AKTUELL,-2.7,0.875,SUSPICIOUS_FWD_PE;,2026-07-02,0,True
STT,State Street Corporation,Financial Services,Asset Management,United States,USD,46527306086.55519,-4.964095000000002,-5.601216000000001,1.1309,-5.332795550000001,3.2326345,,,-0.08980874124999999,-0.023267501250000003,-0.044746257500000025,-0.09648999000000003,-0.49598498999999996,-0.089,-0.3685,-0.237,,,,,,,,366047000000.0,,13965000000.0,,,,,2945000000.0,11898000000.0,2.0,0.333,3.36,3.0,0.84,1782864000.0,1.451,175.4600067138672,99.91480733407955,168.11000061035156,164.4643,2.125,14.0,0.04,0.00029999999,0.00366,0.96904,False,False,,0.591,2211369.0,3200060.0,1.536691716082797,6.45,34.68,30.33,,-0.04188992261639257,0.2521649342903749,61.2526571949848,0.06914359595557218,0.2833433284453706,False,0.6266547874506457,,0.91,US,True,,19.183269335897805,85.15704557026476,27.92761985393486,45.071662714465056,64.80446927374301,67.41071428571429,,50.0,96.21848739495799,59.099999999999994,41.582492218802805,holding,461,537962089,False,44.5,False,27.981651376146786,54.79566305254379,44.95412844036697,50.0417014178482,50.0417014178482,50.0417014178482,0,SVAG,-8,UPPTREND,False,2,0.2857142857142857,LÅG,EJ AKTUELL,-7.9,0.75,SUSPICIOUS_FWD_PE;,2026-07-02,0,True
2454.TW,MediaTek Inc.,Technology,Semiconductors,Taiwan,TWD,6192907595400.0,31.808471500000003,15.552456749999996,1.8866,10.975993925,10.4644575,10.193,31.997499999999995,0.12908999,0.028990000000000002,0.022472505,-0.01992998,0.10361001999999997,-0.153,-0.379,-0.176,0.3825000000000003,-0.65825,0.909,39308058624.0,194710732800.0,26086395904.0,6032448815104.0,743784805000.0,,595965682000.0,,,103469109000.0,,105319255000.0,162792872000.0,1.38,0.8178,53.5,6.3,24.500216,1783382400.0,1.899,4970.0,1108.511442625887,3880.0,4278.522,1.43478,23.0,,,0.081,0.45512,False,False,,0.5,12781169.0,12061856.0,0.57,,,,,,0.7161,56.4,,,False,-0.11174643272093156,,0.684,Asia,True,47.97139663834543,64.39365977405228,,20.401745012491354,33.129963365379,11.731843575418994,67.41071428571429,60.19184652278178,50.0,,50.0,41.41241894933856,standard,463,1467544672,False,42.2,False,66.80567139282736,8.507089241034196,11.592994161801501,50.0417014178482,50.0417014178482,50.0417014178482,5,NEUTRAL,0,UPPTREND,False,2,0.2857142857142857,LÅG,EJ AKTUELL,11.0,0.875,,2026-07-02,0,True
042700.KS,"HANMI Semiconductor Co., Ltd.",Technology,Semiconductor Equipment & Materials,South Korea,KRW,24424648015000.0,,30.72403175,1.3429,,50.86403,50.503,101.18249999999999,0.18289001,0.11262000000000001,0.22453253499999998,-0.007269979999999995,0.18969005,-0.781,-0.8540000000000001,-0.652,-5.810500000000001,2.2577499999999997,2.459,47732547584.0,175668494336.0,2251916544.0,24251230846976.0,813331626120.0,,576684619520.0,,,251390142150.0,,214007548410.0,228626759780.0,0.31,0.4271,800.0,1.76,800.0,1772668800.0,2.019,426000.0,81148.56669861963,257500.0,263125.0,3.125,8.0,,,0.55701,0.26643,False,False,,0.5,1226749.0,1269278.0,0.5836765066347105,-19.28,-14.17,115.43,,-0.3955399061032864,0.9117416222913263,50.74906367041199,-0.19233423248227843,0.24044580303434704,False,0.20106320207427766,,0.0,Asia,True,38.52729581041049,78.71860700403639,54.15738501357773,1.1486985900397093,32.276649223498644,5.95903165735568,67.41071428571429,52.51798561151079,50.0,,50.0,41.389421454999415,standard,464,238592532,False,38.4,False,60.633861551292746,2.543786488740617,2.543786488740617,50.0417014178482,50.0417014178482,50.0417014178482,5,NEUTRAL,0,VARNING,False,2,0.2857142857142857,LÅG,EJ AKTUELL,-6.1,0.625,,2026-07-02,0,True
MOD,Modine Manufacturing Company,Consumer Cyclical,Auto Parts,United States,USD,13520313092.275772,82.115757,0.6236947499999985,1.112,3.2328043999999982,4.2502007,4.412,10.67525,-0.09577123625,0.023732493749999986,-0.04975875500000003,0.0040875100000000095,-0.26575499,0.40149999999999997,0.363,0.478,-35.893,0.61175,1.167,-1493485584.0,73500000.0,580099968.0,14035213312.0,2674600000.0,,3181100000.0,,,371000000.0,,121500000.0,248700000.0,,0.0,,4.37,0.1,1227052800.0,1.66,323.25,86.4800033569336,255.99000549316406,340.85715,1.125,7.0,2.25,0.0709,0.0212,1.08517,False,False,,0.458,1294079.0,2161090.0,0.37,-18.91,11.62,,,-18.91,0.7428,46.3,-7.98,,False,0.004156428767474889,,0.998,US,True,21.464348882884643,38.275619493922946,29.124236252545828,83.18458102449517,29.35502085257799,84.35754189944134,11.696428571428571,11.270983213429256,50.0,23.949579831932773,45.800000000000004,41.32600289519066,standard,465,553217441,False,46.3,False,27.981651376146786,76.64720600500416,35.19599666388657,50.0417014178482,50.0417014178482,50.0417014178482,3,SVAG,-8,VARNING,False,1,0.14285714285714285,LÅG,EJ AKTUELL,1.2,0.875,SUSPICIOUS_FWD_PE;,2026-07-02,0,True
COF,Capital One Financial Corporation,Financial Services,Credit Services,United States,USD,125667974124.0,40.93186300000001,-9.307847,0.2194,-6.089158150000001,3.4608788,2.998,,-0.16982874125,-0.026407501250000007,-0.1689362575,-0.08880999,-0.49598498999999996,0.402,-0.1595,0.548,,,,,79386001408.0,55874998272.0,108843728896.0,669009000000.0,,53434000000.0,,,,,2453000000.0,27718000000.0,1.57,0.86120003,3.2,1.65,0.8,1779148800.0,1.037,257.5448295944663,174.23209732202199,204.0,254.66667,1.6087,21.0,2.23,0.02,0.01895,0.88153,False,False,,0.614,4721703.0,5594480.0,0.9425283986271172,8.05,12.49,-16.94,,-0.2079048904952926,0.31446364469178106,76.1723199286257,0.07075417772437453,-0.01769759570747842,True,0.8428355247566129,,0.675,US,True,,12.405102722760388,48.109459860828245,61.34456009872018,46.58494908634398,42.83054003724395,67.41071428571429,,50.0,75.21008403361344,61.4,41.18292942351317,standard,466,1141273920,False,41.1,False,27.981651376146786,34.445371142618846,42.61884904086739,50.0417014178482,50.0417014178482,50.0417014178482,0,SVAG,-8,NEDTREND,True,2,0.2857142857142857,LÅG,EJ AKTUELL,-9.1,0.75,SUSPICIOUS_FWD_PE;,2026-07-02,0,True
BWXT,"BWX Technologies, Inc.",Industrials,Aerospace & Defense,United States,USD,18131455519.092865,17.203143999999998,13.265751500000002,1.67,5.2194129999999985,5.370081,5.816,20.128249999999998,0.07222875375000001,-0.006737501250000007,-0.007933752500000016,-0.036537505000000005,-0.26940498,0.2,0.13899999999999998,0.207,76.94049999999999,1.0292499999999998,2.241,-1226534592.0,512356992.0,2017945984.0,19636852736.0,4271495000.0,,3198425000.0,,,324576000.0,,328945000.0,479848000.0,0.53,0.272,1.04,1.13,0.27,1779148800.0,0.734,241.49667915308143,133.0950926988805,197.91000366210938,238.79,1.8,13.0,3.21,0.0405,0.0036199999,0.95047,False,False,,0.708,1027653.0,1228450.0,0.19,1.61,-12.58,,,-21.17,0.4852,43.1,-7.23,,True,0.5732960337052626,,1.0,US,True,22.084920299054872,43.21080594366996,7.2301425661914465,74.72186049336415,51.09638748103927,81.19180633147114,67.41071428571429,18.94484412470024,50.0,45.378151260504204,70.8,40.862427641767844,standard,468,243122544,False,44.5,False,27.981651376146786,72.22685571309424,27.356130108423688,50.0417014178482,50.0417014178482,50.0417014178482,3,SVAG,-8,VARNING,False,2,0.2857142857142857,LÅG,EJ AKTUELL,0.7,0.875,,2026-07-02,0,True
MNG.L,M&G plc,Financial Services,Asset Management,United Kingdom,GBp,10271920172066.082,14.999613,0.8945830000000008,,0.0,1.0886549,1.369,-2.96075,-0.05079874625,-0.016960000000000003,-0.23460999999999999,0.0306825,0.12686999999999998,0.309,,,152.97924999999998,-0.4982499999999999,0.328,-3922056272.0,4904000000.0,6912000000.0,10053670912.0,190601000000.0,,21713000000.0,,,,,302000000.0,953000000.0,6.11,1.6423,0.21,8.96,0.138,1773878400.0,0.952,4332.620759407349,3124.976904160443,4311.721843934938,308.84198,2.36364,11.0,,,0.17629999,0.53179,False,False,,0.5,5979682.0,8317193.0,0.7678966937490611,10.74,22.99,21.81,27.81,-0.004823619844186444,0.20056106417778277,89.26897886157683,0.10055459077086004,0.19577759322857946,True,0.9179343729877444,,0.5,UK,True,,37.60870330915378,77.54049736779895,59.30429397192403,45.77550314458978,9.31098696461825,29.017857142857146,1.1990407673860912,50.0,,50.0,40.80079293280427,holding,469,35861422738,False,42.3,False,27.981651376146786,6.33861551292744,78.81567973311093,50.0417014178482,50.0417014178482,50.0417014178482,2,SVAG,-8,UPPTREND,False,1,0.14285714285714285,LÅG,EJ AKTUELL,-2.9,1.0,EXTREME_EARNINGS_GROWTH;SUSPICIOUS_FWD_PE;,2026-07-02,0,True
RGTI,"Rigetti Computing, Inc.",Technology,Computer Hardware,United States,USD,6102842299.400131,,-115.9025365,,0.08552930000000014,609.3093,568.229,-94.67275,-0.78356374625,-0.19633750125000002,-0.11354375250000003,-6.043872205,-0.19646499,1.863,,-0.223,-53.3165,5.30675,6.83,-1398245459.0,418246016.0,6783000.0,5691379200.0,666574000.0,,7088000.0,,,-84660000.0,,-216210000.0,-58543000.0,,0.0,,,,,1.902,58.150001525878906,10.800000190734863,18.360000610351562,29.64583,1.69231,12.0,0.95,0.17899999,0.017070001,0.56458,False,False,,0.597,41502223.0,35595180.0,0.7382278358629863,-25.43,27.41,-26.88,,-0.6842648301190382,1.10078512328202,41.2584767079183,-0.09092707143224676,-0.23048710334443678,False,0.15909430451174822,,0.659,US,True,,8.944451912485851,47.16803504752207,52.75902476004482,35.4603082617477,92.5512104283054,11.696428571428571,4.07673860911271,50.0,5.042016806722689,59.699999999999996,40.687830081158125,standard,471,653527527,False,43.1,False,27.981651376146786,87.90658882402002,2.543786488740617,50.0417014178482,50.0417014178482,50.0417014178482,2,SVAG,-8,NEDTREND,True,0,0.0,LÅG,EJ AKTUELL,-14.3,0.75,EXTREME_EARNINGS_GROWTH;SUSPICIOUS_FWD_PE;,2026-07-02,0,True
CRH.L,CRH plc,Basic Materials,Building Materials,Ireland,GBp,58734817280.0,-1.4616854999999997,1272.310312,2.2984,328.51751845000007,1.5684786,2.025,-3.6682500000000013,0.0,-0.00030999849999999857,-0.07564623924999996,-0.12466253250000003,-0.25939999999999996,-0.025999999999999995,0.067,0.458,39.87349999999999,-0.6177499999999996,1.091,1720931216.0,4096000000.0,19704999936.0,75823243264.0,58329000000.0,,37447000000.0,,,5323000000.0,,3730000000.0,5625000000.0,0.0127,0.26860002,1.11,2.21,0.39,1772668800.0,1.241,9758.0,6340.0,8790.0,10476.811,1.33333,11.0,,,0.00139,0.90112996,False,False,,0.5,425571.0,576326.0,,,,,,,,,,,,,,0.525,UK,True,,32.66175096514242,,49.77535986063791,33.941541782162425,59.96275605214153,23.392857142857142,81.29496402877699,50.0,,50.0,40.640126756704205,standard,472,5065905540,False,59.2,False,75.6463719766472,48.790658882402,69.89157631359465,50.0417014178482,50.0417014178482,50.0417014178482,5,NEUTRAL,0,UPPTREND,False,0,0.0,LÅG,EJ AKTUELL,0.0,0.875,,2026-07-02,0,True
CCJ,Cameco Corporation,Energy,Uranium,Canada,USD,45508839940.82118,76.324812,38.56849175000001,1.92,2.1081619499999986,12.863359,12.835,36.834250000000004,-0.08470124525,-0.027149999499999997,0.06710124749999997,7.249999999999618e-05,-0.12816497,0.022499999999999992,0.59,0.874,-48.226000000000006,1.90875,1.837,-767256832.0,1109720064.0,1010993984.0,45410127872.0,10301282000.0,,3481933000.0,,,621259000.0,,589577000.0,1408432000.0,0.17,0.1611,0.17,0.23,0.172,1764547200.0,0.983,135.24000549316406,68.82599337595263,104.48999786376953,132.30632,1.79167,10.0,2.03,,0.00145,0.6863,False,False,,0.1,3147758.0,2887150.0,0.6943613250051349,-2.75,-0.17,11.86,,-0.22737360529720507,0.5537841208990276,51.422372710948856,-0.06748986867381257,0.008035079390211308,True,0.3972109563082019,,0.712,US,True,27.716614039085474,37.260867994044894,53.652463085539715,69.12896390913458,48.10355636282508,65.17690875232775,67.41071428571429,32.61390887290168,50.0,,10.0,40.51447800551715,commodity,474,301678297,False,39.2,False,27.981651376146786,55.04587155963303,9.424520433694745,50.0417014178482,50.0417014178482,50.0417014178482,3,SVAG,-8,VARNING,False,2,0.2857142857142857,LÅG,EJ AKTUELL,-7.1,0.875,,2026-07-02,0,True
012330.KS,"Hyundai Mobis Co.,Ltd",Consumer Cyclical,Auto Parts,South Korea,KRW,43386353629500.0,,-4.3369,0.09,,0.70060927,0.559,-8.622499999999999,-0.05227749400000002,-0.02517,-0.06454249749999999,-0.09009997499999998,-0.22269998000000002,-0.018499999999999996,-0.246,-0.145,-28.278999999999996,0.7237499999999997,1.721,1469552549888.0,12600156880896.0,3813206917120.0,34646467280896.0,70400532000000.0,,61118127000000.0,,,3357582000000.0,,3655790000000.0,4472515000000.0,1.34,0.16530001,6500.0,1.84,5000.0,1773878400.0,1.324,822000.0,274353.64046052634,486500.0,685866.7,1.53333,30.0,,,0.3518,0.37162,False,False,,0.5,647046.0,516553.0,0.6427405556441365,-29.29,21.02,35.97,,-0.40815085158150854,0.6588298264077717,31.07088989441931,-0.12693142867397667,0.1823393778778386,False,0.11737617343502038,,0.0,Asia,True,,23.691311859621663,73.02831169382213,16.028221757218965,34.937274639198215,3.910614525139665,67.41071428571429,92.56594724220624,50.0,,50.0,40.437215990182466,standard,475,183451215,False,56.8,False,83.31943286071727,2.543786488740617,87.40617180984154,50.0417014178482,50.0417014178482,50.0417014178482,4,NEUTRAL,0,VARNING,False,2,0.2857142857142857,LÅG,EJ AKTUELL,-6.2,0.625,SUSPICIOUS_FWD_PE;,2026-07-02,0,True
0003.HK,The Hong Kong and China Gas Company Limited,Utilities,Utilities - Regulated Gas,Hong Kong,HKD,124274732005.40979,5.282348499999999,5.674876,2.83,0.312238225,2.2875612,3.486,1.9120000000000021,0.02017749999999998,0.008200000000000006,-0.06635999499999999,-0.124584975,0.019820019999999994,-0.121,-0.03899999999999999,0.02,-26.23250000000001,-0.46875000000000006,0.43,-31663992320.0,8012899840.0,61059100672.0,189359128576.0,163555100000.0,,54326300000.0,,,8132100000.0,,5688200000.0,10533000000.0,5.26,1.1589,0.35,4.88,0.23,1780444800.0,0.555,7.511074330032385,6.260518504299162,6.659999847412109,7.37,,10.0,,,0.41854,0.12965,False,False,,0.5,23709620.0,30352857.0,1.0189369695860533,-4.17,-2.81,-2.12,,-0.11330928775625715,0.14749994555590837,35.71427963218885,-0.04168661364388315,-0.04584957330312378,False,0.1431178203359416,,0.5,Asia,True,29.813361980099177,43.359635357514634,47.07866598778005,26.283371964847717,65.37675277297679,43.20297951582867,29.017857142857146,6.71462829736211,50.0,,50.0,40.37497471396908,standard,476,25776549,False,43.4,False,27.981651376146786,34.695579649708094,58.13177648040033,50.0417014178482,50.0417014178482,50.0417014178482,3,SVAG,-8,NEDTREND,True,1,0.14285714285714285,LÅG,EJ AKTUELL,-8.3,0.875,,2026-07-02,0,True
AFRM,"Affirm Holdings, Inc.",Financial Services,Credit Services,United States,USD,23398500972.673897,50.23253000000001,3.3389939999999987,0.7835,-0.22978105000000237,6.702965,8.547,39.763,-0.08754873725000001,-0.013897500250000007,-0.1614062575,-0.28953999,-0.012294990000000006,0.265,35.1655,35.698,168.257,11.84375,9.572,-1090950208.0,1768999040.0,9090749440.0,33942837248.0,11154929000.0,,3224412000.0,,,337993000.0,,52186000.0,793909000.0,,0.0,,,,,3.699,100.0,42.095001220703125,79.48999786376953,83.70741,1.64516,27.0,3.91,0.0633,0.04344,0.86926,False,False,,0.658,5067965.0,5091000.0,1.8174806037754427,12.85,81.28,5.09,,-0.20510002136230465,0.6223530994706601,72.34102455446174,0.17368254493034896,0.1973116247672777,True,0.96259164217652,,0.31,US,True,23.248478140564472,22.92187368644262,72.79388365580449,74.03792937459636,33.26038055496782,77.6536312849162,11.696428571428571,26.618705035971225,50.0,26.47058823529412,65.8,40.16444118396476,standard,478,404683579,False,42.7,False,27.981651376146786,67.38949124270225,20.350291909924938,50.0417014178482,50.0417014178482,50.0417014178482,3,SVAG,-8,UPPTREND,False,2,0.2857142857142857,LÅG,EJ AKTUELL,-3.2,0.875,,2026-07-02,0,True
PEN,"Penumbra, Inc.",Healthcare,Medical Devices,United States,USD,12453509289.797974,40.250331,28.748960250000003,4.0556,0.2403436999999995,8.563333,8.289,40.089,-0.06395874374999999,-0.005647505250000011,-0.007643752500000017,-0.09518251,0.17786500999999993,0.073,-0.293,-0.169,-49.52675,4.0177499999999995,3.773,-1250235712.0,615660032.0,216175008.0,12054024192.0,1826519000.0,,1403665000.0,,,189249000.0,,177687000.0,238663000.0,,0.0,,,,,0.699,362.4100036621094,221.25999450683594,316.6300048828125,364.42856,2.64706,14.0,4.47,0.0581,0.02898,0.88969004,False,False,,0.427,489382.0,427370.0,1.3020063861220987,-1.16,-5.88,0.22,,-0.126321012987212,0.33541253423740774,36.24822177600727,-0.019768691331136234,0.026787518738554006,True,0.19993147406590123,,0.703,US,True,12.537191965884306,41.61817600755563,46.60450610997963,37.20821045380023,68.74287810476318,85.47486033519553,11.696428571428571,11.510791366906476,50.0,29.411764705882355,42.699999999999996,40.103759352332474,standard,479,135318165,False,43.4,False,27.981651376146786,78.0650542118432,14.51209341117598,50.0417014178482,50.0417014178482,50.0417014178482,3,SVAG,-8,VARNING,False,1,0.14285714285714285,LÅG,EJ AKTUELL,-7.8,0.875,,2026-07-02,0,True
SOFI,"SoFi Technologies, Inc.",Financial Services,Credit Services,United States,USD,22935411579.480743,17.702233999999994,4.326289999999999,0.842,-5.145680250000002,5.868195,5.446,,-0.13644874125,-0.018657502250000006,-0.11008625750000003,-0.19183999000000004,0.33908501,0.364,0.8845000000000001,1.344,-54.298,-0.5822499999999997,0.492,,3564402944.0,1916210944.0,21287221248.0,50660478000.0,,3613354000.0,,,,,481320000.0,-3742458000.0,,0.0,,,,,2.152,32.72999954223633,14.920000076293945,17.8799991607666,20.9,2.70833,20.0,2.69,0.1548,0.01432,0.56706,False,False,,0.665,70396080.0,90070370.0,1.0308302350645202,10.58,12.67,-34.24,,-0.45371220865147244,0.5598229913014979,66.78765588085122,0.05459967312173242,-0.20512758734052272,True,0.7466747985104084,,0.838,US,True,,30.849478672039435,38.27355948744059,85.50618298874573,14.134247338574866,78.02607076350093,11.696428571428571,,50.0,9.243697478991598,66.5,39.66817614570305,standard,480,1610458140,False,43.3,False,27.981651376146786,68.05671392827357,23.686405337781487,50.0417014178482,50.0417014178482,50.0417014178482,3,SVAG,-8,NEDTREND,True,1,0.14285714285714285,LÅG,EJ AKTUELL,-6.5,0.875,,2026-07-02,0,True
CHWY,"Chewy, Inc.",Consumer Cyclical,Internet Retail,United States,USD,4321147714.176323,-0.7409190000000034,-11.830218250000001,0.3748,9.8395334,0.59137243,0.592,-1.5897500000000009,0.4261187637499999,-0.016577501250000008,-0.06807875500000003,-0.07592249999999998,-0.19686499000000002,0.003500000000000003,0.41600000000000004,0.519,39.263000000000005,-0.54725,0.321,-928760576.0,520100000.0,523400000.0,7598118912.0,3366400000.0,,12601500000.0,,,254300000.0,,222800000.0,691600000.0,,0.0,,,,,1.43,43.630001068115234,17.399999618530273,18.549999237060547,31.04762,1.72,21.0,2.46,0.1093,0.02609,1.0013,False,False,,0.731,9213258.0,12077010.0,1.1625834112021107,-12.46,-31.32,-42.01,,-0.5748338578286932,0.46754003978399633,37.603789901048614,-0.16158195394152963,-0.36668456163324437,True,0.31947672348388534,,0.509,US,True,,39.74026171875412,18.07283710964019,58.85384771542958,31.05653086801702,94.59962756052141,11.696428571428571,9.59232613908873,50.0,15.966386554621847,73.1,39.52260571102264,standard,481,224028526,False,56.6,False,27.981651376146786,90.07506255212677,90.57547956630525,50.0417014178482,50.0417014178482,50.0417014178482,2,SVAG,-8,NEDTREND,True,0,0.0,LÅG,EJ AKTUELL,-12.7,0.875,SUSPICIOUS_FWD_PE;,2026-07-02,0,True
BOUV.OL,Bouvet ASA,Technology,Information Technology Services,Norway,NOK,4401611236.0,-18.1706635,-9.870614875000001,,2.4958759999999995,1.1360075,1.081,-12.570999999999998,0.45209999999999995,0.07214999999999999,-0.03545,-0.08219997999999999,-0.14176,-0.161,-0.4,-0.196,30.782374999999988,-0.577,1.181,-625448096.0,551203008.0,339040992.0,4189449216.0,1728816000.0,,3912343000.0,,,473432000.0,,358673000.0,347111000.0,6.98,0.9288,3.0,4.19,3.0,1778803200.0,0.343,76.18422632136449,41.17421124106959,43.0,55.0,,3.0,,,0.16841,0.47265998,False,False,,0.5,177719.0,167001.0,0.5609676342081096,-9.47,-7.83,-26.68,,-0.4355787007849231,0.2410414966336391,28.33334604899089,-0.07504015748312043,-0.1860719656728781,False,0.25689007787197726,,0.279,Nordic,True,,55.11360183716604,27.06742192803802,8.285292086145997,61.34555189520276,94.41340782122904,67.41071428571429,7.434052757793765,50.0,,50.0,39.44057432161588,standard,482,729289,False,54.7,False,27.981651376146786,89.82485404503753,77.89824854045038,50.0417014178482,50.0417014178482,50.0417014178482,3,SVAG,-8,NEDTREND,True,2,0.2857142857142857,LÅG,EJ AKTUELL,-14.9,0.875,SUSPICIOUS_FWD_PE;,2026-07-02,0,True
CINT.ST,Cint Group AB (publ),Technology,Software - Application,Sweden,SEK,2073861988.9859962,,43.649797125,,2.820566,13.963051,13.889,130.078,-0.7567699999999999,-0.11856999999999998,-1.30422,-0.18157997899999997,0.42405,-0.179,,,-16.488625,-0.39800000000000013,1.273,-810033476.0,61880000.0,51711000.0,2062893056.0,367372000.0,,150442000.0,,,-192300000.0,,-177240000.0,43267000.0,,0.0,,,,,1.399,8.989999771118164,2.1519999504089355,5.840000152587891,5.6429014,2.33333,2.0,,,0.34001,0.39451998,False,False,,0.5,2367857.0,1377208.0,0.6098979187726592,1.57,62.4,122.9,,-0.3503892879563979,0.8408935914776845,57.894741245028776,0.05388532299931326,0.34981934577021234,False,0.8314414117714346,,0.516,Nordic,True,2.061047994183838,22.956172183083122,84.49804820095044,22.662228186072113,17.109309255734885,96.2756052141527,11.696428571428571,1.1990407673860912,50.0,,50.0,39.42086113327021,standard,483,831693,False,44.9,False,27.981651376146786,94.07839866555463,8.423686405337781,50.0417014178482,50.0417014178482,50.0417014178482,2,SVAG,-8,UPPTREND,False,1,0.14285714285714285,LÅG,EJ AKTUELL,-8.1,0.75,EXTREME_EARNINGS_GROWTH;,2026-07-02,0,True
MELI,"MercadoLibre, Inc.",Consumer Cyclical,Internet Retail,Uruguay,USD,84922848330.47583,12.586999999999994,6.745215749999998,1.0325,3.5804883999999992,2.6702778,2.881,2.633249999999998,0.10053876375000001,-0.02557750125000001,-0.027578753000000025,-0.04512249999999998,-0.0012549900000000114,0.4165,-0.267,-0.156,85.85500000000002,-0.17024999999999996,0.438,-5496660480.0,5664000000.0,12376000512.0,91634851840.0,42667000000.0,,28893000000.0,,,3201000000.0,,1997000000.0,12116000000.0,,0.0,,0.34,0.15,1514419200.0,1.348,2645.219970703125,1495.0,1675.0999755859375,2216.9583,1.54167,24.0,1.76,0.0186,0.06961,0.83162004,False,False,,0.662,545000.0,506760.0,0.9243584576111783,-1.24,2.7,-16.04,,-0.36674454520291566,0.40093584154263834,56.98161194758659,-0.011454073533402442,-0.14315734475975783,True,0.7438857682547341,,0.243,US,True,36.913419490651826,43.31943879866481,37.9433978275628,32.00957073744114,34.15938672614636,51.955307262569825,11.696428571428571,19.18465227817746,50.0,78.15126050420169,66.2,39.410189987032304,standard,484,848873664,False,43.8,False,27.981651376146786,41.201000834028356,53.79482902418682,50.0417014178482,50.0417014178482,50.0417014178482,2,SVAG,-8,NEDTREND,True,0,0.0,LÅG,EJ AKTUELL,-11.6,0.875,,2026-07-02,0,True
1299.HK,AIA Group Limited,Financial Services,Insurance - Life,Hong Kong,HKD,729605756353.6697,3.2061660000000005,1.1479342500000005,1.01,0.3986646749999998,27.831614,28.728,65.97724999999998,0.03354499499999998,0.009220000000000002,-0.05310999999999999,-0.087857445,0.07226001999999998,-0.0010000000000000009,-0.0335,0.051,23.487,0.06175000000000014,0.976,-29177942016.0,8771999744.0,20580999168.0,753103798272.0,345423000000.0,,39604000000.0,,,,,6234000000.0,6970000000.0,2.73,0.3893,1.93,2.2,1.4408,1779926400.0,0.636,90.57969287387601,65.89819765849207,70.80000305175781,104.40645,1.28571,18.0,,,0.00042,0.57361,False,False,,0.5,36323742.0,39272475.0,0.8241958500003498,-14.81,-9.23,-9.74,,-0.21836781727290266,0.32436329577299905,41.20880548913609,-0.11765267534813939,-0.10779587660121015,False,0.2120067277719579,,0.5,Asia,True,19.940861790205844,47.95597797423003,37.26610234215886,35.551371969806844,60.82055752373447,21.415270018621975,67.41071428571429,24.22062350119904,50.0,,50.0,39.3673722978443,standard,485,354545952,False,32.6,False,27.981651376146786,17.764804003336113,2.543786488740617,50.0417014178482,50.0417014178482,50.0417014178482,2,SVAG,-8,NEDTREND,True,2,0.2857142857142857,LÅG,EJ AKTUELL,-7.4,0.875,SUSPICIOUS_FWD_PE;,2026-07-02,0,True
DIXON.NS,Dixon Technologies (India) Limited,Technology,Consumer Electronics,India,INR,730413140609.0,-3.4255274999999976,15.428835499999996,,4.455882975,1.4966336,1.29,-8.152374999999997,0.1995,-0.027280002999999997,-0.08515374,-0.11665127149999997,-0.3638100000000001,-0.105,-0.563,-0.36,-1.7932499999999987,-0.5589999999999999,0.612,-4954655744.0,12413700096.0,9942200320.0,630441836544.0,191616400000.0,,488728000000.0,,,14735400000.0,,14386400000.0,17822900000.0,0.07,0.0297,8.0,,8.0,1757980800.0,-0.103,18471.0,9600.0,12013.0,11946.621,2.31034,29.0,,,0.40365002,0.38412,False,False,,0.5,670944.0,686438.0,0.7481410527028787,2.19,18.08,-6.48,,-0.349629148394781,0.3792303150774647,59.40433797345419,0.04910158723227731,-0.06598080179635235,False,0.5931354439116161,,0.837,India,True,,31.50094327031121,54.10912041751527,21.980306300840162,53.2220395954526,21.22905027932961,24.553571428571427,38.36930455635492,50.0,,50.0,39.29120069650373,standard,486,86454251,False,42.8,False,27.981651376146786,17.6814011676397,70.80900750625521,50.0417014178482,50.0417014178482,50.0417014178482,3,SVAG,-8,NEDTREND,True,0,0.0,LÅG,EJ AKTUELL,-13.6,0.875,,2026-07-02,0,True
NVMI,Nova Ltd.,Technology,Semiconductor Equipment & Materials,Israel,USD,15539853714.295319,24.528954000000002,13.157873499999999,1.46,1.4086363000000004,17.21812,16.879,30.114249999999995,0.009876263749999996,0.008542498750000002,0.17858624750000002,0.15511749499999994,0.07711503999999997,-0.023000000000000007,-0.197,0.068,3.187499999999993,-0.09925,1.351,-1269619712.0,1098544000.0,800171008.0,15233585152.0,2360546000.0,,880577000.0,,,253468000.0,,259223000.0,245613000.0,,0.0,,,,,1.749,615.989990234375,232.72999572753906,488.5799865722656,597.625,,8.0,3.74,0.0543,0.00096000003,0.74901,False,False,,0.45,410971.0,538900.0,0.42,-12.74,4.58,,,-23.64,0.6526,37.5,-10.87,,False,0.19378360538203637,,0.873,US,True,16.516271145979143,68.44726969102257,18.94093686354379,40.896859234227705,39.651385174819396,82.49534450651768,11.696428571428571,14.86810551558753,50.0,33.403361344537814,45.0,39.27093051723621,standard,487,263295755,False,41.6,False,27.981651376146786,74.72894078398666,6.171809841534612,50.0417014178482,50.0417014178482,50.0417014178482,2,SVAG,-8,VARNING,False,1,0.14285714285714285,LÅG,EJ AKTUELL,3.6,0.875,,2026-07-02,0,True
AV.L,Aviva plc,Financial Services,Insurance - Diversified,United Kingdom,GBp,24867449434800.074,10.995906999999999,-0.3285789999999995,1.353,-0.7033337999999998,0.6749456,0.5,-2.41775,-0.04029874624999999,-0.020149999700000004,-0.24350999999999998,-0.33863750000000004,-0.28277999,0.31,9.6675,4.65,48.28625,-0.3802499999999998,0.81,-1379431248.0,18200000512.0,12433000448.0,14352209920.0,395304000000.0,,57436000000.0,,,,,1033000000.0,-2563000000.0,6.07,1.3925,0.39,6.28,0.262,1774483200.0,0.624,8964.918811130574,7366.799689899607,8312.52676486969,692.531,2.125,16.0,,,0.0062,0.71650004,False,False,,0.5,9621559.0,8892960.0,0.3332498943986633,6.34,6.68,-2.07,2.64,-0.07277166252201783,0.2189440193998768,85.54888334892807,0.05526732672076973,0.029524959633631775,True,0.8874519402858069,,0.5,UK,True,,16.342596031604113,47.74299557208321,78.73566462698989,59.67613464502669,5.772811918063315,29.017857142857146,13.189448441247004,50.0,,50.0,38.966477168319464,standard,488,73922968019,False,43.1,False,27.981651376146786,2.543786488740617,87.8231859883236,50.0417014178482,50.0417014178482,50.0417014178482,3,SVAG,-8,UPPTREND,False,1,0.14285714285714285,LÅG,EJ AKTUELL,-5.5,1.0,SUSPICIOUS_FWD_PE;,2026-07-02,0,True
BBAS3.SA,Banco do Brasil S.A.,Financial Services,Banks - Regional,Brazil,BRL,116114748840.23691,-1.2209199999999996,-6.2319399,0.3,-1.7505406900000002,1.6781831,13.222,,-0.11439874875,-0.035890000000000005,-0.0037512524999999963,-0.2014299925,-0.26976999999999995,-0.279,-0.6715,-0.544,,,,,328655175680.0,1122359181312.0,914866765824.0,2455143253000.0,,147119627000.0,,,,,13698124000.0,159254089000.0,1.17,0.1254,0.24,4.7,0.141262,1780358400.0,0.246,27.542484353543653,17.70464728955629,20.34000015258789,25.70769,2.84615,13.0,,,0.5,0.28611,False,False,,0.5,23551003.0,17530400.0,0.742984471976377,-2.78,-14.15,-4.09,,-0.26150452183261674,0.2866775940133245,79.80763323218902,-0.02614264871832328,-0.07881657876815928,True,1.0194485310087342,,0.59,LatAm,True,,20.680897830013894,38.145207484725056,13.937445242812126,77.13750174361834,44.878957169459966,67.41071428571429,,50.0,,50.0,38.88180457704955,standard,489,68437903,False,45.1,False,27.981651376146786,35.77981651376147,68.22351959966639,50.0417014178482,50.0417014178482,50.0417014178482,1,SVAG,-8,NEDTREND,True,2,0.2857142857142857,LÅG,EJ AKTUELL,-13.7,0.75,SUSPICIOUS_FWD_PE;,2026-07-02,0,True
BURE.ST,Bure Equity AB (publ),Financial Services,Asset Management,Sweden,SEK,19246258810.747864,,,1.16,-2.5654777500000012,-5.174231,-5.017,-16.86125,-0.38166499500000006,-0.1471,-0.266042505,0.5796724349999999,-0.45161,,,,-57.862125000000006,29.448,31.294,-3270060416.0,521000000.0,3000000.0,18737258496.0,20091000000.0,,268000000.0,,,-4675000000.0,,-4678000000.0,296000000.0,1.06,1.7361,2.75,0.83,2.75,1778630400.0,1.287,312.58589104575225,188.26420330932774,259.3999938964844,,,,,,0.28947002,0.4125,False,False,,0.5,162927.0,109581.0,0.6821957947600171,-11.23,25.27,8.74,,-0.17014810544178793,0.2949091908358063,38.35616402564312,-0.04571677352990766,0.04793560797503993,False,0.2705568283774844,,0.5,Nordic,True,,23.55968857451915,70.7025946198235,27.857142857142858,60.37661458062062,79.88826815642457,29.017857142857146,6.235011990407674,50.0,,50.0,38.64874351309673,holding,490,2939381,False,47.7,False,27.981651376146786,70.97581317764804,50.0417014178482,50.0417014178482,50.0417014178482,50.0417014178482,4,NEUTRAL,0,VARNING,False,2,0.2857142857142857,LÅG,EJ AKTUELL,-2.1,0.625,EXTREME_GROWTH;EXTREME_EARNINGS_GROWTH;,2026-07-02,0,True
COIN,"Coinbase Global, Inc.",Financial Services,Financial Data & Stock Exchanges,United States,USD,33154949444.465637,32.97259,13.206766999999997,0.8931,-4.3522802500000015,6.2474833,5.854,22.725999999999996,-0.13555874125,-0.012017501250000007,-0.13033625750000002,-0.44563999000000004,0.35876501000000005,-0.369,,,-12.941000000000003,0.44275000000000014,1.176,1015527168.0,10438001664.0,7964423168.0,36797882368.0,29671832000.0,,7181325000.0,,,1456145000.0,,1260327000.0,2426383000.0,,0.0,,,,,3.32,444.6499938964844,139.17999267578125,149.05999755859375,229.73567,2.0,30.0,3.0,0.12189999,0.01337,0.68523,False,False,,0.485,9577038.0,8428320.0,1.1733063458469517,-14.22,-14.03,-38.48,,-0.6647700447437872,0.6750989516124366,47.6675995274036,-0.18396888270456913,-0.36380953838630503,False,0.19838015509203147,,0.376,US,True,68.10497303514654,30.87655454839421,20.58246350984385,7.145265620699146,26.358193389875463,71.50837988826815,11.696428571428571,85.85131894484412,50.0,12.605042016806722,48.5,38.566258279318255,standard,491,1256325359,False,57.2,False,89.15763135946622,60.3836530442035,22.185154295246036,50.0417014178482,50.0417014178482,50.0417014178482,3,SVAG,-8,NEDTREND,True,1,0.14285714285714285,LÅG,EJ AKTUELL,-14.0,0.875,EXTREME_EARNINGS_GROWTH;,2026-07-02,0,True
BN.TO,Brookfield Corporation,Financial Services,Asset Management,Canada,CAD,135931452827.62665,61.416866,,1.27,-1.346003225,1.718259,6.463,5.84575,-0.1212774975,0.000565000000000003,-0.225615005,-0.06414875000000003,-0.05861004000000003,0.018000000000000002,1.4605000000000001,0.397,111.73100000000002,-1.3149999999999997,0.529,-2775722816.0,15029999616.0,267466997760.0,511318622208.0,518971000000.0,,75100000000.0,,,18049000000.0,,1307000000.0,10958000000.0,0.64,0.4902,0.39,0.86,0.098,1781481600.0,1.84,68.21149200452439,51.95930598732121,60.86000061035156,78.49754,1.81818,3.0,2.2,,0.17645,0.59084,False,False,,0.5,2722796.0,3237860.0,0.8369347749602223,-4.08,12.52,-4.21,,-0.10777496838340983,0.2818082167646547,45.23026409761728,-0.02627645375638188,-0.020306893679068794,False,0.08388109116535843,,0.5,Canada,True,47.845307464435685,28.83286008225665,56.89361634419552,60.37609069310903,26.999758558956223,40.9683426443203,67.41071428571429,41.007194244604314,50.0,,50.0,38.03645618224492,holding,493,138956891,False,44.6,False,27.981651376146786,33.02752293577982,67.80650542118431,50.0417014178482,50.0417014178482,50.0417014178482,3,SVAG,-8,NEDTREND,True,2,0.2857142857142857,LÅG,EJ AKTUELL,-9.1,0.875,,2026-07-02,0,True
EDIT,"Editas Medicine, Inc.",Healthcare,Biotechnology,United States,USD,437366223.66473866,,-24.766524150000002,,55.125250699999995,11.303497,4.463,-21.037000000000003,-3.45201874375,-0.34209750124999994,-2.9411237525,-9.029062505,-1.58835499,-0.47500000000000003,,,328.20525,1.21275,3.174,-1465851584.0,123648000.0,17297000.0,172681904.0,186534000.0,,40520000.0,,,-99336000.0,,-160060000.0,-165241000.0,,0.0,,,,,2.1,4.5370001792907715,1.659999966621399,2.8499999046325684,5.77778,,9.0,5.63,0.12020001,0.00171,0.49261,False,False,,0.801,2295393.0,3105670.0,2.2377681111744923,-20.17,22.84,30.14,,-0.3718316526321841,0.9315682264856407,55.98289988702628,-0.020416608893552235,0.0685062130820131,True,0.5979703872898704,,0.838,US,True,,1.2535766797111774,73.4178759334691,35.265534682080926,24.232514158838,98.88268156424581,11.696428571428571,,50.0,13.025210084033615,90.10000000000001,37.88721674937431,standard,494,8851159,False,45.7,False,27.981651376146786,97.5396163469558,10.592160133444537,50.0417014178482,50.0417014178482,50.0417014178482,0,SVAG,-8,VARNING,False,1,0.14285714285714285,LÅG,EJ AKTUELL,-6.1,0.75,EXTREME_EARNINGS_GROWTH;SUSPICIOUS_FWD_PE;,2026-07-02,0,True
2379.TW,Realtek Semiconductor Corp.,Technology,Semiconductors,Taiwan,TWD,379518620000.0,-0.6335984999999988,4.16526475,0.85,3.5477599250000003,3.0580065,2.643,1.4184999999999985,0.19105001,0.010020000000000001,-0.03135749499999999,-0.05446998,0.12808003999999995,-0.086,-0.29400000000000004,-0.091,18.7845,-0.7322500000000001,0.913,-25023536128.0,64720822272.0,11279789056.0,328048050176.0,129903363000.0,,122706372000.0,,,14389062000.0,,14753249000.0,23015343000.0,3.45,0.90879995,25.5,4.76,25.5,1757462400.0,0.713,970.0,438.0,740.0,600.1333,2.125,15.0,,,0.055710003,0.50409,False,False,,0.5,4890367.0,5787875.0,0.65,,,,,,0.5769,64.7,,,True,0.615379528462199,,0.136,Asia,True,38.1890686545786,57.07820268447349,,12.044498642063731,42.14106677727318,27.188081936685286,67.41071428571429,16.546762589928058,50.0,,50.0,37.7099108983628,standard,495,134306282,False,39.9,False,27.981651376146786,22.018348623853214,47.122602168473726,50.0417014178482,50.0417014178482,50.0417014178482,3,SVAG,-8,UPPTREND,False,1,0.14285714285714285,LÅG,EJ AKTUELL,3.9,0.875,,2026-07-02,0,True
NAVI,Navient Corporation,Financial Services,Credit Services,United States,USD,817707909.9729414,,-8.507816000000002,0.13,-6.921233420000001,2.4854343,137.877,,-0.22697874125,-0.03250750125000001,-0.44310626750000004,-0.11866999,0.50401501,-0.069,,,1827.9779999999998,6.164750000000001,7.601,,657000000.0,45200998400.0,45361627136.0,48681000000.0,,610000000.0,,,,,-80000000.0,441000000.0,7.37,2.0,0.64,4.31,0.16,1780617600.0,1.216,15.069253527156627,7.179060135004698,8.699999809265137,9.4375,3.25,8.0,8.36,0.24190001,0.02286,1.03833,False,False,,0.872,1138177.0,1464590.0,1.4158045315092456,9.4,7.93,-29.94,,-0.4226655093706746,0.39378573443532283,71.70731684624046,0.049756353220467675,-0.13992415904389077,True,1.0212727380056876,,0.314,US,True,,27.922621584437564,36.26580532926001,12.660163776493256,41.02215167620392,98.13780260707635,29.017857142857146,,50.0,12.941176470588236,97.2,37.54878846839656,standard,496,12741933,False,52.5,False,27.981651376146786,97.5396163469558,55.96330275229357,50.0417014178482,50.0417014178482,50.0417014178482,1,SVAG,-8,NEDTREND,True,0,0.0,LÅG,EJ AKTUELL,-11.2,0.75,EXTREME_EARNINGS_GROWTH;SUSPICIOUS_FWD_PE;,2026-07-02,0,True
COLO-B.CO,Coloplast A/S,Healthcare,Medical Instruments & Supplies,Denmark,DKK,79193378126.73352,13.539688499999999,-3.823246124999999,0.9745,2.1199729999999986,3.06891,3.892,-4.171249999999997,-0.03852499749999999,0.02964,-0.05852,0.0009399999999999964,0.22298,-0.061000000000000006,,,138.596125,-0.406,1.01,3352314752.0,1067000000.0,24227999744.0,109152198656.0,48073000000.0,,27030000000.0,,,7286000000.0,,5052000000.0,2766000000.0,6.02,2.4625,23.0,2.74,5.0,1779062400.0,0.517,618.8637324020452,369.70001220703125,381.8999938964844,458.4762,3.09524,21.0,,,0.29795,0.31038,False,False,,0.5,376009.0,371162.0,0.6987711685797434,-5.68,-9.53,-31.04,,-0.38290131752561196,0.25566504558684955,48.07690426678613,-0.03858010458693706,-0.2278167732398716,True,0.5594648781045051,,0.333,Nordic,True,,53.042558627754644,26.3028789035981,13.818555601431324,50.269523626988324,53.445065176908756,29.017857142857146,87.29016786570743,50.0,,50.0,37.47669172798125,standard,497,21646181,False,57.6,False,86.82235195996664,42.45204336947456,46.872393661384486,50.0417014178482,50.0417014178482,50.0417014178482,4,NEUTRAL,0,NEDTREND,True,0,0.0,LÅG,EJ AKTUELL,-2.3,0.875,EXTREME_EARNINGS_GROWTH;SUSPICIOUS_FWD_PE;,2026-07-02,0,True
TSLA,"Tesla, Inc.",Consumer Cyclical,Auto Manufacturers,United States,USD,1426085878965.043,313.533317,129.85554175000001,5.5635,9.2575614,14.569886,14.282,105.38825000000001,-0.16303123625000002,-0.054327500250000015,-0.04848875500000002,-0.07217249999999999,-0.30533499,0.0845,-0.027999999999999997,0.166,-65.384,0.7117500000000001,1.43,3859964160.0,44743000064.0,15889999872.0,1397918924800.0,137806000000.0,,94827000000.0,,,4849000000.0,,3794000000.0,14747000000.0,,0.0,,,,,1.798,498.8299865722656,288.7699890136719,379.7099914550781,421.1561,2.34043,41.0,1.65,0.0234,0.18737,0.44932,False,False,,0.73,56741926.0,47024950.0,1.1275071889045596,-13.77,2.04,-21.8,,-0.23879878580621483,0.4389817474099453,45.75020338544581,-0.06190013457772081,-0.09152617121645379,False,0.18350561811063595,,0.558,US,True,38.89514632637781,19.227169287531545,38.19108536999321,51.930992889137826,36.829322063222854,18.994413407821227,11.696428571428571,53.23741007194245,50.0,66.80672268907563,73.0,37.457034062792644,standard,498,17855843363,False,41.2,False,60.80066722268557,15.42952460383653,7.6730608840700585,50.0417014178482,50.0417014178482,50.0417014178482,4,NEUTRAL,0,NEDTREND,True,0,0.0,LÅG,EJ AKTUELL,-2.8,0.875,,2026-07-02,0,True
GOLD,"Gold.com, Inc.",Financial Services,Capital Markets,United States,USD,1215863304.971405,-8.376377000000003,-6.159045000000001,,-5.856172650000001,0.052816674,0.12,1.9460000000000002,-0.09422874125,-0.0036875002500000066,-0.25419625760000003,-0.3660199900000001,-0.47754498999999995,2.379,,,110.38400000000001,-0.5222499999999999,0.126,-2135946112.0,143607008.0,1654208000.0,2763797504.0,2215431000.0,,10978614000.0,,,48803000.0,,17320000.0,152347000.0,1.91,0.2606,0.8,,0.2,1779235200.0,0.605,66.13757836786306,20.221587479551662,41.91999816894531,65.8,,5.0,7.59,0.162,0.33126,0.60040003,False,False,,0.779,542771.0,462030.0,2.285211073807034,-0.92,6.5,25.3,,-0.36616974489476195,0.5159134525835316,59.862775588161874,-0.02152568415788403,0.08395722484912982,True,0.5413374806184033,,0.488,US,True,,15.31238021674265,60.01211918703327,57.4647330030278,36.6244723761449,97.39292364990689,67.41071428571429,,50.0,8.403361344537815,77.9,37.456141939744896,holding,499,19368297,False,58.8,False,27.981651376146786,97.5396163469558,97.5396163469558,50.0417014178482,50.0417014178482,50.0417014178482,2,SVAG,-8,VARNING,False,2,0.2857142857142857,LÅG,EJ AKTUELL,-7.4,0.875,EXTREME_EARNINGS_GROWTH;SUSPICIOUS_FWD_PE;,2026-07-02,0,True
005380.KS,Hyundai Motor Company,Consumer Cyclical,Auto Manufacturers,South Korea,KRW,97260919713000.0,,-3.773517,4.13,,0.66997296,1.264,0.8415000000000012,-0.049147500000000025,-0.03709,-0.07524249749999999,-0.08693997499999999,-0.18960998000000004,-0.03949999999999999,-0.542,-0.26,103.703,-0.22225,1.027,-3860390584320.0,86041566380032.0,184470237872128.0,237346117124096.0,368844849000000.0,,186254472000000.0,,,11467851000000.0,,9445987000000.0,-5991270000000.0,2.08,0.3039,10000.0,4.01,2500.0,1779926400.0,1.637,783000.0,197179.2225609756,480500.0,748755.3,1.64516,31.0,,,0.3367,0.28282,False,False,,0.5,1582594.0,1275979.0,1.0684987959032286,-29.18,-3.74,69.37,,-0.3863346104725415,0.6466657313278793,21.94690265486726,-0.20283623484958413,0.15113591703701146,False,0.05213481878192351,,0.163,Asia,True,51.297134238310704,23.160508535633227,57.381566106585204,10.727161137838618,23.900282283394862,1.48975791433892,67.41071428571429,33.33333333333333,50.0,,50.0,37.08407088837144,standard,501,447568774,False,43.1,False,27.981651376146786,2.543786488740617,87.90658882402002,50.0417014178482,50.0417014178482,50.0417014178482,1,SVAG,-8,VARNING,False,1,0.14285714285714285,LÅG,EJ AKTUELL,-14.9,0.625,SUSPICIOUS_FWD_PE;,2026-07-02,0,True
NRG,"NRG Energy, Inc.",Utilities,Utilities - Independent Power Producers,United States,USD,31512939287.97592,137.30163,-9.72362025,0.5143,0.26363059999999816,0.9731021,1.709,5.879750000000001,-0.10095624325000002,-0.022727503250000003,-0.13046625250000002,-0.19109750000000003,-0.33152499999999996,0.116,-0.9159999999999999,-0.833,319.1605,-0.057750000000000024,0.334,-960410592.0,178000000.0,23357999104.0,55342940160.0,29140000000.0,,30713000000.0,,,1944000000.0,,864000000.0,1913000000.0,1.27,1.9725,1.9,2.6,0.475,1777593600.0,1.216,189.3800421561953,120.11000061035156,149.36000061035156,198.88235,1.58824,17.0,1.98,0.031600002,0.04421,0.95054,False,False,,0.767,2751720.0,3237890.0,2.3486751729514994,8.23,2.52,-4.95,,-0.21132132557472094,0.45283831873332964,72.77451334609381,0.0629851396413772,-0.040847646573637375,True,1.059021338409493,,0.796,US,True,41.530648784140105,15.321056271025743,45.5217349796334,35.78067457407494,28.107387126813684,72.43947858472998,29.017857142857146,32.37410071942446,50.0,54.621848739495796,76.7,36.88823539259265,standard,502,483611252,False,51.0,False,27.981651376146786,61.634695579649716,81.48457047539617,50.0417014178482,50.0417014178482,50.0417014178482,1,SVAG,-8,NEDTREND,True,0,0.0,LÅG,EJ AKTUELL,-6.4,0.875,SUSPICIOUS_FWD_PE;,2026-07-02,0,True
IVZ,Invesco Ltd.,Financial Services,Asset Management,United States,USD,11596639746.998302,,-8.932764,0.8441,-6.074852250000001,1.7590923,2.469,-1.7240000000000015,-0.21776874125,-0.004447501250000006,-0.29461625750000003,-0.18366999000000003,-0.20683499,0.07999999999999999,0.22249999999999998,0.166,-57.193000000000005,-0.87625,0.822,-530173056.0,806899968.0,1966700032.0,16274239488.0,27094000000.0,,6377100000.0,,,-695700000.0,,-281700000.0,1525300000.0,3.29,0.5646,0.86,4.18,0.215,1778803200.0,1.589,29.81999969482422,15.014154529940933,26.15999984741211,29.68182,2.41667,11.0,3.53,0.0552,0.0064999997,0.97336,False,False,,0.846,5662609.0,6101770.0,1.060666444891654,-5.25,9.4,-1.89,,-0.12273641465017737,0.3591567044117197,42.22222222222222,-0.02927553250545778,0.041633235616585385,False,0.10245901684476445,,0.615,US,True,,18.517689443278094,55.3104315173116,59.15204427967866,21.96129077447786,86.59217877094973,67.41071428571429,26.378896882494008,50.0,31.72268907563025,94.6,36.77994003865936,holding,503,159622302,False,59.6,False,60.46705587989991,79.48290241868223,67.05587989991659,50.0417014178482,50.0417014178482,50.0417014178482,4,NEUTRAL,0,VARNING,False,1,0.14285714285714285,LÅG,EJ AKTUELL,1.0,0.75,SUSPICIOUS_FWD_PE;,2026-07-02,0,True
RBLX,Roblox Corporation,Communication Services,Electronic Gaming & Multimedia,United States,USD,31941096789.816467,,-57.841578750000004,8.18,70.5485313,6.4278665,6.158,-48.887750000000004,-3.3557387412499997,-0.15561250025,-0.3341237575,-0.35530250500000005,-0.25498499,0.332,,,352.8715,-0.2362499999999998,0.711,-188174976.0,3199000064.0,1788000000.0,32619950080.0,9557118000.0,,4890551000.0,,,-1232342000.0,,-1065057000.0,1796358000.0,,0.0,,,,,1.444,150.58999633789062,40.150001525878906,47.560001373291016,64.8125,1.91429,32.0,2.83,0.0467,0.05485,0.83134,False,False,,0.55,11725617.0,13199820.0,0.9230423059630973,4.23,-11.68,-41.28,,-0.6841755592677159,0.6145785976590743,62.119937772741636,-0.009657683795650018,-0.40157280508058446,True,0.6773608825529861,,0.764,US,True,,6.639535500950748,20.92747581466395,78.17884668318194,18.442319888879307,72.06703910614524,11.696428571428571,40.04796163069545,50.0,40.54621848739496,55.00000000000001,36.48983958443421,standard,504,627783457,False,52.0,False,68.30692243536281,61.30108423686406,21.3511259382819,50.0417014178482,50.0417014178482,50.0417014178482,3,SVAG,-8,NEDTREND,True,1,0.14285714285714285,LÅG,EJ AKTUELL,-12.7,0.75,EXTREME_EARNINGS_GROWTH;SUSPICIOUS_FWD_PE;,2026-07-02,0,True
035420.KS,NAVER Corporation,Communication Services,Internet Content & Information,South Korea,KRW,29377468202800.0,,0.912163500000001,23.8047,,2.3522139,2.2,-2.073499999999998,-0.09169500500000001,-0.012664998999999996,-0.015217499999999995,-0.05126998000000002,0.6333100199999999,0.10200000000000001,-0.4225,-0.328,-16.682500000000005,-0.12824999999999992,0.963,1422650793984.0,8963419537408.0,5310200152064.0,27477447540736.0,41084496327310.0,,12035007218970.0,,,2208138388970.0,,1953214734950.0,3095806604670.0,1.34,0.2187,2630.0,0.48,2630.0,1772064000.0,1.134,304000.0,190300.0,196400.0,305814.8,1.66667,27.0,,,0.00155,0.39470002,False,False,,0.5,1831842.0,1557490.0,0.3783818008731621,-1.21,-8.86,-14.09,,-0.3539473684210527,0.5237406987302001,19.22503725782414,-0.10856126144935951,-0.1663968597498029,False,0.10180851347634481,,0.544,Asia,True,,45.7755161246947,32.93130515953836,32.810773052699325,32.10669806875933,5.400372439478584,67.41071428571429,93.76498800959233,50.0,,50.0,36.4452624347986,standard,505,223300456,False,54.0,False,89.74145120934112,2.543786488740617,57.881567973311085,50.0417014178482,50.0417014178482,50.0417014178482,4,NEUTRAL,0,NEDTREND,True,1,0.14285714285714285,LÅG,EJ AKTUELL,-6.7,0.625,SUSPICIOUS_FWD_PE;,2026-07-02,0,True
NUVL,"Nuvalent, Inc.",Healthcare,Biotechnology,United States,USD,9102557506.857536,,-51.618435749999996,,0.08853569999999866,,,,-0.60317874375,-0.29776750124999996,-0.12526375250000002,-0.19720250500000003,-0.49598498999999996,,,,,14.130749999999999,15.885,-1572463328.0,1287475968.0,0.0,8470346240.0,1412705000.0,,0.0,,,-414307000.0,,-425377000.0,-275209000.0,,0.0,,,,,1.153,123.69000244140625,71.12999725341797,123.5199966430664,125.125,3.0,16.0,0.73,0.066199996,0.02784,1.13092,False,False,,0.835,2089752.0,3197220.0,0.5602344836374948,15.03,25.96,17.83,,-0.0013744506021848846,0.5854970575822127,92.75399882184054,0.14826483832449733,0.22579110321319673,True,0.6735546746408557,,0.0,US,True,,6.508915976300434,80.35710497284454,1.1607142857142858,48.161754302571616,89.19925512104282,11.696428571428571,5.995203836930456,50.0,25.210084033613445,93.5,36.340338209870005,standard,506,394920604,False,49.4,False,27.981651376146786,82.65221017514595,50.0417014178482,50.0417014178482,50.0417014178482,50.0417014178482,1,SVAG,-8,UPPTREND,False,1,0.14285714285714285,LÅG,EJ AKTUELL,-8.5,0.5,EXTREME_GROWTH;EXTREME_EARNINGS_GROWTH;SUSPICIOUS_FWD_PE;,2026-07-02,0,True
SBILIFE.NS,SBI Life Insurance Company Limited,Financial Services,Insurance - Life,India,INR,1750554432269.777,37.5777885,25.641216,,3.317621925000001,1.556352,1.53,29.648374999999994,-0.024634994999999993,-0.030889999999999994,-0.23674624500000002,-0.1625487575,-0.35363,-0.883,-0.1385,-0.011,,-0.09299999999999986,0.392,-4081180672.0,32079400960.0,0.0,1718564421632.0,5000459400000.0,,1122911100000.0,,,,,24703000000.0,,0.15,0.1097,2.7,0.18,2.7,1772755200.0,0.335,2129.040438508761,1700.4000244140625,1744.9000244140625,2341.1892,,37.0,,,0.58701,0.31018,False,False,,0.5,1291612.0,971327.0,0.9046989633751608,-6.41,-4.96,-13.6,,-0.18042889517108518,0.19621105296994212,42.74223899695689,-0.04444853975022589,-0.09068636126349794,True,0.2690990859431851,,0.0,India,True,36.931649250735155,17.536026040573123,38.6795655125594,12.565475957302775,73.74599616334116,18.063314711359403,67.41071428571429,43.645083932853716,50.0,,50.0,35.99027694971779,standard,507,17769269,False,42.2,False,27.981651376146786,14.678899082568808,69.97497914929107,50.0417014178482,50.0417014178482,50.0417014178482,2,SVAG,-8,NEDTREND,True,2,0.2857142857142857,LÅG,EJ AKTUELL,-15.0,0.75,,2026-07-02,0,True
000270.KS,Kia Corporation,Consumer Cyclical,Auto Manufacturers,South Korea,KRW,52585162617900.0,,-7.784503,0.42,,0.45478943,0.273,-13.349499999999999,-0.005697500000000022,-0.00358,-0.060622499499999996,-0.06693997499999998,-0.17524999000000002,-0.020499999999999997,-0.336,-0.235,-31.487999999999996,-0.09225000000000011,0.93,1544698486784.0,23729899831296.0,2662490963968.0,31512047124480.0,98979055000000.0,,114140919000000.0,,,9078148000000.0,,7560983000000.0,9054140000000.0,5.03,0.3774,6800.0,3.0,6800.0,1774310400.0,0.99,203563.70609032846,92537.66282894737,135300.0,230066.67,1.36667,30.0,,,0.39367,0.32969,False,False,,0.5,1380747.0,1103898.0,0.8398177486456676,-17.85,-14.31,16.25,,-0.3353432073006051,0.5166710885639649,39.19463087248322,-0.15123456790123457,-0.003183152121016386,False,0.02425585768152402,,0.024,Asia,True,,35.5856166596471,47.198531907671416,13.885551008476378,35.700169782031246,3.165735567970205,67.41071428571429,93.28537170263789,50.0,,50.0,35.90488438745353,standard,509,109030902,False,57.0,False,80.40033361134279,2.543786488740617,93.24437030859049,50.0417014178482,50.0417014178482,50.0417014178482,5,NEUTRAL,0,NEDTREND,True,1,0.14285714285714285,LÅG,EJ AKTUELL,-6.7,0.625,SUSPICIOUS_FWD_PE;,2026-07-02,0,True
5801.T,"Furukawa Electric Co., Ltd.",Industrials,Electrical Equipment & Parts,Japan,JPY,3185439170400.0,407.05229849999995,120.88489987499999,0.38,3.718888949999999,24.361706,2.648,13.088624999999997,0.04996000749999999,-0.013194999999999998,-0.06308499749999999,-0.045217503000000006,-0.171715025,0.061,1.1119999999999999,1.176,48.97475000000001,-0.8165,0.776,-154241507840.0,70971998208.0,329362997248.0,3462012076032.0,1066372000000.0,,1307560000000.0,,,63857000000.0,,72514000000.0,28116000000.0,0.49,0.2038,22.0,2.24,11.0,1790640000.0,1.173,62410.0,4462.0,4528.0,65577.78,1.77778,9.0,,,0.05001,0.49487,False,False,,0.5,9922296.0,28055060.0,1.8843327056422916,-91.29,-85.5,-50.77,,-0.9274475244351866,1.2590979425423237,15.620041189776828,-0.8924141011659099,-0.7964266388854299,False,0.16659516085175802,,0.395,Japan,True,28.635914797573705,38.45272643275567,16.986618508146638,63.96049907157988,24.181947968229586,14.711359404096836,67.41071428571429,23.26139088729017,50.0,,50.0,35.604140313292135,standard,510,788850397,False,31.7,False,27.981651376146786,11.759799833194329,2.543786488740617,50.0417014178482,50.0417014178482,50.0417014178482,3,SVAG,-8,NEDTREND,True,2,0.2857142857142857,LÅG,EJ AKTUELL,-12.3,0.875,,2026-07-02,0,True
HUT,Hut 8 Corp.,Financial Services,Capital Markets,United States,USD,13851327280.269043,,-83.93605900000001,,2.769340249999999,48.71739,50.734,-48.564,-0.47637874125,-0.19346750125,-1.3554362575,-5.58989999,0.10072500999999995,2.194,,,-47.00000000000001,-0.8402499999999999,0.662,-1692633952.0,160016000.0,422911008.0,14424559616.0,2753720000.0,,235118000.0,,,-97364000.0,,-226149000.0,-139226000.0,,0.0,,,,,6.044,140.8000030517578,17.420000076293945,123.0199966430664,126.94118,1.29412,17.0,3.18,0.1305,0.08545999,0.73627,False,False,,0.208,4826988.0,4507320.0,2.72158530282385,4.57,143.22,134.46,,-0.1262784518701715,1.02510902212779,58.90908765327198,0.1884313554023922,0.9806682273563088,False,0.5768290812779586,,0.63,US,True,,13.904655803739155,91.51895578750849,73.6254472887421,4.5348934202677995,83.61266294227188,11.696428571428571,10.311750599520384,50.0,12.184873949579831,20.8,35.51154917106047,holding,511,554490491,False,41.3,False,27.981651376146786,76.2301918265221,2.543786488740617,50.0417014178482,50.0417014178482,50.0417014178482,2,SVAG,-8,UPPTREND,False,2,0.2857142857142857,LÅG,EJ AKTUELL,-3.7,0.75,EXTREME_EARNINGS_GROWTH;SUSPICIOUS_FWD_PE;,2026-07-02,0,True
REAL.TO,Real Matters Inc.,Real Estate,Real Estate Services,Canada,CAD,398921181.4985275,,-4.762439375,,-0.03879717500000013,2.1537461,1.936,-544.4019999999999,-0.3297000025,-0.05470749975,-0.3835975,-0.367821265,-0.10992999000000003,0.20900000000000002,,,-73.3415,2.74,3.722,-557869489.0,41650000.0,1252000.0,358539296.0,111562000.0,,169749000.0,,,-7928000.0,,-22657000.0,-7183000.0,,0.0,,,,,1.282,8.0,4.900000095367432,5.369999885559082,7.8305883,,6.0,12.35,,0.0016,0.37065,False,False,,0.5,42906.0,36480.0,0.37008677896886166,-1.83,-3.59,-8.36,,-0.32875001430511475,0.4608115599763192,54.732509157527126,-0.028370867073155726,-0.14128776721254865,True,0.7052989040706195,,0.156,Canada,True,,10.984571265112667,38.986655634758996,44.88336085879439,46.05242958126618,99.25512104283054,11.696428571428571,,50.0,,50.0,35.372737836355306,standard,512,138140,False,53.2,False,27.981651376146786,97.5396163469558,60.133444537114265,50.0417014178482,50.0417014178482,50.0417014178482,2,SVAG,-8,NEDTREND,True,0,0.0,LÅG,EJ AKTUELL,-11.6,0.75,EXTREME_EARNINGS_GROWTH;SUSPICIOUS_FWD_PE;,2026-07-02,0,True
UPST,"Upstart Holdings, Inc.",Financial Services,Credit Services,United States,USD,3221651397.9355736,60.066464999999994,-7.878482000000002,,-2.8706607500000008,2.7448351,4.026,33.79,-0.13233874125,-0.013537501250000007,-0.2156062555,-0.36571999000000005,0.33108501,0.385,,,197.822,9.949749999999998,2.836,-1704617952.0,474663008.0,1978401024.0,4725389312.0,2974805000.0,,1023985000.0,,,,,53601000.0,-147725000.0,,0.0,,,,,2.28,87.30000305175781,23.96500015258789,33.65999984741211,40.13333,2.13333,15.0,5.56,0.3214,0.1301,0.62158,False,False,,0.486,4687769.0,4928360.0,1.2696000335401643,9.57,32.89,-31.17,,-0.6144330049168956,0.7004033246478714,63.96010763201285,0.07692700143762199,-0.14401785794887378,True,0.8797267613484699,,0.815,US,True,7.5799993489371404,28.971506309520464,47.49527961642906,79.92464905037158,32.42381021215702,95.7169459962756,11.696428571428571,2.877697841726619,50.0,11.260504201680671,48.6,34.5020178080239,standard,513,165888597,False,51.3,False,27.981651376146786,92.16013344453712,53.294412010008344,50.0417014178482,50.0417014178482,50.0417014178482,3,SVAG,-8,NEDTREND,True,1,0.14285714285714285,LÅG,EJ AKTUELL,-6.6,0.875,EXTREME_EARNINGS_GROWTH;SUSPICIOUS_FWD_PE;,2026-07-02,0,True
HIVE,HIVE Digital Technologies Ltd.,Financial Services,Capital Markets,United States,USD,1077746264.7392192,,-0.9155850000000001,,-5.290394250000001,3.6191366,3.747,4.932999999999998,-0.5058387212500001,-0.14726750125000002,-0.7561962575000001,-1.19651999,-0.13366501000000003,1.244,,,-58.59700000000001,-0.5992499999999998,0.752,-1249432208.0,32854000.0,71066000.0,1115958272.0,639146000.0,,297791000.0,,,-116462000.0,,-148448000.0,62337000.0,,0.0,,,,,3.719,7.840000152587891,1.7300000190734863,4.03000020980835,7.07143,1.28571,7.0,1.12,,0.00365,0.36707002,False,False,,0.842,27108547.0,39425470.0,2.0658095090750677,-9.64,108.81,42.4,,-0.4859693709982781,0.97885877659458,53.49462603348344,0.1719886589469839,0.2027338184836196,False,0.42881856659922074,,0.32,US,True,,8.09908672913927,80.58728996945011,53.40455546380402,7.448971100535986,97.76536312849163,11.696428571428571,,50.0,,94.2,34.19332148517168,holding,514,158884652,False,50.2,False,27.981651376146786,97.5396163469558,40.283569641367805,50.0417014178482,50.0417014178482,50.0417014178482,1,SVAG,-8,UPPTREND,False,1,0.14285714285714285,LÅG,EJ AKTUELL,-6.8,0.75,EXTREME_EARNINGS_GROWTH;SUSPICIOUS_FWD_PE;,2026-07-02,0,True
006400.KS,"Samsung SDI Co., Ltd.",Industrials,Electrical Equipment & Parts,South Korea,KRW,35150633245000.0,,9.88924675,12.2945,,2.619999,3.522,80.59250000000002,-0.15630751200000004,-0.06932999999999999,-0.17663749499999998,-0.23381498,-0.23174998000000002,0.065,,,15.134500000000003,-0.6957500000000001,0.418,-1520066863104.0,1839690940416.0,11833014484992.0,48130301100032.0,42255338580910.0,,13266730679490.0,,,-1722360788050.0,,-649468657550.0,792385760870.0,,0.0,,0.25,977.12604,1735257600.0,1.541,723000.0,169600.0,455000.0,749274.2,1.96774,31.0,,,0.22959,0.30958998,False,False,,0.5,814436.0,523799.0,0.9242042372544492,-27.78,12.62,54.24,,-0.3706777316735823,0.6727660481123809,41.80887372013651,-0.23001421512218234,0.17824824266216766,False,0.1407280657970837,,0.496,Asia,True,21.412263854075107,11.479171990505105,68.74124872708758,40.566594412331405,30.086068704690327,4.655493482309125,11.696428571428571,27.098321342925658,50.0,,50.0,33.72513684257758,standard,515,173979838,False,38.1,False,27.981651376146786,2.543786488740617,54.628857381150965,50.0417014178482,50.0417014178482,50.0417014178482,3,SVAG,-8,VARNING,False,1,0.14285714285714285,LÅG,EJ AKTUELL,-13.8,0.625,EXTREME_EARNINGS_GROWTH;,2026-07-02,0,True
WULF,TeraWulf Inc.,Financial Services,Capital Markets,United States,USD,12799608182.54386,,121.914357,,70.07041824999999,76.160034,92.138,-121.618,-22.361888741250002,-0.06547750125,-0.2576962575,-4.0364699900000005,0.14420496,-0.072,,,,-0.49624999999999986,1.105,-1675379200.0,2629995008.0,5314066944.0,15484833792.0,6558182000.0,,168455000.0,,,-170309000.0,,-661416000.0,-123180000.0,,0.0,,,5.0,,4.256,29.84000015258789,4.130000114440918,25.829999923706055,36.34375,1.33333,16.0,4.03,0.2582,0.22898,0.82478994,False,False,,0.631,30197492.0,29777090.0,2.3416226021566127,-3.4,68.27,107.97,,-0.13438338499921443,1.0485864344197644,56.08782381936965,0.07794776743322385,0.5636019068415288,False,0.40066432906937255,,0.534,US,True,,16.965788275835283,88.92751824507808,29.64440545004129,8.702360804377294,85.1024208566108,11.696428571428571,11.031175059952037,50.0,12.521008403361344,63.1,33.55451392971668,holding,516,769142232,False,41.5,False,27.981651376146786,77.3978315262719,2.543786488740617,50.0417014178482,50.0417014178482,50.0417014178482,1,SVAG,-8,UPPTREND,False,1,0.14285714285714285,LÅG,EJ AKTUELL,-6.6,0.625,EXTREME_EARNINGS_GROWTH;,2026-07-02,0,True
MARA,"MARA Holdings, Inc.",Financial Services,Capital Markets,United States,USD,5543673099.075685,,-34.516501,0.1,-4.7836881500000015,6.3880224,8.752,-24.175000000000004,-0.87574874125,-0.18716750125000003,-2.6059862575,-5.9559296900000005,-0.042644989999999994,-0.245,,,33.58,0.1457500000000002,1.627,-1923100320.0,513652992.0,2463960064.0,7595246080.0,7286899000.0,,907093000.0,,,-822169000.0,,-1311480000.0,-802725000.0,,0.0,,,,,5.378,23.450000762939453,6.659999847412109,14.539999961853027,18.15545,2.21429,11.0,2.62,0.3083,0.00955,0.69637,False,False,,0.559,43368566.0,44709630.0,1.3472580205592795,1.47,69.46,47.46,,-0.3799573778764158,0.7965201949831024,64.0151513783181,0.11339132104319738,0.16201474425844786,False,0.6970331184969725,,0.587,US,True,,9.391379286787528,81.93392523761032,24.769818331957058,31.412037714118703,93.29608938547486,11.696428571428571,3.8369304556354913,50.0,11.260504201680671,55.900000000000006,32.55991585763985,holding,518,650078018,False,46.0,False,27.981651376146786,88.4070058381985,21.51793160967473,50.0417014178482,50.0417014178482,50.0417014178482,1,SVAG,-8,UPPTREND,False,1,0.14285714285714285,LÅG,EJ AKTUELL,-9.2,0.75,EXTREME_EARNINGS_GROWTH;SUSPICIOUS_FWD_PE;,2026-07-02,0,True
HAPV3.SA,Hapvida Participações e Investimentos S.A.,Financial Services,Insurance - Life,Brazil,BRL,4864900294.461002,,-3.9920455000000006,,-2.2744762100000004,0.1527493,0.4,-0.23925000000000107,-0.21548874875,-0.03076,-0.22137125149999998,-0.28128999250000003,-0.15453,-0.025999999999999995,,,-67.84975,-0.19575000000000015,1.585,-4844418240.0,8330386944.0,16215185408.0,12751017984.0,72289824000.0,,31577240000.0,,,1908017000.0,,-141747000.0,2088566000.0,,0.0,,,0.08058,1640649600.0,0.291,42.65999984741211,7.0,10.239999771118164,13.80769,2.92308,13.0,,,0.39776,0.93535006,False,False,,0.5,9680365.0,5772880.0,0.5321144331762223,-17.42,1.89,-28.04,,-0.7599624986463905,0.6801714813043679,38.907837609733605,-0.13827926765349696,-0.42999803624794675,False,0.20503385640334687,,0.505,LatAm,True,,12.526185429260533,29.25099711473184,34.527250206440954,45.72897266106194,93.48230912476723,11.696428571428571,2.3980815347721824,50.0,,50.0,32.499184231335676,standard,519,11346094,False,57.5,False,27.981651376146786,88.74061718098415,97.5396163469558,50.0417014178482,50.0417014178482,50.0417014178482,2,SVAG,-8,NEDTREND,True,0,0.0,LÅG,EJ AKTUELL,-16.0,0.75,EXTREME_EARNINGS_GROWTH;SUSPICIOUS_FWD_PE;,2026-07-02,0,True
035720.KS,Kakao Corp.,Communication Services,Internet Content & Information,South Korea,KRW,14608670389950.0,,6.480552500000001,1.2,,1.7614943,1.402,-4.085499999999998,-0.110395005,-0.027764998999999995,-0.10119749999999998,-0.10956998000000001,0.5731400200000001,0.05,-0.10350000000000001,-0.001,-13.959500000000006,-0.15024999999999994,1.122,3099690688512.0,9990610878464.0,3067317321728.0,11629192282112.0,27783524545810.0,,8099147815080.0,,,733633380080.0,,491491558180.0,1404762595720.0,0.23,0.0646,75.0,0.11,75.0,1773014400.0,1.152,69602.46697285821,32250.0,33150.0,68592.59,1.55556,27.0,,,0.2987,0.22213,False,False,,0.5,2003923.0,1647771.0,0.6595321165174346,-18.15,-32.42,-41.76,,-0.5237237781682798,0.47591206423452687,31.39931740614334,-0.2281543225686279,-0.38844325889860487,False,0.022132552847370115,,0.691,Asia,True,,33.68830674362548,19.26977257298031,41.75529107365204,32.51631019025445,7.82122905027933,67.41071428571429,99.04076738609112,50.0,,50.0,32.29229879631162,standard,520,39875234,False,57.7,False,97.5396163469558,5.254378648874062,66.80567139282736,50.0417014178482,50.0417014178482,50.0417014178482,5,NEUTRAL,0,NEDTREND,True,1,0.14285714285714285,LÅG,EJ AKTUELL,-5.2,0.625,,2026-07-02,0,True
RIOT,"Riot Platforms, Inc.",Financial Services,Capital Markets,United States,USD,10803780525.697403,,-66.088337,,-2.7436317500000014,16.538078,17.566,-49.106,-0.5272787412500001,-0.15236750125000004,-1.5853161575,-3.1796099900000003,-0.17252499,-0.025,,,-35.392,-0.6202499999999997,0.667,-1837884224.0,205666000.0,877185024.0,11475299328.0,3936767000.0,,647435000.0,,,-343298000.0,,-663181000.0,,,0.0,,,1.0,1507766400.0,3.822,30.31999969482422,10.279999732971191,28.56999969482422,29.148,1.4,20.0,3.55,0.1594,0.07631,0.81708,False,False,,0.657,17692444.0,14526830.0,1.7845044999518342,6.05,104.0,109.0,,-0.05771767868120181,0.8359660848139039,70.21716155811613,0.20334255604919105,0.5725710817898766,False,0.7856636486719932,,0.518,US,True,,7.278735805177474,92.31638238289206,35.853633360858794,7.613651987944437,87.15083798882681,11.696428571428571,6.954436450839328,50.0,8.823529411764707,65.7,32.13022983730742,holding,522,415031529,False,42.6,False,27.981651376146786,80.65054211843203,6.755629691409508,50.0417014178482,50.0417014178482,50.0417014178482,2,SVAG,-8,UPPTREND,False,1,0.14285714285714285,LÅG,EJ AKTUELL,-3.1,0.75,EXTREME_EARNINGS_GROWTH;SUSPICIOUS_FWD_PE;,2026-07-02,0,True
0012.HK,Henderson Land Development Company Limited,Real Estate,Real Estate - Diversified,Hong Kong,HKD,121809296256.74297,-4.162531749999999,-6.788614999999998,0.9945,-1.030271155,4.732112,10.95,42.6045,-0.027357511000000015,-0.013612498749999993,-0.077242495,-0.27612998,-0.05123998000000002,0.14300000000000002,-0.3965,-0.121,-0.3825000000000003,2.3037500000000004,0.771,-26334067200.0,23119998976.0,164753997824.0,281865289728.0,539381000000.0,,25741000000.0,,,4347000000.0,,5653000000.0,12325000000.0,5.01,1.5789,1.26,6.9,0.76,1780531200.0,1.138,34.751161462960866,24.105652940317977,25.15999984741211,33.564,2.08333,10.0,,,0.72547996,0.10045999,False,False,,0.5,9474691.0,9357205.0,0.7624650172365983,-17.14,-14.0,-11.46,,-0.27599542610313577,0.2687538972198872,23.938218109353656,-0.14942423837479013,-0.13623240496343503,False,0.18279693357477214,,0.5,Asia,True,13.808609221220307,28.30294894558515,33.972971826205026,32.855092573659405,62.44191281369416,43.575418994413404,29.017857142857146,13.908872901678656,50.0,,50.0,32.12999343729283,standard,523,30019798,False,39.5,False,27.981651376146786,35.029190992493746,31.359466221851545,50.0417014178482,50.0417014178482,50.0417014178482,3,SVAG,-8,NEDTREND,True,1,0.14285714285714285,LÅG,EJ AKTUELL,-7.3,0.875,SUSPICIOUS_FWD_PE;,2026-07-02,0,True
SBB-B.ST,Samhällsbyggnadsbolaget i Norden AB (publ),Real Estate,Real Estate Services,Sweden,SEK,4836374591.81473,,-18.673450425,,-2.7459543600000016,3.5786355,25.848,43.468,-0.11522750000000002,-0.03118249874999999,-2.4984850000000005,-0.05445998000000005,0.17926999999999998,-0.05499999999999999,,,67.509375,-0.346,0.341,-746560352.0,1858000000.0,38582001664.0,48388100096.0,69409000000.0,,1871000000.0,,,584000000.0,,-2326000000.0,1202000000.0,,0.0,,17.77,1.2,1719360000.0,2.522,6.056000232696533,2.950000047683716,3.431999921798706,3.35,,1.0,,,0.30080998,0.25577,False,False,,0.5,13138670.0,10361189.0,1.047189302031344,-4.96,-3.49,-22.0,,-0.4332893345562915,0.44365441131951655,76.77329181733624,0.015132307649769805,-0.19366208996892342,True,1.0181642279030596,,0.5,Nordic,True,28.109313454214004,26.6232692913481,30.932567464358453,23.947839251307457,27.415743730598972,93.66852886405958,11.696428571428571,34.53237410071942,50.0,,50.0,31.42282933898838,standard,524,3677117,False,48.9,False,27.981651376146786,88.82402001668058,40.700583819849875,50.0417014178482,50.0417014178482,50.0417014178482,2,SVAG,-8,NEDTREND,True,0,0.0,LÅG,EJ AKTUELL,-8.7,0.75,EXTREME_EARNINGS_GROWTH;SUSPICIOUS_FWD_PE;,2026-07-02,0,True
ARBK,Argo Blockchain plc,Financial Services,Capital Markets,United Kingdom,USD,53271026.61526179,-21.2987056,-32.267253000000004,,-3.496800750000001,3.4321904,2.077,-18.995000000000005,,-0.3163875012499999,0.0698637425,-4.29360999,-0.31577499,,,,,-1.1922499999999998,0.354,-1395990459.0,16389443.0,0.0,32241080.0,22730000.0,,15521000.0,,,-9774000.0,,5084000.0,-25006000.0,,0.0,,,,,1.902,205.1999969482422,2.630000114440918,3.640000104904175,,,,1.28,0.0018000001,0.00104,0.17932,False,False,,0.5,28863.0,18840.0,1.6704402515723271,-1.62,21.33,-9.23,,-0.9822612078019558,2.0644414666479682,55.68181956725673,0.007735226324634192,-0.8646851681350518,False,0.5283742090142307,,0.5,US,True,,22.302970047028374,50.28958757637474,27.857142857142858,4.237132296082461,100.0,11.696428571428571,,50.0,94.11764705882352,50.0,31.301208268956685,holding,525,68578,False,50.6,False,27.981651376146786,97.5396163469558,42.78565471226022,50.0417014178482,50.0417014178482,50.0417014178482,0,SVAG,-8,NEDTREND,True,0,0.0,LÅG,EJ AKTUELL,-8.1,0.5,EXTREME_GROWTH;EXTREME_EARNINGS_GROWTH;SUSPICIOUS_FWD_PE;,2026-07-02,0,True
TROAX.ST,Troax Group AB (publ),Industrials,Metal Fabrication,Sweden,SEK,6223914528.0,28.4873825,129.257380125,,29.5671437,23.403454,24.049,138.41000000000003,-0.15309750300000002,-0.016819999999999995,-0.0809,-0.143404977,-0.09197998000000002,-0.010000000000000002,-0.728,-0.66,34.522375,0.5085,1.519,-827768102.0,25100000.0,180800000.0,6395700224.0,398997000.0,,262440000.0,,,33142000.0,,13453000.0,34546000.0,2.5,2.125,2.6,1.78,0.24,1776902400.0,1.191,163.65773798126023,88.4150972366662,104.0,151.9038,1.0,4.0,,,0.05954,0.84253,False,False,,0.5,69180.0,45251.0,0.5351453013808092,-6.81,13.4,-28.22,,-0.3645274505021656,0.4168691849163492,33.33333333333333,-0.0430991955464074,-0.15882657743870776,False,0.11962818787315438,,0.339,Nordic,True,7.297004025738685,22.73308875945212,42.15541199932111,12.712835281731818,48.1506418784396,92.36499068901304,29.017857142857146,8.872901678657074,50.0,,50.0,31.158165478425346,standard,526,486645,False,43.0,False,27.981651376146786,87.57297748123436,2.543786488740617,50.0417014178482,50.0417014178482,50.0417014178482,2,SVAG,-8,NEDTREND,True,0,0.0,LÅG,EJ AKTUELL,-9.8,0.875,,2026-07-02,0,True
BTBT,"Bit Digital, Inc.",Financial Services,Capital Markets,United States,USD,694888939.1301394,,,,-5.8311991500000016,6.0540767,9.825,-21.794000000000004,-0.5483787612500001,-0.16931750125,-1.7324561575000001,-5.5776199900000005,0.05356500999999997,0.048,,,-12.242000000000004,4.66375,2.286,-2087421888.0,79529568.0,363872736.0,1127760128.0,1174418132.0,,113560320.0,,,-56609654.0,,-80316584.0,-288924437.0,,0.0,,,,,4.018,4.550000190734863,1.25,1.9900000095367432,4.6,,5.0,2.26,0.16280001,0.01748,0.47154,False,False,,0.689,24579185.0,33100780.0,0.951073318803662,-1.97,38.19,-5.69,,-0.562637378875507,0.9252303371087013,65.48672678401714,0.08642245384499025,-0.111666622789233,True,0.5928917981680023,,0.297,US,True,,13.198697772461248,58.36383019348269,33.00182356179466,32.95742667673226,98.69646182495345,11.696428571428571,,50.0,7.9831932773109235,68.89999999999999,31.022877213356356,holding,527,65870553,False,47.6,False,27.981651376146786,97.5396163469558,22.768974145120936,50.0417014178482,50.0417014178482,50.0417014178482,2,SVAG,-8,NEDTREND,True,0,0.0,LÅG,EJ AKTUELL,-11.0,0.75,EXTREME_EARNINGS_GROWTH;,2026-07-02,0,True
KINV-B.ST,Kinnevik AB,Financial Services,Asset Management,Sweden,SEK,12360427569.955223,,-4.675528375,4.76,-3.1195702000000014,-1.5693688,-0.762,,-0.449444995,-0.19678,-0.266042505,0.5645525349999999,-0.45161,,,,-50.51512500000001,4.535,6.269,-6667121280.0,9402999808.0,2055000064.0,6963015168.0,38117000000.0,,-4223000000.0,,,,,-3346000000.0,-215000000.0,,0.0,,2.71,7.0,1717718400.0,1.356,94.13999938964844,46.779998779296875,50.81999969482422,80.85714,1.71429,7.0,,,0.028989999,0.57432,False,False,,0.5,1450958.0,1363692.0,1.4019614528165887,-11.46,6.72,-37.17,,-0.4601657103854586,0.36690453946725776,15.332216435553747,-0.07423600634224614,-0.2713346482631551,False,0.014394144480305977,,0.5,Nordic,True,,22.881010473137515,33.03446410386965,27.857142857142858,52.353584949186114,85.84729981378027,11.696428571428571,,50.0,,50.0,30.634540258714807,holding,528,7166408,False,48.8,False,27.981651376146786,78.23185988323603,50.0417014178482,50.0417014178482,50.0417014178482,50.0417014178482,3,SVAG,-8,NEDTREND,True,0,0.0,LÅG,EJ AKTUELL,-12.3,0.625,EXTREME_GROWTH;EXTREME_EARNINGS_GROWTH;SUSPICIOUS_FWD_PE;,2026-07-02,0,True
BITF,Bitfarms Ltd,Financial Services,Capital Markets,United States,USD,3701505900.6906896,,-233.70922950000002,,-18.135721112500004,,,,,,-0.27321501375,-0.3792249725,-0.6611649749999999,,,,,,,,,,,,,,,,,,,,,0.0,,,,,,6.599999904632568,0.699999988079071,6.139999866485596,,,,2.29,0.1155,0.04605,0.40001,False,False,,0.5,32660486.0,32421308.0,1.1138113700200658,98.71,208.54,76.44,,-0.06969697648390827,1.0975704601611582,85.3242231949193,0.8115834730700242,1.118611126689414,True,0.9813241351275993,,0.5,US,True,,3.5692116697703287,92.36703368974882,27.857142857142858,1.1194029850746268,95.53072625698324,11.696428571428571,,50.0,13.865546218487395,50.0,30.155624876126534,holding,529,199066827,False,,,,,,,,,1,SVAG,-8,UPPTREND,False,1,0.14285714285714285,LÅG,EJ AKTUELL,0.0,0.25,EXTREME_GROWTH;EXTREME_EARNINGS_GROWTH;SUSPICIOUS_FWD_PE;MISSING_CRITICAL;,2026-07-02,0,True
KKR,KKR & Co. Inc.,Financial Services,Asset Management,United States,USD,80925285706.24832,8.625361999999997,-5.519651000000001,0.4901,-4.397091950000001,3.3146439,5.69,,-0.12578873725,-0.016647500250000002,-0.14088626350000003,-0.26454999,0.05943501000000001,-0.127,,,-2.993000000000009,-0.8412499999999998,0.814,,45299539968.0,55780061184.0,144259301376.0,410144072000.0,,19207544000.0,,,490198000.0,,2370463000.0,477760000.0,0.83,0.2517,0.75,0.83,0.195,1778803200.0,1.791,152.8544248132689,82.5080917879704,90.12999725341797,125.53474,1.52381,19.0,3.48,0.0222,0.2305,0.62169,False,False,,0.347,5023141.0,5374910.0,1.7412525152512057,-5.16,0.35,-30.94,,-0.4103540191033187,0.37223981905265763,41.26134928097774,-0.07708789635429147,-0.19076531648466988,False,0.013284961369971874,,0.736,US,True,,24.008252354804718,30.981627630685676,35.05539499036609,20.389107768286237,52.7001862197393,67.41071428571429,,50.0,70.58823529411765,34.699999999999996,30.116139504861458,holding,530,484440624,False,42.4,False,27.981651376146786,41.70141784820684,44.20350291909925,50.0417014178482,50.0417014178482,50.0417014178482,2,SVAG,-8,NEDTREND,True,1,0.14285714285714285,LÅG,EJ AKTUELL,-11.2,0.875,EXTREME_EARNINGS_GROWTH;SUSPICIOUS_FWD_PE;,2026-07-02,0,True
MIGI,Big Digital Energy Inc,Financial Services,Capital Markets,United States,USD,58543409.51860428,,34.626079000000004,,,0.6500589,1.004,-16.776000000000003,,-0.24033750125000003,-0.8527662575,-4.93688959,-0.05972501000000002,-0.8460000000000001,,,,-1.2312499999999997,0.389,-1392452612.0,13271256.0,28482320.0,39901348.0,57441666.0,,39754085.0,,,-19883217.0,,-23656569.0,-6899676.0,,0.0,,,,,4.23,40.0,1.6950000524520874,10.670000076293945,,,,0.33,0.1102,0.41764,0.0039,False,False,,0.5,559358.0,325218.0,3.5284290940886813,94.35,321.74,155.26,,-0.7332499980926513,1.8938691768611216,73.05630200745259,0.6629781038489859,0.3604012110626258,True,1.174433494253259,,0.496,US,True,,10.803901145724836,82.53259186184657,9.015534682080926,1.7483967192236642,99.81378026070763,11.696428571428571,,50.0,15.126050420168067,50.0,29.110211363665588,holding,532,3470076,False,57.5,False,27.981651376146786,97.5396163469558,88.90742285237698,50.0417014178482,50.0417014178482,50.0417014178482,1,SVAG,-8,UPPTREND,False,1,0.14285714285714285,LÅG,EJ AKTUELL,-6.4,0.375,EXTREME_EARNINGS_GROWTH;MISSING_CRITICAL;,2026-07-02,0,True
OPEN,Opendoor Technologies Inc.,Real Estate,Real Estate Services,United States,USD,4215898971.434654,,-398.13549025000003,,-2.472096500000002,1.0705686,1.157,-37.67175,-1.8700712462499998,-0.12401999999999999,-0.6160987525,-0.6005424949999999,-0.41396499,-0.433,,,43.224500000000006,6.47775,3.151,-106660608.0,999000000.0,1338000000.0,4554898944.0,2407000000.0,,4371000000.0,,,-277000000.0,,-1300000000.0,1049000000.0,,0.0,,,,,3.554,10.869999885559082,0.5249999761581421,4.369999885559082,4.82143,3.0,7.0,4.06,0.17889999,0.049250003,0.49383998,False,False,,0.767,38742034.0,52059010.0,3.742946803597115,-8.0,-10.82,-30.3,,-0.5979760872523396,1.6004194688957836,48.20143243219137,-0.09733126539213732,-0.28043340647963977,False,0.34561068078773816,,0.838,US,True,,3.4399226696742486,23.304639765784113,35.265534682080926,39.661147993928836,94.97206703910615,11.696428571428571,29.496402877697843,50.0,5.46218487394958,76.7,28.12784370649331,standard,534,227497868,False,72.3,True,97.5396163469558,90.24186822351959,79.232693911593,50.0417014178482,50.0417014178482,50.0417014178482,5,NEUTRAL,0,NEDTREND,True,0,0.0,LÅG,EJ AKTUELL,-5.5,0.75,EXTREME_EARNINGS_GROWTH;SUSPICIOUS_FWD_PE;,2026-07-02,0,True
NXE.TO,NexGen Energy Ltd.,Energy,Uranium,Canada,CAD,9127730890.34016,,-67.428046375,,1.990759175,,,-102.08300000000001,-0.42068999749999997,-0.08782749825,-0.10159750000000001,-0.16056626,-0.38134001,,,,2.2089999999999996,-0.31199999999999983,1.346,-837471616.0,1018352000.0,721040000.0,8830073856.0,2472933000.0,,0.0,,,-89836000.0,,-309676000.0,-47512000.0,,0.0,,,,,1.611,18.90999984741211,8.675000190734863,13.789999961853027,21.23438,1.5,16.0,8.17,,0.06475,0.55521,False,False,,0.5,1733925.0,1176750.0,0.7346899451528769,-11.49,-9.99,6.65,,-0.2707562097764781,0.5524142759820992,43.26375855795796,-0.11944625471878967,-0.054589084180706626,False,0.2755870941162646,,0.163,Canada,True,,11.421664292903465,44.57553674473863,4.553571428571428,39.337232940964874,89.01303538175046,11.696428571428571,13.42925659472422,50.0,,50.0,27.96611524215712,commodity,535,11442964,False,49.4,False,27.981651376146786,82.56880733944955,50.0417014178482,50.0417014178482,50.0417014178482,50.0417014178482,2,SVAG,-8,NEDTREND,True,0,0.0,LÅG,EJ AKTUELL,-15.0,0.625,EXTREME_GROWTH;EXTREME_EARNINGS_GROWTH;SUSPICIOUS_FWD_PE;,2026-07-02,0,True
BRNK.DE,Branicks Group AG,Real Estate,Real Estate Services,Germany,EUR,82562721.84779584,,-14.183048625,6.12,-3.1062404499999996,0.3680381,9.73,-117.49775,-0.423202505,-0.08884500374999998,-1.5553048999999999,-3.188502715,0.40115996000000004,-0.261,,,119.10500000000002,-0.21750000000000003,0.24,-309451040.0,97065000.0,1859616000.0,2182807808.0,3741591000.0,,251631000.0,,,-297988000.0,,-281113000.0,54844000.0,,0.0,,4.14,0.75,1680220800.0,0.912,2.259999990463257,0.7559999823570251,0.9879999756813049,1.85,3.0,2.0,,,0.38667,0.21784,False,False,,0.5,68905.0,94049.0,0.27235504837602686,-14.09,-27.03,-41.81,-49.23,-0.562831867322803,0.5830456855050368,48.513512653621895,-0.14037624432097928,-0.4048658997551038,True,0.5875136711728247,,0.5,Europe,True,,20.768911134304798,14.891114843977306,15.566336361134049,33.068470202829154,99.62756052141528,11.696428571428571,7.913669064748201,50.0,,50.0,27.896585294234438,standard,536,106280,False,58.3,False,27.981651376146786,97.5396163469558,94.66221851542952,50.0417014178482,50.0417014178482,50.0417014178482,1,SVAG,-8,NEDTREND,True,0,0.0,LÅG,EJ AKTUELL,-14.1,0.875,EXTREME_EARNINGS_GROWTH;SUSPICIOUS_FWD_PE;,2026-07-02,0,True
8028.T,8028.T,Unknown,Unknown,Unknown,USD,,,,,,,,,,,,,,,,,,,,,,,,,,,,,,,,,,,,,,,,,,,,,,,,,,False,False,,0.5,,,,,,,,,,,,,,,,0.5,Japan,True,,,,27.857142857142858,,,11.696428571428571,,50.0,,50.0,26.790187500000002,standard,537,,True,44.5,False,27.981651376146786,50.0417014178482,50.0417014178482,50.0417014178482,50.0417014178482,50.0417014178482,1,SVAG,-8,UPPTREND,False,0,0.0,LÅG,EJ AKTUELL,-2.0,0.0,EXTREME_GROWTH;EXTREME_EARNINGS_GROWTH;MISSING_CRITICAL;,2026-07-02,0,True
CHK,CHK,Unknown,Unknown,Unknown,USD,,,,,,,,,,,,,,,,,,,,,,,,,,,,,,,,,,,,,,,,,,,,,,,,,,False,False,,0.5,,,,,,,,,,,,,,,,0.5,US,True,,,,27.857142857142858,,,11.696428571428571,,50.0,,50.0,26.790187500000002,standard,537,,True,44.5,False,27.981651376146786,50.0417014178482,50.0417014178482,50.0417014178482,50.0417014178482,50.0417014178482,1,SVAG,-8,UPPTREND,False,0,0.0,LÅG,EJ AKTUELL,-2.0,0.0,EXTREME_GROWTH;EXTREME_EARNINGS_GROWTH;MISSING_CRITICAL;,2026-07-02,0,True
DARK.L,DARK.L,Unknown,Unknown,Unknown,USD,,,,,,,,,,,,,,,,,,,,,,,,,,,,,,,,,,,,,,,,,,,,,,,,,,False,False,,0.5,,,,,,,,,,,,,,,,0.5,UK,True,,,,27.857142857142858,,,11.696428571428571,,50.0,,50.0,26.790187500000002,standard,537,,True,44.5,False,27.981651376146786,50.0417014178482,50.0417014178482,50.0417014178482,50.0417014178482,50.0417014178482,1,SVAG,-8,UPPTREND,False,0,0.0,LÅG,EJ AKTUELL,-2.0,0.0,EXTREME_GROWTH;EXTREME_EARNINGS_GROWTH;MISSING_CRITICAL;,2026-07-02,0,True
SPD.L,SPD.L,Unknown,Unknown,Unknown,USD,,,,,,,,,,,,,,,,,,,,,,,,,,,,,,,,,,,,,,,,,,,,,,,,,,False,False,,0.5,,,,,,,,,,,,,,,,0.5,UK,True,,,,27.857142857142858,,,11.696428571428571,,50.0,,50.0,26.790187500000002,standard,537,,True,44.5,False,27.981651376146786,50.0417014178482,50.0417014178482,50.0417014178482,50.0417014178482,50.0417014178482,1,SVAG,-8,UPPTREND,False,0,0.0,LÅG,EJ AKTUELL,-2.0,0.0,EXTREME_GROWTH;EXTREME_EARNINGS_GROWTH;MISSING_CRITICAL;,2026-07-02,0,True
ALTM,ALTM,Unknown,Unknown,Unknown,USD,,,,,,,,,,,,,,,,,,,,,,,,,,,,,,,,,,,,,,,,,,,,,,,,,,False,False,,0.5,,,,,,,,,,,,,,,,0.5,US,True,,,,27.857142857142858,,,11.696428571428571,,50.0,,50.0,26.790187500000002,standard,537,,True,44.5,False,27.981651376146786,50.0417014178482,50.0417014178482,50.0417014178482,50.0417014178482,50.0417014178482,1,SVAG,-8,UPPTREND,False,0,0.0,LÅG,EJ AKTUELL,-2.0,0.0,EXTREME_GROWTH;EXTREME_EARNINGS_GROWTH;MISSING_CRITICAL;,2026-07-02,0,True
MOR.DE,MOR.DE,Unknown,Unknown,Unknown,USD,,,,,,,,,,,,,,,,,,,,,,,,,,,,,,,,,,,,,,,,,,,,,,,,,,False,False,,0.5,,,,,,,,,,,,,,,,0.5,Europe,True,,,,27.857142857142858,,,11.696428571428571,,50.0,,50.0,26.790187500000002,standard,537,,True,44.5,False,27.981651376146786,50.0417014178482,50.0417014178482,50.0417014178482,50.0417014178482,50.0417014178482,1,SVAG,-8,UPPTREND,False,0,0.0,LÅG,EJ AKTUELL,-2.0,0.0,EXTREME_GROWTH;EXTREME_EARNINGS_GROWTH;MISSING_CRITICAL;,2026-07-02,0,True
JBSS3.SA,JBSS3.SA,Unknown,Unknown,Unknown,USD,,,,,,,,,,,,,,,,,,,,,,,,,,,,,,,,,,,,,,,,,,,,,,,,,,False,False,,0.5,,,,,,,,,,,,,,,,0.5,LatAm,True,,,,27.857142857142858,,,11.696428571428571,,50.0,,50.0,26.790187500000002,standard,537,,True,44.5,False,27.981651376146786,50.0417014178482,50.0417014178482,50.0417014178482,50.0417014178482,50.0417014178482,1,SVAG,-8,UPPTREND,False,0,0.0,LÅG,EJ AKTUELL,-2.0,0.0,EXTREME_GROWTH;EXTREME_EARNINGS_GROWTH;MISSING_CRITICAL;,2026-07-02,0,True
LANC,Lancaster Colony Corporation,Unknown,Unknown,Unknown,USD,,,,,,,,,,,,,,,,,,,,,,,,,,,,,,,,,,,,,,,,,,172.77,,,,,,,,False,False,,0.5,,,,,,,,,,,,,,,,0.5,US,True,,,,27.857142857142858,,,11.696428571428571,,50.0,,50.0,26.790187500000002,standard,537,,True,44.5,False,27.981651376146786,50.0417014178482,50.0417014178482,50.0417014178482,50.0417014178482,50.0417014178482,1,SVAG,-8,UPPTREND,False,0,0.0,LÅG,EJ AKTUELL,-2.0,0.0,EXTREME_GROWTH;EXTREME_EARNINGS_GROWTH;MISSING_CRITICAL;,2026-07-02,0,True
COB.L,COB.L,Unknown,Unknown,Unknown,USD,,,,,,,,,,,,,,,,,,,,,,,,,,,,,,,,,,,,,,,,,,,,,,,,,,False,False,,0.5,,,,,,,,,,,,,,,,0.5,UK,True,,,,27.857142857142858,,,11.696428571428571,,50.0,,50.0,26.790187500000002,standard,537,,True,44.5,False,27.981651376146786,50.0417014178482,50.0417014178482,50.0417014178482,50.0417014178482,50.0417014178482,1,SVAG,-8,UPPTREND,False,0,0.0,LÅG,EJ AKTUELL,-2.0,0.0,EXTREME_GROWTH;EXTREME_EARNINGS_GROWTH;MISSING_CRITICAL;,2026-07-02,0,True
UN01.DE,UN01.DE,Unknown,Unknown,Unknown,USD,,,,,,,,,,,,,,,,,,,,,,,,,,,,,,,,,,,,,,,,,,,,,,,,,,False,False,,0.5,,,,,,,,,,,,,,,,0.5,Europe,True,,,,27.857142857142858,,,11.696428571428571,,50.0,,50.0,26.790187500000002,standard,537,,True,44.5,False,27.981651376146786,50.0417014178482,50.0417014178482,50.0417014178482,50.0417014178482,50.0417014178482,1,SVAG,-8,UPPTREND,False,0,0.0,LÅG,EJ AKTUELL,-2.0,0.0,EXTREME_GROWTH;EXTREME_EARNINGS_GROWTH;MISSING_CRITICAL;,2026-07-02,0,True
RWI.L,RWI.L,Unknown,Unknown,Unknown,USD,,,,,,,,,,,,,,,,,,,,,,,,,,,,,,,,,,,,,,,,,,,,,,,,,,False,False,,0.5,,,,,,,,,,,,,,,,0.5,UK,True,,,,27.857142857142858,,,11.696428571428571,,50.0,,50.0,26.790187500000002,standard,537,,True,44.5,False,27.981651376146786,50.0417014178482,50.0417014178482,50.0417014178482,50.0417014178482,50.0417014178482,1,SVAG,-8,UPPTREND,False,0,0.0,LÅG,EJ AKTUELL,-2.0,0.0,EXTREME_GROWTH;EXTREME_EARNINGS_GROWTH;MISSING_CRITICAL;,2026-07-02,0,True
SAND,SAND,Unknown,Unknown,Unknown,USD,,,,,,,,,,,,,,,,,,,,,,,,,,,,,,,,,,,,,,,,,,,,,,,,,,False,False,,0.5,,,,,,,,,,,,,,,,0.5,US,True,,,,27.857142857142858,,,11.696428571428571,,50.0,,50.0,26.790187500000002,standard,537,,True,44.5,False,27.981651376146786,50.0417014178482,50.0417014178482,50.0417014178482,50.0417014178482,50.0417014178482,1,SVAG,-8,UPPTREND,False,0,0.0,LÅG,EJ AKTUELL,-2.0,0.0,EXTREME_GROWTH;EXTREME_EARNINGS_GROWTH;MISSING_CRITICAL;,2026-07-02,0,True
CRAYN.OL,CRAYN.OL,Unknown,Unknown,Unknown,USD,,,,,,,,,,,,,,,,,,,,,,,,,,,,,,,,,,,,,,,,,,,,,,,,,,False,False,,0.5,,,,,,,,,,,,,,,,0.5,Nordic,True,,,,27.857142857142858,,,11.696428571428571,,50.0,,50.0,26.790187500000002,standard,537,,True,44.5,False,27.981651376146786,50.0417014178482,50.0417014178482,50.0417014178482,50.0417014178482,50.0417014178482,1,SVAG,-8,UPPTREND,False,0,0.0,LÅG,EJ AKTUELL,-2.0,0.0,EXTREME_GROWTH;EXTREME_EARNINGS_GROWTH;MISSING_CRITICAL;,2026-07-02,0,True
X,X,Unknown,Unknown,Unknown,USD,,,,,,,,,,,,,,,,,,,,,,,,,,,,,,,,,,,,,,,,,,,,,,,,,,False,False,,0.5,,,,,,,,,,,,,,,,0.5,US,True,,,,27.857142857142858,,,11.696428571428571,,50.0,,50.0,26.790187500000002,standard,537,,True,44.5,False,27.981651376146786,50.0417014178482,50.0417014178482,50.0417014178482,50.0417014178482,50.0417014178482,1,SVAG,-8,UPPTREND,False,0,0.0,LÅG,EJ AKTUELL,-2.0,0.0,EXTREME_GROWTH;EXTREME_EARNINGS_GROWTH;MISSING_CRITICAL;,2026-07-02,0,True
SHG.L,SHG.L,Unknown,Unknown,Unknown,USD,,,,,,,,,,,,,,,,,,,,,,,,,,,,,,,,,,,,,,,,,,,,,,,,,,False,False,,0.5,,,,,,,,,,,,,,,,0.5,UK,True,,,,27.857142857142858,,,11.696428571428571,,50.0,,50.0,26.790187500000002,standard,537,,True,44.5,False,27.981651376146786,50.0417014178482,50.0417014178482,50.0417014178482,50.0417014178482,50.0417014178482,1,SVAG,-8,UPPTREND,False,0,0.0,LÅG,EJ AKTUELL,-2.0,0.0,EXTREME_GROWTH;EXTREME_EARNINGS_GROWTH;MISSING_CRITICAL;,2026-07-02,0,True
MGGT.L,MGGT.L,Unknown,Unknown,Unknown,USD,,,,,,,,,,,,,,,,,,,,,,,,,,,,,,,,,,,,,,,,,,,,,,,,,,False,False,,0.5,,,,,,,,,,,,,,,,0.5,UK,True,,,,27.857142857142858,,,11.696428571428571,,50.0,,50.0,26.790187500000002,standard,537,,True,44.5,False,27.981651376146786,50.0417014178482,50.0417014178482,50.0417014178482,50.0417014178482,50.0417014178482,1,SVAG,-8,UPPTREND,False,0,0.0,LÅG,EJ AKTUELL,-2.0,0.0,EXTREME_GROWTH;EXTREME_EARNINGS_GROWTH;MISSING_CRITICAL;,2026-07-02,0,True
GKN.L,8072713,Unknown,Unknown,Unknown,USD,,,,,,,,,,,,,,,,,,,,,,,,,,,,,,,,,,,,,,,,,,,,,,,,,,False,False,,0.5,,,,,,,,,,,,,,,,0.5,UK,True,,,,27.857142857142858,,,11.696428571428571,,50.0,,50.0,26.790187500000002,standard,537,,True,44.5,False,27.981651376146786,50.0417014178482,50.0417014178482,50.0417014178482,50.0417014178482,50.0417014178482,1,SVAG,-8,UPPTREND,False,0,0.0,LÅG,EJ AKTUELL,-2.0,0.0,EXTREME_GROWTH;EXTREME_EARNINGS_GROWTH;MISSING_CRITICAL;,2026-07-02,0,True
MSY.L,2719985,Unknown,Unknown,Unknown,USD,,,,,,,,,,,,,,,,,,,,,,,,,,,,,,,,,,,,,,,,,,,,,,,,,,False,False,,0.5,,,,,,,,,,,,,,,,0.5,UK,True,,,,27.857142857142858,,,11.696428571428571,,50.0,,50.0,26.790187500000002,standard,537,,True,44.5,False,27.981651376146786,50.0417014178482,50.0417014178482,50.0417014178482,50.0417014178482,50.0417014178482,1,SVAG,-8,UPPTREND,False,0,0.0,LÅG,EJ AKTUELL,-2.0,0.0,EXTREME_GROWTH;EXTREME_EARNINGS_GROWTH;MISSING_CRITICAL;,2026-07-02,0,True
6714.T,6714.T,Unknown,Unknown,Unknown,USD,,,,,,,,,,,,,,,,,,,,,,,,,,,,,,,,,,,,,,,,,,,,,,,,,,False,False,,0.5,,,,,,,,,,,,,,,,0.5,Japan,True,,,,27.857142857142858,,,11.696428571428571,,50.0,,50.0,26.790187500000002,standard,537,,True,44.5,False,27.981651376146786,50.0417014178482,50.0417014178482,50.0417014178482,50.0417014178482,50.0417014178482,1,SVAG,-8,UPPTREND,False,0,0.0,LÅG,EJ AKTUELL,-2.0,0.0,EXTREME_GROWTH;EXTREME_EARNINGS_GROWTH;MISSING_CRITICAL;,2026-07-02,0,True
HMED.ST,Hansa Medical AB (publ),Unknown,Unknown,Unknown,USD,,,,,,,,,,,,,,,,,,,,,,,,,,,,,,,,,,,,,,,,,,,,,,,,,,False,False,,0.5,,,,,,,,,,,,,,,,0.5,Nordic,True,,,,27.857142857142858,,,11.696428571428571,,50.0,,50.0,26.790187500000002,standard,537,,True,44.5,False,27.981651376146786,50.0417014178482,50.0417014178482,50.0417014178482,50.0417014178482,50.0417014178482,1,SVAG,-8,UPPTREND,False,0,0.0,LÅG,EJ AKTUELL,-2.0,0.0,EXTREME_GROWTH;EXTREME_EARNINGS_GROWTH;MISSING_CRITICAL;,2026-07-02,0,True
SQ,SQ,Unknown,Unknown,Unknown,USD,,,,,,,,,,,,,,,,,,,,,,,,,,,,,,,,,,,,,,,,,,,,,,,,,,False,False,,,,,,,,,,,,,,,,,,0.5,US,,,,,27.857142857142858,,,11.696428571428571,,50.0,,50.0,26.790187500000002,standard,537,,True,,,,,,,,,1,SVAG,-8,UPPTREND,False,0,0.0,LÅG,EJ AKTUELL,0.0,0.0,EXTREME_GROWTH;EXTREME_EARNINGS_GROWTH;MISSING_CRITICAL;,2026-07-02,0,True
HOLX,HOLX,Unknown,Unknown,Unknown,USD,,,,,,,,,,,,,,,,,,,,,,,,,,,,,,,,,,,,,,,,,,,,,,,,,,False,False,,0.5,,,,,,,,,,,,,,,,0.5,US,True,,,,27.857142857142858,,,11.696428571428571,,50.0,,50.0,26.790187500000002,standard,537,,True,44.5,False,27.981651376146786,50.0417014178482,50.0417014178482,50.0417014178482,50.0417014178482,50.0417014178482,1,SVAG,-8,UPPTREND,False,0,0.0,LÅG,EJ AKTUELL,-2.0,0.0,EXTREME_GROWTH;EXTREME_EARNINGS_GROWTH;MISSING_CRITICAL;,2026-07-02,0,True
IREN,IREN Limited,Financial Services,Capital Markets,Australia,USD,16871846872.350052,39.280587,-67.93065700000001,3.11,-1.2231967500000016,22.2856,24.599,112.557,-0.12512874125,-0.06129750125000001,-0.048926257500000014,-1.01934999,0.18798504,-0.061,,,76.78200000000001,2.0237500000000006,3.504,-3703079936.0,2213274112.0,3964912896.0,18623485952.0,2940323000.0,,501023000.0,,,22122000.0,,86941000.0,245886000.0,,0.0,,,,,4.232,76.87000274658203,13.09000015258789,47.209999084472656,80.93333,1.8125,15.0,1.31,0.1863,0.03516,0.49018002,False,False,,0.22,44809077.0,37941610.0,1.1342549363862746,-30.41,26.06,12.22,,-0.3858462677553135,1.0307697560668208,40.88820734509483,-0.13845335709670226,-0.03518136348654255,False,0.038967239135748816,,0.656,US,True,5.386243041765682,25.49387629554359,68.30527622199592,33.561278557665844,33.1966225428332,81.75046554934823,11.696428571428571,5.755395683453238,50.0,4.621848739495799,22.0,26.62776927921837,holding,559,1791223373,False,40.9,False,27.981651376146786,73.64470391993328,2.543786488740617,50.0417014178482,50.0417014178482,50.0417014178482,3,SVAG,-8,NEDTREND,True,1,0.14285714285714285,LÅG,EJ AKTUELL,-9.5,0.875,EXTREME_EARNINGS_GROWTH;SUSPICIOUS_FWD_PE;,2026-07-02,0,True
051910.KS,"LG Chem, Ltd.",Basic Materials,Chemicals,South Korea,KRW,19130524411000.0,,-1.530603499999999,1.13,,0.4651867,1.325,-0.6604999999999994,-0.15204751000000005,-0.0432799996,-0.19251749499999998,-0.1911499697,-0.19899998000000002,-0.12,,,60.65399999999999,-0.9352499999999999,0.658,-5976991834112.0,9686781788160.0,35687030063104.0,60442542080000.0,101061661000000.0,,45932167000000.0,,,1180900000000.0,,-1819449000000.0,8233859000000.0,0.74,0.0,2000.0,1.29,2000.0,1774828800.0,1.365,437500.0,206670.92105263157,271000.0,446840.0,1.72,25.0,,,0.34978,0.33776,False,False,,0.5,363734.0,270619.0,0.8052102862897834,-18.13,-14.23,-25.07,,-0.38057142857142856,0.6077029651082527,36.111111111111114,-0.24864145502938895,-0.20429775336071931,False,-0.035512391766853856,,0.388,Asia,True,,13.0123503505435,26.43414799728445,10.606420313790256,22.617200752507777,7.262569832402235,67.41071428571429,12.470023980815348,50.0,,50.0,25.001148135193823,standard,560,53536557,False,43.9,False,27.981651376146786,2.543786488740617,93.07756463719767,50.0417014178482,50.0417014178482,50.0417014178482,2,SVAG,-8,NEDTREND,True,1,0.14285714285714285,LÅG,EJ AKTUELL,-14.3,0.625,EXTREME_EARNINGS_GROWTH;SUSPICIOUS_FWD_PE;,2026-07-02,0,True
