ticker,name,sector,industry,country,currency,market_cap,pe_trailing,pe_forward,peg_ratio,price_to_book,price_to_sales,ev_to_revenue,ev_to_ebitda,roe,roa,profit_margin,operating_margin,gross_margin,revenue_growth,earnings_growth,earnings_quarterly_growth,debt_to_equity,current_ratio,quick_ratio,free_cash_flow,total_cash,total_debt,enterprise_value,total_assets,total_assets_prev,revenue_ttm,revenue_prev,revenue_2y_ago,operating_income_ttm,operating_income_prev,net_income_ttm,operating_cashflow_ttm,dividend_yield,payout_ratio,dividend_rate,div_yield_5y_avg,last_dividend_value,ex_dividend_date,beta,52_week_high,52_week_low,current_price,target_mean_price,recommendation_mean,number_of_analysts,short_ratio,short_pct_float,insider_pct,institution_pct,insider_cluster,insider_executive_buy,earnings_revision_rate,options_flow_signal,avg_volume,avg_volume_10d,volume_ratio,return_1m,return_3m,return_6m,return_12m,pct_from_52w_high,volatility,rsi_14,price_vs_ma50,price_vs_ma200,macd_above_signal,bb_position,insider_recent_date,earnings_surprise,exchange_group,_sector_neutralized,score_value,score_quality,score_momentum,score_growth,score_risk,score_size,score_dividend,score_fcf_yield,score_sentiment,score_short_interest,score_options_flow,score_total,company_type,rank,est_daily_turnover_usd,low_liquidity,mews_score,mews_flag,mews_fcf_yield,mews_small_size,mews_low_ps,mews_operating_leverage,mews_revenue_accel,mews_clean_accruals,piotroski_f,piotroski_label,piotroski_boost,trend_signal,trend_capped,factors_positive,confidence_pct,confidence_label,entry_signal,score_delta_4w,data_quality,data_anomaly,data_fetched_date,data_stale_days,_fundamentals_neutralized
DIVISLAB.NS,Divi's Laboratories Limited,Healthcare,Drug Manufacturers - Specialty & Generic,India,INR,,38.55203,25.266680999999988,,4.042159800000001,19.561464,19.274,15.297999999999991,,,0.13126999600000006,0.16348497,0.18928999000000002,0.19100000000000003,0.511,0.655,-25.987750000000005,,,,32330000384.0,70000000.0,2164492468224.0,200330000000.0,,104760000000.0,,,29790000000.0,,25680000000.0,27380000000.0,0.36,0.3101,30.0,0.62,30.0,1784851200.0,0.22,8585.0,5613.352076705792,,8152.276,2.68966,29.0,,,0.52,0.29999,False,False,,0.5,446222.0,730024.0,0.54,20.12,20.41,,,-3.32,0.235,77.0,17.17,,True,,,0.838,India,True,,79.53091684434969,63.25864913540132,79.29756712667144,87.42486746808035,,67.3694779116466,,50.0,,50.0,72.2759571183825,standard,1,,True,39.7,False,36.97654941373534,50.041876046901166,2.554438860971524,50.041876046901166,50.041876046901166,50.041876046901166,4,NEUTRAL,0,UPPTREND,False,5,0.7142857142857143,HÖG,VÄNTA,17.3,0.75,,2026-08-10,0,True
PLTR,Palantir Technologies Inc.,Technology,Software - Infrastructure,United States,USD,395745687083.09424,94.60089500000001,49.45531025,2.1481,31.293155999999993,67.14653,65.67,129.1605,0.18766250375,0.10060498949999999,0.3817650339999999,0.3381374294999999,0.3584,0.764,1.879,2.25,-52.850500000000004,5.570499999999999,7.095,749960448.0,9409098752.0,211400000.0,404263075840.0,8900392000.0,,4475446000.0,,,1414015000.0,,1625033000.0,2134473000.0,,0.0,,,,,1.563,207.52000427246094,106.37000274658203,172.00999450683594,189.90222,1.8125,27.0,1.73,0.0364,0.03492,0.61912,False,False,,0.583,43388227.0,59936790.0,0.68,36.3,29.48,,,0.0,0.6877,73.2,32.98,,True,1.1193433667718231,,1.0,US,True,37.724184782608695,91.04582028693056,93.03377791211697,95.3966532835264,40.67446170614479,25.649350649350648,12.449799196787147,51.5625,50.0,47.84688995215311,58.3,70.97455234460716,standard,2,10309726919,False,44.1,False,76.04690117252932,14.656616415410383,2.554438860971524,50.041876046901166,50.041876046901166,50.041876046901166,9,STARK,8,UPPTREND,False,3,0.42857142857142855,LÅG,VÄNTA,9.2,0.875,,2026-08-10,0,True
AMGN,Amgen Inc.,Healthcare,Drug Manufacturers - General,United States,USD,222323956604.0039,-9.007285000000003,-5.6050155,2.1139,9.907339225,5.8359694,6.969,-4.344499999999998,0.74773999675,0.018539998499999988,0.11671001599999999,0.17767746499999998,0.22935000000000005,0.008000000000000007,0.503,0.659,427.71875000000006,-0.4574999999999999,0.95,7236480768.0,13989000192.0,57303998464.0,265485025280.0,90586000000.0,,36751000000.0,,,9080000000.0,,7711000000.0,9958000000.0,2.49,0.6087,10.08,3.07,2.52,1787270400.0,0.413,418.3999938964844,264.0224916487972,410.95001220703125,374.68967,2.47059,29.0,4.66,0.0238,0.0021600001,0.84912,False,False,,0.451,2731166.0,3152540.0,0.25,14.8,26.5,,,0.0,0.2512,78.9,13.83,,True,0.9840365722869604,,0.98,US,True,,80.14412699019773,91.52624022367476,74.42222999520155,46.70714361323948,33.76623376623377,67.3694779116466,84.0625,50.0,66.50717703349282,45.1,70.59226394147659,standard,3,1295536351,False,51.5,False,90.87102177554439,18.174204355108877,23.785594639865998,50.041876046901166,50.041876046901166,50.041876046901166,5,NEUTRAL,0,UPPTREND,False,4,0.5714285714285714,MEDEL,VÄNTA,10.7,0.875,SUSPICIOUS_FWD_PE;,2026-08-10,0,True
2330.TW,Taiwan Semiconductor Manufacturing Company Limited,Technology,Semiconductors,Taiwan,TWD,61459717058790.0,2.230436000000001,0.34147675000000266,0.9002,4.357531125000003,13.840743,13.279,2.2025,0.26747002999999997,0.13531000000000004,0.34904125350000004,0.436965055,0.26152498999999996,0.19599999999999998,0.499,0.774,7.669750000000002,0.6547500000000004,2.131,688267472896.0,3518013112320.0,982447030272.0,58965228519424.0,7932842500000.0,,3809054300000.0,,,1936095600000.0,,1697604000000.0,2274975600000.0,1.01,0.2785,24.0,1.69,7.0,1789516800.0,1.258,2535.0,1120.0699462890625,2370.0,3126.7485,1.31429,35.0,,,0.00022,0.42984,False,False,,0.5,33422562.0,36041854.0,0.56,,,,,,0.3906,47.1,,,True,0.5276965164061166,,0.95,Asia,True,71.80978260869566,91.84216345440971,,84.11797006400477,54.55615635649242,1.948051948051948,67.3694779116466,66.25,50.0,,50.0,70.14229567365165,standard,4,2648821365,False,44.4,False,81.23953098827471,2.554438860971524,7.872696817420436,50.041876046901166,50.041876046901166,50.041876046901166,5,NEUTRAL,0,UPPTREND,False,4,0.5714285714285714,MEDEL,OK,2.3,0.875,SUSPICIOUS_FWD_PE;,2026-08-10,0,True
V,Visa Inc.,Financial Services,Credit Services,United States,USD,617740851575.0,9.106634999999997,5.604002000000001,1.6714,11.201996824999998,15.213195,15.214,7.1835,0.43408249875,0.16411499949999997,0.24460751099999997,0.28743993999999995,0.4876899999999999,0.04949999999999999,-0.09950000000000002,0.068,-3.743250000000006,-0.6649999999999998,0.627,18994856704.0,13792000000.0,23857999872.0,676844994560.0,99627000000.0,,40000000000.0,,,26556000000.0,,20058000000.0,23059000000.0,0.72,0.22129999,2.68,0.7,0.67,1786406400.0,0.759,373.9700012207031,293.2820187246287,362.5,415.38947,1.375,37.0,2.42,0.0139,0.00081,0.88995004,False,False,,0.494,8205303.0,7441970.0,0.7134087652427853,4.11,13.06,10.59,,-0.03067091259529653,0.21912667346976525,52.19168074833619,0.05291163742411964,0.09807529514982027,False,0.5278064421166848,,0.862,US,True,76.67527173913042,94.15423872067623,69.52638176358731,49.04523641116382,52.727888231253225,21.428571428571427,67.3694779116466,85.3125,50.0,85.88516746411483,49.4,69.92006551138493,standard,5,2697714125,False,47.7,False,89.44723618090453,12.311557788944723,6.61641541038526,50.041876046901166,50.041876046901166,50.041876046901166,6,NEUTRAL,0,UPPTREND,False,4,0.5714285714285714,MEDEL,OK,-1.0,0.875,,2026-08-10,0,True
6861.T,Keyence Corporation,Technology,Scientific & Technical Instruments,Japan,JPY,20641314324960.0,11.400928250000005,13.893206749999997,2.5383,0.008158875000000343,16.449438,15.313,,,,0.267035,0.3377274795,0.49735005,0.164,0.235,0.51,,9.201000000000002,11.111,,1426593939456.0,0.0,19214716895232.0,3670655000000.0,,1169289000000.0,,,595759000000.0,,445185000000.0,430680000000.0,0.65,0.2996,550.0,0.51,275.0,1789603200.0,1.001,87920.0,51271.96903921346,85110.0,95062.5,1.5625,16.0,,,0.22763,0.3762,False,False,,0.5,705987.0,991200.0,0.45,,,,,,0.4914,75.2,,,True,0.8848333221396107,,1.0,Japan,True,,95.30916844349679,,80.23255498241988,54.016008285203505,5.844155844155844,67.3694779116466,,50.0,,50.0,69.7573736485909,standard,6,530329069,False,33.1,False,36.97654941373534,2.554438860971524,6.030150753768844,50.041876046901166,50.041876046901166,50.041876046901166,5,NEUTRAL,0,UPPTREND,False,3,0.42857142857142855,LÅG,VÄNTA,3.4,0.625,,2026-08-10,0,True
LLY,Eli Lilly and Company,Healthcare,Drug Manufacturers - General,United States,USD,1057346667674.6113,5.877537999999994,2.8980425000000025,1.5593,24.857668224999998,13.2722435,13.843,6.724500000000003,0.8558699967500001,0.1354400085,0.22248998599999997,0.36441744499999995,0.34443003999999994,0.39,0.11600000000000002,0.253,99.50874999999999,-0.4734999999999999,0.679,9656755968.0,8949999616.0,54907998208.0,1102848983040.0,112476000000.0,,65179000000.0,,,29696000000.0,,20640000000.0,16813000000.0,0.58,0.2169,6.92,0.89,1.73,1786665600.0,0.506,1249.449951171875,619.3984502312096,1185.7099609375,1297.3077,1.71429,26.0,3.34,0.0115,0.00155,0.85014,False,False,,0.475,3045070.0,3184770.0,0.38,2.88,25.96,,,-1.59,0.3541,57.0,4.88,,False,0.634686094651487,,1.0,US,True,61.95923913043478,94.0290175370061,73.22987116031284,77.10453022551815,46.42185244174011,18.83116883116883,67.3694779116466,63.125,50.0,88.03827751196172,47.5,69.1743441154246,standard,7,3776213512,False,45.3,False,79.5644891122278,11.222780569514237,8.12395309882747,50.041876046901166,50.041876046901166,50.041876046901166,6,NEUTRAL,0,UPPTREND,False,5,0.7142857142857143,HÖG,OK,-0.3,0.875,,2026-08-10,0,True
MA,Mastercard Incorporated,Financial Services,Credit Services,United States,USD,489464834152.8256,9.201641999999996,5.870401999999999,1.7527,80.007560825,14.056659,14.428,8.2155,2.2342024987500007,0.2136449995,0.200177511,0.23720997999999993,0.51044,0.046499999999999986,0.01949999999999999,0.186,368.01875000000007,-0.5889999999999999,0.666,15552106240.0,11608999936.0,24643000320.0,506178797568.0,54157000000.0,,32791000000.0,,,19514000000.0,,14968000000.0,17648000000.0,0.6,0.17930001,3.48,0.54,0.87,1783555200.0,0.735,598.0432666718583,463.74259988972767,562.9500122070312,664.3947,1.36585,38.0,2.28,0.0104,0.00112,0.91147006,False,False,,0.475,3598146.0,3407810.0,0.35,4.32,12.87,,,-2.84,0.2458,63.7,7.39,,True,0.6427006335462385,,0.907,US,True,76.68342391304347,95.04400452816603,55.7798390448483,59.792694276603456,41.128103199174134,23.376623376623375,67.3694779116466,87.1875,50.0,89.95215311004785,47.5,68.1178514728659,standard,8,1918426681,False,48.2,False,89.9497487437186,13.484087102177556,7.537688442211055,50.041876046901166,50.041876046901166,50.041876046901166,6,NEUTRAL,0,UPPTREND,False,3,0.42857142857142855,LÅG,OK,-0.6,0.875,,2026-08-10,0,True
ROST,"Ross Stores, Inc.",Consumer Cyclical,Apparel Retail,United States,USD,81872952656.95538,4.242507999999997,7.542379500000003,2.97,4.194419425000001,3.4435034,3.468,3.299000000000003,0.20338248375000006,0.04826499649999998,0.014270001999999976,0.034142454999999974,-0.16215997,0.131,0.271,0.356,-5.461750000000001,0.20999999999999996,0.884,638439424.0,4130980096.0,4723149824.0,82465120256.0,15548737000.0,,22750559000.0,,,2707357000.0,,2145044000.0,3026883000.0,0.7,0.2318,1.78,1.04,0.445,1780963200.0,0.877,257.0,142.48134316237557,255.22999572753906,254.61111,1.8,18.0,3.15,0.0373,0.02128,0.96001,False,False,,0.491,3071893.0,2168010.0,0.43,16.37,19.27,,,0.0,0.2959,75.8,9.89,,True,0.7937064215016848,,0.946,US,True,66.2975543478261,61.86133940893137,86.37548645483054,75.38631515555909,57.90623069277935,54.87012987012987,67.3694779116466,60.9375,50.0,46.889952153110045,49.1,67.84794395259506,standard,9,553341183,False,53.5,False,82.32830820770519,28.97822445561139,40.45226130653266,50.041876046901166,50.041876046901166,50.041876046901166,5,NEUTRAL,0,UPPTREND,False,5,0.7142857142857143,HÖG,VÄNTA,3.9,0.875,,2026-08-10,0,True
CSU.TO,Constellation Software Inc.,Technology,Software - Application,Canada,CAD,68270635117.48535,21.148265499999994,-5.260995750000003,0.5454,5.6961755,5.618983,5.888,7.2195,0.03257500249999999,0.008309999999999998,-0.019839990499999995,0.030790034499999994,-0.026029980000000008,0.035,1.424,1.699,89.47575,-1.4747499999999998,0.833,2406552288.0,3012999936.0,5560999936.0,71543635968.0,16171000000.0,,11623000000.0,,,2108000000.0,,512000000.0,2732000000.0,0.18,0.1141,5.68,0.19,1.413,1781827200.0,0.694,4913.930432469509,2193.5970052236025,3221.60009765625,3906.5913,1.58333,12.0,5.27,,0.04409,0.43572,False,False,,0.5,66124.0,69770.0,0.33,18.2,37.26,,,0.0,0.5044,69.7,15.28,,True,0.8853407743974829,,0.217,Canada,True,78.31793478260869,52.61563813888673,94.54131560055919,62.165023175298714,33.2226581434688,58.44155844155844,67.3694779116466,88.125,50.0,,50.0,66.49076134091827,standard,10,161210554,False,58.7,False,88.77721943048577,68.42546063651591,24.623115577889447,50.041876046901166,50.041876046901166,50.041876046901166,6,NEUTRAL,0,UPPTREND,False,4,0.5714285714285714,MEDEL,VÄNTA,-4.0,0.875,SUSPICIOUS_FWD_PE;,2026-08-10,0,True
MSAB-B.ST,Micro Systemation AB (publ),Technology,Software - Application,Sweden,SEK,,-7.1581379999999974,6.343296749999993,,2.159297575000001,3.2173407,3.076,-4.510500000000003,0.362820003,0.12025999999999996,-9.75000000000073e-05,-0.1093949805,0.4989849999999999,0.358,,,0.6342500000000015,-0.017499999999999905,1.495,-832130248.0,145300000.0,73300000.0,1571651968.0,318067000.0,,461784000.0,,,67843000.0,,49172000.0,101888000.0,1.34,0.3989,1.2,4.0,0.6,1794441600.0,0.414,95.19999694824219,53.37512753821798,,96.0,,2.0,,,0.2339,0.56333,False,False,,0.5,17419.0,33497.0,0.82,7.52,31.85,,,-3.06,0.474,57.1,11.72,,True,,,0.52,Nordic,True,,70.52731522522222,70.04067958841829,68.62711716430941,62.9551258702698,,67.3694779116466,,50.0,,50.0,66.48931426408443,standard,11,,True,45.7,False,36.97654941373534,50.041876046901166,42.79731993299832,50.041876046901166,50.041876046901166,50.041876046901166,4,NEUTRAL,0,UPPTREND,False,5,0.7142857142857143,HÖG,OK,-0.2,0.875,EXTREME_EARNINGS_GROWTH;,2026-08-10,0,True
NTAP,"NetApp, Inc.",Technology,Software - Infrastructure,United States,USD,37190318741.20323,-8.609818,-6.0759907500000025,2.0079,16.555946,5.3704433,5.239,-3.410499999999998,0.87403250375,0.025914999499999987,0.07597502399999999,0.13951745949999994,0.21787999999999996,-0.03900000000000001,-0.04100000000000001,0.188,147.3055,-0.22149999999999992,1.211,-113894016.0,3584000000.0,2732999936.0,36279746560.0,10744000000.0,,6925000000.0,,,1695000000.0,,1276000000.0,2067000000.0,1.09,0.32759997,2.08,2.25,0.52,1783641600.0,1.433,195.6999969482422,92.93030836511167,189.52000427246094,177.25,,16.0,3.93,0.0758,0.0039399997,1.04881,False,False,,0.71,3292288.0,2553260.0,0.58,22.77,71.46,,,0.0,0.524,83.1,19.86,,True,0.8971507692039367,,0.893,US,True,,78.89389725057637,97.11669248498129,48.90206976054436,26.01688248570112,70.45454545454545,67.3694779116466,42.1875,50.0,23.444976076555022,71.0,66.4513984527289,standard,12,483893846,False,57.7,False,80.23450586264657,74.7068676716918,26.298157453936348,50.041876046901166,50.041876046901166,50.041876046901166,3,SVAG,-8,UPPTREND,False,3,0.42857142857142855,LÅG,VÄNTA,-2.1,0.875,SUSPICIOUS_FWD_PE;,2026-08-10,0,True
ADSK,"Autodesk, Inc.",Technology,Software - Application,United States,USD,52592059505.6985,-3.4096909999999987,-7.847770750000002,0.8979,5.541471,7.005736,6.974,1.8095000000000008,0.31065250375,0.0409249945,0.08659502399999998,0.16216745949999997,0.43478,0.01999999999999999,2.039,2.23,30.429499999999997,-0.8224999999999999,0.669,1651855872.0,2924000000.0,2724000000.0,52355878912.0,12467000000.0,,7206000000.0,,,1794000000.0,,1124000000.0,2452000000.0,,0.0,,0.48,0.015,1111449600.0,1.298,329.0899963378906,185.5,249.0800018310547,313.74243,1.42857,33.0,2.87,0.0461,0.00227,0.98188,False,False,,0.497,2661216.0,2225240.0,0.27,20.89,8.68,,,-2.87,0.4202,77.4,18.63,,True,0.9066237116888437,,0.919,US,True,88.31521739130434,83.13558803705762,49.43671994055491,80.47020660601498,33.61003219490747,63.31168831168831,12.449799196787147,87.5,50.0,38.27751196172249,49.7,65.58905159691194,standard,14,554262783,False,58.9,False,91.95979899497488,70.93802345058626,18.257956448911223,50.041876046901166,50.041876046901166,50.041876046901166,7,STARK,8,UPPTREND,False,3,0.42857142857142855,LÅG,VÄNTA,8.1,0.875,SUSPICIOUS_FWD_PE;,2026-08-10,0,True
DB1.DE,DEUTSCHE BOERSE AG            N,Financial Services,Financial Data & Stock Exchanges,Germany,EUR,,8.307783,6.768131500000003,3.3797,-0.04585848750000032,6.3771906,6.995,3.5725000000000016,0.0,-0.017520000999999986,0.0,0.00045255500000002113,0.36745997,0.022500000000000006,-0.0645,0.118,-4.745500000000005,-0.49700000000000005,0.009,1260162592.0,1775000064.0,6186999808.0,54205849600.0,297156000000.0,,7381000000.0,,,2978000000.0,,1995000000.0,2810000000.0,1.56,0.3621,4.2,1.87,4.2,1778716800.0,0.304,273.3999938964844,196.67251329895487,,288.83334,1.75,12.0,,,0.0,0.68492997,False,False,,0.5,352997.0,306749.0,0.6,7.49,13.32,37.93,,0.0,0.2272,75.3,8.99,,True,,,0.688,Europe,True,78.27717391304348,53.693686474433605,83.44086863636511,45.86169054501229,64.55709469553798,,67.3694779116466,78.75,50.0,,50.0,65.56825221217767,standard,15,,True,42.4,False,36.97654941373534,50.041876046901166,21.02177554438861,50.041876046901166,50.041876046901166,50.041876046901166,3,SVAG,-8,UPPTREND,False,4,0.5714285714285714,MEDEL,VÄNTA,-12.3,0.875,,2026-08-10,0,True
O39.SI,Oversea-Chinese Banking Corporation Limited,Financial Services,Banks - Regional,Singapore,SGD,136046906977.30411,0.0,0.0,2.9898,0.0,9.636415,7.253,,,,0.037099999999999966,0.0,0.0,-0.0455,,0.048,,,,,75255996416.0,44814000128.0,102402465792.0,675688000000.0,,14533000000.0,,,,,7422000000.0,9125000000.0,2.86,0.4967,0.84,4.76,0.47,1776902400.0,0.203,30.5,15.774320909726464,30.299999237060547,27.1775,2.1875,16.0,,,0.28120002,0.1856,False,False,,0.5,6748343.0,6890099.0,1.75,10.46,35.69,,,0.0,0.2007,65.0,14.77,,False,1.0853172016976778,,0.923,Singapore,True,,54.51314854299929,94.29005931915215,46.211600023281534,93.05397409094303,40.58441558441558,67.3694779116466,,50.0,,50.0,65.51620461708934,standard,16,162665669,False,36.9,False,36.97654941373534,22.278056951423785,11.725293132328309,50.041876046901166,50.041876046901166,50.041876046901166,1,SVAG,-8,UPPTREND,False,3,0.42857142857142855,LÅG,OK,-4.5,0.625,EXTREME_EARNINGS_GROWTH;SUSPICIOUS_FWD_PE;,2026-08-10,0,True
FTNT,"Fortinet, Inc.",Technology,Software - Infrastructure,United States,USD,117130047117.09673,17.669712,17.12297025,2.1978,64.576996,15.5604925,15.094,21.103500000000004,0.98111250375,0.0693349995,0.17344501399999995,0.20287747949999999,0.3124800399999999,0.092,0.16399999999999998,0.378,-18.7955,-0.37549999999999983,1.141,856443392.0,4069600000.0,561400000.0,113621843968.0,10389200000.0,,6799600000.0,,,2084700000.0,,1853400000.0,2590600000.0,,0.0,,,,,1.058,172.08999633789062,72.83000183105469,159.63999938964844,160.86485,2.68182,37.0,2.36,0.0239,0.17361,0.71086997,False,False,,0.395,6102341.0,6705250.0,0.31,2.99,43.3,,,-1.7,0.4811,58.6,7.71,,False,0.5324034086084476,,1.0,US,True,50.10054347826086,89.03903501922377,76.5607486051813,75.22683379095908,29.544596544453213,44.48051948051948,12.449799196787147,60.62499999999999,50.0,65.78947368421053,39.5,65.23064630294839,standard,17,1070426106,False,47.3,False,80.98827470686767,23.953098827470686,6.448911222780569,50.041876046901166,50.041876046901166,50.041876046901166,8,STARK,8,UPPTREND,False,3,0.42857142857142855,LÅG,OK,16.6,0.875,,2026-08-10,0,True
KO,Coca-Cola Company (The),Consumer Defensive,Beverages - Non-Alcoholic,United States,USD,374536924733.4883,-3.5375962500000053,2.7698254999999996,4.2198,1.145818100000001,7.471462,8.071,5.422500000000001,0.21225250375000004,0.023154999499999995,0.19832001599999996,0.23275744499999995,0.12932003000000003,0.028500000000000004,0.11700000000000002,0.161,-3.4987499999999967,0.33650000000000024,0.798,3809605888.0,16371000320.0,44260999168.0,404591902720.0,104816000000.0,,47941000000.0,,,14911000000.0,,13107000000.0,7408000000.0,2.44,0.6246,2.12,2.87,0.53,1789430400.0,0.342,90.91999816894531,64.03758462860179,87.05000305175781,94.69565,1.75,23.0,2.37,0.0112,0.09894,0.68374,False,False,,0.551,17890314.0,18991160.0,0.37,3.67,11.75,,,-1.95,0.2096,71.5,5.74,,True,0.7043269756816881,,0.888,US,True,63.64538043478261,79.9307237340645,56.90356544627902,59.215080535621865,78.61624121950643,27.27272727272727,67.3694779116466,63.4375,50.0,88.75598086124403,55.1,65.02317539897324,standard,18,1653180536,False,47.5,False,80.90452261306532,15.07537688442211,16.415410385259634,50.041876046901166,50.041876046901166,50.041876046901166,7,STARK,8,UPPTREND,False,4,0.5714285714285714,MEDEL,VÄNTA,9.2,0.875,,2026-08-10,0,True
ANET,"Arista Networks, Inc.",Technology,Computer Hardware,United States,USD,237955252028.7887,22.318069,11.348724249999997,2.0535,5.141672000000002,22.574688,21.309,25.744500000000002,0.12145250374999998,0.0688649995,0.2754250139999999,0.32085747949999993,0.14048000000000005,0.213,0.08199999999999996,0.365,,1.2995,2.289,2482368512.0,13343299584.0,0.0,224611958784.0,19448600000.0,,9005700000.0,,,3856100000.0,,3511400000.0,4371900000.0,,0.0,,,,,1.615,214.88999938964844,114.5199966430664,188.6699981689453,238.63,1.26667,27.0,2.27,0.0191,0.17239,0.72845,False,False,,0.612,9057172.0,9616830.0,0.3,6.11,40.89,,,-2.58,0.5974,62.2,12.22,,True,0.7906649457556292,,0.951,US,True,52.45923913043478,84.2253498682118,72.67509225324618,74.4185772373051,35.385567977084925,32.142857142857146,12.449799196787147,65.625,50.0,77.75119617224881,61.199999999999996,64.44115262149336,standard,19,1814407298,False,45.9,False,81.49078726968175,17.504187604690117,2.554438860971524,50.041876046901166,50.041876046901166,50.041876046901166,6,NEUTRAL,0,UPPTREND,False,3,0.42857142857142855,LÅG,VÄNTA,5.8,0.75,,2026-08-10,0,True
6857.T,Advantest Corporation,Technology,Semiconductor Equipment & Materials,Japan,JPY,23308590302220.0,27.216412250000005,103.72194675,1.4964,16.543012875000002,18.914598,18.664,20.153999999999996,0.3845299929999999,0.20659,0.24804500000000004,0.3150374795,0.31804,0.229,0.6779999999999999,0.938,6.83325,0.0,1.77,21396652032.0,413124001792.0,108165996544.0,22999522607104.0,1171816000000.0,,1128610000000.0,,,499120000000.0,,375353000000.0,335182000000.0,0.19,0.11399999,60.0,0.79,30.0,1774828800.0,1.185,35940.0,9711.253449554897,32190.0,37757.145,1.61905,21.0,,,0.00279,0.65912,False,False,,0.5,9070670.0,11169560.0,0.64,,,,,,0.7993,56.4,,,True,0.7581359741279137,,1.0,Japan,True,42.658967391304344,92.74275642925666,,88.46441342659114,43.181607947618936,5.51948051948052,67.3694779116466,49.0625,50.0,,50.0,64.41631976480521,standard,20,2260271407,False,43.8,False,81.99329983249581,2.554438860971524,2.554438860971524,50.041876046901166,50.041876046901166,50.041876046901166,6,NEUTRAL,0,UPPTREND,False,3,0.42857142857142855,LÅG,VÄNTA,5.3,0.875,,2026-08-10,0,True
INVE-B.ST,Investor AB ser. B,Financial Services,Asset Management,Sweden,SEK,,-9.584983000000001,,5.08,-5.2495707,,4.281,-7.336500000000002,0.054489998,0.12372999999999997,0.5084849970000002,0.43391754000000005,0.45769499999999996,1.0755,1.3875,1.589,-55.7905,0.6140000000000003,1.654,165090001600.0,20027000832.0,125865000960.0,1404102639616.0,1102807000000.0,,216578000000.0,,,,,157494000000.0,,1.32,0.0636,5.6,1.75,1.6,1793923200.0,0.781,426.79998779296875,276.5710400390637,,393.8,,5.0,,,0.00254,0.46098998,False,False,,0.5,2600201.0,2527496.0,0.76,8.04,15.46,,,-0.32,0.1868,85.0,6.54,,True,,,0.5,Nordic,True,,90.265272429834,72.64203221621894,78.23840512659781,74.2529592637713,,67.3694779116466,97.5,50.0,,50.0,64.34386394921816,holding,21,,True,46.8,False,36.97654941373534,50.041876046901166,50.041876046901166,50.041876046901166,50.041876046901166,50.041876046901166,6,NEUTRAL,0,UPPTREND,False,5,0.7142857142857143,HÖG,VÄNTA,1.6,0.875,,2026-08-10,0,True
D05.SI,DBS,Financial Services,Banks - Regional,Singapore,SGD,217082525207.51953,1.1083040000000004,0.8450319999999998,3.1669,0.8808100999999997,9.577452,15.984,,0.03507,0.0,0.0,0.02405999999999997,0.0,-0.026499999999999996,,0.09,,,,,67684999168.0,213082996736.0,362302537728.0,897488000000.0,,22895000000.0,,,,,10934000000.0,11024000000.0,4.17,0.7975,3.18,4.62,0.81,1786665600.0,0.29,76.33000183105469,47.348301158402016,76.33000183105469,74.01875,2.1875,16.0,,,0.006,0.54879004,False,False,,0.5,4993681.0,5032292.0,1.35,8.35,29.15,,,0.0,0.1642,73.2,11.08,,False,1.0033052905368323,,0.694,Singapore,True,,53.59706531252708,92.90814977141346,42.965703393283285,93.6863006794594,34.41558441558442,67.3694779116466,,50.0,,50.0,64.28227212573127,standard,22,299287742,False,36.3,False,36.97654941373534,18.425460636515915,11.809045226130653,50.041876046901166,50.041876046901166,50.041876046901166,1,SVAG,-8,UPPTREND,False,3,0.42857142857142855,LÅG,VÄNTA,-3.3,0.75,EXTREME_EARNINGS_GROWTH;SUSPICIOUS_FWD_PE;,2026-08-10,0,True
SHOP.TO,Shopify Inc.,Technology,Software - Application,Canada,CAD,257782835299.26453,57.64615549999999,39.57796725,2.8906,8.8408005,20.671133,20.136,89.2655,-0.008844997499999993,0.030109999999999998,0.06431000950000001,0.0686500245,0.07755000000000001,0.17300000000000001,0.406,0.658,-29.776249999999997,2.96625,3.718,1242802272.0,4946999808.0,178000000.0,267188928512.0,15189000000.0,,11556000000.0,,,1885000000.0,,1231000000.0,2033000000.0,,0.0,,,,,2.59,253.10000610351562,129.00999450683594,211.3699951171875,197.93423,1.70588,4.0,2.77,0.0047999998,0.00233,0.73245,False,False,,0.5,2197550.0,2892690.0,0.3,23.83,53.17,,,0.0,0.6367,67.4,27.49,,True,1.0975562062899833,,0.526,Canada,True,41.87635869565217,63.49587895305815,96.04885328900139,72.36906639355006,35.40649924489464,31.493506493506494,12.449799196787147,56.56250000000001,50.0,91.86602870813397,50.0,64.23851108623512,standard,23,438529032,False,44.5,False,76.13065326633166,17.252931323283082,2.554438860971524,50.041876046901166,50.041876046901166,50.041876046901166,5,NEUTRAL,0,UPPTREND,False,3,0.42857142857142855,LÅG,VÄNTA,1.1,0.875,,2026-08-10,0,True
MDB,"MongoDB, Inc.",Technology,Software - Infrastructure,United States,USD,32076251505.764954,,29.00563625,1.67,0.0,12.325647,11.416,-393.53650000000005,-0.20305749624999997,-0.09055499950000001,-0.11946498600000001,-0.16914254050000002,0.23014004,0.088,,,-52.991499999999995,3.2915,4.553,-891538688.0,2427152896.0,58635000.0,29707735040.0,3758848000.0,,2463797000.0,,,-136968000.0,,-71151000.0,505148000.0,,0.0,,,,,1.545,444.7200012207031,198.47000122070312,398.79998779296875,396.21222,1.65,36.0,1.75,0.036199998,0.026530001,0.95395,False,False,,0.648,1998020.0,1511290.0,0.58,23.02,41.1,,,0.0,0.7441,86.8,21.13,,True,1.0567324511356933,,1.0,US,True,,25.861146055816523,95.04382816337326,81.93818753273965,37.4606198788917,73.05194805194806,12.449799196787147,28.749999999999996,50.0,48.5645933014354,64.8,63.77888080182646,standard,24,602702434,False,44.5,False,36.97654941373534,76.04690117252932,9.045226130653267,50.041876046901166,50.041876046901166,50.041876046901166,3,SVAG,-8,UPPTREND,False,2,0.2857142857142857,LÅG,VÄNTA,0.9,0.75,EXTREME_EARNINGS_GROWTH;,2026-08-10,0,True
INVE-A.ST,Investor AB (publ),Financial Services,Asset Management,Sweden,SEK,,-9.6753955,,4.91,-5.2710126,3.886197,4.21,-7.422500000000002,0.054489998,0.12372999999999997,0.5084849970000002,0.43391754000000005,0.45769499999999996,1.0755,1.3875,1.589,-55.7905,0.6140000000000003,1.654,165090001600.0,20027000832.0,125865000960.0,1380819927040.0,1102807000000.0,,216578000000.0,,,,,157494000000.0,,1.35,0.0636,5.6,1.72,1.6,1793923200.0,0.781,418.5,276.3701059433675,,437.0,,1.0,,,0.49436,0.2768,False,False,,0.5,376984.0,505754.0,0.7,7.42,14.42,,,-0.43,0.1821,84.9,6.14,,True,,,0.5,Nordic,True,,90.265272429834,69.00542814322237,78.23840512659781,74.46482367055097,,67.3694779116466,97.8125,50.0,,50.0,63.70789048172528,holding,25,,True,44.8,False,36.97654941373534,50.041876046901166,36.59966499162479,50.041876046901166,50.041876046901166,50.041876046901166,7,STARK,8,UPPTREND,False,5,0.7142857142857143,HÖG,VÄNTA,12.0,0.875,,2026-08-10,0,True
NDAQ,"Nasdaq, Inc.",Financial Services,Financial Data & Stock Exchanges,United States,USD,52873667570.443726,5.215353999999998,1.6448479999999996,1.9807,-3.5690031750000006,9.41818,10.98,3.7995,-0.012597511249999985,0.031545002499999995,0.08715751099999998,0.11945997999999997,0.51044,0.05449999999999999,-0.060500000000000026,0.122,6.122749999999994,-0.6439999999999998,0.386,282355968.0,555000000.0,9317000192.0,61640671232.0,31053000000.0,,8262000000.0,,,2433000000.0,,1788000000.0,2255000000.0,1.22,0.32650003,1.16,1.28,0.31,1789084800.0,0.971,101.10603805405401,76.55000305175781,94.58999633789062,110.06667,1.76471,15.0,1.73,0.023599999,0.11002,0.86084,False,False,,0.315,4028951.0,3559830.0,0.28,7.86,9.14,,,0.0,0.3039,75.3,8.73,,False,0.6955668377889914,,0.896,US,True,62.20108695652174,73.83617891749877,73.31015982166471,53.749396630896,50.65377186306603,62.66233766233766,67.3694779116466,56.25,50.0,67.22488038277513,31.5,63.63969229437868,standard,26,336724307,False,55.6,False,82.83082077051927,70.68676716917923,11.976549413735343,50.041876046901166,50.041876046901166,50.041876046901166,6,NEUTRAL,0,UPPTREND,False,4,0.5714285714285714,MEDEL,VÄNTA,0.9,0.875,SUSPICIOUS_FWD_PE;,2026-08-10,0,True
0700.HK,Tencent Holdings Limited,Communication Services,Internet Content & Information,China,HKD,4309979891226.8325,0.366934999999998,0.12031249999999982,1.4565,0.13955850000000036,5.6104774,5.669,4.894499999999999,0.057719985,0.03527999999999999,0.14914626950000004,0.1315850005,0.18371499000000005,0.03,0.17500000000000002,0.215,4.243500000000006,0.1537500000000004,1.141,79296106496.0,459714985984.0,405511012352.0,4354771517440.0,2038986000000.0,,751766000000.0,,,248767000000.0,,224842000000.0,303052000000.0,1.11,0.1712,5.3,0.7,5.3,1778803200.0,0.745,675.1340645101453,411.0,478.79998779296875,692.1503,1.33333,42.0,,,0.31761,0.25643,False,False,,0.5,33449126.0,25898828.0,0.6,,,,,,0.3959,51.9,,,True,0.6690626290783783,,0.88,Asia,True,72.33559782608695,75.73924253234301,,62.71891994040766,62.53422420072725,12.662337662337661,67.3694779116466,74.6875,50.0,,50.0,63.583231878214264,standard,27,1580629929,False,49.2,False,88.60971524288107,5.778894472361809,24.706867671691793,50.041876046901166,50.041876046901166,50.041876046901166,6,NEUTRAL,0,UPPTREND,False,5,0.7142857142857143,HÖG,VÄNTA,-8.5,0.875,SUSPICIOUS_FWD_PE;,2026-08-10,0,True
NXT.L,NEXT plc,Consumer Cyclical,Apparel Retail,United Kingdom,GBp,,0.019073000000002338,3.660147000000003,2.9071,6.223690737499999,2.5944023,2.889,0.23900000000000077,0.2820149824999999,0.09128999849999998,0.005074994999999992,0.007805015000000005,-0.034514989999999995,0.078,0.14600000000000002,0.232,19.61050000000001,0.5479999999999997,1.081,-82124992.0,96200000.0,1809799936.0,19935854592.0,4915300000.0,,6901300000.0,,,1277200000.0,,888500000.0,1233600000.0,1.71,0.32869998,2.68,2.95,1.81,1782950400.0,1.038,209771.95308208466,141625.23283196578,,15883.749,2.2,20.0,,,0.06202,0.70599,False,False,,0.5,360477.0,281982.0,0.44,5.89,25.11,22.46,,-0.54,0.2387,63.6,7.22,,True,,,0.5,UK,True,59.06793478260869,65.71533291718401,76.76469007610599,54.650173736187625,65.8708230995113,,67.3694779116466,41.875,50.0,,50.0,63.53679387512719,standard,28,,True,48.0,False,36.97654941373534,50.041876046901166,57.95644891122278,50.041876046901166,50.041876046901166,50.041876046901166,5,NEUTRAL,0,UPPTREND,False,4,0.5714285714285714,MEDEL,VÄNTA,-1.7,0.875,,2026-08-10,0,True
ATCO-B.ST,Atlas Copco AB (publ),Industrials,Specialty Industrial Machinery,Sweden,SEK,,5.482009999999999,2.6202877499999957,2.4173,0.349946000000001,5.241337,5.367,2.004999999999999,0.02012999999999998,0.04246,0.02382750000000001,6.501499999999466e-05,-0.014865000000000017,-0.0020000000000000018,-0.032,0.082,-40.858,-0.024500000000000133,0.864,25056627392.0,14709000192.0,35858001920.0,911974596608.0,202454000000.0,,168343000000.0,,,34811000000.0,,26420000000.0,32566000000.0,1.63,0.5495,3.0,1.62,2.5,1792368000.0,1.071,185.1999969482422,123.68010466285585,,225.0,,1.0,,,0.00016000001,0.54636,False,False,,0.5,1414622.0,1580330.0,0.61,10.58,18.25,,,-0.33,0.2987,66.7,7.81,,True,,,0.5,Nordic,True,85.20516304347825,58.435024323184415,75.78368030629338,37.09905674166432,47.947057706916986,,67.3694779116466,84.6875,50.0,,50.0,63.13101706885721,standard,30,,True,43.3,False,36.97654941373534,50.041876046901166,26.968174204355112,50.041876046901166,50.041876046901166,50.041876046901166,3,SVAG,-8,UPPTREND,False,3,0.42857142857142855,LÅG,VÄNTA,-10.0,0.875,,2026-08-10,0,True
BAJFINANCE.NS,Bajaj Finance Limited,Financial Services,Credit Services,India,INR,6706144323956.0,0.0,-4.466497500000006,,-2.0925195999999997,14.366179,22.212,,,,0.155347501,0.21637752499999996,0.49242002000000007,0.1665,0.07050000000000001,0.274,279.80125,,,,47410601984.0,3683091742720.0,10368417005568.0,5599523600000.0,,496654500000.0,,,,,190173900000.0,-657898000000.0,0.47,0.1658,5.4,0.38,6.0,1782777600.0,0.323,1176.4000244140625,783.0862114062364,1078.0,1151.8611,1.91667,36.0,,,0.56525004,0.27003,False,False,,0.5,9881003.0,11989996.0,0.61,7.78,21.58,,,-4.88,0.3482,55.2,9.82,,True,0.5350740057551933,,0.191,India,True,,89.76545842217485,61.19223939245098,50.92363963790784,49.35447047539185,10.064935064935066,67.3694779116466,,50.0,,50.0,63.03223652089126,standard,31,135640840,False,33.2,False,36.97654941373534,2.554438860971524,7.202680067001675,50.041876046901166,50.041876046901166,50.041876046901166,4,NEUTRAL,0,UPPTREND,False,3,0.42857142857142855,LÅG,VÄNTA,3.6,0.75,SUSPICIOUS_FWD_PE;,2026-08-10,0,True
DXCM,"DexCom, Inc.",Healthcare,Medical Devices,United States,USD,31981324833.75,-1.2773320000000012,4.4028465000000025,1.6403,3.1009742249999994,6.4359097,6.326,2.682500000000001,0.21792001675000006,0.03518000249999999,0.088380006,0.06546744499999996,0.13517,0.04400000000000001,0.29000000000000004,0.385,-9.21625000000001,-0.09549999999999981,1.37,-387981568.0,1947000064.0,1398400000.0,31432724480.0,6339900000.0,,4662000000.0,,,911800000.0,,836300000.0,1440700000.0,,0.0,,,,,1.41,87.8499984741211,54.11000061035156,84.75,93.44,1.32143,25.0,3.92,0.0571,0.0027,1.04701,False,False,,0.372,5772150.0,6284290.0,0.52,15.27,48.34,,,0.0,0.4405,70.5,17.68,,True,0.8460591447398996,,0.986,US,True,48.95652173913044,74.02925581360759,95.67196886689084,72.52364355712781,31.0792550164439,73.37662337662337,12.449799196787147,35.0,50.0,30.14354066985646,37.2,62.87384101540685,standard,32,532593578,False,56.1,False,76.21440536013401,76.29815745393634,20.603015075376884,50.041876046901166,50.041876046901166,50.041876046901166,4,NEUTRAL,0,UPPTREND,False,3,0.42857142857142855,LÅG,VÄNTA,4.7,0.875,,2026-08-10,0,True
KIMBERA.MX,"Kimberly-Clark de México, S. A. B. de C. V.",Consumer Defensive,Household & Personal Products,Mexico,MXN,,-1.686575375000002,0.0,2.41,26.440503394999997,2.163982,2.4,0.13500000000000156,1.6766099950000002,0.05446999699999999,0.0018499919999999948,0.05396999000000002,0.09807001999999998,-0.0115,0.045000000000000005,0.09,690.1795,0.4880000000000003,1.488,2608483840.0,19581583360.0,32849412096.0,134984073216.0,45633156000.0,,55371444000.0,,,12091264000.0,,7581467000.0,9812087000.0,5.48,0.80300003,2.2,5.08,0.55,1790726400.0,0.192,42.79674829699097,32.263011305519406,,43.125,2.41667,12.0,,,0.0,0.39265,False,False,,0.5,3797474.0,2512869.0,0.25,5.58,6.57,,,-5.33,0.2336,72.6,5.15,,True,,,0.512,LatAm,True,82.69293478260869,71.96235958185339,41.91194065565925,43.28193193585788,61.32810805662199,,67.3694779116466,75.625,50.0,,50.0,62.77185242512913,standard,33,,True,48.9,False,36.97654941373534,50.041876046901166,64.15410385259631,50.041876046901166,50.041876046901166,50.041876046901166,3,SVAG,-8,UPPTREND,False,4,0.5714285714285714,MEDEL,VÄNTA,1.7,0.875,SUSPICIOUS_FWD_PE;,2026-08-10,0,True
WSM,"Williams-Sonoma, Inc.",Consumer Cyclical,Specialty Retail,United States,USD,29646241573.846344,-3.507535999999998,2.268038500000003,3.0094,7.054165425000001,3.7611828,3.868,-2.256999999999998,0.35363250375000005,0.10021500649999997,0.054970006999999974,0.06210245499999999,-0.028939979999999976,-0.031,-0.06,0.0,-0.49475000000000247,0.0,0.449,-523681920.0,651601024.0,1493564032.0,30488205312.0,5411912000.0,,7806816000.0,,,1415722000.0,,1088437000.0,1314889000.0,1.23,0.30719998,3.04,1.72,0.76,1784246400.0,1.47,252.99000549316406,164.9592141343307,251.77999877929688,215.15,2.21739,20.0,5.05,0.0545,0.01121,0.9967,False,False,,0.459,1157604.0,943660.0,0.27,16.32,43.11,,,-0.24,0.3591,75.9,11.6,,True,0.9640599038300917,,0.924,US,True,,71.72727770804013,88.08925580282363,43.12598907701893,36.91131796609138,74.35064935064936,67.3694779116466,33.125,50.0,31.100478468899524,45.9,62.75970730848225,standard,34,237594714,False,49.0,False,36.97654941373534,76.96817420435511,37.68844221105528,50.041876046901166,50.041876046901166,50.041876046901166,2,SVAG,-8,UPPTREND,False,3,0.42857142857142855,LÅG,VÄNTA,-7.2,0.875,,2026-08-10,0,True
MMM,3M Company,Industrials,Conglomerates,United States,USD,94325626921.58017,-3.832370000000001,-6.85006375,1.7715,22.361989425,3.7460535,4.06,-5.917999999999999,0.62230246075,0.022414993499999994,0.015170023999999976,0.07713745499999994,-0.09548000000000001,-0.068,0.21600000000000003,0.29,359.22625000000005,-0.08450000000000002,0.811,4940980992.0,5303000064.0,13159999488.0,102235627520.0,37733000000.0,,24948000000.0,,,4791000000.0,,3250000000.0,2306000000.0,1.73,0.5364,3.12,3.88,0.78,1779408000.0,1.08,184.89999389648438,138.62307999597104,182.89999389648438,181.84647,2.22222,17.0,3.2,0.0212,0.00097000005,0.78108,False,False,,0.635,3846041.0,3407400.0,0.24,15.33,27.54,,,-0.56,0.2645,67.9,10.81,,True,0.8012355007456197,,0.902,US,True,,65.15782182404229,78.55883427160867,56.72567168753251,40.605088196095686,50.0,67.3694779116466,91.5625,50.0,72.72727272727273,63.5,62.71745463857812,standard,35,623213439,False,55.8,False,94.72361809045226,26.549413735343386,37.77219430485762,50.041876046901166,50.041876046901166,50.041876046901166,4,NEUTRAL,0,UPPTREND,False,3,0.42857142857142855,LÅG,VÄNTA,0.1,0.875,SUSPICIOUS_FWD_PE;,2026-08-10,0,True
SHOP,Shopify Inc.,Technology,Software - Application,Canada,USD,184851904891.7282,60.97692500000001,36.74277024999999,2.6115,4.833500000000001,14.822935,14.338,56.7675,-0.03787749624999999,0.029544999499999995,0.037015014,0.04247745949999997,-0.011909999999999976,0.17300000000000001,0.406,0.658,-53.586499999999994,3.6955,3.718,178605952.0,4946999808.0,178000000.0,190247616512.0,15189000000.0,,11556000000.0,,,1885000000.0,,1231000000.0,2033000000.0,,0.0,,,,,2.59,182.19000244140625,94.0,151.57000732421875,165.91304,1.69231,46.0,3.18,0.0218,0.00233,0.73245,False,False,,0.499,10391861.0,15553500.0,0.34,23.54,50.29,,,0.0,0.65,69.5,28.38,,True,1.1060628838846729,,0.692,US,True,38.04211956521739,55.57866383284456,95.92322514829789,75.13011057025689,36.387881522930996,37.01298701298701,12.449799196787147,49.6875,50.0,70.57416267942584,49.9,62.48376821048391,standard,36,2357444109,False,45.6,False,76.29815745393634,19.765494137353436,6.867671691792294,50.041876046901166,50.041876046901166,50.041876046901166,6,NEUTRAL,0,UPPTREND,False,2,0.2857142857142857,LÅG,VÄNTA,2.2,0.875,,2026-08-10,0,True
ATCO-A.ST,Atlas Copco AB (publ),Industrials,Specialty Industrial Machinery,Sweden,SEK,,10.366043000000001,10.471001749999992,2.7645,1.5913409999999995,6.0179906,6.144,5.129999999999999,0.02012999999999998,0.04246,0.02382750000000001,6.501499999999466e-05,-0.014865000000000017,-0.0020000000000000018,-0.032,0.082,-40.858,-0.024500000000000133,0.864,25056627392.0,14709000192.0,35858001920.0,1043947126784.0,202454000000.0,,168343000000.0,,,34811000000.0,,26420000000.0,32566000000.0,1.43,0.5495,3.0,1.55,2.5,1792368000.0,1.071,212.1999969482422,140.2601607823493,,216.95238,1.7619,21.0,,,0.00029,0.69382006,False,False,,0.5,4206353.0,4419171.0,0.79,11.48,19.58,,,0.0,0.321,68.5,9.09,,True,,,0.12,Nordic,True,75.34646739130434,58.435024323184415,86.75237087694109,30.246647103110103,45.33406335663451,,67.3694779116466,79.6875,50.0,,50.0,62.44148059586141,standard,37,,True,42.7,False,36.97654941373534,50.041876046901166,22.780569514237854,50.041876046901166,50.041876046901166,50.041876046901166,3,SVAG,-8,UPPTREND,False,3,0.42857142857142855,LÅG,VÄNTA,-8.4,0.875,,2026-08-10,0,True
REL.L,RELX PLC,Industrials,Specialty Business Services,United Kingdom,GBp,,-4.676405000000003,-0.9266992500000013,1.3642,31.5062297375,4.714706,5.625,1.8279999999999994,1.0823850195,0.0678500015,0.088334992,0.10760000499999998,0.18718501,-0.066,0.131,0.202,629.2674999999999,-0.7615000000000002,0.394,1321125056.0,220000000.0,8906000384.0,54670245888.0,14757000000.0,,9590000000.0,,,2983000000.0,,2065000000.0,2836000000.0,2.65,0.5409,0.69,2.0,0.209,1785974400.0,0.263,47048.79908725154,24112.508110513365,,3391.2441,1.4375,16.0,,,0.00464,0.61481,False,False,,0.5,5082858.0,4967306.0,0.36,5.29,11.84,21.61,,-9.21,0.3851,58.1,4.46,,False,,,0.5,UK,True,82.73913043478261,81.14652781666845,54.246430913050865,41.344732666555345,36.116403444426766,,67.3694779116466,80.0,50.0,,50.0,62.38540028009,standard,38,,True,43.8,False,36.97654941373534,50.041876046901166,30.234505862646564,50.041876046901166,50.041876046901166,50.041876046901166,3,SVAG,-8,UPPTREND,False,3,0.42857142857142855,LÅG,VÄNTA,,0.875,SUSPICIOUS_FWD_PE;,2026-08-10,0,True
BKT.MC,"Bankinter, S.A.",Financial Services,Banks - Regional,Spain,EUR,,-1.927192999999999,-2.311866499999999,10.15,-2.6122389875000005,5.2246923,2.513,,-0.025480000000000003,-0.014700000999999983,0.13473999999999994,0.18306252500000003,-0.43729,-0.0005000000000000004,-0.0635,0.158,,,,,19627560960.0,11955090432.0,7110905856.0,131018892000.0,,3128426000.0,,,,,1089976000.0,-598882000.0,4.67,0.5017,0.77,5.33,0.160932,1782086400.0,0.044,16.600000381469727,11.74740699295841,,16.28545,2.5,22.0,,,0.28851,0.37668,False,False,,0.5,1492832.0,1391370.0,0.58,7.63,21.06,20.22,,0.0,0.2504,66.6,9.61,,True,,,0.718,Europe,True,,49.46126267475957,82.42974236483083,46.1733493435012,87.32220189651309,,67.3694779116466,,50.0,,50.0,62.354785624578135,standard,39,,True,43.3,False,36.97654941373534,50.041876046901166,27.1356783919598,50.041876046901166,50.041876046901166,50.041876046901166,2,SVAG,-8,UPPTREND,False,3,0.42857142857142855,LÅG,VÄNTA,-13.5,0.75,SUSPICIOUS_FWD_PE;,2026-08-10,0,True
AOF.DE,ATOSS Software SE,Technology,Software - Application,Germany,EUR,,-2.2896139999999967,3.1535977499999994,,6.8395726875,7.0719495,,,,,0.13750750300000003,0.17052000450000002,0.35840999999999995,-0.034,-0.137,0.13,,,,,,,,160152456.0,,189258254.0,,,68903047.0,,48367468.0,47231857.0,2.63,0.7007,2.28,1.41,2.28,1777852800.0,1.197,120.43030474702327,65.0,,121.5,1.625,8.0,,,0.45644,0.21205,False,False,,0.5,24727.0,27086.0,1.04,23.52,27.02,3.77,,0.0,0.489,78.0,18.27,,True,,,0.981,Europe,True,,85.57213930348257,75.83828618769793,46.4058594105942,26.812980661539612,,67.3694779116466,,50.0,,50.0,62.16902558855932,standard,40,,True,42.0,False,36.97654941373534,50.041876046901166,18.00670016750419,50.041876046901166,50.041876046901166,50.041876046901166,1,SVAG,-8,UPPTREND,False,3,0.42857142857142855,LÅG,VÄNTA,,0.625,,2026-08-10,0,True
MCO,Moody's Corporation,Financial Services,Financial Data & Stock Exchanges,United States,USD,82737215106.0,7.585745999999997,6.659081999999998,2.0306,19.343190824999997,10.139365,10.907,7.375500000000001,0.5915024987499999,0.1292149895,0.07930751099999996,0.12086996,0.26018996,0.056499999999999995,0.36549999999999994,0.519,169.11775,-0.45999999999999985,1.043,1169980928.0,1496000000.0,7619999744.0,89002213376.0,15830000000.0,,7718000000.0,,,3462000000.0,,2459000000.0,2901000000.0,0.87,0.25,4.12,0.81,1.03,1786665600.0,1.33,544.4014999183522,400.45682926644145,477.75,560.4762,1.75,21.0,3.07,0.0215,0.14372,0.81171,False,False,,0.7,992137.0,806960.0,0.23,-3.18,7.29,,,-7.53,0.2882,41.6,1.74,,False,0.2938334284789532,,0.912,US,True,64.64809782608695,84.13698415582016,39.47037820682359,73.91878656629424,32.19471276261925,54.54545454545454,67.3694779116466,69.0625,50.0,71.5311004784689,70.0,62.08455566136859,standard,41,385525140,False,49.9,False,85.84589614740369,28.8107202680067,10.971524288107203,50.041876046901166,50.041876046901166,50.041876046901166,6,NEUTRAL,0,UPPTREND,False,4,0.5714285714285714,MEDEL,VÄNTA,2.2,0.875,,2026-08-10,0,True
ITW,Illinois Tool Works Inc.,Industrials,Specialty Industrial Machinery,United States,USD,84488769042.96875,-9.185831,-1.6773537500000018,2.9446,19.766557425,5.13017,5.697,-2.158999999999999,0.8495625007500001,0.10423499949999998,0.09008999399999999,0.1402774549999999,-0.04793999999999998,-0.032,-0.010999999999999996,0.079,256.14225000000005,-0.21550000000000002,0.74,,839000000.0,9694000128.0,93819420672.0,16148000000.0,,16044000000.0,,,4216000000.0,,3066000000.0,3126000000.0,2.19,0.5833,6.44,2.26,1.61,1782777600.0,1.005,301.9200134277344,234.37654391512544,296.6600036621094,299.1193,3.25,14.0,6.57,0.033299997,0.00368,0.86138,False,False,,0.744,1447398.0,1608250.0,0.2,8.77,17.85,,,-0.68,0.2222,71.5,9.34,,True,0.8459971815775668,,0.862,US,True,,77.31075260347541,69.70472664072241,45.534485600836334,44.828033295274274,53.57142857142857,67.3694779116466,,50.0,51.43540669856459,74.4,61.99084474331663,standard,42,477103451,False,40.2,False,36.97654941373534,28.475711892797317,27.721943048576215,50.041876046901166,50.041876046901166,50.041876046901166,1,SVAG,-8,UPPTREND,False,3,0.42857142857142855,LÅG,VÄNTA,-8.0,0.875,SUSPICIOUS_FWD_PE;,2026-08-10,0,True
RILBA.CO,Ringkjøbing Landbobank A/S,Financial Services,Banks - Regional,Denmark,DKK,,4.924294999999997,0.2888034999999949,2.15,-2.6660499999999994,10.157615,12.105,,-0.015170002000000002,0.0,0.260414967,0.28023754,-0.43674500000000005,-0.035500000000000004,-0.013500000000000012,0.057,,,,,4133640960.0,12214654976.0,50729091072.0,86308719000.0,,4114420000.0,,,,,2313411000.0,,0.67,0.1302,12.0,0.79,12.0,1772668800.0,0.311,1825.0,1355.8438528878348,,1915.0,1.5,4.0,,,0.00558,0.37917998,False,False,,0.5,23402.0,21826.0,0.98,4.59,14.87,,,-1.22,0.2069,58.4,8.27,,True,,,0.919,Nordic,True,,58.55425216736852,64.18228359844335,46.34302011892434,89.17578212499066,,67.3694779116466,,50.0,,50.0,61.73309620174394,standard,43,,True,40.9,False,36.97654941373534,50.041876046901166,10.804020100502512,50.041876046901166,50.041876046901166,50.041876046901166,1,SVAG,-8,UPPTREND,False,3,0.42857142857142855,LÅG,VÄNTA,-9.1,0.75,SUSPICIOUS_FWD_PE;,2026-08-10,0,True
DOL.TO,DOLLARAMA INC,Consumer Defensive,Discount Stores,Canada,CAD,,4.710872249999996,14.232850499999998,2.1839,32.9632506,,7.586,12.363500000000004,0.8154050024999999,0.07991001,0.11653501149999998,0.11659001,0.05087999999999998,0.1755,0.08100000000000002,0.104,356.04249999999996,-0.12974999999999987,0.666,715737376.0,823004032.0,6183026176.0,57503961088.0,7558352000.0,,7255754000.0,,,1746323000.0,,1309438000.0,1761156000.0,0.23,0.09,0.45,0.26,0.12,1783641600.0,0.388,209.56591919946428,165.77656615562776,192.57000732421875,207.625,2.0625,16.0,2.53,,0.02043,0.46051997,False,False,,0.5,701666.0,619720.0,0.21,3.16,10.04,,,-5.36,0.2809,52.2,2.44,,True,0.814236167581884,,0.878,Canada,True,59.96739130434783,79.53247854258495,45.68109973426027,63.36576360207792,49.41363778059207,,67.3694779116466,67.5,50.0,,50.0,61.497472061847546,standard,44,85592809,False,46.8,False,36.97654941373534,50.041876046901166,50.041876046901166,50.041876046901166,50.041876046901166,50.041876046901166,3,SVAG,-8,UPPTREND,False,3,0.42857142857142855,LÅG,VÄNTA,-6.0,0.875,,2026-08-10,0,True
DIOS.ST,Diös Fastigheter AB (publ),Real Estate,Real Estate - Diversified,Sweden,SEK,,-18.83353,-16.780945250000006,1.37,-5.1326774849999985,3.5328588,10.125,-5.948000000000002,,,0.14652247799999996,0.2561150150000001,0.25094496000000005,-0.0625,29.063499999999998,28.5,54.818500000000014,-0.5775000000000001,0.161,,236000000.0,17798000640.0,26973536256.0,33364000000.0,,2662000000.0,,,1737000000.0,,808000000.0,897000000.0,3.58,0.35759997,2.4,3.29,0.6,1791331200.0,1.225,70.77646782868955,58.349684377261916,,76.75,,4.0,,,0.29591,0.39907002,False,False,,0.5,164244.0,151267.0,1.14,1.35,4.79,,,-2.86,0.2055,76.0,3.8,,True,,,0.5,Nordic,True,,85.00355366027009,44.97644865933678,62.04889327905116,48.27544923618065,,67.3694779116466,,50.0,,50.0,61.44813474774063,standard,45,,True,45.2,False,36.97654941373534,50.041876046901166,39.698492462311556,50.041876046901166,50.041876046901166,50.041876046901166,3,SVAG,-8,UPPTREND,False,3,0.42857142857142855,LÅG,VÄNTA,-2.8,0.75,SUSPICIOUS_FWD_PE;,2026-08-10,0,True
RACE.MI,Ferrari N.V.,Consumer Cyclical,Auto Manufacturers,Italy,EUR,,14.259609000000001,15.082859000000003,4.1096,11.491609112499999,8.5010395,8.745,7.263000000000002,0.24165996499999998,0.06648998599999999,0.12964249600000002,0.165865,0.07888999999999996,0.009000000000000008,-0.001999999999999988,0.09,15.186999999999987,1.2419999999999998,1.758,80451104.0,1431513984.0,3165647104.0,64305082368.0,9628352000.0,,7145768000.0,,,2097144000.0,,1596919000.0,2349306000.0,1.02,0.38959998,3.62,0.67,3.615,1776643200.0,0.595,426.3454799518345,265.9715457815944,,384.17896,1.68421,19.0,,,0.3227,0.41505,False,False,,0.5,582189.0,613188.0,0.43,7.59,22.94,10.55,,-0.8,0.3394,71.0,8.69,,True,,,0.689,Europe,True,51.46739130434783,79.29777912548238,67.44293426834749,46.672772598160606,68.63974414847286,,67.3694779116466,50.0,50.0,,50.0,61.368792965460635,standard,46,,True,41.4,False,36.97654941373534,50.041876046901166,14.154103852596315,50.041876046901166,50.041876046901166,50.041876046901166,5,NEUTRAL,0,UPPTREND,False,4,0.5714285714285714,MEDEL,VÄNTA,5.3,0.875,,2026-08-10,0,True
NVDA,NVIDIA Corporation,Technology,Semiconductors,United States,USD,5424535322616.577,-5.162972,-7.96531375,0.5529,16.813556,21.39932,21.222,9.834500000000004,0.9495725037499999,0.45494499950000006,0.521375014,0.5228874594999999,0.25188995,0.688,1.87,2.106,-48.43450000000001,1.7835,2.139,44926728960.0,53171998720.0,12814000128.0,5379473801216.0,206803000000.0,,215938000000.0,,,130387000000.0,,120067000000.0,102718000000.0,0.46,0.0061000003,1.0,0.05,0.25,1780531200.0,2.215,236.26463268418732,163.8517783946414,223.9600067138672,302.82758,1.29508,58.0,2.24,0.0139,0.03991,0.70478994,False,False,,0.563,151325148.0,134604800.0,0.55,7.58,-0.11,,,-7.01,0.3876,58.7,6.21,,True,0.9973435251193683,,0.889,US,True,58.09782608695652,94.66274375354854,31.993299832495808,90.16256534464672,42.19488578765465,10.714285714285714,67.3694779116466,62.5,50.0,85.88516746411483,56.3,61.12249713535007,standard,48,30146091912,False,43.1,False,79.14572864321609,2.554438860971524,2.554438860971524,50.041876046901166,50.041876046901166,50.041876046901166,7,STARK,8,UPPTREND,False,3,0.42857142857142855,LÅG,VÄNTA,18.0,0.875,SUSPICIOUS_FWD_PE;,2026-08-10,0,True
TJX,"The TJX Companies, Inc.",Consumer Cyclical,Apparel Retail,United States,USD,178255110080.81808,0.30952100000000016,5.761921500000003,3.362,8.339431424999999,2.8945036,3.034,0.4120000000000026,0.42606250375000004,0.06537498649999997,0.01089000699999998,0.01808245499999997,-0.17604002000000002,0.017,0.19,0.286,55.934249999999984,-0.19199999999999995,0.489,2905106176.0,5580000256.0,14179999744.0,186855112704.0,35767000000.0,,60372000000.0,,,7178000000.0,,5494000000.0,6874000000.0,1.18,0.3307,1.92,1.34,0.48,1786579200.0,0.616,170.0,129.29934773241172,161.36000061035156,177.4,1.40909,20.0,2.97,0.0163,0.00154,0.93362,False,False,,0.571,6017091.0,5370860.0,0.33,6.28,7.79,,,-5.0,0.2288,61.5,1.38,,True,0.8386502185085039,,0.985,US,True,79.71603260869566,63.19682360595667,43.92041661943804,66.94243724927652,61.86812528036279,37.66233766233766,67.3694779116466,72.1875,50.0,81.81818181818183,57.099999999999994,61.0859255833623,standard,49,866641973,False,55.2,False,85.5108877721943,20.100502512562816,55.1926298157454,50.041876046901166,50.041876046901166,50.041876046901166,5,NEUTRAL,0,UPPTREND,False,5,0.7142857142857143,HÖG,VÄNTA,6.4,0.875,,2026-08-10,0,True
TEAM,Atlassian Corporation,Technology,Software - Application,Australia,USD,23796678071.34613,,-3.4651207500000005,0.8423,32.446135999999996,6.1111565,4.534,137.58950000000002,-0.38619748625,-0.06683500010000001,-0.14330498600000002,-0.03931253450000004,0.35855999999999993,0.153,,,86.41849999999998,-0.9554999999999998,0.615,169852288.0,1136342016.0,1243017984.0,28064280576.0,6041970000.0,,,,,,,,1460393000.0,,0.0,,,,,1.038,184.0,56.0099983215332,149.07000732421875,153.766,1.53125,30.0,4.19,0.1108,0.0095,1.06398,False,False,,0.657,5115614.0,6491950.0,0.73,57.81,73.81,,,0.0,0.9818,80.4,59.96,,True,1.3529717989287717,,1.0,US,True,42.48505434782608,32.312387909450635,97.11669248498129,86.50340492404399,23.54778490706063,78.57142857142857,12.449799196787147,59.06249999999999,50.0,16.267942583732058,65.7,61.08310943883498,standard,50,967755034,False,60.1,False,88.69346733668341,80.06700167504187,22.445561139028474,50.041876046901166,50.041876046901166,50.041876046901166,4,NEUTRAL,0,UPPTREND,False,2,0.2857142857142857,LÅG,VÄNTA,0.3,0.75,EXTREME_EARNINGS_GROWTH;SUSPICIOUS_FWD_PE;,2026-08-10,0,True
EICHERMOT.NS,Eicher Motors Limited,Consumer Cyclical,Auto Manufacturers,India,INR,2201664082120.0,-6.0908819999999935,0.0,,0.0,8.853143,8.623,-3.128500000000006,,,0.13259998700000003,0.07307999999999999,0.0,0.24,0.11,0.213,-41.79225000000001,,,,60782301184.0,5139500032.0,2144357056512.0,321635600000.0,,229775700000.0,,,49560000000.0,,55152300000.0,48048400000.0,1.03,0.33310002,82.0,0.84,82.0,1785456000.0,0.226,8144.709619405779,5530.089579047677,8020.0,8357.514,2.05263,37.0,,,0.49795,0.29094,False,False,,0.5,597792.0,630781.0,0.59,10.44,14.57,,,-1.61,0.3304,66.1,7.01,,True,0.8410772178544074,,0.695,India,True,,67.16417910447761,62.552108915504846,65.18355401599693,71.04784215635033,15.909090909090908,67.3694779116466,,50.0,,50.0,61.04353786160812,standard,51,53089134,False,35.0,False,36.97654941373534,8.458961474036851,13.06532663316583,50.041876046901166,50.041876046901166,50.041876046901166,3,SVAG,-8,UPPTREND,False,5,0.7142857142857143,HÖG,VÄNTA,-1.2,0.75,SUSPICIOUS_FWD_PE;,2026-08-10,0,True
NET,"Cloudflare, Inc.",Technology,Software - Infrastructure,United States,USD,96872736024.85428,,155.94032625000003,2.38,58.568326,45.915924,42.9,-2775.9425,-0.25206749624999997,-0.09885500150000001,-0.14553498300000003,-0.22997253050000002,0.24371004999999998,0.171,,,175.86950000000002,0.2985000000000001,1.895,-654145792.0,4163877888.0,3524536064.0,99897065472.0,6036256000.0,,2167937000.0,,,-207205000.0,,-102267000.0,603114000.0,,0.0,,,,,1.66,324.7300109863281,158.8300018310547,300.2699890136719,272.3584,1.88235,31.0,3.0,0.0347,0.0065499996,0.90075994,False,False,,0.482,3731175.0,4230990.0,0.96,13.34,57.86,,,0.0,0.7095,66.7,18.12,,True,1.0087110730084796,,0.941,US,True,,23.831331430459425,96.17448142970491,82.43626680635586,26.38743194179145,49.35064935064935,12.449799196787147,38.75,50.0,50.23923444976076,48.199999999999996,60.97041545438148,standard,52,1270439321,False,36.1,False,36.97654941373534,26.214405360134002,2.554438860971524,50.041876046901166,50.041876046901166,50.041876046901166,0,SVAG,-8,UPPTREND,False,2,0.2857142857142857,LÅG,VÄNTA,-7.0,0.75,EXTREME_EARNINGS_GROWTH;,2026-08-10,0,True
4519.T,"Chugai Pharmaceutical Co., Ltd.",Healthcare,Drug Manufacturers - General,Japan,JPY,11283722634119.0,-6.357592750000002,0.0,1.9912,1.5939261,8.40308,7.685,-0.8020000000000014,0.07682748600000003,0.08653500900000001,0.22130999200000004,0.224207465,0.37415005,0.091,0.05100000000000002,0.197,,1.5079999999999996,3.428,0.0,962572976128.0,0.0,10319269199872.0,2468595000000.0,,1257941000000.0,,,598833000000.0,,,386280000000.0,1.93,0.4818,132.0,1.69,66.0,1798502400.0,0.548,10605.003981733093,5786.307264522119,6857.0,9513.333,2.0,15.0,,,0.59895,0.19787,False,False,,0.5,2585135.0,3325820.0,0.96,,,,,,0.4375,34.6,,,False,0.28533779850516866,,0.491,Japan,True,,86.18577288354602,,48.58130215620501,62.04080167416614,8.766233766233766,67.3694779116466,46.71875,50.0,,50.0,60.83083960529305,standard,53,143362788,False,47.1,False,87.85594639865997,2.554438860971524,14.656616415410383,50.041876046901166,50.041876046901166,50.041876046901166,7,STARK,8,UPPTREND,False,3,0.42857142857142855,LÅG,VÄNTA,0.8,0.75,SUSPICIOUS_FWD_PE;,2026-08-10,0,True
ALL,The Allstate Corporation,Financial Services,Insurance - Property & Casualty,United States,USD,67513072650.0,-16.932839,-8.733435,3.1461,-5.868811775000001,0.9625885,1.016,-10.4205,0.28332247875,0.05979500349999999,-0.07350248900000005,-0.14560002000000002,-0.12155001999999998,0.023499999999999993,0.4105,0.551,-49.30325000000001,-1.287,0.243,13749481216.0,5714999808.0,7496999936.0,71276068864.0,119758000000.0,,67069000000.0,,,,,10282000000.0,10110000000.0,1.57,0.0833,4.32,2.34,1.08,1788134400.0,0.156,277.2200012207031,185.2784166308255,267.0,262.27274,2.4,22.0,0.07,0.0005,0.00509,0.87334996,False,False,,0.279,1769569.0,1741210.0,0.38,5.54,27.25,,,-1.62,0.2576,66.1,12.01,,False,0.7029328108226355,,1.0,US,True,,49.698841140989785,73.6706716540094,76.55760108725951,56.905998184033194,58.76623376623377,67.3694779116466,99.0625,50.0,94.73684210526315,27.900000000000002,60.7675828775809,standard,54,464903070,False,69.7,False,97.52931323283082,68.67671691792296,83.41708542713567,50.041876046901166,50.041876046901166,50.041876046901166,5,NEUTRAL,0,UPPTREND,False,3,0.42857142857142855,LÅG,VÄNTA,5.9,0.875,SUSPICIOUS_FWD_PE;,2026-08-10,0,True
ABNB,"Airbnb, Inc.",Consumer Cyclical,Travel Services,United States,USD,74705631109.64624,3.3705960000000026,6.948029500000004,1.4013,4.273158425,8.430914,6.367,10.011000000000003,0.13681250375,-0.010895003500000012,0.11589000699999998,-0.06751754500000004,0.33957,0.104,-0.043,0.039,-47.18775,0.11099999999999999,0.745,1781856000.0,12005000192.0,2534000128.0,80528089088.0,22208000000.0,,12241000000.0,,,2544000000.0,,2511000000.0,4646000000.0,,0.0,,,,,1.137,178.47999572753906,110.80999755859375,178.07000732421875,160.74615,2.15556,39.0,3.66,0.0339,0.01118,0.88345003,False,False,,0.737,3964301.0,5230450.0,0.8,25.78,34.3,,,0.0,0.41,82.7,27.38,,True,1.3896286525208759,,0.25,US,True,68.1086956521739,63.3049495817335,94.03880303774511,37.23727529992553,42.00140414391711,56.493506493506494,12.449799196787147,77.5,50.0,50.717703349282296,73.7,60.72954433049406,standard,55,931386270,False,51.5,False,89.11222780569514,30.402010050251256,14.40536013400335,50.041876046901166,50.041876046901166,50.041876046901166,4,NEUTRAL,0,UPPTREND,False,3,0.42857142857142855,LÅG,VÄNTA,2.6,0.875,,2026-08-10,0,True
PLD,"Prologis, Inc.",Real Estate,REIT - Industrial,United States,USD,133198728899.74475,-4.3055935000000005,11.49099025,133.4348,-5.0351393,14.108071,17.661,1.8180000000000014,-0.029932498749999994,-0.009825000500000002,0.18969501200000002,0.06845743499999996,0.2659300599999999,0.058499999999999996,0.8065,0.859,-32.282250000000005,-0.11749999999999994,0.488,3997797120.0,1766716032.0,37093756928.0,170564714496.0,98724256000.0,,8790127000.0,,,3414302000.0,,3328231000.0,5008434000.0,3.08,0.9265,4.28,2.75,1.07,1781568000.0,1.324,153.35000610351562,100.16504776943994,140.16000366210938,158.3077,2.0,13.0,3.32,0.0165,0.00262,0.96098,False,False,,0.476,4346056.0,6447120.0,0.24,-3.07,-3.66,,,-8.17,0.2341,25.6,-3.65,,False,0.16089604905125707,,0.832,US,True,82.24592391304348,62.94890363168448,26.783982569489048,75.50271410892256,48.220376380464266,42.2077922077922,67.3694779116466,79.0625,50.0,81.3397129186603,47.599999999999994,60.428589339689815,standard,56,903628363,False,49.7,False,90.61976549413735,22.780569514237854,7.45393634840871,50.041876046901166,50.041876046901166,50.041876046901166,4,NEUTRAL,0,VARNING,False,4,0.5714285714285714,MEDEL,VÄNTA,1.6,0.875,,2026-08-10,0,True
TXT.WA,Text S.A.,Technology,Software - Application,Poland,PLN,,-20.031495999999997,-9.616311249999999,,4.5238096875,4.1003065,3.91,-12.3145,0.7269499650000001,0.30691999900000005,0.23633750299999998,0.20639000450000003,0.2383,-0.266,-0.497,-0.225,,-0.2495,1.264,-830563024.0,62780000.0,0.0,1286520064.0,195923000.0,,329073000.0,,,127731000.0,,116608000.0,161552000.0,13.8,1.2251999,7.15,7.68,2.13,1791331200.0,0.27,52.650001525878906,34.79517675009217,,60.6,2.16667,6.0,,,0.41265,0.21583,False,False,,0.5,47028.0,58699.0,0.94,3.83,34.47,33.59,,-1.05,0.3156,62.7,14.05,,False,,,0.5,Europe,True,,90.49920769235788,82.03331523146001,12.750486690250439,59.10431808589206,,29.71887550200803,,50.0,,50.0,60.22507036086964,standard,57,,True,44.5,False,36.97654941373534,50.041876046901166,35.00837520938023,50.041876046901166,50.041876046901166,50.041876046901166,2,SVAG,-8,UPPTREND,False,2,0.2857142857142857,LÅG,VÄNTA,-24.1,0.75,SUSPICIOUS_FWD_PE;,2026-08-10,0,True
OR.PA,L'Oréal S.A.,Consumer Defensive,Household & Personal Products,France,EUR,,10.19375275,8.881086,2.6405,0.04585848750000032,4.532036,4.81,4.661500000000002,-0.04049999499999998,0.028109999000000024,0.042052515000000006,0.05180999,0.30651994,0.019500000000000003,0.0020000000000000018,0.053,-60.528,0.14450000000000013,0.582,5477425184.0,4048800000.0,16712599552.0,218160267264.0,61821200000.0,,44052000000.0,,,8891900000.0,,6127200000.0,8656900000.0,1.84,0.6112,7.2,1.55,7.2,1777420800.0,0.892,401.0,332.3214587819333,,417.08334,2.04167,24.0,,,0.57228,0.16770001,False,False,,0.5,405427.0,347692.0,0.6,1.75,8.25,1.08,,-1.73,0.2755,58.0,1.58,,True,,,0.5,Europe,True,77.58152173913042,63.397396350057775,48.65460627619277,40.000036120226966,59.02598501240627,,67.3694779116466,81.25,50.0,,50.0,60.030223444776695,standard,58,,True,44.0,False,36.97654941373534,50.041876046901166,31.4070351758794,50.041876046901166,50.041876046901166,50.041876046901166,7,STARK,8,UPPTREND,False,3,0.42857142857142855,LÅG,VÄNTA,11.3,0.875,,2026-08-10,0,True
FDS,FactSet Research Systems Inc.,Financial Services,Financial Data & Stock Exchanges,United States,USD,10156452374.999817,-4.357041000000002,-4.105601,1.2113,-2.981102175,4.1651115,4.684,-2.335499999999999,0.09250249875000001,0.08380500949999999,-0.031112489000000052,-0.06845002,0.02426000000000006,-0.0305,-0.2975,-0.147,5.719750000000002,-0.9669999999999996,0.558,-787982720.0,304236000.0,1570642048.0,11422858240.0,4304272000.0,,2321748000.0,,,748303000.0,,597040000.0,726260000.0,1.69,0.2938,4.64,1.0,1.16,1780012800.0,0.687,383.41773863936277,183.15659037432607,285.57000732421875,255.0625,3.33333,16.0,5.01,0.1625,0.0043200003,1.10594,False,False,,0.66,965406.0,1036740.0,0.29,9.04,31.53,,,0.0,0.5252,71.1,14.39,,True,0.9226599208838449,,0.681,US,True,,57.733139615974004,93.66191861563456,28.514797482093346,44.97869372888329,85.71428571428571,67.3694779116466,19.6875,50.0,7.177033492822966,66.0,60.027578880689596,standard,59,296061849,False,50.2,False,36.97654941373534,88.77721943048577,34.25460636515913,50.041876046901166,50.041876046901166,50.041876046901166,2,SVAG,-8,UPPTREND,False,2,0.2857142857142857,LÅG,VÄNTA,-14.0,0.875,SUSPICIOUS_FWD_PE;,2026-08-10,0,True
SNOW,Snowflake Inc.,Technology,Software - Application,United States,USD,114547830615.23438,,97.11642025,7.4061,48.119636,22.760155,22.724,-124.17450000000001,-0.7419974962500001,-0.1691250005,-0.34614498600000004,-0.35481253050000006,0.18188996000000002,0.171,,,87.9225,-0.6044999999999999,0.941,330353664.0,2954998016.0,2772094976.0,114364932096.0,9132495000.0,,4683946000.0,,,-1435165000.0,,-1331616000.0,1221942000.0,,0.0,,,,,1.315,331.3999938964844,118.30000305175781,330.489990234375,302.2875,1.4902,48.0,3.43,0.0642,0.02893,0.76813006,False,False,,0.614,7665095.0,6338040.0,0.43,24.7,121.13,,,0.0,0.7712,84.7,26.84,,True,1.0300577548121461,,1.0,US,True,,17.461999055696168,97.11669248498129,87.80775275013096,22.681880633785173,45.12987012987013,12.449799196787147,54.0625,50.0,26.31578947368421,61.4,59.93990288590019,standard,60,2094658778,False,46.1,False,78.22445561139028,24.120603015075375,2.554438860971524,50.041876046901166,50.041876046901166,50.041876046901166,3,SVAG,-8,UPPTREND,False,2,0.2857142857142857,LÅG,VÄNTA,-1.4,0.75,EXTREME_EARNINGS_GROWTH;,2026-08-10,0,True
PKO.WA,Powszechna Kasa Oszczednosci Bank Polski Spólka Akcyjna,Financial Services,Banks - Regional,Poland,PLN,,-2.6120029999999996,-1.0875814999999989,1.45,-2.542244287500001,4.671215,5.171,,-0.01783000999999998,-0.004080000999999986,0.09509999999999993,0.17547252500000005,-0.43729,-0.0915,-0.18050000000000002,0.021,,,,,24504000512.0,39096999936.0,150831005696.0,583079000000.0,,31050000000.0,,,,,10682000000.0,11852000000.0,5.6,0.638,6.14,3.87,6.14,1785801600.0,0.63,110.0999984741211,64.08071491687332,,109.38533,1.86667,15.0,,,0.31393,0.36993998,False,False,,0.5,2389486.0,2880587.0,0.7,4.16,20.27,25.82,,0.0,0.2821,70.9,9.19,,True,,,0.903,Europe,True,,51.20454285723391,85.93124546532226,35.516577094114695,66.1324945867244,,67.3694779116466,,50.0,,50.0,59.75489808732984,standard,61,,True,43.8,False,36.97654941373534,50.041876046901166,30.485762144053602,50.041876046901166,50.041876046901166,50.041876046901166,2,SVAG,-8,UPPTREND,False,3,0.42857142857142855,LÅG,VÄNTA,-9.5,0.75,SUSPICIOUS_FWD_PE;,2026-08-10,0,True
KXS.TO,Kinaxis Inc.,Technology,Software - Application,Canada,CAD,4715194522.98999,-1.9813015000000007,0.9489892500000003,,1.8958865000000003,7.817252,7.376,17.1155,0.042525002500000006,0.023849999999999996,0.0631900095,0.0472700145,0.26083004,0.0,-0.08700000000000002,0.15,-20.04025,-0.5097500000000001,1.785,-202929872.0,310739008.0,44505000.0,4448960512.0,724714000.0,,548030000.0,,,79482000.0,,70699000.0,117800000.0,,0.0,,,,,0.741,204.85000610351562,117.22000122070312,173.42999267578125,209.20505,1.6,10.0,5.41,,0.00236,0.63501,False,False,,0.5,100120.0,105820.0,0.45,14.83,20.1,,,0.0,0.4537,65.2,12.24,,True,0.8761248354519704,,1.0,Canada,True,26.188858695652172,68.75886119568413,87.25488343975516,54.051425832984336,37.70657879821994,93.18181818181817,12.449799196787147,23.4375,50.0,,50.0,59.63878679677792,standard,62,13162703,False,48.3,False,36.97654941373534,94.47236180904522,15.494137353433835,50.041876046901166,50.041876046901166,50.041876046901166,2,SVAG,-8,UPPTREND,False,2,0.2857142857142857,LÅG,VÄNTA,-9.7,0.875,SUSPICIOUS_FWD_PE;,2026-08-10,0,True
IMI.L,IMI plc,Industrials,Specialty Industrial Machinery,United Kingdom,GBp,,-2.633580000000002,2.7122867500000014,1.727,2.3894831375,3.1585999,3.495,0.0,0.12156501950000004,0.05959000149999999,-0.003494998000000006,-0.039980005000000006,0.0063349900000000126,-0.031,0.14800000000000002,0.21,-0.07549999999998924,0.0944999999999997,0.746,-596000000.0,90200000.0,765400000.0,8289408000.0,2480100000.0,,2304000000.0,,,422400000.0,,309900000.0,415300000.0,1.13,0.252,0.35,1.55,0.121,1786579200.0,1.04,40116.45860481262,28078.37732417454,,3128.125,1.94118,16.0,,,0.00414,0.79695,False,False,,0.5,1074374.0,752473.0,1.08,11.89,16.54,10.18,,0.0,0.2793,64.2,7.22,,True,,,0.5,UK,True,,60.233583918363095,73.11939371207478,45.252893223166495,53.1666582200095,,67.3694779116466,18.75,50.0,,50.0,59.56161697689178,standard,63,,True,45.8,False,36.97654941373534,50.041876046901166,43.46733668341709,50.041876046901166,50.041876046901166,50.041876046901166,3,SVAG,-8,UPPTREND,False,3,0.42857142857142855,LÅG,VÄNTA,-9.2,0.875,,2026-08-10,0,True
ICE,Intercontinental Exchange Inc.,Financial Services,Financial Data & Stock Exchanges,United States,USD,84377593109.34001,-1.3032980000000016,-1.521051,2.7382,-5.122499875000001,7.9918156,9.845,0.8965000000000005,-0.036877501249999986,-0.005265000499999997,0.11924751099999996,0.15238997999999992,0.51044,-0.0465,-0.059500000000000025,0.126,-2.338250000000005,-0.6379999999999998,0.024,2224481024.0,1067000000.0,20526999552.0,103938588672.0,136887000000.0,,12640000000.0,,,4999000000.0,,3315000000.0,4662000000.0,1.39,0.2821,2.08,1.23,0.52,1789516800.0,0.93,186.96017317735294,121.79000091552734,150.3000030517578,185.85715,1.46667,14.0,1.78,0.018099999,0.00813,0.95803,False,False,,0.687,4554341.0,5177230.0,0.17,10.17,-3.54,,,-9.27,0.2757,73.8,8.26,,True,0.6709735317626982,,0.881,US,True,82.4008152173913,67.47354105285778,25.46850795330034,44.65622326401841,42.86973823229133,53.896103896103895,67.3694779116466,77.1875,50.0,79.18660287081339,68.7,59.51550753630327,standard,64,778137685,False,51.5,False,89.86599664991624,28.559463986599663,15.07537688442211,50.041876046901166,50.041876046901166,50.041876046901166,4,NEUTRAL,0,UPPTREND,False,3,0.42857142857142855,LÅG,VÄNTA,6.3,0.875,SUSPICIOUS_FWD_PE;,2026-08-10,0,True
CLAS-B.ST,Clas Ohlson AB (publ),Consumer Cyclical,Specialty Retail,Sweden,SEK,,-0.43244499999999775,13.970476999999995,3.14,1.1983850000000014,2.1262667,2.131,-2.8050000000000015,0.19422000299999997,0.05960999699999997,-0.018692517000000013,-0.11039998499999999,0.040374999999999994,0.03900000000000001,0.643,0.736,-15.952000000000002,0.2069999999999999,0.658,730064064.0,1836499968.0,1899900032.0,26671286272.0,7887300000.0,,12513900000.0,,,1568100000.0,,1168900000.0,,2.21,0.3827,9.25,5.03,7.0,1789344000.0,0.928,452.6000061035156,276.2021351088865,,415.0,,4.0,,,0.35682,0.33698002,True,True,,0.5,80957.0,42822.0,2.24,7.54,7.6,,,-3.5,0.364,79.2,6.2,,True,,,0.5,Nordic,True,,57.576968274760546,46.80167756073601,63.70447266320227,50.473064384031716,,67.3694779116466,84.375,98.0,,50.0,59.50718154308573,standard,65,,True,48.9,False,36.97654941373534,50.041876046901166,64.40536013400336,50.041876046901166,50.041876046901166,50.041876046901166,5,NEUTRAL,0,UPPTREND,False,3,0.42857142857142855,LÅG,VÄNTA,18.9,0.875,,2026-08-10,0,True
SU.PA,Schneider Electric S.E.,Industrials,Specialty Industrial Machinery,France,EUR,,7.0911539999999995,4.4923537499999995,1.7717,0.5807001124999998,4.060981,4.456,2.272000000000002,-0.03671999799999999,0.012819999000000006,-0.0008774869999999824,0.010430000000000009,-0.016120000000000023,0.0050000000000000044,0.181,0.301,14.586999999999989,-0.08950000000000019,0.807,4453787680.0,4518000128.0,20809000960.0,187342880768.0,62504000000.0,,40152000000.0,,,7010000000.0,,4163000000.0,6131000000.0,1.4,0.4951,4.2,1.77,4.2,1778457600.0,1.15,303.5,205.58298415658774,,325.04166,1.41667,24.0,,,0.034679998,0.52581,False,False,,0.5,937942.0,1008730.0,0.47,12.55,11.55,15.25,,-0.48,0.3901,75.3,9.22,,True,,,0.5,Europe,True,80.50815217391305,49.03150881752428,63.23847184380244,51.57804061894162,48.67328296348135,,67.3694779116466,79.375,50.0,,50.0,59.491562118211675,standard,66,,True,44.6,False,36.97654941373534,50.041876046901166,35.25963149078727,50.041876046901166,50.041876046901166,50.041876046901166,5,NEUTRAL,0,UPPTREND,False,3,0.42857142857142855,LÅG,VÄNTA,2.4,0.875,,2026-08-10,0,True
SPG,"Simon Property Group, Inc.",Real Estate,REIT - Retail,United States,USD,,-19.809009500000002,3.3987802500000033,4.58,7.530623,,15.38,-2.6950000000000003,1.02847750125,0.0206349995,0.4598850119999999,0.07190745499999995,0.32625999999999994,0.1285,0.11750000000000001,0.159,361.36775000000006,-0.5705,0.195,1085546496.0,542955008.0,28989048832.0,102251954176.0,40606466000.0,,6364505000.0,,,3175396000.0,,4627612000.0,4136551000.0,3.97,0.60150003,8.8,5.11,2.25,1780963200.0,1.326,238.5,155.87723441202132,222.91000366210938,229.42105,2.42857,19.0,0.0,0.0,0.017970001,0.96115,False,False,,0.648,1959135.0,1482290.0,0.34,-0.18,10.2,,,-7.44,0.2156,38.3,-0.53,,False,0.2625917705012189,,0.0,US,True,,83.53685190471789,43.11312200098236,46.382466885537006,34.53102680123823,,67.3694779116466,65.0,50.0,99.0,64.8,59.18507031015052,standard,67,330417269,False,46.8,False,36.97654941373534,50.041876046901166,50.041876046901166,50.041876046901166,50.041876046901166,50.041876046901166,4,NEUTRAL,0,VARNING,False,2,0.2857142857142857,LÅG,VÄNTA,8.0,0.875,,2026-08-10,0,True
BBVA.MC,"Banco Bilbao Vizcaya Argentaria, S.A.",Financial Services,Banks - Diversified,Spain,EUR,,-2.285304,-2.756089499999998,2.4159,-2.4068091875000004,3.9768658,4.756,,-0.014880009999999999,-0.009620000999999986,0.05268,0.145062525,-0.43729,0.10750000000000001,-0.049500000000000016,0.114,,,,,183573004288.0,198940999680.0,162330017792.0,859576000000.0,,39415000000.0,,,,,10511000000.0,14968000000.0,3.74,0.48680001,0.92,5.08,0.6,1775606400.0,0.89,24.90999984741211,14.524749076310883,,22.54318,2.6087,22.0,,,0.00103,0.44752,False,False,,0.5,9242018.0,8243341.0,0.54,10.32,30.24,26.29,,0.0,0.3234,71.0,12.03,,True,,,0.531,Europe,True,,47.62687280476298,90.52984552966161,49.45550839492989,50.92772343761666,,67.3694779116466,,50.0,,50.0,59.15732992067807,standard,68,,True,44.7,False,36.97654941373534,50.041876046901166,36.097152428810716,50.041876046901166,50.041876046901166,50.041876046901166,2,SVAG,-8,UPPTREND,False,2,0.2857142857142857,LÅG,VÄNTA,-9.6,0.75,SUSPICIOUS_FWD_PE;,2026-08-10,0,True
LH,Labcorp Holdings Inc.,Healthcare,Diagnostics & Research,United States,USD,25014280987.54883,-12.033983500000005,-11.053199749999997,1.3075,,1.7433983,2.206,-11.685499999999998,-0.11592001624999997,-0.019730001500000004,-0.054139987500000014,-0.05027007000000005,-0.23977001999999997,-0.02899999999999999,0.14249999999999996,0.256,9.746249999999986,-0.02149999999999963,1.246,-945121920.0,141800000.0,6766099968.0,31654979584.0,18392700000.0,,13951700000.0,,,1516200000.0,,876500000.0,1640500000.0,0.93,0.2382,2.88,,0.72,1787875200.0,0.861,316.1099853515625,242.59049363940713,309.20001220703125,315.625,,16.0,4.19,0.033299997,0.00354,1.0104,False,False,,0.756,696655.0,1032340.0,0.3,15.56,25.69,,,0.0,0.2421,78.5,13.85,,True,0.8761151458275845,,0.868,US,True,,26.297683966610315,90.89809952015717,57.22847666512703,66.27655316789769,77.59740259740259,67.3694779116466,29.062500000000004,50.0,51.43540669856459,75.6,58.92932907666218,standard,69,319199541,False,60.3,False,66.61087866108787,69.6234309623431,71.0460251046025,50.04184100418409,50.04184100418409,50.04184100418409,4,NEUTRAL,0,UPPTREND,False,3,0.42857142857142855,LÅG,VÄNTA,0.0,0.75,SUSPICIOUS_FWD_PE;,2026-08-10,0,True
AIR.PA,Airbus SE,Industrials,Aerospace & Defense,Netherlands,EUR,,-0.24252799999999652,3.8511077500000006,1.8591,0.13348051249999937,2.1959867,2.212,-0.8009999999999984,0.009009992000000008,-0.029870000999999993,-0.036437496999999985,-0.057989995,-0.2742,0.18400000000000002,1.146,1.264,-14.549000000000007,-0.03450000000000025,0.363,2207787552.0,13128999936.0,14275999744.0,170295230464.0,134939000000.0,,73420000000.0,,,5236000000.0,,5221000000.0,7995000000.0,1.51,0.42610002,3.2,1.8,3.2,1776729600.0,0.882,217.28503984305604,154.56398910495966,,229.73914,1.83333,23.0,,,0.2573,0.36808997,False,False,,0.5,1204452.0,1138737.0,0.41,9.92,24.26,16.76,,-0.14,0.3558,69.2,9.76,,True,,,0.729,Europe,True,,32.77146496552349,78.2326877795507,81.39614919945794,47.75445458000319,,67.3694779116466,68.125,50.0,,50.0,58.92707672079541,standard,70,,True,48.9,False,36.97654941373534,50.041876046901166,63.902847571189284,50.041876046901166,50.041876046901166,50.041876046901166,4,NEUTRAL,0,UPPTREND,False,3,0.42857142857142855,LÅG,VÄNTA,4.2,0.875,,2026-08-10,0,True
SPGI,S&P Global Inc.,Financial Services,Financial Data & Stock Exchanges,United States,USD,120334412719.72656,2.251351999999997,1.566901999999999,1.9607,-4.188352775,7.4639874,8.503,2.2505000000000015,-0.035267501249999986,0.0433449995,0.04214751099999997,0.07402998,0.21947000000000005,0.009499999999999995,-0.024500000000000022,0.135,-28.584250000000008,-0.6959999999999998,0.83,4039105792.0,4134000128.0,15747999744.0,137087410176.0,61200000000.0,,15336000000.0,,,6177000000.0,,4471000000.0,5651000000.0,0.96,0.2349,3.88,0.82,0.917692,1787702400.0,1.072,543.2673929523845,359.357471076973,408.19000244140625,516.95,1.33333,20.0,1.99,0.0172,0.00275,0.90742,False,False,,0.467,2358370.0,2571290.0,0.27,-5.91,3.67,,,-9.93,0.3047,38.1,-0.25,,False,0.19234020614042038,,0.523,US,True,85.64673913043478,64.7413310191667,31.37712371380713,44.08297862569087,34.424701081829795,44.15584415584416,67.3694779116466,86.25,50.0,79.90430622009569,46.7,58.874549725004165,standard,71,1049574871,False,51.4,False,91.4572864321608,23.785594639865998,16.499162479061976,50.041876046901166,50.041876046901166,50.041876046901166,3,SVAG,-8,VARNING,False,3,0.42857142857142855,LÅG,VÄNTA,-10.0,0.875,SUSPICIOUS_FWD_PE;,2026-08-10,0,True
4661.T,"Oriental Land Co., Ltd.",Consumer Cyclical,Leisure,Japan,JPY,4884715733526.0,12.636127250000007,5.456914,9.4005,0.6594306999999997,6.770007,6.446,,,,0.08801999299999996,0.09548247499999994,0.05255997999999995,0.028999999999999998,0.399,0.503,0.0,1.4305000000000003,3.488,,560668999680.0,326302007296.0,4650665771008.0,1629076000000.0,,704539000000.0,,,168413000000.0,,121881000000.0,181281000000.0,0.54,0.2018,16.0,0.29,8.0,1790640000.0,0.313,3696.72509765625,2103.0,2979.0,3236.368,2.57143,14.0,,,0.31405002,0.17571,False,False,,0.5,6456182.0,9600520.0,0.51,,,,,,0.3704,59.5,,,False,0.7324037472199598,,0.386,Japan,True,,69.1542288557214,,55.17421294656664,76.52482027393337,11.688311688311687,67.3694779116466,,50.0,,50.0,58.84836773978464,standard,72,179791356,False,35.4,False,36.97654941373534,5.108877721943048,19.179229480737018,50.041876046901166,50.041876046901166,50.041876046901166,5,NEUTRAL,0,UPPTREND,False,3,0.42857142857142855,LÅG,VÄNTA,3.3,0.75,,2026-08-10,0,True
CL,Colgate-Palmolive Company,Consumer Defensive,Household & Personal Products,United States,USD,74352307084.77374,6.897731749999997,0.8331234999999992,2.3189,305.8853061,3.5326796,3.853,-2.1064999999999987,2.4653825037500003,0.08752499949999998,0.009570011999999975,0.09368744499999998,0.11475000000000002,0.010500000000000002,-0.107,-0.067,1269.14525,0.05750000000000033,0.555,2049230848.0,1452999936.0,7856999936.0,81086308352.0,16330000000.0,,20382000000.0,,,4233000000.0,,2132000000.0,4198000000.0,2.28,0.8228,2.12,2.32,0.53,1784505600.0,0.327,98.15380175270234,73.21888235953229,93.2699966430664,98.95,2.04762,20.0,3.19,0.0233,0.00145,0.88151,False,False,,0.778,5136404.0,5343150.0,0.29,0.42,7.91,,,-5.0,0.2419,59.3,2.56,,True,0.7907715647014281,,0.873,US,True,,76.47869526410838,44.17167290084508,41.88268122226248,54.97877694928785,56.81818181818182,67.3694779116466,81.5625,50.0,67.94258373205741,77.8,58.796330306382536,standard,73,498355583,False,55.8,False,90.78726968174205,30.569514237855945,39.7822445561139,50.041876046901166,50.041876046901166,50.041876046901166,3,SVAG,-8,UPPTREND,False,2,0.2857142857142857,LÅG,VÄNTA,-2.2,0.875,SUSPICIOUS_FWD_PE;,2026-08-10,0,True
PUUILO.HE,Puuilo Oyj,Consumer Cyclical,Department Stores,Finland,EUR,,2.675423000000002,0.0,,7.374545,3.2592742,3.563,1.0500000000000007,0.331380003,0.08403000699999998,0.01450749299999999,-0.005779994999999989,-0.05465500000000001,0.081,0.03500000000000002,0.143,89.02900000000002,1.1969999999999998,0.667,-857160876.0,33000000.0,163400000.0,1576132096.0,316700000.0,,442300000.0,,,74700000.0,,56000000.0,74900000.0,3.86,0.69699997,0.66,,0.33,1791936000.0,0.573,18.100000381469727,11.00821617219834,,17.26667,,3.0,,,0.07625,0.45583,False,False,,0.5,103048.0,58217.0,1.19,0.35,38.7,,,-5.19,0.3337,58.7,3.15,,False,,,0.376,Nordic,True,,65.0917539449575,66.40879837785418,44.22564391353275,60.152842323448326,,67.3694779116466,,50.0,,50.0,58.78821296569822,standard,74,,True,45.6,False,36.97654941373534,50.041876046901166,42.211055276381906,50.041876046901166,50.041876046901166,50.041876046901166,4,NEUTRAL,0,UPPTREND,False,4,0.5714285714285714,MEDEL,VÄNTA,-1.3,0.875,SUSPICIOUS_FWD_PE;,2026-08-10,0,True
CABK.MC,"CaixaBank, S.A.",Financial Services,Banks - Regional,Spain,EUR,,-0.03927199999999864,-1.8071864999999985,0.94,-2.511458287500001,5.6628647,8.547,,-0.042529999999999984,-0.014070000999999985,0.11748999999999996,0.15513252500000002,-0.43729,0.0315,-0.0855,0.101,,,,,11621999616.0,56872001536.0,134474596352.0,664040000000.0,,,,,,,5891000000.0,4410000000.0,3.88,0.5982,0.5,5.08,0.3321,1775520000.0,0.111,13.470000267028809,7.963524796740126,,12.66048,2.28571,21.0,,,0.49363,0.24663,False,False,,0.5,6568690.0,8332048.0,0.4,4.27,17.9,24.52,,-2.71,0.2746,50.6,4.24,,False,,,0.95,Europe,True,,46.864718535385066,68.3771685862131,53.22429061838053,83.00884790562233,,67.3694779116466,,50.0,,50.0,58.73413210079391,standard,75,,True,43.0,False,36.97654941373534,50.041876046901166,24.5393634840871,50.041876046901166,50.041876046901166,50.041876046901166,3,SVAG,-8,UPPTREND,False,3,0.42857142857142855,LÅG,VÄNTA,-10.7,0.75,SUSPICIOUS_FWD_PE;,2026-08-10,0,True
PM,Philip Morris International Inc,Consumer Defensive,Tobacco,United States,USD,297414627845.6058,-6.366358500000004,-5.616751249999999,2.5028,,6.990589,8.05,-5.164999999999998,,0.06346499950000001,0.15968001099999996,0.28212993999999997,0.1462100500000001,0.077,-0.11,-0.073,,0.07325000000000015,0.47,7877202752.0,6002999808.0,49138999296.0,342476619776.0,69185000000.0,,40648000000.0,,,14933000000.0,,11348000000.0,12233000000.0,3.06,0.80730003,5.88,4.57,1.47,1782345600.0,0.405,207.75999450683594,138.43186351111862,190.82000732421875,203.8,1.75,15.0,3.24,0.0112,0.0016300001,0.84122,False,False,,0.493,5091598.0,5787760.0,0.2,3.39,3.15,,,-6.93,0.3217,47.8,1.55,,True,0.5728294728938331,,0.737,US,True,,83.33636111562622,35.636201055402324,43.74149927641717,62.19944730491671,29.545454545454547,67.3694779116466,78.125,50.0,88.75598086124403,49.3,58.69860069249766,standard,77,1104420406,False,49.6,False,84.68619246861925,22.343096234309623,17.322175732217573,50.04184100418409,50.04184100418409,50.04184100418409,3,SVAG,-8,UPPTREND,False,3,0.42857142857142855,LÅG,VÄNTA,0.0,0.5,SUSPICIOUS_FWD_PE;,2026-08-10,0,True
SAF.PA,SAFRAN,Industrials,Aerospace & Defense,France,EUR,,9.666301,6.967859750000002,2.5356,3.8095416125000003,,4.386,4.3260000000000005,0.051979991999999975,-0.013440000999999993,0.002062503000000021,-0.025550000000000003,0.030820000000000014,0.067,-0.763,-0.653,-35.772,-0.2625000000000001,0.579,2641787424.0,6669000192.0,5110000128.0,147221970944.0,61814000000.0,,31189000000.0,,,4592000000.0,,7177000000.0,5721000000.0,0.94,0.35979998,3.35,0.77,3.35,1779753600.0,0.962,361.8999938964844,259.6822067309178,,374.31818,1.90909,22.0,,,0.1674,0.45698002,False,False,,0.5,652802.0,547890.0,0.97,10.03,29.69,20.46,,0.0,0.4107,79.2,9.78,,True,,,0.5,Europe,True,73.4211956521739,49.69427594342737,86.3888314082821,24.404682929213223,37.778096515502455,,67.3694779116466,74.375,50.0,,50.0,58.6452223527698,standard,78,,True,46.8,False,36.97654941373534,50.041876046901166,50.041876046901166,50.041876046901166,50.041876046901166,50.041876046901166,4,NEUTRAL,0,UPPTREND,False,3,0.42857142857142855,LÅG,VÄNTA,-6.1,0.875,,2026-08-10,0,True
SCHW,The Charles Schwab Corporation,Financial Services,Capital Markets,United States,USD,187130977899.4898,-2.8432660000000034,-4.810917,1.0694,-4.282111375,7.1904306,5.771,,0.025012518750000004,-0.006304999499999997,0.12471751099999993,0.14494001,0.48538999999999993,0.11449999999999999,0.22449999999999998,0.317,2.487750000000003,-1.008,0.642,,73600000000.0,37099999232.0,150186000384.0,490995000000.0,,23921000000.0,,,,,8852000000.0,9311000000.0,1.19,0.2149,1.28,1.25,0.32,1786665600.0,0.75,109.05000305175781,83.95999908447266,107.5999984741211,125.0,1.72727,20.0,0.0,0.0,0.061750002,0.83807,False,False,,0.659,10580653.0,7677070.0,0.3,6.14,23.73,,,0.0,0.2672,83.9,11.54,,True,0.8794842270840386,,0.704,US,True,,71.06731071162596,89.39056183171496,66.90082707043666,57.1950803261225,36.36363636363637,67.3694779116466,,50.0,99.0,65.9,58.57757442947693,holding,80,826052720,False,37.3,False,36.97654941373534,19.430485762144052,17.504187604690117,50.041876046901166,50.041876046901166,50.041876046901166,5,NEUTRAL,0,UPPTREND,False,4,0.5714285714285714,MEDEL,VÄNTA,3.6,0.875,SUSPICIOUS_FWD_PE;,2026-08-10,0,True
RR.L,Rolls-Royce Holdings plc,Industrials,Aerospace & Defense,United Kingdom,GBp,,16.807595,14.569906750000003,2.4793,41.3342237375,5.4559226,5.403,9.777000000000001,0.9085950194999999,0.014580001500000005,-0.013235008,-0.0014199950000000003,-0.18899499,0.11299999999999999,-0.742,-0.635,71.36150000000002,0.02849999999999986,0.753,3691250112.0,6483999744.0,4373000192.0,125164101632.0,38115000000.0,,21207000000.0,,,4412000000.0,,5841000000.0,4565000000.0,0.78,0.2619,0.12,1.74,0.06,1785974400.0,1.19,20249.746450424194,12463.525164440785,,1626.75,1.6,20.0,,,0.00051,0.6828,False,False,,0.5,26523740.0,31831546.0,1.02,8.81,27.81,23.85,,-1.93,0.4599,71.1,9.86,,True,,,0.5,UK,True,75.10461956521738,55.74267553662698,74.62016161683897,27.47751111184427,40.7400171523187,,67.3694779116466,86.5625,50.0,,50.0,58.418666355413386,standard,81,,True,43.1,False,36.97654941373534,50.041876046901166,25.795644891122276,50.041876046901166,50.041876046901166,50.041876046901166,3,SVAG,-8,UPPTREND,False,3,0.42857142857142855,LÅG,VÄNTA,-10.4,0.875,,2026-08-10,0,True
WKL.AS,Wolters Kluwer N.V.,Industrials,Specialty Business Services,Netherlands,EUR,,-16.296996999999998,-9.51651025,2.02,13.463517112500002,2.5571282,3.226,-9.597999999999999,1.2384899920000003,0.03638999900000002,0.105062503,0.09715001999999998,0.30345996000000003,-0.099,-0.023000000000000007,0.049,520.6759999999999,-0.4925000000000002,0.675,326912416.0,1494000000.0,5548000256.0,19695855616.0,9584000000.0,,6125000000.0,,,1687000000.0,,1308000000.0,1668000000.0,3.73,0.4309,2.6,1.85,1.01,1788134400.0,0.185,114.36461413421972,54.477907935716324,,92.76667,1.73333,15.0,,,0.00238,0.72524,False,False,,0.5,1193821.0,1425128.0,0.57,12.78,23.81,15.91,,-4.97,0.4209,69.1,13.16,,True,,,0.5,Europe,True,,82.65804833858223,62.227709778289444,29.00728366130219,39.29076471942105,,67.3694779116466,73.75,50.0,,50.0,58.38946493831853,standard,82,,True,48.1,False,36.97654941373534,50.041876046901166,58.62646566164153,50.041876046901166,50.041876046901166,50.041876046901166,2,SVAG,-8,UPPTREND,False,3,0.42857142857142855,LÅG,VÄNTA,,0.875,SUSPICIOUS_FWD_PE;,2026-08-10,0,True
TORNTPHARM.NS,Torrent Pharmaceuticals Limited,Healthcare,Drug Manufacturers - Specialty & Generic,India,INR,,31.957700000000003,22.570846999999997,,10.802516800000001,11.912253,11.99,-0.12000000000000455,,,0.009549996000000019,0.01456499,0.33666998000000004,0.4610000000000001,-0.22799999999999998,0.033,59.41624999999999,,,,23552100352.0,150254993408.0,1885172269056.0,443119600000.0,,137529900000.0,,,34397600000.0,,21633700000.0,30227100000.0,0.77,0.607,38.0,1.03,9.0,1780012800.0,0.145,5250.0,3450.040733610751,,5386.759,1.68966,29.0,,,0.63342,0.14777,False,False,,0.5,658859.0,678583.0,0.59,-0.55,12.03,,,-3.88,0.2412,42.7,3.92,,False,,,0.611,India,True,,65.81378820184791,52.33120489666376,47.83391296829208,76.99584742890947,,67.3694779116466,,50.0,,50.0,58.33041966886973,standard,83,,True,40.7,False,36.97654941373534,50.041876046901166,9.380234505862646,50.041876046901166,50.041876046901166,50.041876046901166,3,SVAG,-8,UPPTREND,False,3,0.42857142857142855,LÅG,VÄNTA,-4.5,0.75,,2026-08-10,0,True
JPM,JP Morgan Chase & Co.,Financial Services,Banks - Diversified,United States,USD,950354699232.6942,-7.176954000000002,-4.304106000000001,1.7486,-5.320410475000001,5.1004395,2.615,,7.249874999999684e-05,-0.013385000499999999,0.08599753099999997,0.13006998000000003,-0.48956000000000005,0.2095,0.26749999999999996,0.412,,,,,1818026049536.0,1333832974336.0,487206649856.0,4424900000000.0,,181847000000.0,,,,,57048000000.0,-147782000000.0,1.68,0.2571,6.0,2.39,1.5,1783296000.0,0.977,363.0,276.4336079693154,357.5199890136719,373.85715,2.08333,21.0,2.66,0.0111,0.0038800002,0.75957,False,False,,0.461,9230996.0,6746250.0,0.34,6.83,19.67,,,-0.52,0.2274,64.0,7.15,,False,0.7873186135417558,,0.711,US,True,,47.79374382776335,73.46947771438647,72.51305094638082,63.75111998805346,19.155844155844157,67.3694779116466,,50.0,89.47368421052632,46.1,58.27989154081636,standard,84,2411919226,False,37.7,False,36.97654941373534,11.474036850921273,28.05695142378559,50.041876046901166,50.041876046901166,50.041876046901166,2,SVAG,-8,UPPTREND,False,4,0.5714285714285714,MEDEL,VÄNTA,-5.5,0.75,SUSPICIOUS_FWD_PE;,2026-08-10,0,True
CRDO,Credo Technology Group Holding Ltd,Technology,Semiconductors,Cayman Islands,USD,46598961817.40292,53.131135,2.1940062499999975,,11.515335,34.902557,33.841,71.53049999999999,0.15077250374999998,0.10683499950000001,0.245455014,0.22354743949999997,0.19079007000000003,1.4060000000000001,3.157,3.622,-53.756499999999996,8.4955,8.507,-1158333936.0,1443286016.0,25448000.0,45181124608.0,2295619000.0,,1335116000.0,,,445005000.0,,472279000.0,464292000.0,,0.0,,,,,3.233,308.6700134277344,86.48500061035156,249.88999938964844,279.28708,,19.0,0.67,0.036199998,0.108789995,0.75878,False,False,,0.471,8166322.0,5592380.0,0.43,4.85,18.15,,,-17.9,1.006,57.1,4.87,,True,0.938532939694944,,1.0,US,True,23.608695652173914,85.7019575561077,42.88831374919712,96.9651399270941,34.18413093633967,65.5844155844156,12.449799196787147,30.0,50.0,48.5645933014354,47.099999999999994,58.200934049152615,standard,85,1397479835,False,43.0,False,36.97654941373534,72.11055276381909,2.554438860971524,50.041876046901166,50.041876046901166,50.041876046901166,6,NEUTRAL,0,UPPTREND,False,2,0.2857142857142857,LÅG,VÄNTA,12.6,0.875,,2026-08-10,0,True
ULVR.L,Unilever PLC,Consumer Defensive,Household & Personal Products,United Kingdom,GBp,,1.528782749999996,1.931737000000001,11.7257,2.0135378125,1.9874967,2.545,0.36350000000000016,0.07076502249999997,0.013640001500000009,0.05539500399999999,0.0014199950000000003,-0.0063349900000000126,-0.0335,-0.108,-0.056,54.716499999999996,-0.11449999999999994,0.568,5821374912.0,5943000064.0,32110000128.0,128839106560.0,70471000000.0,,50503000000.0,,,10127000000.0,,9469000000.0,8350000000.0,3.5,0.7896,1.65,3.58,0.3982,1785974400.0,0.454,68829.37585145858,45930.422175515276,,5254.2188,2.35294,15.0,,,0.02438,0.51267,False,False,,0.5,4803445.0,4585334.0,0.39,1.18,9.51,-11.55,,-15.24,0.2654,54.0,2.16,,False,,,0.5,UK,True,92.56657608695652,59.45422213237525,28.059272889646437,26.932370282516004,62.36298404863425,,67.3694779116466,90.3125,50.0,,50.0,58.182028843226654,standard,86,,True,49.1,False,36.97654941373534,50.041876046901166,65.66164154103853,50.041876046901166,50.041876046901166,50.041876046901166,3,SVAG,-8,UPPTREND,False,3,0.42857142857142855,LÅG,VÄNTA,,0.875,SUSPICIOUS_FWD_PE;,2026-08-10,0,True
HEI,Heico Corporation,Industrials,Aerospace & Defense,United States,USD,,29.07957,27.410510249999998,2.7567,1.1511104249999984,,11.063,17.877000000000002,-0.024557499250000003,0.01734498949999999,0.05693001399999999,0.12832745499999995,-0.08895998,0.16,0.37,0.491,-30.722749999999998,1.5935000000000001,1.192,-700989056.0,210335008.0,2587290112.0,54332424192.0,8500434000.0,,4485044000.0,,,1018998000.0,,690385000.0,934266000.0,0.07,0.0429,0.25,0.1,0.13,1782864000.0,1.053,376.8599853515625,256.0165208931262,367.5799865722656,386.5263,,19.0,1.67,0.0154,0.22820999,0.75987,False,False,,0.572,573240.0,423100.0,0.27,5.9,25.8,,,-0.88,0.3872,67.7,5.36,,True,0.8686539519584823,,0.997,US,True,33.73777173913044,57.91141756213898,75.04659890933362,80.81622842100491,52.502905714544,,25.602409638554217,34.6875,50.0,83.73205741626795,57.199999999999996,57.98555901145811,standard,87,155523092,False,46.8,False,36.97654941373534,50.041876046901166,50.041876046901166,50.041876046901166,50.041876046901166,50.041876046901166,6,NEUTRAL,0,UPPTREND,False,2,0.2857142857142857,LÅG,VÄNTA,3.6,0.875,,2026-08-10,0,True
DRI,"Darden Restaurants, Inc.",Consumer Cyclical,Restaurants,United States,USD,24385306026.791,-11.001945,-5.006619499999996,1.8173,2.2454584250000003,1.8458474,2.438,-5.506999999999998,0.35074250375,0.003874996499999986,0.008210006999999978,0.041792454999999964,-0.27288001,0.06200000000000001,0.257,0.333,284.13425,-1.017,0.115,-618169088.0,219500000.0,8046499840.0,32212305920.0,12862400000.0,,13210900000.0,,,1606600000.0,,1206700000.0,1848300000.0,2.9,0.5747,6.12,3.0,1.62,1783641600.0,0.585,217.61991927860964,165.13101321475466,213.75999450683594,228.54167,1.96429,24.0,3.44,0.0678,0.00301,1.00572,False,False,,0.325,1331964.0,1293390.0,0.24,9.39,10.77,,,-0.05,0.2661,75.7,5.85,,True,0.9410602190175286,,0.493,US,True,,55.85032192383011,72.25034949182,54.792342612879146,40.80438643338498,77.92207792207793,67.3694779116466,32.1875,50.0,25.837320574162682,32.5,57.975285399999485,standard,88,276475039,False,53.9,False,36.97654941373534,79.81574539363484,68.00670016750419,50.041876046901166,50.041876046901166,50.041876046901166,2,SVAG,-8,UPPTREND,False,2,0.2857142857142857,LÅG,VÄNTA,-4.7,0.875,SUSPICIOUS_FWD_PE;,2026-08-10,0,True
GE,GE Aerospace,Industrials,Aerospace & Defense,United States,USD,383981120878.92615,8.404053999999999,15.122985250000003,5.5419,12.176942425000004,7.5827155,7.79,12.679,0.28570248075,-0.014355000500000005,0.07331001399999999,0.07930745499999994,-0.17905,0.118,0.082,0.169,34.51425,-0.3425,0.632,5185480960.0,9944999936.0,20230000640.0,394493132800.0,130169000000.0,,45855000000.0,,,8680000000.0,,8704000000.0,8537000000.0,0.5,0.1958,1.88,0.4,0.47,1783296000.0,1.366,388.8399963378906,262.46709157310255,370.0799865722656,404.90475,1.45455,21.0,3.0,0.014400001,0.003,0.82085997,False,False,,0.418,4580856.0,3432210.0,0.36,3.67,21.97,,,-3.89,0.3654,65.8,3.92,,True,0.7581943398340786,,0.992,US,True,60.35326086956522,57.931156577929116,63.512424276772336,67.82281315942208,39.106311488303874,26.948051948051948,67.3694779116466,68.75,50.0,84.688995215311,41.8,57.945293663433915,standard,89,1270192231,False,47.9,False,82.74706867671692,14.991624790619765,15.996649916247907,50.041876046901166,50.041876046901166,50.041876046901166,4,NEUTRAL,0,UPPTREND,False,4,0.5714285714285714,MEDEL,VÄNTA,5.0,0.875,,2026-08-10,0,True
DIXON.NS,Dixon Technologies (India) Limited,Technology,Consumer Electronics,India,INR,,-9.836724999999994,17.86432774999999,,4.915263575000001,1.6737233,1.557,0.5639999999999965,,,-0.08828499599999998,-0.13543499650000002,-0.3544299799999999,0.046999999999999986,1.271,1.949,0.0,,,,12413700096.0,9942200320.0,802981347328.0,191616400000.0,,488728000000.0,,,14735400000.0,,14386400000.0,17822900000.0,0.06,0.0235,8.0,,8.0,1757980800.0,-0.156,18471.0,9600.0,,14413.071,2.17857,28.0,,,0.40137002,0.35147,False,False,,0.5,621861.0,379981.0,0.73,4.63,27.13,,,-3.25,0.4365,49.9,9.03,,False,,,0.843,India,True,,19.402985074626866,67.71797584413295,78.59672205643855,76.66945865967743,,25.200803212851408,,50.0,,50.0,57.80943209307854,standard,90,,True,49.9,False,36.97654941373534,50.041876046901166,70.77051926298158,50.041876046901166,50.041876046901166,50.041876046901166,3,SVAG,-8,UPPTREND,False,3,0.42857142857142855,LÅG,VÄNTA,-2.5,0.75,,2026-08-10,0,True
MNST,Monster Beverage Corporation,Consumer Defensive,Beverages - Non-Alcoholic,United States,USD,88509959295.37515,13.973437749999992,12.582482499999998,2.7717,0.9094606000000005,10.06587,10.144,13.225499999999998,0.058252503750000004,0.10639499949999998,0.14382001599999997,0.194217445,0.06515002999999997,0.2305,0.237,0.286,-117.93575,2.2885000000000004,2.682,275196416.0,2984993024.0,94469000.0,89198723072.0,9988945000.0,,8294343000.0,,,2419354000.0,,1905432000.0,2098177000.0,,0.0,,,0.005208,,0.524,100.33999633789062,60.970001220703125,90.36000061035156,97.65217,2.11538,23.0,3.15,0.026700001,0.28299,0.70943,False,False,,0.492,5833374.0,5935730.0,0.42,0.58,18.96,,,-8.07,0.3179,35.4,0.36,,False,-0.1012477045703816,,0.721,US,True,49.96467391304347,77.90945823033942,53.79324567700658,70.25096868136455,70.59793112350728,52.922077922077925,12.449799196787147,54.37499999999999,50.0,61.24401913875598,49.2,57.677016478366134,standard,91,536352566,False,48.2,False,79.31323283082077,27.889447236180903,11.055276381909549,50.041876046901166,50.041876046901166,50.041876046901166,7,STARK,8,UPPTREND,False,3,0.42857142857142855,LÅG,VÄNTA,14.4,0.875,,2026-08-10,0,True
MASI,Masimo Corporation,Healthcare,Medical Devices,United States,USD,9423817728.0,10.305922999999993,4.149722499999999,4.83,2.8446132249999994,6.046723,6.278,6.891500000000001,0.08287999675000003,0.03384999849999999,-0.06383999400000001,0.05831744499999997,0.12673999999999996,-0.001999999999999988,,,-0.9702500000000063,0.8464999999999999,1.271,-1081219072.0,124600000.0,485900000.0,9784526848.0,,,,,,,,,,,0.0,,,1.0,1353628800.0,1.098,179.99,125.94,179.95,180.0,3.0,3.0,3.84,0.0734,0.06215,1.04782,False,False,,0.5,946426.0,854373.0,,,,,,0.0,,,,,,,,0.956,US,True,26.195652173913043,60.84348702781203,95.11278195488721,63.9335603282696,53.52137591015955,87.01298701298701,12.449799196787147,12.5,50.0,24.401913875598087,50.0,57.56832844378123,standard,92,153744421,False,48.6,False,36.97654941373534,89.36348408710218,22.69681742043551,50.041876046901166,50.041876046901166,50.041876046901166,3,SVAG,-8,UPPTREND,False,3,0.42857142857142855,LÅG,VÄNTA,-10.9,0.875,EXTREME_EARNINGS_GROWTH;,2026-08-10,0,True
ASML.AS,ASML Holding N.V.,Technology,Semiconductor Equipment & Materials,Netherlands,EUR,,27.416923000000004,8.75125775,1.9973,18.632775687499997,16.29795,16.14,21.5655,0.31980999499999996,0.09604000899999998,0.18312750300000002,0.19234000450000002,0.09004004000000004,0.04899999999999999,0.009999999999999953,0.274,-36.72375,-0.17949999999999994,0.721,7516712480.0,7581499904.0,1984400000.0,570168770560.0,50566600000.0,,32667300000.0,,,11301400000.0,,9609400000.0,,0.52,0.2952,7.78,0.86,1.88,1785110400.0,1.365,1738.9058678632498,607.8259095382093,,2001.1389,1.38636,34.0,,,0.0001,0.41119,False,False,,0.5,727686.0,722375.0,0.8,-1.63,10.87,25.76,,-11.95,0.4757,41.1,-2.07,,False,,,0.723,Europe,True,55.89945652173913,83.26584490075172,52.94243573702912,57.31489735907978,28.863062536083664,,67.3694779116466,69.375,50.0,,50.0,57.55528989459649,standard,93,,True,40.2,False,36.97654941373534,50.041876046901166,6.113902847571189,50.041876046901166,50.041876046901166,50.041876046901166,5,NEUTRAL,0,VARNING,False,2,0.2857142857142857,LÅG,VÄNTA,4.2,0.875,,2026-08-10,0,True
TITAN.NS,Titan Company Limited,Consumer Cyclical,Luxury Goods,India,INR,4382890629660.0,43.74593800000001,28.320549000000003,,19.169624000000002,5.004214,5.314,18.714499999999997,0.207889985,0.02937999699999999,-0.041600004999999995,-0.06133999999999999,-0.22639996999999998,0.7300000000000001,0.248,0.352,151.16075,0.5005,0.129,-349294823424.0,38610001920.0,306210013184.0,4654151237632.0,605610000000.0,,873050000000.0,,,75540000000.0,,50730000000.0,55900000000.0,0.3,0.1924,15.0,0.28,15.0,1783555200.0,0.18,5005.0,3292.2971645749917,4941.0,5094.973,1.80556,37.0,,,0.58706003,0.22291,False,False,,0.5,1017723.0,912423.0,2.98,10.62,23.49,,,0.0,0.2773,76.4,12.84,,True,0.7978287302602488,,0.805,India,True,21.491847826086957,50.10585855384922,89.26493369101144,75.51506074594568,63.64323021730645,12.337662337662337,67.3694779116466,18.125,50.0,,50.0,57.51102397535429,standard,94,47311177,False,36.9,False,36.97654941373534,5.6951423785594635,28.726968174204355,50.041876046901166,50.041876046901166,50.041876046901166,3,SVAG,-8,UPPTREND,False,4,0.5714285714285714,MEDEL,VÄNTA,-4.3,0.875,,2026-08-10,0,True
UU.L,United Utilities Group PLC,Utilities,Utilities - Regulated Water,United Kingdom,GBp,,0.9928714999999997,-0.930241249999999,1.1431,0.5291683175000002,4.0773335,7.783,1.241249999999999,0.10031002050000004,0.0019500005,0.048497509000000015,0.12245498999999997,0.5084250100000001,0.167,1.066,1.146,349.513,1.8214999999999995,2.524,-1420974976.0,1794300032.0,11490599936.0,20363827200.0,18127000000.0,,2616300000.0,,,1100300000.0,,586800000.0,1381900000.0,3.76,0.6113,0.54,4.38,0.3578,1782345600.0,0.585,18783.17490107376,13566.696314505618,,1509.4619,2.46154,13.0,,,0.00053,0.7512,False,False,,0.5,2197867.0,1563105.0,0.62,4.04,2.56,10.28,,-2.86,0.2868,71.3,5.46,,True,,,0.5,UK,True,41.27989130434783,73.29067878629488,46.54780094211478,72.58846310692643,56.918125560099426,,67.3694779116466,19.375,50.0,,50.0,57.496109679574566,standard,95,,True,44.5,False,36.97654941373534,50.041876046901166,35.175879396984925,50.041876046901166,50.041876046901166,50.041876046901166,5,NEUTRAL,0,UPPTREND,False,3,0.42857142857142855,LÅG,VÄNTA,5.7,0.875,SUSPICIOUS_FWD_PE;,2026-08-10,0,True
BAC,Bank of America Corporation,Financial Services,Banks - Diversified,United States,USD,441731901412.9453,-7.887239000000003,-6.673465,1.072,-6.402725975000001,3.877188,3.402,,-0.06582749624999999,-0.017295000499999998,0.03202751099999995,0.009179979999999976,-0.48956000000000005,0.07350000000000001,0.1395,0.266,,,,,868142022656.0,788985020416.0,387570925568.0,3411738000000.0,,113097000000.0,,,,,30509000000.0,12613000000.0,2.03,0.2587,1.28,2.35,0.28,1788480000.0,1.168,63.970001220703125,44.02106601735619,63.16999816894531,68.77273,1.54167,22.0,0.0,0.0,0.07458,0.71639997,False,False,,0.492,35801441.0,28531630.0,0.43,7.0,26.6,,,0.0,0.225,68.2,8.61,,False,0.8588847256276824,,0.933,US,True,,34.22351802198246,91.65186836437829,68.194385539251,57.8973157619652,23.7012987012987,67.3694779116466,,50.0,99.0,49.2,57.36772850186462,standard,96,1802343015,False,39.3,False,36.97654941373534,13.819095477386934,36.68341708542713,50.041876046901166,50.041876046901166,50.041876046901166,2,SVAG,-8,UPPTREND,False,3,0.42857142857142855,LÅG,VÄNTA,-6.6,0.75,SUSPICIOUS_FWD_PE;,2026-08-10,0,True
CAST.ST,Castellum AB (publ),Real Estate,Real Estate - Development,Sweden,SEK,,-2.9066075,-11.287048250000005,0.92,-4.968067424999999,6.1332545,11.906,-3.777000000000001,-0.1127949995,-0.007949999999999999,-0.005947502000000028,0.18957501500000007,0.26084504999999997,-0.3045,2.5225,2.355,-17.114500000000003,1.0655,0.159,-8176623424.0,93000000.0,56806998016.0,118582345728.0,155889000000.0,,9593000000.0,,,6189000000.0,,938000000.0,3921000000.0,1.83,0.2218,2.48,3.44,0.62,1766966400.0,1.471,137.0,100.25,,135.81818,,11.0,,,0.30322,0.44329,False,False,,0.5,1383191.0,1068399.0,1.0,6.02,10.28,,,-0.8,0.2764,80.9,5.86,,True,,,0.535,Nordic,True,,53.88638546688783,59.0282238258964,60.439298604948455,52.609902615845904,,67.3694779116466,20.0,50.0,,50.0,57.18201209951314,standard,97,,True,42.6,False,36.97654941373534,50.041876046901166,22.36180904522613,50.041876046901166,50.041876046901166,50.041876046901166,3,SVAG,-8,UPPTREND,False,2,0.2857142857142857,LÅG,VÄNTA,-7.9,0.875,SUSPICIOUS_FWD_PE;,2026-08-10,0,True
ISP.MI,INTESA SANPAOLO,Financial Services,Banks - Regional,Italy,EUR,,-3.1154629999999983,-3.114320499999998,1.9781,-3.0987368875000003,4.5776362,0.411,,-0.061390009999999995,-0.013150000999999988,0.09666998000000002,0.17822252499999997,-0.43729,-0.0575,-0.09850000000000002,0.074,,,,,210714001408.0,102670999552.0,10736883712.0,959887000000.0,,28529000000.0,,,,,9321000000.0,8235000000.0,5.59,0.6664,0.38,6.15,0.19,1779062400.0,0.843,6.863999843597412,4.654029173265297,,7.10857,1.66667,14.0,,,0.05559,0.38605,False,False,,0.5,56867173.0,54755924.0,0.59,8.43,21.75,20.44,,0.0,0.2703,75.1,10.68,,True,,,0.716,Europe,True,,46.04754058328594,83.23675757332364,37.05486098580081,61.948405883670574,,67.3694779116466,,50.0,,50.0,57.10618373910539,standard,98,,True,43.9,False,36.97654941373534,50.041876046901166,31.072026800670017,50.041876046901166,50.041876046901166,50.041876046901166,2,SVAG,-8,UPPTREND,False,3,0.42857142857142855,LÅG,VÄNTA,-11.8,0.75,SUSPICIOUS_FWD_PE;,2026-08-10,0,True
2881.TW,"Fubon Financial Holding Co., Ltd.",Financial Services,Insurance - Life,Taiwan,TWD,1735546681935.0,1.5482870000000002,1.8615515000000018,1.36,-0.4932577500000004,1.6577318,1.252,-5.096500000000001,0.07061999499999999,0.010580000000000003,-0.1295262495,0.07737754550000003,0.11400499,1.6615,,,56.791000000000004,-0.5147499999999998,1.007,1113612103680.0,1336526110720.0,836762796032.0,1310755520512.0,12875478154000.0,,379304535000.0,,,,,120943979000.0,14407546000.0,3.35,0.4954,4.25,3.79,4.25,1782864000.0,0.665,136.37258933167166,79.16734313964844,127.0,117.935,1.9,10.0,,,0.40671003,0.23422001,False,False,,0.5,41299532.0,21969769.0,0.48,,,,,,0.3154,55.9,,,False,0.5377553368162487,,1.0,Asia,True,,55.80698897143579,,97.10123101100052,49.48156144338978,17.20779220779221,67.3694779116466,99.0625,50.0,,50.0,57.0367548414473,standard,99,86521973,False,58.9,False,97.52931323283082,9.212730318257957,71.0217755443886,50.041876046901166,50.041876046901166,50.041876046901166,6,NEUTRAL,0,UPPTREND,False,2,0.2857142857142857,LÅG,VÄNTA,10.9,0.875,EXTREME_EARNINGS_GROWTH;SUSPICIOUS_FWD_PE;,2026-08-10,0,True
0005.HK,HSBC Holdings plc,Financial Services,Banks - Diversified,United Kingdom,HKD,2764219424675.1787,1.0562880000000003,1.0191765000000013,1.0557,-0.22743725000000015,40.992695,35.371,,0.014319985000000007,-0.0016699999999999979,0.07285375049999998,0.18040756549999998,-0.38077501,0.1595,,0.672,,,,,1219653009408.0,837577998336.0,2385160699904.0,3233034000000.0,,71020000000.0,,,,,22285000000.0,29766000000.0,3.64,0.535,5.87,5.08,0.1,1786579200.0,0.577,169.6999969482422,92.89868392798238,161.1999969482422,177.29305,1.81818,10.0,,,0.00198,0.5306,False,False,,0.5,15185504.0,17932668.0,0.47,,,,,,0.3158,60.2,,,False,0.5335257030855575,,1.0,Asia,True,,54.68051888448305,,85.71422647110178,62.975061599342936,14.61038961038961,67.3694779116466,,50.0,,50.0,56.92069351949679,standard,100,368473192,False,33.3,False,36.97654941373534,7.45393634840871,2.554438860971524,50.041876046901166,50.041876046901166,50.041876046901166,2,SVAG,-8,UPPTREND,False,3,0.42857142857142855,LÅG,VÄNTA,6.1,0.75,EXTREME_EARNINGS_GROWTH;SUSPICIOUS_FWD_PE;,2026-08-10,0,True
AVGO,Broadcom Inc.,Technology,Semiconductors,United States,USD,2035102551957.224,31.155245000000008,-3.3939837500000003,0.4376,12.271369999999997,26.967505,27.568,26.7665,0.17950248375,0.0488650035,0.28019501399999996,0.3568074594999999,0.2732799999999999,0.31499999999999995,0.579,0.875,19.028499999999998,0.5805000000000001,1.929,25803105024.0,19627999232.0,64907001856.0,2080381468672.0,171092000000.0,,63887000000.0,,,26075000000.0,,23126000000.0,27537000000.0,0.62,0.41259998,2.6,1.87,0.65,1782086400.0,1.473,494.21781760890264,279.81975145019646,427.760009765625,527.88446,1.3125,45.0,2.48,0.0147,0.01947,0.79599,False,False,,0.485,25926677.0,19658290.0,0.37,10.33,-0.95,,,-11.88,0.4774,68.4,7.33,,True,1.035183445259669,,0.857,US,True,53.389945652173914,87.3057154057661,24.974181685369203,83.28927987012317,47.23883179070987,16.883116883116884,67.3694779116466,67.1875,50.0,84.21052631578947,48.5,56.83630623676923,standard,101,8409030322,False,44.7,False,81.90954773869346,8.793969849246231,2.554438860971524,50.041876046901166,50.041876046901166,50.041876046901166,7,STARK,8,UPPTREND,False,3,0.42857142857142855,LÅG,VÄNTA,18.6,0.875,SUSPICIOUS_FWD_PE;,2026-08-10,0,True
SLM,SLM Corporation,Financial Services,Credit Services,United States,USD,5145560157.775879,-14.818582300000003,-10.460913,0.51,,3.0519373,3.912,,0.12551249875,-0.0017050004999999997,0.17303751099999995,-0.08176002000000004,0.51044,-0.013499999999999998,-0.2955,-0.179,164.59375,-0.3159999999999997,1.314,,4644066816.0,5844118016.0,6595229184.0,29746295000.0,,1984393000.0,,,,,744847000.0,-398581000.0,1.9,0.14479999,0.52,2.01,0.13,1788480000.0,0.972,32.47352474224866,17.54623391365214,27.3700008392334,28.54545,2.09091,11.0,5.99,0.1169,0.01302,1.1341001,False,False,,0.73,2796593.0,2568480.0,0.27,9.12,25.57,,,-2.51,0.426,66.7,10.9,,True,0.8655427745993791,,0.468,US,True,,67.75815865913106,68.65467689323812,20.11649717232628,32.68472004727826,92.53246753246754,67.3694779116466,,50.0,13.397129186602871,73.0,56.82969658760522,standard,102,70299300,False,52.6,False,36.97654941373534,93.96984924623115,44.72361809045226,50.041876046901166,50.041876046901166,50.041876046901166,1,SVAG,-8,UPPTREND,False,3,0.42857142857142855,LÅG,VÄNTA,-10.1,0.75,SUSPICIOUS_FWD_PE;,2026-08-10,0,True
APP,AppLovin Corporation,Communication Services,Advertising Agencies,United States,USD,106027853867.91992,0.25114299999999545,-4.749527000000002,1.088,27.858683274999994,17.059849,17.062,4.689500000000001,1.82834248875,0.40321500350000006,0.5307499499999999,0.598817455,0.39507999999999993,0.467,0.5159999999999999,0.545,34.42024999999999,3.1745,4.166,1770812160.0,3053306112.0,3515072000.0,116518731776.0,7259610000.0,,5480717000.0,,,4151914000.0,,3333764000.0,3971094000.0,,0.0,,,,,2.529,745.6099853515625,332.1919860839844,346.79998779296875,569.5,1.5,30.0,2.13,0.043,0.14382,0.74218005,False,False,,0.61,5856353.0,8482420.0,0.44,-23.34,-29.04,,,-44.68,0.79,29.8,-28.27,,False,-0.04563679134110073,,0.883,US,True,70.47418478260869,97.54966966819299,1.6945630407677486,82.80600245510936,41.59166107639814,46.103896103896105,12.449799196787147,71.5625,50.0,42.58373205741627,61.0,56.78880989370256,standard,103,2941703152,False,48.7,False,86.51591289782245,24.87437185929648,5.611390284757118,50.041876046901166,50.041876046901166,50.041876046901166,9,STARK,8,VARNING,False,3,0.42857142857142855,LÅG,VÄNTA,8.3,0.875,SUSPICIOUS_FWD_PE;,2026-08-10,0,True
B3SA3.SA,"B3 S.A. - Brasil, Bolsa, Balcão",Financial Services,Financial Data & Stock Exchanges,Brazil,BRL,,6.360231874999998,0.0074654999999985705,1.21,1.2657568199999996,7.080419,7.157,5.054000000000001,0.032219990000000004,0.037729997,0.15444749699999996,0.23244252499999996,0.64711,0.10850000000000001,0.1875,0.335,0.0,0.19650000000000034,1.859,0.0,14980616192.0,15579192320.0,75531804672.0,48487647000.0,,10067381000.0,,,6539094000.0,,4585619000.0,4358630000.0,5.76,0.66120005,0.88,3.06,0.221177,1782345600.0,0.11,20.030828945113228,11.499728453128654,,19.89286,1.85714,14.0,,,0.0,0.65445,False,False,,0.5,38487301.0,32769820.0,0.35,-2.84,-10.4,,,-24.85,0.3734,44.1,-2.66,,False,,,0.655,LatAm,True,52.43138586956522,81.99402001614514,10.796778378106069,64.8053405361695,74.63484406062265,,67.3694779116466,46.71875,50.0,,50.0,56.759195170658955,standard,104,,True,42.0,False,36.97654941373534,50.041876046901166,17.922948073701843,50.041876046901166,50.041876046901166,50.041876046901166,6,NEUTRAL,0,VARNING,False,4,0.5714285714285714,MEDEL,VÄNTA,15.2,0.875,SUSPICIOUS_FWD_PE;,2026-08-10,0,True
LMT,Lockheed Martin Corporation,Industrials,Aerospace & Defense,United States,USD,135693426043.61993,-14.358769000000002,-7.685659749999999,1.2196,5.831663924999999,1.7619319,1.979,-5.927999999999999,0.69503250075,0.02137499949999999,-0.022219986000000025,-0.006832550000000048,-0.3715800000000001,0.011999999999999997,4.326,4.368,155.52724999999998,-0.13149999999999995,0.974,4153480960.0,3791000064.0,20537999360.0,152440422400.0,59840000000.0,,75048000000.0,,,7731000000.0,,5017000000.0,8557000000.0,2.37,0.5033,13.8,2.63,3.45,1788220800.0,0.11,687.4992440281471,412.77680102996703,587.9500122070312,629.5263,2.52381,19.0,2.38,0.0162,0.00101,0.75888,False,False,,0.411,1252706.0,1175770.0,0.59,16.35,19.04,,,-9.89,0.3056,82.6,13.11,,True,0.7524902760937785,,0.721,US,True,,52.958278374152236,50.91151244946538,75.68518196514682,55.299445844483245,40.909090909090914,67.3694779116466,83.75,50.0,82.29665071770334,41.099999999999994,56.715937136637656,standard,105,691293986,False,59.0,False,90.7035175879397,22.445561139028474,69.34673366834171,50.041876046901166,50.041876046901166,50.041876046901166,4,NEUTRAL,0,UPPTREND,False,2,0.2857142857142857,LÅG,VÄNTA,3.0,0.875,SUSPICIOUS_FWD_PE;,2026-08-10,0,True
CACC,Credit Acceptance Corporation,Financial Services,Credit Services,United States,USD,6078660213.80249,-9.583952000000002,-8.040403000000001,1.77,-4.184368175,4.6636953,9.486,,0.14150249875,0.030884999499999996,0.12185751099999996,0.15168998,0.4569600299999999,0.0005000000000000004,0.5045,0.555,324.06775000000005,3.1830000000000003,4.552,,1400000.0,6286199808.0,12363459584.0,8631700000.0,,2287900000.0,,,619900000.0,,423900000.0,1054600000.0,,0.0,,,,,1.346,668.8599853515625,401.8999938964844,585.5800170898438,636.6667,3.0,3.0,6.01,0.3449,0.53248,0.74237996,False,False,,0.459,163330.0,128300.0,0.46,-7.88,10.56,,,-12.23,0.3769,34.6,-2.63,,False,0.43474233343568713,,0.923,US,True,,81.57707087029087,36.91137391216735,71.7622961949508,41.599345618671315,91.23376623376623,12.449799196787147,,50.0,11.435406698564593,45.9,56.69051483274025,standard,106,75129916,False,50.3,False,36.97654941373534,93.04857621440536,30.569514237855945,50.041876046901166,50.041876046901166,50.041876046901166,6,NEUTRAL,0,VARNING,False,2,0.2857142857142857,LÅG,VÄNTA,11.4,0.875,SUSPICIOUS_FWD_PE;,2026-08-10,0,True
SHW,The Sherwin-Williams Company,Basic Materials,Specialty Chemicals,United States,USD,89754973836.2507,5.492746749999995,5.1755229999999965,2.69,15.012434675000005,3.6769302,4.259,4.1425,0.49181249475000005,0.03580499949999999,0.0,0.018937464999999987,0.00025996999999999826,-0.03,-0.17500000000000002,0.118,329.7082500000001,-0.9884999999999997,0.413,1096893440.0,293500000.0,15031700480.0,103965605888.0,25901700000.0,,23574300000.0,,,3796700000.0,,2568500000.0,3451600000.0,0.88,0.2934,3.2,0.87,0.8,1787270400.0,1.093,376.951782499269,289.8599853515625,369.7300109863281,390.09525,2.0,21.0,2.49,0.027999999,0.06375,0.83586997,False,False,,0.29,2422251.0,2385210.0,0.29,10.23,16.26,,,-2.21,0.3201,68.6,9.94,,True,0.9237548368340777,,0.882,US,True,67.12907608695652,65.21854593297508,61.11509930605408,42.83639780144385,26.618053327541,51.94805194805194,67.3694779116466,64.6875,50.0,59.80861244019139,28.999999999999996,56.681581609713426,standard,107,881883720,False,53.5,False,84.33835845896147,27.30318257956449,38.52596314907873,50.041876046901166,50.041876046901166,50.041876046901166,4,NEUTRAL,0,UPPTREND,False,4,0.5714285714285714,MEDEL,VÄNTA,-0.8,0.875,,2026-08-10,0,True
MONY.L,MONY Group plc,Communication Services,Internet Content & Information,United Kingdom,GBp,,-2.7551020000000026,-2.930292500000001,,0.07607998749999978,2.3064713,2.439,-1.291500000000001,0.1229650075,0.12294999549999996,0.027004998000000002,0.010750005000000028,0.15208501,-0.053,-0.006999999999999999,0.013,-46.384499999999996,0.3155,1.218,-831249984.0,18500000.0,66600000.0,1092977152.0,377800000.0,,446300000.0,,,117400000.0,,81200000.0,107700000.0,6.3,0.8096,0.13,5.8,0.0336,1785369600.0,0.98,2783.584088511409,1702.5288614846502,,229.81801,2.0,11.0,,,0.12557,0.92081,False,False,,0.5,1702855.0,1382194.0,0.61,0.81,18.49,32.3,,-5.15,0.2955,52.8,5.39,,False,,,0.5,UK,True,,71.14226615617801,68.26424664832459,30.971018013599046,55.02040286814948,,67.3694779116466,,50.0,,50.0,56.5756839992049,standard,108,,True,48.6,False,36.97654941373534,50.041876046901166,62.14405360134003,50.041876046901166,50.041876046901166,50.041876046901166,3,SVAG,-8,UPPTREND,False,3,0.42857142857142855,LÅG,VÄNTA,,0.875,SUSPICIOUS_FWD_PE;,2026-08-10,0,True
RY.TO,Royal Bank of Canada,Financial Services,Banks - Diversified,Canada,CAD,409380622178.55457,-8.534737500000006,1.2046080000000003,2.3424,-0.7282846750000003,6.229448,1.666,,0.013244997500000008,-0.016870000000000003,0.10095250649999998,0.10517252500000002,-0.4001,0.0665,0.07350000000000001,0.256,,,,,794214006784.0,483078995968.0,109473488896.0,2325006000000.0,,66532000000.0,,,,,20362000000.0,55220000000.0,2.37,0.41349998,7.04,3.47,1.76,1785110400.0,0.932,304.5521703886905,176.70084150252669,294.5899963378906,276.96155,2.14286,13.0,2.25,,0.00027000002,0.49745998,False,False,,0.5,3376964.0,3490540.0,0.13,-0.78,19.85,,,-3.03,0.1621,51.0,2.71,,False,0.3814104618257855,,0.945,Canada,True,,49.60595727928188,63.63301469754789,66.18767772554395,72.98145486448144,25.324675324675322,67.3694779116466,,50.0,,50.0,56.5602279751402,standard,109,737502901,False,37.2,False,36.97654941373534,14.40536013400335,21.85929648241206,50.041876046901166,50.041876046901166,50.041876046901166,1,SVAG,-8,UPPTREND,False,4,0.5714285714285714,MEDEL,VÄNTA,-1.9,0.75,SUSPICIOUS_FWD_PE;,2026-08-10,0,True
INGA.AS,ING Groep N.V.,Financial Services,Banks - Diversified,Netherlands,EUR,,-2.102041999999999,-3.126553499999998,2.2995,-3.0822840875000006,3.4555123,4.077,,-0.03288000999999999,-0.015200000999999984,0.07198999999999997,0.07198252500000002,-0.43729,0.0165,0.01949999999999999,0.162,,,,,247878991872.0,262074007552.0,102802661376.0,1054405000000.0,,22903000000.0,,,,,6327000000.0,-6380000000.0,3.69,0.4701,1.14,5.6,0.4,1785715200.0,0.899,31.104999542236328,19.229786048552473,,31.3645,2.05,20.0,,,0.00717,0.53404,False,False,,0.5,6957571.0,6205740.0,0.57,9.32,19.75,26.21,,-0.54,0.2785,69.6,10.28,,True,,,0.94,Europe,True,,42.93386640513913,76.93163961408285,57.84676927223816,57.94911520943777,,67.3694779116466,,50.0,,50.0,56.54885424112481,standard,110,,True,45.3,False,36.97654941373534,50.041876046901166,40.36850921273032,50.041876046901166,50.041876046901166,50.041876046901166,3,SVAG,-8,UPPTREND,False,2,0.2857142857142857,LÅG,VÄNTA,-4.0,0.75,SUSPICIOUS_FWD_PE;,2026-08-10,0,True
MUFG,"Mitsubishi UFJ Financial Group, Inc.",Financial Services,Banks - Diversified,Japan,USD,253616859764.00873,-5.658958000000002,3.234043,1.8585,-6.250550775000001,0.034931242,-4.543,,-0.08322751125,-0.021835000900000005,0.011247510999999932,0.08212994999999995,-0.48956000000000005,0.19349999999999998,0.3075,0.482,,,,,143103679791104.0,108380647587840.0,-32987630534656.0,431731548000000.0,,7521125000000.0,,,,,2427229000000.0,-23064420000000.0,2.39,0.1574,0.54,3.23,0.269,1774915200.0,0.321,23.25,14.40999984741211,22.489999771118164,21.58761,2.5,2.0,2.06,0.0007,2.0000001e-05,0.032479998,False,False,,0.879,3385879.0,3597660.0,0.32,0.96,21.77,,,-4.11,0.2753,50.3,5.0,,False,0.5975196256469114,,0.838,US,True,,34.059567025614434,62.94819964484074,76.12491498070072,77.28617561412678,31.818181818181817,67.3694779116466,,50.0,94.01913875598086,97.9,56.47826228299983,standard,111,80911373,False,49.0,False,36.97654941373534,17.33668341708543,97.52931323283082,50.041876046901166,50.041876046901166,50.041876046901166,1,SVAG,-8,UPPTREND,False,4,0.5714285714285714,MEDEL,VÄNTA,-2.6,0.75,,2026-08-10,0,True
GFNORTEO.MX,GRUPO FINANCIERO BANORTE,Financial Services,Banks - Regional,Mexico,MXN,,-0.6875571250000014,-2.951781500000001,0.52,-0.47276388000000047,,8.369,,0.0,-0.030660002999999995,0.10262751699999997,0.15300252499999994,-0.30657,-0.0535,-0.2015,0.011,,,,,110442274816.0,670458249216.0,1180956491776.0,2598663000000.0,,247467000000.0,,,,,58788000000.0,81433000000.0,8.76,0.8035,17.44,7.06,10.448829,1779926400.0,0.134,203.8000030517578,148.4936126345008,,224.8,1.9375,15.0,,,0.0,0.44582,False,False,,0.5,5990946.0,4990938.0,0.15,9.75,13.6,,,-0.62,0.2571,72.6,6.18,,True,,,0.649,LatAm,True,,48.73924663009349,65.62039520912835,29.96704494293256,85.42848876278654,,67.3694779116466,,50.0,,50.0,56.46860759212838,standard,112,,True,46.8,False,36.97654941373534,50.041876046901166,50.041876046901166,50.041876046901166,50.041876046901166,50.041876046901166,0,SVAG,-8,UPPTREND,False,3,0.42857142857142855,LÅG,VÄNTA,-9.9,0.75,SUSPICIOUS_FWD_PE;,2026-08-10,0,True
AAPL,Apple Inc.,Technology,Consumer Electronics,United States,USD,4572794223433.228,-2.890072,7.597346250000001,2.4573,31.633395999999994,9.795564,9.843,4.688500000000003,1.2942026037499996,0.19849501949999998,0.16790499399999997,0.19315747949999998,-0.003029999999999977,0.0,0.011999999999999955,0.271,23.45549999999999,-0.6545,0.812,106312731392.0,62399000576.0,84343996416.0,4594739445760.0,359241000000.0,,416161000000.0,,,133050000000.0,,112010000000.0,111482000000.0,0.35,0.1204,1.08,0.5,0.27,1786320000.0,1.086,344.57000732421875,218.38362983130105,313.3299865722656,322.81854,2.08696,41.0,2.28,0.01,0.01647,0.65941,False,False,,0.565,56809803.0,63789980.0,0.41,-3.43,4.7,,,-9.89,0.2897,36.3,-1.04,,False,0.2763940441003229,,0.899,US,True,75.44972826086956,83.88602122240147,32.5698039067518,57.386361978595055,45.34810133629687,12.012987012987013,67.3694779116466,78.4375,50.0,90.43062200956938,56.49999999999999,56.45776819964986,standard,113,19987313577,False,46.9,False,87.1859296482412,5.611390284757118,11.306532663316583,50.041876046901166,50.041876046901166,50.041876046901166,5,NEUTRAL,0,VARNING,False,3,0.42857142857142855,LÅG,VÄNTA,4.2,0.875,,2026-08-10,0,True
FPH.NZ,Fisher & Paykel Healthcare Corp,Healthcare,Medical Instruments & Supplies,New Zealand,NZD,,18.658637999999996,15.9469195,43.64,2.470185725,,10.466,12.0965,0.06692000675000002,0.07905999849999998,0.09015000599999999,0.10934744499999999,0.14729000000000003,0.05300000000000002,-0.0030000000000000027,0.141,-55.65625000000001,0.48650000000000004,1.615,-1009731552.0,461100000.0,146100000.0,24160266240.0,2853600000.0,,2308400000.0,,,477800000.0,,468500000.0,,1.25,0.5422,0.52,1.47,0.33,1782086400.0,0.892,43.189998626708984,31.88340762441554,41.70000076293945,40.29545,2.41667,11.0,,,0.036510002,0.38022998,False,False,,0.5,491662.0,319642.0,0.92,5.71,24.17,,,-1.84,0.3178,67.7,7.34,,True,0.7559777084663727,,0.5,US,True,30.543478260869563,75.53308925917376,70.78248384781048,45.30600809407295,56.31199830241534,,67.3694779116466,25.0,50.0,,50.0,56.40327477417833,standard,114,13329072,False,46.8,False,36.97654941373534,50.041876046901166,50.041876046901166,50.041876046901166,50.041876046901166,50.041876046901166,3,SVAG,-8,UPPTREND,False,3,0.42857142857142855,LÅG,VÄNTA,-2.6,0.875,,2026-08-10,0,True
ENVA,"Enova International, Inc.",Financial Services,Credit Services,United States,USD,6290324434.24324,-3.4327580000000033,-6.332364,,-3.8088513750000006,3.718165,6.621,,0.08299249874999999,0.0279249995,-0.05310248900000006,-0.07443002000000004,0.34335,0.2165,0.1975,0.38,265.45075,18.496000000000006,19.122,,135266000.0,5045454848.0,11200513024.0,6468432000.0,,3151653000.0,,,406727000.0,,308389000.0,1819121000.0,,0.0,,,,,1.234,265.5400085449219,102.75499725341797,252.63999938964844,277.14285,1.28571,7.0,4.67,0.1084,0.04531,0.97379,False,False,,0.187,346912.0,357790.0,0.42,7.97,48.31,,,-4.76,0.4038,63.0,14.05,,True,0.6947710352625317,,0.944,US,True,,58.59132542649614,68.91726804448307,77.14842910818416,44.228154096359404,90.9090909090909,12.449799196787147,,50.0,17.22488038277512,18.7,56.3188138241959,standard,115,90392065,False,51.4,False,36.97654941373534,92.71356783919597,38.19095477386934,50.041876046901166,50.041876046901166,50.041876046901166,5,NEUTRAL,0,UPPTREND,False,2,0.2857142857142857,LÅG,VÄNTA,8.3,0.875,SUSPICIOUS_FWD_PE;,2026-08-10,0,True
6098.T,"Recruit Holdings Co., Ltd.",Communication Services,Internet Content & Information,Japan,JPY,18327936072885.0,16.209183249999995,16.113030499999994,3.3472,7.837523150000001,4.957045,4.805,11.985999999999997,0.10867997799999995,0.075480004,0.002469995999999988,-0.06606253500000003,0.25254999999999994,0.054000000000000006,0.5569999999999999,0.523,-13.579000000000002,-0.3569999999999999,1.559,97639399424.0,725578022912.0,186275004416.0,17765209473024.0,2789018000000.0,,3697351000000.0,,,630567000000.0,,496912000000.0,610363000000.0,0.2,0.0719,26.0,0.36,13.0,1790640000.0,0.905,13320.0,6028.418262645158,13165.0,13018.75,1.4375,16.0,,,0.04445,0.54161,False,False,,0.5,5235990.0,4207370.0,1.37,,,,,,0.5003,53.5,,,False,0.9787677943739819,,1.0,Japan,True,53.67527173913044,65.67168428623485,,79.20340065694768,33.44958287054035,6.493506493506493,67.3694779116466,57.8125,50.0,,50.0,56.240870161438636,standard,117,348205093,False,48.8,False,86.18090452261306,2.554438860971524,29.061976549413735,50.041876046901166,50.041876046901166,50.041876046901166,6,NEUTRAL,0,UPPTREND,False,3,0.42857142857142855,LÅG,VÄNTA,15.6,0.875,,2026-08-10,0,True
CRWD,"CrowdStrike Holdings, Inc.",Technology,Software - Infrastructure,United States,USD,218335152953.11157,,111.87530625,6.2068,36.176304,42.85956,42.135,3595.8215,-0.19579749614999997,-0.08235500100000001,-0.114264986,-0.15515253950000005,0.2618,0.092,,,-37.4215,-0.12649999999999995,1.333,517220992.0,4552800768.0,821342976.0,214645145600.0,11086684000.0,,4812005000.0,,,-293292000.0,,-162502000.0,1612349000.0,,0.0,,,,,1.234,219.35000610351562,85.68000030517578,214.4199981689453,193.1296,1.66038,50.0,2.46,0.0274,0.01474,0.74251,False,False,,0.49,11701038.0,7782630.0,0.59,20.35,66.82,,,0.0,0.5541,75.1,20.88,,True,0.8847557799720198,,0.89,US,True,37.376358695652165,27.365695848872537,97.11669248498129,72.93936616029336,28.42858519008267,34.090909090909086,12.449799196787147,52.81249999999999,50.0,60.76555023923444,49.0,56.22972620993725,standard,118,1668751510,False,44.9,False,76.88442211055276,18.341708542713565,2.554438860971524,50.041876046901166,50.041876046901166,50.041876046901166,3,SVAG,-8,UPPTREND,False,2,0.2857142857142857,LÅG,VÄNTA,-2.6,0.75,EXTREME_EARNINGS_GROWTH;,2026-08-10,0,True
EGIE3.SA,Engie Brasil Energia S.A.,Utilities,Utilities - Renewable,Brazil,BRL,,0.008321375000001296,-3.6448342500000006,1.38,0.0,3.0779254,4.447,-1.2182499999999994,0.09179499299999999,0.0,0.10216249699999999,0.19439500499999995,0.18184997999999997,0.07600000000000001,2.6159999999999997,2.7,25.73699999999998,0.0,1.0,-443573760.0,6530681856.0,32331286528.0,60842655744.0,55312909000.0,,12860075000.0,,,5560612000.0,,2582841000.0,3345511000.0,6.08,0.598,1.82,5.3,0.544207,1787270400.0,0.323,38.81747982017697,26.72913486298667,,34.11286,3.71429,14.0,,,0.68711996,0.19567,False,False,,0.5,3063998.0,4192500.0,0.9,-10.67,-11.78,,,-23.5,0.2883,36.1,-9.96,,True,,,0.325,LatAm,True,,71.90958434999281,10.418949383509023,67.1253138181428,67.01292554176973,,67.3694779116466,37.8125,50.0,,50.0,56.2070446605649,standard,119,,True,45.9,False,36.97654941373534,50.041876046901166,44.30485762144053,50.041876046901166,50.041876046901166,50.041876046901166,6,NEUTRAL,0,VARNING,False,4,0.5714285714285714,MEDEL,VÄNTA,20.8,0.875,SUSPICIOUS_FWD_PE;,2026-08-10,0,True
MYCR.ST,Mycronic AB (publ),Industrials,Specialty Industrial Machinery,Sweden,SEK,,8.575565000000001,-2.4356072500000074,0.42,0.0,7.315011,7.053,3.951999999999998,0.0,0.06647999999999997,0.06777750000000002,0.08332501499999999,0.10435500000000003,0.07600000000000001,0.072,0.182,-69.197,0.9284999999999999,1.476,673876672.0,2687000064.0,420000000.0,61000478720.0,10922000000.0,,7938000000.0,,,2017000000.0,,1560000000.0,1407000000.0,1.0,0.366,3.25,1.36,3.25,1778112000.0,0.701,353.20001220703125,181.32472841046936,,311.5,,4.0,,,0.002,0.82304,False,False,,0.5,275171.0,260042.0,1.03,7.41,8.89,,,-9.82,0.4192,29.0,0.6,,False,,,0.468,Nordic,True,68.21875,68.25486520601592,37.845713530056294,47.45688012191832,57.26038058702849,,67.3694779116466,65.3125,50.0,,50.0,56.03789873540379,standard,121,,True,41.8,False,36.97654941373534,50.041876046901166,17.16917922948074,50.041876046901166,50.041876046901166,50.041876046901166,5,NEUTRAL,0,UPPTREND,False,3,0.42857142857142855,LÅG,VÄNTA,5.1,0.875,SUSPICIOUS_FWD_PE;,2026-08-10,0,True
APPF,"AppFolio, Inc.",Technology,Software - Application,United States,USD,4787123449.895859,5.5226250000000014,-1.739479750000001,7.45,2.4391460000000005,6.7623096,6.584,12.529500000000004,0.12759250375,0.11515498950000001,0.04305501399999999,0.05537745949999996,0.14576,0.028999999999999998,-0.09300000000000003,0.155,-48.19050000000001,2.1735,3.349,-1210224192.0,221684992.0,35775000.0,6852862976.0,688967000.0,,950822000.0,,,152917000.0,,140923000.0,242105000.0,,0.0,,,,,0.811,300.25,142.55999755859375,198.74000549316406,225.11111,1.3,9.0,7.35,0.113199994,0.04599,0.95982003,False,False,,0.718,396808.0,458360.0,0.52,10.2,24.24,,,-0.64,0.4908,69.6,16.32,,True,0.9181498263338499,,0.702,US,True,17.422554347826086,73.78653239400751,75.16876361758668,47.4823032770402,54.999071834886024,92.85714285714286,12.449799196787147,7.187499999999999,50.0,15.311004784688995,71.8,55.87252789879974,standard,122,91094469,False,48.8,False,36.97654941373534,94.30485762144055,19.430485762144052,50.041876046901166,50.041876046901166,50.041876046901166,4,NEUTRAL,0,UPPTREND,False,2,0.2857142857142857,LÅG,VÄNTA,-0.4,0.875,SUSPICIOUS_FWD_PE;,2026-08-10,0,True
GTT.PA,Gaztransport & Technigaz SA,Energy,Oil & Gas Equipment & Services,France,EUR,,2.947832000000002,3.3228485000000045,,7.2463739375000005,9.111366,8.764,2.251500000000001,0.59243503,0.296924998,0.43621749750000005,0.39411500499999996,0.5304000000000002,-0.316,-0.8995000000000001,0.169,-30.263500000000008,0.8865000000000001,1.868,-589334528.0,381900000.0,102300000.0,7026481664.0,1045800000.0,,803000000.0,,,521300000.0,,413600000.0,423200000.0,4.37,0.75,8.6,3.63,4.3,1796688000.0,0.445,209.66549742538493,140.2910081113989,,223.18182,1.72727,11.0,,,0.01476,0.52927,False,False,,0.5,95533.0,106007.0,0.74,6.9,0.37,17.67,,-1.9,0.2537,66.8,5.73,,True,,,0.5,Europe,True,36.921195652173914,97.29008324655967,51.29939325222994,21.167651661749268,75.54805103379991,,67.3694779116466,16.875,50.0,,50.0,55.691880443857485,standard,123,,True,41.2,False,36.97654941373534,50.041876046901166,12.73031825795645,50.041876046901166,50.041876046901166,50.041876046901166,2,SVAG,-8,UPPTREND,False,3,0.42857142857142855,LÅG,VÄNTA,-12.5,0.875,,2026-08-10,0,True
DNB.OL,DNB Bank ASA,Financial Services,Banks - Regional,Norway,NOK,,-3.3518870000000014,-4.085022500000006,5.22,-4.696089799999999,5.0219173,14.812,,-0.067350002,-0.016069999999999997,0.18607499699999996,0.14215754000000003,-0.43674500000000005,-0.0865,-0.2445,-0.061,,,,,593617027072.0,1445948948480.0,1298758238208.0,3695290000000.0,,89445000000.0,,,,,43547000000.0,72590000000.0,5.83,0.6529,18.0,5.9,18.0,1776816000.0,0.338,309.79998779296875,242.37177426885742,,305.70587,3.11765,17.0,,,0.45593,0.45528,False,False,,0.5,1701333.0,1145888.0,0.81,2.55,10.79,,,-0.84,0.1627,67.2,3.54,,True,,,0.901,Nordic,True,,47.01685586891206,59.59402274530548,32.141569856042025,91.53872358694841,,67.3694779116466,,50.0,,50.0,55.643718081446806,standard,124,,True,43.6,False,36.97654941373534,50.041876046901166,28.643216080402013,50.041876046901166,50.041876046901166,50.041876046901166,1,SVAG,-8,UPPTREND,False,2,0.2857142857142857,LÅG,VÄNTA,-10.5,0.75,SUSPICIOUS_FWD_PE;,2026-08-10,0,True
CME,CME Group Inc.,Financial Services,Financial Data & Stock Exchanges,United States,USD,94805842434.3071,-0.02246900000000096,1.789909999999999,4.6082,-4.436534775,14.030467,14.266,5.620499999999998,-0.019797501250000002,-0.012175000499999996,0.37121751099999994,0.27649002999999994,0.51044,-0.0865,-0.17650000000000002,0.016,-56.977250000000005,-0.6319999999999998,0.019,1499868416.0,2275599872.0,3868499968.0,96399564800.0,198424200000.0,,6520600000.0,,,4229500000.0,,4072200000.0,4277100000.0,1.97,0.95419997,5.2,3.57,1.3,1788912000.0,0.267,319.81669858888057,218.30999755859375,263.6600036621094,283.93332,2.4375,15.0,1.47,0.018099999,0.00429,0.91931,False,False,,0.478,3349796.0,2144450.0,0.28,8.69,-5.24,,,-16.01,0.2819,84.9,6.48,,True,0.7156923330981131,,0.682,US,True,69.5,72.7698774666371,16.064659135275374,29.762990629108586,56.263597667278304,49.67532467532468,67.3694779116466,72.5,50.0,79.18660287081339,47.8,55.618410864788586,standard,125,565405695,False,49.2,False,86.26465661641541,26.46566164154104,7.6214405360134005,50.041876046901166,50.041876046901166,50.041876046901166,3,SVAG,-8,UPPTREND,False,3,0.42857142857142855,LÅG,VÄNTA,-9.5,0.875,SUSPICIOUS_FWD_PE;,2026-08-10,0,True
IOT,Samsara Inc.,Technology,Software - Infrastructure,United States,USD,,370.059835,20.085806249999997,,4.863475000000001,,13.34,-17891.0035,-0.14965749824999997,-0.0755550006,-0.075054986,-0.11804254050000004,0.27341999999999994,0.141,,,-50.4115,-0.036499999999999866,1.202,-1166463808.0,804318976.0,69020000.0,23085889536.0,2540674000.0,,1618635000.0,,,-52576000.0,,-9117000.0,236210000.0,,0.0,,,,,1.336,47.470001220703125,23.3799991607666,40.880001068115234,44.31429,,21.0,6.99,0.1263,0.03869,1.0429901,False,False,,0.615,6129150.0,5336220.0,0.86,7.4,36.07,,,-3.24,0.6699,57.7,12.27,,True,0.9553181837972984,,1.0,US,True,,29.76949242986131,70.29288044231181,85.85123101100052,27.20667145353558,,12.449799196787147,22.8125,50.0,11.961722488038278,61.5,55.54048484401897,standard,126,218144679,False,46.8,False,36.97654941373534,50.041876046901166,50.041876046901166,50.041876046901166,50.041876046901166,50.041876046901166,3,SVAG,-8,UPPTREND,False,2,0.2857142857142857,LÅG,VÄNTA,-7.8,0.875,EXTREME_EARNINGS_GROWTH;,2026-08-10,0,True
HWM,Howmet Aerospace Inc.,Industrials,Aerospace & Defense,United States,USD,112414140297.39246,26.637216000000002,20.459941249999996,0.8,10.877914425000002,12.330169,12.799,20.557000000000002,0.15070250075,0.062064999499999975,0.101370014,0.15274745499999995,-0.12924000000000002,0.148,0.21800000000000003,0.312,-0.18675000000000086,0.49350000000000005,0.695,-197394048.0,563000000.0,4501000192.0,116690001920.0,11179000000.0,,8252000000.0,,,2130000000.0,,1508000000.0,1884000000.0,0.19,0.1034,0.56,0.22,0.14,1786060800.0,,309.85021717387974,169.09794668683935,281.8800048828125,320.328,1.45455,20.0,2.3,0.0198,0.0087,0.94507,False,False,,0.399,2696887.0,2388560.0,0.5,4.43,3.55,,,-2.79,0.3457,53.8,3.92,,True,0.5315848107493,,0.931,US,True,38.39538043478261,71.11455018613651,44.033135602826164,73.33443222986952,55.41791077544569,45.45454545454545,67.3694779116466,43.4375,50.0,76.07655502392345,39.900000000000006,55.42587046895327,standard,127,673287304,False,46.4,False,75.71189279731993,24.288107202680067,8.961474036850921,50.041876046901166,50.041876046901166,50.041876046901166,5,NEUTRAL,0,UPPTREND,False,3,0.42857142857142855,LÅG,VÄNTA,6.6,0.75,,2026-08-10,0,True
VICI,VICI Properties Inc.,Real Estate,REIT - Diversified,United States,USD,29442813755.863346,-24.961375,-20.54572975,,-6.4579994,7.1853724,11.572,-10.469,-0.008932498750000004,0.0131949995,0.4289050119999999,0.33997742500000006,0.5031500499999999,-0.0075,-0.46049999999999996,-0.391,-35.828250000000004,10.4695,11.235,-1142115072.0,300947008.0,17843673088.0,47417503744.0,46724168000.0,,4006116000.0,,,3655301000.0,,2775493000.0,2509991000.0,6.78,0.69769996,1.8,5.15,0.45,1781740800.0,0.687,31.85284675822461,25.815000534057617,26.739999771118164,32.79167,1.84,24.0,2.34,0.028399998,0.00282,0.97754997,False,False,,0.639,9635404.0,11801420.0,0.35,-1.16,-8.25,,,-11.18,0.208,42.8,-2.62,,True,0.6015560018503066,,0.386,US,True,,79.36318225837957,19.821223914056496,16.38030856520976,83.8776897606011,74.67532467532467,67.3694779116466,30.625000000000004,50.0,59.33014354066985,63.9,55.292760779784174,standard,128,315569968,False,46.0,False,36.97654941373534,77.1356783919598,17.587939698492463,50.041876046901166,50.041876046901166,50.041876046901166,3,SVAG,-8,VARNING,False,3,0.42857142857142855,LÅG,VÄNTA,-9.3,0.875,SUSPICIOUS_FWD_PE;,2026-08-10,0,True
HIG,"The Hartford Insurance Group, Inc.",Financial Services,Insurance - Diversified,United States,USD,39277463554.96765,-12.464822000000003,-8.140682,0.12,-5.991809575,1.3398417,1.349,-7.506499999999999,0.04279250875,0.011525001500000001,-0.11431248900000003,-0.19772002000000002,-0.11087999999999998,-0.013499999999999998,0.15949999999999998,0.305,-49.23425000000001,0.12200000000000022,0.999,4098355968.0,3991000064.0,4384000000.0,39537541120.0,85997000000.0,,28071000000.0,,,,,3836000000.0,5922000000.0,1.66,0.1602,2.4,1.93,0.6,1788220800.0,0.458,146.07000732421875,118.72969720488905,143.27999877929688,149.85,2.30435,20.0,0.03,0.0002,0.00357,0.96933997,False,False,,0.816,1783725.0,1750630.0,0.3,0.62,7.73,,,-2.77,0.2071,49.2,4.38,,False,0.6828805491380847,,0.816,US,True,,37.92124609252933,49.05794637347137,58.46340020863604,75.08714242108535,69.48051948051948,67.3694779116466,96.875,50.0,96.17224880382776,91.6,55.27287277935354,standard,129,250830264,False,69.4,False,97.52931323283082,74.12060301507537,75.79564489112228,50.041876046901166,50.041876046901166,50.041876046901166,5,NEUTRAL,0,UPPTREND,False,2,0.2857142857142857,LÅG,VÄNTA,1.6,0.875,SUSPICIOUS_FWD_PE;,2026-08-10,0,True
CPG.L,Compass Group PLC,Consumer Cyclical,Restaurants,United Kingdom,USD,,6.015798,5.424226000000005,1.6509,2.0730452374999997,1.1288662,1.308,2.8069999999999986,0.04275502250000001,0.0011699984999999948,-0.082045005,-0.11867499499999996,0.24706498000000002,0.032,0.06000000000000001,0.163,31.069500000000012,-0.5190000000000002,0.622,1062875072.0,523000000.0,9130999808.0,63423811584.0,26715000000.0,,46070000000.0,,,3295000000.0,,1868000000.0,3366000000.0,2.12,0.5592,0.69,2.93,0.255,1781740800.0,0.653,436.71985387286986,240.39214640123015,,38.15,1.84211,20.0,,,0.00121,0.76821,False,False,,0.5,2867242.0,1970890.0,0.65,-0.5,-0.09,53.93,,-5.29,0.6687,57.4,-0.2,,True,,,0.5,UK,True,76.13722826086956,47.65626885249783,54.650791343228775,47.179757674938045,42.155675132875636,,67.3694779116466,74.0625,50.0,,50.0,55.220360159103045,standard,130,,True,51.3,False,36.97654941373534,50.041876046901166,80.23450586264657,50.041876046901166,50.041876046901166,50.041876046901166,5,NEUTRAL,0,VARNING,False,2,0.2857142857142857,LÅG,VÄNTA,4.5,0.875,,2026-08-10,0,True
NNN,"NNN REIT, Inc.",Real Estate,REIT - Retail,United States,USD,8911224639.709568,-12.0578705,-7.360873749999998,4.79,-5.456664999999999,9.348286,14.673,-7.247,-0.020232498749999994,0.004154999500000001,0.157475012,0.255117455,0.47137999999999997,0.012499999999999997,-0.0815,-0.026,16.01274999999999,0.38549999999999995,1.152,-2754959488.0,4223000.0,5001272832.0,13987117056.0,9379355000.0,,926213000.0,,,569868000.0,,389777000.0,667131000.0,5.28,1.1823001,2.48,5.19,0.62,1785456000.0,,49.35604771825488,37.3262815539782,46.84000015258789,47.56667,2.94118,15.0,4.26,0.0515,0.008590001,0.97902,False,False,,0.847,1731451.0,1418090.0,0.39,-1.83,4.95,,,-6.24,0.1793,21.4,-0.9,,False,0.1825523701791011,,0.661,US,True,,74.065706062895,38.52312943161925,38.46008647589127,80.04295834431076,87.66233766233766,29.71887550200803,6.25,50.0,33.014354066985646,94.7,55.17068877236613,standard,131,66423336,False,47.1,False,36.97654941373534,89.9497487437186,12.227805695142377,50.041876046901166,50.041876046901166,50.041876046901166,4,NEUTRAL,0,VARNING,False,2,0.2857142857142857,LÅG,VÄNTA,7.7,0.75,SUSPICIOUS_FWD_PE;,2026-08-10,0,True
PSA,Public Storage,Real Estate,REIT - Industrial,United States,USD,61327302503.39441,-3.9995595,6.062483250000001,4.7541,4.443318000000001,12.489156,14.671,-2.535999999999998,0.11186750125000001,0.034864999499999993,0.17027499199999993,0.09518743499999999,0.2546399999999999,-0.0315,0.4045,0.395,13.52675,-0.5465,0.13,925096192.0,259936000.0,10180214784.0,72039792640.0,20208604000.0,,4824113000.0,,,2260491000.0,,1784348000.0,3186449000.0,3.67,1.145,12.0,3.49,3.0,1781481600.0,0.945,335.54998779296875,251.61751865534993,328.3999938964844,336.41177,2.52381,17.0,6.77,0.0499,0.0956,0.81635004,False,False,,0.731,1061161.0,1201210.0,0.21,0.34,4.63,,,-2.27,0.2468,63.0,1.34,,True,0.7745375619437439,,0.687,US,True,,78.35423110189572,46.2912935605345,59.434164623173594,55.99437824498819,60.71428571428571,29.71887550200803,67.8125,50.0,35.16746411483253,73.1,55.147518818011754,standard,132,394477357,False,56.0,False,87.10217755443887,69.43048576214406,8.710217755443885,50.041876046901166,50.041876046901166,50.041876046901166,6,NEUTRAL,0,UPPTREND,False,1,0.14285714285714285,LÅG,VÄNTA,8.1,0.875,,2026-08-10,0,True
SEB-A.ST,Skandinaviska Enskilda Banken AB (publ),Financial Services,Banks - Regional,Sweden,SEK,,-0.22311100000000117,-0.9732745000000058,2.3237,-4.5089542,5.8588095,8.538,,-0.077220002,-0.01957,0.12568499699999996,0.09357751000000004,-0.43674500000000005,-0.07150000000000001,-0.1255,0.05,,,,,958754979840.0,1158076956672.0,636407644160.0,3670681000000.0,,77063000000.0,,,,,31063000000.0,34721000000.0,3.77,0.5421,8.5,4.95,11.0,1774396800.0,0.434,228.0,162.4267927822348,,207.35294,2.70588,17.0,,,0.00988,0.73033,False,False,,0.5,2375595.0,2226638.0,0.84,11.13,23.87,,,-2.2,0.1986,61.3,9.81,,True,,,0.552,Nordic,True,,42.2790003492194,68.4012166093626,30.804842539937326,86.25774658403643,,67.3694779116466,,50.0,,50.0,55.12262037006191,standard,133,,True,42.8,False,36.97654941373534,50.041876046901166,23.450586264656618,50.041876046901166,50.041876046901166,50.041876046901166,0,SVAG,-8,UPPTREND,False,3,0.42857142857142855,LÅG,VÄNTA,-11.3,0.75,SUSPICIOUS_FWD_PE;,2026-08-10,0,True
ASIANPAINT.NS,Asian Paints Limited,Basic Materials,Specialty Chemicals,India,INR,2621892146825.0,14.734279750000002,15.846174499999993,,4.176561250000002,7.050575,6.946,0.0,,,0.0016099900000000195,-0.010704989999999998,0.012240020000000018,0.074,0.08100000000000002,0.4,-5.870249999999999,,,,86016401408.0,39289298944.0,2583112712192.0,345344900000.0,,355409000000.0,,,56071900000.0,,43253500000.0,70881800000.0,1.0,0.5534,27.5,0.88,23.0,1782172800.0,0.289,2960.0187763517797,2096.8080953222207,2735.0,3021.4412,2.38235,34.0,,,0.52881,0.26722,False,False,,0.5,1251456.0,1349411.0,0.71,3.69,5.78,,,-2.14,0.2446,58.4,1.97,,True,0.6182550778214335,,0.795,India,True,,50.53304904051172,48.86556844372237,65.06024806165536,83.04431419398193,15.259740259740258,67.3694779116466,,50.0,,50.0,55.051244819168026,standard,135,38730602,False,35.6,False,36.97654941373534,7.6214405360134005,18.090452261306535,50.041876046901166,50.041876046901166,50.041876046901166,3,SVAG,-8,UPPTREND,False,3,0.42857142857142855,LÅG,VÄNTA,-7.2,0.75,,2026-08-10,0,True
DANSKE.CO,Danske Bank A/S,Financial Services,Banks - Regional,Denmark,DKK,,-1.6110225000000007,-3.5908075000000057,6.9181,-4.632729199999999,5.236585,22.209,,-0.078530012,-0.0206999996,0.11834499699999997,0.10853754000000006,-0.43674500000000005,-0.014499999999999999,-0.049500000000000016,0.137,,,,,597056028672.0,1576987000832.0,1282844000256.0,3753911000000.0,,56845000000.0,,,,,23037000000.0,22555000000.0,4.49,0.5841,16.94,5.27,6.14,1777852800.0,0.595,379.5,234.53162597468966,,382.625,2.0,16.0,,,0.21534,0.33893,False,False,,0.5,984260.0,683209.0,0.74,2.13,15.96,,,-1.16,0.2158,60.8,4.9,,True,,,0.724,Nordic,True,,41.854603921304374,65.37512122013577,45.197328937971626,79.10242290748899,,67.3694779116466,,50.0,,50.0,55.030769060426024,standard,136,,True,43.3,False,36.97654941373534,50.041876046901166,27.051926298157454,50.041876046901166,50.041876046901166,50.041876046901166,1,SVAG,-8,UPPTREND,False,3,0.42857142857142855,LÅG,VÄNTA,-8.0,0.75,SUSPICIOUS_FWD_PE;,2026-08-10,0,True
WES.AX,Wesfarmers Limited,Consumer Cyclical,Home Improvement Retail,Australia,AUD,102288972060.49603,2.2669237500000055,9.819768500000006,1.51,8.9960151375,2.2034588,2.461,2.3804999999999996,0.24732501,0.03428999599999999,-0.014118750499999985,-0.058558762499999986,0.06505000000000002,-0.044,-0.009999999999999995,0.093,0.0,0.10549999999999982,0.322,0.0,729000000.0,12688000000.0,114247999488.0,27981000000.0,,45576000000.0,,,3822000000.0,,2926000000.0,,2.36,0.763,2.13,3.11,1.02,1771891200.0,0.818,93.53029414522805,70.80000305175781,90.0999984741211,76.84426,3.92857,14.0,,,0.00715,0.33495,False,False,,0.5,1778942.0,1294542.0,0.8,-1.95,25.14,2.86,,-3.68,0.213,41.2,1.93,,False,0.4521136464668588,,0.5,Australia,True,57.3226902173913,60.0144680945354,57.58809483357634,34.82617896140278,74.77623046269102,48.05194805194805,67.3694779116466,46.71875,50.0,,50.0,55.010240265271754,standard,137,82354180,False,57.2,False,85.25963149078727,25.54438860971524,63.65159128978225,50.041876046901166,50.041876046901166,50.041876046901166,3,SVAG,-8,UPPTREND,False,3,0.42857142857142855,LÅG,VÄNTA,-9.3,0.875,,2026-08-10,0,True
AMT,American Tower Corporation,Real Estate,REIT - Specialty,United States,USD,80396743553.52612,-7.639590500000001,-5.027064749999999,1.6372,14.141358999999998,7.3478723,11.895,-5.023999999999997,0.23171753125,0.013944999500000001,0.06477501199999998,0.09225745499999999,0.24818004000000002,-0.0175,1.3385,1.365,342.61575000000005,-0.4145000000000001,0.299,1510868480.0,1762499968.0,44979900416.0,130146942976.0,63190400000.0,,10644600000.0,,,4929200000.0,,2529500000.0,5464000000.0,4.08,0.8226,6.98,2.93,1.79,1781222400.0,0.894,206.8013147771297,160.05999755859375,172.5399932861328,215.47826,1.56,23.0,2.15,0.0189,0.00075,0.96085,False,False,,0.473,3352488.0,3653130.0,0.21,-0.18,-3.75,,,-12.01,0.3029,56.9,-3.01,,True,0.6652030384946632,,1.0,US,True,,73.59812693343629,21.331910177453683,78.6615884573277,36.397162690483405,55.1948051948052,67.3694779116466,65.9375,50.0,78.4688995215311,47.3,54.964384358091884,standard,138,630311026,False,51.4,False,87.68844221105527,29.229480737018427,16.917922948073702,50.041876046901166,50.041876046901166,50.041876046901166,4,NEUTRAL,0,VARNING,False,3,0.42857142857142855,LÅG,EJ AKTUELL,4.5,0.875,SUSPICIOUS_FWD_PE;,2026-08-10,0,True
EAT,"Brinker International, Inc.",Consumer Cyclical,Restaurants,United States,USD,9658330177.116852,-9.04075,-4.230741499999997,1.5912,14.994436425000004,1.6845437,1.979,-7.023999999999999,1.2057425037499998,0.0685149965,-0.0023899880000000234,0.01450245499999997,-0.30362000000000006,-0.043,0.018000000000000002,0.074,350.16925,-0.934,0.228,-1083356576.0,57100000.0,1748000000.0,11349230592.0,2678600000.0,,5384200000.0,,,553800000.0,,383100000.0,679000000.0,,0.0,,3.47,0.38,1583366400.0,1.254,229.99000549316406,100.30000305175781,225.1999969482422,198.66667,1.68182,21.0,5.71,0.1865,0.0117,1.15886,False,False,,0.386,1033517.0,1061080.0,0.41,19.53,62.05,,,-0.45,0.5189,74.8,27.06,,True,0.8694794301662736,,0.895,US,True,,61.114205671559844,84.33332073903352,46.8949411006045,16.509634716945378,86.68831168831169,12.449799196787147,15.312500000000002,50.0,5.741626794258373,38.6,54.92898563374766,standard,139,238955213,False,55.7,False,36.97654941373534,89.19597989949749,70.51926298157454,50.041876046901166,50.041876046901166,50.041876046901166,2,SVAG,-8,UPPTREND,False,2,0.2857142857142857,LÅG,EJ AKTUELL,-0.8,0.875,SUSPICIOUS_FWD_PE;,2026-08-10,0,True
NWG.L,NatWest Group plc,Financial Services,Banks - Regional,United Kingdom,GBp,,-2.7723860000000027,-2.166759,1.6575,-2.5520561625000004,3.3741133,-2.036,,-0.0696949825,-0.016769997499999995,0.07356247899999996,0.07055252999999996,-0.47701499,0.05049999999999999,0.09849999999999998,0.261,,,,,227988996096.0,137065996288.0,-34213083136.0,714553000000.0,,16609000000.0,,,,,5831000000.0,7072000000.0,4.92,0.4357,0.35,4.79,0.12,1786579200.0,0.815,9325.03469467163,6284.343512946885,,778.167,1.83333,18.0,,,0.00061,0.61625,False,False,,0.5,24380603.0,27889460.0,0.51,8.67,26.21,17.7,,-1.52,0.3293,64.1,8.24,,True,,,1.0,UK,True,,39.67669052316283,71.54553577527632,68.63930445151568,53.092100350929584,,67.3694779116466,,50.0,,50.0,54.9073591988183,standard,140,,True,45.5,False,36.97654941373534,50.041876046901166,41.37353433835846,50.041876046901166,50.041876046901166,50.041876046901166,2,SVAG,-8,UPPTREND,False,3,0.42857142857142855,LÅG,EJ AKTUELL,-1.4,0.75,SUSPICIOUS_FWD_PE;,2026-08-10,0,True
EVO.ST,Evolution AB (publ),Consumer Cyclical,Gambling,Sweden,SEK,,-10.6516595,-8.574390000000001,,26.855664000000004,68.29146,69.071,94.428,0.04018000299999998,0.06894999699999997,0.40563749299999996,0.39629001499999994,0.563255,-0.087,-0.06,0.013,-74.058,0.7339999999999998,2.004,0.0,1153538944.0,90203000.0,141744472064.0,5521787000.0,,2066540000.0,,,1205639000.0,,1062096000.0,1255217000.0,5.05,0.0,30.5,2.46,2.8,1747008000.0,0.718,887.5999755859375,515.4000244140625,,708.752,3.0625,17.0,,,0.45724,0.30408,False,False,,0.5,776098.0,783150.0,0.72,6.28,16.78,,,-1.25,0.3023,70.8,5.76,,True,,,0.366,Nordic,True,34.822690217391305,88.25198463920295,66.13046435183435,21.826945074923593,63.955412224595456,,67.3694779116466,46.71875,50.0,,50.0,54.877054345491416,standard,141,,True,39.7,False,36.97654941373534,50.041876046901166,2.554438860971524,50.041876046901166,50.041876046901166,50.041876046901166,4,NEUTRAL,0,UPPTREND,False,4,0.5714285714285714,MEDEL,EJ AKTUELL,-0.7,0.875,SUSPICIOUS_FWD_PE;,2026-08-10,0,True
3968.HK,"China Merchants Bank Co., Ltd.",Financial Services,Banks - Regional,China,HKD,223485070453.99185,-6.293625499999999,-3.4264528999999984,1.2623,-1.3338729500000004,4.108638,0.423,,0.0024799949999999987,0.002170000000000002,0.1993737505,0.2122675255,-0.38077501,-0.0775,-0.1945,0.015,,,,,1800973058048.0,691305971712.0,126265081856.0,13070523000000.0,,332059000000.0,,,,,150181000000.0,451457000000.0,9.17,0.5249,4.46,4.88,1.153271,1782950400.0,0.462,51.45000076293945,42.383186143646626,48.68000030517578,58.67166,1.78947,19.0,,,0.17571,0.55135,False,False,,0.5,13835262.0,12630289.0,0.56,,,,,,0.2014,56.0,,,False,0.5166413993641907,,0.084,Asia,True,,59.87662432172745,,16.7024200524014,84.47416560890017,33.44155844155844,67.3694779116466,,50.0,,50.0,54.696346923428116,standard,142,78371800,False,39.7,False,36.97654941373534,18.090452261306535,34.84087102177554,50.041876046901166,50.041876046901166,50.041876046901166,2,SVAG,-8,UPPTREND,False,2,0.2857142857142857,LÅG,EJ AKTUELL,-10.6,0.75,SUSPICIOUS_FWD_PE;,2026-08-10,0,True
RAA.DE,RATIONAL Aktiengesellschaft,Industrials,Specialty Industrial Machinery,Germany,EUR,,0.8865330000000036,5.2052777500000005,3.2609,1.1792068125000006,5.8524694,5.693,0.0,0.098739992,0.14575999900000003,0.09178250299999999,0.11862998,0.15669996999999997,-0.051,0.040999999999999995,0.153,,2.7424999999999997,2.009,-919798153.0,205980000.0,0.0,7372125184.0,1183080000.0,,1259558000.0,,,334177000.0,,253847000.0,253079000.0,2.4,0.66550004,16.0,1.52,20.0,1777507200.0,,752.2153927478927,585.1102655540334,,794.4286,1.85714,14.0,,,0.552,0.29748,False,False,,0.5,10031.0,9281.0,1.25,3.95,1.15,-11.32,,-11.95,0.2757,67.2,0.65,,True,,,0.863,Europe,True,,78.53336502260365,24.18218858515497,48.914135838088015,76.69162202511636,,67.3694779116466,10.9375,50.0,,50.0,54.675528028691346,standard,143,,True,42.8,False,36.97654941373534,50.041876046901166,23.701842546063652,50.041876046901166,50.041876046901166,50.041876046901166,4,NEUTRAL,0,UPPTREND,False,3,0.42857142857142855,LÅG,EJ AKTUELL,8.5,0.625,,2026-08-10,0,True
0939.HK,China Construction Bank Corporation,Financial Services,Banks - Diversified,China,HKD,2113268232574.007,-7.8037586999999995,-4.636061899999999,1.032,-1.7087960000000002,3.742166,5.044,,-0.021250005000000002,-0.0018600000000000005,0.25120375050000004,0.2762575255,-0.38077501,-0.0445,-0.2015,0.035,,,,,5293374177280.0,6010644201472.0,3099712290816.0,45631818000000.0,,760713000000.0,,,,,338906000000.0,2101242000000.0,4.99,0.30290002,0.44,7.8,0.234256,1782950400.0,0.243,9.359999656677246,6.796728887104952,8.789999961853027,10.784005,1.35294,17.0,,,0.63251,0.15273,False,False,,0.5,258900365.0,312454497.0,0.46,,,,,,0.231,58.3,,,False,0.5342205736230654,,0.511,Asia,True,,57.7551141822992,,29.957654118766335,87.34460165758233,16.233766233766232,67.3694779116466,,50.0,,50.0,54.607417851446705,standard,144,350083475,False,38.7,False,36.97654941373534,8.542713567839195,37.85594639865997,50.041876046901166,50.041876046901166,50.041876046901166,2,SVAG,-8,UPPTREND,False,2,0.2857142857142857,LÅG,EJ AKTUELL,-9.9,0.75,SUSPICIOUS_FWD_PE;,2026-08-10,0,True
2388.HK,BOC Hong Kong (Holdings) Limited,Financial Services,Banks - Regional,Hong Kong,HKD,530753577419.5912,-0.4144249999999996,1.6432235000000022,2.8644,-0.7862648500000002,7.7225237,-0.051,,0.0,0.0,0.27864375049999995,0.2841375254999999,-0.38077501,-0.1215,-0.21350000000000002,-0.012,,,,,689727012864.0,150518005760.0,-3508430592.0,4489809000000.0,,88921000000.0,,,,,40121000000.0,-87083000000.0,7.06,0.6032,3.54,5.58,1.255,1782691200.0,0.253,52.45000076293945,33.24840782466257,50.20000076293945,50.845,2.07143,12.0,,,0.0,0.76916003,False,False,,0.5,14027771.0,12358284.0,0.84,,,,,,0.2477,71.1,,,False,0.5861385131516382,,0.5,Asia,True,,60.6847561102392,,20.690347816885065,83.84043903531696,22.4025974025974,67.3694779116466,,50.0,,50.0,54.51468672121767,standard,145,79078396,False,36.1,False,36.97654941373534,12.897822445561138,15.745393634840871,50.041876046901166,50.041876046901166,50.041876046901166,1,SVAG,-8,UPPTREND,False,3,0.42857142857142855,LÅG,EJ AKTUELL,-5.6,0.75,SUSPICIOUS_FWD_PE;,2026-08-10,0,True
PHIA.AS,PHIA.AS,Unknown,Unknown,Unknown,USD,,,,,,,,,,,,,,,,,,,,,,,,26944000000.0,,17834000000.0,,,1449000000.0,,895000000.0,1172000000.0,,,,,,,,26.672283596444757,19.903108891793273,24.059999465942383,,,,,,,,False,False,,0.5,,,0.54,-3.24,5.67,-9.16,,-12.19,0.26,49.5,0.0,,False,0.6222965039250578,,1.0,Europe,True,,,29.919596933474267,95.18072289156626,73.30508474576271,,12.449799196787147,,50.0,,50.0,54.50721638343089,standard,147,,True,44.6,False,28.17195325542571,50.04173622704508,50.04173622704508,50.04173622704508,50.04173622704508,50.04173622704508,1,SVAG,-8,UPPTREND,False,2,0.2857142857142857,LÅG,EJ AKTUELL,0.0,0.0,EXTREME_GROWTH;EXTREME_EARNINGS_GROWTH;MISSING_CRITICAL;,2026-08-10,0,True
BESI.AS,BE Semiconductor Industries N.V.,Technology,Semiconductor Equipment & Materials,Netherlands,EUR,,52.58367600000001,13.691601750000004,1.0134,23.466019687499998,23.885443,24.179,42.963499999999996,0.22912001500000004,0.078919989,0.166337503,0.25714998450000004,0.20359993999999998,0.523,1.505,1.777,16.637249999999995,2.7695000000000003,3.698,-748754528.0,509094016.0,358012992.0,17742954496.0,1113747000.0,,591331000.0,,,173056000.0,,131641000.0,178141000.0,0.73,0.6031,1.58,2.69,1.58,1777248000.0,1.336,328.3999938964844,104.73968512608042,,296.56522,1.91304,23.0,,,0.108909994,0.64432,False,False,,0.5,463199.0,657804.0,0.5,-11.01,-17.59,29.42,,-31.38,0.6097,40.6,-15.01,,True,,,0.517,Europe,True,21.30163043478261,85.02762415007723,33.0421867619007,81.57465022715205,50.4947778604059,,67.3694779116466,24.375,50.0,,50.0,54.26370961756035,standard,148,,True,39.7,False,36.97654941373534,50.041876046901166,2.554438860971524,50.041876046901166,50.041876046901166,50.041876046901166,6,NEUTRAL,0,VARNING,False,3,0.42857142857142855,LÅG,EJ AKTUELL,11.2,0.875,,2026-08-10,0,True
TRV,"The Travelers Companies, Inc.",Financial Services,Insurance - Property & Casualty,United States,USD,80157466195.60364,-12.069798000000002,-5.8790510000000005,2.3596,-5.587965675,1.636568,1.718,-7.253499999999999,0.08729249875000002,0.0207649995,-0.09369249900000003,-0.13689002000000003,-0.14225001999999998,-0.0915,0.36949999999999994,0.463,-44.18625000000001,-1.327,0.19,13365980928.0,5061000192.0,9068000256.0,84164468736.0,143708000000.0,,48828000000.0,,,,,6288000000.0,10606000000.0,1.3,0.1223,5.0,1.9,1.25,1788998400.0,0.457,398.70001220703125,249.31208946264528,384.30999755859375,360.33334,2.96552,24.0,3.07,0.0353,0.00285,0.89327,False,False,,0.631,1924959.0,2012640.0,0.31,10.49,27.53,,,-5.0,0.2334,55.4,11.56,,False,0.6717537625741338,,1.0,US,True,,42.14838531178039,64.52343169481493,65.41316021322352,53.85154187601159,55.519480519480524,67.3694779116466,99.0625,50.0,49.760765550239235,63.1,54.24363483018117,standard,149,773477673,False,62.0,False,97.52931323283082,29.313232830820766,71.44053601340033,50.041876046901166,50.041876046901166,50.041876046901166,5,NEUTRAL,0,UPPTREND,False,3,0.42857142857142855,LÅG,EJ AKTUELL,6.7,0.875,SUSPICIOUS_FWD_PE;,2026-08-10,0,True
HSBA.L,HSBC Holdings plc,Financial Services,Banks - Diversified,United Kingdom,GBp,,2.4327939999999977,0.2608105000000007,1.0579,-1.997226562500001,3.8887115,-1.768,,-0.0864049925,-0.017539998499999994,0.07422249899999994,0.12775257,-0.47701499,0.1595,,0.672,,,,,1219653009408.0,837577998336.0,-119204110336.0,3233034000000.0,,71020000000.0,,,,,22285000000.0,29766000000.0,3.66,0.52639997,0.56,5.06,0.1,1786579200.0,0.577,20679.4846534729,11917.925216409743,,1481.4559,2.58824,17.0,,,0.00198,0.5306,False,False,,0.5,22998776.0,27082991.0,0.38,4.4,14.0,,,-4.44,0.3193,53.3,4.4,,False,,,0.903,UK,True,,40.770378606342916,54.0922028689815,80.15867091554624,62.23353617561413,,67.3694779116466,,50.0,,50.0,54.01746322571655,standard,150,,True,44.7,False,36.97654941373534,50.041876046901166,36.515912897822446,50.041876046901166,50.041876046901166,50.041876046901166,1,SVAG,-8,UPPTREND,False,3,0.42857142857142855,LÅG,EJ AKTUELL,6.5,0.75,EXTREME_EARNINGS_GROWTH;SUSPICIOUS_FWD_PE;,2026-08-10,0,True
SWED-A.ST,Swedbank AB (publ),Financial Services,Banks - Regional,Sweden,SEK,,-0.6082140000000003,-0.062071500000005386,7.5796,-4.3586548,6.2433105,18.254,,-0.06789000200000002,-0.01723,0.15905499699999992,0.06130754000000006,-0.43674500000000005,-0.0365,-0.2905,-0.088,,,,,301566001152.0,1132510052352.0,1262923939840.0,3062782000000.0,,67899000000.0,,,,,32762000000.0,-46342000000.0,5.27,0.7409,20.45,6.03,29.8,1774396800.0,0.565,390.5,238.99998349161888,,360.25,2.8125,16.0,,,0.17117001,0.49749002,False,False,,0.5,1667462.0,1292494.0,1.19,4.61,17.78,,,-2.45,0.1789,62.4,4.95,,True,,,0.771,Nordic,True,,42.85569650299492,62.87483784838982,30.93517287547418,84.97489360113492,,67.3694779116466,,50.0,,50.0,53.98464169498208,standard,151,,True,42.5,False,36.97654941373534,50.041876046901166,21.608040201005025,50.041876046901166,50.041876046901166,50.041876046901166,1,SVAG,-8,UPPTREND,False,3,0.42857142857142855,LÅG,EJ AKTUELL,-9.8,0.75,SUSPICIOUS_FWD_PE;,2026-08-10,0,True
000660.KS,SK hynix Inc.,Technology,Semiconductors,South Korea,KRW,1009413655002000.0,,-13.72655975,0.2086,,5.3359942,4.97,-9.8145,0.7945799999999998,0.28178000000000003,0.7066312535000001,0.5968050349999999,0.32119498999999996,2.404,12.461,12.425,-0.4292499999999979,15.740750000000002,15.254,,87958002597888.0,18585999114240.0,940247999315968.0,176107659000000.0,,97146675000000.0,,,47206319000000.0,,42919287000000.0,53373126000000.0,0.21,0.028399998,3000.0,1.05,375.0,1787875200.0,2.413,2987000.0,243980.484375,1422000.0,3164331.8,1.33333,39.0,,,0.20211,0.39374,False,False,,0.5,6095566.0,6989376.0,0.72,-34.95,-15.64,,,-51.28,1.1312,40.3,-33.07,,False,0.1631497129888982,,1.0,Asia,True,,95.74982535235719,5.212150980466241,98.10692977285245,34.31806284106602,0.6493506493506493,67.3694779116466,,50.0,,50.0,53.95157174235386,standard,152,7255391651,False,36.1,False,36.97654941373534,2.554438860971524,26.633165829145728,50.041876046901166,50.041876046901166,50.041876046901166,7,STARK,8,VARNING,False,3,0.42857142857142855,LÅG,EJ AKTUELL,-1.3,0.625,SUSPICIOUS_FWD_PE;,2026-08-10,0,True
ADDT-B.ST,Addtech AB (publ.),Industrials,Industrial Distribution,Sweden,SEK,,15.518818,23.46086974999999,4.1,3.2226039999999996,4.19777,4.46,7.201999999999998,0.03206002000000002,0.03131000399999999,-0.036322506,-0.061874985,-0.10109499999999999,-0.036,0.03599999999999999,0.14,0.0,0.46149999999999985,1.093,1672626624.0,1396999936.0,6833999872.0,102750306304.0,21310000000.0,,22703000000.0,,,3009000000.0,,2147000000.0,2996000000.0,1.01,0.3879,3.6,0.95,3.6,1787788800.0,1.133,365.3999938964844,283.20001220703125,,382.42856,,7.0,,,0.01952,0.71898,False,False,,0.5,373535.0,318379.0,0.79,5.59,9.12,,,-1.95,0.2689,66.7,4.68,,True,,,0.3,Nordic,True,67.76222826086956,48.33799035086002,53.00909308446997,33.47454108936024,66.48841316659365,,67.3694779116466,72.8125,50.0,,50.0,53.92139118595774,standard,153,,True,44.4,False,36.97654941373534,50.041876046901166,33.91959798994975,50.041876046901166,50.041876046901166,50.041876046901166,4,NEUTRAL,0,UPPTREND,False,3,0.42857142857142855,LÅG,EJ AKTUELL,-2.4,0.875,,2026-08-10,0,True
BX,Blackstone Inc.,Financial Services,Asset Management,United States,USD,103204218161.12097,7.433277999999998,-0.2876790000000007,1.6039,4.160392824999999,11.023033,8.695,,0.13592251875000003,0.1163149995,-0.03593248900000004,0.16969997999999997,0.51044,0.19149999999999998,0.37149999999999994,0.608,-9.035250000000001,-0.6769999999999998,0.947,,2507073024.0,14027316224.0,134633955328.0,47708975000.0,,12410012000.0,,,,,3019214000.0,4663161000.0,3.92,1.1119,5.23,3.42,1.29,1785715200.0,1.546,182.67959099052956,99.778211592923,137.1300048828125,142.38095,2.08696,21.0,4.62,0.031600002,0.01054,0.72936,False,False,,0.424,5114729.0,5299110.0,0.48,16.41,17.02,,,0.0,0.408,72.1,14.68,,True,0.9123734379445876,,1.0,US,True,,78.12521238109505,84.36543620357426,84.39767317846326,20.47280776040174,47.07792207792208,29.71887550200803,,50.0,53.827751196172244,42.4,53.91824462675217,holding,154,726666980,False,37.1,False,36.97654941373534,25.29313232830821,10.050251256281408,50.041876046901166,50.041876046901166,50.041876046901166,5,NEUTRAL,0,UPPTREND,False,3,0.42857142857142855,LÅG,EJ AKTUELL,1.5,0.875,SUSPICIOUS_FWD_PE;,2026-08-10,0,True
ZS,"Zscaler, Inc.",Technology,Software - Infrastructure,United States,USD,27277161492.604065,,11.352776249999998,1.6471,0.58718,8.595119,8.069,-443.8505,-0.23040749824999995,-0.08588500050000002,-0.13267498500000002,-0.16583254050000004,0.27780999999999995,0.09,,,23.94949999999999,0.20350000000000013,1.718,-300325504.0,3539107072.0,1868162944.0,25606217728.0,6419888000.0,,2673115000.0,,,-127144000.0,,-41478000.0,972453000.0,,0.0,,,,,0.917,336.989990234375,114.625,168.67999267578125,192.5534,,44.0,2.23,0.0765,0.34958,0.58142,False,False,,0.555,4443553.0,2278970.0,0.72,24.87,18.96,,,-4.07,0.7731,73.5,24.37,,True,1.061163042322854,,0.972,US,True,,26.620105597511962,60.30953640382363,77.8802165182469,46.759704481224915,75.32467532467533,12.449799196787147,35.625,50.0,22.48803827751196,55.50000000000001,53.8906537516062,standard,155,384416643,False,55.9,False,78.39195979899498,77.72194304857621,14.07035175879397,50.041876046901166,50.041876046901166,50.041876046901166,5,NEUTRAL,0,UPPTREND,False,2,0.2857142857142857,LÅG,EJ AKTUELL,-1.2,0.75,EXTREME_EARNINGS_GROWTH;,2026-08-10,0,True
IDXX,"IDEXX Laboratories, Inc.",Healthcare,Diagnostics & Research,United States,USD,46218515977.36304,7.363924999999995,12.4759435,3.7685,20.773930225,10.150725,10.348,9.336500000000001,0.57511999675,0.20271999849999994,0.137500026,0.17199744499999997,0.13490000000000002,0.010000000000000009,0.03,0.151,5.408749999999999,-0.6565,0.729,-499775680.0,196932992.0,1096081024.0,47117664256.0,3350759000.0,,4303702000.0,,,1360031000.0,,1059464000.0,1181805000.0,,0.0,,,,,1.542,769.97998046875,518.5499877929688,586.6699829101562,705.8461,2.21429,13.0,2.84,0.0304,0.00219,0.96165,False,False,,0.481,671048.0,750410.0,0.33,6.09,12.51,,,-9.41,0.3184,71.4,6.78,,True,0.8621005654699417,,0.906,US,True,40.538043478260875,85.13707810054393,43.936159494212916,55.79273955663943,42.486130649688995,66.23376623376623,12.449799196787147,36.25,50.0,56.45933014354066,48.1,53.80363343684953,standard,156,440243022,False,53.5,False,73.95309882747068,72.36180904522614,10.887772194304858,50.041876046901166,50.041876046901166,50.041876046901166,5,NEUTRAL,0,UPPTREND,False,1,0.14285714285714285,LÅG,EJ AKTUELL,1.5,0.875,,2026-08-10,0,True
EXPN.L,Experian plc,Industrials,Consulting Services,Ireland,GBp,,-1.7502570000000013,-0.6558312500000012,1.2735,0.7298647374999996,3.0320644,3.713,-2.4350000000000005,0.0463250195,0.03358000150000001,0.03347499200000001,0.03783000500000001,-0.056884989999999996,0.03,0.11900000000000001,0.224,19.94850000000001,-0.35650000000000026,0.847,0.0,337000000.0,5600999936.0,31353739264.0,14290000000.0,,8445000000.0,,,2045000000.0,,1502000000.0,2239000000.0,1.83,0.3978,0.52,1.4,0.359345,1782345600.0,0.839,50743.25122739837,27635.165793005955,,3699.971,1.5,18.0,,,0.0022200001,0.54373,False,False,,0.5,3427396.0,2964317.0,0.34,9.9,8.58,,,-3.52,0.3258,56.6,8.16,,False,,,0.5,UK,True,,60.376774496693805,47.93264568456316,50.61429578827212,51.90976327650583,,67.3694779116466,46.71875,50.0,,50.0,53.628058951621014,standard,158,,True,46.0,False,36.97654941373534,50.041876046901166,44.89112227805695,50.041876046901166,50.041876046901166,50.041876046901166,4,NEUTRAL,0,UPPTREND,False,2,0.2857142857142857,LÅG,EJ AKTUELL,,0.875,SUSPICIOUS_FWD_PE;,2026-08-10,0,True
1398.HK,Industrial and Commercial Bank of China Limited,Financial Services,Banks - Diversified,China,HKD,619709466498.7449,-7.522386699999998,-4.438605999999998,1.1264,-1.7108502100000003,3.7790053,5.816,,-0.027840005,-0.002519999499999998,0.24634375049999993,0.24928752550000005,-0.38077501,-0.0605,-0.15850000000000003,0.033,,,,,4014556053504.0,5242882097152.0,3916361629696.0,53477773000000.0,,833496000000.0,,,,,368562000000.0,1890530000000.0,4.9,0.3034,0.35,7.44,0.19441,1777852800.0,0.143,7.659999847412109,5.273010173300673,7.139999866485596,8.356273,1.5,16.0,,,0.0,0.49278,False,False,,0.5,187873692.0,216501213.0,0.66,,,,,,0.2294,55.2,,,False,0.47501510632657096,,0.15,Asia,True,,56.56244114226464,,19.276737749028975,90.19123796012843,21.1038961038961,67.3694779116466,,50.0,,50.0,53.58339817341371,standard,159,197040044,False,39.2,False,36.97654941373534,12.227805695142377,37.437185929648244,50.041876046901166,50.041876046901166,50.041876046901166,1,SVAG,-8,UPPTREND,False,2,0.2857142857142857,LÅG,EJ AKTUELL,-10.9,0.75,SUSPICIOUS_FWD_PE;,2026-08-10,0,True
MFC.TO,Manulife Financial Corporation,Financial Services,Insurance - Life,Canada,CAD,102672282217.21146,-10.933841500000003,-3.110386,0.776,-1.8636886750000006,3.1011322,2.934,-5.0635,-0.0156550025,-0.02039,-0.03279748350000004,-0.06519745500000002,0.10814999999999997,0.012499999999999997,0.022499999999999992,0.164,-5.268999999999998,27.152749999999997,9.173,1199677280.0,32878000128.0,23335999488.0,97131421696.0,1025433000000.0,,53014000000.0,,,,,5782000000.0,32105000000.0,3.1,0.5014,1.94,4.53,0.485,1780012800.0,0.781,63.58000183105469,39.52700456455675,61.779998779296875,61.33333,2.14286,15.0,4.77,,0.00017999999,0.54742,False,False,,0.5,6059285.0,6049160.0,0.12,4.96,13.41,,,-2.48,0.2139,60.9,5.34,,False,0.6180601663442699,,0.715,Canada,True,,40.60997444066086,57.7243989370411,51.741013848621265,81.1467855569126,47.72727272727273,67.3694779116466,66.875,50.0,,50.0,53.56695057067812,standard,160,268037825,False,52.7,False,78.89447236180904,25.4606365159129,44.0536013400335,50.041876046901166,50.041876046901166,50.041876046901166,5,NEUTRAL,0,UPPTREND,False,2,0.2857142857142857,LÅG,EJ AKTUELL,4.8,0.875,SUSPICIOUS_FWD_PE;,2026-08-10,0,True
2395.TW,"Advantech Co., Ltd.",Technology,Computer Hardware,Taiwan,TWD,550975164000.0,19.569982000000003,10.28117575,3.2034,4.751028125000003,6.7023005,6.495,18.5915,0.13215,0.05248,0.01673124350000002,0.029775005000000007,0.006804989999999983,0.30100000000000005,0.9879999999999999,1.271,-3.770249999999999,-0.09224999999999972,1.037,-48060535040.0,18723252224.0,2070916992.0,533939978240.0,75717524000.0,,70882362000.0,,,11546311000.0,,10592508000.0,9902694000.0,1.76,0.65410006,11.16,2.44,11.158556,1784246400.0,0.743,672.0,265.29442027698866,634.0,705.75,1.875,16.0,,,0.48347,0.26035,False,False,,0.5,4015104.0,5337859.0,1.29,,,,,,0.5464,67.2,,,True,0.9443382401372371,,0.838,Asia,True,20.123641304347824,65.82891193645877,,84.82531385741918,41.19899266843054,21.753246753246753,67.3694779116466,15.937499999999998,50.0,,50.0,53.53591553983827,standard,161,104943020,False,36.6,False,36.97654941373534,12.646566164154105,19.849246231155778,50.041876046901166,50.041876046901166,50.041876046901166,4,NEUTRAL,0,UPPTREND,False,3,0.42857142857142855,LÅG,EJ AKTUELL,25.7,0.875,,2026-08-10,0,True
SGSN.SW,SGS SA,Industrials,Consulting Services,Switzerland,CHF,,-0.18135299999999788,1.0880187499999998,5.4366,12.641957112499998,2.6609871,3.221,-1.904,0.540209992,0.020199994000000006,-0.02156749699999999,-0.04041999,0.0045600000000000085,-0.017,-0.149,-0.016,394.93300000000005,-0.2285000000000002,0.932,-164837536.0,1300000000.0,5216000000.0,23207073792.0,7883000000.0,,6945000000.0,,,957000000.0,,668000000.0,1223000000.0,3.31,0.9412,3.2,3.61,3.2,1775088000.0,0.579,98.76000213623047,76.91934931784853,,101.63158,2.31579,19.0,,,0.14262,0.45731,False,False,,0.5,341423.0,350613.0,0.54,1.55,14.39,,,-1.39,0.1932,59.8,3.52,,True,,,0.5,Europe,True,,58.76834824686851,62.86476240853389,28.263738338847734,52.08079658965548,,67.3694779116466,38.125,50.0,,50.0,53.52722961283141,standard,162,,True,47.8,False,36.97654941373534,50.041876046901166,56.951423785594635,50.041876046901166,50.041876046901166,50.041876046901166,3,SVAG,-8,UPPTREND,False,2,0.2857142857142857,LÅG,EJ AKTUELL,-13.2,0.875,SUSPICIOUS_FWD_PE;,2026-08-10,0,True
SMFG,"Sumitomo Mitsui Financial Group, Inc.",Financial Services,Banks - Diversified,Japan,USD,163534832230.9171,-6.047635000000003,44.179579000000004,2.0863,-6.3298567750000005,0.034676973,-11.634,,-0.09212750125,-0.0227650005,0.014967510999999933,0.035089959999999976,-0.48956000000000005,0.1535,0.14849999999999997,0.33,,,,,114327583457280.0,59157176647680.0,-54866114248704.0,328511145000000.0,,5791563000000.0,,,,,1582973000000.0,-10283139000000.0,2.3,0.18040001,0.59,3.39,0.25,1774915200.0,0.39,26.670000076293945,15.180000305175781,25.739999771118164,28.86099,,1.0,4.34,0.0019,4.0000003e-05,0.020450002,False,False,,0.887,2019027.0,1845750.0,0.34,-2.91,15.73,,,-4.89,0.3127,43.5,2.05,,False,0.5192737584042663,,1.0,US,True,,31.422924121347442,54.59723429175955,76.02417857133238,68.12607332188458,39.285714285714285,67.3694779116466,,50.0,92.82296650717703,98.7,53.484880839689794,standard,163,47509605,False,49.5,False,36.97654941373534,20.938023450586265,97.52931323283082,50.041876046901166,50.041876046901166,50.041876046901166,1,SVAG,-8,UPPTREND,False,3,0.42857142857142855,LÅG,EJ AKTUELL,-5.3,0.75,,2026-08-10,0,True
TXN,Texas Instruments Incorporated,Technology,Semiconductors,United States,USD,261261885748.03265,3.6420349999999964,2.155426249999998,1.2506,3.5662780000000005,13.430416,13.793,5.516500000000002,0.15845250375000003,0.058264999500000005,0.20282501399999997,0.29269743949999993,0.09369000000000005,0.064,0.243,0.529,23.046499999999998,3.1995000000000005,3.245,2136105984.0,7000999936.0,14051999744.0,268312903680.0,34585000000.0,,17682000000.0,,,6140000000.0,,5001000000.0,7153000000.0,2.04,0.85410005,5.68,2.71,1.42,1785456000.0,1.325,332.32845736493783,150.20339205353042,286.0799865722656,324.4516,2.16667,31.0,1.61,0.019199999,0.00278,0.92016,False,False,,0.631,8780846.0,8343880.0,0.21,-5.18,-4.92,,,-14.8,0.5038,44.5,-3.86,,True,0.566260980292056,,0.605,US,True,61.788043478260875,82.36696539267605,17.69530610445712,65.30824552821771,51.86106540881012,30.844155844155846,67.3694779116466,61.25000000000001,50.0,77.03349282296651,63.1,53.472124937185676,standard,164,2387017078,False,46.3,False,80.06700167504187,17.001675041876048,7.956448911222782,50.041876046901166,50.041876046901166,50.041876046901166,7,STARK,8,VARNING,False,4,0.5714285714285714,MEDEL,EJ AKTUELL,16.2,0.875,,2026-08-10,0,True
2628.HK,China Life Insurance Company Limited,Financial Services,Insurance - Life,China,HKD,214305834322.834,-8.784614699999999,-4.687805499999999,0.38,-1.0948872500000002,2.37958,-3.135,-14.2315,0.138089995,0.00553,0.11811377049999999,-0.026762504500000006,0.18845499000000002,-0.2465,-0.5255000000000001,-0.323,20.999000000000002,4.533249999999999,6.246,22597103616.0,2176234946560.0,275873005568.0,-1072611524608.0,7591004000000.0,,605114000000.0,,,,,154078000000.0,459925000000.0,3.37,0.1345,0.97,4.83,0.7106,1782777600.0,0.879,35.230359869549844,20.119375259861865,28.799999237060547,35.198864,1.6875,15.0,,,0.0,0.50183,False,False,,0.5,53874180.0,47585255.0,1.14,,,,,,0.4385,62.3,,,True,0.6788044720981482,,0.5,Asia,True,,66.44361093164481,,11.852112933683992,62.899544181577006,34.74025974025974,67.3694779116466,,50.0,,50.0,53.46844208362528,standard,165,174687100,False,58.8,False,97.52931323283082,18.509212730318257,60.971524288107204,50.041876046901166,50.041876046901166,50.041876046901166,5,NEUTRAL,0,UPPTREND,False,3,0.42857142857142855,LÅG,EJ AKTUELL,-8.5,0.875,SUSPICIOUS_FWD_PE;,2026-08-10,0,True
RNR,RenaissanceRe Holdings Ltd.,Financial Services,Insurance - Reinsurance,Bermuda,USD,13374307597.019897,-16.834069500000002,-10.750485000000001,3.62,-6.792711875,1.1978024,-0.594,,0.03693249875,0.0249549975,-0.027362499000000044,0.042869979999999974,-0.03606999999999999,-0.2265,-0.3015,-0.206,-59.35325000000001,-0.2979999999999997,1.179,1378145792.0,30444552192.0,2340133888.0,-6636758016.0,53800390000.0,,12776742000.0,,,,,2682334000.0,3693107000.0,0.51,0.028099999,1.64,0.75,0.41,1789430400.0,0.17,335.9700012207031,230.53012372909583,321.8699951171875,346.4,2.64706,15.0,4.25,0.051,0.023039998,1.0102301,False,False,,0.49,370737.0,303110.0,0.26,-0.44,8.02,,,-4.48,0.2423,47.9,2.84,,False,0.4910479650228555,,1.0,US,True,,54.964904284896264,45.801060440044836,31.168608966995734,68.0956750278256,83.11688311688312,67.3694779116466,,50.0,34.44976076555024,49.0,53.458519359220105,standard,166,97562014,False,71.5,True,97.52931323283082,85.76214405360135,78.55946398659967,50.041876046901166,50.041876046901166,50.041876046901166,4,NEUTRAL,0,UPPTREND,False,2,0.2857142857142857,LÅG,EJ AKTUELL,3.5,0.875,SUSPICIOUS_FWD_PE;,2026-08-10,0,True
OMF,"OneMain Holdings, Inc.",Financial Services,Credit Services,United States,USD,7471943060.471298,-12.631360000000003,-11.026255,0.75,-5.798905175000001,2.4741533,9.826,,0.05500248875000001,0.0019150005000000015,-0.004602489000000043,-0.08795002000000002,0.44719004999999995,-0.1215,-0.2605,-0.09,601.4777499999999,,,,567000000.0,22769000448.0,29673943040.0,27388000000.0,,4970000000.0,,,,,783000000.0,3132000000.0,6.46,0.632,4.2,8.75,1.05,1786320000.0,1.193,69.28119626938894,44.92300197881704,64.94999694824219,69.57143,1.9375,14.0,5.0,0.0513,0.00232,0.93434995,False,False,,0.75,1091643.0,1095140.0,0.35,6.08,18.22,,,-4.11,0.3039,61.6,5.75,,True,0.8368185154831923,,0.932,US,True,,57.34371369412054,59.17935542373522,31.537885138407663,30.326185352598404,89.28571428571429,67.3694779116466,,50.0,33.73205741626794,75.0,53.454904142672866,standard,167,71129340,False,54.5,False,36.97654941373534,91.70854271356784,59.63149078726968,50.041876046901166,50.041876046901166,50.041876046901166,1,SVAG,-8,UPPTREND,False,1,0.14285714285714285,LÅG,EJ AKTUELL,-3.7,0.875,SUSPICIOUS_FWD_PE;,2026-08-10,0,True
AFL,AFLAC Incorporated,Financial Services,Insurance - Life,United States,USD,62586245076.553345,-8.779160000000003,-2.112323,1.18,-5.816673475,3.4555128,3.87,-2.6624999999999988,-0.013127501249999993,0.003894999500000001,-0.007252469000000039,-0.07820002000000004,0.01093995999999997,0.18450000000000003,38.3985,34.138,-23.28825,-0.7149999999999997,0.814,3513981184.0,8270000128.0,14464000000.0,70102147072.0,116470000000.0,,17355000000.0,,,,,3646000000.0,2555000000.0,1.94,0.26860002,2.44,2.16,0.61,1779235200.0,0.595,130.22000122070312,99.37018962420142,124.61000061035156,117.78571,3.07143,14.0,5.07,0.031600002,0.10786,0.59117,False,False,,0.775,2406485.0,2067200.0,0.43,-0.63,6.65,,,-5.43,0.1668,46.7,1.49,,False,0.43488754813471053,,0.442,US,True,,46.20957929610057,41.786942229946725,73.72254440529527,59.39056465838687,60.064935064935064,67.3694779116466,92.5,50.0,53.827751196172244,77.5,53.41203653915413,standard,168,257593793,False,63.3,False,97.52931323283082,69.26298157453937,40.28475711892797,50.041876046901166,50.041876046901166,50.041876046901166,6,NEUTRAL,0,UPPTREND,False,2,0.2857142857142857,LÅG,EJ AKTUELL,10.0,0.875,SUSPICIOUS_FWD_PE;,2026-08-10,0,True
ASAN,"Asana, Inc.",Technology,Software - Application,United States,USD,1490578042.0630054,,-5.6494637500000024,,4.863434,2.6396627,2.422,-38.7305,-1.0688374962500002,-0.17380500050000003,-0.31036498600000006,-0.20738254550000004,0.39549995,-0.069,,,126.2315,-0.5095,1.039,-1220012432.0,424640000.0,248240000.0,1958120960.0,844088000.0,,790806000.0,,,-197331000.0,,-189024000.0,90361000.0,,0.0,,,,,0.92,15.710000038146973,5.380000114440918,9.260000228881836,9.13462,2.66667,13.0,6.43,0.38810003,0.44357,0.64984,False,False,,0.71,6029269.0,6018130.0,0.41,19.83,45.35,,,-0.49,0.732,68.0,20.66,,True,0.9676807087755341,,1.0,US,True,,22.641206584144044,82.45078777345373,56.06862231534835,27.93979414593786,96.1038961038961,12.449799196787147,,50.0,11.435406698564593,71.0,53.37968795295887,standard,169,55727885,False,55.0,False,36.97654941373534,97.52931323283082,57.45393634840871,50.041876046901166,50.041876046901166,50.041876046901166,1,SVAG,-8,UPPTREND,False,1,0.14285714285714285,LÅG,EJ AKTUELL,-17.0,0.75,EXTREME_EARNINGS_GROWTH;SUSPICIOUS_FWD_PE;,2026-08-10,0,True
BAM.TO,Brookfield Asset Management Ltd.,Financial Services,Asset Management,United States,CAD,116867245592.80243,2.0756454999999967,8.50928,1.2089,7.100887324999999,20.371065,21.506,18.00250000000001,0.11892499750000002,0.10394998999999999,0.2530125265,0.33969251500000003,0.32989999999999997,0.5135,0.27249999999999996,0.458,-13.585999999999999,-1.15525,1.224,,1503000064.0,4055000064.0,123381571584.0,17047000000.0,,4608000000.0,,,3034000000.0,,2485000000.0,2101000000.0,3.79,1.0743,2.82,,0.692,1788134400.0,1.254,84.03386346942958,57.49526220527826,73.19000244140625,77.776825,2.23529,4.0,9.13,0.0249,0.03568,0.89777,False,False,,0.5,1866477.0,1476780.0,0.16,11.25,11.36,,,-1.07,0.3014,71.4,10.46,,True,0.9094782915715262,,0.879,Canada,True,,89.01058752483883,59.59559703278296,79.02435040542184,28.636329433556856,44.8051948051948,29.71887550200803,,50.0,63.63636363636363,50.0,53.3598164134283,holding,170,77521235,False,35.8,False,36.97654941373534,24.036850921273032,2.554438860971524,50.041876046901166,50.041876046901166,50.041876046901166,6,NEUTRAL,0,UPPTREND,False,2,0.2857142857142857,LÅG,EJ AKTUELL,6.1,0.875,,2026-08-10,0,True
SO,Southern Company (The),Utilities,Utilities - Regulated Electric,United States,USD,106627146127.04333,-3.4873975,-3.303744749999998,2.3727,,3.5331573,6.08,-5.53275,-0.021932503249999985,-0.006375001500000007,0.019092510999999965,0.09280245999999995,-0.006670000000000009,-0.061,0.22099999999999997,0.334,20.580749999999977,-0.05549999999999988,0.441,-5322519040.0,2984000000.0,77086998528.0,183502143488.0,155720000000.0,,29553000000.0,,,7285000000.0,,4341000000.0,9802000000.0,3.27,0.71809995,3.04,3.6,0.76,1786924800.0,0.327,99.26000213623047,82.46411171145235,92.69000244140625,100.925,2.66667,20.0,5.76,0.0318,0.00096000003,0.71412003,False,False,,0.587,5924451.0,6451270.0,0.29,-5.28,-1.03,,,-7.04,0.1947,38.7,-3.19,,False,0.11686465099228496,,0.751,US,True,,52.37353545259882,30.988589564363167,54.74382464753391,74.76403448543455,45.77922077922078,67.3694779116466,29.375,50.0,53.110047846889955,58.699999999999996,53.34900727519074,standard,171,597968232,False,41.4,False,36.97654941373534,24.706867671691793,39.61474036850921,50.041876046901166,50.041876046901166,50.041876046901166,2,SVAG,-8,VARNING,False,2,0.2857142857142857,LÅG,EJ AKTUELL,-4.0,0.75,SUSPICIOUS_FWD_PE;,2026-08-10,0,True
SPOT,Spotify Technology S.A.,Communication Services,Internet Content & Information,Sweden,USD,100353876840.18738,0.39567999999999515,6.166566999999999,1.6595,1.9531922750000006,5.540434,5.181,18.1455,0.23632248875,0.06047500349999999,0.06933000999999998,-0.040842545000000036,-0.16189001999999997,0.07800000000000001,,,-71.15175,0.9865000000000004,1.599,132230912.0,6984999936.0,466000000.0,93834870784.0,15015000000.0,,17186000000.0,,,2198000000.0,,2212000000.0,2933000000.0,,0.0,,,,,1.581,748.2999877929688,405.0,488.1400146484375,607.4705,1.575,38.0,3.89,0.041500002,0.23458,0.69004995,False,False,,0.624,2036246.0,2464060.0,0.41,6.32,21.61,,,-9.74,0.479,54.9,5.44,,False,0.4903992905864813,,0.838,US,True,44.567934782608695,62.35004016554304,53.61110061586126,68.16701588964554,37.844368923162115,48.701298701298704,12.449799196787147,50.625,50.0,43.0622009569378,62.4,53.25242964725604,standard,172,1202806284,False,49.6,False,77.63819095477386,25.795644891122276,25.29313232830821,50.041876046901166,50.041876046901166,50.041876046901166,4,NEUTRAL,0,UPPTREND,False,2,0.2857142857142857,LÅG,EJ AKTUELL,6.6,0.875,EXTREME_EARNINGS_GROWTH;,2026-08-10,0,True
GMG.AX,GOOD GROUP STAPLED [GMG],Real Estate,REIT - Diversified,Australia,AUD,,0.5114292500000008,-9.040830749999998,2.72,-0.11672398749999968,,20.144,9.911499999999998,0.0417300075,0.021369998999999997,0.3024762494999999,0.14158623749999993,0.5511199999999999,-0.2235,-0.0805,0.031,-159.6415,2.4829999999999997,2.375,104987648.0,2963399936.0,4179800064.0,62457950208.0,31565300000.0,,2068600000.0,,,503900000.0,,1666400000.0,,1.0,0.35759997,0.3,1.18,0.15,1782691200.0,1.038,36.957314084852634,24.444910328485406,29.950000762939453,34.84643,1.57143,14.0,,,0.02533,0.55429,False,False,,0.5,3940138.0,2857860.0,0.57,0.03,-3.93,-2.43,,-8.04,0.2835,53.5,-2.07,,True,0.6990641375874097,,0.5,Australia,True,49.84103260869565,80.86585012158938,30.091656476543616,24.30439791747744,62.682244688181015,,67.3694779116466,50.9375,50.0,,50.0,53.24333670606413,standard,173,60434162,False,46.8,False,36.97654941373534,50.041876046901166,50.041876046901166,50.041876046901166,50.041876046901166,50.041876046901166,4,NEUTRAL,0,VARNING,False,3,0.42857142857142855,LÅG,EJ AKTUELL,-5.7,0.875,SUSPICIOUS_FWD_PE;,2026-08-10,0,True
O,Realty Income Corporation,Real Estate,REIT - Retail,United States,USD,59147085431.83136,10.051109499999999,6.94457025,2.9836,-5.9765429,9.746957,15.1,-6.349999999999998,-0.07517249875,-0.011374999500000002,-0.03716498800000004,0.10705743499999998,0.43727999999999995,0.0305,0.6505,0.747,-23.010250000000006,0.5685,1.224,,552648000.0,30651652096.0,91630608384.0,72795612000.0,,5749377000.0,,,2593823000.0,,1058590000.0,3994754000.0,5.21,2.3641999,3.25,5.07,0.271,1785456000.0,,66.8675622936674,53.77472854368447,62.5099983215332,68.0625,2.5,20.0,6.42,0.048899997,0.00124,0.78979,False,False,,0.494,5815825.0,5217540.0,0.9640213774326913,-0.63,2.48,1.23,,-0.06516708285247119,0.1650592385511375,25.97500862602527,0.001046493173552987,0.03942891623600153,False,0.11567023842818903,,0.0,US,True,,52.82301011339994,54.37759651438713,55.853895856141676,83.46112891894265,61.68831168831169,29.71887550200803,,50.0,35.88516746411483,49.4,53.2110184433458,standard,174,326148417,False,43.9,False,36.97654941373534,69.84924623115577,11.390284757118927,50.041876046901166,50.041876046901166,50.041876046901166,3,SVAG,-8,UPPTREND,False,1,0.14285714285714285,LÅG,EJ AKTUELL,-6.9,0.75,,2026-08-10,0,True
9999.HK,"NetEase, Inc.",Communication Services,Electronic Gaming & Multimedia,China,HKD,656896691531.7573,0.0,-0.12031249999999982,1.4213,0.2706599000000003,5.742679,4.379,1.917499999999999,0.073849995,0.06614000399999999,0.14147624950000004,0.2023750005,0.27610499,0.0,-0.023,0.036,-22.755499999999998,2.0137500000000004,3.089,-16641679360.0,170903830528.0,10955459584.0,500933722112.0,221415060000.0,,112625807000.0,,,35834867000.0,,33759800000.0,50739800000.0,2.2,0.3966,4.51,1.94,0.144,1780531200.0,0.8,247.3736598862898,168.6753483990376,205.1999969482422,249.66104,1.34783,20.0,,,0.43930998,0.27143,False,False,,0.5,9134612.0,6645226.0,0.81,,,,,,0.3576,46.7,,,True,0.6181405254098788,,0.506,Asia,True,45.44429347826086,81.56907722150056,,39.32337352090826,61.23997958874967,20.77922077922078,67.3694779116466,27.187499999999996,50.0,,50.0,53.11549967449934,standard,176,173813324,False,50.8,False,91.54103852596315,11.976549413735343,24.288107202680067,50.041876046901166,50.041876046901166,50.041876046901166,5,NEUTRAL,0,UPPTREND,False,3,0.42857142857142855,LÅG,EJ AKTUELL,5.7,0.875,SUSPICIOUS_FWD_PE;,2026-08-10,0,True
ALV.DE,Allianz SE                    v,Financial Services,Insurance - Diversified,Germany,EUR,,-1.3082779999999996,-0.4466284999999992,3.2403,-2.3226211875000002,,1.24,-5.3575,-0.017060009999999987,-0.011660000999999986,-0.16868,-0.22616748499999997,-0.19387001,-0.006500000000000006,0.3225,0.523,,173.367,87.927,,27517999104.0,0.0,143257452544.0,1024276000000.0,,137450000000.0,,,,,10775000000.0,33209000000.0,3.88,0.49740002,17.1,4.8,17.1,1778198400.0,0.668,443.8999938964844,323.8952161859952,,423.83075,2.29412,17.0,,,6.0000002e-05,0.42785,False,False,,0.5,581261.0,496973.0,1.11,3.97,15.09,24.82,,-0.68,0.1861,68.1,6.27,,True,,,0.5,Europe,True,,25.687091828008,71.22383065053896,56.18779458675206,85.90020152047566,,67.3694779116466,,50.0,,50.0,53.03153690627156,standard,177,,True,46.8,False,36.97654941373534,50.041876046901166,50.041876046901166,50.041876046901166,50.041876046901166,50.041876046901166,3,SVAG,-8,UPPTREND,False,3,0.42857142857142855,LÅG,EJ AKTUELL,-14.4,0.75,SUSPICIOUS_FWD_PE;,2026-08-10,0,True
BNS.TO,The Bank of Nova Scotia,Financial Services,Banks - Diversified,Canada,CAD,151167592016.0,-10.572938500000003,-2.1680800000000016,1.0235,-2.1411116750000003,4.4180384,-0.812,,-0.038395012500000006,-0.019839999999999997,0.043132506499999994,0.050332545000000006,-0.4001,0.0315,0.15249999999999997,0.313,,,,,531156008960.0,349912006656.0,-27789576192.0,1460042000000.0,,37097000000.0,,,,,7789000000.0,5407000000.0,3.68,0.6069,4.56,5.45,1.14,1783382400.0,1.209,126.87000274658203,73.09112653344499,124.0,117.61538,2.69231,13.0,2.87,,0.0002,0.5094,False,False,,0.5,3948164.0,3783520.0,0.17,-0.35,18.42,,,-2.49,0.1812,54.8,2.95,,False,0.5463921302084244,,0.904,Canada,True,,39.36754105073304,63.377980126194885,65.6820319306734,61.91900619726722,39.61038961038961,67.3694779116466,,50.0,,50.0,52.91613142307577,standard,179,336488974,False,39.8,False,36.97654941373534,21.608040201005025,32.24455611390285,50.041876046901166,50.041876046901166,50.041876046901166,1,SVAG,-8,UPPTREND,False,4,0.5714285714285714,MEDEL,EJ AKTUELL,-1.8,0.75,SUSPICIOUS_FWD_PE;,2026-08-10,0,True
PZU.WA,Powszechny Zaklad Ubezpieczen SA,Financial Services,Insurance - Property & Casualty,Poland,PLN,,-5.292957999999999,-2.044406499999999,1.72,-3.1069019875000006,1.0082462,1.553,-8.796499999999998,-0.02121999999999999,0.006279999000000015,-0.17224,-0.074697495,0.15153,-0.14150000000000001,-0.4275,-0.226,-0.48550000000000715,3.0969999999999995,4.102,2581537568.0,49941000192.0,46239997952.0,97198628864.0,535483000000.0,,64701000000.0,,,,,6699000000.0,10519000000.0,6.56,0.6123,4.8,6.57,4.8,1789516800.0,0.312,73.68000030517578,53.36000061035156,,74.0875,1.75,8.0,,,0.34188,0.32397997,False,False,,0.5,1612433.0,1430836.0,1.03,6.16,14.73,3.34,,-0.22,0.2184,65.9,7.26,,True,,,0.591,Europe,True,,42.21136925421397,63.807930199665805,18.656174813818815,87.36479061897491,,67.3694779116466,82.8125,50.0,,50.0,52.89986881647414,standard,180,,True,51.6,False,36.97654941373534,50.041876046901166,82.49581239530988,50.041876046901166,50.041876046901166,50.041876046901166,5,NEUTRAL,0,UPPTREND,False,3,0.42857142857142855,LÅG,EJ AKTUELL,-6.5,0.875,SUSPICIOUS_FWD_PE;,2026-08-10,0,True
ICICIBANK.NS,ICICI Bank Limited,Financial Services,Banks - Regional,India,INR,10193226561581.0,-16.374575999999998,-10.744264500000003,0.53,-5.2930474,5.003261,5.838,,0.005969990000000008,0.0035700019999999957,-0.004292499000000019,-0.014042494999999988,-0.42308998,0.019500000000000003,-0.0635,0.139,,,,,740090773504.0,2263177232384.0,11893669363712.0,29144979720000.0,,2234071181000.0,,,,,542077028000.0,673254189000.0,0.82,0.14220001,12.0,0.63,12.0,1785715200.0,0.261,1467.6271961496604,1177.67166509731,1421.0,1733.3658,1.12195,41.0,,,0.19556999,0.59341997,False,False,,0.5,14983224.0,12408380.0,1.01,2.44,15.88,,,-1.93,0.2211,44.4,4.32,,False,0.4014972265300273,,0.684,India,True,,42.45116202338419,62.30463092404378,46.29812016592132,88.2769917120884,9.415584415584416,67.3694779116466,,50.0,,50.0,52.77693981011762,standard,181,185038388,False,36.5,False,36.97654941373534,2.554438860971524,28.8107202680067,50.041876046901166,50.041876046901166,50.041876046901166,2,SVAG,-8,UPPTREND,False,3,0.42857142857142855,LÅG,EJ AKTUELL,-10.0,0.75,SUSPICIOUS_FWD_PE;,2026-08-10,0,True
068270.KS,"Celltrion, Inc.",Healthcare,Biotechnology,South Korea,KRW,45704909365600.0,,12.120776000000003,0.85,,10.234957,10.829,16.247500000000002,-0.03335250699999998,-0.012755001000000009,0.12904624550000005,0.06990499050000004,0.22609499000000002,0.273,2.097,2.185,6.625000000000002,-0.5842499999999999,0.691,-30013534208.0,1418676273152.0,3866065371136.0,48359712751616.0,22334900189800.0,,4162495108880.0,,,1156472907540.0,,1029613370420.0,646050776660.0,0.36,0.13,714.29,,714.2857,1766966400.0,0.319,239047.625,158384.92361709222,199300.0,264708.9,1.54167,24.0,,,0.36183998,0.20204,False,False,,0.5,709097.0,964253.0,0.81,15.14,5.48,,,-15.79,0.4856,76.8,13.06,,True,1.0728358782621903,,1.0,Asia,True,41.55298913043478,59.22569665931652,28.500900492437122,93.35480964878852,53.75333898391387,2.922077922077922,67.3694779116466,44.6875,50.0,,50.0,52.757163911588165,standard,182,140288205,False,43.1,False,74.37185929648241,2.554438860971524,10.720268006700168,50.041876046901166,50.041876046901166,50.041876046901166,5,NEUTRAL,0,UPPTREND,False,2,0.2857142857142857,LÅG,EJ AKTUELL,-0.5,0.625,,2026-08-10,0,True
MET,"MetLife, Inc.",Financial Services,Insurance - Life,United States,USD,62130577019.536156,-3.271950000000004,-9.630566,0.5079,-5.696823275,0.8008169,1.117,-0.005499999999998728,-0.04767750124999999,-0.022455000500000002,-0.21656248900000005,-0.27468002,-0.25201001,-0.0675,0.15749999999999997,0.254,106.45475,0.43600000000000005,1.754,-18838893824.0,27634999296.0,49491001344.0,86644506624.0,745166000000.0,,75654000000.0,,,,,3379000000.0,17092000000.0,2.46,0.4391,2.37,2.93,0.593,1785801600.0,0.763,100.93000030517578,66.40657136742851,97.7699966430664,100.4375,1.94444,16.0,3.38,0.0199,0.16415001,0.78426003,False,False,,0.607,3871600.0,4941710.0,1.0168568400527669,7.93,25.77,31.61,,-0.031308864089514166,0.23590266175199842,68.89361667748372,0.09426069179315744,0.23678848143983933,True,0.8419127251745098,,0.899,US,True,,17.9117377937499,88.52056817362607,55.06673319240974,61.307005853121744,60.3896103896104,67.3694779116466,5.3125,50.0,75.5980861244019,60.699999999999996,52.72797890516189,standard,183,483150970,False,55.2,False,36.97654941373534,69.34673366834171,86.76716917922947,50.041876046901166,50.041876046901166,50.041876046901166,2,SVAG,-8,UPPTREND,False,3,0.42857142857142855,LÅG,EJ AKTUELL,-7.9,0.875,SUSPICIOUS_FWD_PE;,2026-08-10,0,True
NDA-SE.ST,Nordea Bank Abp,Financial Services,Banks - Regional,Finland,SEK,,-1.7692120000000013,124.6453855,9.0448,14.416516400000006,55.925117,70.834,,-0.064680002,-0.019939999999999996,0.11361499699999997,0.08848751,-0.43674500000000005,-0.0795,-0.17250000000000001,0.009,,,,,67302998016.0,240998006784.0,823374970880.0,654350000000.0,,11719000000.0,,,,,4840000000.0,-3164000000.0,7.4,0.7007,14.21,7.2,0.34,1785888000.0,0.641,195.05903787766158,142.0107907565377,,189.09393,,10.0,,,0.01767,0.59532,False,False,,0.5,1780606.0,1779576.0,0.65,2.96,12.89,,,-2.11,0.1896,50.1,3.26,,False,,,0.912,Nordic,True,,42.007911390243805,57.973136358484155,36.03826446391355,81.0521354438886,,67.3694779116466,,50.0,,50.0,52.7262578445004,standard,184,,True,39.7,False,36.97654941373534,50.041876046901166,2.554438860971524,50.041876046901166,50.041876046901166,50.041876046901166,0,SVAG,-8,UPPTREND,False,2,0.2857142857142857,LÅG,EJ AKTUELL,-7.2,0.75,,2026-08-10,0,True
U11.SI,UOB,Financial Services,Banks - Regional,Singapore,SGD,71483189340.47699,-2.618181999999999,-4.660945000000002,1.0919,-0.7896964000000002,6.152797,4.552,,-0.03507,,-0.09663,-0.05676999999999999,0.0,-0.1385,,-0.036,,,,,78316003328.0,56228999168.0,52882255872.0,572061000000.0,,13807000000.0,,,,,4682000000.0,1318000000.0,3.26,0.6436,1.42,4.67,0.88,1776988800.0,0.384,45.150001525878906,32.61022795121959,43.29999923706055,42.668,2.73333,15.0,,,0.21764,0.27612,False,False,,0.5,3438791.0,3296823.0,1.98,-2.43,16.68,,,-3.67,0.1713,57.8,5.17,,False,0.456759911824631,,0.931,Singapore,True,,36.51893593258199,58.48572436115414,37.15840172283336,89.75304263421191,57.7922077922078,67.3694779116466,,50.0,,50.0,52.632432566463066,standard,186,111227287,False,39.8,False,36.97654941373534,31.072026800670017,22.194304857621443,50.041876046901166,50.041876046901166,50.041876046901166,1,SVAG,-8,UPPTREND,False,2,0.2857142857142857,LÅG,EJ AKTUELL,-6.8,0.75,EXTREME_EARNINGS_GROWTH;SUSPICIOUS_FWD_PE;,2026-08-10,0,True
STX,Seagate Technology Holdings PLC,Technology,Computer Hardware,Singapore,USD,184207600663.00537,22.600192999999997,-10.661107750000001,0.4836,155.610566,15.105173,15.285,18.736500000000007,3.52198230375,0.22122497949999997,0.15280499399999997,0.29762745949999997,-0.0338,0.32099999999999995,1.213,1.652,124.89049999999999,0.012500000000000067,1.075,534605952.0,1704000000.0,3897999872.0,186401603584.0,9972000000.0,,12195000000.0,,,4226000000.0,,3184000000.0,3674000000.0,0.35,0.21149999,2.96,2.93,0.74,1790208000.0,2.102,1144.184150716912,147.34341935880727,812.760009765625,1115.8696,1.44,23.0,1.41,0.037,0.00232,0.84396005,False,False,,0.491,4675932.0,6249030.0,0.4,-5.52,-2.44,,,-25.62,0.7454,40.1,-8.7,,True,0.3879872017629412,,0.99,US,True,46.266304347826086,84.58591700294781,15.445964156622713,90.7980933457761,25.276263422261504,37.33766233766234,67.3694779116466,53.75,50.0,47.368421052631575,49.1,52.55032527808476,standard,187,5078961684,False,45.8,False,77.38693467336684,19.849246231155778,6.700167504187604,50.041876046901166,50.041876046901166,50.041876046901166,5,NEUTRAL,0,VARNING,False,3,0.42857142857142855,LÅG,EJ AKTUELL,12.3,0.875,SUSPICIOUS_FWD_PE;,2026-08-10,0,True
0016.HK,Sun Hung Kai Properties Limited,Real Estate,Real Estate - Development,Hong Kong,HKD,334403848041.2618,-11.224187499999998,-7.8275012499999965,0.9932,-1.1924062749999997,3.6154504,4.57,-2.8239999999999994,-0.0097150025,0.003300000000000001,-0.05008873849999999,-0.1518649895,-0.005734990000000023,0.2555,0.3155,0.362,-32.016,2.3697500000000002,0.636,-12149018624.0,20468000768.0,104009998336.0,422680199168.0,,,,,,,,,24516000000.0,3.28,0.4941,3.78,4.97,0.98,1773187200.0,0.843,147.89999389648438,85.74686397748673,115.4000015258789,142.6907,,14.0,,,0.54958,0.16424,False,False,,0.5,6002226.0,4934268.0,0.71,,,,,,0.3314,24.8,,,False,-0.06741878109060681,,0.5,Asia,True,,40.1135319710286,,65.68921964543094,62.530019484052396,27.92207792207792,67.3694779116466,29.6875,50.0,,50.0,52.54542247044087,standard,188,72581261,False,55.1,False,97.52931323283082,15.745393634840871,38.69346733668342,50.041876046901166,50.041876046901166,50.041876046901166,7,STARK,8,UPPTREND,False,3,0.42857142857142855,LÅG,EJ AKTUELL,0.1,0.875,SUSPICIOUS_FWD_PE;,2026-08-10,0,True
JYSK.CO,Jyske Bank A/S,Financial Services,Banks - Regional,Denmark,DKK,,-1.9885360000000016,-3.9260425000000048,0.6,-5.1449405,4.159924,30.893,,-0.115160012,-0.020149999999999998,0.07535499699999995,0.003807540000000005,-0.43674500000000005,-0.1755,-0.3275,-0.165,,,,,101490999296.0,479152996352.0,437665234944.0,777056000000.0,,14437000000.0,,,,,5414000000.0,5391000000.0,2.37,0.301,25.0,,25.0,1773792000.0,0.358,1063.0,637.4164480186371,,1005.0,,5.0,,,0.30316,0.24233,False,False,,0.5,81295.0,62918.0,0.97,6.78,16.94,,,-1.61,0.1899,61.1,7.05,,True,,,1.0,Nordic,True,,34.57974912964538,65.94406871449982,31.89075046693985,88.87571865900097,,67.3694779116466,,50.0,,50.0,52.507417812733806,standard,189,,True,44.4,False,36.97654941373534,50.041876046901166,34.42211055276382,50.041876046901166,50.041876046901166,50.041876046901166,1,SVAG,-8,UPPTREND,False,3,0.42857142857142855,LÅG,EJ AKTUELL,-13.0,0.75,SUSPICIOUS_FWD_PE;,2026-08-10,0,True
COST,Costco Wholesale Corporation,Consumer Defensive,Discount Stores,United States,USD,420338083255.4158,18.166796749999992,19.9194545,4.6182,16.209676099999996,1.4317328,1.426,11.980500000000001,0.08323250375,0.015805004499999997,-0.057159984000000025,-0.07924255200000002,-0.36079999,0.1765,0.403,0.456,-58.76075000000001,0.10350000000000037,0.564,5545231104.0,11125999616.0,10227999744.0,418664087552.0,77099000000.0,,275235000000.0,,,10383000000.0,,8099000000.0,13335000000.0,0.62,0.2701,5.88,0.59,1.47,1784851200.0,0.86,1094.7594789612422,840.3509938826251,947.8200073242188,1077.3143,2.0,35.0,2.55,0.015700001,0.0016,0.73806,False,False,,0.411,2415429.0,2064450.0,0.34,2.33,-5.15,,,-13.37,0.2056,59.5,-0.3,,True,0.6011847919172456,,0.851,US,True,62.150815217391305,41.841090450860314,18.571239656931272,76.79099470419962,66.86709101124798,25.0,67.3694779116466,69.6875,50.0,82.77511961722487,41.099999999999994,52.49285067033449,standard,190,1956727014,False,56.5,False,82.49581239530988,14.321608040201006,74.5393634840871,50.041876046901166,50.041876046901166,50.041876046901166,5,NEUTRAL,0,VARNING,False,4,0.5714285714285714,MEDEL,EJ AKTUELL,0.8,0.875,,2026-08-10,0,True
SHB-A.ST,Svenska Handelsbanken AB (publ),Financial Services,Banks - Diversified,Sweden,SEK,,-2.224941000000001,-2.262405500000005,20.3472,-4.863222599999999,5.350353,23.708,,-0.09056000200000001,-0.0206200004,0.13364499699999993,0.04783753999999997,-0.43674500000000005,-0.1325,-0.2625,-0.047,,,,,656419979264.0,1673300934656.0,1308541190144.0,3387566000000.0,,56805000000.0,,,,,23727000000.0,-46294000000.0,5.37,0.66830003,8.0,5.52,17.5,1774483200.0,0.504,149.4499969482422,103.95854609744191,,133.01353,4.0,17.0,,,0.27364,0.4234,False,False,,0.5,4475294.0,4075192.0,0.65,2.98,13.18,,,-1.38,0.1711,67.5,3.92,,True,,,0.787,Nordic,True,,39.145359502478456,61.60816614400322,27.358669449228678,86.94047263495855,,67.3694779116466,,50.0,,50.0,52.33727511209641,standard,191,,True,43.3,False,36.97654941373534,50.041876046901166,26.549413735343386,50.041876046901166,50.041876046901166,50.041876046901166,1,SVAG,-8,UPPTREND,False,3,0.42857142857142855,LÅG,EJ AKTUELL,-9.9,0.75,SUSPICIOUS_FWD_PE;,2026-08-10,0,True
207940.KS,"Samsung Biologics Co.,Ltd.",Healthcare,Biotechnology,South Korea,KRW,72028719756000.0,,17.381602000000004,2.4111,,14.960647,14.865,12.2845,0.07659749300000002,0.043634998999999994,0.2353762455,0.2507649605,0.16783499000000004,0.171,0.10500000000000001,0.249,0.0,-0.27324999999999977,0.81,1066083299328.0,1652953972736.0,1194488102912.0,71570252890112.0,11060741976830.0,,4556971695180.0,,,2069221266710.0,,1784352060590.0,2247807426550.0,,0.0,,,,,0.214,1987000.0,1228000.0,1556000.0,1975520.0,1.4,25.0,,,0.74373,0.16384001,False,False,,0.5,66094.0,77230.0,0.67,17.43,5.71,,,-12.49,0.4786,67.4,11.65,,True,0.8760854361337129,,0.217,Asia,True,62.317934782608695,80.53599638548054,31.384050578708077,51.45483051295379,62.595080084080884,1.2987012987012987,12.449799196787147,70.625,50.0,,50.0,52.29125009638917,standard,192,87724012,False,44.7,False,83.08207705192629,2.554438860971524,6.78391959798995,50.041876046901166,50.041876046901166,50.041876046901166,6,NEUTRAL,0,UPPTREND,False,3,0.42857142857142855,LÅG,EJ AKTUELL,-4.0,0.625,,2026-08-10,0,True
AUTO.L,Autotrader Group plc,Communication Services,Internet Content & Information,United Kingdom,GBp,,-0.019073000000002338,-1.128524500000002,,5.616183587499999,6.5333242,7.075,0.979499999999998,0.3537950074999999,0.30687000550000004,0.31522499800000003,0.357640005,0.31427501,-0.034,-0.0030000000000000027,0.0,-26.542499999999997,0.7215000000000001,1.544,-667524992.0,18200000.0,211000000.0,4416882176.0,685300000.0,,624300000.0,,,388600000.0,,293900000.0,322800000.0,2.27,0.3199,0.12,1.35,0.078,1787788800.0,0.693,10750.066267149568,5223.918699520873,,562.056,2.66667,18.0,,,0.00543,0.80846,False,False,,0.5,7013104.0,3794966.0,0.52,4.06,5.05,8.63,,-2.84,0.3091,62.9,5.19,,False,,,0.5,UK,True,34.55027173913044,93.55535552462513,47.31668016592115,32.24486678972512,63.67679182291371,,67.3694779116466,9.0625,50.0,,50.0,52.26093819005797,standard,193,,True,42.3,False,36.97654941373534,50.041876046901166,20.35175879396985,50.041876046901166,50.041876046901166,50.041876046901166,2,SVAG,-8,UPPTREND,False,3,0.42857142857142855,LÅG,EJ AKTUELL,,0.875,SUSPICIOUS_FWD_PE;,2026-08-10,0,True
ABBN.SW,ABB Ltd,Industrials,Electrical Equipment & Parts,Switzerland,CHF,,8.441106000000001,7.54562275,2.5761,5.163759112499999,4.1467714,4.257,1.5770000000000017,0.10282999199999998,0.028329999000000022,0.027282503000000027,-0.002479999999999996,-0.03481998000000003,0.04899999999999999,-0.03,0.07,-13.786000000000008,0.2484999999999999,0.818,649537440.0,5856999936.0,9146000384.0,152189403136.0,44885000000.0,,33220000000.0,,,5729000000.0,,4734000000.0,5469000000.0,1.14,0.432,0.94,2.15,0.94,1774224000.0,1.011,89.13999938964844,51.892075616931166,,80.324936,2.76923,27.0,,,0.00028,0.59632,False,False,,0.5,2506738.0,2455746.0,0.57,-2.41,0.79,,,-7.63,0.3137,54.0,-1.39,,True,,,0.707,Europe,True,66.27309782608695,59.83848944169061,31.995818692459792,47.969352260949464,52.19340504351834,,67.3694779116466,55.3125,50.0,,50.0,52.19823945840384,standard,194,,True,44.5,False,36.97654941373534,50.041876046901166,34.58961474036851,50.041876046901166,50.041876046901166,50.041876046901166,3,SVAG,-8,VARNING,False,2,0.2857142857142857,LÅG,EJ AKTUELL,0.5,0.875,,2026-08-10,0,True
SYY,Sysco Corporation,Consumer Defensive,Food Distribution,United States,USD,40336443010.81978,-6.648684250000004,-6.204074500000001,1.6257,,0.47705513,0.633,-6.627499999999998,0.5686325037500001,0.0102150055,-0.06647998400000003,-0.06584255500000002,-0.30459999,0.0085,0.0,0.038,442.38525000000004,0.3085000000000002,0.729,543980928.0,1786000000.0,14967000064.0,53517443072.0,26774000000.0,,81370000000.0,,,3088000000.0,,1828000000.0,2510000000.0,2.61,0.59290004,2.2,2.58,0.55,1782950400.0,0.636,90.5624908257144,67.2341471705827,84.29000091552734,89.30769,2.4,13.0,4.33,0.0387,0.00154,0.90128,False,False,,0.776,3540190.0,4564890.0,0.25,0.76,16.65,,,-6.44,0.2999,64.0,3.83,,False,0.6677493105395664,,0.679,US,True,,46.58761043627232,53.222251608921795,44.29465023949604,49.06317571707383,69.15584415584416,67.3694779116466,64.375,50.0,46.411483253588514,77.60000000000001,52.190646789054846,standard,195,384774582,False,69.7,False,88.19095477386935,73.70184254606366,93.63484087102178,50.041876046901166,50.041876046901166,50.041876046901166,3,SVAG,-8,UPPTREND,False,1,0.14285714285714285,LÅG,EJ AKTUELL,-3.8,0.75,SUSPICIOUS_FWD_PE;,2026-08-10,0,True
TXRH,"Texas Roadhouse, Inc.",Consumer Cyclical,Restaurants,United States,USD,13671759920.0,2.0207330000000034,4.444437500000003,2.5709,0.22482042500000077,2.2547293,2.399,0.0,0.10278250374999999,0.01656499649999999,-0.014639993000000032,-0.01001754500000003,-0.32531001,0.053000000000000005,-0.002999999999999989,0.086,-11.841749999999998,-0.8719999999999999,0.34,-1218901936.0,214560992.0,1054270016.0,14544071680.0,3549472000.0,,5878075000.0,,,475089000.0,,405554000.0,730067000.0,1.44,0.445,3.0,1.54,0.75,1780358400.0,0.797,213.25999450683594,153.17223310879282,208.0,207.6087,2.14286,23.0,2.27,0.0404,0.00445,1.0322499,False,False,,0.418,1097782.0,969690.0,0.55,8.35,13.85,,,-1.24,0.3354,70.3,10.76,,True,0.7521312452601614,,0.46,US,True,,48.83756987613107,62.92647447765142,39.34272473261775,37.38443232080481,82.79220779220779,67.3694779116466,17.1875,50.0,44.49760765550239,41.8,52.08091233472484,standard,196,201695520,False,54.0,False,36.97654941373534,85.25963149078727,62.730318257956455,50.041876046901166,50.041876046901166,50.041876046901166,2,SVAG,-8,UPPTREND,False,2,0.2857142857142857,LÅG,EJ AKTUELL,-5.9,0.875,,2026-08-10,0,True
BRK-B,Berkshire Hathaway Inc.,Financial Services,Insurance - Diversified,United States,USD,729637450589.4023,-6.819785000000003,5.588383,10.06,-8.0073570511,2.9980402,-0.707,-16.8345,-0.07282750125,0.0269550015,-0.07016248900000004,-0.23035002000000002,-0.21176,-0.0505,0.9944999999999999,1.196,-53.89525000000001,1.226,2.7,59819105024.0,397383008256.0,128885997568.0,-265477701632.0,1222176000000.0,,410522000000.0,,,,,66968000000.0,45969000000.0,,0.0,,,,,0.607,525.4400024414062,462.54998779296875,521.7999877929688,525.3333,2.0,3.0,2.33,0.0095999995,0.00265,0.6725,False,False,,0.588,4818824.0,4365510.0,0.75,6.78,10.63,,,0.0,0.1531,88.2,6.93,,True,0.8818671571136691,,0.688,US,True,,31.513282554616563,75.32021007292099,65.10336023876438,81.54482541017548,20.454545454545457,12.449799196787147,,50.0,90.9090909090909,58.8,52.06390173625681,standard,197,2277923065,False,55.5,False,97.52931323283082,11.892797319932999,45.56113902847571,50.041876046901166,50.041876046901166,50.041876046901166,5,NEUTRAL,0,UPPTREND,False,3,0.42857142857142855,LÅG,EJ AKTUELL,1.9,0.875,,2026-08-10,0,True
COL.AX,Coles Group Limited,Consumer Defensive,Grocery Stores,Australia,AUD,32490641038.906,2.2528685000000017,1.8328114999999991,,3.890628812500001,0.72081286,0.939,-3.1799999999999997,0.12677502999999998,0.0031800009999999983,-0.06170874650000001,-0.13234377249999996,-0.0017399999999999916,-0.013499999999999998,-0.166,-0.113,72.112,0.0,0.17,-1924875008.0,598000000.0,10572000256.0,42316029952.0,20294000000.0,,44352000000.0,,,1819000000.0,,1079000000.0,,3.02,0.90910006,0.73,3.56,0.41,1773100800.0,0.279,24.59000015258789,19.709246636424982,24.190000534057617,23.76783,2.33333,15.0,,,0.00564,0.41564998,False,False,,0.5,2833861.0,2185213.0,0.98,3.37,13.11,12.01,,-2.09,0.2354,62.9,1.9,,True,0.7323415282488689,,0.5,Australia,True,,46.19655300265701,58.850895806412325,26.53751027357446,67.55395994167631,72.72727272727273,67.3694779116466,23.75,50.0,,50.0,51.99400341548183,standard,198,37322813,False,56.4,False,36.97654941373534,75.79564489112228,88.2747068676717,50.041876046901166,50.041876046901166,50.041876046901166,1,SVAG,-8,UPPTREND,False,2,0.2857142857142857,LÅG,EJ AKTUELL,-7.4,0.875,SUSPICIOUS_FWD_PE;,2026-08-10,0,True
DDOG,"Datadog, Inc.",Technology,Software - Application,United States,USD,78344233900.10535,429.119815,53.97767625,1.4312,9.933084000000001,21.17576,20.075,953.6045,-0.14634749625,-0.07065500060000002,-0.06351498400000001,-0.12821254050000006,0.30573999999999996,0.19199999999999998,14.419,15.833,-25.730500000000003,1.5475000000000003,3.1,-430929536.0,4985438208.0,1277800960.0,79630630912.0,6643844000.0,,3427158000.0,,,-44373000.0,,107741000.0,1050135000.0,,0.0,,,,,,292.7200012207031,98.01000213623047,233.92999267578125,279.47534,1.5,45.0,2.67,0.0435,0.00636,0.91223997,False,False,,0.483,5319693.0,6269780.0,0.65,-1.26,27.01,,,-10.82,0.7624,50.8,2.91,,False,0.07713093136922979,,1.0,US,True,28.188858695652176,30.928492584816986,55.624614299568016,94.22106020763505,43.686330903662075,56.16883116883117,12.449799196787147,39.6875,50.0,40.66985645933015,48.3,51.9129083089867,standard,199,1466689589,False,46.1,False,74.87437185929649,29.81574539363484,2.554438860971524,50.041876046901166,50.041876046901166,50.041876046901166,6,NEUTRAL,0,UPPTREND,False,1,0.14285714285714285,LÅG,EJ AKTUELL,15.0,0.75,,2026-08-10,0,True
FRES.L,FRES.L,Basic Materials,Other Precious Metals & Mining,Mexico,GBp,,-5.434410250000003,-1.223450500000001,1.56,2.0037434874999995,,3.309,-6.1035,0.3306850135,0.2766300015,0.228884988,0.38210001499999996,0.18787500999999998,0.642,1.9579999999999997,2.276,-46.51849999999999,4.745500000000001,5.525,1088586944.0,2503113984.0,853481024.0,19877969920.0,7279268000.0,,4561231000.0,,,2291228000.0,,1383988000.0,2289707000.0,4.09,0.4147,1.12,2.18,0.434,1786579200.0,0.702,54391.81200144534,20935.91053269131,,3330.2021,2.85714,14.0,,,0.74994004,0.14472,False,False,,0.5,995304.0,800870.0,0.87,15.79,-21.7,-22.01,,-31.49,0.5842,69.9,6.4,,True,,,0.5,UK,True,,89.9597282189765,4.854547930944203,79.17639062453009,57.639841824416045,,67.3694779116466,92.8125,50.0,,50.0,51.91161857436129,commodity,200,,True,46.8,False,36.97654941373534,50.041876046901166,50.041876046901166,50.041876046901166,50.041876046901166,50.041876046901166,7,STARK,8,UPPTREND,False,3,0.42857142857142855,LÅG,EJ AKTUELL,25.5,0.875,SUSPICIOUS_FWD_PE;,2026-08-10,0,True
2308.TW,"Delta Electronics, Inc.",Technology,Electronic Components,Taiwan,TWD,4285946492850.0,31.05301500000001,8.754400749999999,1.4076,9.395464125,6.548034,6.463,13.7195,0.16743000000000002,0.051879993999999985,-0.025488746499999965,0.0003449950000000007,-0.025425009999999998,0.31299999999999994,0.529,0.802,13.708750000000002,-0.20424999999999982,1.117,0.0,186170556416.0,74292715520.0,4230582370304.0,639618600000.0,,554885168000.0,,,84350955000.0,,60108399000.0,98474281000.0,0.7,0.2588,11.6,1.87,11.6,1781654400.0,1.497,2571.553237672836,614.7852863538322,1650.0,2440.0908,1.36364,22.0,,,0.25931,0.38261002,False,False,,0.5,11472362.0,16397324.0,0.62,,,,,,0.6725,37.9,,,True,0.3542135934095983,,0.452,Asia,True,44.27921195652174,59.92628298670159,,68.18116556423526,36.8170333024264,12.987012987012985,67.3694779116466,46.71875,50.0,,50.0,51.90721834065883,standard,201,838984860,False,46.4,False,79.64824120603015,5.8626465661641545,20.268006700167504,50.041876046901166,50.041876046901166,50.041876046901166,6,NEUTRAL,0,UPPTREND,False,2,0.2857142857142857,LÅG,EJ AKTUELL,9.0,0.875,,2026-08-10,0,True
7148.T,"Financial Partners Group Co.,Ltd.",Financial Services,Financial Conglomerates,Japan,JPY,135151461510.0,-9.833502750000001,-19.9172,,-0.6252156000000006,1.493667,1.871,-4.219000000000001,0.12594998799999996,0.0624,-0.09772251300000004,-0.09719000000000003,0.04955999999999999,-0.5135,0.1735,0.375,62.295500000000004,-0.24950000000000006,2.061,,15580000256.0,49574998016.0,169312272384.0,126857000000.0,,129764000000.0,,,25418000000.0,,18156000000.0,108246000000.0,5.74,0.6056,92.7,4.66,46.35,1790640000.0,0.475,2379.135430806849,1467.0,1614.0,,,,,,0.32399,0.15843001,False,False,,0.5,550578.0,731440.0,0.72,,,,,,0.291,55.4,,,False,0.5245978789774843,,0.5,Japan,True,,53.221869967450196,,42.03374504500623,55.988165289692915,41.55844155844156,67.3694779116466,,50.0,,50.0,51.84393628299615,standard,202,7421399,False,46.1,False,36.97654941373534,22.613065326633166,73.28308207705193,50.041876046901166,50.041876046901166,50.041876046901166,4,NEUTRAL,0,UPPTREND,False,1,0.14285714285714285,LÅG,EJ AKTUELL,-2.7,0.875,SUSPICIOUS_FWD_PE;,2026-08-10,0,True
NOVN.SW,Novartis AG,Healthcare,Drug Manufacturers - General,Switzerland,CHF,,-3.4810809999999996,-1.8720579999999973,3.5183,1.176786912500001,4.223662,4.961,-5.580499999999999,0.11020748800000002,0.03819499800000001,0.10249249500000002,0.12323999000000002,0.31246999999999997,-0.07899999999999999,-0.316,-0.192,63.461499999999994,-0.8225,0.55,10979287584.0,7617999872.0,49014001664.0,281252069376.0,110949000000.0,,56674000000.0,,,17644000000.0,,13984000000.0,19144000000.0,2.96,0.6986,3.7,3.57,3.7,1773100800.0,0.494,131.5,88.85630787358895,,124.42037,2.68182,21.0,,,0.02111,0.45904,False,False,,0.5,2697821.0,2236811.0,0.82,1.78,9.4,,,-2.76,0.2023,54.1,2.66,,False,,,0.359,Europe,True,,79.01317366069199,50.94205362652863,13.126452972951379,57.01131368349236,,67.3694779116466,88.75,50.0,,50.0,51.838310109575175,standard,203,,True,44.3,False,36.97654941373534,50.041876046901166,33.584589614740366,50.041876046901166,50.041876046901166,50.041876046901166,3,SVAG,-8,UPPTREND,False,2,0.2857142857142857,LÅG,EJ AKTUELL,-5.9,0.875,SUSPICIOUS_FWD_PE;,2026-08-10,0,True
NFLX,"Netflix, Inc.",Communication Services,Entertainment,United States,USD,308714485037.1729,-2.3453380000000053,-1.6223980000000022,1.6468,1.3369502750000009,6.382253,6.538,4.6455,0.28689248875,0.09946499349999999,0.16718000999999996,0.15584745499999997,0.0016200000000000103,0.07300000000000001,0.057,0.088,-21.473750000000006,0.01650000000000018,0.917,23978408704.0,9127910400.0,16654660608.0,316241248256.0,55596993000.0,,45183036000.0,,,13326603000.0,,10981201000.0,10149273000.0,,0.0,,,,,1.514,126.70999908447266,65.08000183105469,74.13999938964844,94.03667,1.72549,45.0,2.03,0.0241,0.0057200002,0.85623,False,False,,0.69,43423375.0,37954280.0,0.4,2.12,-11.77,,,-30.05,0.3972,78.3,-0.07,,True,0.7394034271365938,,0.45,US,True,87.5883152173913,79.97092418387606,9.16613140892432,42.65869752060663,35.15923302805438,28.57142857142857,12.449799196787147,95.3125,50.0,65.07177033492823,69.0,51.80423466662011,standard,204,2813930296,False,52.4,False,97.52931323283082,15.996649916247907,20.85427135678392,50.041876046901166,50.041876046901166,50.041876046901166,6,NEUTRAL,0,VARNING,False,2,0.2857142857142857,LÅG,EJ AKTUELL,-2.2,0.875,SUSPICIOUS_FWD_PE;,2026-08-10,0,True
WDC,Western Digital Corporation,Technology,Computer Hardware,United States,USD,,-20.156533,-11.696107750000001,0.4881,,,11.725,7.786500000000002,1.1152225037499996,0.1339949995,0.6211850139999999,0.29553745949999993,-0.0010499999999999954,0.274,9.572,10.33,-43.121500000000005,-0.3284999999999999,0.85,909356032.0,1579000064.0,1052000000.0,151477993472.0,14002000000.0,,9520000000.0,,,2130000000.0,,1861000000.0,1691000000.0,0.13,0.020599999,0.6,3.23,0.15,1788825600.0,2.217,799.8699951171875,72.942326427254,434.29998779296875,665.25,1.57692,24.0,2.24,0.0761,0.00565,1.00126,False,False,,0.464,8512719.0,9757930.0,0.45,-20.1,-13.93,,,-40.52,0.8598,35.1,-20.66,,False,0.028335789578553358,,0.982,US,True,57.10326086956522,87.2019300101184,6.468432387501417,93.45058701049868,13.676380773757643,,34.437751004016064,58.75,50.0,22.966507177033492,46.400000000000006,51.77610555843869,standard,206,4237868880,False,46.8,False,36.97654941373534,50.041876046901166,50.041876046901166,50.041876046901166,50.041876046901166,50.041876046901166,5,NEUTRAL,0,VARNING,False,2,0.2857142857142857,LÅG,EJ AKTUELL,13.6,0.75,SUSPICIOUS_FWD_PE;,2026-08-10,0,True
RMS.PA,HERMES INTL,Consumer Cyclical,Luxury Goods,France,EUR,,14.032157000000002,14.641338000000005,3.5835,3.3949271124999996,10.61964,9.998,4.082000000000001,0.04177999500000004,0.11137000599999998,0.18710249599999998,0.27760498,0.27612,-0.059,-0.106,-0.004,-59.215,3.3499999999999996,3.632,3993662496.0,12309999616.0,2280000000.0,161277411328.0,24322000000.0,,16001000000.0,,,6695000000.0,,4524000000.0,5374000000.0,1.11,0.4186,18.0,0.66,13.0,1776729600.0,1.0,2277.054886655859,1465.5,,1897.591,2.0,22.0,,,0.66982,0.10232,False,False,,0.5,99786.0,127806.0,0.43,-0.75,3.2,-21.65,,-23.59,0.3874,46.5,0.51,,False,,,0.5,Europe,True,78.61141304347825,84.08301071136796,17.604878058680708,26.061313643419098,56.81512569335127,,67.3694779116466,80.625,50.0,,50.0,51.75748636303446,standard,207,,True,40.8,False,36.97654941373534,50.041876046901166,10.217755443886096,50.041876046901166,50.041876046901166,50.041876046901166,5,NEUTRAL,0,UPPTREND,False,3,0.42857142857142855,LÅG,EJ AKTUELL,,0.875,,2026-08-10,0,True
ASM.AS,ASM International NV,Technology,Semiconductor Equipment & Materials,Netherlands,EUR,,7.539581000000002,7.98831775,1.6368,1.6573296874999992,12.434673,12.105,14.556500000000002,0.048369995,0.04608000400000001,0.20127750300000005,0.1434699845,0.08105000000000001,0.036000000000000004,0.13999999999999996,0.41,-44.23075,0.6555,1.651,-685687520.0,1180099968.0,70500000.0,40720998400.0,5337000000.0,,3173200000.0,,,938100000.0,,723700000.0,1060900000.0,0.39,0.1487,3.25,0.61,3.25,1778630400.0,1.523,1092.5,398.4486910663275,,1089.2778,1.68421,18.0,,,0.047340002,0.64495003,False,False,,0.5,184450.0,285707.0,0.48,-3.37,-4.47,23.88,,-20.33,0.5161,43.6,-5.76,,True,,,0.995,Europe,True,34.33016304347826,75.23021086265084,36.2288879708673,70.14032086768893,35.88375149444577,,67.3694779116466,33.4375,50.0,,50.0,51.68744589043073,standard,209,,True,40.6,False,36.97654941373534,50.041876046901166,8.793969849246231,50.041876046901166,50.041876046901166,50.041876046901166,5,NEUTRAL,0,VARNING,False,3,0.42857142857142855,LÅG,EJ AKTUELL,9.0,0.875,,2026-08-10,0,True
SYF,Synchrony Financial,Financial Services,Credit Services,United States,USD,25570893124.056396,-14.373749000000004,-11.1233747,1.0181,-6.325988175000001,2.5808332,2.778,,0.030042498749999993,0.0020349995000000006,0.09185751099999996,0.12831998,-0.48956000000000005,-0.0885,-0.1655,-0.085,,,,,16193000448.0,16432000000.0,27525894144.0,119095000000.0,,14981000000.0,,,,,3552000000.0,9851000000.0,1.73,0.123100005,1.36,2.16,0.34,1785888000.0,1.311,87.67422693662976,62.55498440548189,78.58999633789062,89.08696,1.875,23.0,5.08,0.0793,0.00348,1.11632,False,False,,0.707,3817114.0,3369660.0,0.34,6.7,11.15,,,-1.85,0.3361,66.4,4.93,,True,0.8526641550204613,,1.0,US,True,,53.79648233922666,56.83807508721553,37.30111846738693,35.186758007914584,76.2987012987013,67.3694779116466,,50.0,21.5311004784689,70.7,51.66499390234827,standard,210,264821567,False,52.4,False,36.97654941373534,78.9782244556114,58.37520938023451,50.041876046901166,50.041876046901166,50.041876046901166,1,SVAG,-8,UPPTREND,False,1,0.14285714285714285,LÅG,EJ AKTUELL,-5.7,0.75,SUSPICIOUS_FWD_PE;,2026-08-10,0,True
MQG.AX,MACQ GROUP FPO [MQG],Unknown,Unknown,Unknown,AUD,,,,,,,,,,,,,,,,,,,,,,,,540101000000.0,,7216000000.0,,,-6354000000.0,,4847000000.0,,,,,,,,,267.9049987792969,184.07200965178643,264.45001220703125,,,,,,,,False,False,,0.5,732277.0,650649.0,0.49,3.96,13.48,21.98,,-1.19,0.2603,63.7,5.12,,True,0.8814047447478718,,0.5,Australia,True,,,67.25301959458976,30.622489959839356,72.88135593220339,,12.449799196787147,,50.0,,50.0,51.39687130098716,standard,212,121488474,False,46.8,False,36.97654941373534,50.041876046901166,50.041876046901166,50.041876046901166,50.041876046901166,50.041876046901166,1,SVAG,-8,UPPTREND,False,2,0.2857142857142857,LÅG,EJ AKTUELL,4.4,0.0,EXTREME_GROWTH;EXTREME_EARNINGS_GROWTH;MISSING_CRITICAL;,2026-08-10,0,True
BLND.L,BLND.L,Real Estate,REIT - Diversified,United Kingdom,GBp,,-15.225616500000001,-8.08944125,5.86,-2.7321624275000005,7.3742156,11.98,1.9400000000000013,-0.069069985,-0.0064199984999999925,0.45041993999999996,0.17992000500000005,0.28434501,0.004500000000000004,-0.0205,0.031,-44.666000000000004,-0.33250000000000013,0.277,-692874976.0,202000000.0,3150000128.0,7379536384.0,9360000000.0,,523000000.0,,,300000000.0,,454000000.0,,5.23,0.5051,0.23,5.5,0.108,1781740800.0,1.181,5787.686901287234,4031.491744766469,,454.875,2.17647,16.0,,,0.00274,0.88051003,False,False,,0.5,4856610.0,4646984.0,0.35,3.84,17.18,6.85,,-2.14,0.2745,52.5,3.87,,False,,,0.5,UK,True,37.1875,66.52277415885705,58.627829349072364,36.54383571785746,42.34273936311173,,67.3694779116466,15.625,50.0,,50.0,51.36573026088568,standard,213,,True,41.8,False,36.97654941373534,50.041876046901166,16.834170854271356,50.041876046901166,50.041876046901166,50.041876046901166,3,SVAG,-8,UPPTREND,False,2,0.2857142857142857,LÅG,EJ AKTUELL,-9.4,0.875,SUSPICIOUS_FWD_PE;,2026-08-10,0,True
AMAT,"Applied Materials, Inc.",Technology,Semiconductor Equipment & Materials,United States,USD,428055298720.4651,10.767619999999997,6.27974025,1.2826,6.964687,14.7483225,14.715,23.3795,0.20361253375,0.07625499949999998,0.18485501399999998,0.1858874595,0.0,-0.05,0.06,0.313,-24.590500000000002,0.8505000000000001,1.624,1631230976.0,8240999936.0,7267999744.0,427082285056.0,36299000000.0,,28368000000.0,,,8470000000.0,,6998000000.0,7958000000.0,0.4,0.1731,2.12,0.79,0.53,1787184000.0,1.618,739.6699829101562,153.78458584516943,539.1400146484375,629.0571,1.46154,35.0,1.34,0.0211,0.00321,0.84469,False,False,,0.448,9679554.0,7568090.0,0.34,-8.02,19.45,,,-26.8,0.7056,44.1,-4.59,,True,0.5316774185265852,,0.906,US,True,45.34782608695652,79.29489400561332,41.200362715834814,55.74098687417603,31.662516843343653,24.025974025974026,67.3694779116466,55.00000000000001,50.0,73.20574162679426,44.800000000000004,51.35886575259044,standard,214,4080260153,False,44.9,False,76.96817420435511,14.07035175879397,6.95142378559464,50.041876046901166,50.041876046901166,50.041876046901166,4,NEUTRAL,0,VARNING,False,2,0.2857142857142857,LÅG,EJ AKTUELL,8.7,0.875,,2026-08-10,0,True
CBOE,"Cboe Global Markets, Inc.",Financial Services,Financial Data & Stock Exchanges,United States,USD,29927840022.748016,-0.12322500000000147,0.19292199999999937,2.4568,-2.6823164750000004,5.9130735,5.76,0.5155000000000003,0.08515249874999999,0.08879499949999999,0.004127510999999973,-0.027530020000000044,0.05122996000000002,0.1345,0.3005,0.502,-43.474250000000005,-0.08499999999999985,0.793,-730894080.0,2354500096.0,1580300032.0,29153640448.0,9305300000.0,,4714200000.0,,,1514100000.0,,1100000000.0,1752600000.0,1.0,0.2245,2.88,1.29,0.72,1780012800.0,0.415,370.403634917837,227.14999389648438,286.5799865722656,317.42856,3.05882,14.0,2.87,0.0298,0.0025499999,0.92326,False,False,,0.468,1469830.0,1147740.0,0.21,4.64,-17.08,,,-20.75,0.4164,58.3,4.8,,False,0.49901940392337685,,0.898,US,True,50.07744565217391,63.096117593904125,8.155753705872723,76.11973267497171,52.72314101649007,74.02597402597402,67.3694779116466,30.312499999999996,50.0,57.41626794258373,46.800000000000004,51.301169593756235,standard,215,328919314,False,46.8,False,36.97654941373534,76.80067001675042,23.366834170854272,50.041876046901166,50.041876046901166,50.041876046901166,3,SVAG,-8,UPPTREND,False,3,0.42857142857142855,LÅG,EJ AKTUELL,-5.1,0.875,SUSPICIOUS_FWD_PE;,2026-08-10,0,True
POW.TO,"POWER CORPORATION OF CANADA, SV",Financial Services,Insurance - Life,Canada,CAD,53557312636.07456,-4.649293500000002,-2.086359,1.0939,-1.4094606750000005,1.4561262,-2.507,-28.412499999999998,-0.046394996499999994,-0.022309999999999997,-0.16919749350000005,-0.22325745499999994,0.12946000000000002,-0.005500000000000005,-0.2945,-0.097,0.0,81.89975,68.24,-36866321440.0,204650004480.0,22199699456.0,-101036040192.0,925735000000.0,,37649000000.0,,,,,2627000000.0,4780000000.0,2.86,0.6305,2.67,4.86,0.668,1790640000.0,0.934,97.66000366210938,53.71601219292724,93.48999786376953,98.44444,2.55556,9.0,3.87,,0.0061500003,0.43181,False,False,,0.5,2110737.0,1907890.0,0.18,4.08,21.73,,,-1.24,0.216,60.5,6.46,,False,0.6446136296460765,,0.598,Canada,True,,28.288931171603007,71.21793176408357,29.8655689596432,82.08133682480347,62.33766233766234,67.3694779116466,,50.0,,50.0,51.24012342272805,standard,216,127929764,False,53.5,False,36.97654941373534,70.4355108877722,74.28810720268007,50.041876046901166,50.041876046901166,50.041876046901166,2,SVAG,-8,UPPTREND,False,3,0.42857142857142855,LÅG,EJ AKTUELL,-5.4,0.875,SUSPICIOUS_FWD_PE;,2026-08-10,0,True
005930.KS,"Samsung Electronics Co., Ltd.",Technology,Consumer Electronics,South Korea,KRW,1331528329593000.0,,-13.41013525,0.1739,,3.12604,2.794,-10.3945,0.17570000000000002,0.12208999999999999,0.15839125350000005,0.35539500499999993,0.19410498999999995,1.135,13.394,13.551,-3.6362499999999986,5.727749999999999,6.029,56642618404864.0,189999001632768.0,22408700362752.0,1355839570968576.0,566942110000000.0,,333605938000000.0,,,43601051000000.0,,44260956000000.0,85315148000000.0,0.65,0.1344,1496.0,2.14,374.0,1782691200.0,1.557,374087.44831391243,66663.44246948964,231000.0,471908.2,1.35135,37.0,,,0.0967,0.4652,False,False,,0.5,31921641.0,36214853.0,0.57,-16.91,-13.87,,,-36.21,0.953,46.7,-21.33,,True,0.2992294692332274,,0.838,Asia,True,,86.37274716682292,6.594060528204934,91.30286569043582,38.20551026384907,0.3246753246753247,67.3694779116466,89.6875,50.0,,50.0,51.20602385250665,standard,217,6106910661,False,52.5,False,92.29480737018424,2.554438860971524,43.71859296482412,50.041876046901166,50.041876046901166,50.041876046901166,7,STARK,8,VARNING,False,3,0.42857142857142855,LÅG,EJ AKTUELL,2.5,0.625,SUSPICIOUS_FWD_PE;,2026-08-10,0,True
ADC,Agree Realty Corporation,Real Estate,REIT - Retail,United States,USD,9406806873.682022,5.635089499999996,9.49442525,0.13,-5.991740200000001,12.09964,17.164,-3.706999999999997,-0.07037250075,-0.0109950005,0.04236501199999998,0.11930745499999995,0.38699999999999996,0.10350000000000001,-0.0255,0.111,-37.12125000000001,-0.49550000000000005,0.244,-961364064.0,32217000.0,3845841920.0,13381284864.0,9797612000.0,,718398000.0,,,346881000.0,,204349000.0,504136000.0,4.2,1.6887,3.2,4.21,0.267,1785456000.0,0.468,81.5214590551872,67.352911849313,75.62999725341797,84.86111,1.85,18.0,0.01,0.0002,0.01745,1.17614,False,False,,0.725,1208532.0,1474630.0,0.24,-5.25,-1.79,,,-8.17,0.1749,19.0,-2.67,,False,0.07444198129260789,,0.518,US,True,,58.640011255154626,28.668404680041817,49.497016090516084,65.28028813288513,87.33766233766234,29.71887550200803,19.0625,50.0,96.17224880382776,72.5,51.20377021044762,standard,218,111526263,False,46.6,False,36.97654941373534,89.44723618090453,9.296482412060302,50.041876046901166,50.041876046901166,50.041876046901166,3,SVAG,-8,VARNING,False,1,0.14285714285714285,LÅG,EJ AKTUELL,-7.0,0.875,,2026-08-10,0,True
CAT,"Caterpillar, Inc.",Industrials,Farm & Heavy Construction Machinery,United States,USD,387133595889.16315,1.0418950000000002,0.6884892499999999,2.0558,10.369231424999997,5.1805005,5.705,4.558000000000003,0.37310253075000005,0.025294993499999988,0.04126001399999997,0.09542746499999993,-0.19243,0.147,0.5700000000000001,0.649,154.07225,0.043500000000000094,0.78,3626856192.0,5944999936.0,45146001408.0,426333601792.0,98585000000.0,,67589000000.0,,,11151000000.0,,8884000000.0,11739000000.0,0.76,0.2601,6.52,1.72,1.63,1784505600.0,1.605,1071.4723093369823,401.84277199142224,842.1900024414062,972.94806,2.14286,26.0,2.12,0.0195,0.00219,0.73082,False,False,,0.458,3258883.0,3710080.0,0.28,-9.74,-9.29,,,-21.05,0.4405,39.8,-8.26,,True,0.33649019132466174,,1.0,US,True,65.00135869565217,64.96202675345398,12.302112064079797,84.45829405697003,31.247005531697425,26.2987012987013,67.3694779116466,62.81250000000001,50.0,76.55502392344498,45.800000000000004,51.17777073762751,standard,219,3124592284,False,48.9,False,80.40201005025126,14.824120603015075,27.30318257956449,50.041876046901166,50.041876046901166,50.041876046901166,4,NEUTRAL,0,VARNING,False,4,0.5714285714285714,MEDEL,EJ AKTUELL,10.0,0.875,SUSPICIOUS_FWD_PE;,2026-08-10,0,True
GILD,"Gilead Sciences, Inc.",Healthcare,Drug Manufacturers - General,United States,USD,165174434522.4442,,-9.231180499999999,2.1441,4.9766392249999996,5.4232016,6.197,-7.3344999999999985,-0.37379000324999995,0.08042999849999999,-0.21917998400000002,0.24177744499999998,0.30651004,0.015,,,163.91975,-0.6914999999999999,0.747,10761730816.0,3179000064.0,26598000640.0,188732604416.0,59023000000.0,,29442000000.0,,,11701000000.0,,8510000000.0,10019000000.0,2.51,0.43400002,3.28,3.62,0.82,1789430400.0,0.336,155.3805941192722,106.44034949748199,133.2100067138672,157.40741,1.68966,27.0,3.06,0.020399999,0.00114,0.91949,False,False,,0.817,7729379.0,7935390.0,0.35,1.43,0.48,,,-13.4,0.2743,56.5,2.94,,False,0.664542087276153,,0.936,US,True,,55.829394560403195,24.413420485888086,65.99790466212676,47.06061188755052,38.961038961038966,67.3694779116466,93.75,50.0,74.16267942583733,91.69999999999999,51.15786969082109,standard,220,1057073355,False,53.9,False,97.52931323283082,20.85427135678392,25.963149078726964,50.041876046901166,50.041876046901166,50.041876046901166,5,NEUTRAL,0,UPPTREND,False,2,0.2857142857142857,LÅG,EJ AKTUELL,-4.4,0.75,EXTREME_EARNINGS_GROWTH;SUSPICIOUS_FWD_PE;,2026-08-10,0,True
ROK,"Rockwell Automation, Inc.",Industrials,Specialty Industrial Machinery,United States,USD,49076265181.947235,5.470693000000001,4.11986125,1.9395,4.426100425,5.4693265,5.808,3.235000000000003,0.10967250075,0.034894999499999996,0.030000023999999972,0.08327745499999994,0.0013599799999999829,-0.013999999999999999,0.29200000000000004,0.383,24.636249999999993,-0.24950000000000006,0.658,-105269120.0,479000000.0,3612999936.0,52112908288.0,11219000000.0,,8342000000.0,,,1423000000.0,,869000000.0,1544000000.0,1.25,0.5103,5.52,1.63,1.38,1786924800.0,1.535,497.3599853515625,324.11503595588977,441.0400085449219,476.66666,2.25,24.0,4.17,0.0388,0.0017,0.9168,False,False,,0.454,830687.0,1116380.0,0.27,-4.83,-3.74,,,-11.48,0.3647,37.4,-5.49,,False,0.029295052452300387,,0.972,US,True,53.77309782608695,66.83715585156492,22.334731300613342,67.30372525364675,40.446691749171364,64.28571428571429,67.3694779116466,42.8125,50.0,45.933014354066984,45.4,51.11244412526363,standard,221,492368245,False,56.8,False,78.9782244556114,71.44053601340033,25.711892797319933,50.041876046901166,50.041876046901166,50.041876046901166,5,NEUTRAL,0,VARNING,False,3,0.42857142857142855,LÅG,EJ AKTUELL,9.1,0.875,,2026-08-10,0,True
GJF.OL,GJENSIDIGE FORSIKRING,Financial Services,Insurance - Property & Casualty,Norway,NOK,,7.707167999999999,1.3360914999999949,1.62,0.18207540000000044,,1.464,-5.275500000000002,0.05441999799999998,0.00349,-0.14989500300000003,-0.20885245999999996,-0.06344497999999998,-0.0345,-0.2785,-0.076,-44.4155,40.925,41.455,4515576512.0,76956696576.0,5353699840.0,69629124608.0,191899400000.0,,44936300000.0,,,,,6556100000.0,,3.54,0.7825,10.0,4.05,14.5,1774569600.0,0.199,285.9179780691262,240.62403639310895,,291.65625,,16.0,,,0.62237,0.26708,False,False,,0.5,292870.0,190344.0,0.96,0.65,11.85,,,-1.69,0.1877,53.6,3.47,,False,,,0.002,Nordic,True,,37.60853916561605,58.97249404919334,15.933523801251727,95.23032422138908,,67.3694779116466,95.0,50.0,,50.0,51.05127367737518,standard,222,,True,46.8,False,36.97654941373534,50.041876046901166,50.041876046901166,50.041876046901166,50.041876046901166,50.041876046901166,5,NEUTRAL,0,UPPTREND,False,2,0.2857142857142857,LÅG,EJ AKTUELL,-10.8,0.875,SUSPICIOUS_FWD_PE;,2026-08-10,0,True
ALK-B.CO,ALK-Abelló A/S,Healthcare,Biotechnology,Denmark,DKK,,12.473053999999998,10.589537999999997,9.87,0.018207800000000773,7.5651493,7.391,6.445499999999999,0.001837496000000008,0.058154998999999985,0.05331750200000002,0.06486500500000004,0.242415,0.07700000000000001,0.08800000000000002,0.234,-52.136500000000005,1.4525,1.916,-42623360.0,1544999936.0,410000000.0,48495030272.0,9057000000.0,,6312000000.0,,,1654000000.0,,1197000000.0,1817000000.0,0.73,0.2759,1.6,0.66,1.6,1773705600.0,0.707,271.3999938964844,171.10009130256813,,298.75,,4.0,,,0.0,0.64422,False,False,,0.5,150871.0,140298.0,0.64,-8.24,-13.69,,,-18.42,0.2757,33.0,-9.67,,False,,,0.675,Nordic,True,48.941576086956516,69.14785761258076,10.917683656377124,59.06308830381322,69.86809480940667,,67.3694779116466,44.0625,50.0,,50.0,51.04322842906481,standard,223,,True,41.7,False,36.97654941373534,50.041876046901166,16.164154103852596,50.041876046901166,50.041876046901166,50.041876046901166,4,NEUTRAL,0,VARNING,False,3,0.42857142857142855,LÅG,EJ AKTUELL,12.4,0.875,,2026-08-10,0,True
WEC,"WEC Energy Group, Inc.",Utilities,Utilities - Regulated Electric,United States,USD,35071168197.31794,-4.895782499999999,-4.192628749999999,2.2979,,3.459582,5.769,-3.6537499999999987,-0.01688249824999999,-0.008834999500000008,0.03160252099999998,0.014712449999999974,-0.07046999999999998,-0.036000000000000004,0.114,0.219,-3.492250000000001,-0.3084999999999999,0.303,-3762781440.0,50000000.0,23023200256.0,58482470912.0,51518300000.0,,9800100000.0,,,2374900000.0,,1558700000.0,3379400000.0,3.53,0.71650004,3.81,3.26,0.953,1786665600.0,0.462,119.91000366210938,101.22246905187251,107.62999725341797,123.02778,2.45,18.0,6.22,0.0478,0.0015199999,0.87226,False,False,,0.799,2159262.0,2351570.0,0.33,-8.2,-4.87,,,-10.5,0.1766,29.6,-6.01,,False,0.0923719963895871,,0.627,US,True,,47.98511332784234,22.20689915744134,48.83318456008004,67.99682818351607,71.42857142857143,67.3694779116466,20.625,50.0,37.32057416267943,79.9,50.93679812549877,standard,224,253099473,False,49.1,False,36.97654941373534,75.2931323283082,40.20100502512563,50.041876046901166,50.041876046901166,50.041876046901166,2,SVAG,-8,VARNING,False,2,0.2857142857142857,LÅG,EJ AKTUELL,-6.9,0.75,SUSPICIOUS_FWD_PE;,2026-08-10,0,True
7013.T,IHI Corporation,Industrials,Specialty Industrial Machinery,Japan,JPY,2909614411396.0,-13.935690749999997,-27.25569665,1.785,0.0,1.7317494,1.966,-4.294499999999999,0.14666998999999994,-0.029120000000000007,0.0,0.00016747499999993087,-0.10482000000000002,0.016,3.499,3.613,40.04200000000001,-1.069,0.687,-328958738208.0,120133001216.0,487165984768.0,3303874756608.0,2428559000000.0,,1643402000000.0,,,165534000000.0,,160992000000.0,121360000000.0,0.84,0.1317,23.0,1.58,11.5,1790640000.0,0.88,4684.577361328125,2081.365303840429,2744.5,3735.0,2.08333,12.0,,,0.05061,0.6016,False,False,,0.5,16635571.0,17018440.0,0.73,,,,,,0.529,47.9,,,False,0.33976101789400537,,0.834,Japan,True,,46.43477952053587,,77.45767469677526,35.047610385384715,14.285714285714285,67.3694779116466,14.374999999999998,50.0,,50.0,50.878924636243596,standard,225,293620607,False,43.4,False,36.97654941373534,7.370184254606365,70.01675041876047,50.041876046901166,50.041876046901166,50.041876046901166,5,NEUTRAL,0,UPPTREND,False,2,0.2857142857142857,LÅG,EJ AKTUELL,6.5,0.875,SUSPICIOUS_FWD_PE;,2026-08-10,0,True
UCG.MI,UNICREDIT,Financial Services,Banks - Regional,Italy,EUR,,-3.329545999999999,-3.5217854999999982,0.9818,-2.971407287500001,,7.313,,-0.04633000999999998,-0.010900001999999985,0.16673997999999998,0.2697925849999999,-0.43729,-0.1865,-0.3065,-0.131,,,,,192975994880.0,247794008064.0,181669576704.0,870238000000.0,,25039000000.0,,,,,10915000000.0,8525000000.0,3.72,0.4464,3.15,4.08,1.7208,1776643200.0,1.06,85.88999938964844,55.98547169258355,,91.275,2.0,16.0,,,0.0,0.55135,False,False,,0.5,5156638.0,4724021.0,0.51,2.46,16.93,16.2,,-1.01,0.3551,56.1,6.46,,True,,,0.693,Europe,True,,50.95124268836106,66.3659172891462,22.80932459019043,40.85809751362652,,67.3694779116466,,50.0,,50.0,50.818879134027995,standard,226,,True,46.8,False,36.97654941373534,50.041876046901166,50.041876046901166,50.041876046901166,50.041876046901166,50.041876046901166,1,SVAG,-8,UPPTREND,False,2,0.2857142857142857,LÅG,EJ AKTUELL,-9.2,0.75,SUSPICIOUS_FWD_PE;,2026-08-10,0,True
WPM.TO,Wheaton Precious Metals Corp.,Basic Materials,Gold,Canada,CAD,85073248532.12695,0.3382412499999923,6.195418999999996,0.43,2.5538721750000004,30.984648,28.29,16.492500000000003,0.0850249935,0.08162,0.5726650455,0.6140800799999999,0.45797997,0.811,0.97,1.292,-36.3565,2.08625,4.525,294742496.0,2164505088.0,7662000.0,77673807872.0,9125781000.0,,2314600000.0,,,1581641000.0,,1471720000.0,1904981000.0,0.63,0.1744,1.09,1.11,0.269,1779840000.0,1.191,225.98550369159796,125.31206027020181,187.32000732421875,234.62294,1.3125,7.0,2.27,,0.00113,0.71619004,False,False,,0.5,818401.0,845780.0,0.37,18.41,-6.08,,,-18.33,0.5414,78.2,13.2,,True,1.2235980907225879,,0.927,Canada,True,48.389945652173914,90.41716921023145,14.183700457173083,89.7886357097104,44.17856388000485,53.246753246753244,67.3694779116466,54.6875,50.0,,50.0,50.79662169860774,commodity,227,113630442,False,36.4,False,36.97654941373534,28.391959798994975,2.554438860971524,50.041876046901166,50.041876046901166,50.041876046901166,6,NEUTRAL,0,UPPTREND,False,3,0.42857142857142855,LÅG,EJ AKTUELL,3.9,0.875,,2026-08-10,0,True
OEM-B.ST,OEM International AB (publ),Industrials,Industrial Distribution,Sweden,SEK,,8.714606999999997,7.252829749999993,,0.11286100000000054,4.3299375,4.308,6.884999999999998,0.01317999999999997,0.07467999999999998,-0.014422499999999998,-0.061264985,-0.06830497000000002,0.07300000000000001,0.202,0.316,-69.393,1.6664999999999999,1.624,-754060880.0,279000000.0,154000000.0,24297111552.0,3596000000.0,,5316900000.0,,,752700000.0,,592700000.0,762500000.0,0.99,0.3646,1.75,1.53,1.75,1776816000.0,0.979,185.1999969482422,113.05817461569153,,182.5,1.0,2.0,,,0.18,0.54107,False,False,,0.5,88680.0,54519.0,1.23,-0.69,16.87,,,-5.66,0.3389,39.7,2.37,,False,,,0.314,Nordic,True,37.296195652173914,52.29689234192661,54.727585294895526,51.662779400826736,56.765440328106855,,67.3694779116466,28.125,50.0,,50.0,50.78828114440918,standard,228,,True,44.2,False,36.97654941373534,50.041876046901166,32.99832495812395,50.041876046901166,50.041876046901166,50.041876046901166,4,NEUTRAL,0,UPPTREND,False,1,0.14285714285714285,LÅG,EJ AKTUELL,3.4,0.875,,2026-08-10,0,True
LAND.L,Land Securities Group Plc,Real Estate,REIT - Diversified,United Kingdom,GBp,,-9.541897500000001,-8.849355749999999,3.56,-2.6695389875,5.9678926,10.879,5.757999999999999,-0.09441998000000001,-0.01003999849999999,0.09793997999999998,0.022810005000000043,0.10482501000000002,-0.0605,0.5725,0.618,-28.68,-0.07850000000000024,0.447,-618749984.0,106000000.0,4517000192.0,9704314880.0,11540000000.0,,870000000.0,,,421000000.0,,343000000.0,214000000.0,12.45,0.6819,0.89,6.08,0.222,1781740800.0,1.151,9305.768094062805,6549.87270980552,,707.176,2.0,17.0,,,0.0078100003,0.75827,False,False,,0.5,3394693.0,2750803.0,0.74,6.36,24.58,8.1,,-1.59,0.2735,58.7,6.33,,False,,,0.5,UK,True,33.243206521739125,51.130953329505736,64.84318720525899,54.01887274144078,48.118792432362596,,67.3694779116466,20.9375,50.0,,50.0,50.687806129830705,standard,229,,True,42.7,False,36.97654941373534,50.041876046901166,23.03182579564489,50.041876046901166,50.041876046901166,50.041876046901166,2,SVAG,-8,UPPTREND,False,2,0.2857142857142857,LÅG,EJ AKTUELL,-7.7,0.875,SUSPICIOUS_FWD_PE;,2026-08-10,0,True
LRCX,Lam Research Corporation,Technology,Semiconductor Equipment & Materials,United States,USD,389585412937.1948,14.482040000000001,1.675226249999998,1.4944,25.846595999999998,16.768847,16.689,22.203500000000005,0.45735254375,0.1560849895,0.20443501399999997,0.2412674295,0.015129999999999977,0.13599999999999998,0.07199999999999995,0.324,-25.043500000000005,0.9715000000000001,1.839,1869807872.0,5579170816.0,3734563072.0,387740794880.0,21345260000.0,,18435591000.0,,,5900968000.0,,5358217000.0,6173264000.0,0.34,0.18059999,1.04,0.97,0.26,1781654400.0,1.865,438.5,93.59201479862544,311.3500061035156,368.12903,1.45714,31.0,2.11,0.026400002,0.00274,0.8719,False,False,,0.462,11708129.0,13021510.0,0.29,-6.72,4.03,,,-28.98,0.7333,45.7,-8.83,,True,0.5389174064433189,,0.923,US,True,47.20516304347826,84.991718749834,21.72863062178058,69.83759378073376,30.64546678226336,25.97402597402597,67.3694779116466,57.1875,50.0,62.20095693779905,46.2,50.5996153713385,standard,230,4054247218,False,45.0,False,77.47068676716918,14.74036850921273,5.8626465661641545,50.041876046901166,50.041876046901166,50.041876046901166,6,NEUTRAL,0,VARNING,False,3,0.42857142857142855,LÅG,EJ AKTUELL,10.4,0.875,SUSPICIOUS_FWD_PE;,2026-08-10,0,True
PYPL,"PayPal Holdings, Inc.",Financial Services,Credit Services,United States,USD,50532073566.11406,-11.148083000000003,-8.401178,1.0959,-5.439346475000001,1.4806632,1.568,-6.2985,0.06715249875,0.019245002499999997,-0.11957248900000005,-0.20421002000000002,-0.08478997999999999,-0.0465,-0.2325,-0.125,0.18675000000000086,-0.36199999999999977,0.251,3013980928.0,11256000512.0,14220999680.0,53497073664.0,80173000000.0,,33172000000.0,,,6396000000.0,,5233000000.0,6416000000.0,0.94,0.0794,0.56,,0.14,1788480000.0,1.298,78.53485265418614,38.21792598197543,59.06999969482422,58.83,2.83721,33.0,2.77,0.071100004,0.0069999998,0.81814003,False,False,,0.693,16705419.0,12559310.0,0.22,22.82,30.28,,,-2.1,0.4141,64.0,20.02,,False,0.7188649662895378,,0.734,US,True,,40.63977722807214,72.79694210400373,29.936776389115195,44.96794737258421,63.961038961038966,67.3694779116466,93.125,50.0,25.358851674641148,69.3,50.52117089752405,standard,231,741878438,False,68.6,False,97.52931323283082,71.18927973199331,73.53433835845897,50.041876046901166,50.041876046901166,50.041876046901166,4,NEUTRAL,0,UPPTREND,False,2,0.2857142857142857,LÅG,EJ AKTUELL,2.0,0.875,SUSPICIOUS_FWD_PE;,2026-08-10,0,True
CDNS,"Cadence Design Systems, Inc.",Technology,Software - Application,United States,USD,93424318630.61523,28.436045000000004,10.231044249999997,3.1153,2.6843870000000005,16.003828,16.196,21.185500000000005,0.038982503749999994,0.033804999499999995,0.12776501399999998,0.15267745949999997,0.36915004999999995,0.07799999999999999,0.979,1.293,-16.328500000000002,0.08550000000000024,1.426,200532480.0,1531835008.0,2651358976.0,94543847424.0,10153148000.0,,5296759000.0,,,1649781000.0,,1108888000.0,1728781000.0,,0.0,,,,,1.142,416.69000244140625,262.75,339.239990234375,403.6727,1.44,26.0,2.76,0.0226,0.00291,0.90669,False,False,,0.291,2396080.0,2587740.0,0.26,-10.58,-7.22,,,-18.85,0.4489,45.3,-8.09,,True,0.4333380221842498,,0.89,US,True,44.25,77.87855056798617,13.55618946864649,80.85917816229713,39.71213276546006,50.324675324675326,12.449799196787147,52.5,50.0,68.42105263157895,29.099999999999998,50.47151381744887,standard,232,877864892,False,47.1,False,78.55946398659967,26.633165829145728,6.281407035175879,50.041876046901166,50.041876046901166,50.041876046901166,7,STARK,8,VARNING,False,2,0.2857142857142857,LÅG,EJ AKTUELL,18.6,0.875,,2026-08-10,0,True
FSV.TO,FirstService Corporation,Real Estate,Real Estate Services,Canada,CAD,8818767527.583618,0.0,-5.11615675,,1.8309465,1.575548,1.914,-3.2709999999999972,0.04131,0.015050000000000001,-0.1899199925,-0.26417998000000004,-0.06641000000000002,-0.0405,-0.057499999999999996,-0.018,18.072000000000006,0.17524999999999985,1.202,-25170752.0,173351008.0,1559298048.0,10712153088.0,4283713000.0,,5497500000.0,,,350199000.0,,145047000.0,445941000.0,0.87,0.32860002,1.73,0.58,0.433,1782777600.0,0.908,288.137469113826,169.2356064365207,200.77999877929688,235.5508,1.7,1.0,8.19,,0.09319,0.80563,False,False,,0.5,140662.0,150150.0,0.26,-1.66,11.37,,,-8.71,0.3177,44.0,0.58,,False,0.4803541235982433,,0.873,Canada,True,,36.91064369437399,42.99190186521581,39.57088676602015,59.81777388652897,87.98701298701299,67.3694779116466,42.5,50.0,,50.0,50.41930995444376,standard,233,21622151,False,56.1,False,36.97654941373534,90.03350083752095,72.19430485762143,50.041876046901166,50.041876046901166,50.041876046901166,3,SVAG,-8,UPPTREND,False,1,0.14285714285714285,LÅG,EJ AKTUELL,-9.9,0.875,SUSPICIOUS_FWD_PE;,2026-08-10,0,True
FNV.TO,Franco-Nevada Corporation,Basic Materials,Gold,Canada,CAD,64184248468.4613,0.022397249999993818,6.802235999999999,9.18,1.615742375,30.744001,30.502,15.592500000000005,0.0600149935,0.07139999999999999,0.5738249954999999,0.6564700699999999,0.5181399500000001,0.672,0.913,1.234,,3.71025,5.431,-1172897760.0,714700032.0,0.0,63680040960.0,8241400000.0,,1822800000.0,,,1300900000.0,,1112100000.0,1493700000.0,0.77,0.2225,2.51,0.92,0.613,1781136000.0,0.909,386.7594143923018,226.6900039070896,332.80999755859375,382.04648,1.66667,9.0,2.26,,0.0061799996,0.8557,False,False,,0.5,390667.0,400010.0,0.39,14.16,2.41,,,-13.13,0.3992,79.3,9.46,,True,1.0737915736255135,,0.944,Canada,True,33.56657608695652,90.20311183170811,26.359869523053867,89.86753886564476,59.181061769307746,59.41558441558441,67.3694779116466,32.8125,50.0,,50.0,50.40693649524448,commodity,234,95481741,False,42.5,False,36.97654941373534,68.92797319932998,2.554438860971524,50.041876046901166,50.041876046901166,50.041876046901166,5,NEUTRAL,0,UPPTREND,False,3,0.42857142857142855,LÅG,EJ AKTUELL,4.5,0.75,,2026-08-10,0,True
EQIX,"Equinix, Inc.",Real Estate,REIT - Specialty,United States,USD,102877072775.52466,32.324969499999995,26.30115725,3.3835,-0.3189309999999992,10.387427,12.648,4.094000000000001,-7.249874999999684e-05,0.0018449995000000014,-0.091264988,-0.091632565,0.03022999999999998,0.10250000000000001,0.2415,0.302,66.11175000000001,0.36450000000000005,0.607,2366855936.0,979000000.0,23356000256.0,125270073344.0,40141000000.0,,9217000000.0,,,1966000000.0,,1350000000.0,3911000000.0,1.96,1.2677,20.64,1.86,5.16,1787097600.0,0.972,1124.0,713.1863099090233,1042.6199951171875,1225.7587,1.53125,29.0,2.84,0.0218,0.00271,0.99894994,False,False,,0.227,603003.0,684620.0,0.17,0.05,-3.77,,,-6.8,0.271,52.4,-1.04,,True,0.6052909498690962,,0.509,US,True,74.72961956521739,41.4028405909806,28.47445246281533,62.293087657436494,57.06712559071175,47.4025974025974,29.71887550200803,75.3125,50.0,70.57416267942584,22.7,50.356003217852205,standard,235,713798501,False,50.0,False,88.52596314907872,25.376884422110553,10.552763819095476,50.041876046901166,50.041876046901166,50.041876046901166,5,NEUTRAL,0,VARNING,False,2,0.2857142857142857,LÅG,EJ AKTUELL,2.6,0.875,,2026-08-10,0,True
HO.PA,Thales S.A.,Industrials,Aerospace & Defense,France,EUR,,7.801607000000001,0.5743407500000011,2.0067,0.39454211249999993,2.384088,2.407,-1.8069999999999986,-0.029389997999999987,-0.023590000999999992,-0.04802749699999999,-0.06853000000000001,-0.16868,-0.025999999999999995,-0.382,-0.269,0.0,-0.3515000000000002,0.572,3331887392.0,5056099840.0,5575300096.0,54936080384.0,39155400000.0,,22136400000.0,,,2218700000.0,,1674500000.0,3321800000.0,1.47,0.53720003,3.9,1.98,2.95,1779062400.0,0.123,274.3520460677412,212.60000610351562,,293.22223,1.94444,18.0,,,0.56198,0.23522,False,False,,0.5,270558.0,273084.0,0.54,20.94,21.54,10.23,,0.0,0.323,85.5,14.02,,True,,,0.5,Europe,True,,30.43721024540821,76.85773220364966,20.448325351254127,68.24856917570675,,67.3694779116466,94.0625,50.0,,50.0,50.26246428801516,standard,238,,True,48.4,False,36.97654941373534,50.041876046901166,60.88777219430486,50.041876046901166,50.041876046901166,50.041876046901166,3,SVAG,-8,UPPTREND,False,3,0.42857142857142855,LÅG,EJ AKTUELL,-4.3,0.875,SUSPICIOUS_FWD_PE;,2026-08-10,0,True
KMB,Kimberly-Clark Corporation,Consumer Defensive,Household & Personal Products,United States,USD,36477268989.33507,-8.214941250000004,-7.236646500000001,2.2539,11.627742099999999,2.1998112,2.544,-6.261499999999998,0.8408425037499999,0.031094999499999998,0.03064001599999998,0.07404745499999996,-0.11343002000000002,-0.0325,-0.375,-0.322,229.91524999999996,-0.059499999999999664,0.403,-468019072.0,956000000.0,6538999808.0,42184269824.0,17098000000.0,,16447000000.0,,,2351000000.0,,2021000000.0,2777000000.0,4.71,1.0040001,5.12,3.75,1.28,1788480000.0,0.276,130.88191907462263,91.16777681423233,109.68000030517578,118.6,2.4375,15.0,8.57,0.1487,0.0070700003,0.94605005,False,False,,0.655,4477058.0,4435110.0,0.29,-1.56,14.83,,,-5.47,0.2733,50.8,1.85,,False,0.5204094840959684,,0.876,US,True,,66.67995551967746,52.15173612423017,30.600092529501037,55.44382517419482,70.77922077922078,29.71887550200803,35.9375,50.0,9.569377990430622,65.5,50.251698248190536,standard,239,486442866,False,62.1,False,75.04187604690117,74.87437185929649,63.735343383584585,50.041876046901166,50.041876046901166,50.041876046901166,2,SVAG,-8,UPPTREND,False,1,0.14285714285714285,LÅG,EJ AKTUELL,-15.8,0.875,SUSPICIOUS_FWD_PE;,2026-08-10,0,True
SBRY.L,SBRY.L,Unknown,Unknown,Unknown,USD,,,,,,,,,,,,,,,,,,,,,,,,18943000000.0,,33647000000.0,,,953000000.0,,393000000.0,1774000000.0,,,,,,,,4603.91672889974,3603.3770511790867,4419.8637890815735,,,,,,,,False,False,,0.5,,,0.36,2.12,15.15,4.0,,-2.28,0.2095,47.0,6.16,,True,0.8618631552544763,,0.5,UK,True,,,54.780337478859714,30.622489959839356,89.40677966101694,,12.449799196787147,,50.0,,50.0,50.01906285509954,standard,241,,True,44.6,False,28.17195325542571,50.04173622704508,50.04173622704508,50.04173622704508,50.04173622704508,50.04173622704508,1,SVAG,-8,UPPTREND,False,1,0.14285714285714285,LÅG,EJ AKTUELL,0.0,0.0,EXTREME_GROWTH;EXTREME_EARNINGS_GROWTH;MISSING_CRITICAL;,2026-08-10,0,True
BEAN.SW,BELIMO Holding AG,Industrials,Building Products & Equipment,Switzerland,CHF,,22.177831000000005,15.71910775,1.41,10.319804112499998,8.440774,8.467,16.566000000000003,0.128889992,0.12013999900000001,0.05250250300000003,0.05389999999999999,0.16260999999999998,0.11199999999999999,0.12100000000000001,0.233,-48.499,0.6304999999999998,1.036,-890344028.0,103500000.0,131300000.0,10462794752.0,878803000.0,,1120813000.0,,,232852000.0,,181625000.0,184857000.0,1.16,0.5992,10.0,1.65,10.0,1774396800.0,1.118,969.5,598.9996380559579,,1018.9,2.1,10.0,,,0.20236999,0.52845,False,False,,0.5,25334.0,18640.0,0.55,3.44,16.7,,,-12.79,0.4592,53.1,-3.05,,True,,,0.5,Europe,True,21.539402173913043,74.56342794128561,44.952204632183474,55.92448705350069,44.54912227625934,,67.3694779116466,16.5625,50.0,,50.0,49.88109369848256,standard,242,,True,41.4,False,36.97654941373534,50.041876046901166,14.321608040201006,50.041876046901166,50.041876046901166,50.041876046901166,5,NEUTRAL,0,VARNING,False,2,0.2857142857142857,LÅG,EJ AKTUELL,6.7,0.875,,2026-08-10,0,True
WFC,Wells Fargo & Company,Financial Services,Banks - Diversified,United States,USD,263843942066.0,-9.705311500000002,-7.557192000000001,1.6706,-6.368166675,3.1778471,3.172,,-0.052067501249999995,-0.016215,0.009107510999999957,0.0,-0.48956000000000005,0.0005000000000000004,0.04849999999999999,0.166,,,,,496412000256.0,478470012928.0,263382941696.0,2148631000000.0,,83699000000.0,,,,,21338000000.0,-19001000000.0,2.28,0.2616,2.0,2.14,0.5,1786060800.0,0.92,96.17669288055332,72.36453901391667,87.25,100.02174,1.88462,23.0,0.0,0.0,0.00090000004,0.79116994,False,False,,0.446,16010685.0,13267350.0,0.5,0.35,19.56,,,-3.73,0.2818,50.9,3.69,,False,0.6561329611220883,,0.74,US,True,,33.2259479880121,61.376116169821536,52.30327760129599,56.15713432390054,30.519480519480517,67.3694779116466,,50.0,99.0,44.6,49.80167334405039,standard,244,1157576288,False,40.8,False,36.97654941373534,16.917922948073702,43.21608040201005,50.041876046901166,50.041876046901166,50.041876046901166,1,SVAG,-8,UPPTREND,False,2,0.2857142857142857,LÅG,EJ AKTUELL,-5.5,0.75,SUSPICIOUS_FWD_PE;,2026-08-10,0,True
PRAA,"PRA Group, Inc.",Financial Services,Credit Services,United States,USD,754808208.4390259,,-10.989369,5.82,-7.231762525000001,0.6054202,3.563,-4.014499999999999,-0.40536749125,0.022805001499999998,-0.4882724890000001,-0.04559002,0.51044,0.07250000000000001,6.9094999999999995,6.71,285.40475000000004,20.740000000000006,21.806,-1846444192.0,131306000.0,3814404096.0,4441620992.0,5103322000.0,,1213341000.0,,,243635000.0,,-305142000.0,-85541000.0,,0.0,,,0.333333,1178496000.0,1.1,22.549999237060547,10.25,19.790000915527344,26.0,2.33333,1.0,1.1,0.0305,0.02337,0.99817,False,False,,0.89,646333.0,421140.0,0.74,4.59,11.61,,,-13.95,0.6748,60.6,11.81,,True,1.2093999567845868,,0.84,US,True,,42.72356378019606,37.416720192440906,83.09590461712727,39.97841327308203,97.72727272727273,12.449799196787147,1.25,50.0,55.980861244019145,99.0,49.79235766666654,standard,245,8334361,False,60.1,False,36.97654941373534,97.52931323283082,91.12227805695142,50.041876046901166,50.041876046901166,50.041876046901166,4,NEUTRAL,0,UPPTREND,False,1,0.14285714285714285,LÅG,EJ AKTUELL,8.8,0.75,SUSPICIOUS_FWD_PE;,2026-08-10,0,True
HINDUNILVR.NS,Hindustan Unilever Limited,Consumer Defensive,Household & Personal Products,India,INR,4924743285152.0,3.8580297500000036,10.198438999999997,3.69,0.9243931750000003,7.4558587,7.376,-5.131000000000006,,,0.12279000600000001,0.06600498999999999,0.08060002,0.011500000000000003,0.03200000000000001,-0.03,-79.46924999999999,,,,69930000384.0,14780000256.0,4872283357184.0,797520000000.0,,637630000000.0,,,137210000000.0,,150400000000.0,109990000000.0,2.12,0.91089994,44.0,1.6,22.0,1782172800.0,0.332,2701.0768426775303,2002.13518292342,2096.0,2457.4211,1.92308,38.0,,,0.62274,0.20910999,False,False,,0.5,1958213.0,2595324.0,0.42,-2.04,-6.24,,,-14.39,0.256,43.9,-2.24,,False,0.3426012391689735,,0.372,India,True,,69.65174129353234,16.689651263837987,32.6899801059609,79.9050810124692,11.363636363636363,67.3694779116466,,50.0,,50.0,49.78024851151387,standard,246,57086778,False,34.6,False,36.97654941373534,2.554438860971524,16.666666666666664,50.041876046901166,50.041876046901166,50.041876046901166,3,SVAG,-8,VARNING,False,3,0.42857142857142855,LÅG,EJ AKTUELL,-11.0,0.75,,2026-08-10,0,True
COF,Capital One Financial Corporation,Financial Services,Credit Services,United States,USD,133592454517.38715,-10.324564000000002,-9.546886,0.2347,-6.711109975,2.7768128,2.843,,-0.08750750125,-0.0117550005,-0.04454247900000005,-0.03758002000000005,-0.48956000000000005,11.0155,,,,,,,56639000576.0,48994000896.0,136761458688.0,669009000000.0,,53434000000.0,,,,,2453000000.0,27718000000.0,1.45,0.16530001,3.2,1.68,0.8,1786924800.0,1.016,257.5448295944663,174.23209732202199,217.75999450683594,256.5,1.54167,22.0,2.73,0.023599999,0.01899,0.88534,False,False,,0.492,4674630.0,3903120.0,0.27,7.26,18.9,,,-1.87,0.3413,63.7,8.39,,True,0.789822290348011,,0.675,US,True,,26.989255242957903,66.44910013727787,76.31809848088004,43.13727320241918,41.883116883116884,67.3694779116466,,50.0,67.22488038277513,49.2,49.42309689586859,standard,248,849943390,False,43.5,False,36.97654941373534,22.69681742043551,55.527638190954775,50.041876046901166,50.041876046901166,50.041876046901166,0,SVAG,-8,UPPTREND,False,3,0.42857142857142855,LÅG,EJ AKTUELL,-7.1,0.75,EXTREME_EARNINGS_GROWTH;SUSPICIOUS_FWD_PE;,2026-08-10,0,True
EXR,Extra Space Storage Inc.,Real Estate,REIT - Industrial,United States,USD,31593248284.884247,-2.234954500000004,1.7599362500000009,6.4704,-5.0890374000000005,9.399822,13.167,-3.4909999999999997,-0.03789249875,-0.0014050005000000015,0.026745011999999957,0.09696745499999998,0.25962999999999997,-0.026500000000000003,0.013499999999999998,0.055,5.568750000000002,0.11950000000000005,0.305,90293504.0,696604032.0,14414687232.0,46230769664.0,29264046000.0,,3377542000.0,,,1489001000.0,,973999000.0,1850193000.0,4.33,1.4305,6.48,3.72,1.62,1781481600.0,1.185,158.8800048828125,121.45179784954341,149.5399932861328,157.6,2.33333,20.0,3.85,0.0297,0.00942,1.0056701,False,False,,0.477,1189709.0,1548800.0,0.14,0.29,1.89,,,-4.65,0.2401,50.5,-0.59,,True,0.6441111405245298,,0.647,US,True,,59.38742424663237,38.263686855329276,41.09922370829019,64.015704071629,73.7012987012987,29.71887550200803,51.87500000000001,50.0,57.89473684210527,47.699999999999996,49.26478193780439,standard,249,231607542,False,57.1,False,85.09212730318258,76.46566164154103,12.144053601340033,50.041876046901166,50.041876046901166,50.041876046901166,4,NEUTRAL,0,VARNING,False,1,0.14285714285714285,LÅG,EJ AKTUELL,6.6,0.875,SUSPICIOUS_FWD_PE;,2026-08-10,0,True
ITUB,Itaú Unibanco Holding S.A.,Financial Services,Banks - Regional,Brazil,USD,42908789055.326775,-12.391906000000002,-10.6735127,1.3973,-5.9423197750000005,0.6089432,5.076,,0.03694249875000001,-0.0112150005,0.06262751099999998,0.016859999999999986,-0.48956000000000005,0.08049999999999999,-0.12050000000000001,0.076,,,,,484164993024.0,1115894054912.0,729489670144.0,3066169000000.0,,165243000000.0,,,,,44857000000.0,34466000000.0,2.13,0.7396,0.17,4.32,0.003,1788307200.0,0.159,9.467697394109033,5.885153988737453,7.940000057220459,8.8375,1.75,8.0,1.25,0.005,2.0000001e-05,0.26049998,False,False,,0.744,21666138.0,17667490.0,0.59,-6.94,-2.67,,,-15.99,0.3313,33.6,-2.44,,False,-0.14426200265213043,,0.687,US,True,,44.6098235827361,19.0794196546643,46.70120944266616,72.377827969835,67.20779220779221,67.3694779116466,,50.0,91.38755980861244,74.4,49.243221350980214,standard,250,140279872,False,56.3,False,36.97654941373534,72.61306532663316,91.03852596314907,50.041876046901166,50.041876046901166,50.041876046901166,0,SVAG,-8,VARNING,False,2,0.2857142857142857,LÅG,EJ AKTUELL,-4.4,0.75,SUSPICIOUS_FWD_PE;,2026-08-10,0,True
C,Citigroup Inc.,Financial Services,Banks - Diversified,United States,USD,226453965705.0,-8.019460000000002,-8.122219000000001,0.738,-6.8318159750000005,2.7713673,-4.199,,-0.09252750124999999,-0.020355000800000002,-0.04489247900000004,-0.011580020000000024,-0.48956000000000005,0.05049999999999999,0.4085,0.451,,,,,1405423976448.0,813852983296.0,-343136993280.0,2657202000000.0,,85213000000.0,,,,,14306000000.0,-67632000000.0,2.0,0.2586,2.68,3.42,0.67,1785715200.0,1.102,147.21154110017517,88.80141651168985,135.0,154.5,1.71429,20.0,0.05,0.0004,0.0026699998,0.81389,False,False,,0.592,12200009.0,10619330.0,0.8040491364240623,-2.78,5.11,17.79,,-0.08295233518318657,0.2933412504034784,62.21949625134169,-0.0038210875076759576,0.1386900517745011,True,0.6885662465303664,,0.759,US,True,,24.706667085547828,65.54617155110034,69.32090488925635,47.481426864780104,32.7922077922078,67.3694779116466,,50.0,95.21531100478468,59.199999999999996,49.16183498262138,standard,251,1433609550,False,42.8,False,36.97654941373534,17.75544388609715,55.69514237855946,50.041876046901166,50.041876046901166,50.041876046901166,1,SVAG,-8,VARNING,False,3,0.42857142857142855,LÅG,EJ AKTUELL,-5.1,0.75,SUSPICIOUS_FWD_PE;,2026-08-10,0,True
BIOG-B.ST,BioGaia AB (publ),Healthcare,Drug Manufacturers - Specialty & Generic,Sweden,SEK,,6.292950999999995,6.457510999999997,,2.7066007999999995,7.1361723,6.854,6.197499999999998,0.10062749600000002,0.12960499899999997,0.07790750200000002,0.026945005000000036,0.29334499999999997,0.0020000000000000018,0.027999999999999997,0.174,,2.642499999999999,2.108,-686822880.0,446272992.0,0.0,10833325056.0,1597807000.0,,1538168000.0,,,451971000.0,,332764000.0,306566000.0,1.47,0.4781,1.64,1.29,4.0,1778198400.0,0.319,136.3000030517578,90.34547824468368,,152.5,,2.0,,,0.16997999,0.53491,False,False,,0.5,159896.0,106572.0,1.86,-3.93,-14.06,,,-16.6,0.3331,22.4,-5.11,,False,,,0.758,Nordic,True,33.29891304347826,76.82202756389798,11.668303925643254,52.286749967344505,73.79426064475462,,67.3694779116466,21.25,50.0,,50.0,49.15774254262515,standard,252,,True,41.9,False,36.97654941373534,50.041876046901166,17.67169179229481,50.041876046901166,50.041876046901166,50.041876046901166,6,NEUTRAL,0,VARNING,False,3,0.42857142857142855,LÅG,EJ AKTUELL,11.1,0.75,,2026-08-10,0,True
ZURN.SW,Zurich Insurance Group AG,Financial Services,Insurance - Diversified,Switzerland,CHF,88605852194.15533,0.1306660000000015,0.15392450000000046,12.2087,-1.1312206875000006,1.1512636,1.27,-4.1795,0.05282999000000002,-0.005820001999999987,-0.179100004,-0.275047475,-0.19445,0.018500000000000003,-0.09950000000000002,0.138,-15.974500000000013,27.003000000000004,13.497,25005912608.0,6714999808.0,15358000128.0,97736048640.0,407211000000.0,,88670000000.0,,,,,6798000000.0,5903000000.0,5.09,0.72029996,30.0,5.1,30.0,1775779200.0,,626.0,493.58854967277733,593.2000122070312,604.7634,2.75,12.0,,,0.0018600001,0.43526,False,False,,0.5,260632.0,258104.0,0.63,-3.88,9.8,,,-4.87,0.1852,28.6,-0.11,,False,-0.05838840437763984,,0.5,Europe,True,,30.438310567294092,47.18422941776552,39.029455897806045,96.02671906560113,52.5974025974026,67.3694779116466,99.0625,50.0,,50.0,49.10673272799622,standard,253,189086728,False,63.0,False,97.52931323283082,27.80569514237856,79.48073701842546,50.041876046901166,50.041876046901166,50.041876046901166,5,NEUTRAL,0,VARNING,False,2,0.2857142857142857,LÅG,EJ AKTUELL,11.3,0.75,SUSPICIOUS_FWD_PE;,2026-08-10,0,True
SAMPO.HE,Sampo Oyj,Financial Services,Insurance - Diversified,Finland,EUR,,1.2496229999999997,0.6167364999999947,24.7481,-3.3297400999999995,2.3771758,0.876,-8.556500000000003,-0.005490002000000008,0.02492,-0.13598501300000004,-0.42843246199999996,-0.026984969999999997,-0.1725,,,-37.8245,0.27399999999999997,1.671,-207123392.0,18642999296.0,2424999936.0,9345525760.0,25723000000.0,,10322000000.0,,,,,1998000000.0,1759000000.0,3.76,0.5574,0.36,4.1,0.36,1776902400.0,0.238,9.98901438913238,8.577668915457046,,10.49438,1.9375,16.0,,,0.07637,0.50475,False,False,,0.5,3003298.0,2995960.0,0.79,-1.24,6.96,,,-1.87,0.154,47.4,2.21,,False,,,0.565,Nordic,True,,36.74359661987188,51.373723252855754,27.214946743495723,84.25837527969075,,67.3694779116466,31.5625,50.0,,50.0,48.99791398171074,standard,254,,True,48.4,False,36.97654941373534,50.041876046901166,61.05527638190955,50.041876046901166,50.041876046901166,50.041876046901166,3,SVAG,-8,UPPTREND,False,2,0.2857142857142857,LÅG,EJ AKTUELL,-14.8,0.875,EXTREME_EARNINGS_GROWTH;SUSPICIOUS_FWD_PE;,2026-08-10,0,True
105560.KS,KB Financial Group Inc.,Financial Services,Banks - Regional,South Korea,KRW,61724454313800.0,,-1.2897824999999985,0.74,,3.5891333,4.771,,-0.014490008999999998,-0.0018199999999999987,0.06263377050000002,0.18214752550000007,-0.38077501,0.0905,-0.006500000000000006,0.17,,,,,158054007963648.0,171761681301504.0,82044595994624.0,797923033000000.0,,21231552000000.0,,,,,5833162000000.0,4226378000000.0,2.63,0.273,4620.0,4.72,1155.0,1785974400.0,0.636,193183.9651584318,102616.33223992503,175800.0,213395.0,1.4,20.0,,,0.026719999,0.62821,False,False,,0.5,1464854.0,1093712.0,0.73,3.27,9.46,,,-4.94,0.4761,59.3,6.98,,False,0.6277903243058497,,0.995,Asia,True,,52.17163625149321,46.180778579614866,63.436984553840716,47.641025162398265,1.6233766233766231,67.3694779116466,,50.0,,50.0,48.96539987733411,standard,255,140360436,False,38.0,False,36.97654941373534,2.554438860971524,38.860971524288104,50.041876046901166,50.041876046901166,50.041876046901166,2,SVAG,-8,UPPTREND,False,2,0.2857142857142857,LÅG,EJ AKTUELL,-0.8,0.5,SUSPICIOUS_FWD_PE;,2026-08-10,0,True
PRU,"Prudential Financial, Inc.",Financial Services,Insurance - Life,United States,USD,41841599578.85742,-11.427098000000003,-10.329940500000001,1.3431,-6.691001675000001,0.65962917,0.783,-5.0965,-0.05770750125,-0.0228150005,-0.20144248900000006,-0.25461002000000005,-0.20217000000000002,-0.1195,0.6905,0.848,55.47774999999999,0.06800000000000017,1.567,,39136002048.0,43939999744.0,49679855616.0,773740000000.0,,60967000000.0,,,,,3576000000.0,6271000000.0,4.61,0.4986,5.6,4.79,1.4,1779753600.0,0.826,127.72000122070312,90.65444080592968,121.27999877929688,106.93333,3.44444,15.0,6.55,0.0403,0.00176,0.64932,False,False,,0.495,1905819.0,2436150.0,0.21,4.54,21.74,,,-2.01,0.2266,58.9,7.58,,False,0.6187723314676705,,0.82,US,True,,18.5118002313256,68.14807118298258,62.22659139968839,63.163109154637816,68.18181818181817,67.3694779116466,,50.0,44.97607655502392,49.5,48.936115010461194,standard,256,295456269,False,56.2,False,36.97654941373534,73.19932998324958,89.86599664991624,50.041876046901166,50.041876046901166,50.041876046901166,2,SVAG,-8,UPPTREND,False,4,0.5714285714285714,MEDEL,EJ AKTUELL,2.0,0.875,SUSPICIOUS_FWD_PE;,2026-08-10,0,True
PNE3.DE,PNE AG,Utilities,Utilities - Renewable,Germany,EUR,,,17.413176749999998,,0.6140016925000005,3.075987,5.964,2.8302500000000013,-0.404405017,-0.010180001999999994,-0.28734499999999996,-0.255594995,0.30583999999999995,0.952,,,389.6645,0.7194999999999998,0.597,-808275024.0,61200000.0,809699968.0,1541708032.0,1181500000.0,,230200000.0,,,30100000.0,,-43100000.0,-50000000.0,0.39,0.2,0.04,0.34,0.04,1779235200.0,0.171,14.899000544703508,7.190560089734944,,11.6,,3.0,,,0.0297,0.94975996,False,False,,0.5,44675.0,33573.0,0.547815256139486,,,,,,0.3146052980984818,30.76921948313756,,,False,,,0.5,Europe,True,,28.706173230731736,,63.7895058494849,57.261668720846075,,67.3694779116466,,50.0,,50.0,48.88447562877787,standard,257,,True,45.9,False,36.97654941373534,50.041876046901166,44.388609715242886,50.041876046901166,50.041876046901166,50.041876046901166,2,SVAG,-8,UPPTREND,False,2,0.2857142857142857,LÅG,EJ AKTUELL,,0.75,EXTREME_EARNINGS_GROWTH;,2026-08-10,0,True
DLR,"Digital Realty Trust, Inc.",Real Estate,REIT - Specialty,United States,USD,71713012038.06079,210.07045950000003,36.401430250000004,14.0355,-4.7866683,10.804247,13.723,5.384,-0.07830249874999999,-0.0202250005,-0.12780498800000004,-0.10303254500000003,0.08038000000000001,0.2345,-0.6335,-0.561,-28.161250000000003,0.12350000000000005,0.889,2359337984.0,1907729024.0,20074991616.0,92723929088.0,49410468000.0,,6112692000.0,,,922135000.0,,1308589000.0,2412136000.0,2.53,6.1772,4.88,3.39,1.22,1781481600.0,1.042,207.47000122070312,144.27911912668085,193.8000030517578,221.67741,1.51515,31.0,0.0,0.0001,0.00014,0.95325,False,False,,0.498,2984251.0,2450340.0,0.18,7.62,-1.77,,,-5.47,0.2946,61.2,3.5,,True,0.7286730767108767,,0.79,US,True,76.93342391304347,29.394959554444007,32.42811803377791,39.892789443231734,52.002812027575565,57.467532467532465,29.71887550200803,82.1875,50.0,97.36842105263158,49.8,48.8777928792393,standard,258,474875899,False,51.6,False,91.79229480737018,30.98827470686767,10.134003350083752,50.041876046901166,50.041876046901166,50.041876046901166,3,SVAG,-8,UPPTREND,False,1,0.14285714285714285,LÅG,EJ AKTUELL,0.7,0.875,,2026-08-10,0,True
SLHN.SW,Swiss Life Holding AG,Financial Services,Insurance - Diversified,Switzerland,CHF,26665594532.731567,6.674873000000002,5.066625500000001,2.6133,-1.0416989875000005,2.27697,-3.588,-34.4965,-0.03828001,-0.017790000999999986,-0.16757,-0.253557475,-0.09077998000000004,-0.0835,-0.10350000000000001,0.073,136.16550000000004,4.162000000000001,5.365,-1143212528.0,83701997568.0,14849999872.0,-42019405824.0,219125000000.0,,17796000000.0,,,,,1231000000.0,,3.82,0.8052,36.5,4.55,36.5,1778457600.0,0.533,962.2000122070312,760.0860925810925,954.2000122070312,860.6167,3.25,12.0,,,0.00397,0.39376998,False,False,,0.5,59576.0,45632.0,0.86,1.75,12.18,,,-0.38,0.1666,59.8,5.13,,False,0.8023561650186883,,0.5,Europe,True,,24.03010116435303,66.99317388949761,27.673135343430275,74.30523251204447,75.97402597402598,67.3694779116466,,50.0,,50.0,48.82921277501609,standard,259,53774215,False,52.9,False,36.97654941373534,78.30820770519263,62.47906197654941,50.041876046901166,50.041876046901166,50.041876046901166,1,SVAG,-8,UPPTREND,False,3,0.42857142857142855,LÅG,EJ AKTUELL,-5.6,0.875,,2026-08-10,0,True
AVB,"AvalonBay Communities, Inc.",Real Estate,REIT - Residential,United States,USD,26781758396.4348,-9.5893555,8.82521325,7.17,-5.261749699999999,8.685453,11.691,-4.094999999999999,-0.022552498749999997,-0.008705000499999999,0.08716499200000001,-0.05557252500000003,0.13765000000000005,-0.0415,-0.45949999999999996,-0.42,-20.97625,-0.4284999999999999,0.034,0.0,90121000.0,9187223552.0,36049784832.0,22192137000.0,,3040725000.0,,,919756000.0,,1051301000.0,1671105000.0,3.82,0.96980006,7.12,3.37,1.78,1782777600.0,0.773,198.6300048828125,157.11803610789784,187.5500030517578,201.33333,2.55,18.0,2.83,0.031,0.00399,0.95267,False,False,,0.805,1007701.0,639830.0,0.24,-5.74,-1.17,,,-6.21,0.2094,37.1,-2.13,,False,0.24079696933280362,,0.264,US,True,,52.2613496684844,32.11577939824436,11.71608587024975,57.5679807601914,75.64935064935064,67.3694779116466,46.71875,50.0,54.54545454545454,90.5,48.816827303775696,standard,260,120000118,False,57.6,False,85.17587939698493,78.14070351758794,13.651591289782244,50.041876046901166,50.041876046901166,50.041876046901166,3,SVAG,-8,VARNING,False,1,0.14285714285714285,LÅG,EJ AKTUELL,0.1,0.875,,2026-08-10,0,True
NTRA,"Natera, Inc.",Healthcare,Diagnostics & Research,United States,USD,46428838036.786194,,-2368.5087405,,16.814908224999996,18.564651,14.858,-158.58950000000002,-0.31718000324999995,-0.1593000015,-0.203289994,-0.3017025590000001,0.16110004,0.30100000000000005,,,-49.02925000000001,1.1305,2.697,-1272225808.0,1087932032.0,240080992.0,37158645760.0,2398344000.0,,2306113000.0,,,-309911000.0,,-208160000.0,215301000.0,,0.0,,,,,1.514,323.010009765625,149.375,322.1000061035156,292.38095,1.5,21.0,2.87,0.0357,0.028859999,0.96025,False,False,,0.602,1475993.0,1462710.0,0.79,15.75,58.61,,,-1.94,0.5839,71.1,24.06,,True,1.4301904229208608,,0.503,US,True,,19.78067625327801,76.31264089872923,65.91299982538851,35.86910686078761,65.9090909090909,12.449799196787147,26.5625,50.0,49.282296650717704,60.199999999999996,48.778555722553364,standard,261,471138900,False,43.0,False,36.97654941373534,72.19430485762143,2.554438860971524,50.041876046901166,50.041876046901166,50.041876046901166,1,SVAG,-8,UPPTREND,False,2,0.2857142857142857,LÅG,EJ AKTUELL,-1.4,0.75,EXTREME_EARNINGS_GROWTH;SUSPICIOUS_FWD_PE;,2026-08-10,0,True
MAR,Marriott International,Consumer Cyclical,Lodging,United States,USD,,5.165391500000002,1.7333237500000012,2.2132,,,16.044,-2.605999999999997,,0.013290008499999983,0.2697150099999999,0.4952249425,0.26177005000000003,0.053000000000000005,-0.102,-0.026,,-0.7725,0.416,-40296896.0,454000000.0,17405999104.0,115263029248.0,27540000000.0,,26186000000.0,,,4139000000.0,,2601000000.0,3212000000.0,0.78,0.28059998,2.92,1.29,0.73,1779408000.0,1.106,410.9800109863281,251.5346649251352,372.8299865722656,384.83334,2.23077,24.0,3.02,0.0214,0.17882,0.64242,False,False,,0.481,1481774.0,1330560.0,0.34,-4.82,-2.05,,,-14.2,0.2823,38.4,-8.16,,True,0.5084493312789344,,0.696,US,True,,84.19378125388434,21.336947897381645,42.239339791826296,35.64690335876487,,67.3694779116466,45.0,50.0,72.24880382775119,48.1,48.4707933283171,standard,262,496072667,False,45.5,False,31.715481171548117,50.04184100418409,50.04184100418409,50.04184100418409,50.04184100418409,50.04184100418409,5,NEUTRAL,0,VARNING,False,2,0.2857142857142857,LÅG,EJ AKTUELL,0.0,0.5,SUSPICIOUS_FWD_PE;,2026-08-10,0,True
SLF.TO,Sun Life Financial Inc.,Financial Services,Insurance - Diversified,Canada,CAD,63264668868.0,-6.400781500000004,-2.143645000000001,1.6153,-1.1947552750000003,1.8128971,-0.817,-19.7275,-0.029064998499999994,-0.01888,-0.14742749350000003,-0.26276745500000004,0.0013400199999999973,-0.0925,-0.6855,-0.488,6.359999999999999,45.796749999999996,45.002,-4516322848.0,109036003328.0,14042000384.0,-28513431552.0,398455000000.0,,38447000000.0,,,,,3745000000.0,2799000000.0,3.21,0.6704,3.68,4.06,0.96,1779840000.0,0.825,118.98999786376953,74.2086925415297,114.25,110.28571,2.33333,14.0,6.94,,0.00051,0.55914,False,False,,0.5,1811604.0,2175220.0,0.15,1.51,20.39,,,-3.2,0.2008,55.3,3.78,,False,0.412494302245489,,0.697,Canada,True,,27.738434820194506,63.63427412752988,19.912259802594754,82.68588747028035,59.74025974025974,67.3694779116466,,50.0,,50.0,48.4175498523354,standard,263,178243013,False,52.5,False,36.97654941373534,69.09547738693468,68.92797319932998,50.041876046901166,50.041876046901166,50.041876046901166,2,SVAG,-8,UPPTREND,False,3,0.42857142857142855,LÅG,EJ AKTUELL,-4.5,0.875,SUSPICIOUS_FWD_PE;,2026-08-10,0,True
HD,"Home Depot, Inc. (The)",Consumer Cyclical,Home Improvement Retail,United States,USD,,-6.389634000000001,-0.19687249999999779,1.8716,16.753757425000003,,2.501,-4.032,1.0973625037499999,0.05184499649999998,0.0009800069999999772,0.01963245499999998,-0.15829001999999998,-0.026999999999999996,-0.146,-0.042,378.98325,-0.28600000000000003,0.231,8719105792.0,1600999936.0,63730999296.0,416724647936.0,105095000000.0,,164683000000.0,,,20890000000.0,,14156000000.0,16325000000.0,2.67,0.65550005,9.32,2.37,2.33,1780531200.0,0.959,418.0559748917175,286.94770281038166,355.6199951171875,370.5,1.94444,32.0,2.62,0.0143,0.00065,0.7571,False,False,,0.587,4751646.0,3972550.0,0.34,3.21,12.57,,,-9.76,0.2809,60.5,3.89,,True,0.9963448927908473,,0.52,US,True,,63.45066862387371,43.372879434767825,30.547491744108434,37.549403356384126,,67.3694779116466,76.5625,50.0,85.16746411483254,58.699999999999996,48.38620164075065,standard,264,1412718212,False,46.8,False,36.97654941373534,50.041876046901166,50.041876046901166,50.041876046901166,50.041876046901166,50.041876046901166,2,SVAG,-8,UPPTREND,False,2,0.2857142857142857,LÅG,EJ AKTUELL,-1.9,0.875,SUSPICIOUS_FWD_PE;,2026-08-10,0,True
VST,Vistra Corp.,Utilities,Utilities - Independent Power Producers,United States,USD,47404481941.32092,-2.2477155000000018,-8.53083875,0.4046,7.3960967050000015,2.437875,3.603,-8.083749999999998,0.29221750175,0.021134998499999995,-0.020007489000000017,0.062462459999999984,-0.10319,0.372,,,205.13574999999997,0.0535000000000001,0.263,-1573269056.0,658000000.0,20566999040.0,70068854784.0,41550000000.0,,17738000000.0,,,2134000000.0,,944000000.0,4070000000.0,0.65,0.1515,0.92,1.82,0.229,1789948800.0,1.433,218.90834935343653,132.47448547608124,140.58999633789062,222.73685,1.35,19.0,2.93,0.0432,0.00789,0.91555,False,False,,0.773,4842141.0,5914100.0,0.4,-8.83,-5.06,,,-18.25,0.4797,36.5,-6.83,,False,0.13508383827738737,,0.234,US,True,,59.439817780624956,15.06278258460221,49.81840405098655,29.462417824019894,65.25974025974025,67.3694779116466,31.25,50.0,42.10526315789473,77.3,48.351750246036204,standard,265,831463297,False,51.6,False,36.97654941373534,71.85929648241206,60.13400335008375,50.041876046901166,50.041876046901166,50.041876046901166,1,SVAG,-8,VARNING,False,1,0.14285714285714285,LÅG,EJ AKTUELL,-5.8,0.875,EXTREME_EARNINGS_GROWTH;SUSPICIOUS_FWD_PE;,2026-08-10,0,True
ARM,Arm Holdings plc,Technology,Semiconductors,United Kingdom,USD,301784363464.58514,255.603565,66.72510125,1.9684,24.028591,58.53072,57.871,257.84549999999996,-0.059777506250000015,-0.01817500050000001,0.09419500399999998,-0.05704254050000004,0.48581004999999994,0.06,0.8079999999999999,1.077,-49.36950000000001,3.5945,5.063,-74644096.0,3888000000.0,485000000.0,298381770752.0,10703000000.0,,4920000000.0,,,908000000.0,,904000000.0,1524000000.0,,0.0,,,,,3.909,452.70001220703125,100.0199966430664,282.57000732421875,286.78918,1.9,37.0,1.9,0.12020001,0.00071000005,0.95484,False,False,,0.455,9580283.0,6893360.0,0.28,-9.35,27.45,,,-38.33,0.9574,44.6,-15.55,,True,0.6847551878317256,,0.957,US,True,32.12635869565217,52.611514587764034,45.287527864888354,81.11788071027823,31.883795081775897,29.22077922077922,12.449799196787147,45.3125,50.0,12.440191387559809,45.5,48.33808155170265,standard,266,1947856786,False,44.2,False,75.2931323283082,16.24790619765494,2.554438860971524,50.041876046901166,50.041876046901166,50.041876046901166,6,NEUTRAL,0,VARNING,False,1,0.14285714285714285,LÅG,EJ AKTUELL,9.8,0.875,,2026-08-10,0,True
NAB.AX,NAT. BANK FPO [NAB],Financial Services,Banks - Diversified,Australia,AUD,,-1.22488025,-1.7775789999999985,2.34,-1.0969454625000006,,11.438,,-0.008874994999999997,-0.0038700010000000014,0.03648876849999998,0.09524876250000004,-0.27156,,,,,,,,186704003072.0,292010000384.0,235274174464.0,1080248000000.0,,,,,,,,-35781000000.0,4.03,0.85,1.7,4.61,0.85,1778112000.0,0.72,48.39997655664054,35.47999954223633,42.22999954223633,38.36139,3.14286,14.0,,,0.00026,0.38813,False,False,,0.5,5551196.0,4707181.0,1.0,2.92,11.83,-7.42,,-14.23,0.2498,65.9,5.68,,True,0.8039543305342498,,0.5,Australia,True,,49.781046568505815,35.09984513459539,30.622489959839356,69.25632793250206,,67.3694779116466,,50.0,,50.0,48.29690201875087,standard,267,140354614,False,46.8,False,36.97654941373534,50.041876046901166,50.041876046901166,50.041876046901166,50.041876046901166,50.041876046901166,0,SVAG,-8,UPPTREND,False,2,0.2857142857142857,LÅG,EJ AKTUELL,-19.1,0.625,EXTREME_GROWTH;EXTREME_EARNINGS_GROWTH;SUSPICIOUS_FWD_PE;,2026-08-10,0,True
UDR,"UDR, Inc.",Real Estate,REIT - Residential,United States,USD,12339758717.99897,-11.0887585,38.917280250000005,8.17,-3.2104465999999996,7.988575,10.913,-4.978999999999999,0.029967501250000014,-0.012535002500000001,0.049575011999999974,-0.16007255500000003,0.17625000000000002,-0.0655,0.8625,0.832,60.03875,-0.5885,0.002,-629316288.0,2830000.0,5994848256.0,19275585536.0,10605674000.0,,1712317000.0,,,322375000.0,,377704000.0,902887000.0,4.54,1.0918,1.73,3.85,0.145,1786924800.0,0.691,41.84988759871014,32.03716368618367,38.40999984741211,42.33333,2.36364,21.0,3.03,0.047199998,0.0044400003,1.1068699,False,False,,0.894,4346027.0,4556260.0,0.17,-6.3,1.34,,,-8.71,0.2152,30.7,-3.75,,False,0.20884680875591127,,0.685,US,True,,49.295414571691744,31.057228498381633,62.1752054883219,55.7108803079813,84.4155844155844,29.71887550200803,27.500000000000004,50.0,37.79904306220095,99.4,48.202259193348844,standard,268,175005946,False,47.1,False,36.97654941373534,86.76716917922947,15.159128978224457,50.041876046901166,50.041876046901166,50.041876046901166,2,SVAG,-8,VARNING,False,1,0.14285714285714285,LÅG,EJ AKTUELL,-1.6,0.875,,2026-08-10,0,True
KLAC,KLA Corporation,Technology,Semiconductor Equipment & Materials,United States,USD,258839983977.5829,14.230405000000001,4.9096822499999995,1.8688,33.470710999999994,19.061117,19.133,20.2455,0.68165250375,0.1356749895,0.247455014,0.29178745949999996,0.12345000000000006,-0.01200000000000001,-0.12800000000000003,0.133,37.728500000000004,1.2185000000000001,1.81,,4902408192.0,5887414784.0,259819094016.0,16067926000.0,,12156162000.0,,,5014227000.0,,4061643000.0,4081903000.0,0.48,0.2186,0.92,0.92,0.23,1779062400.0,1.458,307.3699951171875,82.87100394695247,198.11000061035156,230.85185,1.93103,27.0,1.82,0.0239,0.0011999999,0.92961,False,False,,0.382,12894798.0,13857890.0,0.28,-12.86,5.09,,,-35.81,0.6923,37.2,-12.55,,False,0.42180781947358387,,0.862,US,True,,88.80429007156037,22.10771904635962,45.188629447935924,42.35062060759568,31.16883116883117,67.3694779116466,,50.0,65.78947368421053,38.2,48.15485518103482,standard,269,2745386596,False,34.7,False,36.97654941373534,17.08542713567839,2.554438860971524,50.041876046901166,50.041876046901166,50.041876046901166,2,SVAG,-8,VARNING,False,2,0.2857142857142857,LÅG,EJ AKTUELL,3.0,0.875,,2026-08-10,0,True
SVS.L,Savills plc,Real Estate,Real Estate Services,United Kingdom,GBp,,-5.156138500000001,-11.956209249999999,,-1.7187089875000001,0.63598454,0.578,-6.394,-0.05401998000000001,-0.001419998499999988,-0.25880000000000003,-0.371459995,0.5229850099999999,-0.003500000000000003,0.3225,0.362,-20.77899999999999,0.5164999999999998,1.12,-792974984.0,531600000.0,619299968.0,1475033088.0,2351200000.0,,2550900000.0,,,89900000.0,,70900000.0,172300000.0,2.37,0.44419998,0.23,2.08,0.264,1775692800.0,1.244,13907.664950220751,9926.991056858253,,1304.667,1.16667,6.0,,,0.06274,0.75097,False,False,,0.5,507644.0,380187.0,0.9,7.87,16.39,-9.71,,-9.71,0.2874,73.2,9.34,,True,,,0.5,UK,True,,37.50516961575697,40.002451579157,54.209533717186844,51.21676836828767,,67.3694779116466,,50.0,,50.0,48.059645126484654,standard,270,,True,52.9,False,36.97654941373534,50.041876046901166,90.61976549413735,50.041876046901166,50.041876046901166,50.041876046901166,4,NEUTRAL,0,UPPTREND,False,1,0.14285714285714285,LÅG,EJ AKTUELL,5.6,0.875,SUSPICIOUS_FWD_PE;,2026-08-10,0,True
CCI,Crown Castle Inc.,Real Estate,REIT - Specialty,United States,USD,33032828399.658203,-4.642753500000001,-3.6647867499999993,0.9416,-17.319645,7.938676,13.103,-3.230999999999998,,0.0122649995,-0.03889498800000002,0.10639745499999997,0.24775999999999995,-0.1135,-0.7215,-0.677,,-0.24449999999999994,0.429,-372894080.0,1042000000.0,23403999232.0,54522175488.0,31518000000.0,,4264000000.0,,,2086000000.0,,444000000.0,3057000000.0,5.67,1.7347,4.25,4.92,1.063,1789430400.0,0.97,101.78363286420084,69.72000122070312,75.58999633789062,95.47,2.09091,20.0,2.61,0.0328,0.00099,1.01588,False,False,,0.803,4445454.0,5227670.0,0.4543983316860181,-1.42,-16.03,-1.2,,-0.25734625292121005,0.296025289548093,44.11095402069545,-0.07299420141252855,-0.11048290424177065,True,0.3287039760536225,,1.0,US,True,,62.45828831499135,42.164272873938316,27.693564957830652,45.75797270943099,72.40259740259741,29.71887550200803,38.4375,50.0,52.15311004784689,90.30000000000001,48.00345531901875,standard,271,395159556,False,55.2,False,76.38190954773869,75.54438860971524,15.326633165829145,50.041876046901166,50.041876046901166,50.041876046901166,2,SVAG,-8,NEDTREND,True,1,0.14285714285714285,LÅG,EJ AKTUELL,-3.2,0.625,SUSPICIOUS_FWD_PE;,2026-08-10,0,True
MKTX,MarketAxess Holdings Inc.,Financial Services,Capital Markets,United States,USD,5719900531.269928,-3.2082180000000022,-0.19292199999999937,1.3669,-3.390141175,6.5744095,6.516,-1.5474999999999985,0.05358249875,0.07454499949999999,0.08895751099999995,0.04474997999999997,0.12711996999999997,-0.0995,-0.1915,-0.043,-57.28925,5.3870000000000005,6.636,,245794000.0,178912992.0,5669103616.0,1934886000.0,,846268000.0,,,341838000.0,,246627000.0,382139000.0,1.92,0.3641,3.12,1.2,0.78,1787097600.0,0.825,194.89255608504916,108.75,162.52999877929688,152.22221,2.91667,9.0,2.87,0.0766,0.00942,1.11605,False,False,,0.768,930179.0,2202240.0,0.16,40.86,12.53,,,-15.6,0.5111,98.9,30.39,,True,0.8299343184441975,,0.895,US,True,,71.00657597889567,37.42018362489137,32.37118662983217,58.406983670354954,91.88311688311688,67.3694779116466,,50.0,22.00956937799043,76.8,47.96158189192259,holding,272,357930065,False,48.8,False,36.97654941373534,93.2998324958124,20.100502512562816,50.041876046901166,50.041876046901166,50.041876046901166,3,SVAG,-8,UPPTREND,False,2,0.2857142857142857,LÅG,EJ AKTUELL,-5.8,0.875,SUSPICIOUS_FWD_PE;,2026-08-10,0,True
AXP,American Express Company,Financial Services,Credit Services,United States,USD,230219877641.08847,-1.655343000000002,-1.6524290000000015,1.6153,-1.2955801750000004,3.2465117,3.435,,0.16595249875000007,0.010935001500000001,-0.10180248900000004,-0.17067002000000003,0.13382000000000005,0.0335,-0.09150000000000001,0.078,100.81575,-0.09699999999999986,1.542,,45752000512.0,59092000768.0,243559874560.0,300052000000.0,,72230000000.0,,,,,10833000000.0,18428000000.0,1.11,0.2148,3.8,1.1,0.95,1782950400.0,1.055,384.36057542335186,289.2612224526533,340.9100036621094,374.4628,2.23333,25.0,3.42,0.022,0.22558,0.65514,False,False,,0.478,3064727.0,2814130.0,0.35,-4.86,8.26,,,-6.74,0.2921,40.6,0.07,,False,0.38713815888353054,,0.71,US,True,,48.9191484995935,42.16760494200325,45.62287585010883,45.4296472704238,32.467532467532465,67.3694779116466,,50.0,69.61722488038278,47.8,47.92386629173318,standard,273,959365069,False,40.8,False,36.97654941373534,17.587939698492463,42.3785594639866,50.041876046901166,50.041876046901166,50.041876046901166,2,SVAG,-8,UPPTREND,False,1,0.14285714285714285,LÅG,EJ AKTUELL,-4.9,0.875,SUSPICIOUS_FWD_PE;,2026-08-10,0,True
WMT,Walmart Inc.,Consumer Defensive,Discount Stores,United States,USD,890111141343.6849,9.844231749999997,12.186726499999999,4.2386,0.22436860000000092,1.2272232,1.326,3.065500000000002,0.03303250375000001,-0.0025050005000000052,-0.055909984000000024,-0.07382255300000004,-0.23979999999999999,0.034499999999999996,0.14200000000000002,0.188,-44.20175,-0.19749999999999968,0.187,5453105920.0,10728999936.0,75545001984.0,961572175872.0,284668000000.0,,713163000000.0,,,29825000000.0,,21893000000.0,41565000000.0,0.88,0.33540002,0.99,1.26,0.248,1787270400.0,0.605,135.16000366210938,94.8498413916635,111.8499984741211,137.975,1.5814,40.0,3.23,0.0168,0.44849998,0.38355,False,False,,0.34,23747093.0,23592320.0,0.38,-2.67,-12.44,,,-16.75,0.2611,54.8,-2.41,,True,0.48036164377779184,,0.652,US,True,64.87364130434783,38.132989000878894,12.73645797911865,55.739090358864765,59.54281726579257,19.480519480519483,67.3694779116466,58.4375,50.0,80.38277511961722,34.0,47.900938676016125,standard,274,2638800956,False,55.4,False,77.88944723618091,11.557788944723619,77.97319932998325,50.041876046901166,50.041876046901166,50.041876046901166,6,NEUTRAL,0,VARNING,False,2,0.2857142857142857,LÅG,EJ AKTUELL,-2.0,0.875,,2026-08-10,0,True
NU,Nu Holdings Ltd.,Financial Services,Banks - Regional,Brazil,USD,52701113369.51697,-0.8175380000000025,-6.631386000000001,0.8433,-2.6626955750000008,8.803502,7.576,,0.12273249874999999,0.021414999499999997,0.15602751099999998,0.10843997999999999,-0.48956000000000005,0.3425,0.35750000000000004,0.565,,,,,15906660352.0,6147460096.0,57530347520.0,74893877000.0,,10626855000.0,,,,,2868892000.0,3500464000.0,,0.0,,,,,0.942,18.979999542236328,11.199999809265137,13.84000015258789,17.98182,1.63636,22.0,2.06,0.041100003,0.018480001,0.8163,False,False,,0.77,75435617.0,52306160.0,0.3,1.76,3.04,,,-20.83,0.4016,43.1,4.33,,False,0.23968458193447148,,0.498,US,True,,61.57928820860161,22.603304744272744,67.09914504334539,41.44562458000448,62.98701298701299,12.449799196787147,,50.0,44.01913875598086,77.0,47.836179639043706,standard,275,723917262,False,44.4,False,36.97654941373534,70.77051926298158,13.23283082077052,50.041876046901166,50.041876046901166,50.041876046901166,2,SVAG,-8,UPPTREND,False,2,0.2857142857142857,LÅG,EJ AKTUELL,-5.7,0.75,SUSPICIOUS_FWD_PE;,2026-08-10,0,True
LAGR-B.ST,Lagercrantz Group AB (publ),Industrials,Conglomerates,Sweden,SEK,,10.960628000000003,21.27117174999999,3.02,2.281709,4.409564,4.821,5.459999999999997,0.04788999999999999,0.019489999999999997,-0.019452500000000005,-0.058354985000000005,-0.04527500000000001,0.08299999999999999,0.09100000000000001,0.198,29.581000000000003,0.017499999999999905,0.777,251126592.0,386000000.0,4918000128.0,53234397184.0,12771000000.0,,10610000000.0,,,1673000000.0,,1200000000.0,1502000000.0,1.07,0.36240003,2.5,1.02,2.5,1787702400.0,1.195,266.79998779296875,185.1999969482422,,271.875,1.71429,8.0,,,0.04654,0.65189004,False,False,,0.5,204377.0,178209.0,1.11,-1.6,-3.31,,,-12.05,0.328,56.8,-3.22,,True,,,0.674,Nordic,True,58.888586956521735,50.44296986134882,22.08599387917029,58.409156184366395,49.920979042261365,,67.3694779116466,56.875,50.0,,50.0,47.798747843498866,standard,276,,True,44.1,False,36.97654941373534,50.041876046901166,32.41206030150754,50.041876046901166,50.041876046901166,50.041876046901166,5,NEUTRAL,0,VARNING,False,1,0.14285714285714285,LÅG,EJ AKTUELL,10.1,0.875,,2026-08-10,0,True
ANZ.AX,ANZ GROUP FPO [ANZ],Financial Services,Banks - Diversified,Australia,AUD,,-3.1875952499999993,-4.070424,2.13,-1.6327421625000007,,4.728,,-0.025514991,-0.004830000999999997,0.014008748499999987,0.058558762499999986,-0.27156,-0.1155,-0.1945,0.002,,,,,284675014656.0,272083992576.0,101718171648.0,1297108000000.0,,22307000000.0,,,,,5891000000.0,26110000000.0,4.4,0.84139997,1.66,5.56,0.83,1778457600.0,0.571,40.07502154105189,29.86371864908853,37.72999954223633,35.67954,2.5,14.0,,,0.00013,0.36338,False,False,,0.5,4465307.0,4077474.0,0.88,1.73,7.29,2.01,,-7.2,0.2396,65.0,3.76,,True,0.7620396335261169,,0.5,Australia,True,,45.03792923367058,40.417830631578,21.804687819120453,76.28005301276787,,67.3694779116466,,50.0,,50.0,47.774579361411526,standard,278,108623232,False,46.8,False,36.97654941373534,50.041876046901166,50.041876046901166,50.041876046901166,50.041876046901166,50.041876046901166,0,SVAG,-8,UPPTREND,False,2,0.2857142857142857,LÅG,EJ AKTUELL,-16.9,0.75,SUSPICIOUS_FWD_PE;,2026-08-10,0,True
FFH.TO,FAIRFAX FINANCIAL HOLDINGS LTD.,Financial Services,Insurance - Property & Casualty,Canada,CAD,45555028244.781494,-19.403961500000005,-5.2986070000000005,0.28,-2.5406941750000005,1.2775564,1.511,-6.581499999999999,0.016054997499999987,0.01577,-0.11968749350000005,-0.12941746499999995,0.02559,-0.0995,-0.18050000000000002,-0.031,-1.6460000000000008,0.12974999999999987,0.88,4425952224.0,8338299904.0,14290299904.0,58226548736.0,107787700000.0,,30405400000.0,,,,,4772400000.0,2419400000.0,0.87,0.0736,20.77,1.37,20.817,1768435200.0,0.449,2678.1534874492927,2066.159912109375,2370.050048828125,2659.351,2.71429,7.0,2.11,,0.026500002,0.35574,False,False,,0.5,64774.0,69200.0,0.3,-1.23,2.94,,,-6.36,0.2337,51.8,0.53,,True,0.6015360781346387,,0.748,Canada,True,,42.38784722554216,36.13650961574791,29.379234244455187,72.81223680764332,66.88311688311688,67.3694779116466,95.625,50.0,,50.0,47.75553072412641,standard,279,117629630,False,69.4,False,97.52931323283082,72.52931323283082,77.21943048576215,50.041876046901166,50.041876046901166,50.041876046901166,4,NEUTRAL,0,UPPTREND,False,2,0.2857142857142857,LÅG,EJ AKTUELL,1.3,0.875,SUSPICIOUS_FWD_PE;,2026-08-10,0,True
ALNY,"Alnylam Pharmaceuticals, Inc.",Healthcare,Biotechnology,United States,USD,29330958257.24698,3.472457999999996,-5.319560499999998,0.4161,12.549090225,6.105297,6.039,7.791500000000003,0.79855999675,0.05530000449999999,0.04846000599999997,0.0014774449999999661,0.30698,0.5820000000000001,,,158.06074999999996,1.2265000000000001,2.791,-1137599808.0,3308146944.0,2987489024.0,29010300928.0,4966331000.0,,3713937000.0,,,501578000.0,,313747000.0,524080000.0,,0.0,,,,,0.279,495.54998779296875,197.80999755859375,219.1999969482422,375.75833,1.7037,24.0,3.62,0.0575,0.00184,1.01756,False,False,,0.684,1593909.0,3170510.0,0.16,-24.34,-23.49,,,-35.79,0.5523,32.4,-21.8,,False,0.20204017044794184,,0.675,US,True,33.533967391304344,76.18241424584468,2.886298661225929,74.19853326348874,52.64785215569454,75.0,12.449799196787147,25.3125,50.0,29.1866028708134,68.4,47.7292299631342,standard,280,694975782,False,46.7,False,36.97654941373534,77.21943048576215,22.529313232830823,50.041876046901166,50.041876046901166,50.041876046901166,2,SVAG,-8,VARNING,False,2,0.2857142857142857,LÅG,EJ AKTUELL,-7.1,0.875,EXTREME_EARNINGS_GROWTH;SUSPICIOUS_FWD_PE;,2026-08-10,0,True
ENR.DE,Siemens Energy AG,Industrials,Specialty Industrial Machinery,Germany,EUR,,31.726291000000003,4.198797750000001,0.5712,5.7785191125,3.1220553,2.931,6.911000000000001,0.054570012,-0.02245000099999999,-0.04924749299999999,-0.041389999999999996,-0.22973000000000002,0.08199999999999999,0.6880000000000001,0.761,-43.049,-0.27650000000000013,0.57,5283662368.0,11088000000.0,2959000064.0,122635583488.0,56637000000.0,,39077000000.0,,,1569000000.0,,1414000000.0,5821000000.0,0.46,0.2756,0.7,,0.7,1772150400.0,1.877,191.66000366210938,82.96619587932783,,197.2264,1.8,25.0,,,0.120670006,0.56082,False,False,,0.5,2517980.0,2624674.0,0.12,4.33,-11.19,-3.3,,-16.21,0.5427,49.0,1.34,,True,,,0.556,Europe,True,80.28260869565216,36.411923179016604,21.343725326605917,71.18622399511986,20.254724421684465,,67.3694779116466,90.0,50.0,,50.0,47.71715826121439,standard,281,,True,45.9,False,36.97654941373534,50.041876046901166,43.88609715242881,50.041876046901166,50.041876046901166,50.041876046901166,4,NEUTRAL,0,UPPTREND,False,3,0.42857142857142855,LÅG,EJ AKTUELL,16.3,0.875,,2026-08-10,0,True
AIG,"American International Group, I",Financial Services,Insurance - Diversified,United States,USD,41335865359.49707,-8.349516000000003,-9.676989,0.6483,-6.969349275000001,1.5481018,1.573,-9.535499999999997,-0.10058750125,-0.008135000500000001,-0.14482249500000005,-0.18767001000000003,-0.13422,-0.0805,0.014499999999999985,0.093,-48.91725,-1.0389999999999997,0.204,8108105472.0,9592999936.0,9155999744.0,41987592192.0,161254000000.0,,26774000000.0,,,,,3096000000.0,3314000000.0,2.5,0.3169,2.0,2.17,0.5,1781481600.0,0.517,86.2052751457103,70.36459211908439,78.77999877929688,88.7,2.31818,20.0,2.16,0.020399999,0.0057099997,0.99679,False,False,,0.775,3892814.0,3172830.0,1.3864813397640108,-0.42,3.76,5.02,,-0.0861348259008825,0.24254372200196891,45.058115035389484,0.022178177055839132,0.025609197514620874,False,0.38998107165853263,,0.99,US,True,,23.841880861395715,57.172836024746324,47.843160826495875,52.46199100991973,68.83116883116884,67.3694779116466,99.0625,50.0,74.16267942583733,77.5,47.67841215240786,standard,282,249955544,False,68.8,False,97.52931323283082,73.45058626465661,72.52931323283082,50.041876046901166,50.041876046901166,50.041876046901166,4,NEUTRAL,0,UPPTREND,False,1,0.14285714285714285,LÅG,EJ AKTUELL,4.7,0.875,SUSPICIOUS_FWD_PE;,2026-08-10,0,True
TD.TO,The Toronto-Dominion Bank,Financial Services,Banks - Diversified,Canada,CAD,279692239341.65955,-7.805495500000003,0.20783599999999858,0.91,-1.5781416750000004,4.726127,2.84,,-0.0296949965,-0.019229999999999997,0.01602250649999997,0.006112545000000025,-0.4001,-0.4095,-0.8135,-0.618,,,,,637163995136.0,522703994880.0,168068235264.0,2094558000000.0,,61281000000.0,,,,,20538000000.0,-69646000000.0,2.64,0.5,4.48,4.13,1.12,1783641600.0,0.873,175.3300018310547,96.8401421877935,169.3000030517578,163.0,2.15385,13.0,4.01,,0.00043000001,0.56696,False,False,,0.5,4896527.0,4874890.0,0.11,-0.76,16.57,,,-3.25,0.1802,50.7,1.77,,False,0.4294255248139243,,0.931,Canada,True,,37.13160654128461,58.7983778541832,21.946047855218797,74.85533487642799,30.1948051948052,67.3694779116466,,50.0,,50.0,47.65873516934302,standard,283,591936206,False,38.8,False,36.97654941373534,16.834170854271356,29.98324958123953,50.041876046901166,50.041876046901166,50.041876046901166,0,SVAG,-8,UPPTREND,False,2,0.2857142857142857,LÅG,EJ AKTUELL,-4.2,0.75,SUSPICIOUS_FWD_PE;,2026-08-10,0,True
EQR,Equity Residential,Real Estate,REIT - Residential,United States,USD,25147521397.206047,-6.211358500000003,13.65486425,16.1,-5.0768830000000005,8.286359,10.886,-5.480999999999998,-0.027182494749999994,-0.008295001500000001,0.03368501199999996,-0.08305256500000002,0.13380000000000003,-0.0435,-0.4455,-0.407,-17.426250000000003,-0.6395,0.032,14009344.0,36405000.0,8565499904.0,34065371136.0,20746023000.0,,3093959000.0,,,869752000.0,,1120089000.0,1648763000.0,4.21,1.2133,2.81,3.85,0.703,1782691200.0,0.749,71.5,56.29633650395025,67.06999969482422,73.05,2.35,18.0,3.41,0.0308,0.0059100003,0.98848,False,False,,0.797,3044682.0,2839330.0,0.7293761716629162,-1.5,2.9,11.04,,-0.061958046226234686,0.20001276134145618,39.54050261677708,-0.0029865325762222783,0.077164061434984,False,0.22870754759720585,,0.0,US,True,,47.551056832611906,60.619203615993065,10.229398818028343,55.705555721049855,77.27272727272727,29.71887550200803,48.125,50.0,55.02392344497608,79.7,47.65437658623301,standard,284,190433862,False,58.2,False,86.09715242881072,79.39698492462311,14.824120603015075,50.041876046901166,50.041876046901166,50.041876046901166,3,SVAG,-8,VARNING,False,1,0.14285714285714285,LÅG,EJ AKTUELL,-1.9,0.875,,2026-08-10,0,True
NTRS,Northern Trust Corporation,Financial Services,Asset Management,United States,USD,33938273631.5,-6.628385000000003,-3.960394000000001,1.2073,-5.172084475,3.7354324,4.531,,-0.00715750124999999,-0.0142250005,-0.016512489000000047,0.05108997999999998,-0.48956000000000005,0.26949999999999996,0.7845,0.88,,,,,10004799488.0,16345100288.0,41163472896.0,177132700000.0,,8086400000.0,,,,,1736900000.0,5533500000.0,1.78,0.2749,3.28,2.96,0.8,1788480000.0,1.259,191.60000610351562,119.16799812932595,185.5,184.26923,3.0,13.0,3.26,0.020399999,0.008590001,0.87313,False,False,,0.757,1080290.0,985000.0,0.76,1.76,16.91,,,-1.98,0.2574,54.2,5.32,,False,0.6704227465924982,,0.707,US,True,,37.42501306347674,63.625143260160456,80.07131031951658,49.199208541775555,72.07792207792207,67.3694779116466,,50.0,74.16267942583733,75.7,47.57399282294986,holding,285,182717500,False,48.8,False,36.97654941373534,75.4606365159129,37.93969849246231,50.041876046901166,50.041876046901166,50.041876046901166,1,SVAG,-8,UPPTREND,False,3,0.42857142857142855,LÅG,EJ AKTUELL,0.9,0.75,SUSPICIOUS_FWD_PE;,2026-08-10,0,True
2379.TW,Realtek Semiconductor Corp.,Technology,Semiconductors,Taiwan,TWD,384647250000.0,-2.369327999999996,3.1262647500000016,0.85,3.3567586250000025,3.0993311,2.685,4.4804999999999975,0.18398002000000002,0.008819999999999995,-0.03478874649999997,-0.04754499500000001,0.11399500999999998,-0.124,-0.367,-0.091,17.444750000000003,-0.6562499999999998,0.913,-41562737664.0,64720822272.0,11279789056.0,333203177472.0,129903363000.0,,122706372000.0,,,14389062000.0,,14753249000.0,23015343000.0,3.4,0.9368,25.5,4.81,25.5,1757462400.0,0.796,970.0,438.0,750.0,707.625,2.23529,16.0,,,0.055710003,0.56657004,False,False,,0.5,5475346.0,5071073.0,0.6094332705406544,-10.71,28.42,41.51,,-0.22680412371134018,0.46056635600324297,58.23293172690763,0.02347161572052414,0.31841473811888577,False,0.6824416784205029,,0.136,Asia,True,29.070652173913043,56.342241691090024,88.2905845820804,10.075061590948572,44.51905393129595,26.623376623376622,67.3694779116466,11.25,50.0,,50.0,47.55328105983497,standard,286,117939241,False,40.6,False,36.97654941373534,14.90787269681742,44.13735343383585,50.041876046901166,50.041876046901166,50.041876046901166,3,SVAG,-8,UPPTREND,False,2,0.2857142857142857,LÅG,EJ AKTUELL,-0.6,0.875,,2026-08-10,0,True
MS,Morgan Stanley,Financial Services,Capital Markets,United States,USD,340070762878.41797,-5.177573000000002,-2.7344229999999996,2.0567,-4.817728475000001,4.369517,2.814,,0.0018824887500000081,-0.013535000499999996,-0.0042424890000000715,0.04179997999999996,0.38684999999999997,0.18550000000000003,0.4225,0.577,445.7177500000001,0.3490000000000003,1.603,,739076014080.0,607495979008.0,219041611776.0,1420270000000.0,,65966000000.0,,,,,16861000000.0,-17889000000.0,2.15,0.3231,4.6,2.98,1.15,1785456000.0,1.209,230.9785232797176,137.90379245568434,216.3300018310547,236.61905,2.32,21.0,0.0,0.0,0.24404,0.63102,False,False,,0.495,5969570.0,5633060.0,0.93,-2.14,12.65,,,-4.83,0.3186,57.1,0.7,,True,0.5654217062081744,,1.0,US,True,,56.50224367015172,51.70652762559666,84.93341840032534,37.57122772613281,27.5974025974026,67.3694779116466,,50.0,99.0,49.5,47.551537696482995,holding,287,1218599880,False,39.0,False,36.97654941373534,15.494137353433835,32.49581239530988,50.041876046901166,50.041876046901166,50.041876046901166,3,SVAG,-8,UPPTREND,False,2,0.2857142857142857,LÅG,EJ AKTUELL,-0.4,0.875,SUSPICIOUS_FWD_PE;,2026-08-10,0,True
GAW.L,Games Workshop Group PLC,Consumer Cyclical,Leisure,United Kingdom,GBp,,9.270357,14.648642000000004,,14.7000617375,9.457127,9.265,7.07,0.44264502249999993,0.33287999850000005,0.188594995,0.22518502500000004,0.24816501000000005,-0.045,-0.109,-0.004,-65.33449999999999,2.4139999999999993,2.775,-732899984.0,182900000.0,56000000.0,6111966208.0,466600000.0,,659700000.0,,,275000000.0,,206000000.0,267700000.0,2.06,0.77910006,3.9,2.92,1.4,1787788800.0,0.911,302269.22095683473,177691.55672554945,,21925.0,1.66667,2.0,,,0.00525,0.69041,False,False,,0.5,92967.0,135367.0,0.53,-6.23,-2.06,11.87,,-13.58,0.266,24.1,-5.6,,False,,,0.5,UK,True,25.2133152173913,89.74177038907837,34.03830552119925,27.054244234678738,68.35027081530359,,67.3694779116466,11.5625,50.0,,50.0,47.53037959230367,standard,288,,True,41.1,False,36.97654941373534,50.041876046901166,11.892797319932999,50.041876046901166,50.041876046901166,50.041876046901166,3,SVAG,-8,VARNING,False,3,0.42857142857142855,LÅG,EJ AKTUELL,-2.2,0.875,,2026-08-10,0,True
LSEG.L,London Stock Exchange Group plc,Financial Services,Financial Data & Stock Exchanges,United Kingdom,GBp,,19.815276999999995,5.734505500000002,0.812,-1.6451676625000007,4.491275,5.798,10.126499999999998,-0.1405149825,-0.023449998499999992,-0.15735750100000004,-0.17005746999999993,0.41044501,-0.027499999999999997,0.1355,0.254,-8.934999999999993,-0.5350000000000001,0.008,808000064.0,4241999872.0,13546999808.0,56007401472.0,796704000000.0,,9346000000.0,,,2170000000.0,,1249000000.0,3622000000.0,1.81,0.5394,1.58,1.28,0.55,1786579200.0,0.393,128840.24073488268,81386.88170245243,,11910.667,1.46667,15.0,,,0.04941,0.70695,False,False,,0.5,1482314.0,1645479.0,0.33,-1.91,-3.16,19.96,,-11.55,0.3289,55.3,0.95,,False,,,0.5,UK,True,62.91440217391305,30.474607530360156,38.84576800804856,46.22693480134913,50.10475305649704,,67.3694779116466,70.3125,50.0,,50.0,47.51437303672585,standard,289,,True,44.0,False,36.97654941373534,50.041876046901166,31.65829145728643,50.041876046901166,50.041876046901166,50.041876046901166,4,NEUTRAL,0,UPPTREND,False,2,0.2857142857142857,LÅG,EJ AKTUELL,1.7,0.875,,2026-08-10,0,True
HM-B.ST,H & M Hennes & Mauritz AB (publ),Consumer Cyclical,Apparel Manufacturing,Sweden,SEK,,0.0,1.379524,2.7587,1.176512000000002,1.2941824,1.557,-4.345000000000001,0.120020003,-0.003080003000000015,-0.05636250700000001,-0.06884997999999998,0.10441499999999998,-0.108,-0.09599999999999999,0.002,150.174,-0.23600000000000015,0.525,21396875968.0,18697000960.0,76790996992.0,343667113984.0,170273000000.0,,228285000000.0,,,18529000000.0,,12158000000.0,31120000000.0,3.97,0.90489995,7.1,4.91,3.55,1793750400.0,1.009,190.12972139864354,126.32950941201827,,154.67308,,26.0,,,0.70359004,0.19983,False,False,,0.5,2348663.0,1713585.0,0.7577170366717273,,,,,,0.25426595725824286,75.84970080246411,,,True,,,0.99,Nordic,True,,49.792550623533444,,39.049343764910994,44.674306856549904,,67.3694779116466,94.375,50.0,,50.0,47.42347341850449,standard,290,,True,50.8,False,36.97654941373534,50.041876046901166,76.88442211055276,50.041876046901166,50.041876046901166,50.041876046901166,3,SVAG,-8,UPPTREND,False,1,0.14285714285714285,LÅG,EJ AKTUELL,-0.2,0.875,SUSPICIOUS_FWD_PE;,2026-08-10,0,True
TRENT.NS,Trent Limited,Consumer Cyclical,Apparel Retail,India,INR,1598097206097.0,52.18083800000001,29.474385,,14.115074000000002,7.62981,7.714,14.129500000000004,,,-0.013150002999999993,0.0,0.007010020000000006,0.103,0.104,0.208,-7.806250000000002,,,,9288899584.0,25612500992.0,1615650226176.0,117285800000.0,,198501100000.0,,,23782200000.0,,17196500000.0,26676200000.0,0.13,0.1034,4.0,0.1,4.0,1781222400.0,0.384,5665.627845083876,2180.44477277369,2997.0,3341.6794,1.96154,26.0,,,0.43403998,0.31660998,False,False,,0.5,1496126.0,1379556.0,0.71,4.31,9.97,,,-9.53,0.3796,64.1,0.95,,True,0.6187188902006784,,0.602,India,True,,49.182658137882015,39.791060565987834,58.84026959520209,61.46914432912716,17.532467532467532,34.437751004016064,,50.0,,50.0,47.37823856926907,standard,291,43388911,False,35.6,False,36.97654941373534,9.380234505862646,15.912897822445563,50.041876046901166,50.041876046901166,50.041876046901166,3,SVAG,-8,UPPTREND,False,1,0.14285714285714285,LÅG,EJ AKTUELL,-10.1,0.75,,2026-08-10,0,True
STAG,"STAG Industrial, Inc.",Real Estate,REIT - Industrial,United States,USD,7191750524.598919,-6.9884165,12.714354250000003,19.49,-5.483053999999999,8.336344,12.109,-6.916999999999998,-0.03766250374999999,-0.006065000499999999,0.03447501199999997,0.008507454999999997,0.30593,0.0165,-0.013499999999999998,0.058,-2.325250000000003,1.0495,1.188,-939501184.0,85077000.0,3478531072.0,10663443456.0,7208069000.0,,845184000.0,,,319629000.0,,273519000.0,463388000.0,4.21,1.1692,1.55,4.04,0.388,1790726400.0,0.967,42.61000061035156,32.924826213346655,37.29999923706055,42.08333,2.5,12.0,4.49,0.0533,0.00135,0.96141,False,False,,0.858,1524548.0,1984120.0,0.22,-6.26,-4.04,,,-12.86,0.2305,18.4,-5.11,,False,0.15203213373731925,,0.868,US,True,,55.582996824546925,19.95251948967897,49.78450801641797,67.21250125893879,89.93506493506493,29.71887550200803,16.25,50.0,32.057416267942585,95.8,47.365394594642765,standard,292,74007674,False,47.8,False,36.97654941373534,92.04355108877722,14.74036850921273,50.041876046901166,50.041876046901166,50.041876046901166,3,SVAG,-8,VARNING,False,1,0.14285714285714285,LÅG,EJ AKTUELL,-3.4,0.875,,2026-08-10,0,True
7186.T,"Yokohama Financial Group, Inc.",Financial Services,Banks - Regional,Japan,JPY,2044007091237.0,0.9724552499999994,-0.12072550000000248,,-1.4737472000000005,5.1176686,2.472,,,,-0.000932503000000029,0.0,-0.33928,0.0315,0.015499999999999986,0.185,,,,,3585646002176.0,2514769936384.0,987377893376.0,24793138000000.0,,,,,,,,376257000000.0,2.61,0.4042,48.0,3.15,24.0,1790640000.0,0.225,1995.5,999.2813018223026,1839.0,1982.2222,1.77778,9.0,,,0.06319,0.49069,False,False,,0.5,3712009.0,3997270.0,1.02,-1.74,13.57,,,-7.31,0.4015,46.2,2.31,,False,0.2995761789964658,,0.764,Japan,True,,38.272921108742004,48.70278711855015,54.7462454041044,65.1198387217203,16.558441558441558,67.3694779116466,,50.0,,50.0,47.3577984975552,standard,293,46211361,False,37.3,False,36.97654941373534,8.710217755443885,27.889447236180903,50.041876046901166,50.041876046901166,50.041876046901166,3,SVAG,-8,UPPTREND,False,2,0.2857142857142857,LÅG,EJ AKTUELL,10.5,0.625,SUSPICIOUS_FWD_PE;,2026-08-10,0,True
PPL,PPL Corporation,Utilities,Utilities - Regulated Electric,United States,USD,,-7.7528505000000045,-10.088777499999999,1.3815,,,4.891,-12.000249999999998,-0.12123501625000001,-0.019010000500000006,-0.007327489750000027,0.06802494999999993,-0.09572001999999996,0.03799999999999999,-0.0005000000000000004,0.092,-32.44325000000001,0.24349999999999994,0.714,-3452296896.0,1240999936.0,20292999168.0,45542256640.0,45244000000.0,,9042000000.0,,,2129000000.0,,1181000000.0,2629000000.0,3.24,0.6764,1.14,3.8,0.285,1781049600.0,0.589,39.79024203043266,32.660771181382096,35.209999084472656,41.6,1.6875,15.0,3.95,0.0617,0.00145,0.85603,False,False,,0.879,9134144.0,8111540.0,0.71,-0.82,-0.39,,,-10.15,0.197,50.7,-0.7,,False,-0.01072082852274912,,0.461,US,True,,37.55043002855829,26.980453646679514,38.941226260804925,75.23915807074223,,67.3694779116466,17.8125,50.0,27.990430622009573,97.9,47.314865005994214,standard,294,285607316,False,45.5,False,31.715481171548117,50.04184100418409,50.04184100418409,50.04184100418409,50.04184100418409,50.04184100418409,1,SVAG,-8,VARNING,False,2,0.2857142857142857,LÅG,EJ AKTUELL,0.0,0.75,SUSPICIOUS_FWD_PE;,2026-08-10,0,True
FABG.ST,Fabege AB (publ),Real Estate,Real Estate Services,Sweden,SEK,,28.322775500000006,-9.146823250000006,5.07,-5.265474424999999,6.048034,15.155,2.379999999999999,-0.1361350005,-0.016159999999999997,-0.16635750600000004,0.15387501500000011,0.22361504000000004,0.07550000000000001,,,4.998499999999998,-0.6535000000000002,0.003,847876672.0,28000000.0,36145999872.0,60104503296.0,83089000000.0,,3760000000.0,,,2491000000.0,,-348000000.0,1744000000.0,2.91,1.4964,2.2,2.83,0.55,1791763200.0,1.357,87.41925711822152,71.48093682604662,,84.01,,10.0,,,0.39844,0.30165002,False,False,,0.5,378128.0,284116.0,1.35,0.26,-3.47,,,-9.21,0.1909,67.1,1.0,,True,,,0.163,Nordic,True,73.78260869565217,42.705251388644164,25.78210601881588,35.01833420639078,54.73184244849655,,29.71887550200803,70.0,50.0,,50.0,47.29769279386436,standard,295,,True,42.7,False,36.97654941373534,50.041876046901166,22.613065326633166,50.041876046901166,50.041876046901166,50.041876046901166,4,NEUTRAL,0,UPPTREND,False,1,0.14285714285714285,LÅG,EJ AKTUELL,-0.2,0.875,EXTREME_EARNINGS_GROWTH;SUSPICIOUS_FWD_PE;,2026-08-10,0,True
BE,Bloom Energy Corporation,Industrials,Electrical Equipment & Parts,United States,USD,64601626993.048645,256.58945,19.14553425,0.9609,30.325097425,20.75121,20.792,132.99900000000002,0.02551250075,-0.009015000500000007,-0.02516998600000002,0.044657464999999966,-0.17304999999999998,1.562,,,92.86725,2.7624999999999997,3.213,-877506560.0,2716858880.0,2815023104.0,64728465408.0,4396711000.0,,2023994000.0,,,72802000.0,,-88434000.0,113949000.0,,0.0,,,,,3.832,351.2799987792969,36.470001220703125,219.33999633789062,273.5077,2.24138,26.0,1.29,0.074499995,0.05638,0.84775,False,False,,0.448,14271922.0,22413050.0,0.8501844443949296,-14.66,-15.19,60.57,,-0.37559782196509817,1.1498079456159616,55.97383127220739,-0.13480602860462132,0.20826979885096097,True,0.58027856312146,,0.84,US,True,25.529891304347824,45.237457810244095,59.69956673106441,85.10323904312904,32.995532117007755,59.09090909090909,12.449799196787147,34.375,50.0,23.923444976076556,44.800000000000004,47.27937221821168,standard,296,4916078305,False,42.5,False,36.97654941373534,68.84422110552764,2.554438860971524,50.041876046901166,50.041876046901166,50.041876046901166,3,SVAG,-8,VARNING,False,1,0.14285714285714285,LÅG,EJ AKTUELL,3.7,0.875,EXTREME_EARNINGS_GROWTH;,2026-08-10,0,True
CIGI.TO,Colliers International Group Inc.,Real Estate,Real Estate Services,Canada,CAD,7059534335.725891,7.271003,-14.683276750000001,1.21,0.0,1.2169265,1.937,-6.489999999999998,0.0,0.002259997999999999,-0.2006499925,-0.25514997999999994,0.0,0.10250000000000001,6.0035,6.111,43.663000000000004,-0.30275000000000013,1.008,0.0,335217984.0,3312018944.0,11536914432.0,6788467000.0,,5558462000.0,,,401526000.0,,103100000.0,330140000.0,0.31,0.14220001,0.43,0.23,0.213,1782777600.0,1.25,238.6329888399582,124.87722856326202,141.82000732421875,199.19841,1.92308,4.0,4.21,,0.11057,0.85410005,False,False,,0.5,103282.0,123600.0,0.6,0.12,5.52,,,-30.24,0.4229,47.8,1.37,,False,0.6591449963314181,,0.495,Canada,True,,34.94498921760436,23.73931058802786,71.39332859548173,37.73753729710006,90.5844155844156,67.3694779116466,46.71875,50.0,,50.0,47.271844622876614,standard,297,12572137,False,57.3,False,36.97654941373534,92.21105527638191,78.05695142378559,50.041876046901166,50.041876046901166,50.041876046901166,4,NEUTRAL,0,UPPTREND,False,2,0.2857142857142857,LÅG,EJ AKTUELL,1.1,0.875,SUSPICIOUS_FWD_PE;,2026-08-10,0,True
AMD,"Advanced Micro Devices, Inc.",Technology,Semiconductors,United States,USD,789073112387.9114,86.159035,5.9260172499999975,1.116,0.7959869999999998,19.103573,18.89,58.930499999999995,-0.09134749625000001,-0.021045000500000008,0.04748501399999998,0.03942745949999994,0.06767999999999996,0.33699999999999997,1.3199999999999998,1.634,-48.62850000000001,0.9515000000000001,1.688,7432355584.0,13111000064.0,4276000000.0,780238127104.0,76926000000.0,,34639000000.0,,,3694000000.0,,4335000000.0,7709000000.0,,0.0,,,,798940800.0,2.489,584.72998046875,149.22000122070312,483.3599853515625,608.2261,1.4902,46.0,1.36,0.024500001,0.00399,0.71742994,False,False,,0.481,31047395.0,33771000.0,0.38,-11.06,3.59,,,-18.18,0.7581,38.3,-7.39,,False,0.345370224985106,,0.921,US,True,47.94157608695652,45.042237942407176,24.484578279870533,89.34685183676474,28.81099630964904,19.805194805194805,12.449799196787147,64.0625,50.0,64.11483253588517,48.1,47.19041398029488,standard,299,16323550065,False,44.6,False,79.81574539363484,11.725293132328309,2.554438860971524,50.041876046901166,50.041876046901166,50.041876046901166,4,NEUTRAL,0,VARNING,False,1,0.14285714285714285,LÅG,EJ AKTUELL,17.2,0.875,,2026-08-10,0,True
1818.HK,Zhaojin Mining Industry Company Limited,Basic Materials,Gold,China,HKD,68926810100.08525,2.3090677500000005,-3.170695000000001,0.68,0.45930850000000034,4.350961,4.941,0.710500000000001,0.08401000100000003,0.02182,0.060766249500000064,0.17629501050000002,0.04195499,0.36200000000000004,0.5640000000000001,0.804,41.0465,-0.6572499999999998,0.635,-48649421696.0,9684997120.0,16349121536.0,96216301568.0,53567945000.0,,11550680000.0,,,3034796000.0,,1450799000.0,2597165000.0,0.48,0.052199997,0.11,0.74,0.114769,1780444800.0,0.902,42.138617502341724,15.819999694824219,23.920000076293945,34.38492,,9.0,,,0.42804,0.17687,False,False,,0.5,21690292.0,17921650.0,1.290692840251397,32.59,-19.31,-40.18,,-0.43234967129700763,0.5640120458189668,88.16899206355389,0.21001614494155496,-0.15111103290443917,True,0.996531743918906,,0.0,Asia,True,,69.6960167285351,26.538954628075732,65.63581996478145,35.69765792300261,58.11688311688312,67.3694779116466,,50.0,,50.0,47.156270470368526,commodity,300,54643075,False,41.4,False,36.97654941373534,31.65829145728643,32.83082077051927,50.041876046901166,50.041876046901166,50.041876046901166,5,NEUTRAL,0,NEDTREND,True,3,0.42857142857142855,LÅG,EJ AKTUELL,-2.3,0.875,SUSPICIOUS_FWD_PE;,2026-08-10,0,True
8306.T,"Mitsubishi UFJ Financial Group, Inc.",Financial Services,Banks - Diversified,Japan,JPY,40190773561488.0,-1.818748750000001,-1.4484015000000028,1.8033,-1.1109153000000005,5.535569,0.947,,-0.074340022,-0.0354200004,-0.005672503000000051,0.01321996999999997,-0.33928,0.19349999999999998,0.3075,0.482,,,,,143103679791104.0,108380647587840.0,6874772537344.0,431731548000000.0,,7521125000000.0,,,,,2427229000000.0,-23064420000000.0,2.69,0.405,96.0,3.19,48.0,1790640000.0,0.321,3813.0,2006.7453220129464,3564.0,3619.0908,1.72727,11.0,,,0.035439998,0.39618,False,False,,0.5,42551653.0,46759460.0,0.67,,,,,,0.3333,48.9,,,False,0.39702098107573297,,1.0,Japan,True,,30.88532354244154,,82.57571819355212,67.43448069887253,3.571428571428571,67.3694779116466,,50.0,,50.0,47.076494762203446,standard,301,1047636767,False,36.0,False,36.97654941373534,2.554438860971524,25.376884422110553,50.041876046901166,50.041876046901166,50.041876046901166,4,NEUTRAL,0,UPPTREND,False,3,0.42857142857142855,LÅG,EJ AKTUELL,12.2,0.75,SUSPICIOUS_FWD_PE;,2026-08-10,0,True
SAN.MC,"Banco Santander, S.A.",Financial Services,Banks - Diversified,Spain,EUR,,-0.6898139999999984,-3.3128424999999986,3.9342,-3.1335421875000007,3.7796907,3.422,,-0.07303000999999998,-0.015340000999999985,0.06169999999999995,0.015362505000000026,-0.43729,,,,,,,,429455015936.0,404829011968.0,166065422336.0,1867515000000.0,,60023000000.0,,,,,14101000000.0,-14835000000.0,1.94,0.2545,0.25,3.19,0.125,1777507200.0,0.934,13.031999588012695,7.789642389736286,,13.1145,1.65,20.0,,,0.01568,0.40123,False,False,,0.5,23719677.0,21790306.0,0.7893925550257277,,,,,,0.3002649232897643,69.34414679698577,,,True,,,0.669,Europe,True,,37.19369049629981,,52.81124497991968,52.53023967744345,,67.3694779116466,,50.0,,50.0,47.00271458481068,standard,302,,True,44.9,False,36.97654941373534,50.041876046901166,37.3534338358459,50.041876046901166,50.041876046901166,50.041876046901166,1,SVAG,-8,UPPTREND,False,1,0.14285714285714285,LÅG,EJ AKTUELL,-9.7,0.625,EXTREME_GROWTH;EXTREME_EARNINGS_GROWTH;SUSPICIOUS_FWD_PE;,2026-08-10,0,True
LOTB.BR,Lotus Bakeries NV,Consumer Defensive,Packaged Foods,Belgium,EUR,,27.30482174999999,23.014798499999998,9.38,2.1768560999999997,7.234233,7.368,19.356499999999997,0.0004325037499999934,0.0283349995,0.039860015999999984,0.059857444999999954,-0.09347998000000002,0.0645,0.10200000000000001,0.154,-82.69275,0.5165000000000004,0.937,-1379169940.0,121885000.0,312249984.0,9983724544.0,1536521000.0,,1355061000.0,,,233186000.0,,172258000.0,205878000.0,0.79,0.35869998,90.0,0.69,90.0,1778803200.0,0.6,11860.0,7209.19140625,,11169.3,,10.0,,,0.5,0.13757,False,False,,0.5,628.0,632.0,2.7767470624613484,,,,,,0.2603987592579863,57.54716981132075,,,True,,,0.5,US,True,15.259510869565217,57.73353724953829,,49.90002005338893,69.60484119833177,,67.3694779116466,9.6875,50.0,,50.0,46.95500141957137,standard,303,,True,41.9,False,36.97654941373534,50.041876046901166,17.42043551088777,50.041876046901166,50.041876046901166,50.041876046901166,4,NEUTRAL,0,UPPTREND,False,2,0.2857142857142857,LÅG,EJ AKTUELL,-2.3,0.875,,2026-08-10,0,True
HDFCBANK.NS,HDFC Bank Limited,Financial Services,Banks - Regional,India,INR,11264177356850.0,-19.153923,-14.183969500000003,0.89,-6.116062599999999,3.8188257,5.006,,-0.016389999999999988,0.0,-0.011732499000000021,-0.066222485,-0.42308998,0.07150000000000001,-0.020500000000000018,0.184,,,,,2377666265088.0,5658713784320.0,14766148943872.0,52621193200000.0,,1925667800000.0,,,,,704793400000.0,1118559900000.0,1.77,0.24040002,13.0,1.06,13.0,1781827200.0,0.414,1003.8961237048558,714.8271607333363,731.0,1025.2,1.2,40.0,,,0.00153,0.61059,False,False,,0.5,35664037.0,31598466.0,0.6471496273457782,-10.59,-0.98,-21.76,,-0.2718370130743596,0.20864688909782264,25.053520176910652,-0.052227660007526544,-0.1441612180234424,False,0.24265818468822029,,0.739,India,True,,36.99233386771034,38.76358116607813,55.275856780200044,84.94829388486522,9.090909090909092,67.3694779116466,,50.0,,50.0,46.92334097171559,standard,304,242401916,False,37.7,False,36.97654941373534,2.554438860971524,37.10217755443886,50.041876046901166,50.041876046901166,50.041876046901166,0,SVAG,-8,NEDTREND,True,2,0.2857142857142857,LÅG,EJ AKTUELL,-11.1,0.75,SUSPICIOUS_FWD_PE;,2026-08-10,0,True
2269.HK,WuXi Biologics (Cayman) Inc.,Healthcare,Biotechnology,China,HKD,188312564081.87524,8.661785000000002,8.535012000000002,1.0742,0.09338415000000011,8.642149,8.386,9.6395,0.010487493000000007,0.01821499899999999,0.07055623550000004,0.1201549905,0.07900499000000002,0.08499999999999999,0.24800000000000003,0.383,-9.225000000000001,1.4127500000000004,2.965,-46506446848.0,15732761600.0,3104066048.0,182727901184.0,63696738000.0,,21790018000.0,,,7056897000.0,,4908343000.0,6340922000.0,,0.0,,,,,0.598,45.97999954223633,28.479999542236328,45.86000061035156,47.199142,1.57692,23.0,,,0.09988,0.38194,False,False,,0.5,32186927.0,33523462.0,1.94,,,,,,0.4903,80.6,,,True,1.378385336840177,,0.5,Asia,True,17.517663043478258,65.36005795129778,,60.37656596263224,57.9205755023472,36.038961038961034,12.449799196787147,4.0625,50.0,,50.0,46.882662161081385,standard,305,195965165,False,36.7,False,36.97654941373534,19.34673366834171,13.735343383584588,50.041876046901166,50.041876046901166,50.041876046901166,6,NEUTRAL,0,UPPTREND,False,2,0.2857142857142857,LÅG,EJ AKTUELL,9.5,0.875,,2026-08-10,0,True
POWL,"Powell Industries, Inc.",Industrials,Electrical Equipment & Parts,United States,USD,7707673150.893311,3.828416999999998,5.47133225,2.3265,0.6015264249999994,6.65877,6.114,8.282,0.08590250075,0.051205005500000005,0.061030023999999974,0.07913745499999994,-0.18875999999999998,-0.0040000000000000036,-0.036000000000000004,0.081,-78.37675,0.6465000000000001,1.78,-1218740432.0,633561024.0,2524000.0,7076636160.0,1108984000.0,,1104318000.0,,,217860000.0,,180747000.0,167937000.0,0.17,0.0686,0.36,1.8,0.09,1787097600.0,1.216,327.8871434238099,77.51934961963393,211.55999755859375,301.25,2.25,4.0,2.74,0.09729999,0.20629999,0.96224,False,False,,0.48,768898.0,962200.0,0.7406305940486472,-10.58,-30.82,17.89,,-0.354778002731439,0.6370030956034475,43.51032591636215,-0.17667671882086167,0.09574894305482262,True,0.33718089856717526,,0.565,US,True,20.957880434782606,63.814497264448015,48.31405627005271,41.00885442126167,37.1362247207993,88.96103896103897,67.3694779116466,7.8125,50.0,18.660287081339714,48.0,46.74779122942746,standard,306,203563030,False,48.4,False,36.97654941373534,91.28978224455612,19.932998324958124,50.041876046901166,50.041876046901166,50.041876046901166,3,SVAG,-8,VARNING,False,2,0.2857142857142857,LÅG,EJ AKTUELL,-0.5,0.875,,2026-08-10,0,True
DASH,"DoorDash, Inc.",Consumer Cyclical,Internet Retail,United States,USD,88955653019.06052,79.696456,5.650051500000004,4.8789,0.5592854250000006,5.929679,5.769,43.102,-0.09756749224999998,-0.043625004500000016,-0.030209993000000022,-0.061007545000000045,0.03269,0.28099999999999997,-0.40299999999999997,-0.298,-47.09675000000001,0.037000000000000144,1.083,3738355968.0,5346999808.0,3304999936.0,91673518080.0,19659000000.0,,13717000000.0,,,725000000.0,,935000000.0,2431000000.0,,0.0,,,,,1.77,285.5,143.3000030517578,216.25999450683594,249.52438,1.63636,41.0,3.71,0.045900002,0.00654,0.93567,False,False,,0.433,4677032.0,4499520.0,0.91,10.5,33.15,,,-3.14,0.5114,63.7,15.92,,True,0.9989332350540768,,0.255,US,True,66.41983695652173,32.27498151838653,70.04099444591378,28.282467441017,28.63681946862918,52.27272727272727,12.449799196787147,89.0625,50.0,38.995215311004785,43.3,46.73335090828126,standard,307,973066170,False,53.4,False,92.96482412060301,27.63819095477387,23.283082077051926,50.041876046901166,50.041876046901166,50.041876046901166,3,SVAG,-8,UPPTREND,False,2,0.2857142857142857,LÅG,EJ AKTUELL,-7.6,0.875,,2026-08-10,0,True
RHM.DE,Rheinmetall AG,Industrials,Aerospace & Defense,Germany,EUR,,21.735221000000003,0.6619647500000028,0.6254,3.591815112500001,4.8451962,5.16,5.030000000000001,0.031899992,0.006229999000000007,-0.048897496999999984,-0.030399999999999996,0.09300996,0.29200000000000004,-0.172,-0.053,-17.907000000000004,-0.17850000000000016,0.353,-261822560.0,255000000.0,2977999872.0,56961204224.0,16772000000.0,,9935000000.0,,,1702000000.0,,696000000.0,2287000000.0,0.99,0.357,11.5,1.29,11.5,1778630400.0,,1988.1273347929937,928.7999877929688,,1692.85,1.55,20.0,,,0.016490001,0.46662998,False,False,,0.5,258564.0,254708.0,1.2110871376621657,,,,,,0.47774144259131907,80.5594188603207,,,True,,,0.43,Europe,True,48.76630434782608,50.89296205285764,,36.11170983251212,32.7539079652235,,67.3694779116466,41.25,50.0,,50.0,46.709014201853826,standard,309,,True,43.7,False,36.97654941373534,50.041876046901166,29.48073701842546,50.041876046901166,50.041876046901166,50.041876046901166,2,SVAG,-8,UPPTREND,False,1,0.14285714285714285,LÅG,EJ AKTUELL,,0.75,SUSPICIOUS_FWD_PE;,2026-08-10,0,True
LYV,"Live Nation Entertainment, Inc.",Communication Services,Entertainment,United States,USD,42086465026.42319,,72.709285,17.898,497.148483275,1.6019187,1.752,12.855500000000001,-0.031747511249999985,-0.0403749965,-0.10987999000000002,-0.11100254500000004,-0.23179,0.033,1.508,0.21,543.5042500000001,-0.27349999999999974,0.681,285886592.0,9071948800.0,11282711552.0,46034063360.0,22912533000.0,,25201406000.0,,,1232689000.0,,495972000.0,1395316000.0,,0.0,,,,,1.116,188.0,125.33999633789062,180.66000366210938,201.95833,1.64,24.0,9.42,0.16,0.32429,0.85379,False,False,,0.746,2387709.0,2543660.0,0.26,-0.13,12.28,,,-1.91,0.3169,57.3,3.73,,False,0.5281026549646666,,0.322,US,True,53.627717391304344,23.124134065646878,58.34687220563973,53.37687484317509,31.312243673342188,67.85714285714286,12.449799196787147,59.375,50.0,8.133971291866029,74.6,46.60366057968391,standard,310,459537625,False,65.5,False,85.00837520938023,72.94807370184255,71.85929648241206,50.041876046901166,50.041876046901166,50.041876046901166,4,NEUTRAL,0,UPPTREND,False,0,0.0,LÅG,EJ AKTUELL,,0.75,,2026-08-10,0,True
FIX,"Comfort Systems USA, Inc.",Industrials,Engineering & Construction,United States,USD,59638551925.423096,6.331082999999996,2.5657052500000006,0.7953,82.72971142499999,5.31158,5.514,9.235000000000005,0.35630250075,0.10538499949999999,0.023900013999999983,-0.04755254500000005,-0.23295,-0.083,0.276,0.382,-33.22175000000001,-0.11050000000000004,1.172,432771328.0,70540000.0,303920992.0,61906104320.0,6441169000.0,,9101641000.0,,,1312615000.0,,1022558000.0,1186356000.0,0.21,0.064,3.6,0.38,0.8,1786579200.0,1.701,2073.1775510595326,654.9585185966841,1694.550048828125,2210.8572,1.22222,7.0,1.62,0.0275,0.01143,0.97823,False,False,,0.395,499164.0,528070.0,0.65,-3.5,-13.17,,,-18.0,0.5894,48.9,-6.2,,True,0.39735455623711624,,1.0,US,True,57.107336956521735,60.69671319434674,11.67019307061624,63.60145656954408,22.823760691630344,61.038961038961034,67.3694779116466,59.68750000000001,50.0,60.28708133971292,39.5,46.57168381624486,standard,311,894841044,False,57.8,False,83.16582914572864,69.59798994974874,26.800670016750416,50.041876046901166,50.041876046901166,50.041876046901166,5,NEUTRAL,0,VARNING,False,3,0.42857142857142855,LÅG,EJ AKTUELL,8.0,0.875,,2026-08-10,0,True
MAA,"Mid-America Apartment Communities, Inc.",Real Estate,REIT - Residential,United States,USD,15658324095.67601,3.872852499999997,11.47972725,7.03,-4.5907094,7.236115,9.677,-6.157,-0.036922498750000005,-0.003695000500000002,-0.06432498800000001,-0.10829254500000002,0.09436,-0.0545,0.09050000000000001,0.126,6.271749999999991,-0.7184999999999999,0.032,-487961792.0,51836000.0,5715268096.0,21470363648.0,11975383000.0,,2209126000.0,,,619438000.0,,446909000.0,1078175000.0,4.58,1.7807001,6.12,3.58,1.53,1784073600.0,0.72,142.7571991322104,117.48296125287948,134.9600067138672,143.4,2.53846,25.0,4.29,0.0394,0.00463,0.97231,False,False,,0.73,1044798.0,1276740.0,0.14,-1.46,3.23,,,-5.82,0.2007,50.4,-1.46,,True,0.7391789803759816,,1.0,US,True,,39.149340391177326,37.3912167353056,54.588215399319424,62.806548758400425,80.84415584415584,29.71887550200803,30.9375,50.0,45.45454545454545,73.0,46.55261874664805,standard,312,172308839,False,56.5,False,74.95812395309883,84.0033500837521,17.33668341708543,50.041876046901166,50.041876046901166,50.041876046901166,4,NEUTRAL,0,VARNING,False,1,0.14285714285714285,LÅG,EJ AKTUELL,6.6,0.875,,2026-08-10,0,True
HNR1.DE,Hannover Rück SE,Financial Services,Insurance - Reinsurance,Germany,EUR,,-4.645714,-2.888918499999999,4.6367,-2.6112406875000005,1.2585568,1.153,-6.927499999999998,0.012990000000000002,0.018259999000000013,-0.15477000000000002,-0.31988747900000003,-0.21420999000000002,-0.3225,0.27849999999999997,0.479,-34.533500000000004,-1.3059999999999998,0.156,2794037536.0,7716299776.0,4143300096.0,28029212672.0,71327100000.0,,24017800000.0,,,,,2641500000.0,5686900000.0,4.95,0.294,12.5,2.66,12.5,1778112000.0,0.123,267.70153536115265,221.8152814172551,,285.2857,2.28571,14.0,,,0.50200003,0.29361,False,False,,0.5,160246.0,125625.0,1.082843143710866,,,,,,0.20254808204958957,46.24276309522549,,,False,,,0.666,Europe,True,,32.65978305294855,,50.65501805478312,63.24481945882848,,67.3694779116466,96.5625,50.0,,50.0,46.539693655354874,standard,313,,True,50.9,False,36.97654941373534,50.041876046901166,77.47068676716918,50.041876046901166,50.041876046901166,50.041876046901166,5,NEUTRAL,0,UPPTREND,False,2,0.2857142857142857,LÅG,EJ AKTUELL,-1.5,0.875,SUSPICIOUS_FWD_PE;,2026-08-10,0,True
MUV2.DE,Münchener Rückversicherungs-Gesellschaft Aktiengesellschaft in München,Financial Services,Insurance - Reinsurance,Germany,EUR,,-5.429504,-3.7209014999999983,2.0309,-2.9114998875000007,1.0569302,1.119,,-0.005640010000000001,-0.00047000099999998726,-0.1632,-0.264387475,-0.07620998000000001,-0.1545,0.4065,0.563,-40.6725,-1.2169999999999999,0.229,,5600000000.0,7518000128.0,68657328128.0,279934000000.0,,62312000000.0,,,,,6118000000.0,4906000000.0,4.59,0.383,24.0,3.61,24.0,1777507200.0,0.327,549.9394704809173,437.3999938964844,,552.1294,2.82353,17.0,,,0.0,0.50178003,False,False,,0.5,344034.0,309481.0,1.6970072885292742,,,,,,0.2127175734985182,55.852844004111205,,,False,,,0.736,Europe,True,,31.97786880854566,,57.50577539284219,59.01209316288881,,67.3694779116466,,50.0,,50.0,46.537196351695776,standard,314,,True,51.5,False,36.97654941373534,50.041876046901166,81.74204355108877,50.041876046901166,50.041876046901166,50.041876046901166,3,SVAG,-8,UPPTREND,False,1,0.14285714285714285,LÅG,EJ AKTUELL,-6.2,0.875,SUSPICIOUS_FWD_PE;,2026-08-10,0,True
CLX,Clorox Company (The),Consumer Defensive,Household & Personal Products,United States,USD,,-7.680830250000005,-5.390790500000001,2.3693,132.6867861,,2.725,-3.171499999999998,1.4293125037499999,0.0207750035,9.001199999997267e-05,0.04778743499999996,-0.06173000000000001,-0.058499999999999996,-0.553,-0.509,2071.4582499999997,-0.31049999999999967,0.337,,143000000.0,5520000000.0,18315145216.0,5561000000.0,,7104000000.0,,,1177000000.0,,810000000.0,981000000.0,4.73,1.0312,5.0,3.41,1.24,1786492800.0,0.541,127.29537489083685,84.69999694824219,105.1500015258789,101.70588,3.21053,17.0,4.64,0.1112,0.00722,0.88121,False,False,,0.636,2561267.0,2938970.0,0.7705210940562709,12.98,14.16,-9.47,,-0.17396840524605772,0.30275220198712394,67.76264066512202,0.09225647150313998,0.024576044663317642,True,0.9330937148298944,,0.709,US,True,,64.05602323029919,58.23466060850263,22.348109550081404,40.6053140313379,,29.71887550200803,,50.0,15.789473684210526,63.6,46.48959404290163,standard,315,309032700,False,46.8,False,36.97654941373534,50.041876046901166,50.041876046901166,50.041876046901166,50.041876046901166,50.041876046901166,1,SVAG,-8,UPPTREND,False,1,0.14285714285714285,LÅG,EJ AKTUELL,,0.875,SUSPICIOUS_FWD_PE;,2026-08-10,0,True
BEN,"Franklin Resources, Inc.",Financial Services,Asset Management,United States,USD,17157757483.279152,0.6875979999999977,-7.874722,0.4003,-6.548317375000001,1.8401517,2.222,-3.0664999999999987,-0.09894750125,-0.0006050004999999994,-0.17604248900000005,-0.24408001000000001,-0.11248999999999998,0.04849999999999999,0.8654999999999999,0.858,-46.75925,3.8360000000000003,1.114,-4400006656.0,2670299904.0,3572100096.0,20722057216.0,32368300000.0,,8770700000.0,,,1099800000.0,,524900000.0,1066100000.0,3.88,0.8912,1.32,4.8,0.33,1782691200.0,1.574,36.279998779296875,20.320359803040333,33.77000045776367,35.09091,2.81818,11.0,4.22,0.0513,0.49778998,0.53011,False,False,,0.706,4543680.0,5883010.0,0.7110185190760332,0.27,11.76,28.6,,-0.0691840795475861,0.2826243325679725,59.50617132781506,0.030233059025776443,0.25505690338044906,True,0.601318791586893,,1.0,US,True,,24.705050750639593,77.75649813741983,81.98643896587805,56.06238507549184,80.51948051948052,67.3694779116466,5.625,50.0,33.73205741626794,70.6,46.47962501896328,holding,316,198669250,False,54.5,False,36.97654941373534,82.99832495812394,68.42546063651591,50.041876046901166,50.041876046901166,50.041876046901166,5,NEUTRAL,0,UPPTREND,False,3,0.42857142857142855,LÅG,EJ AKTUELL,3.4,0.875,SUSPICIOUS_FWD_PE;,2026-08-10,0,True
6383.T,"Daifuku Co., Ltd.",Industrials,Specialty Industrial Machinery,Japan,JPY,2270976101536.0,-3.5292587500000003,11.001358749999998,4.5744,0.5684028000000003,3.373515,3.091,-0.18349999999999866,,,-0.0008400000000000074,-0.04308252500000005,-0.09000001000000002,-0.015,0.044,0.156,-13.882,0.43799999999999983,2.361,,251888992256.0,61326000128.0,2080793821184.0,754211000000.0,,660724000000.0,,,101443000000.0,,78096000000.0,116129000000.0,1.46,0.3852,90.0,1.37,50.0,1798502400.0,1.039,7813.124613782289,3865.2549265318476,6176.0,7540.0,1.66667,15.0,,,0.06667,0.60851,False,False,,0.5,1792540.0,2292790.0,0.98,,,,,,0.4657,44.6,,,True,0.43912929291214825,,0.98,Japan,True,,42.288557213930346,,55.98895627216589,44.084170874198065,15.584415584415584,67.3694779116466,,50.0,,50.0,46.46120611726596,standard,317,89017443,False,39.2,False,36.97654941373534,8.291457286432161,41.45728643216081,50.041876046901166,50.041876046901166,50.041876046901166,3,SVAG,-8,UPPTREND,False,1,0.14285714285714285,LÅG,EJ AKTUELL,-5.9,0.75,,2026-08-10,0,True
TXT,TXT,Unknown,Unknown,Unknown,USD,,,,,,,,,,,,,,,,,,,,,,,,18129000000.0,,14799000000.0,,,1001000000.0,,921000000.0,1312000000.0,,,,,,,,101.52614824798137,75.73140431373872,90.91000366210938,,,,,,,,False,False,,0.296,,,0.19,-1.77,-1.86,,,-11.34,0.2918,47.1,-1.44,,True,0.4944123326339471,,0.917,US,True,,,24.470094835077646,80.42168674698796,61.016949152542374,,12.449799196787147,,50.0,,29.599999999999998,46.459696680526456,standard,318,,True,44.6,False,28.17195325542571,50.04173622704508,50.04173622704508,50.04173622704508,50.04173622704508,50.04173622704508,1,SVAG,-8,VARNING,False,2,0.2857142857142857,LÅG,EJ AKTUELL,0.0,0.0,EXTREME_GROWTH;EXTREME_EARNINGS_GROWTH;MISSING_CRITICAL;,2026-08-10,0,True
0083.HK,Sino Land Company Limited,Real Estate,Real Estate - Development,Hong Kong,HKD,97682775284.42505,-1.5747444999999978,-1.3260912499999984,0.34,-1.1634669449999997,10.267266,5.157,-2.2149999999999994,-0.024385003500000002,-0.006689999999999998,0.10430127150000001,-0.0845549995,0.09210496999999998,0.28049999999999997,-0.2495,-0.158,-45.60399999999999,6.066749999999999,5.673,-44642018816.0,53209001984.0,5155999744.0,49059000320.0,183613000000.0,,8183000000.0,,,2647000000.0,,4019000000.0,3839000000.0,5.69,1.4146,0.58,6.12,0.15,1773273600.0,0.566,13.279999732971191,8.604995867075111,10.1899995803833,13.15,1.6,10.0,,,0.60333,0.11717,False,False,,0.5,8861157.0,5877985.0,1.1582361636498664,0.0,-22.04,-12.3,,-0.23268073906026743,0.22989931193815438,33.112599093568576,-0.058660546846808215,-0.08423125408369758,False,-0.09715787122610824,,0.5,Asia,True,,50.39770337780607,33.926466470679344,37.39360030375217,84.29488531051523,49.02597402597403,29.71887550200803,,50.0,,50.0,46.35905489310152,standard,319,7634816,False,37.3,False,36.97654941373534,25.963149078726964,10.636515912897822,50.041876046901166,50.041876046901166,50.041876046901166,4,NEUTRAL,0,NEDTREND,True,1,0.14285714285714285,LÅG,EJ AKTUELL,-1.3,0.875,SUSPICIOUS_FWD_PE;,2026-08-10,0,True
BWXT,"BWX Technologies, Inc.",Industrials,Aerospace & Defense,United States,USD,15566573842.783813,7.257935999999997,6.733538249999999,1.67,6.833791425000001,4.429911,4.832,13.955000000000005,0.08627250074999998,-0.009665000500000005,-0.002769986000000016,-0.022472545000000052,-0.26873999,0.087,0.028999999999999984,0.136,72.68925,1.0724999999999998,2.257,-1263519808.0,608203008.0,2019896960.0,16977967104.0,4271495000.0,,3198425000.0,,,324576000.0,,328945000.0,479848000.0,0.64,0.2694,1.06,1.13,0.27,1787011200.0,0.76,241.49667915308143,156.7697381258554,169.89999389648438,235.16214,1.8125,14.0,2.86,0.041300002,0.00364,0.95059997,False,False,,0.607,982279.0,1001540.0,0.6912558087108889,-9.14,-18.94,-9.1,,-0.2964706823616937,0.4388629626320028,50.29824256133635,-0.08166434105488174,-0.13418556438516027,True,0.4054316811766934,,1.0,US,True,24.31929347826087,44.591201583370776,37.43090824112874,64.6986469685605,53.98936307453401,81.16883116883116,67.3694779116466,18.4375,50.0,43.54066985645933,60.699999999999996,46.29901064004358,standard,320,170161640,False,49.2,False,36.97654941373534,84.08710217755444,32.077051926298154,50.041876046901166,50.041876046901166,50.041876046901166,2,SVAG,-8,NEDTREND,True,2,0.2857142857142857,LÅG,EJ AKTUELL,-5.9,0.875,,2026-08-10,0,True
PGR,The Progressive Corporation,Financial Services,Insurance - Property & Casualty,United States,USD,125186784298.6235,-11.643641000000002,-5.365209,60.4041,-4.361941775,1.3753917,1.444,-6.049499999999999,0.17161249875000006,0.0514049995,-0.13472248900000006,-0.19179002000000003,-0.30435000000000006,-0.021500000000000005,-0.15150000000000002,0.043,-47.13625000000001,-1.3569999999999998,0.234,13705356032.0,2156000000.0,8386999808.0,131417784320.0,123039000000.0,,87637000000.0,,,,,11308000000.0,17548000000.0,6.45,0.6974,13.9,1.97,0.1,1782950400.0,0.257,239.3800048828125,187.78087006708716,215.3300018310547,229.77856,2.68,21.0,2.49,0.0166,0.00248,0.89905,False,False,,0.462,3241250.0,2224960.0,0.4,-8.6,8.89,,,-8.6,0.2864,63.0,0.91,,False,0.5641630184842605,,0.619,US,True,,42.18472021698044,39.976039344592635,35.06558762713759,51.54498870146767,43.83116883116883,67.3694779116466,97.1875,50.0,80.86124401913875,46.2,46.281603052638005,standard,321,479100641,False,61.7,False,97.52931323283082,23.53433835845896,75.37688442211056,50.041876046901166,50.041876046901166,50.041876046901166,4,NEUTRAL,0,UPPTREND,False,1,0.14285714285714285,LÅG,EJ AKTUELL,2.1,0.875,SUSPICIOUS_FWD_PE;,2026-08-10,0,True
VRT,Vertiv Holdings Co,Industrials,Electrical Equipment & Parts,United States,USD,104870775975.41867,26.186224000000003,4.286071249999999,1.2949,15.047016424999999,9.135403,9.155,17.557000000000002,0.24281250075,0.0438849995,0.04703002399999999,0.07721745499999993,-0.10916998,0.148,0.41800000000000004,0.535,-8.544750000000004,0.05449999999999999,0.947,1287393536.0,3110599936.0,3338200064.0,105098379264.0,12212400000.0,,10229900000.0,,,1896200000.0,,1332800000.0,2113800000.0,0.09,0.0509,0.25,0.08,0.063,1781481600.0,2.077,379.8559491193527,118.56938474437207,272.3999938964844,338.15384,1.39286,26.0,1.72,0.0292,0.00269,0.86076,False,False,,0.259,6464875.0,9004280.0,0.43,-14.57,-19.86,,,-27.58,0.7529,44.0,-9.41,,True,0.42612756061573975,,1.0,US,True,56.213315217391305,67.08979127425013,5.1454011914207625,83.04578148292285,23.285991109474224,46.42857142857143,33.93574297188755,66.5625,50.0,58.3732057416268,25.900000000000002,46.22392997948599,standard,322,2452765817,False,49.1,False,83.8358458961474,25.041876046901173,12.646566164154105,50.041876046901166,50.041876046901166,50.041876046901166,5,NEUTRAL,0,VARNING,False,2,0.2857142857142857,LÅG,EJ AKTUELL,8.5,0.875,,2026-08-10,0,True
BNP.PA,BNP PARIBAS ACT.A,Financial Services,Banks - Regional,France,EUR,,-5.574532999999999,-5.096894499999999,1.2042,-3.8669224275000005,2.4390264,,,,,-0.0042100200000000365,-0.024337474999999997,-0.43729,0.0295,0.3025,0.334,,,,,1143160045568.0,653543014400.0,,2792981000000.0,,68804000000.0,,,,,12225000000.0,46571000000.0,8.84,0.4464,9.95,6.92,2.57,1779062400.0,1.043,113.62000274658203,63.2448373359118,,116.74474,1.73684,19.0,,,0.11287,0.46963,False,False,,0.5,1914459.0,1656589.0,0.78205411781401,,,,,,0.2794212331702592,77.67394417386792,,,True,,,0.532,Europe,True,,32.94243070362473,,60.348456767160286,51.57404987680131,,67.3694779116466,,50.0,,50.0,46.13162460913707,standard,323,,True,48.3,False,36.97654941373534,50.041876046901166,60.050251256281406,50.041876046901166,50.041876046901166,50.041876046901166,2,SVAG,-8,UPPTREND,False,2,0.2857142857142857,LÅG,EJ AKTUELL,-11.2,0.625,SUSPICIOUS_FWD_PE;,2026-08-10,0,True
TROW,"T. Rowe Price Group, Inc.",Financial Services,Asset Management,United States,USD,24322272500.912857,-11.040539000000003,-7.488151,3.1659,-5.7350818750000006,3.2036715,2.991,-6.922499999999999,0.016182488750000015,0.0796049995,0.029407510999999942,-0.08699002,0.026580000000000048,0.012499999999999997,0.08449999999999996,0.251,-67.86225,2.389,4.039,614768384.0,3234299904.0,450600000.0,22708873216.0,14341800000.0,,7314800000.0,,,2477400000.0,,2087100000.0,1753400000.0,4.58,0.5161,5.2,4.24,1.3,1789430400.0,1.483,122.0,84.2095526998167,114.0199966430664,109.83333,3.38462,12.0,11.13,0.1447,0.017029999,0.90446,False,False,,0.332,2159822.0,2453990.0,0.15,0.55,10.41,,,-6.08,0.2389,43.8,1.68,,False,0.2583632866795347,,0.729,US,True,,57.694560054126725,45.557675596025234,56.6582412414832,60.437065182530965,78.24675324675324,67.3694779116466,83.4375,50.0,11.24401913875598,33.2,46.11457142685588,holding,324,279803932,False,64.2,False,92.71356783919597,79.89949748743719,43.132328308207704,50.041876046901166,50.041876046901166,50.041876046901166,5,NEUTRAL,0,UPPTREND,False,2,0.2857142857142857,LÅG,EJ AKTUELL,7.6,0.875,SUSPICIOUS_FWD_PE;,2026-08-10,0,True
GIVN.SW,Givaudan SA,Basic Materials,Specialty Chemicals,Switzerland,CHF,,11.919549750000002,8.461361499999999,4.7878,2.1210499625,4.1987724,4.824,6.611500000000003,0.03763998600000003,0.015259999000000017,0.008942489000000026,-0.019249989999999995,0.0,-0.122,-0.518,-0.198,59.678999999999995,-0.2805,0.743,-315337504.0,316000000.0,4912000000.0,35729305600.0,11864000000.0,,7472000000.0,,,1375000000.0,,1071000000.0,1512000000.0,2.13,0.7011,72.0,1.95,72.0,1774224000.0,0.657,3547.0,2566.0,,3493.83,2.25,20.0,,,0.17141001,0.37013,False,False,,0.5,20725.0,16479.0,0.6607797235721636,,,,,,0.24312604947071711,47.25609756097561,,,True,,,0.5,Europe,True,43.966032608695656,54.59924076272189,,14.456191116315042,57.729183755275855,,67.3694779116466,37.1875,50.0,,50.0,46.11422532038882,standard,325,,True,44.3,False,36.97654941373534,50.041876046901166,33.835845896147404,50.041876046901166,50.041876046901166,50.041876046901166,3,SVAG,-8,UPPTREND,False,1,0.14285714285714285,LÅG,EJ AKTUELL,-11.3,0.875,,2026-08-10,0,True
KPN.AS,KPN KON,Communication Services,Telecom Services,Netherlands,EUR,,0.0,-1.227211500000001,2.227,0.9368204625000001,2.659569,3.8,-5.6434999999999995,0.02628998000000002,0.015340003000000012,0.02677249900000002,0.007230000000000014,0.09204996999999998,-0.056,-0.054,-0.005,150.597,-0.32649999999999985,0.627,-126462560.0,419000000.0,7265999872.0,22143526912.0,12696000000.0,,5797000000.0,,,1435000000.0,,855000000.0,2308000000.0,4.64,0.8273,0.19,4.44,0.08,1784851200.0,0.248,4.705573437478838,3.5962928716623423,,4.564,2.42857,20.0,,,0.00133,0.74603,False,False,,0.5,10426753.0,11556603.0,1.101908770969215,,,,,,0.1790460219193454,34.5834762040368,,,False,,,0.053,Europe,True,,59.123726415359215,,20.98557578363078,61.42863771013714,,67.3694779116466,39.375,50.0,,50.0,46.099470298269466,standard,326,,True,47.8,False,36.97654941373534,50.041876046901166,57.11892797319933,50.041876046901166,50.041876046901166,50.041876046901166,2,SVAG,-8,UPPTREND,False,2,0.2857142857142857,LÅG,EJ AKTUELL,-0.8,0.875,SUSPICIOUS_FWD_PE;,2026-08-10,0,True
KNIN.SW,Kuehne + Nagel International AG,Industrials,Integrated Freight & Logistics,Switzerland,CHF,,-1.236303999999997,0.851257750000002,2.4497,5.154291112500001,0.97863287,1.122,-0.597999999999999,0.219759992,0.00017999900000000707,-0.07789749699999998,-0.11397000300000001,-0.07658000000000004,-0.017,0.0020000000000000018,0.117,126.71499999999999,-0.20550000000000018,0.935,-593212512.0,617000000.0,4084000000.0,27163451392.0,11927000000.0,,24476000000.0,,,1237000000.0,,882000000.0,1781000000.0,3.0,0.8253,6.0,4.18,6.0,1778198400.0,0.639,213.6999969482422,142.4033839338917,,197.5,3.11111,18.0,,,0.60231996,0.18152,False,False,,0.5,208844.0,210964.0,1.1492803572966328,,,,,,0.28470157468480506,30.07814758455359,,,False,,,0.443,Europe,True,,44.58117120082757,,34.540464136640445,49.779170586327254,,67.3694779116466,31.874999999999996,50.0,,50.0,46.03372036596434,standard,327,,True,51.7,False,36.97654941373534,50.041876046901166,82.99832495812394,50.041876046901166,50.041876046901166,50.041876046901166,3,SVAG,-8,UPPTREND,False,1,0.14285714285714285,LÅG,EJ AKTUELL,-9.5,0.875,SUSPICIOUS_FWD_PE;,2026-08-10,0,True
TM,Toyota Motor Corporation,Consumer Cyclical,Auto Manufacturers,Japan,USD,225086562255.99707,-22.787593,-10.217675499999997,1.56,6.832199425000001,0.004332168,0.676,-14.464999999999998,-0.06239749624999999,-0.049955003500000005,0.0031700069999999747,-0.02099754500000002,-0.32189000000000006,0.028999999999999998,0.766,0.756,34.60125,-0.16199999999999992,0.953,-3601371616512.0,13350560858112.0,43953168580608.0,35124332724224.0,105522331000000.0,,50684952000000.0,,,3766216000000.0,,3848098000000.0,5472920000000.0,3.34,0.2638,6.27,2.78,3.457,1774915200.0,0.335,248.89999389648438,166.10000610351562,190.08999633789062,231.57802,1.5,4.0,1.67,0.0007,0.0,0.02172,False,False,,0.382,512751.0,487960.0,0.44,7.77,2.46,,,-24.15,0.2771,60.4,5.41,,True,0.8081408246327094,,0.838,US,True,,30.402544794103978,20.72108663618846,73.07136001814344,63.8236135347925,33.116883116883116,67.3694779116466,13.4375,50.0,94.01913875598086,38.2,45.89446866644441,standard,328,92756315,False,49.1,False,36.97654941373534,17.922948073701843,97.52931323283082,50.041876046901166,50.041876046901166,50.041876046901166,2,SVAG,-8,UPPTREND,False,3,0.42857142857142855,LÅG,EJ AKTUELL,-1.0,0.875,SUSPICIOUS_FWD_PE;,2026-08-10,0,True
BAJAJFINSV.NS,Bajaj Finserv Ltd.,Financial Services,Financial Conglomerates,India,INR,3214731669129.875,-2.202621999999998,-4.551236500000005,,-3.8502015999999992,2.050725,4.699,-21.611000000000004,,,-0.21489249900000001,0.0030775250000000254,0.09169002000000004,0.0985,-0.07450000000000001,0.123,221.37224999999998,,,,90790502400.0,3614400839680.0,7365813338112.0,7584975400000.0,,1371476300000.0,,,,,98009700000.0,-553014100000.0,0.06,0.020599999,1.3,0.04,1.5,1782777600.0,0.374,2193.128599829014,1595.6384533474438,2008.9000244140625,2362.2144,1.71429,14.0,,,0.63866,0.15083,False,False,,0.5,1258160.0,1911045.0,0.49,5.93,16.25,,,-3.98,0.276,64.2,9.54,,True,0.6868751706504235,,0.838,India,True,,41.36460554371002,56.728819536277875,54.1022572462646,56.10078871409417,13.96103896103896,25.200803212851408,,50.0,,50.0,45.771549252240426,standard,329,40288575,False,42.6,False,36.97654941373534,7.118927973199329,64.90787269681742,50.041876046901166,50.041876046901166,50.041876046901166,1,SVAG,-8,UPPTREND,False,0,0.0,LÅG,EJ AKTUELL,-6.3,0.75,SUSPICIOUS_FWD_PE;,2026-08-10,0,True
TTWO,"Take-Two Interactive Software, Inc.",Communication Services,Electronic Gaming & Multimedia,United States,USD,46090679199.5,,3.539508999999997,3.355,4.114878275000001,6.924266,6.63,39.139500000000005,-0.31409750624999994,-0.06673499650000002,-0.15980999000000004,-0.15468254500000003,0.08714999999999995,0.0,,,7.550250000000003,0.11050000000000026,1.1,38643456.0,1989299968.0,2958299904.0,44130930688.0,9383200000.0,,6656400000.0,,,-108600000.0,,-298200000.0,624300000.0,,0.0,,,0.001,,0.983,265.94000244140625,187.6300048828125,246.5,284.13965,1.17241,29.0,2.59,0.045900002,0.0178,0.96629,False,False,,0.782,2607740.0,2449870.0,2.0224240163803406,0.16,10.29,27.56,,-0.07309920381642998,0.31948926181598863,56.09006099810909,0.04765580102619804,0.07521183072084447,False,0.7897984200913453,,0.325,US,True,39.17934782608695,21.883071145598997,75.86112551949054,26.11533088877248,58.976037468478424,66.55844155844156,12.449799196787147,48.75,50.0,38.995215311004785,78.2,45.734924300103714,standard,330,603892955,False,56.5,False,81.15577889447236,72.44556113902848,18.76046901172529,50.041876046901166,50.041876046901166,50.041876046901166,3,SVAG,-8,UPPTREND,False,1,0.14285714285714285,LÅG,EJ AKTUELL,-2.9,0.75,EXTREME_EARNINGS_GROWTH;,2026-08-10,0,True
ARQQ,Arqit Quantum Inc.,Technology,Software - Infrastructure,United Kingdom,USD,398515205.26150703,,-46.94321875,,2.3830839999999998,366.95694,325.059,-29.7365,-2.39540749625,-1.0274650005000001,-0.10828498600000001,-49.44928254050001,0.007679980000000031,8.135,,,-47.36950000000001,3.2225,4.609,-1428846940.0,28860000.0,2172000.0,353013568.0,42851000.0,,530000.0,,,-35171000.0,,-35343000.0,-29553000.0,,0.0,,,,,2.268,62.0,11.520000457763672,22.899999618530273,,,,2.24,0.2579,0.69262004,0.25476998,False,False,,0.493,859964.0,322160.0,0.42,23.87,48.81,,,-24.9,1.2549,64.0,14.64,,True,1.0794908086028538,,0.5,US,True,,15.482955558681988,50.99809826072719,64.82211454513707,32.07718726187358,99.02597402597402,12.449799196787147,,50.0,12.870813397129186,49.3,45.70620862720418,standard,331,7377464,False,46.8,False,36.97654941373534,97.52931323283082,2.554438860971524,50.041876046901166,50.041876046901166,50.041876046901166,3,SVAG,-8,UPPTREND,False,1,0.14285714285714285,LÅG,EJ AKTUELL,-0.7,0.75,EXTREME_EARNINGS_GROWTH;SUSPICIOUS_FWD_PE;,2026-08-10,0,True
MDGL,"Madrigal Pharmaceuticals, Inc.",Healthcare,Biotechnology,United States,USD,11784028622.462952,,30.269329499999998,,13.390228225000001,9.178021,8.796,-54.8885,-0.70005997325,-0.2465700015,-0.36599999400000005,-0.3323925550000001,0.42520995,0.625,,,3.8377500000000007,1.3765,2.755,-1489610312.0,838753024.0,347751008.0,11293026304.0,1259589000.0,,958403000.0,,,-300097000.0,,-288284000.0,-189553000.0,,0.0,,,,,-1.003,615.0,339.30999755859375,510.0400085449219,678.0625,1.29412,16.0,4.8,0.105,0.05874,1.06442,False,False,,0.28,362704.0,502710.0,0.9081999346618752,-8.92,-4.64,10.06,,-0.17066665277248472,0.4446162050539273,43.060438574198734,-0.009442942309168534,0.002220939708944547,False,0.32669978883003636,,0.491,US,True,,21.325511486525762,52.544854821224476,56.3855421686747,75.21589352548699,84.74025974025975,12.449799196787147,10.3125,50.0,17.703349282296653,28.000000000000004,45.67398517141786,standard,332,256402213,False,46.7,False,36.97654941373534,87.26968174204355,12.479061976549414,50.041876046901166,50.041876046901166,50.041876046901166,3,SVAG,-8,VARNING,False,1,0.14285714285714285,LÅG,EJ AKTUELL,-9.0,0.75,EXTREME_EARNINGS_GROWTH;,2026-08-10,0,True
TLS.AX,TELSTRA FPO [TLS],Communication Services,Telecom Services,Australia,AUD,,-0.5114292500000008,1.519346999999999,3.06,0.11672398749999968,,3.292,-7.548000000000002,0.008874994999999997,0.014740000999999992,-0.014008748499999987,-0.0684337725,0.21786003,-0.057999999999999996,0.058,0.094,-38.7,-0.20099999999999996,0.433,609374976.0,1436000000.0,18752000000.0,76263604224.0,44968000000.0,,22717000000.0,,,3312000000.0,,2172000000.0,,4.22,0.9596,0.21,3.78,0.105,1771977600.0,0.129,5.579999923706055,4.610899991776986,4.980000019073486,5.18857,2.85714,14.0,,,0.00465,0.30543,False,False,,0.5,24846300.0,25998045.0,0.8,0.4,-5.66,4.55,,-9.91,0.1663,52.1,-0.74,,True,0.466793096505857,,0.5,Australia,True,,53.52468310350265,29.700749427564052,36.35923822707843,77.57055715182331,,67.3694779116466,61.5625,50.0,,50.0,45.59816105388439,standard,333,91414430,False,46.8,False,36.97654941373534,50.041876046901166,50.041876046901166,50.041876046901166,50.041876046901166,50.041876046901166,3,SVAG,-8,VARNING,False,2,0.2857142857142857,LÅG,EJ AKTUELL,-18.3,0.875,SUSPICIOUS_FWD_PE;,2026-08-10,0,True
ANTO.L,Antofagasta plc,Basic Materials,Copper,United Kingdom,GBp,,21.92341575,11.932096499999998,0.92,0.9555604874999999,4.552852,5.343,-1.6955,-0.04779498650000001,0.0275100015,0.003494998000000006,0.18382001500000006,0.022235010000000027,0.21300000000000002,0.09899999999999998,0.417,-8.83449999999999,1.2994999999999997,2.595,-879062484.0,4909899776.0,7659400192.0,46056755200.0,26418400000.0,,8620300000.0,,,3402600000.0,,1328900000.0,3071600000.0,1.2,0.2982,0.48,3.28,0.355766,1776297600.0,1.4,55365.4048538208,25884.172318263718,,3820.8916,2.90476,21.0,,,0.65474,0.22715001,False,False,,0.5,1314231.0,1033994.0,0.05,7.36,-5.72,11.11,,-9.02,0.5951,66.5,5.37,,True,,,0.5,UK,True,,58.97139937116225,34.84364009961674,62.04227444033427,37.86616258822082,,67.3694779116466,32.5,50.0,,50.0,45.59573911480925,commodity,334,,True,44.0,False,36.97654941373534,50.041876046901166,31.239530988274705,50.041876046901166,50.041876046901166,50.041876046901166,5,NEUTRAL,0,UPPTREND,False,2,0.2857142857142857,LÅG,EJ AKTUELL,10.7,0.875,,2026-08-10,0,True
WIHL.ST,Wihlborgs Fastigheter AB (publ),Real Estate,Real Estate Services,Sweden,SEK,,-16.1245945,-13.429731250000005,1.97,-4.923950484999999,5.3034463,12.91,-2.8790000000000013,-0.05497499950000001,-0.004639999999999998,0.198352498,0.269845015,0.2801349999999999,0.003500000000000003,-0.3805,-0.334,56.830500000000015,-0.29150000000000004,0.447,476626624.0,828000000.0,35970998272.0,59644932096.0,65897000000.0,,4354000000.0,,,3020000000.0,,2220000000.0,2181000000.0,4.19,0.4641,3.3,3.42,3.3,1776902400.0,1.187,95.49613044344466,73.55000305175781,,94.14286,1.71429,7.0,,,0.11685,0.51657003,False,False,,0.5,441934.0,366105.0,0.11,0.19,-6.06,,,-14.21,0.2376,66.5,0.94,,True,,,0.0,Nordic,True,,67.58861043915593,17.191534111661063,15.550602852900367,49.4767895408779,,67.3694779116466,61.875,50.0,,50.0,45.581982124426546,standard,335,,True,43.3,False,36.97654941373534,50.041876046901166,26.884422110552762,50.041876046901166,50.041876046901166,50.041876046901166,5,NEUTRAL,0,UPPTREND,False,2,0.2857142857142857,LÅG,EJ AKTUELL,5.2,0.875,SUSPICIOUS_FWD_PE;,2026-08-10,0,True
WBC.AX,Westpac Banking Corporation,Financial Services,Banks - Diversified,Australia,AUD,129527436713.85703,-3.6551512499999976,-1.519346999999999,1.25,-1.4010964625000002,5.8170133,11.461,,-0.009924994999999992,-0.0031800009999999983,0.05478876849999996,0.07487876249999993,-0.27156,-0.0795,-0.14750000000000002,0.056,,,,,132742995968.0,258104000512.0,255198429184.0,1077544000000.0,,21587000000.0,,,,,6990000000.0,-19767000000.0,4.06,0.7541,1.54,5.01,0.77,1778198400.0,0.733,42.47209761283912,32.49423519756915,37.93000030517578,33.75826,3.85714,14.0,,,0.00093999994,0.34162,False,False,,0.5,4913625.0,4441765.0,1.73,-3.25,0.37,-9.58,,-15.22,0.2304,46.0,-1.44,,True,0.6579964932545684,,0.5,Australia,True,,49.82216521796012,23.357020764719767,26.203005691032825,72.68862465467035,42.857142857142854,67.3694779116466,,50.0,,50.0,45.55909755471915,standard,336,118955121,False,38.8,False,36.97654941373534,23.115577889447238,23.869346733668344,50.041876046901166,50.041876046901166,50.041876046901166,0,SVAG,-8,VARNING,False,2,0.2857142857142857,LÅG,EJ AKTUELL,-20.5,0.75,SUSPICIOUS_FWD_PE;,2026-08-10,0,True
EG,"Everest Group, Ltd.",Financial Services,Insurance - Reinsurance,Bermuda,USD,14376991213.004333,-14.617830000000001,-12.3461935,0.97,-7.067951615,0.8545017,0.853,,-0.05209750125,-0.002095000500000001,-0.14945248900000005,-0.18255002000000004,-0.33675000000000005,-0.20750000000000002,-0.3165,-0.178,-48.30425,-1.262,0.241,655480960.0,3620000000.0,3588999936.0,14345991168.0,62514000000.0,,17218000000.0,,,,,1591000000.0,3068000000.0,2.16,0.1691,8.0,2.12,2.0,1781222400.0,0.279,401.07000732421875,298.7757447658431,374.9599914550781,406.46667,2.4375,15.0,3.67,0.0482,0.0083,1.06448,False,False,,0.717,412233.0,391710.0,0.7673454246764086,1.07,7.24,16.47,,-0.06510089359046412,0.2444306963212728,47.22642868694591,0.049475871547796535,0.11722817074873104,False,0.42452482897216787,,0.378,US,True,,24.435150139300752,66.39775334372405,10.716651309608615,56.35754254890711,82.14285714285714,67.3694779116466,90.625,50.0,36.84210526315789,71.7,45.55301598203597,standard,337,146875578,False,72.5,True,97.52931323283082,84.67336683417085,86.01340033500837,50.041876046901166,50.041876046901166,50.041876046901166,4,NEUTRAL,0,UPPTREND,False,2,0.2857142857142857,LÅG,EJ AKTUELL,4.6,0.875,SUSPICIOUS_FWD_PE;,2026-08-10,0,True
SECT-B.ST,Sectra AB (publ),Healthcare,Medical Devices,Sweden,SEK,,64.73804100000001,60.290268999999995,,16.588011800000004,14.132091,13.657,50.1185,0.07082749600000003,0.03805499899999999,0.012877492000000011,-0.070674985,-0.059645000000000004,0.04400000000000001,0.05400000000000002,0.2,-54.80050000000001,-0.19049999999999995,1.569,-95031488.0,1810310016.0,76484000.0,49788268544.0,4473711000.0,,3546534000.0,,,716635000.0,,563778000.0,1097318000.0,0.49,0.3754,1.3,0.52,2.3,1788912000.0,0.882,359.67520508101035,173.3000030517578,,336.66666,1.66667,3.0,,,0.27826,0.47359002,False,False,,0.5,134310.0,82113.0,0.04,-6.91,3.01,,,-14.44,0.3863,48.0,-5.35,,False,,,0.838,Nordic,True,33.774456521739125,55.30823051394442,25.986448533393784,58.438480281919006,43.233216911316674,,67.3694779116466,43.125,50.0,,50.0,45.51560665039696,standard,338,,True,40.4,False,36.97654941373534,50.041876046901166,7.370184254606365,50.041876046901166,50.041876046901166,50.041876046901166,4,NEUTRAL,0,VARNING,False,1,0.14285714285714285,LÅG,EJ AKTUELL,11.2,0.875,,2026-08-10,0,True
BLK,"BlackRock, Inc.",Financial Services,Asset Management,United States,USD,175991879503.60266,4.582194999999999,-0.8759000000000015,1.2171,-4.893882475,6.763483,6.762,2.0285,,,-0.02232247900000006,-0.023080020000000034,-0.01804,0.2115,-0.004500000000000004,0.202,-47.92925,,,,13144999936.0,14965000192.0,184588451840.0,169998000000.0,,24216000000.0,,,7909000000.0,,5553000000.0,3927000000.0,2.03,0.5243,22.92,2.35,5.73,1788825600.0,1.425,1200.5442226097864,912.2493207582107,1136.3900146484375,1313.5,,16.0,2.3,0.0138,0.01904,0.83517,False,False,,0.568,781908.0,728940.0,0.7337163079913769,11.45,7.03,8.95,,-0.05343760500707606,0.269903816589999,69.20636042322278,0.09366600682838855,0.0875215802838698,True,0.8741132453324406,,0.927,US,True,,43.994314143567884,62.20307304807884,66.69266429471097,44.21292839543045,37.98701298701299,67.3694779116466,,50.0,86.60287081339713,56.8,45.50484285753778,holding,339,828360137,False,37.7,False,36.97654941373534,20.35175879396985,19.34673366834171,50.041876046901166,50.041876046901166,50.041876046901166,1,SVAG,-8,UPPTREND,False,3,0.42857142857142855,LÅG,EJ AKTUELL,-4.5,0.75,SUSPICIOUS_FWD_PE;,2026-08-10,0,True
WN.TO,George Weston Limited,Consumer Defensive,Grocery Stores,Canada,CAD,37873135689.986465,7.6126202499999955,-0.23613050000000158,1.347,5.1198806,0.57655215,0.987,-8.566499999999998,0.006785002500000012,-0.0013099999999999987,-0.044134989500000006,0.0,-0.07996000000000003,0.0025000000000000022,-0.525,-0.466,69.24550000000002,-0.6527499999999999,0.191,5418927072.0,1294000000.0,19861000192.0,64809136128.0,52167000000.0,,64511000000.0,,,5100000000.0,,1142000000.0,6262000000.0,1.26,0.5107,1.29,1.48,0.322,1789430400.0,0.508,107.94000244140625,81.99840118981479,101.20999908447266,110.85714,2.14286,7.0,7.18,,0.5999,0.14688,False,False,,0.5,323538.0,233760.0,0.24,-1.14,6.5,,,-6.91,0.2238,34.5,-2.32,,False,0.1960592775416871,,0.343,Canada,True,,45.07006470347994,39.65598670041939,16.463448995490175,56.30365970839679,70.12987012987013,67.3694779116466,96.25,50.0,,50.0,45.461435604565686,standard,341,16968628,False,71.8,True,97.52931323283082,74.37185929648241,91.62479061976549,50.041876046901166,50.041876046901166,50.041876046901166,5,NEUTRAL,0,VARNING,False,1,0.14285714285714285,LÅG,EJ AKTUELL,-2.7,0.875,SUSPICIOUS_FWD_PE;,2026-08-10,0,True
WEGE3.SA,WEG S.A.,Industrials,Electrical Equipment & Parts,Brazil,BRL,,8.984179874999997,7.534397749999997,1.15,7.17158372,5.031209,4.99,11.010500000000002,0.05394999200000003,0.019399996999999992,0.0,0.0,0.02481,-0.099,-0.133,-0.021,-63.485499999999995,0.015000000000000013,0.954,408633856.0,8801141760.0,5834735104.0,200266907648.0,42645030000.0,,40804110000.0,,,7859202000.0,,6376219000.0,6451033000.0,0.86,1.232,0.42,1.28,0.104424,1782086400.0,-0.054,54.28539070044376,33.770877218568515,,54.9875,1.93333,16.0,,,0.65172,0.13012,False,False,,0.5,7775653.0,7550950.0,0.21,7.19,10.11,,,-11.54,0.3209,70.4,5.11,,True,,,0.492,LatAm,True,50.06385869565217,57.10726893885412,37.53636604072996,19.48509335767121,67.34875518840752,,29.71887550200803,52.1875,50.0,,50.0,45.37444189574694,standard,343,,True,43.5,False,36.97654941373534,50.041876046901166,28.475711892797317,50.041876046901166,50.041876046901166,50.041876046901166,4,NEUTRAL,0,UPPTREND,False,1,0.14285714285714285,LÅG,EJ AKTUELL,5.6,0.875,,2026-08-10,0,True
RKLB,Rocket Lab Corporation,Industrials,Aerospace & Defense,United States,USD,47947594014.188,,9917.92131825,,11.469070425000002,76.1557,68.709,-304.956,-0.33210749925,-0.13078500050000003,-0.372569986,-0.3499625450000001,-0.124,0.542,,,-72.58675,3.1504999999999996,3.874,-1624143440.0,1383351040.0,138670000.0,46693269504.0,2324478000.0,,601799000.0,,,-228838000.0,,-198209000.0,-165521000.0,,0.0,,,,,2.629,151.0,37.56999969482422,82.83000183105469,111.3125,1.61111,16.0,1.71,0.0797,0.0083099995,0.59024,False,False,,0.722,25560996.0,18184630.0,1.2706787966205706,0.34,5.41,24.89,,-0.4514569415161941,0.9667975959915142,68.60439910181461,-0.08522441777424117,0.06219954239384862,True,1.0230828135208458,,0.838,US,True,,10.96556204973121,64.94928097529812,81.9713637157325,31.867383742725398,64.6103896103896,12.449799196787147,26.25,50.0,21.052631578947366,72.2,45.25606727230249,standard,344,1506232936,False,42.9,False,36.97654941373534,71.69179229480737,2.554438860971524,50.041876046901166,50.041876046901166,50.041876046901166,2,SVAG,-8,VARNING,False,2,0.2857142857142857,LÅG,EJ AKTUELL,-0.9,0.75,EXTREME_EARNINGS_GROWTH;,2026-08-10,0,True
WOW.AX,WOOLWORTHS FPO [WOW],Consumer Defensive,Grocery Stores,Australia,AUD,,52.62799950000001,5.971683499999998,2.16,6.177501812500001,,0.928,0.0,-0.019624989999999995,-0.016880000999999995,-0.07569874650000001,-0.14564377149999996,0.0017399999999999916,-0.004499999999999997,-0.545,-0.494,161.37799999999993,-0.07500000000000007,0.179,-1019000064.0,1288999936.0,17198000128.0,65233985536.0,33829000000.0,,69077000000.0,,,-1041000000.0,,963000000.0,,2.23,1.7248,0.9,2.85,0.45,1772582400.0,0.264,40.92499923706055,25.198903077337572,40.279998779296875,36.78524,3.26667,15.0,,,0.00524,0.33039,False,False,,0.5,2155554.0,2072272.0,1.0386161657170287,-0.4,20.24,28.88,29.54,-0.0157605490479662,0.2641075426329271,63.01365138489129,0.03744910506952204,0.1942289607832568,False,0.7835534372739555,,0.5,Australia,True,,33.36759204496112,85.68013236414497,20.17643253802064,57.8779810636362,,29.71887550200803,33.75,50.0,,50.0,45.14148835836136,standard,345,58936037,False,46.8,False,36.97654941373534,50.041876046901166,50.041876046901166,50.041876046901166,50.041876046901166,50.041876046901166,1,SVAG,-8,UPPTREND,False,1,0.14285714285714285,LÅG,EJ AKTUELL,-7.0,1.0,,2026-08-10,0,True
BBD,Banco Bradesco S.A.,Financial Services,Banks - Regional,Brazil,USD,18835256428.9886,-14.418729000000003,-12.609371,1.8495,-6.981187775,0.3935337,3.11,,-0.04018750124999999,-0.016334999500000003,-0.002472509000000067,-0.08882002,-0.48956000000000005,-0.023500000000000007,,0.177,,,,,136716984320.0,389651890176.0,290034548736.0,2330327216000.0,,117814239000.0,,,,,23672706000.0,,6.81,0.727,0.23,5.06,0.004,1785888000.0,,4.198794207319385,2.722063428944147,3.369999885559082,4.42,2.16667,5.0,0.5,0.0032,7e-05,0.24507,False,False,,0.828,31299488.0,27894030.0,1.2178642056690838,-3.05,-7.82,-12.18,,-0.19738865036908437,0.34376683100181227,35.31971630635361,-0.023949355644689585,-0.04406341338014785,False,-0.09612074563028503,,0.333,US,True,,27.931672590951468,39.33816759832513,31.87637506547931,45.97457627118644,80.1948051948052,67.3694779116466,,50.0,92.34449760765551,92.8,44.983251399016176,standard,347,94002878,False,58.3,False,36.97654941373534,82.1608040201005,94.9748743718593,50.041876046901166,50.041876046901166,50.041876046901166,0,SVAG,-8,NEDTREND,True,1,0.14285714285714285,LÅG,EJ AKTUELL,-9.4,0.625,EXTREME_EARNINGS_GROWTH;SUSPICIOUS_FWD_PE;,2026-08-10,0,True
2454.TW,MediaTek Inc.,Technology,Semiconductors,Taiwan,TWD,6224766670200.0,32.189202,11.53586275,1.6385,9.477629125,10.48615,10.212,37.5005,0.10642001000000001,0.02223,0.01260125350000002,-0.016204995000000014,0.08207498999999999,-0.152,-0.402,-0.126,-1.2622499999999963,-0.5642499999999997,0.89,5202776064.0,198402932736.0,27005014016.0,6061847216128.0,743784805000.0,,595965682000.0,,,103469109000.0,,105319255000.0,162792872000.0,1.37,0.8603,53.5,6.26,24.500216,1783382400.0,1.96,4940.480971598757,1101.92757445756,3900.0,5553.231,1.36,26.0,,,0.08096,0.44116002,False,False,,0.5,10264946.0,9663768.0,0.6792481185731994,-0.64,1.12,121.03,,-0.21060317357361535,0.6020171107777446,62.173913043478265,-0.028201845966072336,0.6525326122892219,True,0.7305870079122567,,0.702,Asia,True,39.12364130434783,61.13017172154541,71.45911191058502,22.421752254351034,14.047974046710914,10.38961038961039,67.3694779116466,48.4375,50.0,,50.0,44.949208151779466,standard,349,1168714154,False,44.1,False,78.47571189279732,2.554438860971524,10.385259631490786,50.041876046901166,50.041876046901166,50.041876046901166,5,NEUTRAL,0,VARNING,False,3,0.42857142857142855,LÅG,EJ AKTUELL,7.0,0.875,,2026-08-10,0,True
GS,"Goldman Sachs Group, Inc. (The)",Financial Services,Capital Markets,United States,USD,302704703205.6738,-6.384305000000001,-4.558281000000001,1.4943,-5.171420475000001,4.479868,1.027,,-0.008797501249999992,-0.016264999500000002,0.04717751099999995,0.047899959999999964,0.33119994999999997,0.3305,0.7215,0.78,653.8167499999998,-0.08699999999999986,1.407,,1156854054912.0,897484980224.0,69400846336.0,1809320000000.0,,58283000000.0,,,,,17176000000.0,-45154000000.0,1.94,0.2625,20.0,2.2,4.5,1788220800.0,1.288,1153.989990234375,691.6271777869798,1039.6099853515625,1141.65,2.6,20.0,2.84,0.0215,0.00543,0.75778,False,False,,0.479,2187456.0,2095890.0,0.68,-1.48,11.5,,,-9.76,0.3652,47.3,-1.39,,False,0.3766310336929362,,1.0,US,True,,58.33628143714483,41.48845732421506,89.28221548314639,28.478291547973278,28.8961038961039,67.3694779116466,,50.0,71.5311004784689,47.9,44.94339040966791,holding,350,2178908172,False,39.0,False,36.97654941373534,16.164154103852596,31.825795644891127,50.041876046901166,50.041876046901166,50.041876046901166,2,SVAG,-8,VARNING,False,2,0.2857142857142857,LÅG,EJ AKTUELL,-0.0,0.875,SUSPICIOUS_FWD_PE;,2026-08-10,0,True
ALLY,Ally Financial Inc.,Financial Services,Credit Services,United States,USD,13299610949.297516,-12.082348000000003,-11.805218,0.4769,-7.023216305,1.6839213,3.847,,-0.08100750125,-0.019515000900000003,-0.07911248900000002,-0.12116004000000002,-0.48956000000000005,0.0155,-0.0665,0.165,,,,,7840000000.0,23082999808.0,30387449856.0,196002000000.0,,8770000000.0,,,,,852000000.0,3729000000.0,2.72,0.2824,1.2,3.2,0.3,1785456000.0,1.08,46.96371326279068,35.431078677871085,43.720001220703125,53.7,1.66667,17.0,4.47,0.0433,0.10303,0.87567,False,False,,0.717,3175972.0,2744560.0,0.9794392637624283,-2.41,0.53,5.21,,-0.06906847471657529,0.3007098958659314,41.743832132259435,-0.011364470706701102,0.04341675299601655,True,0.36621846290629034,,0.794,US,True,,18.752245605200564,55.854283728667845,49.35258405366184,47.0278317031285,83.44155844155844,67.3694779116466,,50.0,41.62679425837321,71.7,44.93349753521258,standard,351,119992167,False,55.2,False,36.97654941373534,85.84589614740369,70.60301507537689,50.041876046901166,50.041876046901166,50.041876046901166,1,SVAG,-8,VARNING,False,1,0.14285714285714285,LÅG,EJ AKTUELL,-1.6,0.75,SUSPICIOUS_FWD_PE;,2026-08-10,0,True
2382.TW,Quanta Computer Inc.,Technology,Computer Hardware,Taiwan,TWD,1221656483200.0,-14.393676999999997,-6.2323492499999995,1.02,0.3392735250000001,0.49919796,0.566,-2.0405,0.23620000000000002,-0.01641,-0.11885874649999997,-0.138024994,-0.320075007,0.502,-0.21600000000000003,0.087,216.71075000000002,-0.6322499999999998,0.669,-148981346304.0,268589678592.0,492037177344.0,1384059633664.0,1343111743000.0,,2123689447000.0,,,87396109000.0,,74987700000.0,-10364961000.0,5.23,0.6771,15.6,4.94,15.6,1784160000.0,0.674,420.06615288823633,242.16141303850586,298.0,390.94736,1.61111,19.0,,,0.31611001,0.34627998,False,False,,0.5,32252149.0,27431205.0,0.6567791725663402,-16.81,-9.54,8.08,,-0.2905879277560206,0.3887146137533527,41.66666666666667,-0.13469105921799085,0.0040322112177750835,False,0.2711271400368333,,0.949,Asia,True,,33.74664610506541,48.149302393948425,59.119587099936574,34.64239148111325,18.506493506493506,67.3694779116466,12.812499999999998,50.0,,50.0,44.82596075555112,standard,353,253488552,False,47.3,False,36.97654941373534,10.636515912897822,93.21608040201005,50.041876046901166,50.041876046901166,50.041876046901166,1,SVAG,-8,VARNING,False,1,0.14285714285714285,LÅG,EJ AKTUELL,-1.0,0.875,SUSPICIOUS_FWD_PE;,2026-08-10,0,True
W,Wayfair Inc.,Consumer Cyclical,Internet Retail,United States,USD,12364551518.613052,,5.578192500000004,23.5,,1.1314938,1.315,27.211999999999996,,-0.01999500350000001,-0.10800999300000001,-0.06950754500000003,-0.18608998,0.0,,,,-0.588,0.585,-937519072.0,1143000064.0,3516000000.0,16973796352.0,3440000000.0,,12457000000.0,,,93000000.0,,-313000000.0,534000000.0,,0.0,,,,,2.983,119.9800033569336,55.599998474121094,106.5999984741211,120.03704,2.0625,27.0,4.55,0.1807,0.03862,1.08086,False,False,,0.563,3936761.0,5239700.0,0.8017657096223756,18.06,61.03,20.6,,-0.11151862400776702,0.7249509852978597,62.76422463334971,0.23162952994156916,0.2126693085245217,True,0.888547398686146,,0.838,US,True,21.94565217391304,26.125020318012755,85.32013556359755,55.88440719399337,9.848010786445682,84.0909090909091,12.449799196787147,22.5,50.0,6.698564593301436,56.3,44.66407134714288,standard,355,558552012,False,56.8,False,36.97654941373534,86.59966499162479,79.98324958123953,50.041876046901166,50.041876046901166,50.041876046901166,1,SVAG,-8,UPPTREND,False,1,0.14285714285714285,LÅG,EJ AKTUELL,4.6,0.375,EXTREME_EARNINGS_GROWTH;MISSING_CRITICAL;,2026-08-10,0,True
BARC.L,BARC.L,Financial Services,Banks - Diversified,United Kingdom,GBp,,-1.521053000000002,-2.6151862,1.2967,-2.956377562500001,2.4713876,2.883,,-0.1165349825,-0.020629998799999993,-0.025047501000000034,-0.03041746999999998,-0.47701499,0.0615,0.2445,0.309,,,,,771663003648.0,782348976128.0,81124081664.0,1544165000000.0,,29140000000.0,,,,,7172000000.0,18739000000.0,2.21,0.17809999,0.12,3.27,0.059,1785974400.0,0.878,6950.085501881603,4474.7849128340185,,576.235,1.70588,17.0,,,0.0027200002,0.48364,False,False,,0.5,45592167.0,50830388.0,0.6164196835677985,,,,,,0.30533167244670356,47.68136484463177,,,False,,,0.909,UK,True,,24.816494386613048,,69.28979068728249,54.66475024266408,,67.3694779116466,,50.0,,50.0,44.491827714029846,standard,356,,True,48.2,False,36.97654941373534,50.041876046901166,59.71524288107203,50.041876046901166,50.041876046901166,50.041876046901166,1,SVAG,-8,UPPTREND,False,2,0.2857142857142857,LÅG,EJ AKTUELL,-5.7,0.75,SUSPICIOUS_FWD_PE;,2026-08-10,0,True
VTR,"Ventas, Inc.",Real Estate,REIT - Healthcare Facilities,United States,USD,47888672389.31761,131.46828950000003,84.64589025,1.72,-4.203047,7.460471,9.53,2.1940000000000026,-0.08730249875,-0.0132950005,-0.20512498800000004,-0.21377255500000003,-0.08985998,0.1525,-0.1135,0.034,-11.177250000000008,-0.47150000000000003,0.261,77709440.0,198956000.0,12918999040.0,61170950144.0,27591945000.0,,5833980000.0,,,857524000.0,,251381000.0,1646726000.0,2.17,3.6364002,2.0,3.31,0.52,1782777600.0,0.731,101.5999984741211,64.72177628418035,93.36000061035156,100.63636,1.6087,22.0,5.88,0.0553,0.00504,1.01539,False,False,,0.806,3957969.0,3943350.0,0.2,-0.43,5.14,,,-8.82,0.2476,36.1,2.63,,False,0.3730111682634091,,0.671,US,True,60.816576086956516,22.750422258009245,35.266243498192715,47.222827349411055,53.87192669023735,64.93506493506493,29.71887550200803,50.31250000000001,50.0,30.62200956937799,90.60000000000001,44.45332097353581,standard,357,368151158,False,56.1,False,81.32328308207704,71.77554438860972,16.582914572864322,50.041876046901166,50.041876046901166,50.041876046901166,3,SVAG,-8,UPPTREND,False,1,0.14285714285714285,LÅG,EJ AKTUELL,1.4,0.875,,2026-08-10,0,True
0101.HK,Hang Lung Properties Limited,Real Estate,Real Estate Services,Hong Kong,HKD,38164610541.36185,-4.201131499999999,-9.425197249999997,0.4242,-1.4619671249999997,3.4391828,8.61,-1.3619999999999997,-0.0318750025,-0.0011199999999999995,-0.13908874849999997,0.08665502050000001,0.20758499,0.1655,-0.2595,-0.169,-12.077000000000002,0.5327500000000002,0.579,,6504999936.0,54442999808.0,95543451648.0,222912000000.0,,9950000000.0,,,5890000000.0,,1806000000.0,5864000000.0,7.09,1.5758001,0.52,7.24,0.12,1786492800.0,0.754,9.856513080827808,6.849999904632568,7.335000038146973,9.82167,1.64286,12.0,,,0.66769,0.12819,False,False,,0.5,8823641.0,10966462.0,1.1724166646138874,3.46,-21.38,-18.02,,-0.25582201555492323,0.28511633268641867,43.051771754416784,-0.017282953841931792,-0.12751857930369226,True,0.2809154653113478,,0.5,Asia,True,,49.533122041177535,32.07754958185395,34.91357208200186,63.460999075768065,69.8051948051948,29.71887550200803,,50.0,,50.0,44.42760506124628,standard,358,10253275,False,49.0,False,36.97654941373534,74.28810720268007,40.53601340033501,50.041876046901166,50.041876046901166,50.041876046901166,4,NEUTRAL,0,NEDTREND,True,1,0.14285714285714285,LÅG,EJ AKTUELL,-8.6,0.875,SUSPICIOUS_FWD_PE;,2026-08-10,0,True
LGEN.L,LGEN.L,Financial Services,Asset Management,United Kingdom,GBp,,27.278949999999995,1.7107605000000001,1.53,4.1814001375,1.460959,2.514,15.736499999999998,0.05268501749999998,-0.024029998499999997,-0.12344749100000002,-0.32637748000000005,-0.21832499000000002,0.058499999999999996,4.8694999999999995,4.873,920.1909999999999,-0.5820000000000001,0.293,6775750080.0,14517000192.0,26563999744.0,29725120512.0,582268000000.0,,42039000000.0,,,,,592000000.0,4548000000.0,7.02,2.6323998,0.22,8.04,0.0624,1787184000.0,0.796,4014.915313720703,2705.002194722523,,272.662,3.15385,13.0,,,0.01969,0.42008,False,False,,0.5,20207564.0,17177222.0,1.1710851454840296,,,,,,0.21932920220648647,62.019060430514784,,,False,,,0.5,UK,True,79.77853260869566,25.965353367994233,,71.7493620115872,40.851118667736294,,29.71887550200803,99.0625,50.0,,50.0,44.3848006280422,holding,359,,True,50.4,False,36.97654941373534,50.041876046901166,74.03685092127303,50.041876046901166,50.041876046901166,50.041876046901166,2,SVAG,-8,UPPTREND,False,2,0.2857142857142857,LÅG,EJ AKTUELL,,0.875,SUSPICIOUS_FWD_PE;,2026-08-10,0,True
PRY.MI,PRYSMIAN,Industrials,Electrical Equipment & Parts,Italy,EUR,,-2.5814519999999987,-0.12350624999999837,0.62,,1.6943547,1.895,-3.8999999999999986,0.0006899920000000143,0.003109999000000009,-0.048467496999999984,-0.09019000000000002,-0.059850000000000014,0.133,0.017,0.179,5.438999999999993,0.06549999999999984,0.765,-204087520.0,1332000000.0,5482999808.0,41194409984.0,20190000000.0,,19650000000.0,,,1467000000.0,,1270000000.0,2162000000.0,0.72,0.1867,0.9,1.35,0.9,1776643200.0,0.939,157.25,72.20184751310795,,152.5294,1.77778,17.0,,,0.0,0.5007,False,False,,0.5,1220704.0,1793422.0,0.11,-3.34,-17.56,25.83,,-17.85,0.4627,47.9,-5.79,,True,,,0.06,Europe,True,,41.57324175012798,34.25403503433949,44.62250956996646,54.96099851530285,,67.3694779116466,40.9375,50.0,,50.0,44.33885449287281,standard,360,,True,49.8,False,36.97654941373534,50.041876046901166,70.18425460636516,50.041876046901166,50.041876046901166,50.041876046901166,4,NEUTRAL,0,VARNING,False,1,0.14285714285714285,LÅG,EJ AKTUELL,9.7,0.75,SUSPICIOUS_FWD_PE;,2026-08-10,0,True
KOTAKBANK.NS,Kotak Mahindra Bank Limited,Financial Services,Banks - Regional,India,INR,3886581179212.5,-15.899916,-10.567743500000006,0.94,-5.8276641,5.451309,5.993,,,,0.00506750099999996,-0.05153244499999998,-0.42308998,0.11549999999999999,0.023499999999999993,0.225,,,,,729322225664.0,1115291254784.0,4272550051840.0,10033527910000.0,,757885305000.0,,,,,192878925000.0,417265124000.0,0.16,0.024500001,0.65,0.09,0.65,1784246400.0,0.275,452.4189269358333,344.9045390549985,390.75,462.52777,1.69444,36.0,,,0.30534,0.47299,False,False,,0.5,15699016.0,10928274.0,1.12,2.48,2.87,,,-8.48,0.2403,60.1,0.9,,True,0.6319522105895128,,0.196,India,True,,34.39943141435679,32.877734537348395,47.048547745244974,84.54836481744195,13.311688311688311,67.3694779116466,,50.0,,50.0,44.322510326964874,standard,361,44812919,False,36.6,False,36.97654941373534,6.197654941373535,25.879396984924625,50.041876046901166,50.041876046901166,50.041876046901166,2,SVAG,-8,UPPTREND,False,2,0.2857142857142857,LÅG,EJ AKTUELL,-11.5,0.625,SUSPICIOUS_FWD_PE;,2026-08-10,0,True
8316.T,"Sumitomo Mitsui Financial Group, Inc.",Financial Services,Banks - Diversified,Japan,JPY,25852989323870.0,-2.12326075,-3.6054435,2.1293,-1.2781045000000006,5.4820333,-6.207,,-0.083240012,-0.03635,-0.0019525030000000498,-0.03382002000000006,-0.33928,0.1535,0.14849999999999997,0.33,,,,,114327583457280.0,59157176647680.0,-29269610725376.0,328511145000000.0,,5791563000000.0,,,,,1582973000000.0,-10283139000000.0,1.99,0.3812,135.0,3.73,45.0,1790640000.0,0.39,7260.0,3645.933062182311,6782.0,7132.5,1.75,12.0,,,0.04359,0.42148,False,False,,0.5,13883146.0,13980920.0,0.78,-2.71,13.28,,,-8.11,0.3692,40.5,0.36,,False,0.36512209231459974,,0.838,Japan,True,,28.340565862915675,46.94682686616038,69.57337535848097,61.66420891510491,5.194805194805195,67.3694779116466,,50.0,,50.0,44.31735382795159,standard,362,596069754,False,36.0,False,36.97654941373534,2.554438860971524,25.628140703517587,50.041876046901166,50.041876046901166,50.041876046901166,3,SVAG,-8,UPPTREND,False,3,0.42857142857142855,LÅG,EJ AKTUELL,5.2,0.75,SUSPICIOUS_FWD_PE;,2026-08-10,0,True
6871.T,"Micronics Japan Co., Ltd.",Technology,Semiconductor Equipment & Materials,Japan,JPY,531457565880.0,9.15716925,30.91611075,,1.3748602749999996,6.902584,6.745,1.0699999999999976,0.057889993,0.038159995999999995,0.06678498999999999,-0.006072530500000048,0.12942998,0.094,0.7339999999999999,1.014,1.4372499999999988,-0.95,1.092,,13397000192.0,1300999936.0,519361560576.0,99026000000.0,,70173000000.0,,,16542000000.0,,12063000000.0,12903000000.0,0.69,0.3049,95.0,2.47,95.0,1766966400.0,1.632,18180.0,4190.132899571132,13710.0,12400.0,,2.0,,,0.18466,0.4041,False,False,,0.5,1276042.0,1392460.0,0.84,-16.83,-4.21,,,-21.3,0.9392,46.0,-8.11,,True,0.32986649818369895,,0.5,Japan,True,,65.81911072440488,14.438420171030591,68.97322895022585,28.844060217186126,22.07792207792208,67.3694779116466,,50.0,,50.0,44.256363477522584,standard,363,120011740,False,36.5,False,36.97654941373534,12.814070351758794,18.84422110552764,50.041876046901166,50.041876046901166,50.041876046901166,5,NEUTRAL,0,VARNING,False,3,0.42857142857142855,LÅG,EJ AKTUELL,7.9,0.875,,2026-08-10,0,True
CBK.DE,Commerzbank AG,Financial Services,Banks - Regional,Germany,EUR,,2.6711729999999996,-3.4567074999999985,0.9847,-3.228774887500001,3.556318,-3.963,,-0.10746001,-0.017470000999999985,-0.008110000000000006,0.022362525000000022,-0.43729,-0.004500000000000004,0.7865,0.942,,,,,102639001600.0,345000000.0,-46974468096.0,590092000000.0,,12934000000.0,,,,,2625000000.0,-6727000000.0,2.86,0.29950002,1.1,2.92,1.1,1779321600.0,,39.869998931884766,28.151023097298392,,40.14615,2.23077,13.0,,,0.42490003,0.33071,False,False,,0.5,2897731.0,2744614.0,1.1489370709216327,,,,,,0.3655628382581764,58.523919364809714,,,True,,,0.504,Europe,True,,30.68018104772195,,64.35678314577186,42.3728813559322,,67.3694779116466,,50.0,,50.0,44.24534598275414,standard,364,,True,45.2,False,36.97654941373534,50.041876046901166,39.27973199329983,50.041876046901166,50.041876046901166,50.041876046901166,2,SVAG,-8,UPPTREND,False,2,0.2857142857142857,LÅG,EJ AKTUELL,-3.2,0.625,SUSPICIOUS_FWD_PE;,2026-08-10,0,True
KOG.OL,Kongsberg Gruppen ASA,Industrials,Aerospace & Defense,Norway,NOK,,23.814609,5.311483749999994,2.4447,14.118418000000005,7.6472774,7.617,20.958,0.08958999999999999,-0.011140000000000008,0.07257749999999999,-0.04507498499999999,0.12074500000000005,0.20299999999999999,-0.128,-0.015,-50.457,-0.41650000000000015,0.678,1229501632.0,4858999808.0,3153999872.0,272123953152.0,82527000000.0,,31562000000.0,,,4697000000.0,,7953000000.0,12732000000.0,0.71,0.3673,2.2,1.08,5.7,1776124800.0,0.22,421.0506055892801,225.31630734764482,,387.77777,,9.0,,,0.5417,0.30586,False,False,,0.5,1567323.0,1118316.0,0.75,4.17,5.16,,,-25.29,0.4755,82.6,4.1,,True,,,0.371,Nordic,True,46.982336956521735,56.94626984051099,23.988362866966412,36.19293957993593,48.4628357401148,,67.3694779116466,55.93749999999999,50.0,,50.0,44.23325419824778,standard,365,,True,41.6,False,36.97654941373534,50.041876046901166,15.829145728643216,50.041876046901166,50.041876046901166,50.041876046901166,3,SVAG,-8,UPPTREND,False,1,0.14285714285714285,LÅG,EJ AKTUELL,1.8,0.875,,2026-08-10,0,True
WELL,Welltower Inc.,Real Estate,REIT - Healthcare Facilities,United States,USD,170717919526.71326,70.99615949999999,42.669970250000006,3.66,-3.6597562,13.375777,14.868,33.306000000000004,-0.06906249874999999,-0.0267350005,-0.12455499800000003,-0.19624252500000003,-0.09395998,0.3265,0.3095,0.474,-54.730250000000005,0.5505,0.946,1347020288.0,1965164032.0,19720804352.0,189763764224.0,67303047000.0,,10667136000.0,,,355168000.0,,936845000.0,2881677000.0,1.44,1.3274001,3.4,2.43,0.74,1786492800.0,0.763,255.1999969482422,159.52024134821784,236.9199981689453,255.59091,1.72727,22.0,5.3,0.0301,0.00059999997,1.01275,False,False,,0.628,3550708.0,3552760.0,0.19,0.1,9.65,,,-6.86,0.2568,35.1,3.74,,False,0.36676919499207256,,0.46,US,True,47.70652173913044,22.04160704060309,43.42451606402942,64.17260486003475,67.1874949626329,38.63636363636363,29.71887550200803,60.0,50.0,56.9377990430622,62.8,44.11747268138383,standard,366,841719893,False,46.9,False,80.4857621440536,20.68676716917923,8.040201005025125,50.041876046901166,50.041876046901166,50.041876046901166,4,NEUTRAL,0,UPPTREND,False,2,0.2857142857142857,LÅG,EJ AKTUELL,5.5,0.875,,2026-08-10,0,True
CMG,"Chipotle Mexican Grill, Inc.",Consumer Cyclical,Restaurants,United States,USD,41493057378.52478,0.02246900000000096,1.6987065000000037,1.8204,10.098137425,3.3398151,3.721,-0.4139999999999979,0.30916251375,0.05740499649999999,0.031120010999999975,0.061452454999999975,-0.09594002000000001,0.018000000000000002,-0.11599999999999999,-0.075,165.97725,-0.616,0.592,-292679680.0,677857024.0,5419195904.0,46234394624.0,,,,,,,,,,,0.0,,,,,0.937,44.27000045776367,28.040000915527344,32.790000915527344,44.04839,1.64706,31.0,2.57,0.045300003,0.00721,0.93311,False,False,,0.5,19853806.0,22474890.0,0.9154336210949972,-5.23,-1.44,-14.72,,-0.25931780943144467,0.4124915633454146,48.93882551562133,-0.0055258409978228284,-0.056449012255024966,False,0.2908692653666843,,0.5,US,True,,66.58837686737904,40.719620498437905,31.300300873775644,30.104293580418535,68.5064935064935,12.449799196787147,39.0625,50.0,39.952153110047846,50.0,44.04199256187903,standard,368,736951664,False,59.0,False,77.05192629815745,73.36683417085426,41.62479061976549,50.041876046901166,50.041876046901166,50.041876046901166,3,SVAG,-8,NEDTREND,True,1,0.14285714285714285,LÅG,EJ AKTUELL,-8.7,0.875,SUSPICIOUS_FWD_PE;,2026-08-10,0,True
AXISBANK.NS,AXIS BANK LIMITED,Financial Services,Banks - Regional,India,INR,3852222123092.0,-21.062022999999996,-16.074725500000003,0.54,-6.2469510999999995,4.9976053,6.946,,-0.021240010000000004,-0.002149999999999999,0.08070750100000001,0.092677505,-0.42308998,0.04550000000000001,0.016499999999999987,0.222,,,,,1355972476928.0,2852579704832.0,5353767960576.0,19460502900000.0,,880673100000.0,,,,,263848500000.0,-86367100000.0,0.08,0.0,1.0,1.03,1.0,1783641600.0,0.416,1417.2070248903838,1041.6966606316682,1238.0,1584.425,1.3,40.0,,,0.02831,0.70418,False,False,,0.5,7125169.0,6171587.0,0.62,-5.46,-0.51,,,-11.03,0.2667,46.4,-4.15,,True,0.34336338606838057,,0.489,India,True,,49.18199490937976,26.353572373143912,44.96922884900505,75.24499738669454,13.636363636363635,33.734939759036145,,50.0,,50.0,44.034623484376425,standard,369,80180761,False,37.1,False,36.97654941373534,6.365159128978225,28.894472361809044,50.041876046901166,50.041876046901166,50.041876046901166,2,SVAG,-8,VARNING,False,1,0.14285714285714285,LÅG,EJ AKTUELL,-9.0,0.75,SUSPICIOUS_FWD_PE;,2026-08-10,0,True
STT,State Street Corporation,Financial Services,Asset Management,United States,USD,50731919948.22418,-6.128051000000003,-6.532663000000001,0.7836,-5.885825775000001,3.37695,,,-0.05344750125,-0.018295,-0.033162489000000045,-0.09569002000000004,-0.48956000000000005,-0.1225,-0.4425,-0.237,,,,,,,,366047000000.0,,13965000000.0,,,,,2945000000.0,11898000000.0,1.99,0.29659998,3.68,2.99,0.84,1790812800.0,1.418,192.50999450683594,102.75720915362297,184.67999267578125,199.5,2.0625,14.0,0.01,0.0001,0.00356,0.96408,False,False,,0.73,2264883.0,1742770.0,0.5519151464318166,2.51,24.75,45.16,,-0.04067322245327187,0.2465909861187678,53.67130992338066,0.06203505855334002,0.31553625854091716,False,0.5983481471011347,,0.917,US,True,,24.094576991495348,89.25901673326494,26.742548656681045,48.14081983125513,63.63636363636363,67.3694779116466,,50.0,97.36842105263158,73.0,43.97298875261234,holding,370,321854751,False,48.6,False,36.97654941373534,71.10552763819096,41.20603015075377,50.041876046901166,50.041876046901166,50.041876046901166,0,SVAG,-8,UPPTREND,False,2,0.2857142857142857,LÅG,EJ AKTUELL,-6.4,0.75,SUSPICIOUS_FWD_PE;,2026-08-10,0,True
HOOD,"Robinhood Markets, Inc.",Financial Services,Capital Markets,United States,USD,73757895253.7036,17.768672,10.691263,2.3404,0.8384578250000003,17.006365,16.82,,0.05837248874999999,0.0182949995,0.1568975309999999,0.06496997999999998,0.42934,0.2285,0.27449999999999997,0.453,168.71474999999998,-0.5339999999999997,1.066,,23904999424.0,22925000704.0,82956386304.0,38137000000.0,,4473000000.0,,,2094000000.0,,1883000000.0,1638000000.0,,0.0,,,,,2.321,153.86000061035156,63.51499938964844,93.29000091552734,119.81538,1.67857,26.0,1.28,0.048699997,0.00713,0.7469,False,False,,0.483,26581745.0,19885700.0,0.35,-14.07,16.86,,,-19.69,0.7053,32.8,-4.19,,False,0.3593297364798737,,0.838,US,True,,75.2065713954859,40.69218271810179,75.56192948276845,14.770098006072091,57.14285714285714,12.449799196787147,,50.0,36.36363636363637,48.3,43.92377906291584,holding,372,1855136971,False,37.2,False,36.97654941373534,30.73701842546064,5.778894472361809,50.041876046901166,50.041876046901166,50.041876046901166,3,SVAG,-8,VARNING,False,2,0.2857142857142857,LÅG,EJ AKTUELL,-0.8,0.875,,2026-08-10,0,True
011070.KS,"LG Innotek Co., Ltd.",Technology,Electronic Components,South Korea,KRW,13062807864000.0,,-4.873642249999999,19.3886,,0.5818986,0.618,-9.1725,-0.04758,-0.008810000000000005,-0.12858874649999996,-0.11311499500000001,-0.29455501400000006,-0.053000000000000005,1.4009999999999998,1.677,28.622750000000003,-0.23524999999999974,0.985,226786947072.0,1374028038144.0,2196819017728.0,13884163358720.0,11930883000000.0,,21896603000000.0,,,665007000000.0,,341262000000.0,1331402000000.0,0.34,0.091800004,1880.0,0.89,1880.0,1774828800.0,2.289,1788000.0,154985.5148310069,552000.0,1069807.8,1.76923,26.0,,,0.40798,0.29438,False,False,,0.5,433942.0,319972.0,0.7864006421907598,-27.65,-13.34,126.64,,-0.6912751677852349,0.9051385036098051,45.53571428571428,-0.3697622907770648,0.16925912723726833,True,0.37767249225559657,,0.381,Asia,True,,25.828717672732704,58.74369690741546,55.34190520324284,28.453887404581913,7.792207792207792,67.3694779116466,73.4375,50.0,,50.0,43.89939995158385,standard,373,128935917,False,58.1,False,86.01340033500837,2.554438860971524,91.37353433835847,50.041876046901166,50.041876046901166,50.041876046901166,6,NEUTRAL,0,VARNING,False,1,0.14285714285714285,LÅG,EJ AKTUELL,-0.1,0.625,SUSPICIOUS_FWD_PE;,2026-08-10,0,True
PRU.L,Prudential plc,Financial Services,Insurance - Life,Hong Kong,GBp,,-3.108773000000001,-0.0141625000000003,3.1897,-2.2421412625000006,1.8005824,2.07,-3.073500000000001,-0.011675002500000004,-0.0064199984999999925,-0.028017501000000063,-0.005087469999999962,-0.06313498999999997,0.0935,0.10649999999999998,0.244,-44.97299999999999,0.8559999999999999,1.012,1871250112.0,3851000064.0,6034999808.0,29869705216.0,212195000000.0,,27393000000.0,,,,,3978000000.0,2450000000.0,1.92,0.1538,0.2,1.7,0.139402,1774483200.0,0.904,15152.425788331884,11531.43204498291,,1417.475,1.46154,13.0,,,0.00303,0.65772,False,False,,0.5,9063759.0,8769051.0,0.04,-1.33,-9.84,-11.18,,-12.16,0.3195,44.7,0.65,,False,,,0.5,UK,True,,43.23513074328186,18.499151191455514,54.89716993603115,58.07512514915442,,67.3694779116466,94.6875,50.0,,50.0,43.873529514221474,standard,374,,True,49.6,False,36.97654941373534,50.041876046901166,69.17922948073702,50.041876046901166,50.041876046901166,50.041876046901166,3,SVAG,-8,UPPTREND,False,1,0.14285714285714285,LÅG,EJ AKTUELL,7.1,0.875,SUSPICIOUS_FWD_PE;,2026-08-10,0,True
2318.HK,"Ping An Insurance (Group) Company of China, Ltd.",Financial Services,Insurance - Life,China,HKD,425629031884.9005,-6.837540000000001,-4.901824199999998,0.4,-1.3914903500000002,1.0859957,-0.134,-8.852500000000001,-0.003940004999999996,0.00030000000000000165,-0.1657662495,0.08228752550000001,-0.019925029999999982,-0.1275,-0.3335,-0.074,116.463,1.8792499999999999,3.437,476898471936.0,3594554966016.0,2015781978112.0,-127941263360.0,13898471000000.0,,927890000000.0,,,,,134778000000.0,658632000000.0,5.34,0.3547,3.05,5.78,2.01129,1780358400.0,0.563,72.20425974107576,49.77937870085683,57.150001525878906,82.92759,1.25,15.0,,,0.12951,0.39641,False,False,,0.5,35030671.0,26261036.0,0.7156099745658668,7.32,-10.42,-19.34,,-0.20849543045218344,0.2767954492716569,62.83187035695453,0.02778423667569463,-0.04230625830236834,True,0.5916521273545975,,0.5,Asia,True,,46.165256812851645,36.0728103996555,17.407983616594464,64.53724568357715,24.350649350649352,67.3694779116466,,50.0,,50.0,43.82345215741419,standard,375,191304004,False,61.2,False,97.52931323283082,14.154103852596315,81.32328308207704,50.041876046901166,50.041876046901166,50.041876046901166,5,NEUTRAL,0,NEDTREND,True,2,0.2857142857142857,LÅG,EJ AKTUELL,-7.8,0.875,SUSPICIOUS_FWD_PE;,2026-08-10,0,True
UBSG.SW,UBS Group AG,Financial Services,Banks - Diversified,Switzerland,CHF,,18.651948000000004,-1.183853499999998,0.9573,-3.033566487500001,2.6857731,2.963,,-0.09740001,-0.017500000999999987,-0.09345,-0.109037455,-0.43729,0.05149999999999999,0.004499999999999976,0.169,,,,,575371018240.0,599213015040.0,157170319360.0,1617427000000.0,,47295000000.0,,,,,7767000000.0,21851000000.0,2.01,0.6951,0.86,2.37,1.1,1776729600.0,0.831,44.439998626708984,27.338708022602827,,43.72294,2.47059,17.0,,,0.00063,0.55426,False,False,,0.5,5946446.0,5507082.0,0.694016009380186,,,,,,0.23131508233341666,55.25771217375505,,,False,,,1.0,Europe,True,,19.87079337457492,,62.88952799013198,68.846598969611,,67.3694779116466,,50.0,,50.0,43.81743400326236,standard,376,,True,47.7,False,36.97654941373534,50.041876046901166,56.53266331658291,50.041876046901166,50.041876046901166,50.041876046901166,1,SVAG,-8,UPPTREND,False,3,0.42857142857142855,LÅG,EJ AKTUELL,-9.9,0.75,SUSPICIOUS_FWD_PE;,2026-08-10,0,True
CHWY,"Chewy, Inc.",Consumer Cyclical,Internet Retail,United States,USD,5481219022.291309,8.010563000000001,-9.461629499999995,0.4535,13.933301425000003,0.7501344,0.75,3.3980000000000032,0.45172250374999995,-0.01326500350000001,-0.06325999300000003,-0.061347545000000024,-0.19044,0.0020000000000000018,0.42400000000000004,0.519,43.01225,-0.5469999999999999,0.321,-945869056.0,520100000.0,523400000.0,9637051392.0,3366400000.0,,12601500000.0,,,254300000.0,,222800000.0,691600000.0,,0.0,,,,,1.42,43.5,17.399999618530273,23.530000686645508,31.04762,,21.0,2.64,0.118,0.025980001,0.99267995,False,False,,0.728,9484922.0,7089120.0,0.7567353560572746,13.84,-0.59,-11.44,,-0.4590804439851608,0.4844811141301538,60.461961873762554,0.1303153505738437,-0.12558109554677255,True,0.7880193809647295,,0.509,US,True,33.97826086956522,43.55202572294563,39.45557538671242,61.46106644921028,31.19240894431655,92.20779220779221,12.449799196787147,15.0,50.0,12.918660287081341,72.8,43.81352061188595,standard,377,166806998,False,58.9,False,36.97654941373534,93.55108877721943,87.52093802345058,50.041876046901166,50.041876046901166,50.041876046901166,2,SVAG,-8,NEDTREND,True,1,0.14285714285714285,LÅG,EJ AKTUELL,-10.6,0.875,SUSPICIOUS_FWD_PE;,2026-08-10,0,True
7167.T,"Mebuki Financial Group,Inc.",Financial Services,Banks - Regional,Japan,JPY,1482912913660.0,-0.8348317499999993,15.350607499999999,,-1.5479273000000007,3.9274862,0.785,,-0.076510012,-0.03615,-0.024702523000000032,-0.0035600000000000076,-0.33928,0.3325,0.37949999999999995,0.553,,,,,3227891007488.0,2041266044928.0,296312700928.0,21173586000000.0,,341887000000.0,,,,,84163000000.0,-1119492000000.0,2.78,0.3145,44.0,2.86,22.0,1790640000.0,,1636.5,804.266009052077,1580.0,1538.0,2.2,5.0,,,0.05113,0.39632,False,False,,0.5,2772889.0,3141400.0,0.67,,,,,,0.3844,62.9,,,True,0.8706530336868721,,1.0,Japan,True,,28.361717843775843,,86.21465792195269,40.46610169491525,17.857142857142858,67.3694779116466,,50.0,,50.0,43.723641032345434,standard,378,31202104,False,38.6,False,36.97654941373534,9.631490787269682,36.26465661641541,50.041876046901166,50.041876046901166,50.041876046901166,4,NEUTRAL,0,UPPTREND,False,2,0.2857142857142857,LÅG,EJ AKTUELL,19.1,0.625,,2026-08-10,0,True
SOFI,"SoFi Technologies, Inc.",Financial Services,Credit Services,United States,USD,23739061471.191048,14.317461999999995,4.028428999999999,0.7834,-5.829889975,5.561532,5.621,,-0.10686750125000001,-0.014515000999999998,-0.11415248900000004,-0.20431002000000004,0.3477799999999999,0.3315,0.2365,0.61,-40.82125000000001,-0.5419999999999997,0.459,,3126236928.0,3405136896.0,23994841088.0,50660478000.0,,3613354000.0,,,,,481320000.0,-3742458000.0,,0.0,,,,,2.204,32.72999954223633,14.880000114440918,18.3799991607666,19.86842,2.73913,19.0,2.13,0.1461,0.01421,0.5705,False,False,,0.712,79361517.0,78231800.0,0.6325611530756713,-1.29,14.87,-5.55,,-0.43843570370209795,0.5751210794630702,58.0493490134904,0.05403200370193062,-0.12807008802305575,True,0.7841996759679876,,0.794,US,True,,33.85680122616835,57.167404211661754,77.06006980307505,14.473087531741053,78.8961038961039,12.449799196787147,,50.0,10.047846889952153,71.2,43.621633313035275,standard,379,1437900418,False,47.5,False,36.97654941373534,80.15075376884423,24.958123953098827,50.041876046901166,50.041876046901166,50.041876046901166,3,SVAG,-8,NEDTREND,True,1,0.14285714285714285,LÅG,EJ AKTUELL,-3.8,0.875,,2026-08-10,0,True
VOLV-A.ST,"Volvo, AB ser. A",Industrials,Farm & Heavy Construction Machinery,Sweden,SEK,,-7.747745999999999,,1.4793,,,1.988,-2.9030000000000022,-0.028020000000000017,-0.019830000000000004,-0.05681250400000001,-0.09995499,-0.193165,-0.066,0.28900000000000003,0.399,72.823,-0.19350000000000017,0.803,23104502464.0,47068000256.0,260354998272.0,937316974592.0,648590000000.0,,479183000000.0,,,49476000000.0,,34456000000.0,45595000000.0,2.34,0.48240003,8.5,2.93,13.0,1775692800.0,0.983,374.20001220703125,235.60456534282534,,365.0,,1.0,,,0.57874,0.27312002,False,False,,0.5,93690.0,101808.0,0.8252060315975096,,,,,,0.25627273484798924,77.57008879327987,,,True,,,0.5,Nordic,True,,28.83229136644953,,48.644780867069485,50.63036719220746,,67.3694779116466,80.3125,50.0,,50.0,43.60362806656186,standard,380,,True,46.8,False,36.97654941373534,50.041876046901166,50.041876046901166,50.041876046901166,50.041876046901166,50.041876046901166,4,NEUTRAL,0,UPPTREND,False,1,0.14285714285714285,LÅG,EJ AKTUELL,-4.5,0.75,,2026-08-10,0,True
TEX,Terex Corporation,Industrials,Farm & Heavy Construction Machinery,United States,USD,7182612017.440796,-8.105296000000004,-19.354122875,1.7076,,1.0757244,1.411,-11.827749999999998,-0.2164750192499999,-0.04523000150000001,-0.08746499225000003,-0.04066006750000005,-0.35771000000000003,0.42,-0.2205,0.528,-29.648750000000014,0.5755000000000001,0.219,-1661671904.0,407000000.0,2687000064.0,9418624000.0,6139000000.0,,5421000000.0,,,475000000.0,,221000000.0,440000000.0,1.08,0.3254,0.68,1.22,0.17,1786406400.0,1.494,74.69000244140625,41.475010482740494,62.84000015258789,79.45833,2.07143,12.0,3.84,0.060100004,0.01747,1.0155001,False,False,,0.866,1398003.0,1736570.0,0.25,3.78,4.12,,,-10.57,0.5287,52.2,2.08,,False,0.14862980378803653,,1.0,US,True,,20.091343411067662,31.378068286293622,71.37256699762052,34.99224068149951,90.25974025974025,67.3694779116466,7.5,50.0,28.708133971291865,96.6,43.55516896246869,standard,381,109126059,False,55.8,False,31.715481171548117,86.86192468619247,82.00836820083683,50.04184100418409,50.04184100418409,50.04184100418409,1,SVAG,-8,UPPTREND,False,2,0.2857142857142857,LÅG,EJ AKTUELL,0.0,0.75,SUSPICIOUS_FWD_PE;,2026-08-10,0,True
6701.T,6701.T,Unknown,Unknown,Unknown,USD,,,,,,,,,,,,,,,,,,,,,,,,4466784000000.0,,3582733000000.0,,,359913000000.0,,270228000000.0,438463000000.0,,,,,,,,6159.847439939296,3586.1172275143363,4333.0,,,,,,,,False,False,,0.5,,,0.54,,,,,,0.5503,53.4,,,True,0.8339715706809439,,0.832,Japan,True,,,,67.16867469879519,19.491525423728813,,12.449799196787147,,50.0,,50.0,43.536905294103576,standard,382,,True,44.6,False,28.17195325542571,50.04173622704508,50.04173622704508,50.04173622704508,50.04173622704508,50.04173622704508,1,SVAG,-8,UPPTREND,False,1,0.14285714285714285,LÅG,EJ AKTUELL,0.0,0.0,EXTREME_GROWTH;EXTREME_EARNINGS_GROWTH;MISSING_CRITICAL;,2026-08-10,0,True
III.L,3i Group Ord,Financial Services,Asset Management,United Kingdom,GBp,36716738266655.94,-6.951943600000002,-5.9636511,,-3.0706582625000007,5.144175,5.34,-2.2185000000000006,-0.026675002500000017,0.09126000150000001,0.644662529,0.51197258,0.5229850099999999,-0.4285,-0.5515,-0.329,-69.14399999999999,5.024,5.681,2479124928.0,635000000.0,1260999936.0,29808893952.0,32338000000.0,,5428000000.0,,,,,5294000000.0,,2.94,0.1467,0.85,2.6,0.48,1781740800.0,1.133,56186.82004487822,23009.00105394267,36659.469613075256,3390.2,1.90909,10.0,,,0.020669999,0.79175,False,False,,0.5,3226388.0,2276221.0,0.59,4.36,15.8,-14.81,,-19.83,0.5116,72.4,10.65,,False,0.6791011944636173,,0.5,UK,True,,85.47791532560193,30.50781189943365,10.8648825771399,50.776753948360884,3.896103896103896,67.3694779116466,95.9375,50.0,,50.0,43.4894185819364,holding,383,83445054582,False,45.5,False,74.03685092127303,2.554438860971524,27.554438860971526,50.041876046901166,50.041876046901166,50.041876046901166,4,NEUTRAL,0,UPPTREND,False,2,0.2857142857142857,LÅG,EJ AKTUELL,-3.4,0.875,SUSPICIOUS_FWD_PE;,2026-08-10,0,True
AXFO.ST,Axfood AB (publ),Consumer Defensive,Grocery Stores,Sweden,SEK,,-0.42109525000000225,0.6732279999999946,4.89,0.02441467500000094,0.5750598,0.752,-3.368500000000001,0.11404000299999999,-0.007390000000000004,-0.08919249800000001,-0.15346499199999997,-0.289265,-0.0295,-0.016999999999999994,0.033,109.616,-0.2944999999999998,0.196,2461287616.0,337000000.0,15873000448.0,67577200640.0,36913000000.0,,89152000000.0,,,3620000000.0,,2339000000.0,6751000000.0,3.77,0.77989995,9.0,3.08,4.5,1789603200.0,0.602,334.2624263763428,226.10000610351562,,250.0,,6.0,,,0.51752996,0.25320998,False,False,,0.5,426355.0,365434.0,0.4101433799090952,,,,,,0.26775002636929984,66.15968456681895,,,True,,,0.282,Nordic,True,,35.32290956674484,,27.80154531729242,52.29646458369224,,67.3694779116466,88.4375,50.0,,50.0,43.13569912122424,standard,384,,True,53.0,False,36.97654941373534,50.041876046901166,91.70854271356784,50.041876046901166,50.041876046901166,50.041876046901166,2,SVAG,-8,UPPTREND,False,1,0.14285714285714285,LÅG,EJ AKTUELL,-1.5,0.875,SUSPICIOUS_FWD_PE;,2026-08-10,0,True
SBIN.NS,State Bank of India,Financial Services,Banks - Regional,India,INR,10127833164645.451,-23.300365,-15.109800500000006,0.53,-6.2733456,2.6887212,4.425,,0.0,-0.0064100010000000054,-0.058462499000000015,-0.10954249500000002,-0.42308998,-0.023500000000000007,-0.2325,0.002,,,,,2256107732992.0,8610153758720.0,16669561847808.0,83215685742000.0,,3817091770000.0,,,,,832987824000.0,380973900000.0,1.6,0.1744,17.35,1.52,17.35,1778803200.0,0.385,1212.8384373028666,776.0123492419096,1097.199951171875,1211.6487,1.44737,37.0,,,0.57231,0.28969,False,False,,0.5,13588269.0,10951985.0,1.38,3.28,11.27,,,-11.2,0.2613,58.2,4.21,,True,1.1443345786971348,,1.0,India,True,,31.322837324921714,39.545156862004255,43.03526818237519,76.9819121929366,9.740259740259742,67.3694779116466,,50.0,,50.0,43.130561608399134,standard,385,126104706,False,40.6,False,36.97654941373534,2.554438860971524,56.36515912897823,50.041876046901166,50.041876046901166,50.041876046901166,1,SVAG,-8,UPPTREND,False,2,0.2857142857142857,LÅG,EJ AKTUELL,-9.1,0.75,SUSPICIOUS_FWD_PE;,2026-08-10,0,True
5801.T,"Furukawa Electric Co., Ltd.",Industrials,Electrical Equipment & Parts,Japan,JPY,2712682318912.0,5.432467249999999,-18.99858325,0.38,2.04357,2.074614,2.315,9.950499999999998,0.0,-0.039720000000000005,-0.06531,-0.11524252500000005,-0.16352000000000003,0.028999999999999998,1.0679999999999998,1.176,48.41400000000001,-0.9440000000000001,0.776,-323388613120.0,70971998208.0,329362997248.0,3026543181824.0,1066372000000.0,,1307560000000.0,,,63857000000.0,,72514000000.0,28116000000.0,0.56,0.2038,22.0,2.19,11.0,1790640000.0,1.122,6241.0,803.1028507552973,3856.0,6431.1113,1.77778,9.0,,,0.027929999,0.51015,False,False,,0.5,36625859.0,31890370.0,2.6400038509851345,8.9,-11.21,196.48,,-0.3821502964268547,0.8929306049416531,63.348314606741575,-0.06355034874006726,0.3924033077774729,True,0.8166698294068649,,0.618,Japan,True,23.20923913043478,28.52315858855868,62.4216522648207,70.58005933985186,26.367105108436082,14.935064935064934,67.3694779116466,13.125,50.0,,50.0,42.90764684391046,standard,386,773036735,False,42.6,False,36.97654941373534,7.537688442211055,64.65661641541038,50.041876046901166,50.041876046901166,50.041876046901166,2,SVAG,-8,VARNING,False,3,0.42857142857142855,LÅG,EJ AKTUELL,-3.0,0.875,SUSPICIOUS_FWD_PE;,2026-08-10,0,True
IVZ,Invesco Ltd.,Financial Services,Asset Management,United States,USD,13942563018.71624,,-8.780096,0.9008,-6.6087525750000005,2.0199306,2.631,-2.0154999999999985,-0.18354750155,0.002164999499999999,-0.27255248900000006,-0.17437001000000002,-0.19435999999999998,0.11049999999999999,,0.88,-59.50825000000001,-0.9419999999999998,0.708,-268356608.0,915400000.0,1624000000.0,18159962112.0,27094000000.0,,6377100000.0,,,-695700000.0,,-281700000.0,1525300000.0,2.71,0.5646,0.86,4.18,0.215,1786665600.0,1.596,32.54999923706055,19.719363505133906,31.579999923706055,32.79167,2.46154,12.0,3.62,0.0636,0.00606,0.97754997,False,False,,0.751,5175891.0,5873660.0,0.871900764050373,10.38,18.62,24.5,,-0.029800286823050914,0.33892395733872727,61.62227616883406,0.10273833811372901,0.2094040257353771,True,0.83110825207707,,0.838,US,True,,22.531886189989017,81.77505423959023,76.51532943367674,21.938326958363913,82.46753246753246,67.3694779116466,34.0625,50.0,26.794258373205743,75.1,42.74299006989165,holding,387,185490182,False,66.0,False,83.66834170854271,85.00837520938023,65.32663316582915,50.041876046901166,50.041876046901166,50.041876046901166,4,NEUTRAL,0,UPPTREND,False,3,0.42857142857142855,LÅG,EJ AKTUELL,7.9,0.75,EXTREME_EARNINGS_GROWTH;SUSPICIOUS_FWD_PE;,2026-08-10,0,True
086790.KS,Hana Financial Group Inc.,Financial Services,Banks - Regional,South Korea,KRW,36136945709700.0,,-2.6185474999999983,4.79,,2.7891076,3.441,,-0.026990004999999997,-0.003369999999999998,0.011693750499999982,0.07830752550000003,-0.38077501,-0.026499999999999996,-0.15350000000000003,0.017,,,,,125112523161600.0,130695754153984.0,44580661624832.0,674590676000000.0,,14390802000000.0,,,,,4002882000000.0,-1962471000000.0,3.43,0.2851,4620.0,6.29,1155.0,1786060800.0,0.696,141265.283203125,77487.40787960123,134700.0,162809.53,1.38095,21.0,,,0.01485,0.60091996,False,False,,0.5,947335.0,796596.0,1.04,,,,,,0.4681,55.2,,,True,0.8062769030104244,,0.502,Asia,True,,44.834688398706874,,31.573380253999122,46.45523781079668,4.220779220779221,67.3694779116466,,50.0,,50.0,42.69806698193144,standard,388,78330081,False,40.5,False,36.97654941373534,2.554438860971524,55.44388609715243,50.041876046901166,50.041876046901166,50.041876046901166,1,SVAG,-8,UPPTREND,False,1,0.14285714285714285,LÅG,EJ AKTUELL,0.1,0.5,SUSPICIOUS_FWD_PE;,2026-08-10,0,True
SBILIFE.NS,SBI Life Insurance Company Limited,Financial Services,Insurance - Life,India,INR,,36.51825400000001,27.242183499999992,,1.2779383999999998,1.5312893,1.518,28.494000000000003,-0.017739999999999978,-0.014010000000000002,-0.258212501,-0.3820324749999999,-0.32599997999999997,0.0935,0.016499999999999987,0.22,,-0.031500000000000083,0.193,,15267399680.0,0.0,1845185740800.0,5000459100000.0,,1104781600000.0,,,,,24703000000.0,,0.15,0.1042,2.7,0.17,2.7,1772755200.0,0.366,2129.040438508761,1700.4000244140625,,2342.9722,1.2,36.0,,,0.58824,0.30986,False,False,,0.5,973140.0,1008615.0,0.4494572000658124,,,,,,0.19911447910927135,57.09861662778525,,,True,,,0.163,India,True,,20.920121032372077,,45.086469550943235,74.4281290705956,,67.3694779116466,,50.0,,50.0,42.63305503894171,standard,389,,True,50.2,False,36.97654941373534,50.041876046901166,72.8643216080402,50.041876046901166,50.041876046901166,50.041876046901166,2,SVAG,-8,UPPTREND,False,2,0.2857142857142857,LÅG,EJ AKTUELL,-10.7,0.75,,2026-08-10,0,True
VIG.VI,VIENNA INSURANCE GROUP AG,Financial Services,Insurance - Diversified,Austria,EUR,,-4.202105999999999,-4.419764499999999,1.21,-3.481910687500001,,-0.155,-13.8535,-0.08053000999999999,-0.005879999999999986,-0.21237999700000001,-0.30427746999999994,-0.28437998999999997,-0.011499999999999996,0.4305,0.632,-29.45150000000001,0.08900000000000002,1.371,-200785248.0,13896567808.0,2414864896.0,-2143596032.0,,,14781083000.0,,,,,834866000.0,842256000.0,2.36,0.2399,1.73,4.14,1.73,1779753600.0,0.444,74.69999694824219,41.85729612700173,,69.375,,4.0,,,0.72,0.106879994,False,False,,0.5,43115.0,49093.0,1.5444076061358871,,,,,,0.30654321645541677,93.87756849714988,,,True,,,0.5,Europe,True,,20.382975759074128,,58.08543835002466,63.338459680494545,,67.3694779116466,,50.0,,50.0,42.446458149478836,standard,390,,True,46.8,False,36.97654941373534,50.041876046901166,50.041876046901166,50.041876046901166,50.041876046901166,50.041876046901166,5,NEUTRAL,0,UPPTREND,False,2,0.2857142857142857,LÅG,EJ AKTUELL,-0.0,0.875,SUSPICIOUS_FWD_PE;,2026-08-10,0,True
WNC,Wabash National Corporation,Industrials,Farm & Heavy Construction Machinery,United States,USD,526731659.3219986,,-15.10157975,0.73,,0.37002108,0.704,-132.451,-0.42534749925,-0.09718500050000001,-0.15861999000000002,-0.18883254500000005,-0.47954,-0.184,,,106.79424999999999,-0.010499999999999954,0.654,-1261414064.0,71496000.0,545110016.0,1001742656.0,1171181000.0,,1542754000.0,,,321058000.0,,211451000.0,11666000.0,2.55,0.0631,0.32,2.13,0.08,1782950400.0,1.429,14.233539223208567,6.589969961019083,12.930000305175781,22.5,1.5,2.0,3.1,0.095699996,0.05165,1.0139,False,False,,0.417,1128738.0,1341020.0,0.5127801713704797,4.61,66.78,19.81,,-0.09158220577404208,0.560114077852796,45.08670440569845,0.11740370733237437,0.35156410008807093,False,0.4781936349301041,,0.163,US,True,,8.870251712669987,85.01118807534995,5.4531168150864335,31.291262943237346,98.05194805194806,67.3694779116466,,50.0,19.138755980861244,41.699999999999996,42.41508351596514,standard,391,17339389,False,61.0,False,36.97654941373534,97.52931323283082,97.52931323283082,50.041876046901166,50.041876046901166,50.041876046901166,1,SVAG,-8,UPPTREND,False,2,0.2857142857142857,LÅG,EJ AKTUELL,-4.5,0.625,EXTREME_EARNINGS_GROWTH;SUSPICIOUS_FWD_PE;,2026-08-10,0,True
PUM.DE,PUM.DE,Unknown,Unknown,Unknown,USD,,,,,,,,,,,,,,,,,,,,,,,,6454600000.0,,7296200000.0,,,-357400000.0,,-645500000.0,-319300000.0,,,,,,,,30.309999465942383,15.300000190734863,28.18000030517578,,,,,,,,False,False,,0.5,,,0.49,-3.8,6.15,15.12,,-9.63,0.4268,33.2,-2.26,,True,0.7407796811025666,,0.641,Europe,True,,,44.293565844681474,51.00401606425703,33.686440677966104,,12.449799196787147,,50.0,,50.0,42.28660647500434,standard,393,,True,44.6,False,28.17195325542571,50.04173622704508,50.04173622704508,50.04173622704508,50.04173622704508,50.04173622704508,1,SVAG,-8,VARNING,False,0,0.0,LÅG,EJ AKTUELL,0.0,0.0,EXTREME_GROWTH;EXTREME_EARNINGS_GROWTH;MISSING_CRITICAL;,2026-08-10,0,True
IMB.L,Imperial Brands PLC,Consumer Defensive,Tobacco,United Kingdom,GBp,,-6.403967250000003,-6.296183399999999,0.8205,0.2655464125000002,1.1024408,1.724,-3.1534999999999993,0.12358502250000003,0.008730001500000011,-0.038234996,-0.041730004999999994,-0.11439499,0.010500000000000002,-0.434,-0.412,123.1225,-0.15649999999999997,0.307,1591124928.0,497000000.0,11232000000.0,33449003008.0,28715000000.0,,32171000000.0,,,3489000000.0,,2071000000.0,3627000000.0,6.04,0.7541,1.67,7.04,0.4168,1787184000.0,0.145,45106.92557424573,32893.56406021118,,3313.636,,11.0,,,0.030439999,0.66985,False,False,,0.5,2956973.0,5224249.0,0.82,-0.56,-3.32,-18.31,,-19.87,0.2481,37.9,-3.96,,False,,,0.5,UK,True,,49.11900489620474,14.496396348231334,22.81082115990507,61.475776535962105,,67.3694779116466,90.9375,50.0,,50.0,42.17034090927913,standard,394,,True,51.4,False,36.97654941373534,50.041876046901166,80.98827470686767,50.041876046901166,50.041876046901166,50.041876046901166,3,SVAG,-8,VARNING,False,2,0.2857142857142857,LÅG,EJ AKTUELL,,0.875,SUSPICIOUS_FWD_PE;,2026-08-10,0,True
MELI,"MercadoLibre, Inc.",Consumer Cyclical,Internet Retail,Uruguay,USD,92303157462.86426,18.539526,9.106380500000004,1.185,2.981343425,2.6235905,2.835,4.892000000000003,0.08860250375000002,-0.030245003500000013,-0.03017999100000002,-0.03246754500000003,-0.01206999999999997,0.423,-0.212,-0.109,87.81725,-0.20999999999999996,0.399,-1046769056.0,5729999872.0,13176000512.0,99749158912.0,42667000000.0,,28893000000.0,,,3201000000.0,,1997000000.0,12116000000.0,,0.0,,0.34,0.15,1514419200.0,1.312,2548.5,1495.0,1820.68994140625,2229.4583,1.58333,24.0,2.18,0.0191,0.06962,0.81991,False,False,,0.483,518132.0,496230.0,1.1660936573799645,0.71,-2.64,-10.52,,-0.2855836996640181,0.4010851899826263,48.015951180171776,0.04174793158399992,-0.035337361058185635,False,0.3032358502668637,,0.462,US,True,45.81114130434783,43.18047509926041,42.113395238904275,35.95279920958002,35.385185651771096,50.649350649350644,12.449799196787147,36.5625,50.0,77.75119617224881,48.3,42.14127637584107,standard,395,903480970,False,44.4,False,36.97654941373534,26.800670016750416,57.6214405360134,50.041876046901166,50.041876046901166,50.041876046901166,2,SVAG,-8,NEDTREND,True,0,0.0,LÅG,EJ AKTUELL,-12.0,0.875,,2026-08-10,0,True
BA,The Boeing Company,Industrials,Aerospace & Defense,United States,USD,185278538641.18927,47.559595,31.048415250000005,89.2922,20.789836425,1.9711533,2.281,-95.595,1.53875250075,-0.08484500050000002,-0.077939985,-0.12636254499700003,-0.44246,-0.012999999999999998,,,712.1642499999999,-0.1865000000000001,0.296,4216231168.0,19295000576.0,48362000384.0,214366535680.0,168235000000.0,,89463000000.0,,,-5416000000.0,,2235000000.0,1065000000.0,,0.0,,2.48,2.055,1581552000.0,1.221,254.35000610351562,176.77000427246094,234.4199981689453,274.69232,1.60714,26.0,0.03,0.0002,0.00056,0.75004,False,False,,0.6,6499477.0,7587320.0,0.6451886619013424,5.07,1.47,-1.07,,-0.0783566245579691,0.3389748524234495,66.644426141497,0.06374868077034579,0.07082852332351575,True,0.8598517119196586,,0.578,US,True,,31.577799359263587,53.01587190379356,42.90902741400384,28.660560204721968,36.688311688311686,12.449799196787147,75.9375,50.0,96.17224880382776,60.0,41.9786513645662,standard,396,1778619541,False,57.4,False,87.93969849246231,19.68174204355109,66.08040201005025,50.041876046901166,50.041876046901166,50.041876046901166,2,SVAG,-8,UPPTREND,False,0,0.0,LÅG,EJ AKTUELL,-6.9,0.875,EXTREME_EARNINGS_GROWTH;,2026-08-10,0,True
GLE.PA,SOCIETE GENERALE,Financial Services,Banks - Regional,France,EUR,,-4.273581999999999,-4.339335499999999,2.2554,-3.9611096875000005,2.3722198,-11.219,,-0.10959000999999999,-0.018530000999999983,-0.026240000000000013,-0.038447495,-0.43729,-0.0535,0.14749999999999996,0.233,,,,,716831981568.0,354253012992.0,-292309893120.0,1546641000000.0,,52597000000.0,,,,,6002000000.0,-19648000000.0,2.08,0.2116,1.75,4.39,0.75,1791158400.0,0.98,84.81999969482422,49.62578832767927,,85.9465,1.85,20.0,,,0.09324,0.50714,False,False,,0.5,1663504.0,1612142.0,0.8419766039044642,,,,,,0.35024998293911846,78.13957820917436,,,True,,,1.0,Europe,True,,26.22220492060912,,59.83361888652183,43.76819980586873,,67.3694779116466,,50.0,,50.0,41.951694740769106,standard,397,,True,48.4,False,36.97654941373534,50.041876046901166,61.13902847571189,50.041876046901166,50.041876046901166,50.041876046901166,2,SVAG,-8,UPPTREND,False,1,0.14285714285714285,LÅG,EJ AKTUELL,-8.9,0.75,SUSPICIOUS_FWD_PE;,2026-08-10,0,True
ONCO.ST,Oncopeptides AB (publ),Healthcare,Biotechnology,Sweden,SEK,,,-21.549405100000005,,0.7208777999999998,7.3398824,6.811,-20.4525,-6.440512204000001,-0.638855001,-2.798122608,-1.7355148950000001,0.5289450000000001,0.8260000000000001,,,122.38949999999997,2.7524999999999995,4.383,-1035483752.0,205154000.0,138802000.0,566897792.0,135399000.0,,71118000.0,,,-225888000.0,,-249585000.0,-222884000.0,,0.0,,,,,-1.328,6.550000190734863,1.2549999952316284,,2.5,,3.0,,,0.09047,0.09178001,False,False,,0.5,5460432.0,1118934.0,1.573064487762438,,,,,,0.8936121400010253,49.834995314244615,,,True,,,0.5,Nordic,True,,21.04798754162442,,63.68081019731098,56.30869531475186,,12.449799196787147,,50.0,,50.0,41.844847036970556,standard,398,,True,41.8,False,36.97654941373534,50.041876046901166,17.001675041876048,50.041876046901166,50.041876046901166,50.041876046901166,3,SVAG,-8,UPPTREND,False,1,0.14285714285714285,LÅG,EJ AKTUELL,-11.1,0.75,EXTREME_EARNINGS_GROWTH;SUSPICIOUS_FWD_PE;,2026-08-10,0,True
058470.KQ,LEENO Industrial Inc.,Technology,Semiconductor Equipment & Materials,South Korea,KRW,4986340920000.0,,-2.789665750000001,,,33.240814,5.64,-8.223499999999998,-0.007017496249999991,0.04820499949999999,0.18394501399999996,0.19611745949999995,-0.08826996999999998,-0.194,-0.511,-0.236,,5.9015,7.192,12979037952.0,146558238720.0,0.0,846032076800.0,791928165320.0,,372534084600.0,,,176997188360.0,,151960670400.0,179468846370.0,1.22,0.32569999,800.0,1.45,800.0,1766966400.0,0.321,129000.0,43522.58424831081,65700.0,119461.54,1.76923,13.0,,,0.25483,0.35564998,False,False,,0.5,1151460.0,650617.0,0.6635208476632538,-5.06,-42.11,-37.96,,-0.4906976744186047,0.7160926802713994,46.15384615384615,-0.18202191235059761,-0.22067567109332387,True,0.4068431693037463,,1.0,US,True,,68.52106873581818,23.90286272327185,28.948060179692728,64.4119862836604,11.03896103896104,67.3694779116466,71.875,50.0,,50.0,41.496240193036165,standard,401,31204242,False,42.2,False,75.62814070351759,2.554438860971524,2.554438860971524,50.041876046901166,50.041876046901166,50.041876046901166,4,NEUTRAL,0,NEDTREND,True,3,0.42857142857142855,LÅG,EJ AKTUELL,-13.6,0.5,SUSPICIOUS_FWD_PE;,2026-08-10,0,True
AFRM,"Affirm Holdings, Inc.",Financial Services,Credit Services,United States,USD,22150424525.25,47.233391999999995,1.6346039999999995,0.7682,-1.3485075750000002,6.3454285,8.189,36.911500000000004,-0.06294749725,-0.009604999500000001,-0.16692248900000003,-0.28874002000000004,-0.005869999999999986,0.2315,35.091499999999996,35.698,168.71474999999998,11.892,9.572,-1108058688.0,1768999040.0,9090749440.0,32522866688.0,11154929000.0,,3224412000.0,,,337993000.0,,52186000.0,793909000.0,,0.0,,,,,3.616,100.0,42.095001220703125,75.25,90.77,1.67647,30.0,3.78,0.0573,0.043509997,0.88421,False,False,,0.49,4303116.0,2941750.0,0.8589636690269236,-10.18,11.71,26.64,,-0.24750000000000005,0.6085913818004691,49.864917588686936,0.003902208187639866,0.1357620513621236,True,0.4728919532442936,,0.31,US,True,24.192934782608695,26.794130989298644,74.97539593712337,73.34538358811349,34.3030281694975,79.22077922077922,12.449799196787147,26.875,50.0,29.665071770334926,49.0,41.49017765540605,standard,402,221366688,False,47.1,False,36.97654941373534,80.98827470686767,21.1892797319933,50.041876046901166,50.041876046901166,50.041876046901166,3,SVAG,-8,UPPTREND,False,2,0.2857142857142857,LÅG,EJ AKTUELL,-4.5,0.875,SUSPICIOUS_FWD_PE;,2026-08-10,0,True
NESN.SW,Nestlé S.A.,Consumer Defensive,Packaged Foods,Switzerland,CHF,208889983845.06226,5.562968749999998,0.0,2.2182,1.1234847875,2.3530269,2.996,-0.2594999999999974,0.027849995000000016,-0.0005600009999999836,-0.013177500999999994,0.0,0.01972997999999998,-0.0635,-0.367,-0.315,103.16099999999996,0.005500000000000116,0.384,3453287456.0,6134000128.0,62845001728.0,265938337792.0,127151000000.0,,89885000000.0,,,13981000000.0,,9033000000.0,15904000000.0,3.82,1.0727,3.1,3.12,3.1,1776643200.0,0.499,87.08999633789062,67.53248258631847,81.20999908447266,88.87273,2.18182,22.0,,,0.00018999999,0.47078,False,False,,0.5,3601231.0,2871819.0,0.86,-4.22,4.26,,,-6.45,0.2391,38.8,-1.16,,False,0.32829631904479756,,0.5,Europe,True,,51.01787362871437,37.39342073777408,17.237395710033606,62.14459357001968,35.064935064935064,29.71887550200803,68.4375,50.0,,50.0,41.12631002046386,standard,403,288026025,False,55.6,False,84.25460636515912,18.67671691792295,61.30653266331658,50.041876046901166,50.041876046901166,50.041876046901166,3,SVAG,-8,VARNING,False,1,0.14285714285714285,LÅG,EJ AKTUELL,-7.0,0.875,SUSPICIOUS_FWD_PE;,2026-08-10,0,True
VACN.SW,VAT Group AG,Industrials,Specialty Industrial Machinery,Switzerland,CHF,,62.91278600000001,16.94125775,3.0377,17.5227991125,18.468199,18.721,51.517999999999994,0.07794999200000002,0.041489999000000014,0.08837250300000002,0.042709999999999984,0.17665000000000003,-0.176,-0.177,-0.064,-11.593000000000004,1.1975,1.209,-747900272.0,116551000.0,396896000.0,19234514944.0,1262878000.0,,1073516000.0,,,261817000.0,,214280000.0,299172000.0,1.1,1.013,7.0,1.65,7.0,1777507200.0,1.544,727.2000122070312,254.3879610883726,,699.94446,2.27778,18.0,,,0.100889996,0.45297,False,False,,0.5,77516.0,80911.0,0.6299443286185595,,,,,,0.45234891087925283,42.9708253587839,,,False,,,0.5,Europe,True,21.361413043478258,71.02082097368319,,19.256934382214226,40.458794691682186,,29.71887550200803,25.624999999999996,50.0,,50.0,41.10357582998789,standard,404,,True,40.0,False,36.97654941373534,50.041876046901166,5.108877721943048,50.041876046901166,50.041876046901166,50.041876046901166,3,SVAG,-8,UPPTREND,False,1,0.14285714285714285,LÅG,EJ AKTUELL,-4.5,0.875,,2026-08-10,0,True
RBLX,Roblox Corporation,Communication Services,Electronic Gaming & Multimedia,United States,USD,25319035629.9169,,-51.936707999999996,8.18,168.515883275,4.7482233,4.537,-47.4085,-4.531267511249999,-0.13865499650000004,-0.29107999,-0.31070254500000005,-0.23281999999999997,0.298,,,1346.54625,-0.30449999999999977,0.645,67210624.0,3014000128.0,1836000000.0,25795266560.0,9557118000.0,,4890551000.0,,,-1232342000.0,,-1065057000.0,1796358000.0,,0.0,,,,,1.457,142.0,33.880001068115234,37.790000915527344,51.02943,2.16667,35.0,2.77,0.045300003,0.054920003,0.82663,False,False,,0.689,11928925.0,20575250.0,1.3631501355029556,-33.03,-15.61,-37.61,,-0.7338732329892441,0.6719661109481075,21.285297632762635,-0.21294770668030827,-0.43955697153927753,False,0.19218934281725306,,1.0,US,True,,8.462771405775793,25.03771408954347,92.15557883708748,15.508750121801985,76.94805194805194,12.449799196787147,53.125,50.0,39.952153110047846,68.89999999999999,41.055155677929505,standard,405,777538716,False,60.6,False,87.01842546063652,79.22948073701842,29.64824120603015,50.041876046901166,50.041876046901166,50.041876046901166,3,SVAG,-8,NEDTREND,True,1,0.14285714285714285,LÅG,EJ AKTUELL,4.3,0.75,EXTREME_EARNINGS_GROWTH;SUSPICIOUS_FWD_PE;,2026-08-10,0,True
LLOY.L,Lloyds Banking Group plc,Financial Services,Banks - Regional,United Kingdom,GBp,,2.1226969999999987,-1.1135834999999998,0.774,-2.402745662500001,3.4015672,3.295,,-0.1040549775,-0.019779998499999993,-0.03943750100000005,-0.010317469999999974,-0.47701499,0.028499999999999998,-0.024500000000000022,0.097,,,,,169778003968.0,167551991808.0,64879271936.0,944072000000.0,,20028000000.0,,,,,4659000000.0,5701000000.0,3.5,0.45630002,0.04,4.33,0.0158,1785974400.0,0.912,1514.150504744582,979.3274814331606,,120.05301,2.0,19.0,,,0.00074,0.5128,False,False,,0.5,156844191.0,148024702.0,1.3207719992134315,,,,,,0.2679124989610937,52.64107324914265,,,False,,,0.397,UK,True,,25.682901498729468,,36.40954576380856,59.39856641529157,,67.3694779116466,,50.0,,50.0,40.9410696082667,standard,406,,True,45.4,False,36.97654941373534,50.041876046901166,40.95477386934673,50.041876046901166,50.041876046901166,50.041876046901166,0,SVAG,-8,UPPTREND,False,1,0.14285714285714285,LÅG,EJ AKTUELL,-6.5,0.75,SUSPICIOUS_FWD_PE;,2026-08-10,0,True
PWR,"Quanta Services, Inc.",Industrials,Engineering & Construction,United States,USD,101009709818.6842,40.483835,9.35116125,1.9965,0.8843634249999996,3.0697243,3.258,13.533000000000007,-0.04324749924999999,-0.012745003500000003,-0.06352998600000002,-0.05423254500000004,-0.335,0.31799999999999995,0.835,0.969,-10.93075,-0.22649999999999992,0.979,546347264.0,506431008.0,6603134976.0,107210416128.0,24926901000.0,,28479697000.0,,,1587077000.0,,1028378000.0,2229970000.0,0.07,0.049200002,0.44,0.15,0.11,1782864000.0,1.219,788.6295298146063,362.7011588526852,671.8599853515625,766.9707,1.56667,28.0,2.22,0.0242,0.00666,0.96388,False,False,,0.29,1256670.0,1429060.0,0.2,3.31,-14.48,,,-14.9,0.5076,55.3,-1.05,,True,0.7110335351944564,,1.0,US,True,51.9891304347826,30.186707170653552,12.544867193108399,90.3289629962793,28.300252419644888,48.37662337662338,25.602409638554217,57.49999999999999,50.0,64.5933014354067,28.999999999999996,40.86850781643588,standard,407,960128231,False,53.1,False,80.15075376884423,25.711892797319933,44.472361809045225,50.041876046901166,50.041876046901166,50.041876046901166,4,NEUTRAL,0,VARNING,False,1,0.14285714285714285,LÅG,EJ AKTUELL,12.7,0.875,,2026-08-10,0,True
ASRNL.AS,ASR Nederland N.V.,Financial Services,Insurance - Diversified,Netherlands,EUR,,17.504376000000008,-2.389813499999999,,-3.384028187500001,0.8550336,-3.126,-20.9185,-0.14765001,0.004939998000000015,-0.24094000000000002,-0.06960747499999997,0.08273996,0.0005000000000000004,-0.7955,-0.593,176.9125,3.5069999999999997,4.738,69037472.0,92259000320.0,24227000320.0,-53523980288.0,142151000000.0,,13109000000.0,,,,,548000000.0,-569000000.0,4.81,1.4954,3.41,5.95,2.14,1779408000.0,0.506,71.27999877929688,54.0983680659077,,71.45385,,13.0,,,0.00022,0.89778,False,False,,0.5,430009.0,319519.0,0.7847262226229959,,,,,,0.1566544770999628,61.4785293375488,,,False,,,0.5,Europe,True,,33.99547820823888,,19.736746050929995,71.5271872195907,,29.71887550200803,,50.0,,50.0,40.62425433207851,standard,408,,True,52.2,False,36.97654941373534,50.041876046901166,85.92964824120602,50.041876046901166,50.041876046901166,50.041876046901166,3,SVAG,-8,UPPTREND,False,1,0.14285714285714285,LÅG,EJ AKTUELL,-19.0,0.875,SUSPICIOUS_FWD_PE;,2026-08-10,0,True
STAN.L,Standard Chartered PLC,Financial Services,Banks - Diversified,United Kingdom,GBp,,1.8627049999999983,0.10676550000000073,1.0546,-2.5332297625000004,2.3306139,-7.175,,-0.1190149825,-0.01964999879999999,-0.04341748100000004,-0.04998746999999996,-0.47701499,-0.0675,-0.1335,0.02,,,,,430344011776.0,230174998528.0,-149617131520.0,919955000000.0,,20553000000.0,,,,,5085000000.0,36841000000.0,2.34,0.29,0.51,2.2,0.204,1785974400.0,0.599,29273.472121028084,16652.711960388766,,2265.5664,2.35714,14.0,,,0.01195,0.7313,False,False,,0.5,7375045.0,7389779.0,2.962693246239452,,,,,,0.2996347529756107,55.90326181159721,,,False,,,0.786,UK,True,,23.38926610958508,,34.00252810728776,64.47117897409095,,67.3694779116466,,50.0,,50.0,40.46218399312166,standard,409,,True,48.5,False,36.97654941373534,50.041876046901166,61.725293132328304,50.041876046901166,50.041876046901166,50.041876046901166,0,SVAG,-8,UPPTREND,False,2,0.2857142857142857,LÅG,EJ AKTUELL,-12.5,0.75,SUSPICIOUS_FWD_PE;,2026-08-10,0,True
COIN,"Coinbase Global, Inc.",Financial Services,Financial Data & Stock Exchanges,United States,USD,34222547075.081787,,31.99898,1.4032,-4.910678175000001,6.705329,6.354,40.3145,-0.25628750124999994,-0.0158250005,-0.4266524890000001,-0.5130900199999999,0.3685399999999999,-0.26749999999999996,,,-20.582250000000005,0.7730000000000002,1.276,1259308800.0,8788842496.0,6668290048.0,38404796416.0,29671832000.0,,7181325000.0,,,1456145000.0,,1260327000.0,2426383000.0,,0.0,,,,,3.361,402.1600036621094,139.11000061035156,153.60000610351562,195.51965,1.94118,29.0,3.23,0.113900006,0.01312,0.68221,False,False,,0.569,8464053.0,8535440.0,1.1199053734803277,-3.05,-20.4,5.12,,-0.6180624510025399,0.6794991835552229,46.17110435680267,-0.04477607782003701,-0.2605561801757028,False,0.3401501418807125,,0.188,US,True,66.36005434782608,26.999763696389472,39.57076318648908,4.650777021127991,28.8847207967145,71.75324675324676,12.449799196787147,87.8125,50.0,14.832535885167463,56.89999999999999,40.330500573228946,standard,411,1311043636,False,60.2,False,93.63484087102178,75.37688442211056,19.765494137353436,50.041876046901166,50.041876046901166,50.041876046901166,3,SVAG,-8,NEDTREND,True,1,0.14285714285714285,LÅG,EJ AKTUELL,-13.6,0.75,EXTREME_EARNINGS_GROWTH;,2026-08-10,0,True
DBK.DE,Deutsche Bank Aktiengesellschaft,Financial Services,Banks - Regional,Germany,EUR,,-5.3042159999999985,-5.066793499999999,1.8412,-4.0335998875,2.0285676,-0.925,,-0.11521000999999999,-0.018270000999999987,-0.04578999,-0.08502745499999997,-0.43729,-0.007500000000000007,-0.013500000000000012,0.097,,,,,636277030912.0,544725991424.0,-28175689728.0,1435067000000.0,,32099000000.0,,,,,6931000000.0,47064000000.0,3.06,0.3043,1.0,2.72,1.0,1780012800.0,0.99,33.28499984741211,22.97644509463702,,33.43139,2.44444,18.0,,,0.08712,0.54303,False,False,,0.5,5018320.0,4848934.0,0.8867711237977274,,,,,,0.31423395368617957,68.71283980030654,,,True,,,1.0,Europe,True,,22.292532031887784,,54.297866679078,48.255618606734856,,67.3694779116466,,50.0,,50.0,40.241997247840004,standard,412,,True,49.0,False,36.97654941373534,50.041876046901166,65.15912897822446,50.041876046901166,50.041876046901166,50.041876046901166,1,SVAG,-8,UPPTREND,False,1,0.14285714285714285,LÅG,EJ AKTUELL,-11.3,0.75,SUSPICIOUS_FWD_PE;,2026-08-10,0,True
ACA.PA,CREDIT AGRICOLE,Financial Services,Banks - Regional,France,EUR,,-5.643540999999999,-5.739928799999999,4.18,-4.0679726475,2.279341,-17.117,,-0.11800000999999999,-0.020070001199999986,-0.01978998000000004,0.016882525000000037,-0.43729,-0.1575,-0.3375,-0.201,,,,,1041207984128.0,527709011968.0,-445454352384.0,2374307000000.0,,26261000000.0,,,,,7074000000.0,19012000000.0,5.81,0.55799997,1.13,8.0,0.57,1791849600.0,0.812,19.78499984741211,14.29987403845285,,20.53235,2.41176,17.0,,,0.69908,0.09945,False,False,,0.5,5203284.0,4650232.0,0.633969755682559,,,,,,0.2198289630901422,79.33449221761549,,,True,,,0.122,Europe,True,,28.385041632385946,,8.427376994285401,71.42257149257075,,67.3694779116466,,50.0,,50.0,40.05475896891339,standard,413,,True,48.6,False,36.97654941373534,50.041876046901166,62.311557788944725,50.041876046901166,50.041876046901166,50.041876046901166,1,SVAG,-8,UPPTREND,False,2,0.2857142857142857,LÅG,EJ AKTUELL,-18.1,0.75,SUSPICIOUS_FWD_PE;,2026-08-10,0,True
AV.L,Aviva plc,Financial Services,Insurance - Diversified,United Kingdom,GBp,,15.136640999999997,0.0141625000000003,1.7968,-1.9835548625000008,0.7432506,0.57,-2.8385000000000007,-0.11050498249999999,-0.019999998199999994,-0.271527501,-0.34460747,-0.28522497999999996,0.27649999999999997,9.5935,4.65,38.89300000000001,0.0,0.81,-1821499968.0,18200000512.0,12433000448.0,16351257600.0,395304000000.0,,57436000000.0,,,,,1033000000.0,-2563000000.0,5.53,1.3925,0.39,6.3,0.262,1774483200.0,0.624,9116.216245651245,7366.799689899607,,694.89197,2.28571,14.0,,,0.0062,0.70838,False,False,,0.5,8085288.0,8389023.0,0.9407246822445717,,,,,,0.2194298367469985,64.03868578127275,,,False,,,0.5,UK,True,,14.141801289152301,,78.87090414861638,67.2407784959536,,29.71887550200803,11.875,50.0,,50.0,39.999643486030834,standard,414,,True,52.4,False,36.97654941373534,50.041876046901166,87.85594639865997,50.041876046901166,50.041876046901166,50.041876046901166,2,SVAG,-8,UPPTREND,False,2,0.2857142857142857,LÅG,EJ AKTUELL,-8.4,0.875,SUSPICIOUS_FWD_PE;,2026-08-10,0,True
AEHR,"Aehr Test Systems, Inc.",Technology,Semiconductor Equipment & Materials,United States,USD,3362189771.5450287,,49.16916625,0.9,4.312940000000001,67.242455,65.113,-309.66650000000004,-0.23493749625,-0.11705500050000002,-0.250804986,-0.19710254050000006,-0.13655,0.17300000000000001,,,-50.487500000000004,8.6725,7.602,-1411099439.0,116358000.0,9882000.0,3255713792.0,246694000.0,,50001000.0,,,-14143000.0,,-7126000.0,-3310000.0,,0.0,,,,,3.087,126.62000274658203,16.3799991607666,103.06999969482422,115.0,,3.0,2.0,0.15619999,0.04575,0.72253,False,False,,0.403,2497527.0,2320450.0,0.8,57.14,2.22,,,-8.32,1.4788,54.0,16.63,,True,0.8560055351347146,,0.556,US,True,,13.640450625066304,32.249278976335304,64.29675222629649,33.65726988952417,95.45454545454545,12.449799196787147,1.25,50.0,8.61244019138756,40.300000000000004,39.900137685443035,standard,415,239168781,False,46.8,False,36.97654941373534,97.52931323283082,2.554438860971524,50.041876046901166,50.041876046901166,50.041876046901166,3,SVAG,-8,UPPTREND,False,1,0.14285714285714285,LÅG,EJ AKTUELL,4.5,0.75,EXTREME_EARNINGS_GROWTH;,2026-08-10,0,True
BOUV.OL,Bouvet ASA,Technology,Information Technology Services,Norway,NOK,,-16.679745,-9.828362250000007,,0.43800957500000237,1.2073385,1.153,-11.035500000000003,0.419850003,0.07200999999999998,-0.0508175,-0.0897549805,-0.12689499999999998,-0.199,-0.47300000000000003,-0.196,20.313249999999996,-0.3804999999999999,1.181,-689761120.0,551203008.0,339040992.0,4465829376.0,1728816000.0,,3912343000.0,,,473432000.0,,358673000.0,347111000.0,6.64,0.9288,3.0,4.29,3.0,1778803200.0,0.338,69.79696585297306,41.17421124106959,,55.0,,3.0,,,0.18316,0.48396,False,False,,0.5,136420.0,137412.0,0.9291387974565747,,,,,,0.2434043777428355,58.208980717539596,,,True,,,0.279,Nordic,True,,53.962375972855284,,7.936665012570681,65.56300510129486,,67.3694779116466,8.75,50.0,,50.0,39.828609053824714,standard,416,,True,51.0,False,36.97654941373534,50.041876046901166,78.30820770519263,50.041876046901166,50.041876046901166,50.041876046901166,3,SVAG,-8,UPPTREND,False,2,0.2857142857142857,LÅG,EJ AKTUELL,-11.2,0.875,SUSPICIOUS_FWD_PE;,2026-08-10,0,True
ORCL,Oracle Corporation,Technology,Software - Infrastructure,United States,USD,423486858726.6998,-14.113717999999999,-11.839169750000002,0.7339,0.3359260000000006,6.287199,8.381,-4.154499999999998,0.34045250375,-0.007275000500000009,0.145395014,0.22894745949999998,0.16866000000000003,0.04199999999999998,-0.05600000000000002,0.256,333.88050000000004,-0.5424999999999999,1.012,-25945894144.0,31893999616.0,167431995392.0,564526841856.0,261759000000.0,,67357000000.0,,,22444000000.0,,17087000000.0,31977000000.0,1.39,0.3431,2.0,1.28,0.5,1783641600.0,1.718,341.8239855426254,114.5,147.02000427246094,247.17024,1.54545,41.0,1.39,0.0291,0.40497002,0.43736,False,False,,0.669,31334377.0,33626720.0,0.47,15.17,-21.58,,,-38.74,0.6121,71.2,-4.66,,True,0.9383167889123316,,0.838,US,True,,74.67461964148933,2.825216307099407,55.67781329857263,14.713115681329636,24.675324675324674,67.3694779116466,23.125,50.0,58.85167464114832,66.9,39.740570014078585,standard,417,4943800518,False,37.1,False,36.97654941373534,14.237855946398659,21.440536013400337,50.041876046901166,50.041876046901166,50.041876046901166,2,SVAG,-8,VARNING,False,2,0.2857142857142857,LÅG,EJ AKTUELL,-6.9,0.875,SUSPICIOUS_FWD_PE;,2026-08-10,0,True
028260.KS,Samsung C&T Corporation,Industrials,Engineering & Construction,South Korea,KRW,54569391006500.0,,1.4989147500000017,,,1.3277438,1.446,-1.6509999999999994,-0.060740003,-0.022990001000000003,-0.08425374649999998,-0.09109499950000001,-0.192595,-0.018000000000000002,0.029999999999999985,0.152,-24.288499999999996,0.03674999999999995,0.984,897425747968.0,6695283064832.0,4864112328704.0,59976903032832.0,86532745699420.0,,40742240967140.0,,,3307955495650.0,,2439114193250.0,3023741373860.0,0.83,0.17959999,2800.0,2.11,2800.0,1766966400.0,1.277,565000.0,153491.93623231133,336500.0,480555.56,1.38889,18.0,,,0.48700002,0.30735,False,False,,0.5,685198.0,560149.0,0.47312709360995314,-14.81,-16.91,11.61,,-0.404424778761062,0.737190175563131,53.754940711462446,-0.17631508089981152,0.07215125321630977,True,0.474523293734347,,1.0,Asia,True,,24.602267027329415,46.41731231914634,57.01019692944125,28.6590403024187,2.272727272727273,67.3694779116466,70.9375,50.0,,50.0,39.73692497787751,standard,418,137597801,False,55.3,False,83.91959798994975,2.554438860971524,76.21440536013401,50.041876046901166,50.041876046901166,50.041876046901166,5,NEUTRAL,0,VARNING,False,1,0.14285714285714285,LÅG,EJ AKTUELL,-1.7,0.625,SUSPICIOUS_FWD_PE;,2026-08-10,0,True
COLO-B.CO,Coloplast B A/S,Healthcare,Medical Instruments & Supplies,Denmark,DKK,,20.677408,-2.628484000000004,1.0947,0.13347210000000054,,4.338,-3.349500000000001,-0.065812504,0.030914998999999988,-0.066682508,-6.501499999999466e-05,0.23784500000000003,-0.065,,,130.2705,-0.05250000000000005,1.01,3288001728.0,1067000000.0,24227999744.0,121671475200.0,48073000000.0,,27030000000.0,,,7286000000.0,,5052000000.0,2766000000.0,5.4,2.4625,23.0,2.88,5.0,1779062400.0,0.553,618.8637324020452,369.70001220703125,,458.4762,3.09524,21.0,,,0.29795,0.31941,False,False,,0.5,376620.0,304529.0,0.5624601047003931,,,,,,0.26978995282064727,51.907524362015266,,,True,,,0.333,Nordic,True,,50.88173725193623,,14.727606076479832,55.33707009131348,,29.71887550200803,83.125,50.0,,50.0,39.733140831596536,standard,419,,True,46.8,False,36.97654941373534,50.041876046901166,50.041876046901166,50.041876046901166,50.041876046901166,50.041876046901166,3,SVAG,-8,UPPTREND,False,0,0.0,LÅG,EJ AKTUELL,-5.2,0.875,EXTREME_EARNINGS_GROWTH;SUSPICIOUS_FWD_PE;,2026-08-10,0,True
NAVI,Navient Corporation,Financial Services,Credit Services,United States,USD,853423899.1891766,,-8.913198000000001,0.13,-7.646881045000001,2.5939934,138.103,,-0.20237750124999998,-0.028215000499999997,-0.44862249900000006,-0.11787002000000002,0.51044,-0.10250000000000001,,,1828.4357499999999,6.213000000000001,7.601,,657000000.0,45200998400.0,45435871232.0,48681000000.0,,610000000.0,,,,,-80000000.0,441000000.0,7.06,2.0,0.64,4.31,0.16,1780617600.0,1.185,13.13069686187749,7.179060135004698,9.079999923706055,9.0625,3.25,8.0,9.03,0.24540001,0.02286,1.03498,False,False,,0.439,1148520.0,1313660.0,3.801509870547802,13.08,5.47,-5.62,,-0.3084906293078681,0.3964965651858977,56.321835615529885,0.08566317301511073,-0.05424499561543561,True,0.7918509171108776,,0.479,US,True,,29.467743191246115,51.12042561060043,14.295006111402131,41.57707775912239,97.07792207792207,29.71887550200803,,50.0,13.82775119617225,43.9,39.678132085656316,standard,420,11928033,False,55.1,False,36.97654941373534,97.52931323283082,58.040201005025125,50.041876046901166,50.041876046901166,50.041876046901166,1,SVAG,-8,NEDTREND,True,0,0.0,LÅG,EJ AKTUELL,-9.9,0.75,EXTREME_EARNINGS_GROWTH;SUSPICIOUS_FWD_PE;,2026-08-10,0,True
FER.MC,Ferrovial N.V.,Industrials,Engineering & Construction,Netherlands,EUR,,40.38591100000001,27.598293749999996,4.6242,0.8273951124999996,4.1942334,5.054,12.475999999999999,-0.10677000799999999,-0.03494000099999999,-0.05210749699999999,-0.067110005,0.4341,-0.041,-0.632,-0.522,74.55399999999999,0.017499999999999793,1.087,-31337504.0,3864000000.0,10657000448.0,49830141952.0,27420000000.0,,9627000000.0,,,967000000.0,,888000000.0,1926000000.0,2.5,1.3394,1.43,2.06,0.5578,1779062400.0,0.795,62.92955387144173,44.61873000313493,,62.38864,2.13636,22.0,,,0.34994,0.45883,False,False,,0.5,1086745.0,869802.0,0.7238809610988616,,,,,,0.21392804401002372,59.43662789104572,,,True,,,0.5,Europe,True,43.61684782608695,37.999411441617454,,16.43471743798711,61.6407600053134,,29.71887550200803,44.375,50.0,,50.0,39.522066075111404,standard,421,,True,44.4,False,36.97654941373534,50.041876046901166,34.08710217755444,50.041876046901166,50.041876046901166,50.041876046901166,3,SVAG,-8,UPPTREND,False,1,0.14285714285714285,LÅG,EJ AKTUELL,-6.7,0.875,,2026-08-10,0,True
LDOS,LDOS,Unknown,Unknown,Unknown,USD,,,,,,,,,,,,,,,,,,,,,,,,13493000000.0,,17174000000.0,,,2100000000.0,,1448000000.0,1750000000.0,,,,,,,,204.07501521051967,98.86000061035156,107.0199966430664,,,,,,,,False,False,,0.747,,,0.26,-11.8,-31.01,,,-44.53,0.3632,52.9,-9.91,,True,0.46394928239502825,,0.988,US,True,,,1.1292364076019195,88.35341365461848,43.43220338983051,,12.449799196787147,,50.0,,74.7,39.50885989801512,standard,422,,True,44.6,False,28.17195325542571,50.04173622704508,50.04173622704508,50.04173622704508,50.04173622704508,50.04173622704508,1,SVAG,-8,VARNING,False,1,0.14285714285714285,LÅG,EJ AKTUELL,0.0,0.0,EXTREME_GROWTH;EXTREME_EARNINGS_GROWTH;MISSING_CRITICAL;,2026-08-10,0,True
0003.HK,The Hong Kong and China Gas Company Limited,Utilities,Utilities - Regulated Gas,Hong Kong,HKD,127073714299.65367,5.641298500000001,7.189397750000004,2.83,0.05011603000000009,2.339083,3.537,4.2322500000000005,0.020445008000000015,0.009999998999999992,-0.07246124949999996,-0.10635999449999999,0.005734990000000023,-0.10400000000000001,-0.062,0.02,-28.462000000000014,-0.36024999999999985,0.43,-48203193856.0,8012899840.0,61059100672.0,192158121984.0,163555100000.0,,54326300000.0,,,8132100000.0,,5688200000.0,10533000000.0,5.14,1.1589,0.35,4.96,0.23,1780444800.0,0.561,7.511074330032385,6.400000095367432,6.809999942779541,7.47778,2.09091,9.0,,,0.41854,0.13083,False,False,,0.5,27280820.0,27268850.0,1.7695194105802927,3.5,-5.05,-4.79,,-0.09333876306478006,0.15172700085831586,45.27026635178282,0.0033516652199863106,-0.026450785262353338,False,0.36725219747236126,,0.5,Asia,True,24.747282608695652,43.76685105026104,46.75083467818492,26.093534639283636,66.17387595303761,43.506493506493506,29.71887550200803,4.375,50.0,,50.0,39.45269841717135,standard,424,23670634,False,44.5,False,36.97654941373534,23.283082077051926,61.47403685092128,50.041876046901166,50.041876046901166,50.041876046901166,3,SVAG,-8,NEDTREND,True,1,0.14285714285714285,LÅG,EJ AKTUELL,-8.3,0.875,,2026-08-10,0,True
COLD,"Americold Realty Trust, Inc.",Real Estate,REIT - Industrial,United States,USD,4270789053.850219,,568.72795025,5.84,-5.703538399999999,1.6424086,3.401,-7.134,-0.27199249875,-0.022365001500000002,-0.420614988,-0.33406254500000004,-0.17267,-0.0455,,,92.38175,-0.03649999999999998,0.73,-985850304.0,40470000.0,4619910144.0,8886050816.0,8121598000.0,,2601846000.0,,,202550000.0,,-114548000.0,359641000.0,6.38,7.6364,0.92,4.09,0.23,1782777600.0,,16.8799991607666,9.588037914483149,14.960000038146973,16.32353,2.52941,17.0,5.28,0.0825,0.00075,1.20893,False,False,,0.707,4452711.0,4032580.0,0.9913828341506589,-4.83,1.38,23.8,,-0.11374402950695606,0.45215991534945454,43.622449103716455,0.0023966439477633994,0.17092085388404632,False,0.5219755642024659,,0.158,US,True,,13.202290308622835,65.28806486025485,14.562379954601013,40.282600341219826,93.83116883116884,29.71887550200803,12.1875,50.0,20.095693779904305,70.7,39.170260784181636,standard,425,60327397,False,56.6,False,36.97654941373534,94.55611390284757,71.35678391959799,50.041876046901166,50.041876046901166,50.041876046901166,1,SVAG,-8,UPPTREND,False,1,0.14285714285714285,LÅG,EJ AKTUELL,-12.5,0.625,EXTREME_EARNINGS_GROWTH;,2026-08-10,0,True
RADL3.SA,Raia Drogasil S.A.,Healthcare,Pharmaceutical Retailers,Brazil,BRL,,4.349674874999996,1.6711790000000004,0.27,0.8866728199999998,0.77233255,0.945,-0.6269999999999989,-0.032802511999999985,-0.023174999999999998,-0.135470008,-0.16730001,0.0,-0.06599999999999999,,0.135,41.627999999999986,-0.671,0.475,-2727226880.0,652950016.0,8593035264.0,43269758976.0,25170475000.0,,44250449000.0,,,2648975000.0,,1296861000.0,1509470000.0,2.19,0.5089,0.44,1.19,0.115582,1783296000.0,,27.12717517771307,16.042494761209994,,25.38667,1.86667,15.0,,,0.25069,0.56241,False,False,,0.5,11064800.0,9565630.0,0.7524204760879442,,,,,,0.3457832923134756,65.54455505377018,,,True,,,0.629,LatAm,True,,27.568220336346393,,37.84925935626564,39.680993996002336,,67.3694779116466,21.5625,50.0,,50.0,38.95408502809953,standard,427,,True,52.3,False,36.97654941373534,50.041876046901166,87.1859296482412,50.041876046901166,50.041876046901166,50.041876046901166,3,SVAG,-8,UPPTREND,False,1,0.14285714285714285,LÅG,EJ AKTUELL,-6.1,0.75,EXTREME_EARNINGS_GROWTH;SUSPICIOUS_FWD_PE;,2026-08-10,0,True
UMG.AS,Universal Music Group N.V.,Communication Services,Entertainment,Netherlands,EUR,,68.099484,-2.178193500000001,2.0065,0.5726049624999998,2.2321897,2.593,0.20149999999999935,-0.158140015,0.012780003000000005,-0.09953750099999997,-0.07393999999999998,-0.020520020000000028,-0.008,-0.898,-0.845,84.76699999999998,-0.3744999999999999,0.413,870537504.0,550000000.0,5555999744.0,33240825856.0,17456000000.0,,12507000000.0,,,2141000000.0,,1533000000.0,1739000000.0,3.43,2.8889,0.52,,0.24,1791158400.0,0.777,24.87747507195998,14.170000076293945,,22.41,2.2381,20.0,,,0.43268,0.40347,False,False,,0.5,3318997.0,5920037.0,0.68,-20.45,-22.96,-23.38,,-26.16,0.5215,32.9,-15.62,,False,,,0.5,Europe,True,87.50543478260869,34.02474069966206,4.525835315545456,17.954336444357963,38.22703465141162,,29.71887550200803,82.5,50.0,,50.0,38.846464807749285,standard,428,,True,48.7,False,36.97654941373534,50.041876046901166,63.06532663316583,50.041876046901166,50.041876046901166,50.041876046901166,4,NEUTRAL,0,VARNING,False,1,0.14285714285714285,LÅG,EJ AKTUELL,,0.875,SUSPICIOUS_FWD_PE;,2026-08-10,0,True
012330.KS,"Hyundai Mobis Co.,Ltd",Consumer Cyclical,Auto Parts,South Korea,KRW,44278159459500.0,,-4.395134999999994,0.09,,0.7150103,0.574,-6.690999999999999,-0.05307999399999999,-0.026150003000000005,-0.06841375349999998,-0.08144999949999998,-0.23678501,-0.019999999999999997,-0.238,-0.145,-25.3585,0.7792499999999999,1.721,1453013348352.0,12600156880896.0,3813206917120.0,35538270683136.0,70400532000000.0,,61118127000000.0,,,3357582000000.0,,3655790000000.0,4472515000000.0,1.31,0.16530001,6500.0,1.83,1500.0,1786060800.0,1.371,819572.8181668856,278883.3879123264,496500.0,690500.0,1.56667,30.0,,,0.34228,0.36494,False,False,,0.5,667052.0,326638.0,0.5892103248257111,1.94,12.79,12.21,,-0.3941965997475283,0.6821748083591311,55.36151989891409,-0.08446080705678793,0.1380266454226622,True,0.6791734843114704,,0.0,Asia,True,,25.20825602623532,65.08584433228567,16.78935606626798,34.700748799381834,3.2467532467532463,67.3694779116466,89.375,50.0,,50.0,38.80200611984787,standard,429,118388310,False,58.8,False,90.45226130653266,2.554438860971524,88.77721943048577,50.041876046901166,50.041876046901166,50.041876046901166,4,NEUTRAL,0,VARNING,False,2,0.2857142857142857,LÅG,EJ AKTUELL,-1.1,0.625,SUSPICIOUS_FWD_PE;,2026-08-10,0,True
BN.TO,Brookfield Corporation,Financial Services,Asset Management,Canada,CAD,137360898210.0,57.74027649999999,,1.27,-1.5900008750000003,1.7363281,6.481,1.8474999999999993,-0.12375500249999999,0.0,-0.21902749350000003,-0.05847745500000001,-0.07737003000000003,-0.0155,1.3865,0.397,113.71900000000002,-1.48725,0.529,-2563697696.0,15029999616.0,267466997760.0,512748126208.0,518971000000.0,,75100000000.0,,,18049000000.0,,1307000000.0,10958000000.0,0.64,0.4902,0.4,0.85,0.098,1781481600.0,1.838,68.21149200452439,51.95930598732121,61.5,77.59191,1.81818,3.0,3.57,,0.17641,0.58532,False,False,,0.5,2686427.0,2759980.0,1.6250246671609678,1.17,-2.92,1.71,,-0.09839239411563117,0.278948830727437,51.41631668597482,-0.00012838312423812948,-0.0040878451143187,True,0.6615989166552135,,0.5,Canada,True,54.794836956521735,29.76114288385412,50.245337238511546,57.86618888092888,28.384791969596876,40.25974025974026,67.3694779116466,40.3125,50.0,,50.0,38.76571179470008,holding,430,121740244,False,45.6,False,36.97654941373534,22.194304857621443,69.93299832495813,50.041876046901166,50.041876046901166,50.041876046901166,3,SVAG,-8,NEDTREND,True,1,0.14285714285714285,LÅG,EJ AKTUELL,-10.1,0.875,,2026-08-10,0,True
006400.KS,"Samsung SDI Co., Ltd.",Industrials,Electrical Equipment & Parts,South Korea,KRW,35459649801000.0,,8.50643375,12.2945,,2.5336964,3.278,,,,-0.16581374749999994,-0.10567499649999999,-0.20534501,0.093,,1.048,13.904500000000006,-0.7032499999999999,0.415,,1505999978496.0,12111000371200.0,46725377032192.0,42255338580910.0,,13266730679490.0,,,-1722360788050.0,,-649468657550.0,792385760870.0,,0.0,,0.25,977.12604,1735257600.0,1.687,723000.0,196800.0,459000.0,707161.3,1.74194,31.0,,,0.22959,0.33722,False,False,,0.5,607317.0,476575.0,1.4099818584946213,11.41,-33.86,17.69,,-0.36514522821576767,0.7307657373861016,59.666666666666664,-0.044426864304450975,0.09566151459091721,True,0.842950170217018,,0.604,Asia,True,,20.8955223880597,47.56826242561822,69.31559571619813,28.090566003007407,4.545454545454546,12.449799196787147,,50.0,,50.0,37.80916386388974,standard,431,159685985,False,41.0,False,36.97654941373534,2.554438860971524,58.87772194304858,50.041876046901166,50.041876046901166,50.041876046901166,2,SVAG,-8,VARNING,False,1,0.14285714285714285,LÅG,EJ AKTUELL,-3.8,0.5,EXTREME_EARNINGS_GROWTH;MISSING_CRITICAL;,2026-08-10,0,True
1299.HK,AIA Group Limited,Financial Services,Insurance - Life,Hong Kong,HKD,764128045409.3348,2.390169,0.9563545000000006,1.01,0.020887849999999597,29.148502,30.065,70.74549999999999,0.03173999499999999,0.009220000000000002,-0.06731624949999998,-0.09298245449999998,0.05817499000000001,-0.0345,-0.10750000000000001,0.051,23.116,0.16525000000000034,0.976,-45717143552.0,8771999744.0,20580999168.0,788162019328.0,345423000000.0,,39604000000.0,,,,,6234000000.0,6970000000.0,2.6,0.3893,1.93,2.24,1.4408,1779926400.0,0.652,90.57969287387601,67.77503487099035,74.1500015258789,105.28854,1.3,17.0,,,0.00042,0.55848,False,False,,0.5,36312677.0,29148417.0,1.7243139308322144,2.56,-15.38,-17.06,,-0.18138382706677925,0.3223769980925593,43.7984489246978,-0.01868662084346351,-0.07132030312609738,False,0.18090820326827128,,0.5,Asia,True,18.30298913043478,45.78837759586801,35.280141016123125,30.25207241730979,62.29571496766795,20.12987012987013,67.3694779116466,22.1875,50.0,,50.0,37.80911604222622,standard,432,275500313,False,33.9,False,36.97654941373534,11.809045226130653,2.554438860971524,50.041876046901166,50.041876046901166,50.041876046901166,2,SVAG,-8,NEDTREND,True,2,0.2857142857142857,LÅG,EJ AKTUELL,-10.9,0.875,SUSPICIOUS_FWD_PE;,2026-08-10,0,True
3690.HK,Meituan,Consumer Cyclical,Internet Retail,China,HKD,515645832759.67017,,5.711832000000006,28.7188,0.14874105000000015,1.5392561,1.341,-26.812,-0.36629,-0.14086001299999998,-0.23388375349999996,-0.20840999949999994,-0.09697501,-0.018999999999999996,,,42.374500000000005,0.5202500000000002,1.558,-81572268032.0,180370161664.0,112803880960.0,495593029632.0,346910280000.0,,364854746000.0,,,-29840115000.0,,-23355015000.0,-13815001000.0,,0.0,,,,,0.232,127.0,63.650001525878906,92.19999694824219,108.32884,1.68421,36.0,,,0.01847,0.39304,False,False,,0.5,55062211.0,48944934.0,0.5257583038833722,17.45,9.44,-6.49,,-0.2740157720610852,0.4270255428664762,68.5534114377404,0.15004175111965812,0.0369861816847219,True,0.7173488217301496,,0.5,Asia,True,,13.6428242849691,54.02774882895948,32.81124497991968,63.71906244416738,22.727272727272727,12.449799196787147,8.4375,50.0,,50.0,37.70631359037495,standard,433,575220841,False,44.6,False,36.97654941373534,13.149078726968174,72.61306532663316,50.041876046901166,50.041876046901166,50.041876046901166,2,SVAG,-8,UPPTREND,False,1,0.14285714285714285,LÅG,EJ AKTUELL,-14.5,0.75,EXTREME_EARNINGS_GROWTH;,2026-08-10,0,True
KKR,KKR & Co. Inc.,Financial Services,Asset Management,United States,USD,92285913947.31683,10.509384999999998,-4.6868870000000005,0.543,-4.737102475,3.7257407,6.107,,,,-0.13954248900000005,-0.21847002000000001,0.05195000000000005,-0.07250000000000001,0.22549999999999998,0.373,-2.5352500000000076,,,,45299539968.0,55780061184.0,155634434048.0,410144072000.0,,19207544000.0,,,490198000.0,,2370463000.0,477760000.0,0.75,0.23959999,0.78,0.83,0.195,1786320000.0,1.786,151.29231463625382,82.5080917879704,102.80999755859375,126.526,1.59091,20.0,3.34,0.0221,0.23056999,0.62564,False,False,,0.454,4499403.0,4819170.0,1.6673408319436067,6.79,2.66,4.06,,-0.3204545927810293,0.3786054865852879,60.99396370409223,0.05960194163408361,-0.03497318549290385,True,0.6397858376166163,,0.773,US,True,,28.429282160625444,52.6352488095676,54.98749380275096,25.506794594191,50.97402597402597,67.3694779116466,,50.0,68.89952153110048,45.4,37.042531277678776,holding,434,495458856,False,41.5,False,36.97654941373534,26.968174204355112,38.107202680067005,50.041876046901166,50.041876046901166,50.041876046901166,3,SVAG,-8,NEDTREND,True,1,0.14285714285714285,LÅG,EJ AKTUELL,-7.5,0.75,SUSPICIOUS_FWD_PE;,2026-08-10,0,True
MNG.L,M&G plc,Financial Services,Asset Management,United Kingdom,GBp,,17.978948999999997,1.0005685000000009,,-1.259226862500001,1.1775591,1.458,-3.7335000000000003,-0.1210049825,-0.016809998499999992,-0.26262750100000004,0.02471253000000003,0.12442500999999997,0.27549999999999997,,,143.58599999999998,-0.1180000000000001,0.328,-4364124992.0,4904000000.0,6912000000.0,10706313216.0,190601000000.0,,21713000000.0,,,,,302000000.0,953000000.0,5.63,1.6423,0.21,8.89,0.138,1773878400.0,0.953,4688.206148147583,3124.976904160443,,319.426,2.3,10.0,,,0.17502001,0.52639,False,False,,0.5,5447492.0,4844784.0,1.4946598537918578,,,,,,0.1997330056970542,54.89254625850514,,,False,,,0.5,UK,True,,34.60324896975724,,59.33298411035446,52.220966571414365,,29.71887550200803,1.25,50.0,,50.0,36.863688481718306,holding,435,,True,51.1,False,36.97654941373534,50.041876046901166,78.9782244556114,50.041876046901166,50.041876046901166,50.041876046901166,1,SVAG,-8,UPPTREND,False,0,0.0,LÅG,EJ AKTUELL,-10.4,0.875,EXTREME_EARNINGS_GROWTH;SUSPICIOUS_FWD_PE;,2026-08-10,0,True
035420.KS,NAVER Corporation,Communication Services,Internet Content & Information,South Korea,KRW,31411753170000.0,,1.3774755,27.5905,,2.5150962,2.365,-0.710500000000001,-0.090230015,-0.010579996000000008,-0.011693750499999982,-0.04421499949999999,0.6192249900000001,0.10200000000000001,-0.376,-0.328,-12.0565,-0.0692499999999997,0.963,1406111592448.0,8963419537408.0,5310200152064.0,29531681325056.0,41084496327310.0,,12035007218970.0,,,2208138388970.0,,1953214734950.0,3095806604670.0,1.25,0.2187,2630.0,0.52,2630.0,1772064000.0,1.193,304000.0,181100.0,210000.0,302703.72,1.59259,27.0,,,0.00154,0.36556,False,False,,0.5,2043947.0,1716127.0,1.3322046091308153,8.98,1.2,-22.83,,-0.3092105263157895,0.571484549027542,58.10356422326833,-0.029269826008172628,-0.08883486205408953,True,0.5970664138770763,,0.377,Asia,True,,48.2616280119794,39.077528146522475,25.106248762794557,30.212719066632776,4.870129870129871,67.3694779116466,91.25,50.0,,50.0,36.72553097462194,standard,436,263082269,False,55.0,False,92.88107202680067,2.554438860971524,59.212730318257954,50.041876046901166,50.041876046901166,50.041876046901166,4,NEUTRAL,0,NEDTREND,True,1,0.14285714285714285,LÅG,EJ AKTUELL,-10.6,0.625,SUSPICIOUS_FWD_PE;,2026-08-10,0,True
GLW,Corning Incorporated,Technology,Electronic Components,United States,USD,142714812371.08344,33.609155,13.008146249999996,1.2321,1.012623000000001,8.412805,8.851,14.090500000000006,-0.02517749625,-0.018655000500000005,0.003715009999999984,0.023417459499999946,-0.12561,0.0020000000000000018,-0.09000000000000002,0.192,16.45849999999999,0.15550000000000008,0.978,-674644096.0,2504000000.0,9379000320.0,150156820480.0,30976000000.0,,15629000000.0,,,2279000000.0,,1596000000.0,2695000000.0,0.71,0.5161,1.12,2.53,0.28,1788134400.0,1.148,271.7799987792969,62.68477078910194,165.67999267578125,191.4,1.5,15.0,1.14,0.0252,0.08165,0.73477,False,False,,0.609,15182209.0,18333770.0,0.27,-12.32,-22.47,,,-37.21,0.8752,49.0,-10.15,,True,0.6742302712123484,,0.851,US,True,40.34375,41.752208725446316,2.448331884988854,50.39419968911075,44.0435997335102,39.935064935064936,67.3694779116466,41.5625,50.0,62.91866028708134,60.9,36.353445617745024,standard,437,3037538879,False,37.2,False,36.97654941373534,21.943048576214405,14.489112227805695,50.041876046901166,50.041876046901166,50.041876046901166,3,SVAG,-8,VARNING,False,1,0.14285714285714285,LÅG,EJ AKTUELL,-8.6,0.875,,2026-08-10,0,True
VKTX,"Viking Therapeutics, Inc.",Healthcare,Biotechnology,United States,USD,3996529425.8219185,,-30.6264865,,0.6882792249999987,,,,-1.05551996325,-0.5867599715,-0.112799994,-0.17780255500000003,-0.48956000000000005,,,,-61.56125000000001,2.8914999999999997,4.575,-1639936192.0,501663008.0,4086000.0,3498952704.0,715729000.0,,0.0,,,-393342000.0,,-359639000.0,-278685000.0,,0.0,,,,,0.685,43.150001525878906,22.958999633789062,34.2599983215332,92.92105,1.45,19.0,7.98,0.20979999,0.02856,0.64432997,False,False,,0.734,2294400.0,2044780.0,0.7242683242683242,-16.72,8.49,30.32,,-0.2060255594432363,0.7323386936555467,40.2573344436166,-0.0004260212357297677,0.014253831370716785,False,0.39409831966652303,,0.163,US,True,,7.871015260174525,73.8997051126713,4.819277108433735,53.92905607510019,94.15584415584416,12.449799196787147,1.25,50.0,14.30622009569378,73.4,36.11878013477077,standard,438,70054159,False,53.5,False,36.97654941373534,94.89112227805695,50.041876046901166,50.041876046901166,50.041876046901166,50.041876046901166,2,SVAG,-8,VARNING,False,1,0.14285714285714285,LÅG,EJ AKTUELL,-7.7,0.625,EXTREME_GROWTH;EXTREME_EARNINGS_GROWTH;SUSPICIOUS_FWD_PE;,2026-08-10,0,True
042700.KS,"HANMI Semiconductor Co., Ltd.",Technology,Semiconductor Equipment & Materials,South Korea,KRW,18240232284600.0,,19.332191750000003,1.1393,,37.985058,37.624,73.2465,0.17582002000000002,0.11141999999999999,0.22110128350000002,-0.0003449950000000007,0.17560502000000003,-0.8190000000000001,-0.927,-0.652,-7.150249999999998,2.3337499999999998,2.459,31193346048.0,175668494336.0,2251916544.0,18066815582208.0,813331626120.0,,576684619520.0,,,251390142150.0,,214007548410.0,228626759780.0,0.42,0.4271,800.0,1.76,800.0,1772668800.0,2.146,426000.0,81148.56669861963,192300.0,266875.0,,8.0,,,0.55786,0.23306999,False,False,,0.5,1221704.0,957587.0,0.7360197104104393,-3.46,-51.07,-8.58,,-0.5485915492957747,1.0405810268308011,40.198019801980195,-0.22316840642471636,-0.1451788655218622,True,0.3286790324119612,,0.0,Asia,True,38.32065217391304,77.32174823390748,32.34200694143315,1.1454705459818486,31.4066169822686,6.8181818181818175,67.3694779116466,51.24999999999999,50.0,,50.0,36.07252260791274,standard,439,134425105,False,42.4,False,76.46566164154103,2.554438860971524,2.554438860971524,50.041876046901166,50.041876046901166,50.041876046901166,5,NEUTRAL,0,NEDTREND,True,2,0.2857142857142857,LÅG,EJ AKTUELL,-12.9,0.625,,2026-08-10,0,True
BBAS3.SA,Banco do Brasil S.A.,Financial Services,Banks - Regional,Brazil,BRL,,-0.8537321250000023,-7.252209100000001,0.3,-2.221645540000001,1.6551343,13.199,,-0.14292001,-0.047750003,-0.11104250300000004,-0.29456747499999997,-0.30657,-0.3125,-0.7455,-0.544,,,,,328655175680.0,1122359181312.0,913268408320.0,2455143253000.0,,147119627000.0,,,,,13698124000.0,159254089000.0,1.18,0.1254,0.24,4.53,0.141262,1780358400.0,0.234,27.542484353543653,18.232270180815526,,25.09231,2.84615,13.0,,,0.5,0.18375,False,False,,0.5,22046546.0,15205090.0,1.009443155310239,,,,,,0.2845945679665941,47.54099239382716,,,False,,,0.59,LatAm,True,,13.87700768904934,,14.346574910348895,77.7131710595087,,67.3694779116466,,50.0,,50.0,35.8206743952165,standard,441,,True,49.9,False,36.97654941373534,50.041876046901166,71.10552763819096,50.041876046901166,50.041876046901166,50.041876046901166,1,SVAG,-8,UPPTREND,False,2,0.2857142857142857,LÅG,EJ AKTUELL,-13.1,0.75,SUSPICIOUS_FWD_PE;,2026-08-10,0,True
UPST,"Upstart Holdings, Inc.",Financial Services,Credit Services,United States,USD,3025462614.9887924,35.13153600000001,-9.032282,,-3.949642175,2.352816,3.597,25.615500000000004,-0.09840750124999999,-0.007185000500000002,-0.21629249100000006,-0.30185002000000005,0.34086999999999995,0.3285,1.9105,1.95,186.44675,8.805,2.388,-1541526816.0,457843008.0,2057602944.0,4625222656.0,2974805000.0,,1023985000.0,,,,,53601000.0,-147725000.0,,0.0,,,,,2.165,76.94999694824219,23.96500015258789,31.09000015258789,40.6,2.13333,15.0,6.02,0.3136,0.12779,0.62832,False,False,,0.495,4496314.0,5365660.0,1.0391543878827745,-6.44,7.21,-10.2,,-0.5959713920001903,0.6735268746086566,60.69745677275911,-0.002681755319670298,-0.12583516695007135,True,0.7841958643721816,,0.679,US,True,8.434782608695652,32.81402389838429,45.52638098513169,83.68656233293518,34.29986563912859,95.77922077922078,12.449799196787147,2.5,50.0,11.435406698564593,49.5,35.80126587860929,standard,442,166818370,False,55.6,False,36.97654941373534,97.52931323283082,61.39028475711893,50.041876046901166,50.041876046901166,50.041876046901166,4,NEUTRAL,0,NEDTREND,True,1,0.14285714285714285,LÅG,EJ AKTUELL,4.9,0.875,SUSPICIOUS_FWD_PE;,2026-08-10,0,True
EDIT,"Editas Medicine, Inc.",Healthcare,Biotechnology,United States,USD,442310518.3758402,,-26.5557575,,1.2222882249999993,11.431279,4.21,-21.630499999999998,-3.4277200032499997,-0.33759000149999996,-2.9286599939999998,-9.009662555,-1.5819299999999998,-0.479,,,329.83775,1.3904999999999998,3.174,-1482960064.0,123648000.0,17297000.0,162891280.0,186534000.0,,40520000.0,,,-99336000.0,,-160060000.0,-165241000.0,,0.0,,,,,2.063,4.5370001792907715,1.659999966621399,2.880000114440918,6.0,2.16667,8.0,7.51,0.1449,0.00168,0.49578997,False,False,,0.719,2543482.0,1533550.0,1.1064409711415926,-12.73,-4.95,72.97,,-0.3652193077737276,0.9007937716666924,50.0,-0.010139164059510208,0.10407226850576867,True,0.5968632420648718,,0.838,US,True,,1.3464950043109851,63.9092823409317,35.286581107036845,26.34992827558017,98.7012987012987,12.449799196787147,,50.0,10.526315789473683,71.89999999999999,35.71109170754968,standard,443,4416624,False,47.8,False,36.97654941373534,97.52931323283082,9.715242881072026,50.041876046901166,50.041876046901166,50.041876046901166,0,SVAG,-8,VARNING,False,1,0.14285714285714285,LÅG,EJ AKTUELL,-9.0,0.75,EXTREME_EARNINGS_GROWTH;SUSPICIOUS_FWD_PE;,2026-08-10,0,True
GOLD,"Gold.com, Inc.",Financial Services,Capital Markets,United States,USD,1261980264.0571213,-8.760149000000002,-6.614683000000001,,-6.546212275,0.054819982,0.122,1.6045000000000007,-0.06962750125,0.0006050004999999994,-0.2597124891000001,-0.3652200200000001,-0.47112000000000004,2.3455,,,110.84175,-0.47399999999999987,0.126,-2153054592.0,143607008.0,1654208000.0,2809071360.0,2215431000.0,,10978614000.0,,,48803000.0,,17320000.0,152347000.0,1.9,0.2606,0.8,,0.2,1779235200.0,0.616,66.13757836786306,21.255588800237,43.5099983215332,65.8,,5.0,7.27,0.1447,0.33103,0.61454,False,False,,0.791,443204.0,397600.0,1.1510334670661724,4.32,0.51,-12.85,,-0.34212894703330765,0.5232369395710199,71.77418339907905,0.05353636420875829,0.06673442534289808,True,0.9311036313988209,,0.488,US,True,,18.886852155135976,41.16448008214264,58.14540771782784,37.66781982632502,96.42857142857143,67.3694779116466,,50.0,11.24401913875598,79.10000000000001,35.52470067719015,holding,444,17299575,False,61.0,False,36.97654941373534,97.52931323283082,97.52931323283082,50.041876046901166,50.041876046901166,50.041876046901166,2,SVAG,-8,UPPTREND,False,1,0.14285714285714285,LÅG,EJ AKTUELL,-8.6,0.875,EXTREME_EARNINGS_GROWTH;SUSPICIOUS_FWD_PE;,2026-08-10,0,True
HEXA-B.ST,Hexagon AB (publ),Technology,Scientific & Technical Instruments,Sweden,SEK,,-19.529740999999998,-3.595473250000005,1.2241,37.33296257499999,47.55523,48.026,186.1905,0.03938000299999998,-0.023730000000000005,-0.0376475,0.02750501949999999,0.22031499999999998,-0.124,,,-3.9127499999999955,-0.10250000000000009,1.238,-231648384.0,2161499904.0,2644300032.0,262560776192.0,17108300000.0,,5424600000.0,,,1015400000.0,,617400000.0,1466900000.0,1.57,0.1777,1.52,1.22,0.14,1777248000.0,0.884,121.9326510983536,71.57263946533203,,98.18602,2.53333,15.0,,,0.21542,0.68983,False,False,,0.5,5192575.0,6174756.0,0.6106127199041441,,,,,,0.3980485539434444,82.67253454163833,,,True,,,0.431,Nordic,True,31.032608695652172,49.898239196622356,,11.547276060764798,43.7122068510256,,67.3694779116466,43.75,50.0,,50.0,35.1680563486988,standard,445,,True,39.7,False,36.97654941373534,50.041876046901166,2.554438860971524,50.041876046901166,50.041876046901166,50.041876046901166,2,SVAG,-8,UPPTREND,False,1,0.14285714285714285,LÅG,EJ AKTUELL,-7.2,0.875,EXTREME_EARNINGS_GROWTH;SUSPICIOUS_FWD_PE;,2026-08-10,0,True
HUT,Hut 8 Corp.,Financial Services,Capital Markets,United States,USD,10919555818.730347,,-34.287493999999995,,-0.7824517750000002,34.343304,58.708,-38.2345,-0.6115274812500001,-0.12440500050000003,-2.1490625890000006,-3.12787002,0.13371999999999995,0.7194999999999999,,,365.64775000000003,17.697000000000006,0.67,-9148481792.0,233579008.0,7668843008.0,18666229760.0,2753720000.0,,235118000.0,,,-97364000.0,,-226149000.0,-139226000.0,,0.0,,,,,6.108,140.8000030517578,18.68000030517578,88.58999633789062,164.4706,1.35294,17.0,2.8,0.1158,0.08559,0.76052004,False,False,,0.75,4463301.0,5097100.0,1.4586442726315767,-16.6,-12.44,99.17,,-0.3708096987375411,1.0841911012875638,43.498417403122964,-0.1975943550290471,0.24407989785072726,False,0.13102686813761913,,0.594,US,True,,15.980452819639334,62.21164231532384,72.23197136371573,27.283927227941728,85.06493506493507,12.449799196787147,1.25,50.0,13.875598086124402,75.0,34.78134121533285,holding,446,451552070,False,45.3,False,36.97654941373534,87.93969849246231,2.554438860971524,50.041876046901166,50.041876046901166,50.041876046901166,2,SVAG,-8,VARNING,False,2,0.2857142857142857,LÅG,EJ AKTUELL,-10.1,0.75,EXTREME_EARNINGS_GROWTH;SUSPICIOUS_FWD_PE;,2026-08-10,0,True
KINV-B.ST,Kinnevik AB,Financial Services,Asset Management,Sweden,SEK,,,-4.445899500000005,4.76,-5.908628599999999,-1.970725,-1.065,,-0.43444000200000005,-0.17116999000000002,-0.29218500300000005,0.50191754,-0.43674500000000005,1.5494999999999999,1.5415,1.743,-60.4425,4.712999999999999,6.233,-6207559488.0,9354999808.0,2055000064.0,8587986432.0,38117000000.0,,-4223000000.0,,,,,-3346000000.0,-215000000.0,,0.0,,2.71,7.0,1717718400.0,1.386,91.26000213623047,46.779998779296875,,67.28571,2.0,7.0,,,0.028989999,0.54906,False,False,,0.5,1232880.0,782365.0,1.3978248754362,,,,,,0.3583842842580434,76.27122162368178,,,True,,,0.5,Nordic,True,,24.501800809563726,,79.37040817231146,52.129010566316765,,12.449799196787147,,50.0,,50.0,34.33118996465016,holding,447,,True,46.8,False,36.97654941373534,50.041876046901166,50.041876046901166,50.041876046901166,50.041876046901166,50.041876046901166,4,NEUTRAL,0,UPPTREND,False,1,0.14285714285714285,LÅG,EJ AKTUELL,-0.4,0.75,SUSPICIOUS_FWD_PE;,2026-08-10,0,True
000270.KS,Kia Corporation,Consumer Cyclical,Auto Manufacturers,South Korea,KRW,52429700200700.0,,-8.101699399999994,0.42,,0.4534449,0.271,-11.626999999999999,-0.006499999999999992,-0.004560003000000007,-0.06449375549999997,-0.05828999949999998,-0.18933502,-0.022,-0.328,-0.235,-28.5675,-0.03674999999999995,0.93,1528159285248.0,23729899831296.0,2662490963968.0,31356606218240.0,98979055000000.0,,114140919000000.0,,,9078148000000.0,,7560983000000.0,9054140000000.0,5.04,0.3774,6800.0,3.0,6800.0,1774310400.0,1.017,203563.70609032846,95794.68718967229,134900.0,222233.33,1.36667,30.0,,,0.39367,0.33709,False,False,,0.5,1339789.0,1072377.0,0.8629969527154164,-13.97,-14.4,-7.72,,-0.3373081941230719,0.5560722762235988,45.62607204116638,-0.08508877826458505,-0.04745686679222938,True,0.46714681228460514,,0.0,Asia,True,,37.12274174109775,38.93215016976032,14.272080722577355,34.78894382869819,2.5974025974025974,67.3694779116466,91.875,50.0,,50.0,34.05155539490864,standard,448,105604470,False,59.2,False,89.0284757118928,2.554438860971524,93.80234505862647,50.041876046901166,50.041876046901166,50.041876046901166,5,NEUTRAL,0,NEDTREND,True,1,0.14285714285714285,LÅG,EJ AKTUELL,-5.9,0.625,SUSPICIOUS_FWD_PE;,2026-08-10,0,True
035720.KS,Kakao Corp.,Communication Services,Internet Content & Information,South Korea,KRW,17583286532700.0,,9.0412955,1.2,,2.1201696,1.761,-1.582500000000001,-0.10893001499999999,-0.025679996000000004,-0.09767375049999996,-0.10251499949999998,0.55905499,0.05,-0.057,-0.001,-9.3335,-0.09124999999999972,1.122,3083151486976.0,9990610878464.0,3067317321728.0,14606439284736.0,27783524545810.0,,8099147815080.0,,,733633380080.0,,491491558180.0,1404762595720.0,0.19,0.0646,75.0,0.11,75.0,1773014400.0,1.153,69602.46697285821,32250.0,39900.0,58884.617,1.57692,26.0,,,0.29798,0.22046,False,False,,0.5,2329398.0,2726254.0,1.7064367773361766,15.15,-11.82,-34.93,,-0.4267444569808254,0.4749386958785124,72.7699530516432,0.07255181312330317,-0.21066458541272448,True,1.0953132272382025,,0.461,Asia,True,,35.90900322826853,29.218601819756774,33.57420379517399,33.983648561289264,7.142857142857142,67.3694779116466,99.0625,50.0,,50.0,33.766024408129226,standard,449,79407600,False,57.0,False,97.52931323283082,2.554438860971524,64.4891122278057,50.041876046901166,50.041876046901166,50.041876046901166,5,NEUTRAL,0,NEDTREND,True,1,0.14285714285714285,LÅG,EJ AKTUELL,-6.6,0.625,,2026-08-10,0,True
TSLA,"Tesla, Inc.",Consumer Cyclical,Auto Manufacturers,United States,USD,1297742229687.0466,262.16889599999996,125.7964235,4.6818,6.137849925000001,12.524173,12.266,97.43700000000001,-0.13976749924999998,-0.054045004500000014,-0.046419993000000034,-0.08552754600000004,-0.30104000000000003,0.18,-0.133,-0.049,-61.99975,0.6100000000000001,1.347,3426855680.0,43524001792.0,16080000000.0,1270959308800.0,137806000000.0,,94827000000.0,,,4849000000.0,,3794000000.0,14747000000.0,,0.0,,,,,1.827,498.8299865722656,297.3800048828125,328.5799865722656,397.87274,2.3617,40.0,1.63,0.02,0.17819001,0.42574,False,False,,0.621,45302554.0,36366020.0,0.9995998563951631,-19.18,-20.21,-17.28,,-0.34129864800206,0.4641313524862491,34.91571670282492,-0.13631814699933875,-0.19622455352300383,True,0.39786129907752615,,0.427,US,True,39.19972826086956,20.760619889479116,31.045797016641128,35.17830097073215,35.931210746417555,18.181818181818183,12.449799196787147,53.43750000000001,50.0,75.11961722488039,62.1,33.60723322335939,standard,450,11949146363,False,44.4,False,75.96314907872697,10.469011725293132,8.542713567839195,50.041876046901166,50.041876046901166,50.041876046901166,4,NEUTRAL,0,NEDTREND,True,0,0.0,LÅG,EJ AKTUELL,-5.0,0.875,,2026-08-10,0,True
REAL.TO,Real Matters Inc.,Real Estate,Real Estate Services,Canada,CAD,384063795.6676483,,8.55257125,,-0.23915409999999993,2.0081873,1.806,-1767.3250000000003,-0.27140000000000003,-0.05006000000000001,-0.3189399925,-0.33528998000000004,-0.12792000000000003,0.0685,,,-70.834,2.42325,3.754,-344978244.0,40016000.0,1288000.0,345351296.0,111562000.0,,169749000.0,,,-7928000.0,,-22657000.0,-7183000.0,,0.0,,,,,1.263,8.0,4.71999979019165,5.170000076293945,6.3808165,2.16667,6.0,16.04,,0.0016,0.37237,False,False,,0.5,37683.0,24110.0,1.7192167275141055,1.77,-9.62,-27.08,,-0.35374999046325684,0.4582009991570279,51.304357921701616,0.004937237928294813,-0.12718308457866045,True,0.8443162169823557,,0.163,Canada,True,,12.217112175615622,31.914798143817062,34.040073336825564,46.73032480169377,99.35064935064936,12.449799196787147,,50.0,,50.0,33.17056959389777,standard,452,89401,False,56.2,False,36.97654941373534,97.52931323283082,65.49413735343383,50.041876046901166,50.041876046901166,50.041876046901166,2,SVAG,-8,NEDTREND,True,0,0.0,LÅG,EJ AKTUELL,-14.7,0.75,EXTREME_EARNINGS_GROWTH;,2026-08-10,0,True
CCO.TO,Cameco Corporation,Energy,Uranium,Canada,CAD,59171510656.90823,141.7880285,36.73925800000001,1.92,4.571913749999999,17.029627,17.061,61.9495,-0.09702000449999998,-0.04194500100000001,0.021559998999999996,-0.084554975,-0.04897002,-0.384,-1.9865000000000002,-0.921,-15.122,1.12325,1.875,-294953120.0,1112717952.0,1222128000.0,59280957440.0,10301282000.0,,3481933000.0,,,621259000.0,,589577000.0,1408432000.0,0.18,0.2963,0.24,0.23,0.24,1764547200.0,0.992,182.72000122070312,95.41489544708372,135.86000061035156,178.29411,1.70833,17.0,2.97,,0.0014399999,0.6827,False,False,,0.5,1041841.0,1140410.0,0.7164505773069837,1.19,-16.22,-9.21,,-0.256457970103396,0.554785345148805,67.50935561674953,-0.020543632214701013,-0.06450044722894965,True,0.9667739466943983,,0.325,Canada,True,31.37228260869565,32.37228184449158,38.19055303516648,3.329205485740885,45.0820741043932,61.36363636363637,67.3694779116466,40.625,50.0,,50.0,32.32879112399398,commodity,453,111123458,False,43.1,False,36.97654941373534,69.76549413735343,5.6951423785594635,50.041876046901166,50.041876046901166,50.041876046901166,2,SVAG,-8,NEDTREND,True,1,0.14285714285714285,LÅG,EJ AKTUELL,-21.9,0.875,,2026-08-10,0,True
0012.HK,Henderson Land Development Company Limited,Real Estate,Real Estate - Diversified,Hong Kong,HKD,130136478577.58633,-2.8494564999999987,-5.657490249999998,1.1226,-1.3267666549999997,5.0556107,11.274,46.833,-0.02720500349999999,-0.012409999999999997,-0.06834874849999997,-0.2600349995,-0.06532500999999999,0.1355,-0.20750000000000002,-0.121,-0.28899999999999615,2.18775,0.771,-42873268736.0,23119998976.0,164753997824.0,290192490496.0,539381000000.0,,25741000000.0,,,4347000000.0,,5653000000.0,12325000000.0,4.69,1.5789,1.26,6.89,0.76,1780531200.0,1.165,34.751161462960866,24.579999923706055,26.8799991607666,32.444,2.0,10.0,,,0.72547996,0.095690005,False,False,,0.5,8977848.0,7793135.0,1.877963154626428,7.95,-20.19,-13.1,,-0.22650069726687128,0.25693473628900393,45.762693371717404,-0.007426997049850725,-0.078347325839771,False,0.2933949944123958,,0.5,Asia,True,10.47554347826087,30.312268315844285,34.32185658995904,35.31344773864655,62.96285585734409,42.532467532467535,29.71887550200803,9.375,50.0,,50.0,32.03852601870335,standard,454,26701608,False,39.5,False,36.97654941373534,22.948073701842546,28.30820770519263,50.041876046901166,50.041876046901166,50.041876046901166,3,SVAG,-8,NEDTREND,True,1,0.14285714285714285,LÅG,EJ AKTUELL,-8.7,0.875,SUSPICIOUS_FWD_PE;,2026-08-10,0,True
SBB-B.ST,Samhällsbyggnadsbolaget i Norden AB (publ),Real Estate,Real Estate Services,Sweden,SEK,4626403878.152657,,-21.81551675000001,,-9.945240429999998,3.419616,26.076,42.781375,-0.189517502,-0.0274250015,-2.39925261325,-0.07996496250000004,0.21426500000000004,-0.048,,,48.90525,-0.035750000000000004,0.392,-1489356000.0,2066000000.0,39542001664.0,48866611200.0,69409000000.0,,1871000000.0,,,584000000.0,,-2326000000.0,1202000000.0,,0.0,,17.77,1.2,1719360000.0,2.528,5.823999881744385,2.950000047683716,3.2829999923706055,3.35,,1.0,,,0.30080998,0.24239,False,False,,0.5,14121200.0,10999387.0,0.477307029166067,-8.81,-2.29,-33.38,,-0.43629806678716954,0.47391230447651517,33.02253083463735,-0.020128702226328565,-0.1905319632485487,False,0.39307759957265126,,0.5,Nordic,True,24.308423913043477,26.6182145615536,33.53995213554425,27.48515802339794,34.966942459694934,93.5064935064935,12.449799196787147,28.4375,50.0,,50.0,31.981169024615166,standard,455,3803403,False,49.7,False,31.715481171548117,90.4602510460251,37.99163179916318,50.04184100418409,50.04184100418409,50.04184100418409,2,SVAG,-8,NEDTREND,True,0,0.0,LÅG,EJ AKTUELL,0.0,0.75,EXTREME_EARNINGS_GROWTH;SUSPICIOUS_FWD_PE;,2026-08-10,0,True
CRH.L,CRH plc,Basic Materials,Building Materials,Ireland,GBp,58734817280.0,-10.023089625,1258.7094730000001,2.2984,318.7584314375002,1.5684786,2.025,-18.348375000000004,-0.21208935887500008,-0.031019996250000015,-0.3567124882499999,-0.313701345,-0.8373150300000002,-0.025999999999999995,0.067,0.458,145.21762500000003,-1.7178749999999998,1.091,1610993728.0,4096000000.0,19704999936.0,75823243264.0,58329000000.0,,37447000000.0,,,5323000000.0,,3730000000.0,5625000000.0,0.0127,0.26860002,1.11,2.21,0.39,1772668800.0,1.241,9758.0,6340.0,8790.0,10476.811,1.33333,11.0,,,0.00139,0.90112996,False,False,,0.5,425571.0,576326.0,,,,,,,,,,,,,,0.525,UK,True,,7.551478749141938,,52.116422224608726,19.137800930843774,62.01298701298701,24.899598393574294,76.875,50.0,,50.0,31.288311389879095,standard,456,5065905540,False,59.2,False,75.6463719766472,48.790658882402,69.89157631359465,50.0417014178482,50.0417014178482,50.0417014178482,5,NEUTRAL,0,UPPTREND,False,0,0.0,LÅG,EJ AKTUELL,0.0,0.875,,2026-08-10,0,True
HIVE,HIVE Digital Technologies Ltd.,Financial Services,Capital Markets,United States,USD,777133447.1534152,,170.73242199999999,,-6.616914375,2.6096609,2.679,-1.0634999999999986,-0.48123748124999993,-0.1429750005,-0.761712489,-1.19572002,-0.12724002,1.2105,,,-58.13925000000001,-0.5509999999999998,0.752,-1266540688.0,32854000.0,71066000.0,797715520.0,639146000.0,,297791000.0,,,-116462000.0,,-148448000.0,62337000.0,,0.0,,,,,3.699,7.840000152587891,1.7300000190734863,2.8399999141693115,7.0625,1.25,8.0,1.99,,0.00975,0.39261,False,False,,0.757,27446545.0,16057130.0,0.8097770453500818,-15.48,-1.05,41.29,,-0.6377551200388866,1.000576103600071,42.937854933781615,-0.19873606296469704,-0.08590559300221445,True,0.32805919260301764,,0.32,US,True,,9.39450880189213,62.2036610600903,53.431115767417495,7.594400743202666,97.40259740259741,12.449799196787147,,50.0,,75.7,31.03049399482426,holding,457,45602248,False,55.1,False,36.97654941373534,97.52931323283082,57.78894472361809,50.041876046901166,50.041876046901166,50.041876046901166,1,SVAG,-8,NEDTREND,True,1,0.14285714285714285,LÅG,EJ AKTUELL,-8.8,0.75,EXTREME_EARNINGS_GROWTH;,2026-08-10,0,True
BITF,Bitfarms Ltd,Financial Services,Capital Markets,United States,USD,3701505900.6906896,,-266.602894,,-57.881985424999996,,,,,,-0.29676374950000006,-0.3518050175,-0.9267899350000002,,,,,,,,,,,,,,,,,,,,,0.0,,,,,,6.599999904632568,0.699999988079071,6.139999866485596,,,,2.29,0.1155,0.04605,0.40001,False,False,,0.5,32660486.0,32421308.0,1.1138113700200658,98.71,208.54,76.44,,-0.06969697648390827,1.0975704601611582,85.3242231949193,0.8115834730700242,1.118611126689414,True,0.9813241351275993,,0.5,US,True,,4.264392324093817,94.47967164630825,30.622489959839356,1.1652542372881356,94.8051948051948,12.449799196787147,,50.0,14.354066985645932,50.0,30.93313622817387,holding,458,199066827,False,,,,,,,,,1,SVAG,-8,UPPTREND,False,1,0.14285714285714285,LÅG,EJ AKTUELL,0.0,0.25,EXTREME_GROWTH;EXTREME_EARNINGS_GROWTH;SUSPICIOUS_FWD_PE;MISSING_CRITICAL;,2026-08-10,0,True
BURE.ST,Bure Equity AB (publ),Financial Services,Asset Management,Sweden,SEK,,,,1.16,-5.317154199999999,-5.469446,-5.311,-17.6905,-0.40865000200000007,-0.14604,-0.29218500300000005,0.56006744,-0.43674500000000005,,,,-67.3625,29.672,31.294,-3334373440.0,521000000.0,3000000.0,19835348992.0,20091000000.0,,268000000.0,,,-4675000000.0,,-4678000000.0,296000000.0,1.01,1.7361,2.75,0.85,2.75,1778630400.0,1.29,312.58589104575225,188.26420330932774,,,,,,,0.29,0.44104,False,False,,0.5,129904.0,114019.0,0.7778923812242717,,,,,,0.3104942428134411,46.975069546901196,,,True,,,0.5,Nordic,True,,24.816719004046302,,30.622489959839356,58.529249032857756,,29.71887550200803,8.125,50.0,,50.0,30.758011537334923,holding,459,,True,46.8,False,36.97654941373534,50.041876046901166,50.041876046901166,50.041876046901166,50.041876046901166,50.041876046901166,4,NEUTRAL,0,UPPTREND,False,0,0.0,LÅG,EJ AKTUELL,-9.7,0.625,EXTREME_GROWTH;EXTREME_EARNINGS_GROWTH;,2026-08-10,0,True
TROAX.ST,Troax Group AB (publ),Industrials,Metal Fabrication,Sweden,SEK,,313.44330299999996,190.52572175,,47.3267,31.215517,31.874,180.442,-0.22186000099999997,-0.010959997000000003,-0.124102501,-0.11413497900000001,-0.07631500000000002,0.133,,,51.62400000000001,0.5194999999999999,1.317,-915118626.0,15000000.0,200200000.0,8970494976.0,398997000.0,,262440000.0,,,33142000.0,,13453000.0,34546000.0,1.74,6.0,2.6,1.83,0.24,1776902400.0,1.21,163.65773798126023,88.4150972366662,,156.63058,,4.0,,,0.05954,0.84019995,False,False,,0.5,58327.0,28343.0,0.4777314712087625,,,,,,0.5710850233226586,61.340209226296864,,,True,,,0.165,Nordic,True,10.440217391304348,24.985324741412974,,40.482582503928754,42.79631894457437,,29.71887550200803,13.750000000000002,50.0,,50.0,29.66805605986406,standard,460,,True,39.7,False,36.97654941373534,50.041876046901166,2.554438860971524,50.041876046901166,50.041876046901166,50.041876046901166,2,SVAG,-8,UPPTREND,False,0,0.0,LÅG,EJ AKTUELL,-16.4,0.875,EXTREME_EARNINGS_GROWTH;,2026-08-10,0,True
051910.KS,"LG Chem, Ltd.",Basic Materials,Chemicals,South Korea,KRW,19483486116000.0,,-1.4411335000000003,1.13,,0.47376946,1.334,1.6605000000000003,-0.157680009,-0.047799999600000004,-0.19721376049999995,-0.19976498919999996,-0.21308501,-0.131,,,61.442499999999995,-0.7912499999999997,0.658,-5993531035648.0,9686781788160.0,35687030063104.0,60833916780544.0,101061661000000.0,,45932167000000.0,,,1180900000000.0,,-1819449000000.0,8233859000000.0,0.72,0.0,2000.0,1.29,2000.0,1774828800.0,1.444,437500.0,224000.0,276000.0,408200.0,1.72,25.0,,,0.34978,0.27728,False,False,,0.5,307990.0,224463.0,0.9386688008785881,8.24,-35.06,-10.54,,-0.3691428571428571,0.6365360642889577,58.712121212121204,-0.055182801588388286,-0.1824242103771656,True,0.9948132212106504,,0.473,Asia,True,37.50951086956522,14.010524540896384,32.3901405204137,12.630958617077004,23.583552495071604,6.1688311688311686,67.3694779116466,14.6875,50.0,,50.0,29.6357904072239,standard,461,45224805,False,46.2,False,36.97654941373534,2.554438860971524,93.71859296482413,50.041876046901166,50.041876046901166,50.041876046901166,2,SVAG,-8,NEDTREND,True,1,0.14285714285714285,LÅG,EJ AKTUELL,-13.7,0.625,EXTREME_EARNINGS_GROWTH;SUSPICIOUS_FWD_PE;,2026-08-10,0,True
ARBK,Argo Blockchain plc,Financial Services,Capital Markets,United Kingdom,USD,42104600.03677869,-21.8728152,-30.109308000000002,,-5.030024975,2.7128448,1.421,-18.0135,,-0.31209500049999994,0.06434751099999998,-4.292810019999999,-0.30935000000000007,,,,,-1.1439999999999997,0.354,-1413098939.0,16389443.0,0.0,22048710.0,22730000.0,,15521000.0,,,-9774000.0,,5084000.0,-25006000.0,,0.0,,,,,1.913,205.1999969482422,2.630000114440918,2.877000093460083,,,,0.96,0.0011,0.97045,0.00386,False,False,,0.5,17385.0,9980.0,0.652294085129906,-12.82,-18.73,-5.98,,-0.9859795314997701,1.6494840525436847,33.915238436118756,-0.13780183166047544,-0.8025862716390578,True,0.27665860825557304,,0.5,US,True,,22.588371403711747,33.86850836476973,30.622489959839356,4.361545071556082,99.67532467532467,12.449799196787147,,50.0,93.30143540669856,50.0,28.950083792469083,holding,462,28712,True,54.8,False,36.97654941373534,97.52931323283082,56.28140703517588,50.041876046901166,50.041876046901166,50.041876046901166,1,SVAG,-8,NEDTREND,True,0,0.0,LÅG,EJ AKTUELL,-10.6,0.5,EXTREME_GROWTH;EXTREME_EARNINGS_GROWTH;SUSPICIOUS_FWD_PE;,2026-08-10,0,True
CCJ,Cameco Corporation,Energy,Uranium,Canada,USD,42416556461.59177,141.610148,33.886782999999994,1.92,0.4862642499999996,12.207532,12.239,40.5925,-0.12605250324999995,-0.04251000150000001,-0.005734996500000027,-0.11072754000000004,-0.13843002,-0.384,-1.9865000000000002,-0.921,-38.93225,1.8525,1.875,-1359149440.0,1112717952.0,1222128000.0,42526003200.0,10301282000.0,,3481933000.0,,,621259000.0,,589577000.0,1408432000.0,0.19,0.2963,0.17,0.23,0.172,1764547200.0,0.992,135.24000549316406,68.82599337595263,97.38999938964844,129.56808,1.70833,11.0,2.29,,0.0014399999,0.6827,False,False,,0.171,3468375.0,3540720.0,0.7937515796741402,1.72,-17.96,-10.88,,-0.2798728524558425,0.5620184348772238,69.52054770117005,-0.009688560270138757,-0.06930397506840347,True,1.0926513218094327,,0.325,US,True,24.19701086956522,25.138214846878448,35.80882775899337,3.329205485740885,47.11546012939247,67.53246753246754,67.3694779116466,27.8125,50.0,,17.1,28.934219186854026,commodity,463,344830719,False,44.1,False,36.97654941373534,72.8643216080402,9.212730318257957,50.041876046901166,50.041876046901166,50.041876046901166,2,SVAG,-8,NEDTREND,True,1,0.14285714285714285,LÅG,EJ AKTUELL,-18.1,0.875,,2026-08-10,0,True
NXE.TO,NexGen Energy Ltd.,Energy,Uranium,Canada,CAD,9735748893.453335,,-70.361786,,1.9335547500000005,,,-98.7925,-0.3248400025,-0.105654999,-0.08057999599999999,-0.175664975,-0.4001,,,,1.3160000000000025,-0.4757500000000002,1.441,-643262112.0,970252992.0,619105984.0,9384601600.0,2472933000.0,,0.0,,,-89836000.0,,-309676000.0,-47512000.0,,0.0,,,,,1.648,18.90999984741211,8.680000305175781,14.520000457763672,21.125,1.5,16.0,10.2,,0.06385,0.54508996,False,False,,0.5,1641956.0,2390970.0,0.8695246792208612,11.69,-14.03,-4.41,,-0.2321522699667934,0.5628324804959104,72.93868299431868,0.04358329054298804,-0.01493870693457533,True,1.0469133580471206,,0.325,Canada,True,,13.258515998149031,42.924337477970056,9.839357429718875,36.38734065539968,86.36363636363636,12.449799196787147,20.3125,50.0,,50.0,28.366375975454385,commodity,464,24899686,False,52.6,False,36.97654941373534,89.0284757118928,50.041876046901166,50.041876046901166,50.041876046901166,50.041876046901166,2,SVAG,-8,NEDTREND,True,0,0.0,LÅG,EJ AKTUELL,-10.3,0.625,EXTREME_GROWTH;EXTREME_EARNINGS_GROWTH;SUSPICIOUS_FWD_PE;,2026-08-10,0,True
WULF,TeraWulf Inc.,Financial Services,Capital Markets,United States,USD,8751106435.087719,,67.72337125,,-109.65902092500001,52.0707,68.048,-100.33249999999998,-22.400177516249997,-0.06944000150000001,-0.2643650075000001,-4.029802545,0.11158995000000005,-0.0905,,,,-0.357,1.105,-2120515520.0,2629995008.0,5314066944.0,11436332032.0,6558182000.0,,168455000.0,,,-170309000.0,,-661416000.0,-123180000.0,,0.0,,,5.0,,4.261,29.84000015258789,4.639999866485596,17.65999984741211,37.94444,1.27778,18.0,2.9,0.248,0.22933,0.85535,False,False,,0.787,31696988.0,32973160.0,0.7957773278716174,-25.11,-18.73,21.46,,-0.40817695183957514,1.0792948455521238,38.11626377494465,-0.23757717431260295,0.006465649127723294,False,0.2847686152981984,,0.534,US,True,,16.45104910759342,51.39189741133759,30.249694429893488,9.902588442625984,88.31168831168831,12.449799196787147,6.875000000000001,50.0,13.349282296650717,78.7,28.09076126968329,holding,465,582306001,False,43.5,False,31.715481171548117,84.76987447698745,2.5523012552301254,50.04184100418409,50.04184100418409,50.04184100418409,1,SVAG,-8,VARNING,False,0,0.0,LÅG,EJ AKTUELL,0.0,0.625,EXTREME_EARNINGS_GROWTH;,2026-08-10,0,True
SAND,SAND,Unknown,Unknown,Unknown,USD,,,,,,,,,,,,,,,,,,,,,,,,,,,,,,,,,,,,,,,,,,,,,,,,,,False,False,,0.5,,,,,,,,,,,,,,,,0.5,US,True,,,,30.622489959839356,,,12.449799196787147,,50.0,,50.0,27.945933734939757,standard,466,,True,46.8,False,36.97654941373534,50.041876046901166,50.041876046901166,50.041876046901166,50.041876046901166,50.041876046901166,1,SVAG,-8,UPPTREND,False,0,0.0,LÅG,EJ AKTUELL,-2.4,0.0,EXTREME_GROWTH;EXTREME_EARNINGS_GROWTH;MISSING_CRITICAL;,2026-08-10,0,True
GKN.L,8072713,Unknown,Unknown,Unknown,USD,,,,,,,,,,,,,,,,,,,,,,,,,,,,,,,,,,,,,,,,,,,,,,,,,,False,False,,0.5,,,,,,,,,,,,,,,,0.5,UK,True,,,,30.622489959839356,,,12.449799196787147,,50.0,,50.0,27.945933734939757,standard,466,,True,46.8,False,36.97654941373534,50.041876046901166,50.041876046901166,50.041876046901166,50.041876046901166,50.041876046901166,1,SVAG,-8,UPPTREND,False,0,0.0,LÅG,EJ AKTUELL,-2.4,0.0,EXTREME_GROWTH;EXTREME_EARNINGS_GROWTH;MISSING_CRITICAL;,2026-08-10,0,True
JBSS3.SA,JBSS3.SA,Unknown,Unknown,Unknown,USD,,,,,,,,,,,,,,,,,,,,,,,,,,,,,,,,,,,,,,,,,,,,,,,,,,False,False,,0.5,,,,,,,,,,,,,,,,0.5,LatAm,True,,,,30.622489959839356,,,12.449799196787147,,50.0,,50.0,27.945933734939757,standard,466,,True,46.8,False,36.97654941373534,50.041876046901166,50.041876046901166,50.041876046901166,50.041876046901166,50.041876046901166,1,SVAG,-8,UPPTREND,False,0,0.0,LÅG,EJ AKTUELL,-2.4,0.0,EXTREME_GROWTH;EXTREME_EARNINGS_GROWTH;MISSING_CRITICAL;,2026-08-10,0,True
SQ,SQ,Unknown,Unknown,Unknown,USD,,,,,,,,,,,,,,,,,,,,,,,,,,,,,,,,,,,,,,,,,,,,,,,,,,False,False,,,,,,,,,,,,,,,,,,0.5,US,,,,,30.622489959839356,,,12.449799196787147,,50.0,,50.0,27.945933734939757,standard,466,,True,,,,,,,,,1,SVAG,-8,UPPTREND,False,0,0.0,LÅG,EJ AKTUELL,0.0,0.0,EXTREME_GROWTH;EXTREME_EARNINGS_GROWTH;MISSING_CRITICAL;,2026-08-10,0,True
X,X,Unknown,Unknown,Unknown,USD,,,,,,,,,,,,,,,,,,,,,,,,,,,,,,,,,,,,,,,,,,,,,,,,,,False,False,,0.5,,,,,,,,,,,,,,,,0.5,US,True,,,,30.622489959839356,,,12.449799196787147,,50.0,,50.0,27.945933734939757,standard,466,,True,46.8,False,36.97654941373534,50.041876046901166,50.041876046901166,50.041876046901166,50.041876046901166,50.041876046901166,1,SVAG,-8,UPPTREND,False,0,0.0,LÅG,EJ AKTUELL,-2.4,0.0,EXTREME_GROWTH;EXTREME_EARNINGS_GROWTH;MISSING_CRITICAL;,2026-08-10,0,True
8028.T,8028.T,Unknown,Unknown,Unknown,USD,,,,,,,,,,,,,,,,,,,,,,,,,,,,,,,,,,,,,,,,,,,,,,,,,,False,False,,0.5,,,,,,,,,,,,,,,,0.5,Japan,True,,,,30.622489959839356,,,12.449799196787147,,50.0,,50.0,27.945933734939757,standard,466,,True,46.8,False,36.97654941373534,50.041876046901166,50.041876046901166,50.041876046901166,50.041876046901166,50.041876046901166,1,SVAG,-8,UPPTREND,False,0,0.0,LÅG,EJ AKTUELL,-2.4,0.0,EXTREME_GROWTH;EXTREME_EARNINGS_GROWTH;MISSING_CRITICAL;,2026-08-10,0,True
SHG.L,SHG.L,Unknown,Unknown,Unknown,USD,,,,,,,,,,,,,,,,,,,,,,,,,,,,,,,,,,,,,,,,,,,,,,,,,,False,False,,0.5,,,,,,,,,,,,,,,,0.5,UK,True,,,,30.622489959839356,,,12.449799196787147,,50.0,,50.0,27.945933734939757,standard,466,,True,46.8,False,36.97654941373534,50.041876046901166,50.041876046901166,50.041876046901166,50.041876046901166,50.041876046901166,1,SVAG,-8,UPPTREND,False,0,0.0,LÅG,EJ AKTUELL,-2.4,0.0,EXTREME_GROWTH;EXTREME_EARNINGS_GROWTH;MISSING_CRITICAL;,2026-08-10,0,True
COB.L,COB.L,Unknown,Unknown,Unknown,USD,,,,,,,,,,,,,,,,,,,,,,,,,,,,,,,,,,,,,,,,,,,,,,,,,,False,False,,0.5,,,,,,,,,,,,,,,,0.5,UK,True,,,,30.622489959839356,,,12.449799196787147,,50.0,,50.0,27.945933734939757,standard,466,,True,46.8,False,36.97654941373534,50.041876046901166,50.041876046901166,50.041876046901166,50.041876046901166,50.041876046901166,1,SVAG,-8,UPPTREND,False,0,0.0,LÅG,EJ AKTUELL,-2.4,0.0,EXTREME_GROWTH;EXTREME_EARNINGS_GROWTH;MISSING_CRITICAL;,2026-08-10,0,True
ALTM,ALTM,Unknown,Unknown,Unknown,USD,,,,,,,,,,,,,,,,,,,,,,,,,,,,,,,,,,,,,,,,,,,,,,,,,,False,False,,0.5,,,,,,,,,,,,,,,,0.5,US,True,,,,30.622489959839356,,,12.449799196787147,,50.0,,50.0,27.945933734939757,standard,466,,True,46.8,False,36.97654941373534,50.041876046901166,50.041876046901166,50.041876046901166,50.041876046901166,50.041876046901166,1,SVAG,-8,UPPTREND,False,0,0.0,LÅG,EJ AKTUELL,-2.4,0.0,EXTREME_GROWTH;EXTREME_EARNINGS_GROWTH;MISSING_CRITICAL;,2026-08-10,0,True
HOLX,HOLX,Unknown,Unknown,Unknown,USD,,,,,,,,,,,,,,,,,,,,,,,,,,,,,,,,,,,,,,,,,,,,,,,,,,False,False,,0.5,,,,,,,,,,,,,,,,0.5,US,True,,,,30.622489959839356,,,12.449799196787147,,50.0,,50.0,27.945933734939757,standard,466,,True,46.8,False,36.97654941373534,50.041876046901166,50.041876046901166,50.041876046901166,50.041876046901166,50.041876046901166,1,SVAG,-8,UPPTREND,False,0,0.0,LÅG,EJ AKTUELL,-2.4,0.0,EXTREME_GROWTH;EXTREME_EARNINGS_GROWTH;MISSING_CRITICAL;,2026-08-10,0,True
MGGT.L,MGGT.L,Unknown,Unknown,Unknown,USD,,,,,,,,,,,,,,,,,,,,,,,,,,,,,,,,,,,,,,,,,,,,,,,,,,False,False,,0.5,,,,,,,,,,,,,,,,0.5,UK,True,,,,30.622489959839356,,,12.449799196787147,,50.0,,50.0,27.945933734939757,standard,466,,True,44.6,False,28.362573099415204,50.04177109440268,50.04177109440268,50.04177109440268,50.04177109440268,50.04177109440268,1,SVAG,-8,UPPTREND,False,0,0.0,LÅG,EJ AKTUELL,0.0,0.0,EXTREME_GROWTH;EXTREME_EARNINGS_GROWTH;MISSING_CRITICAL;,2026-08-10,0,True
DARK.L,DARK.L,Unknown,Unknown,Unknown,USD,,,,,,,,,,,,,,,,,,,,,,,,,,,,,,,,,,,,,,,,,,,,,,,,,,False,False,,0.5,,,,,,,,,,,,,,,,0.5,UK,True,,,,30.622489959839356,,,12.449799196787147,,50.0,,50.0,27.945933734939757,standard,466,,True,46.8,False,36.97654941373534,50.041876046901166,50.041876046901166,50.041876046901166,50.041876046901166,50.041876046901166,1,SVAG,-8,UPPTREND,False,0,0.0,LÅG,EJ AKTUELL,-2.4,0.0,EXTREME_GROWTH;EXTREME_EARNINGS_GROWTH;MISSING_CRITICAL;,2026-08-10,0,True
6714.T,6714.T,Unknown,Unknown,Unknown,USD,,,,,,,,,,,,,,,,,,,,,,,,,,,,,,,,,,,,,,,,,,,,,,,,,,False,False,,0.5,,,,,,,,,,,,,,,,0.5,Japan,True,,,,30.622489959839356,,,12.449799196787147,,50.0,,50.0,27.945933734939757,standard,466,,True,46.8,False,36.97654941373534,50.041876046901166,50.041876046901166,50.041876046901166,50.041876046901166,50.041876046901166,1,SVAG,-8,UPPTREND,False,0,0.0,LÅG,EJ AKTUELL,-2.4,0.0,EXTREME_GROWTH;EXTREME_EARNINGS_GROWTH;MISSING_CRITICAL;,2026-08-10,0,True
CHK,CHK,Unknown,Unknown,Unknown,USD,,,,,,,,,,,,,,,,,,,,,,,,,,,,,,,,,,,,,,,,,,,,,,,,,,False,False,,0.5,,,,,,,,,,,,,,,,0.5,US,True,,,,30.622489959839356,,,12.449799196787147,,50.0,,50.0,27.945933734939757,standard,466,,True,44.6,False,28.362573099415204,50.04177109440268,50.04177109440268,50.04177109440268,50.04177109440268,50.04177109440268,1,SVAG,-8,UPPTREND,False,0,0.0,LÅG,EJ AKTUELL,0.0,0.0,EXTREME_GROWTH;EXTREME_EARNINGS_GROWTH;MISSING_CRITICAL;,2026-08-10,0,True
SPD.L,SPD.L,Unknown,Unknown,Unknown,USD,,,,,,,,,,,,,,,,,,,,,,,,,,,,,,,,,,,,,,,,,,,,,,,,,,False,False,,0.5,,,,,,,,,,,,,,,,0.5,UK,True,,,,30.622489959839356,,,12.449799196787147,,50.0,,50.0,27.945933734939757,standard,466,,True,46.8,False,36.97654941373534,50.041876046901166,50.041876046901166,50.041876046901166,50.041876046901166,50.041876046901166,1,SVAG,-8,UPPTREND,False,0,0.0,LÅG,EJ AKTUELL,-2.4,0.0,EXTREME_GROWTH;EXTREME_EARNINGS_GROWTH;MISSING_CRITICAL;,2026-08-10,0,True
LANC,Lancaster Colony Corporation,Unknown,Unknown,Unknown,USD,,,,,,,,,,,,,,,,,,,,,,,,,,,,,,,,,,,,,,,,,,172.77,,,,,,,,False,False,,0.5,,,,,,,,,,,,,,,,0.5,US,True,,,,30.622489959839356,,,12.449799196787147,,50.0,,50.0,27.945933734939757,standard,466,,True,46.8,False,36.97654941373534,50.041876046901166,50.041876046901166,50.041876046901166,50.041876046901166,50.041876046901166,1,SVAG,-8,UPPTREND,False,0,0.0,LÅG,EJ AKTUELL,-2.4,0.0,EXTREME_GROWTH;EXTREME_EARNINGS_GROWTH;MISSING_CRITICAL;,2026-08-10,0,True
MSY.L,2719985,Unknown,Unknown,Unknown,USD,,,,,,,,,,,,,,,,,,,,,,,,,,,,,,,,,,,,,,,,,,,,,,,,,,False,False,,0.5,,,,,,,,,,,,,,,,0.5,UK,True,,,,30.622489959839356,,,12.449799196787147,,50.0,,50.0,27.945933734939757,standard,466,,True,46.8,False,36.97654941373534,50.041876046901166,50.041876046901166,50.041876046901166,50.041876046901166,50.041876046901166,1,SVAG,-8,UPPTREND,False,0,0.0,LÅG,EJ AKTUELL,-2.4,0.0,EXTREME_GROWTH;EXTREME_EARNINGS_GROWTH;MISSING_CRITICAL;,2026-08-10,0,True
MOR.DE,MOR.DE,Unknown,Unknown,Unknown,USD,,,,,,,,,,,,,,,,,,,,,,,,,,,,,,,,,,,,,,,,,,,,,,,,,,False,False,,0.5,,,,,,,,,,,,,,,,0.5,Europe,True,,,,30.622489959839356,,,12.449799196787147,,50.0,,50.0,27.945933734939757,standard,466,,True,46.8,False,36.97654941373534,50.041876046901166,50.041876046901166,50.041876046901166,50.041876046901166,50.041876046901166,1,SVAG,-8,UPPTREND,False,0,0.0,LÅG,EJ AKTUELL,-2.4,0.0,EXTREME_GROWTH;EXTREME_EARNINGS_GROWTH;MISSING_CRITICAL;,2026-08-10,0,True
CRAYN.OL,CRAYN.OL,Unknown,Unknown,Unknown,USD,,,,,,,,,,,,,,,,,,,,,,,,,,,,,,,,,,,,,,,,,,,,,,,,,,False,False,,0.5,,,,,,,,,,,,,,,,0.5,Nordic,True,,,,30.622489959839356,,,12.449799196787147,,50.0,,50.0,27.945933734939757,standard,466,,True,46.8,False,36.97654941373534,50.041876046901166,50.041876046901166,50.041876046901166,50.041876046901166,50.041876046901166,1,SVAG,-8,UPPTREND,False,0,0.0,LÅG,EJ AKTUELL,-2.4,0.0,EXTREME_GROWTH;EXTREME_EARNINGS_GROWTH;MISSING_CRITICAL;,2026-08-10,0,True
RWI.L,RWI.L,Unknown,Unknown,Unknown,USD,,,,,,,,,,,,,,,,,,,,,,,,,,,,,,,,,,,,,,,,,,,,,,,,,,False,False,,0.5,,,,,,,,,,,,,,,,0.5,UK,True,,,,30.622489959839356,,,12.449799196787147,,50.0,,50.0,27.945933734939757,standard,466,,True,46.8,False,36.97654941373534,50.041876046901166,50.041876046901166,50.041876046901166,50.041876046901166,50.041876046901166,1,SVAG,-8,UPPTREND,False,0,0.0,LÅG,EJ AKTUELL,-2.4,0.0,EXTREME_GROWTH;EXTREME_EARNINGS_GROWTH;MISSING_CRITICAL;,2026-08-10,0,True
HMED.ST,Hansa Medical AB (publ),Unknown,Unknown,Unknown,USD,,,,,,,,,,,,,,,,,,,,,,,,,,,,,,,,,,,,,,,,,,,,,,,,,,False,False,,0.5,,,,,,,,,,,,,,,,0.5,Nordic,True,,,,30.622489959839356,,,12.449799196787147,,50.0,,50.0,27.945933734939757,standard,466,,True,46.8,False,36.97654941373534,50.041876046901166,50.041876046901166,50.041876046901166,50.041876046901166,50.041876046901166,1,SVAG,-8,UPPTREND,False,0,0.0,LÅG,EJ AKTUELL,-2.4,0.0,EXTREME_GROWTH;EXTREME_EARNINGS_GROWTH;MISSING_CRITICAL;,2026-08-10,0,True
UN01.DE,UN01.DE,Unknown,Unknown,Unknown,USD,,,,,,,,,,,,,,,,,,,,,,,,,,,,,,,,,,,,,,,,,,,,,,,,,,False,False,,0.5,,,,,,,,,,,,,,,,0.5,Europe,True,,,,30.622489959839356,,,12.449799196787147,,50.0,,50.0,27.945933734939757,standard,466,,True,46.8,False,36.97654941373534,50.041876046901166,50.041876046901166,50.041876046901166,50.041876046901166,50.041876046901166,1,SVAG,-8,UPPTREND,False,0,0.0,LÅG,EJ AKTUELL,-2.4,0.0,EXTREME_GROWTH;EXTREME_EARNINGS_GROWTH;MISSING_CRITICAL;,2026-08-10,0,True
HAPV3.SA,Hapvida Participações e Investimentos S.A.,Financial Services,Insurance - Life,Brazil,BRL,,,-4.767178,,-2.7317489450000005,0.16065527,0.408,0.0,-0.24401001,-0.04262000299999999,-0.328662502,-0.374427475,-0.19133,-0.0595,,,-51.562000000000005,-0.10749999999999993,1.585,-5064617280.0,8330386944.0,16215185408.0,13002800128.0,72289824000.0,,31577240000.0,,,1908017000.0,,-141747000.0,2088566000.0,,0.0,,,0.08058,1640649600.0,0.256,42.65999984741211,7.0,,13.65385,2.92308,13.0,,,0.39776,0.54997003,False,False,,0.5,6271449.0,4225510.0,0.9356546448721222,,,,,,0.6963307330194388,47.504991083815185,,,True,,,0.621,LatAm,True,,11.25981847572485,,35.20909725859962,47.799362103292424,,12.449799196787147,1.25,50.0,,50.0,27.807061112818815,standard,488,,True,53.9,False,36.97654941373534,50.041876046901166,97.52931323283082,50.041876046901166,50.041876046901166,50.041876046901166,2,SVAG,-8,UPPTREND,False,0,0.0,LÅG,EJ AKTUELL,-15.2,0.75,EXTREME_EARNINGS_GROWTH;SUSPICIOUS_FWD_PE;,2026-08-10,0,True
MARA,"MARA Holdings, Inc.",Financial Services,Capital Markets,United States,USD,3897759965.674595,,-33.439143,0.1,-6.286546175,4.491423,7.043,-22.7875,-0.85114750125,-0.1828750005,-2.6115024890000003,-5.9551297199999995,-0.036219999999999974,-0.27849999999999997,,,34.037749999999996,0.19400000000000028,1.627,-1940208800.0,513652992.0,2463960064.0,6112103936.0,7286899000.0,,907093000.0,,,-822169000.0,,-1311480000.0,-802725000.0,,0.0,,,,,5.36,23.450000762939453,6.659999847412109,10.09000015258789,18.12909,,11.0,2.44,0.33150002,0.00857,0.69164,False,False,,0.651,44117383.0,41087180.0,1.1786051990453656,-23.68,-20.55,49.93,,-0.56972282199094,0.8294526975048158,40.342299115158156,-0.21494482433196072,-0.1265165692910839,False,5.43521654990409e-05,,0.395,US,True,,10.016406178739931,55.32738465352039,8.047843548105465,33.636057440532326,94.48051948051948,12.449799196787147,2.8125,50.0,11.435406698564593,65.10000000000001,27.50206795125125,holding,489,414569652,False,51.1,False,36.97654941373534,97.52931323283082,31.57453936348409,50.041876046901166,50.041876046901166,50.041876046901166,1,SVAG,-8,NEDTREND,True,0,0.0,LÅG,EJ AKTUELL,-13.2,0.75,EXTREME_EARNINGS_GROWTH;SUSPICIOUS_FWD_PE;,2026-08-10,0,True
RIOT,"Riot Platforms, Inc.",Financial Services,Capital Markets,United States,USD,7759663412.703896,,-47.429636,,-4.761039675000001,11.878242,12.906,-40.3905,-0.50267750125,-0.1480750005,-1.5908323889999998,-3.1788100200000002,-0.16609999999999997,-0.0585,,,-34.93425,-0.5719999999999997,0.667,-1854992704.0,205666000.0,877185024.0,8431182336.0,3936767000.0,,647435000.0,,,-343298000.0,,-663181000.0,,,0.0,,,1.0,1507766400.0,3.853,30.31999969482422,10.949999809265137,20.520000457763672,29.66476,1.42857,21.0,3.44,0.1532,0.06813,0.80986,False,False,,0.644,16748754.0,19194460.0,0.6556223402486422,-4.6,-14.89,70.15,,-0.323218975451819,0.880735546563252,51.737670312902424,-0.14277834770831888,0.10711113507523873,True,0.4316821855810148,,0.518,US,True,,8.297783830306992,60.92303345360195,32.665444386240615,8.025813758044153,88.63636363636364,12.449799196787147,5.0,50.0,9.090909090909092,64.4,27.157143771452006,holding,490,393870328,False,46.9,False,36.97654941373534,91.12227805695142,9.547738693467336,50.041876046901166,50.041876046901166,50.041876046901166,3,SVAG,-8,VARNING,False,1,0.14285714285714285,LÅG,EJ AKTUELL,-11.0,0.75,EXTREME_EARNINGS_GROWTH;SUSPICIOUS_FWD_PE;,2026-08-10,0,True
BTBT,"Bit Digital, Inc.",Financial Services,Capital Markets,United States,USD,481519009.93618727,,,,-7.014152875000001,4.195135,7.97,-20.920499999999997,-0.52377752125,-0.16502500050000002,-1.7379723889999998,-5.5768200199999995,0.05998999999999999,0.014499999999999999,,,-11.784250000000004,4.712,2.286,-2104530368.0,79529568.0,363872736.0,914753984.0,1174418132.0,,113560320.0,,,-56609654.0,,-80316584.0,-288924437.0,,0.0,,,,,3.973,4.550000190734863,1.1799999475479126,1.3799999952316284,4.125,,4.0,1.92,0.16209999,0.01748,0.48132,False,False,,0.803,27097037.0,23710050.0,0.5731187860757879,-17.86,-24.59,-8.31,,-0.6967033104654119,0.8600002803176848,41.01123768578065,-0.18684815229653473,-0.29848640815798566,True,0.3755944229323515,,0.297,US,True,,13.72777824067181,32.1048497423576,28.138204993888596,33.12387880297843,98.37662337662337,12.449799196787147,,50.0,7.655502392344498,90.30000000000001,26.984521575413904,holding,491,32719869,False,51.5,False,36.97654941373534,97.52931323283082,34.003350083752096,50.041876046901166,50.041876046901166,50.041876046901166,2,SVAG,-8,NEDTREND,True,0,0.0,LÅG,EJ AKTUELL,-10.5,0.75,EXTREME_EARNINGS_GROWTH;,2026-08-10,0,True
005380.KS,Hyundai Motor Company,Consumer Cyclical,Auto Manufacturers,South Korea,KRW,80055554103000.0,,-5.662489999999994,4.13,,0.54874396,1.443,6.237,-0.053699999999999984,-0.039510004000000015,-0.08186375549999997,-0.07509999549999997,-0.206545,-0.055999999999999994,,-0.159,106.53849999999998,,,,20255999000576.0,188805000724480.0,272236938264576.0,368844849000000.0,,186254472000000.0,,,11467851000000.0,,9445987000000.0,-5991270000000.0,2.53,0.3039,10000.0,4.02,2500.0,1787875200.0,1.732,783000.0,204949.83875,395500.0,680391.25,1.67742,31.0,,,0.30706,0.18962,False,False,,0.5,1431567.0,807181.0,0.48483609989626114,-14.49,-30.6,-20.26,,-0.49489144316730527,0.6742720705650004,49.035812672176306,-0.22415991525589973,-0.11787537922251934,True,0.4243615147784404,,0.217,Asia,True,,24.435602409537985,26.357951881044865,13.788545486292998,21.165472012742978,0.974025974025974,67.3694779116466,,50.0,,50.0,26.566526063612727,standard,492,233045262,False,46.0,False,36.97654941373534,2.554438860971524,92.29480737018424,50.041876046901166,50.041876046901166,50.041876046901166,1,SVAG,-8,NEDTREND,True,1,0.14285714285714285,LÅG,EJ AKTUELL,-14.9,0.625,EXTREME_EARNINGS_GROWTH;SUSPICIOUS_FWD_PE;,2026-08-10,0,True
BRNK.DE,Branicks Group AG,Real Estate,Real Estate Services,Germany,EUR,,,-13.673628249999997,6.12,-4.1758156025,0.28832135,9.651,-117.09800000000001,-0.4555250075,-0.092050005,-1.5453623989999998,-3.2020702,0.35915996,-0.26849999999999996,,,108.65150000000001,-0.3315000000000002,0.24,-621025664.0,97065000.0,1859616000.0,2164924672.0,3741591000.0,,251631000.0,,,-297988000.0,,-281113000.0,54844000.0,,0.0,,4.14,0.75,1680220800.0,0.906,2.1549999713897705,0.7559999823570251,,1.85,,2.0,,,0.38667,0.21816999,False,False,,0.5,63418.0,79927.0,1.1513612684683707,,,,,,0.601096208252723,13.19262450287549,,,False,,,0.5,Europe,True,,20.76469032161422,,16.941679762528373,33.11043462505091,,12.449799196787147,3.4375000000000004,50.0,,50.0,25.61072757601786,standard,494,,True,53.9,False,36.97654941373534,50.041876046901166,97.52931323283082,50.041876046901166,50.041876046901166,50.041876046901166,1,SVAG,-8,UPPTREND,False,0,0.0,LÅG,EJ AKTUELL,-13.7,0.75,EXTREME_EARNINGS_GROWTH;SUSPICIOUS_FWD_PE;,2026-08-10,0,True
OPEN,Opendoor Technologies Inc.,Real Estate,Real Estate Services,United States,USD,3384252207.3784947,,-92.13839975,,-3.951867,1.0400283,1.368,-32.891999999999996,-2.07635249875,-0.14405499650000003,-0.713474988,-0.520402545,-0.40320000000000006,-0.5015000000000001,,,118.77474999999998,2.1775,0.926,-1360394064.0,896000000.0,1964000000.0,4452252160.0,2407000000.0,,4371000000.0,,,-277000000.0,,-1300000000.0,1049000000.0,,0.0,,,,,3.594,10.869999885559082,1.7699999809265137,3.484999895095825,4.7,3.0,7.0,2.23,0.19549999,0.04892,0.50777,False,False,,0.802,56490585.0,39564330.0,0.4307608971573315,-34.25,-34.49,-25.85,,-0.6793928305624284,1.343977684635837,29.31033401936925,-0.21599066622507423,-0.3651054114107041,False,0.12649820408389248,,0.462,US,True,,4.703508782313987,23.726649563440702,8.479352191374192,30.781387765015605,95.12987012987013,12.449799196787147,3.125,50.0,5.263157894736842,90.2,25.023082484687702,standard,495,137881686,False,58.7,False,36.97654941373534,97.52931323283082,82.1608040201005,50.041876046901166,50.041876046901166,50.041876046901166,2,SVAG,-8,NEDTREND,True,0,0.0,LÅG,EJ AKTUELL,-19.0,0.75,EXTREME_EARNINGS_GROWTH;SUSPICIOUS_FWD_PE;,2026-08-10,0,True
IREN,IREN Limited,Financial Services,Capital Markets,Australia,USD,14734722565.425026,26.640798,-62.46261,3.11,-2.7319621750000005,19.462725,21.776,97.4335,-0.10052750125,-0.05700500050000001,-0.05444248900000004,-1.01855002,0.19441003,-0.0945,,,77.23975,2.072,3.504,-3720188416.0,2213274112.0,3964912896.0,16486362112.0,2940323000.0,,501023000.0,,,22122000.0,,86941000.0,245886000.0,,0.0,,,,,4.302,76.87000274658203,17.219999313354492,41.22999954223633,81.73333,1.625,15.0,2.44,0.2709,0.034730002,0.49493,False,False,,0.304,47199245.0,47518430.0,0.691083067826723,-1.17,-27.48,3.62,,-0.46363993665826175,1.1229983190478097,51.52592428994913,-0.12599791551876305,-0.13179575380594255,True,0.7682007903405802,,0.656,US,True,5.237771739130435,27.215083789132187,38.41103529787451,32.4170595425179,33.049670551975204,81.81818181818183,12.449799196787147,4.6875,50.0,11.435406698564593,30.4,23.51682327772626,holding,496,1959184847,False,44.8,False,36.97654941373534,84.42211055276381,2.554438860971524,50.041876046901166,50.041876046901166,50.041876046901166,3,SVAG,-8,NEDTREND,True,0,0.0,LÅG,EJ AKTUELL,-8.6,0.875,EXTREME_EARNINGS_GROWTH;SUSPICIOUS_FWD_PE;,2026-08-10,0,True
CINT.ST,Cint Group AB (publ),Technology,Software - Application,Sweden,SEK,,,44.53376974999999,,0.4120585750000014,14.297781,14.224,134.6755,-0.7890199969999999,-0.11871000000000002,-1.3195875000000001,-0.18913497950000002,0.43891499999999994,-0.217,,,-26.957749999999997,-0.20150000000000007,1.273,-874346500.0,61880000.0,51711000.0,2112589824.0,367372000.0,,150442000.0,,,-192300000.0,,-177240000.0,43267000.0,,0.0,,,,,1.403,7.480000019073486,2.1519999504089355,,5.8012342,,2.0,,,1.07095,0.13933,False,False,,0.5,988520.0,296071.0,0.55505020438601,,,,,,0.8300690888174013,16.666666666666657,,,False,,,0.516,Nordic,True,2.179347826086956,23.34651291299823,,24.479657761480706,20.742962161426064,,12.449799196787147,1.25,50.0,,50.0,22.25627572557361,standard,497,,True,40.4,False,36.97654941373534,50.041876046901166,7.2864321608040195,50.041876046901166,50.041876046901166,50.041876046901166,2,SVAG,-8,UPPTREND,False,0,0.0,LÅG,EJ AKTUELL,-21.2,0.75,EXTREME_EARNINGS_GROWTH;,2026-08-10,0,True
MIGI,Big Digital Energy Inc,Financial Services,Capital Markets,United States,USD,25842498.0,,18.745761500000018,,,0.6500589,1.004,-34.455625000000005,,-0.26906000300000005,-0.8648199834999998,-4.919164662499999,-0.19122001999999996,-0.849,,,,-0.8489999999999999,0.389,-3006625796.0,13271256.0,28482320.0,39901348.0,57441666.0,,39754085.0,,,-19883217.0,,-23656569.0,-6899676.0,,0.0,,,,,4.23,40.0,1.695,4.71,,,,0.33,0.1102,0.41764,0.0039,False,False,,0.5,559358.0,325218.0,,,,,,,,,,,,,,0.496,US,True,,7.68965072140897,,9.985376287759735,4.232669877428043,100.0,12.449799196787147,,50.0,16.74641148325359,50.0,18.97597551856698,holding,498,1531777,False,57.5,False,27.936241610738254,97.5251677852349,89.1778523489933,50.041946308724825,50.041946308724825,50.041946308724825,1,SVAG,-8,UPPTREND,False,0,0.0,LÅG,EJ AKTUELL,0.0,0.375,EXTREME_EARNINGS_GROWTH;MISSING_CRITICAL;,2026-08-10,0,True
