ticker,name,sector,industry,country,currency,market_cap,pe_trailing,pe_forward,peg_ratio,price_to_book,price_to_sales,ev_to_revenue,ev_to_ebitda,roe,roa,profit_margin,operating_margin,gross_margin,revenue_growth,earnings_growth,earnings_quarterly_growth,debt_to_equity,current_ratio,quick_ratio,free_cash_flow,total_cash,total_debt,enterprise_value,total_assets,total_assets_prev,revenue_ttm,revenue_prev,revenue_2y_ago,operating_income_ttm,operating_income_prev,net_income_ttm,operating_cashflow_ttm,dividend_yield,payout_ratio,dividend_rate,div_yield_5y_avg,last_dividend_value,ex_dividend_date,beta,52_week_high,52_week_low,current_price,target_mean_price,recommendation_mean,number_of_analysts,short_ratio,short_pct_float,insider_pct,institution_pct,insider_cluster,insider_executive_buy,earnings_revision_rate,options_flow_signal,avg_volume,avg_volume_10d,volume_ratio,return_1m,return_3m,return_6m,return_12m,pct_from_52w_high,volatility,rsi_14,price_vs_ma50,price_vs_ma200,macd_above_signal,bb_position,insider_recent_date,earnings_surprise,exchange_group,_fundamentals_neutralized,_sector_neutralized,score_value,score_quality,score_momentum,score_growth,score_risk,score_size,score_dividend,score_fcf_yield,score_sentiment,score_short_interest,score_options_flow,score_total,company_type,rank,est_daily_turnover_usd,low_liquidity,mews_score,mews_flag,mews_fcf_yield,mews_small_size,mews_low_ps,mews_operating_leverage,mews_revenue_accel,mews_clean_accruals,piotroski_f,piotroski_label,piotroski_boost,trend_signal,trend_capped,factors_positive,confidence_pct,confidence_label,entry_signal,score_delta_4w
MU,"Micron Technology, Inc.",Technology,Semiconductors,United States,USD,958798329327.9875,-12.845131000000002,-13.859245,0.1254,7.8215153,10.62098,10.403,-2.89525,0.5196675,0.28509,0.452290002,0.659062535,0.27362999999999993,3.314,13.469000000000001,13.983,-43.53,1.7434999999999998,2.927,6823062272.0,26022000640.0,6376000000.0,939152310272.0,82798000000.0,,37378000000.0,,,9809000000.0,,8539000000.0,17525000000.0,0.06,0.0112,0.53,0.33,0.15,1783296000.0,2.142,1254.8069810301963,103.21433303891678,848.9500122070312,1489.5714,1.42222,42.0,0.55,0.028099999,0.0025499999,0.8222,False,False,,0.318,51765387.0,43618290.0,1.18017279273034,-16.82,85.7,154.82,,-0.32344175236414174,0.7669394476981264,23.99678146042298,-0.09064522193912639,0.7579924769866735,False,0.1046102573109655,,1.0,US,True,True,,95.26962778723593,73.35610589239965,98.17642803416058,31.64328248379599,17.431972789115648,23.699664429530202,55.611222444889776,50.0,68.73804971319312,31.8,75.81342610250844,standard,6,37029747828,False,42.7,False,63.758389261744966,17.197986577181208,10.98993288590604,50.041946308724825,50.041946308724825,50.041946308724825,6,NEUTRAL,0,VARNING,False,3,0.42857142857142855,LÅG,VÄNTA,9.2
000660.KS,SK hynix Inc.,Technology,Semiconductors,South Korea,KRW,1307552709222000.0,,-10.8674254,0.435,,9.899417,9.632,-1.2207499999999998,0.48736749500000004,0.23494999700000002,0.438355004,0.561717535,0.32550500000000004,1.838,3.75,3.975,7.1175,0.8884999999999998,2.174,25799822215168.0,54361531088896.0,21832415576064.0,1272242730172416.0,176107659000000.0,,97146675000000.0,,,47206319000000.0,,42919287000000.0,53373126000000.0,0.16,0.028399998,3000.0,1.06,375.0,1779926400.0,2.027,2987000.0,243980.46875,1842000.0,3408502.2,1.35135,37.0,,,0.20716,0.41446,False,False,,0.5,5645769.0,6677866.0,0.8528992441096259,-26.93,67.03,148.08,,-0.3833277535989287,0.8114667267963753,29.682151589242054,-0.15892969406443191,0.6630487860039262,False,0.10531477146429527,,1.0,Asia,True,True,,96.06801862740303,71.3065755764304,96.40971546171552,42.63944040323746,0.17006802721088435,66.65268456375838,72.24448897795591,50.0,,50.0,83.44129907745359,standard,1,8979459296,False,43.6,False,75.41946308724832,2.5587248322147653,12.332214765100671,50.041946308724825,50.041946308724825,50.041946308724825,7,STARK,8,VARNING,False,4,0.5714285714285714,MEDEL,VÄNTA,17.5
MSAB-B.ST,Micro Systemation AB (publ),Technology,Software - Application,Sweden,SEK,1467345936.0,-5.206750000000003,7.893609,,6.041925899999999,3.0365913,2.89,-3.0257499999999977,0.44776750000000004,0.12849999700000003,0.066414999,-0.00999249499999999,0.5138499999999999,0.379,,,20.134999999999998,-0.21399999999999997,1.495,-784231864.0,145300000.0,73300000.0,1476235264.0,318067000.0,,461784000.0,,,67843000.0,,49172000.0,101888000.0,1.43,0.3989,1.2,4.0,0.6,1794441600.0,,88.0,51.61550828737911,84.0,96.0,1.0,2.0,,,0.2339,0.559,False,False,,0.5,17507.0,22008.0,0.9371557519878758,23.53,13.97,37.5,,-0.045454545454545414,0.48266238305607606,76.5151423199478,0.12817508969890445,0.2691713326149108,True,0.7603822969906142,,0.52,Nordic,True,True,,81.82953367404063,82.977512097922,69.39063453325198,41.68264734651816,95.40816326530613,66.65268456375838,,50.0,,50.0,74.2126359777117,standard,8,191670,False,51.2,False,27.936241610738254,97.5251677852349,47.14765100671141,50.041946308724825,50.041946308724825,50.041946308724825,4,NEUTRAL,0,UPPTREND,False,4,0.5714285714285714,MEDEL,VÄNTA,21.7
EXEL,"Exelixis, Inc.",Healthcare,Biotechnology,United States,USD,14055775781.115097,-10.529665999999999,-2.477976,2.56,3.529495,5.916998,5.661,-0.2815000000000003,0.2841,0.1591100015,0.23157999999999998,0.21829500000000002,0.51238,0.020000000000000004,0.3185,0.319,-50.54175,1.22775,3.01,-187318144.0,777206976.0,169540992.0,13448110080.0,2844423000.0,,2320126000.0,,,892701000.0,,782570000.0,884267000.0,,0.0,,,,,0.424,57.56999969482422,33.7599983215332,55.91999816894531,50.93333,2.26316,15.0,10.18,0.15439999,0.01821,1.0673699,False,False,,0.592,2727896.0,2511870.0,0.8625272334831351,7.33,26.0,23.63,,-0.02866078746961065,0.38783779803888185,56.60159201147474,0.06829684306905892,0.2425202866153624,False,0.6610824658002951,,1.0,US,True,True,,94.49414259702802,86.47879305436949,74.23111682889714,65.10418297763916,75.25510204081633,11.703020134228188,38.17635270541082,50.0,11.854684512428298,59.199999999999996,73.71881571587959,standard,10,140463766,False,44.4,False,27.936241610738254,75.58724832214764,23.909395973154364,50.041946308724825,50.041946308724825,50.041946308724825,5,NEUTRAL,0,UPPTREND,False,4,0.5714285714285714,MEDEL,OK,7.7
LLY,Eli Lilly and Company,Healthcare,Drug Manufacturers - General,United States,USD,1051461196166.0417,12.503630000000001,9.659417999999999,1.5665,29.969466999999998,14.553297,15.08,16.1635,0.94882,0.1461900115,0.2306,0.30066500000000007,0.37625999999999993,0.47500000000000003,1.5815000000000001,1.681,79.71524999999998,-0.5332499999999999,0.721,8340162304.0,5281999872.0,43370000384.0,1089549238272.0,112476000000.0,,65179000000.0,,,29696000000.0,,20640000000.0,16813000000.0,0.59,0.22129999,6.92,0.89,1.73,1786665600.0,0.506,1249.449951171875,619.3983893784804,1179.1099853515625,1270.3704,1.75862,27.0,2.74,0.0105,0.00155,0.85253,False,False,,0.317,3247890.0,2480480.0,0.8831416826598059,5.04,30.66,10.23,,-0.056296745423327854,0.3853964307279588,44.03944973825247,0.06304157200767402,0.1732886689348434,False,0.5256253340805686,,1.0,US,True,True,47.85459186529483,95.12630466040807,77.8679191574153,93.27849776680355,39.686535353033065,17.006802721088434,66.65268456375838,56.312625250501,50.0,92.54302103250478,31.7,81.60466030370576,standard,2,2924758736,False,42.3,False,64.59731543624162,16.778523489932887,7.550335570469799,50.041946308724825,50.041946308724825,50.041946308724825,7,STARK,8,UPPTREND,False,4,0.5714285714285714,MEDEL,STARK,11.5
FTNT,"Fortinet, Inc.",Technology,Software - Infrastructure,United States,USD,118403306916.68309,30.284511000000002,27.682849999999995,3.6273,114.4943313,16.65424,16.271,32.324749999999995,1.1772075,0.07225001,0.16814000199999998,0.16818250499999998,0.35097999999999996,0.058000000000000024,0.06999999999999998,0.233,7.450000000000003,-0.5285,1.034,996612480.0,3294899968.0,567200000.0,115675602944.0,10389200000.0,,6799600000.0,,,2084700000.0,,1853400000.0,2590600000.0,,0.0,,,,,1.09,170.35000610351562,70.12000274658203,161.61000061035156,119.24324,2.75,37.0,2.12,0.0249,0.17386,0.73038,False,False,,0.571,6174227.0,4757700.0,0.9362985299660761,9.92,96.13,111.56,,-0.05130616483719452,0.45473091216931516,59.30358598150625,0.1393599191909447,0.6650405441385172,False,0.7034177311359959,,1.0,US,True,True,44.89862406377,90.8633325195355,93.05436948477086,72.00895437982386,39.23881592952207,36.394557823129254,11.703020134228188,57.91583166332666,50.0,73.51816443594646,57.099999999999994,80.85847927575396,standard,3,768891900,False,45.1,False,64.93288590604027,35.90604026845637,6.124161073825504,50.041946308724825,50.041946308724825,50.041946308724825,8,STARK,8,UPPTREND,False,3,0.42857142857142855,LÅG,STARK,15.0
6098.T,"Recruit Holdings Co., Ltd.",Communication Services,Internet Content & Information,Japan,JPY,17847636950580.0,22.101453499999998,24.437239000000005,3.4192,9.4016626,4.827142,4.675,16.7815,0.17753500499999997,0.1091199995,0.062429999999999986,0.06844998999999999,0.29675500999999993,0.054000000000000006,0.541,0.523,-28.321,0.259,1.559,396061074432.0,725578022912.0,186275004416.0,17285819400192.0,2789018000000.0,,3697351000000.0,,,630567000000.0,,496912000000.0,610363000000.0,0.2,0.0719,26.0,0.37,13.0,1790640000.0,0.907,12885.0,6028.418262645158,12820.0,12775.0,1.5,16.0,,,0.03449,0.54956,False,False,,0.5,5718206.0,3889450.0,0.9603685289969345,14.82,78.98,40.01,,-0.005044625533566216,0.4805372518029783,80.43912175648703,0.19254482740657775,0.5172759779771618,True,0.883925399906337,,0.943,Japan,True,True,60.747360643073854,82.92862815458462,95.7443780244805,77.73967260819364,42.13403354667637,5.017006802721088,66.65268456375838,75.0501002004008,50.0,,50.0,72.81299120054706,standard,13,307125527,False,46.7,False,76.6778523489933,2.5587248322147653,30.620805369127517,50.041946308724825,50.041946308724825,50.041946308724825,6,NEUTRAL,0,UPPTREND,False,5,0.7142857142857143,HÖG,VÄNTA,12.4
CPRX,"Catalyst Pharmaceuticals, Inc.",Healthcare,Biotechnology,United States,USD,3854925724.4008675,-10.782798,-7.546773,,0.0,6.457616,5.194,-3.7845000000000004,0.11919001000000001,0.10148000149999999,0.25149,0.29701500000000003,0.38830005,-0.024,-0.006499999999999992,0.123,-59.034749999999995,5.072749999999999,6.701,-644627632.0,755859008.0,2681000.0,3100599552.0,1103979000.0,,588989000.0,,,257778000.0,,214326000.0,208670000.0,,0.0,,,,,0.742,32.560001373291016,19.049999237060547,31.489999771118164,31.66667,,3.0,4.11,0.0678,0.05574,0.89997,False,False,,0.895,2643075.0,3010030.0,0.0,0.38,24.27,38.6,,-0.032862455683143055,0.31985759611344805,65.51721869985005,0.00902320184937877,0.24224949147696928,False,0.7682177432215802,,1.0,US,True,True,,91.69228557861757,88.75604896100198,58.735799875379556,67.91261001397184,91.07142857142857,11.703020134228188,6.012024048096192,50.0,33.84321223709369,99.5,72.53546664676155,standard,14,94785844,False,46.4,False,27.936241610738254,91.19127516778524,21.140939597315437,50.041946308724825,50.041946308724825,50.041946308724825,4,NEUTRAL,0,UPPTREND,False,3,0.42857142857142855,LÅG,OK,1.7
2330.TW,Taiwan Semiconductor Manufacturing Company Limited,Technology,Semiconductors,Taiwan,TWD,59385127453430.0,4.235688499999998,1.997535000000001,0.9071,6.4820487,14.470399,13.923,4.909250000000001,0.23774749499999998,0.12929000699999998,0.33450500400000005,0.427417505,0.260815,0.208,0.368,0.583,12.282499999999999,0.7594999999999998,2.187,709926586368.0,3383596154880.0,1094369804288.0,57137329864704.0,7932842500000.0,,3809054300000.0,,,1936095600000.0,,1697604000000.0,2274975600000.0,1.05,0.2573,24.0,1.7,7.0,1789516800.0,1.246,2535.0,1100.3330553443031,2290.0,3059.7058,1.32353,34.0,,,0.00022,0.43835,False,False,,0.5,34305319.0,29783749.0,2.274613521012305,-3.98,13.11,35.11,,-0.096646942800789,0.3133775130562376,43.10344827586207,-0.025522005702908634,0.2466371505534226,False,-0.1349260457186335,,0.95,Asia,True,True,63.239887596421895,92.96893228955314,77.05664674067748,82.38906682564507,56.465849788599044,1.7857142857142856,66.65268456375838,63.52705410821643,50.0,,50.0,72.44135202705581,standard,15,2107362305,False,41.2,False,68.70805369127517,2.5587248322147653,7.802013422818792,50.041946308724825,50.041946308724825,50.041946308724825,5,NEUTRAL,0,VARNING,False,5,0.7142857142857143,HÖG,STARK,3.1
V,Visa Inc.,Financial Services,Credit Services,United States,USD,595105589165.8938,13.811686999999997,11.294799500000002,1.6052,16.4102213,15.847938,15.95,13.964749999999999,0.46851250299999997,0.17237001300000002,0.26202002,0.2987925099999999,0.52572,0.10700000000000001,0.22199999999999998,0.315,0.2120000000000033,-0.6059999999999998,0.669,20023312128.0,13912999936.0,23975999488.0,686275428352.0,99627000000.0,,40000000000.0,,,26556000000.0,,20058000000.0,23059000000.0,0.73,0.2197,2.68,0.7,0.67,1778544000.0,0.754,365.1400146484375,293.2820187246287,358.55999755859375,401.47394,1.36585,38.0,2.31,0.0125,0.00081,0.91573,False,False,,0.284,8411691.0,8239970.0,0.7479812875783791,7.64,14.03,9.38,,-0.01802053137391446,0.21999428169707014,65.97052310295349,0.0765972786585265,0.09089802123724566,True,0.7481386012022802,,0.869,US,True,True,65.8899922750529,96.3385935137091,75.46256760603472,73.94820582476612,63.41279098903183,19.132653061224488,66.65268456375838,80.56112224448898,50.0,90.43977055449331,28.4,80.04773611514902,standard,4,2954523623,False,47.1,False,83.30536912751678,18.875838926174495,6.459731543624161,50.041946308724825,50.041946308724825,50.041946308724825,7,STARK,8,UPPTREND,False,6,0.8571428571428571,HÖG,OK,8.1
INCY,Incyte Corporation,Healthcare,Biotechnology,United States,USD,23424457673.75,-12.517412999999998,-2.703443,11.9795,0.3700127999999996,4.3694034,3.628,-1.3665000000000012,0.18246,0.0776800015,0.14780999999999997,0.06232500000000002,0.0756,0.129,0.7204999999999999,0.917,-58.59875,1.6517499999999998,3.402,-257570496.0,4015824896.0,39430000.0,19448061952.0,6957973000.0,,5141242000.0,,,1342790000.0,,1286650000.0,1413498000.0,,0.0,,,,,0.758,119.5999984741211,67.16999816894531,117.25,113.81818,2.30769,22.0,4.72,0.0912,0.01844,1.06637,False,False,,0.815,1733220.0,1576370.0,1.1450068469614365,17.54,23.01,10.67,,-0.019648816923936496,0.33504035845359736,59.338318633645564,0.12024076979826281,0.1779367665528866,False,0.6938558867945849,,0.838,US,True,True,,80.05869915683346,80.58639339595787,80.44988467541955,61.8156178394697,66.921768707483,11.703020134228188,38.677354709418836,50.0,23.709369024856596,91.5,71.00732380052871,standard,18,184829382,False,44.7,False,27.936241610738254,67.36577181208054,34.060402684563755,50.041946308724825,50.041946308724825,50.041946308724825,4,NEUTRAL,0,UPPTREND,False,4,0.5714285714285714,MEDEL,OK,1.5
AAPL,Apple Inc.,Technology,Consumer Electronics,United States,USD,4901758048008.789,8.193587999999995,15.135017,2.6815,40.5753073,10.858001,10.894,14.080750000000002,1.2679974,0.19868000000000002,0.16475002199999997,0.17811250499999998,0.026559999999999973,0.02300000000000002,0.0020000000000000018,0.194,29.688000000000002,-0.6114999999999999,0.906,100274308864.0,68507000832.0,84710998016.0,4917961949184.0,359241000000.0,,416161000000.0,,,133050000000.0,,112010000000.0,111482000000.0,0.32,0.1259,1.08,0.5,0.27,1778457600.0,1.097,334.989990234375,200.7037642416869,333.739990234375,315.78604,2.04255,43.0,2.11,0.0095999995,0.01631,0.66203004,False,False,,0.349,54830800.0,48654840.0,0.9399171574452797,11.53,26.82,28.62,,-0.0037314547790679997,0.24483065419367694,88.58509070185222,0.1027899618208108,0.21856084567863654,True,0.9189022021859061,,0.911,US,True,True,60.11117206479999,85.59030688666465,91.61685169370908,62.87656130926821,45.45557227949371,9.77891156462585,66.65268456375838,72.54509018036072,50.0,94.07265774378585,34.9,70.56356829914624,standard,20,16238065826,False,44.5,False,76.00671140939598,9.64765100671141,10.486577181208053,50.041946308724825,50.041946308724825,50.041946308724825,6,NEUTRAL,0,UPPTREND,False,5,0.7142857142857143,HÖG,VÄNTA,2.5
MYCR.ST,Mycronic AB (publ),Industrials,Specialty Industrial Machinery,Sweden,SEK,67251035712.96564,12.039260499999997,1.7202124999999988,0.42,4.8713791749999995,7.775585,7.513,6.697500000000001,0.08160999000000002,0.07618,0.132595,0.184492497,0.11922000000000005,0.1005,0.104,0.182,-52.278,0.6965000000000001,1.476,724125056.0,2687000064.0,420000000.0,64983986176.0,10922000000.0,,7938000000.0,,,2017000000.0,,1560000000.0,1407000000.0,0.93,0.366,3.25,1.36,3.25,1778112000.0,0.709,353.20001220703125,181.32472841046936,344.3999938964844,311.5,2.75,4.0,,,0.002,0.8215,False,False,,0.5,294576.0,324514.0,1.2917983462253044,13.21,33.71,62.63,,-0.024915113268423883,0.39202634915374207,63.44937098521105,0.12783429466475416,0.4435334892962257,True,0.9341726148265187,,0.468,Nordic,True,True,59.19957232901557,81.19165569092812,93.96527184742384,54.22887545296226,54.985689890824176,47.10884353741497,66.65268456375838,62.22444889779559,50.0,,50.0,70.40069922850998,standard,22,11587527,False,48.9,False,67.70134228187919,46.4765100671141,16.526845637583893,50.041946308724825,50.041946308724825,50.041946308724825,5,NEUTRAL,0,UPPTREND,False,3,0.42857142857142855,LÅG,OK,10.2
PUUILO.HE,Puuilo Oyj,Consumer Cyclical,Department Stores,Finland,EUR,1433166436.2813492,3.205652249999998,2.872136000000001,,11.559056674999997,3.2402587,3.544,2.719000000000003,0.40761000000000003,0.08970001000000002,0.078524997,0.09414499,-0.03978999999999999,0.083,0.031000000000000014,0.143,104.98100000000002,0.99,0.667,-806912492.0,33000000.0,163400000.0,1567697280.0,316700000.0,,442300000.0,,,74700000.0,,56000000.0,74900000.0,3.85,0.69699997,0.66,,0.33,1791936000.0,0.589,18.100000381469727,11.00821617219834,17.040000915527344,17.26667,,3.0,,,0.07625,0.46240002,False,False,,0.5,107563.0,99717.0,0.508170197667398,1.19,30.53,41.29,,-0.058563505171391084,0.308810299445051,40.6666577656894,0.11661863344117784,0.2725347794126669,False,0.21987190387275993,,0.376,Nordic,True,True,,77.40228071516557,87.9020779960148,49.8897169325743,56.34324508993574,95.49319727891157,66.65268456375838,,50.0,,50.0,62.347591011692785,standard,112,1944807,False,50.9,False,27.936241610738254,97.5251677852349,44.966442953020135,50.041946308724825,50.041946308724825,50.041946308724825,3,SVAG,-8,UPPTREND,False,3,0.42857142857142855,LÅG,VÄNTA,7.1
NBIX,"Neurocrine Biosciences, Inc.",Healthcare,Drug Manufacturers - Specialty & Generic,United States,USD,17181981586.006714,-2.6147399999999976,-2.9746830000000006,0.4843,1.2455549999999995,5.538287,5.263,5.7845,0.09923000000000001,0.054990001499999996,0.09625001,0.035165,0.19164000000000003,0.34199999999999997,22.9875,24.051,-45.696749999999994,0.8987499999999998,2.506,-225887488.0,1316199936.0,463500000.0,16329281536.0,4631500000.0,,2860500000.0,,,636500000.0,,478600000.0,782700000.0,,0.0,,,,820195200.0,0.386,181.17999267578125,122.13999938964844,170.8800048828125,199.27321,1.41379,28.0,4.48,0.0717,0.0107700005,1.04204,False,False,,0.711,1205674.0,1067410.0,0.7689730896639,9.24,33.07,26.27,,-0.056849476815027944,0.3166061057753482,54.45283390424269,0.04881716166995398,0.1868913006280113,False,0.5183461563173581,,0.7,US,True,True,43.94442516317551,76.824340427239,85.56789069171647,87.8104831568902,69.46378573077733,72.27891156462584,11.703020134228188,38.276553106212425,50.0,31.73996175908222,71.1,62.120114101007104,standard,117,182399026,False,44.4,False,27.936241610738254,72.6510067114094,26.593959731543627,50.041946308724825,50.041946308724825,50.041946308724825,3,SVAG,-8,UPPTREND,False,4,0.5714285714285714,MEDEL,VÄNTA,1.0
AFL,Aflac Incorporated,Financial Services,Insurance - Life,United States,USD,63480597848.19946,-3.9711260000000017,3.680251499999999,1.18,-0.6985581000000001,3.5048916,3.847,3.0467500000000003,0.029712503000000008,0.011320002999999999,0.0011900099999999914,-0.07899749000000003,0.04843995999999995,0.21500000000000002,38.467,34.138,-18.744999999999997,-0.7589999999999998,0.814,4106687744.0,8270000128.0,14464000000.0,69674598400.0,116470000000.0,,17355000000.0,,,,,3646000000.0,2555000000.0,1.98,0.26860002,2.44,2.16,0.61,1779235200.0,0.603,125.93000030517578,94.92501795412419,124.72000122070312,116.42857,3.07143,14.0,4.31,0.0318,0.10786,0.59686,False,False,,0.819,2471903.0,1971730.0,1.6516516516516517,6.23,10.25,14.39,,-0.009608505372352694,0.17149540990136386,64.2545432565427,0.06184859184507241,0.11592630127889314,True,0.9619413666087677,,0.621,US,True,True,86.98962170150355,52.20177504757542,78.1810418445773,84.44707852460974,56.602035515650186,48.214285714285715,66.65268456375838,92.98597194388778,50.0,63.47992351816444,91.89999999999999,69.68582054642809,standard,24,245914168,False,59.3,False,93.03691275167785,47.56711409395973,42.4496644295302,50.041946308724825,50.041946308724825,50.041946308724825,6,NEUTRAL,0,UPPTREND,False,4,0.5714285714285714,MEDEL,OK,9.1
CACC,Credit Acceptance Corporation,Financial Services,Credit Services,United States,USD,6694445440.0,-2.1353340000000003,-1.1479344999999999,1.77,1.5820045999999994,5.2476645,10.251,,0.14620250299999998,0.030950002999999997,0.10063998999999998,0.15244250999999992,0.49197,0.063,0.299,0.278,356.24,2.178,3.634,,25700000.0,6408600064.0,13077345280.0,8631700000.0,,2287900000.0,,,619900000.0,,423900000.0,1054600000.0,,0.0,,,,,1.365,668.8599853515625,401.8999938964844,640.0,628.3333,3.0,3.0,5.91,0.34669998,0.52592,0.68551004,False,False,,0.459,164145.0,135870.0,0.39381511577553047,11.48,29.41,34.65,,-0.043148021983095974,0.40716477915462895,55.78521565156975,0.10326567148001642,0.28346124131502526,False,0.6532962769314475,,0.708,US,True,True,,85.34322650228737,88.38599487617421,68.2475133732668,35.543604560000986,86.4795918367347,11.703020134228188,,50.0,11.147227533460804,45.9,69.63062815319829,standard,25,86956800,False,46.8,False,27.936241610738254,86.66107382550335,28.355704697986578,50.041946308724825,50.041946308724825,50.041946308724825,6,NEUTRAL,0,UPPTREND,False,3,0.42857142857142855,LÅG,OK,8.6
005930.KS,"Samsung Electronics Co., Ltd.",Technology,Consumer Electronics,South Korea,KRW,1469868935265000.0,,-11.0420801,0.1791,,4.3118877,4.056,-3.8957499999999987,0.06419749500000001,0.058429997,0.084045004,0.273877505,0.11886503000000004,0.5489999999999999,4.705,4.867,-0.3825000000000003,0.8105,1.959,67558971344896.0,147378078220288.0,28138794909696.0,1575259652227072.0,566942110000000.0,,333605938000000.0,,,43601051000000.0,,44260956000000.0,85315148000000.0,0.58,0.1344,1488.0,2.19,372.0,1774828800.0,1.479,374500.0,62386.69631472179,255000.0,492536.72,1.35135,36.0,,,0.0967,0.35794,False,False,,0.5,30788306.0,29497667.0,0.8230791389613706,-26.41,23.49,83.83,,-0.31909212283044064,0.6515751757526291,32.05944798301486,-0.1676459067763416,0.3796898035425682,False,0.11550630951726984,,0.838,Asia,True,True,,79.23290980163281,69.71249644178765,90.36655465259909,32.45343690371846,0.08503401360544217,66.65268456375838,89.07815631262524,50.0,,50.0,69.5229823097412,standard,26,5490990712,False,50.3,False,88.84228187919463,2.5587248322147653,34.395973154362416,50.041946308724825,50.041946308724825,50.041946308724825,6,NEUTRAL,0,VARNING,False,4,0.5714285714285714,MEDEL,VÄNTA,10.9
CSX,CSX Corporation,Industrials,Railroads,United States,USD,94300546942.0,0.06026650000000089,2.812471500000001,2.309,2.712605075,6.6638784,7.959,0.13999999999999968,0.08347999,0.016010003000000002,0.11150000299999999,0.225367497,0.016100029999999987,-0.051500000000000004,0.185,0.249,66.897,-0.4179999999999999,0.775,313437440.0,1108999936.0,19428999168.0,112626548736.0,43682000000.0,,14092000000.0,,,4718000000.0,,2889000000.0,4613000000.0,1.1,0.3252,0.56,1.31,0.14,1780012800.0,1.211,51.290000915527344,31.482380199045476,50.75,50.63043,1.92,23.0,3.13,0.021,0.0022200001,0.82892996,False,False,,0.856,12529350.0,11026710.0,1.4191495624541597,8.21,19.16,41.16,,-0.01052838576502868,0.22337196879592727,75.45306630853318,0.08119460367205278,0.2576198057771115,True,0.8898575840074937,,0.714,US,True,True,65.00123151330594,73.82044029684741,90.46399089097638,55.63478774892178,42.66435122195366,40.22108843537415,66.65268456375838,50.40080160320641,50.0,79.06309751434034,95.6,69.42999591116961,standard,27,559605532,False,46.7,False,60.738255033557046,39.68120805369127,20.553691275167786,50.041946308724825,50.041946308724825,50.041946308724825,4,NEUTRAL,0,UPPTREND,False,4,0.5714285714285714,MEDEL,VÄNTA,4.9
SPG,"Simon Property Group, Inc.",Real Estate,REIT - Retail,United States,USD,74163272284.77014,-17.371719,9.750657999999998,4.58,13.036928,13.070648,15.662,2.5470000000000006,1.068195,0.028560000000000002,0.4462250100000001,0.04858500000000002,0.36376,0.1375,-0.031,0.159,365.4465,-0.53,0.195,1678253056.0,542955008.0,28989048832.0,104129593344.0,40606466000.0,,6364505000.0,,,3175396000.0,,4627612000.0,4136551000.0,3.85,0.60150003,8.8,5.11,2.25,1780963200.0,1.327,231.52999877929688,152.4502193116617,228.6999969482422,224.42105,2.42857,19.0,0.0,0.0,0.01798,0.94905,False,False,,0.709,1885951.0,1672540.0,0.5804719968335642,6.26,14.83,25.93,,-0.012223046024167017,0.1948876626620185,52.90715913056776,0.07995490488375068,0.19775803680713322,False,0.8312201226663649,,0.0,US,True,True,70.47441251217518,86.71101063110453,84.94164531739254,46.295076043652,33.718283168118326,45.40816326530612,66.65268456375838,68.03607214428857,50.0,99.0,70.89999999999999,69.28860230206791,standard,28,382509893,False,49.8,False,76.84563758389261,44.79865771812081,8.89261744966443,50.041946308724825,50.041946308724825,50.041946308724825,4,NEUTRAL,0,UPPTREND,False,4,0.5714285714285714,MEDEL,OK,5.0
ASML.AS,ASML Holding N.V.,Technology,Semiconductor Equipment & Materials,Netherlands,EUR,590361700000.0,28.174920999999998,12.541358,2.6962,24.2785256,16.71111,16.61,28.69425,0.401672495,0.11568000699999999,0.23441499500000001,0.25718750500000004,0.15171004000000005,0.07,,0.274,-35.652,-0.22950000000000004,0.721,7846144256.0,7581499904.0,1984400000.0,586789879808.0,50566600000.0,,32667300000.0,,,11301400000.0,,9609400000.0,12658500000.0,0.68,0.2723,10.8,0.85,2.7,1776988800.0,,1741.0,584.6851677728998,1537.0,1905.7859,1.40909,34.0,,,0.0001,0.46867,False,False,,0.5,696178.0,587418.0,1.3693854307862767,-8.29,23.73,37.67,157.19,-0.11717403790924752,0.41345431555037937,44.7988904299584,0.02281196264686791,0.30924593218596463,False,0.2523725679532108,,0.723,Europe,True,True,50.28145676828517,89.46161984373919,84.86884886280839,67.52064177148604,33.17612799885096,19.217687074829932,66.65268456375838,64.32865731462925,50.0,,50.0,69.03243478654177,standard,29,1033376948,False,43.6,False,69.46308724832215,18.959731543624162,6.0402684563758395,50.041946308724825,50.041946308724825,50.041946308724825,5,NEUTRAL,0,UPPTREND,False,4,0.5714285714285714,MEDEL,OK,9.7
2881.TW,"Fubon Financial Holding Co., Ltd.",Financial Services,Insurance - Life,Taiwan,TWD,1701382377172.5,6.3826994999999975,3.4540755,1.36,0.7104235999999999,1.6250993,1.219,-4.135749999999999,0.07473249799999998,0.020189999999999996,-0.10295500800000001,0.10098752999999999,0.13686500000000001,1.692,,,57.5445,-0.4600000000000001,1.007,1155170764800.0,1336526110720.0,836762796032.0,1275737145344.0,12875478154000.0,,379304535000.0,,,,,120943979000.0,14407546000.0,3.41,0.4954,4.25,3.8,4.25,1782864000.0,0.658,136.37258933167166,76.99708051009796,124.5,117.935,1.9,10.0,,,0.40671003,0.22285,False,False,,0.5,43326147.0,22494700.0,1.0838273084169818,-5.0,46.28,33.53,,-0.08705993917000687,0.24424592275942963,50.40645368552561,0.09077224006819451,0.3134240986334489,False,0.4051069954857609,,1.0,Asia,True,True,,61.75605057581343,85.16937090805578,97.31704956117707,50.48762977670934,14.795918367346939,66.65268456375838,99.04809619238478,50.0,,50.0,68.76061591621122,standard,32,86531438,False,59.5,False,97.5251677852349,14.597315436241612,69.12751677852349,50.041946308724825,50.041946308724825,50.041946308724825,6,NEUTRAL,0,UPPTREND,False,4,0.5714285714285714,MEDEL,OK,10.5
STX,Seagate Technology Holdings plc,Technology,Computer Hardware,Singapore,USD,176616201816.9453,38.783314999999995,8.166953000000001,0.5157,156.0113413,16.041435,16.317,34.46275,17.7329875,0.18303000000000003,0.10922000199999998,0.212042505,-0.03634999999999999,0.29800000000000004,0.867,1.2,331.693,-0.3554999999999999,0.772,793562496.0,1146000000.0,4177999872.0,179648200704.0,8023000000.0,,9097000000.0,,,1915000000.0,,1469000000.0,1083000000.0,0.4,0.277,2.96,3.02,0.74,1782259200.0,2.067,1144.184150716912,137.16744321116371,787.6599731445312,1008.6087,1.44,23.0,1.45,0.033299997,0.00242,0.89231,False,False,,0.721,4492754.0,4702570.0,1.3208036085305905,-23.57,48.21,152.85,,-0.3115968503400377,0.7015932273044506,41.10251288773895,-0.10419503664105667,0.6166572664948708,False,0.1742849739169035,,0.969,US,True,True,40.81744494575744,82.65765556526654,73.68346142897808,88.58901323065015,11.563404962437971,29.676870748299322,66.65268456375838,52.40480961923848,50.0,61.75908221797323,72.1,68.69688962669636,standard,33,3704026160,False,43.2,False,61.241610738255034,29.278523489932883,6.291946308724833,50.041946308724825,50.041946308724825,50.041946308724825,5,NEUTRAL,0,VARNING,False,4,0.5714285714285714,MEDEL,OK,10.8
NVDA,NVIDIA Corporation,Technology,Semiconductors,United States,USD,4912260950866.699,-0.3745200000000004,-3.684087,0.6383,19.7369623,19.378443,19.202,12.74775,0.9961674999999999,0.46366,0.5228900019999999,0.511322505,0.28938995,0.709,1.929,2.106,-43.305,1.7594999999999998,2.139,45519435520.0,53171998720.0,12814000128.0,4867643932672.0,206803000000.0,,215938000000.0,,,130387000000.0,,120067000000.0,102718000000.0,0.48,0.0061000003,1.0,0.05,0.25,1780531200.0,2.211,236.26463268418732,163.8517783946414,202.80999755859375,301.9655,1.29508,58.0,1.9,0.013300001,0.039839998,0.71224,False,False,,0.634,156692337.0,129863890.0,0.993459882288917,-2.22,2.37,10.88,,-0.1415981509611388,0.3595611046714919,58.90505765929335,-0.03337678524420484,0.055210254969461525,True,0.5267913446416829,,0.889,US,True,True,51.6906438575475,96.07624039050098,56.376316538571025,90.18770119461833,43.54279701023137,9.693877551020408,66.65268456375838,59.318637274549104,50.0,89.48374760994264,63.4,76.67063025484083,standard,5,26337695214,False,40.8,False,65.77181208053692,9.563758389261745,2.5587248322147653,50.041946308724825,50.041946308724825,50.041946308724825,7,STARK,8,VARNING,False,3,0.42857142857142855,LÅG,STARK,15.1
VLO,Valero Energy Corporation,Energy,Oil & Gas Refining & Marketing,United States,USD,91945234133.96613,0.24965900000000119,1.5808374999999995,4.0843,1.21634375,0.7802482,0.855,1.8547500000000001,0.042717502500000004,0.01429750375,-0.07410999700000001,-0.11731249799999999,-0.30643,0.0175,,,-14.4315,0.38150000000000006,1.084,3970187520.0,5733000192.0,11491000320.0,100767236096.0,57988000000.0,,122687000000.0,,,4312000000.0,,2348000000.0,5826000000.0,1.6,0.3353,4.8,3.36,1.2,1785456000.0,0.545,309.8999938964844,128.5596849879864,309.6499938964844,276.33334,2.42105,18.0,3.13,0.0404,0.0040599997,0.8782,False,False,,0.462,3053358.0,2917910.0,0.7851032454961692,26.84,28.7,67.83,,-0.0008067118584180744,0.36126984464877204,76.31909786552647,0.20032219600544865,0.474884886432148,True,0.9465449155435172,,1.0,US,True,True,85.85629359277212,36.32656849941576,96.00056931397665,76.35988172900925,58.68335884775217,40.816326530612244,66.65268456375838,87.7755511022044,50.0,54.11089866156787,46.2,68.61809682956269,standard,34,903530814,False,63.4,False,87.58389261744966,40.26845637583892,85.98993288590604,50.041946308724825,50.041946308724825,50.041946308724825,4,NEUTRAL,0,UPPTREND,False,4,0.5714285714285714,MEDEL,VÄNTA,0.4
WDC,Western Digital Corporation,Technology,Computer Hardware,United States,USD,164489206976.57455,-4.1728950000000005,6.240194000000001,0.4153,17.4227273,13.966988,13.839,24.82975,0.71249745,0.08287,0.44609000200000004,0.22545248499999998,0.0022200199999999892,0.31200000000000006,4.6129999999999995,5.163,-32.05,-0.1915,1.107,1258562560.0,3236999936.0,1724000000.0,162976202752.0,14002000000.0,,9520000000.0,,,2130000000.0,,1861000000.0,1691000000.0,0.13,0.0269,0.6,3.23,0.15,1780617600.0,2.166,799.8699951171875,65.86150626341339,477.2200012207031,631.125,1.5,24.0,2.17,0.0732,0.00543,1.01878,False,False,,0.483,8491619.0,7443980.0,1.1665320679567321,-29.93,31.98,122.13,,-0.4033780437647414,0.7450541853055069,37.97953499518778,-0.13863580543941967,0.52948789151568,False,0.11778077929305787,,0.997,US,True,True,45.35489974362131,86.09112257868621,69.15741531454597,94.21833294464264,15.882694429140614,31.037414965986393,33.09563758389262,56.4128256513026,50.0,30.78393881453155,48.3,68.39143712998994,standard,35,3552416145,False,44.4,False,64.26174496644296,30.620805369127517,8.389261744966444,50.041946308724825,50.041946308724825,50.041946308724825,6,NEUTRAL,0,VARNING,False,3,0.42857142857142855,LÅG,OK,9.8
UNP,Union Pacific Corporation,Industrials,Railroads,United States,USD,179152962022.75,-6.634241499999998,1.7261314999999975,3.6415,4.992782575,7.253156,8.487,-0.20499999999999918,0.25349999,0.036549992999999996,0.187990003,0.26736749699999995,0.11319999999999997,-0.036500000000000005,-0.018000000000000002,0.046,86.08300000000001,-0.46799999999999986,0.656,3217937408.0,1035000000.0,31505000448.0,209622958080.0,69698000000.0,,24510000000.0,,,9846000000.0,,7138000000.0,9290000000.0,1.84,0.45099998,5.52,2.21,1.38,1780012800.0,0.965,303.1499938964844,207.4463147167709,301.75,306.20834,1.8,24.0,10.28,0.053400002,0.00071000005,0.90663004,False,False,,0.642,2944190.0,2525230.0,1.2901806905424749,12.82,20.81,34.24,,-0.004618155779882449,0.22404819263334694,90.91127257883763,0.11247818257690567,0.2287942767404929,True,0.9487982651279648,,0.694,US,True,True,,84.81984462262065,90.83404497580416,44.984725532824854,43.64625355326539,29.506802721088437,66.65268456375838,67.33466933867736,50.0,42.44741873804971,64.2,68.14796027208537,standard,37,761988152,False,48.2,False,74.24496644295301,29.110738255033556,18.120805369127517,50.041946308724825,50.041946308724825,50.041946308724825,4,NEUTRAL,0,UPPTREND,False,3,0.42857142857142855,LÅG,VÄNTA,4.2
MA,Mastercard Incorporated,Financial Services,Credit Services,United States,USD,476756873215.98267,13.925664,11.028341500000002,1.6949,68.92913329999999,14.152337,14.469,14.16875,2.185782503,0.23076000299999996,0.20398998999999998,0.23369250999999996,0.54794,0.094,0.07899999999999999,0.184,215.038,-0.7129999999999999,0.564,15331687168.0,8218999808.0,18959998976.0,491060199424.0,54157000000.0,,32791000000.0,,,19514000000.0,,14968000000.0,17648000000.0,0.63,0.1823,3.48,0.54,0.87,1783555200.0,0.729,598.0433279933587,463.74259988972767,543.5999755859375,643.8421,1.36585,38.0,1.77,0.0088,0.00114,0.9139,False,False,,0.589,3787820.0,2974980.0,0.8190119790925177,8.61,5.01,-0.25,,-0.09103579934600625,0.21915254676510645,71.44047601896008,0.08195957401264686,0.031176241629887746,True,0.7987920185555795,,0.899,US,True,True,67.08360855789792,96.05066494293064,56.248220893822946,69.19807723403083,41.27597543740646,20.32312925170068,66.65268456375838,82.66533066132264,50.0,94.64627151051626,58.9,67.84403956560944,standard,39,1617199055,False,47.3,False,82.29865771812081,20.050335570469798,8.221476510067115,50.041946308724825,50.041946308724825,50.041946308724825,6,NEUTRAL,0,UPPTREND,False,4,0.5714285714285714,MEDEL,VÄNTA,-1.2
ROST,"Ross Stores, Inc.",Consumer Cyclical,Apparel Retail,United States,USD,74889552156.64154,5.291567250000002,10.747371000000001,2.7529,8.348200074999998,3.1497877,3.175,6.646500000000001,0.24125998,0.054410003000000005,0.013289994999999999,0.023099999999999996,-0.12465997000000001,0.133,0.267,0.356,-3.880999999999993,0.1755,0.884,1231145984.0,4130980096.0,4723149824.0,75481718784.0,15548737000.0,,22750559000.0,,,2707357000.0,,2145044000.0,3026883000.0,0.76,0.2318,1.78,1.03,0.445,1780963200.0,0.879,242.80999755859375,128.31572082029135,233.4600067138672,256.17648,,17.0,3.04,0.039100002,0.021259999,0.96038,False,False,,0.768,3049448.0,2424830.0,0.6131003759506473,-0.44,5.38,22.2,,-0.03850743766211795,0.25890457020763813,74.08203508720867,0.04235596271142894,0.18348380256368246,True,0.8554509129704603,,0.946,US,True,True,63.73014184794169,65.18773751456588,74.35240535155138,78.44088235897217,59.17241337237372,44.982993197278915,66.65268456375838,68.5370741482966,50.0,55.64053537284895,76.8,67.79502712165555,standard,40,566100828,False,54.3,False,72.6510067114094,44.37919463087248,46.308724832214764,50.041946308724825,50.041946308724825,50.041946308724825,5,NEUTRAL,0,UPPTREND,False,5,0.7142857142857143,HÖG,VÄNTA,6.1
NTAP,"NetApp, Inc.",Technology,Software - Infrastructure,United States,USD,32107358593.40027,-6.978205000000003,-2.8327009999999984,1.7587,18.3804563,4.6364417,4.514,-0.07125000000000004,0.9206274999999999,0.034629999999999994,0.077490012,0.127952505,0.25537999999999994,-0.017999999999999988,0.018000000000000016,0.188,152.435,-0.24550000000000005,1.211,478812544.0,3584000000.0,2732999936.0,31256356864.0,10744000000.0,,6925000000.0,,,1695000000.0,,1276000000.0,2067000000.0,1.3,0.32759997,2.08,2.29,0.52,1783641600.0,1.451,192.24610634817552,92.93030836511167,163.8800048828125,175.6875,,16.0,4.61,0.0888,0.00555,1.05796,False,False,,0.694,3237569.0,3272380.0,0.8605200802635936,1.93,58.54,53.45,,-0.14755098037714942,0.4254896457790375,59.600223310854425,0.08764845194124216,0.39377757644241096,False,0.6306209874008886,,0.893,US,True,True,,83.62433239143742,82.33703387418161,58.718980210334465,23.37591800648605,60.544217687074834,66.65268456375838,67.23446893787575,50.0,25.04780114722753,69.39999999999999,67.76793218368525,standard,41,536277650,False,54.3,False,71.2248322147651,61.07382550335571,31.963087248322147,50.041946308724825,50.041946308724825,50.041946308724825,4,NEUTRAL,0,UPPTREND,False,3,0.42857142857142855,LÅG,OK,9.8
HWM,Howmet Aerospace Inc.,Industrials,Aerospace & Defense,United States,USD,109001278663.21527,31.649966499999998,24.9750275,0.8,15.550087575000001,12.640761,12.921,26.644,0.18481999,0.06435000299999999,0.098220003,0.14567749700000002,-0.10159998000000003,0.1225,0.634,0.686,11.631,1.06,1.458,376312448.0,2435000064.0,4848000000.0,111414280192.0,11179000000.0,,8252000000.0,,,2115000000.0,,1508000000.0,1884000000.0,0.18,0.1067,0.48,,0.12,1778198400.0,1.189,290.6300048828125,169.17969224324384,272.42999267578125,311.678,1.45455,20.0,2.14,0.0197,0.0086900005,0.94397,False,False,,0.592,2813479.0,1835200.0,0.6077228373564735,-1.8,10.08,23.82,,-0.06262261948613956,0.3117486073857783,54.2726897133715,0.02333752923394572,0.17619949784839384,False,0.43990603158960445,,0.922,US,True,True,41.76470258953661,75.45130457512987,75.54796470253343,81.788160321346,58.98251308963848,37.58503401360544,66.65268456375838,51.60320641282566,50.0,82.12237093690248,59.199999999999996,67.37806146089565,standard,42,499963523,False,44.7,False,60.98993288590604,37.080536912751676,9.312080536912752,50.041946308724825,50.041946308724825,50.041946308724825,5,NEUTRAL,0,UPPTREND,False,4,0.5714285714285714,MEDEL,OK,7.5
MRK,"Merck & Co., Inc.",Healthcare,Drug Manufacturers - General,United States,USD,314902612912.5,7.0318400000000025,-3.391793999999999,11.8176,3.0642259999999997,4.7880826,5.449,-1.7815000000000003,0.06367,0.0645800015,0.01660001,0.192845,0.31519995999999995,-0.031,,,47.63625000000001,-0.7312500000000001,0.696,13232812800.0,5702000128.0,49116999680.0,358370607104.0,136866000000.0,,65011000000.0,,,22107000000.0,,18254000000.0,16472000000.0,2.66,0.9352,3.4,3.01,0.85,1781481600.0,0.205,131.74000549316406,74.18002420015823,127.5,132.77779,1.86207,27.0,2.48,0.0127,0.00058,0.82182,False,False,,0.792,10349656.0,9366810.0,1.183529129547105,10.71,11.22,16.54,,-0.032184646397210526,0.28077050943539755,48.054989988655684,0.07075766187012222,0.17850957652550692,False,0.6671368375490035,,0.928,US,True,True,,78.74256674600133,76.74352405351551,60.78093466935749,53.23598772901742,23.809523809523807,66.65268456375838,86.57314629258516,50.0,90.05736137667304,79.2,67.27434914007979,standard,43,1194268275,False,52.5,False,87.16442953020133,23.48993288590604,30.87248322147651,50.041946308724825,50.041946308724825,50.041946308724825,4,NEUTRAL,0,UPPTREND,False,4,0.5714285714285714,MEDEL,OK,11.5
CSCO,"Cisco Systems, Inc.",Technology,Communication Equipment,United States,USD,441204206022.7432,4.349367999999995,3.869701000000001,1.5218,3.6323022999999988,7.263099,7.532,10.243750000000002,0.10557750000000003,0.009760000000000005,0.09008000199999999,0.10528251500000001,0.19090996999999998,-0.022999999999999993,0.155,0.354,17.680999999999997,-0.7565,0.704,8471937792.0,16640000000.0,33001000960.0,457565208576.0,122291000000.0,,56654000000.0,,,12504000000.0,,10180000000.0,14193000000.0,1.53,0.55,1.68,2.79,0.42,1783296000.0,1.007,129.88410380965527,64.41616648262675,111.94000244140625,129.09091,1.88462,22.0,2.04,0.0137,0.00052,0.83825994,False,False,,0.703,25159280.0,22236930.0,1.0758884778843003,-6.03,32.97,51.82,,-0.13815471518012734,0.3269722369063759,48.06109125495688,-0.031693475966917406,0.29293957130486015,False,0.20261470013407434,,0.85,US,True,True,61.29370472789153,74.94824390462365,81.86734984343865,63.149915974174306,40.9414552837272,21.00340136054422,66.65268456375838,71.04208416833667,50.0,88.81453154875717,70.3,67.17521474895659,standard,45,2489201998,False,47.1,False,74.91610738255034,20.721476510067113,18.036912751677853,50.041946308724825,50.041946308724825,50.041946308724825,5,NEUTRAL,0,VARNING,False,5,0.7142857142857143,HÖG,OK,8.9
ANET,"Arista Networks, Inc.",Technology,Computer Hardware,United States,USD,212308559709.71603,25.629974999999998,18.251532999999995,2.1498,10.347371299999999,21.865164,20.594,30.530749999999998,0.16849748000000003,0.07998,0.27640000200000003,0.28275248500000005,0.18330999999999997,0.208,0.034,0.257,,1.1475000000000002,2.176,3545799936.0,12353200128.0,0.0,199960952832.0,19448600000.0,,9005700000.0,,,3856100000.0,,3511400000.0,4371900000.0,,0.0,,,,,1.601,189.81700134277344,106.98699951171875,168.61000061035156,191.75478,1.3,27.0,2.62,0.0208,0.1727,0.72833,False,False,,0.46,9848740.0,8569660.0,0.8480367099524349,0.36,4.72,34.79,,-0.11172339981351864,0.5523941899097055,56.54810964036857,0.0494585642775649,0.16496510293913702,False,0.43456181091941287,,0.941,US,True,True,53.720793542392045,88.57113159664131,69.99715343011671,73.97123901140327,35.38675394120123,26.95578231292517,11.703020134228188,70.04008016032064,50.0,79.73231357552581,46.0,66.92455835064324,standard,46,1444930378,False,45.1,False,72.90268456375838,26.593959731543627,2.5587248322147653,50.041946308724825,50.041946308724825,50.041946308724825,6,NEUTRAL,0,UPPTREND,False,3,0.42857142857142855,LÅG,OK,10.1
6857.T,Advantest Corporation,Technology,Semiconductor Equipment & Materials,Japan,JPY,19912698307450.0,28.1219075,93.578642,2.0381,21.504184399999996,17.643559,17.381,24.411250000000003,0.4710425,0.25755999700000004,0.275104999,0.38900753500000007,0.3482849699999999,0.269,1.99,2.173,-10.1615,0.47,1.722,209615184896.0,339966001152.0,20192000000.0,19616225034240.0,1171816000000.0,,1128610000000.0,,,499120000000.0,,375353000000.0,335182000000.0,0.22,0.1145,60.0,0.81,30.0,1774828800.0,1.186,35940.0,9711.253449554897,27505.0,35140.0,1.75,20.0,,,0.00279,0.65387,False,False,,0.5,9193726.0,8667110.0,1.556258057270806,-9.22,-0.29,25.28,,-0.23469671675013914,0.7164024218638619,36.67166416791604,-0.038599336579363985,0.15704746747908627,False,0.13017475801448564,,1.0,Japan,True,True,49.23993237872392,95.31631890682164,54.56874466268147,93.12776088676732,33.119332653379864,4.591836734693878,66.65268456375838,61.72344689378757,50.0,,50.0,66.91865604818867,standard,47,1468336701,False,40.6,False,67.4496644295302,2.5587248322147653,5.704697986577181,50.041946308724825,50.041946308724825,50.041946308724825,6,NEUTRAL,0,VARNING,False,3,0.42857142857142855,LÅG,OK,2.1
CL,Colgate-Palmolive Company,Consumer Defensive,Household & Personal Products,United States,USD,74401604729.98238,10.697037750000003,6.471894500000001,1.6807,509.79563155,3.57786,3.909,3.7695000000000007,3.4607772999999997,0.09495250400000001,0.015345016999999996,0.0814,0.14856999999999998,0.04800000000000001,-0.123,-0.064,1533.777,-0.032500000000000084,0.557,2503062528.0,1419000064.0,7973000192.0,81296605184.0,16330000000.0,,20382000000.0,,,4233000000.0,,2132000000.0,4198000000.0,2.25,0.8062,2.12,2.32,0.53,1784505600.0,0.319,98.71650072566527,73.63863380274942,92.9800033569336,96.6,2.09524,20.0,3.04,0.024400001,0.00145,0.87894,False,False,,0.738,5237027.0,4281220.0,0.8312307803822625,2.56,11.88,11.33,,-0.05811082571366155,0.2251679402878008,52.22930960108075,0.030793008836909497,0.09647946726422152,False,0.6203909772750545,,0.867,US,True,True,78.01782335620962,79.44846695627935,71.10731568460005,50.05138697676529,54.481534104952274,45.32312925170068,66.65268456375838,82.16432865731463,50.0,74.47418738049714,73.8,58.757244483978326,standard,180,398067850,False,56.2,False,83.22147651006712,44.71476510067114,41.2751677852349,50.041946308724825,50.041946308724825,50.041946308724825,3,SVAG,-8,UPPTREND,False,4,0.5714285714285714,MEDEL,VÄNTA,-0.5
MFC.TO,Manulife Financial Corporation,Financial Services,Insurance - Life,Canada,CAD,101173070710.97931,-0.02445400000000042,-0.5220640000000003,0.776,-0.05481209999999992,3.1587958,3.079,1.6632500000000006,0.005747497999999997,-0.009875000000000002,-0.03311501300000001,-0.18207250000000003,0.11523,0.056999999999999995,1.483,1.142,-5.4084999999999965,28.463,8.905,4712075200.0,30281000960.0,23491999744.0,98630410240.0,1025433000000.0,,53014000000.0,,,,,5782000000.0,32105000000.0,3.04,0.5202,1.85,4.56,0.485,1780012800.0,0.782,61.0099983215332,39.52700456455675,60.7400016784668,57.24667,2.06667,15.0,3.04,,0.00017000001,0.54508,False,False,,0.5,6265384.0,3367830.0,0.9542669144064735,6.62,15.23,18.98,,-0.004425449114807023,0.19583320784753275,79.43614659049932,0.09093379929824574,0.2151483763511126,True,0.9773044141499818,,0.543,Canada,True,True,88.29446602702612,39.64340721822164,83.8030173640763,73.34582551087489,80.87916713082785,38.86054421768708,66.65268456375838,90.38076152304609,50.0,,50.0,66.5167209244227,standard,49,145907281,False,57.5,False,89.1778523489933,38.33892617449665,46.14093959731543,50.041946308724825,50.041946308724825,50.041946308724825,5,NEUTRAL,0,UPPTREND,False,5,0.7142857142857143,HÖG,VÄNTA,5.8
PG,The Procter & Gamble Company,Consumer Defensive,Household & Personal Products,United States,USD,349243264771.5918,-3.579318249999999,4.815049500000001,4.2556,2.5919169500000003,4.0273914,4.324,2.222500000000002,0.1361275,0.043232493999999996,0.10655500700000001,0.10263,0.05777999999999994,0.038,-0.005999999999999998,0.043,-39.107,-0.3255,0.487,11917312768.0,12305999872.0,37026000896.0,374948265984.0,125231000000.0,,84284000000.0,,,20451000000.0,,15974000000.0,17817000000.0,2.87,0.618,4.35,2.48,1.089,1784851200.0,0.38,166.00000775715966,135.62848383699432,149.97999572753906,163.43478,2.04,23.0,2.5,0.010299999,0.00065,0.71834,False,False,,0.854,9035327.0,8793940.0,0.9005768057009583,-1.65,5.59,3.99,,-0.09650609205426164,0.19717276546840698,51.63597746233929,0.02282008217380138,0.020562563961873837,False,0.6221827166042045,,0.869,US,True,True,82.18414482596478,77.5831863050449,58.83859948761742,57.45916126486169,67.11730424621327,23.12925170068027,66.65268456375838,83.56713426853707,50.0,92.73422562141491,95.39999999999999,66.46388299825328,standard,50,1318915084,False,52.3,False,83.55704697986577,22.818791946308725,36.3255033557047,50.041946308724825,50.041946308724825,50.041946308724825,5,NEUTRAL,0,UPPTREND,False,4,0.5714285714285714,MEDEL,OK,9.8
TXN,Texas Instruments Incorporated,Technology,Semiconductors,United States,USD,258484544501.24197,17.627627999999998,10.177757000000001,1.3897,10.0105033,14.01912,14.504,14.20175,0.1767575,0.057999999999999996,0.184310002,0.233602525,0.12115999999999993,0.04300000000000001,0.097,0.31,33.881,2.7745000000000006,2.827,251812480.0,5103000064.0,14049999872.0,267431559168.0,34585000000.0,,17682000000.0,,,6140000000.0,,5001000000.0,7153000000.0,1.95,0.9504,5.68,2.71,1.42,1785456000.0,1.31,334.0299987792969,150.9724502444009,284.0199890136719,303.3125,2.22222,32.0,1.6,0.0207,0.00279,0.93934995,False,False,,0.799,9023258.0,6651420.0,0.7731035398770868,-7.09,27.95,48.53,,-0.14971712106213564,0.43939550724398,49.28418958015022,-0.057450992285891456,0.2907643990238842,False,0.13528079858457637,,0.588,US,True,True,43.39046808701201,84.79940567450518,79.50469684030743,61.20347447131634,48.4221225840296,25.68027210884354,66.65268456375838,48.897795591182366,50.0,80.30592734225621,79.9,66.38618288585614,standard,51,1889136235,False,42.3,False,58.808724832214764,25.335570469798657,8.305369127516778,50.041946308724825,50.041946308724825,50.041946308724825,6,NEUTRAL,0,VARNING,False,4,0.5714285714285714,MEDEL,OK,8.1
OEM-B.ST,OEM International AB (publ),Industrials,Industrial Distribution,Sweden,SEK,20230254369.450012,11.299102500000004,11.234492499999998,,4.774810174999999,4.4885416,4.466,9.060500000000001,0.09478998999999999,0.08438000000000001,0.050395,0.03990249700000001,-0.05343997,0.0975,0.23399999999999999,0.316,-52.474,1.4345,1.624,-703812496.0,279000000.0,154000000.0,25185187840.0,3596000000.0,,5316900000.0,,,752700000.0,,592700000.0,762500000.0,0.96,0.3646,1.75,1.54,1.75,1776816000.0,0.981,182.60000610351562,113.05817461569153,182.39999389648438,164.0,1.0,2.0,,,0.18971,0.56168,False,False,,0.5,101567.0,74013.0,0.7091658158280268,13.72,34.13,31.08,,-0.0010953570665154233,0.32484320145427986,71.56861461799363,0.1319349190776158,0.26671733896596495,True,0.9484411038486499,,0.314,Nordic,True,True,33.849654616495556,69.70586529729817,93.69484770851125,57.30079372336671,56.88547723128084,69.64285714285714,66.65268456375838,30.160320641282567,50.0,,50.0,66.30490404043717,standard,53,1399674,False,44.9,False,27.936241610738254,70.0503355704698,32.802013422818796,50.041946308724825,50.041946308724825,50.041946308724825,4,NEUTRAL,0,UPPTREND,False,3,0.42857142857142855,LÅG,VÄNTA,6.9
KO,The Coca-Cola Company,Consumer Defensive,Beverages - Non-Alcoholic,United States,USD,350910455507.97253,0.9752757500000024,6.9652265,4.1541,6.52893655,7.1201696,7.788,10.2135,0.25872752,0.029072504000000002,0.19293500700000002,0.22270999999999996,0.16537999999999997,0.08499999999999999,0.118,0.178,18.185000000000002,0.3005000000000001,0.782,2307812608.0,13820000256.0,44646998016.0,383838453760.0,104816000000.0,,47941000000.0,,,14911000000.0,,13107000000.0,7408000000.0,2.5,0.64779997,2.12,2.88,0.53,1789430400.0,0.349,85.68000030517578,64.03758462860179,81.55999755859375,87.09917,1.8,24.0,2.44,0.0116,0.098950006,0.68278,False,False,,0.177,17245275.0,17248690.0,1.5701748376033935,1.59,9.19,15.69,,-0.048085932912084184,0.18002514659384095,46.89134847653976,0.009633353494143515,0.09667289145310809,False,0.3937789899773559,,0.887,US,True,True,49.636143795971826,84.8279204302851,73.59806433247935,68.61959219964018,77.73116161881663,23.04421768707483,66.65268456375838,54.30861723446894,50.0,91.8738049713193,17.7,74.21223471343316,standard,9,1406803114,False,44.7,False,63.42281879194631,22.734899328859058,19.379194630872483,50.041946308724825,50.041946308724825,50.041946308724825,7,STARK,8,UPPTREND,False,5,0.7142857142857143,HÖG,OK,8.7
CNR.TO,Canadian National Railway Company,Industrials,Railroads,Canada,CAD,109758205480.95703,-6.892953499999997,0.3362119999999962,2.931,1.5889625750000005,6.351748,7.64,-1.4665000000000008,0.08018499500000001,0.024594995999999994,0.18952500000000003,0.250012497,0.17866999999999994,-0.07350000000000001,-0.069,-0.013,46.83550000000001,-0.7019999999999998,0.403,1859325120.0,586000000.0,22666000384.0,132019142656.0,58555000000.0,,17304000000.0,,,6587000000.0,,4720000000.0,7049000000.0,2.03,0.4713,3.66,2.03,0.915,1780963200.0,1.005,181.52000427246094,123.78890871769715,180.94000244140625,176.10526,2.3,19.0,2.06,,0.02668,0.73636,False,False,,0.5,1604384.0,1098330.0,1.1026061271905336,12.41,20.35,31.44,,-0.0031952502060550447,0.21447482978522536,73.64416659528473,0.09697572484664563,0.248510768205908,True,0.8919277433675961,,0.528,Canada,True,True,,81.31633888628915,90.56362083689153,34.32024113492929,45.162602352768175,37.5,66.65268456375838,65.13026052104209,50.0,,50.0,66.14884091180352,standard,55,141748816,False,49.6,False,73.23825503355704,36.99664429530201,21.72818791946309,50.041946308724825,50.041946308724825,50.041946308724825,4,NEUTRAL,0,UPPTREND,False,3,0.42857142857142855,LÅG,VÄNTA,3.5
UGPA3.SA,Ultrapar Participações S.A.,Energy,Oil & Gas Refining & Marketing,Brazil,BRL,34277096391.641647,0.2057064999999998,6.5164005,0.78,1.28783805,0.23510984,0.345,3.7612500000000004,0.06571751250000002,0.021817494750000003,-0.048994999000000004,-0.1044275,-0.22754999999999997,0.05449999999999999,1.3889999999999998,1.631,39.1635,0.3554999999999998,1.166,1201547904.0,7158525952.0,21122043904.0,50278350848.0,49348994000.0,,142369540000.0,,,4852933000.0,,2453853000.0,5452502000.0,5.47,0.4557,1.75,3.43,1.0,1765152000.0,0.308,32.20000076293945,14.617030266408266,32.06999969482422,33.01333,2.25,15.0,,,0.32734,0.42556,False,False,,0.5,7433311.0,14958470.0,1.1542776490126248,29.16,5.56,46.17,,-0.004037300156367052,0.314881984364683,86.16353589463561,0.17150683653460375,0.28836567156455706,True,0.9024451322525233,,0.666,LatAm,True,True,73.58471132208551,41.705996586450595,83.74608596641048,75.43489716884537,63.40705310429832,59.43877551020408,66.65268456375838,75.75150300601202,50.0,,50.0,66.12045378814749,standard,56,93863612,False,67.1,False,83.80872483221476,59.98322147651006,97.5251677852349,50.041946308724825,50.041946308724825,50.041946308724825,6,NEUTRAL,0,UPPTREND,False,5,0.7142857142857143,HÖG,VÄNTA,8.5
2914.T,Japan Tobacco Inc.,Consumer Defensive,Tobacco,Japan,JPY,11268194636424.0,3.5666092500000035,1.9988225000000028,1.2792,0.6723675500000004,3.1389775,3.455,1.7870000000000008,0.0024824999999999986,0.018862500999999993,0.117370014,0.27398497,0.27074500999999995,0.08100000000000002,0.187,0.251,-21.304499999999997,0.44299999999999995,0.833,98919810048.0,882317000704.0,1987193995264.0,12401822924800.0,8419240000000.0,,3467675000000.0,,,853707000000.0,,510175000000.0,514056000000.0,3.81,0.8325,242.0,5.37,121.0,1798502400.0,0.131,6376.0,4033.922850075581,6347.0,6674.5454,2.09091,11.0,,,0.34127998,0.20358999,False,False,,0.5,4539555.0,4304330.0,1.4146547901324062,6.39,9.82,11.79,,-0.004548306148055237,0.2222159612877492,71.83673469387755,0.05029293775715793,0.1293394553034719,True,0.9779780271230377,,0.66,Japan,True,True,64.49082522587074,76.20946296118754,76.74352405351551,64.63513402287822,82.67120579636484,6.377551020408164,66.65268456375838,57.014028056112224,50.0,,50.0,65.92392378185423,standard,57,168272735,False,46.7,False,65.1006711409396,6.291946308724833,46.39261744966443,50.041946308724825,50.041946308724825,50.041946308724825,6,NEUTRAL,0,UPPTREND,False,6,0.8571428571428571,HÖG,VÄNTA,3.0
8306.T,"Mitsubishi UFJ Financial Group, Inc.",Financial Services,Banks - Diversified,Japan,JPY,39164578164716.0,5.093417499999999,7.445261500000003,1.8756,0.9995231999999998,5.8354073,-3.007,,0.0002975029999999976,-0.0002600000000000102,0.05219500699999999,0.86916751,-0.29507499000000004,,,,,,,,184063658819584.0,123410290049024.0,-20184731484160.0,431731548000000.0,,7521125000000.0,,,,,2427229000000.0,-23064420000000.0,2.76,0.405,96.0,3.22,48.0,1790640000.0,0.312,3733.0,1900.8726273221532,3473.0,3596.3635,1.72727,11.0,,,0.03543,0.40704,False,False,,0.5,40176475.0,42134940.0,1.6822885379130526,2.93,19.2,27.23,,-0.06964907581034019,0.3187520443032093,66.75191815856778,0.08280175343422447,0.27142470961311504,True,0.6508308364064547,,1.0,Japan,True,True,,56.10625800780124,80.87105038428693,95.59563758389261,67.8052761357629,2.806122448979592,66.65268456375838,,50.0,,50.0,57.85303990811872,standard,199,901336295,False,33.6,False,27.936241610738254,2.5587248322147653,24.496644295302016,50.041946308724825,50.041946308724825,50.041946308724825,2,SVAG,-8,UPPTREND,False,4,0.5714285714285714,MEDEL,VÄNTA,5.7
CRDO,Credo Technology Group Holding Ltd,Technology,Semiconductors,Cayman Islands,USD,37795339000.83508,50.61334899999999,3.096259999999999,,12.817489299999998,28.308657,27.247,59.18175000000001,0.19736750000000003,0.11555000000000003,0.246970002,0.211982485,0.22829007,1.427,3.2159999999999997,3.622,-48.626999999999995,8.4715,8.507,-565627376.0,1443286016.0,25448000.0,36377501696.0,2295619000.0,,1335116000.0,,,445005000.0,,472279000.0,,,0.0,,,,,3.202,308.6700134277344,86.48500061035156,202.67999267578125,271.91867,1.31579,19.0,0.45,0.0321,0.109069996,0.76018995,False,False,,0.5,8317956.0,6473950.0,0.9058757317017088,-15.26,27.53,29.23,,-0.34337647371362634,0.9041655522426717,40.656082718460645,-0.1147505200540021,0.24466034307561757,False,-0.023336378345986564,,0.5,US,True,True,28.395730007501033,89.43734714862424,65.78423000284657,80.29239103206208,34.050529405520614,57.993197278911566,11.703020134228188,36.97394789579158,50.0,62.81070745697897,50.0,65.83149909512908,standard,58,1312140139,False,38.7,False,27.936241610738254,58.55704697986577,2.5587248322147653,50.041946308724825,50.041946308724825,50.041946308724825,6,NEUTRAL,0,VARNING,False,3,0.42857142857142855,LÅG,OK,6.6
AMGN,Amgen Inc.,Healthcare,Drug Manufacturers - General,United States,USD,197689748295.22504,-3.153656999999999,-0.9733739999999997,2.0366,17.711573,5.311385,6.528,0.4394999999999998,0.88741,0.022279991500000002,0.09029999,0.14481497999999998,0.26237003000000003,-0.022,-0.0735,0.051,564.4542500000001,-0.7692500000000001,0.849,6620187392.0,12037999616.0,57322999808.0,242974736384.0,90586000000.0,,36751000000.0,,,9080000000.0,,7711000000.0,9958000000.0,2.71,0.6722,10.08,3.07,2.52,1778803200.0,0.403,388.35733457222824,264.0224916487972,366.2900085449219,356.6207,2.44118,29.0,4.09,0.0239,0.0021600001,0.86515,False,False,,0.665,2692759.0,2092370.0,1.1072135467556163,5.3,5.63,12.96,,-0.05682222031833983,0.2728330530115368,56.49903922436303,0.058176558865190575,0.08944648394092614,False,0.6812767160786273,,0.988,US,True,True,83.34255102383537,83.3506883539621,68.54540278963849,52.71627018306313,39.55806324743364,28.2312925170068,66.65268456375838,78.75751503006012,50.0,75.04780114722753,66.5,57.66420171712414,standard,203,766414225,False,51.6,False,82.96979865771812,27.85234899328859,27.936241610738254,50.041946308724825,50.041946308724825,50.041946308724825,3,SVAG,-8,UPPTREND,False,4,0.5714285714285714,MEDEL,VÄNTA,3.6
DIOS.ST,Diös Fastigheter AB (publ),Real Estate,Real Estate - Diversified,Sweden,SEK,9224000367.968483,-20.367456999999998,-14.188424999999999,1.37,-1.02399527,3.4624627,10.055,-4.803499999999998,,,0.19785998700000001,0.34376000000000007,0.26580996000000007,-0.0535,28.915,28.5,73.2685,-0.7095,0.161,,236000000.0,17798000640.0,26786000896.0,33364000000.0,,2662000000.0,,,1737000000.0,,808000000.0,897000000.0,3.62,0.35759997,2.4,3.29,0.6,1791331200.0,1.227,70.77646782868955,58.349684377261916,66.4000015258789,76.75,1.75,4.0,,,0.29591,0.40276,False,False,,0.5,170871.0,118348.0,0.9012791444473179,5.35,-2.33,2.04,,-0.06183504824518271,0.20849644706799583,69.18681452796808,0.02490967427957469,0.03221934882207966,True,0.7082075101954102,,0.5,Nordic,True,True,,89.6845694799659,53.78593794477655,64.56812149170975,39.139171185669284,81.71768707482994,66.65268456375838,,50.0,,50.0,57.65368863531802,standard,204,814748,False,48.2,False,27.936241610738254,81.96308724832215,42.95302013422819,50.041946308724825,50.041946308724825,50.041946308724825,3,SVAG,-8,UPPTREND,False,3,0.42857142857142855,LÅG,VÄNTA,-3.3
NOVO-B.CO,Novo Nordisk A/S,Healthcare,Drug Manufacturers - General,Denmark,DKK,1104821395307.5793,-12.378964,-0.5376519999999996,3.7691,3.9888953,4.4521713,4.852,-6.299999999999998,0.5863700000000001,0.13087000849999997,0.288815017,0.45433,0.4100799600000001,0.15999999999999998,0.5535000000000001,0.672,31.342249999999996,-1.3867500000000001,0.541,-12904374912.0,21625999360.0,146381996032.0,1590351101952.0,542902000000.0,,309064000000.0,,,127658000000.0,,102434000000.0,119102000000.0,4.73,0.4269,15.9,1.85,7.95,1774569600.0,0.36,443.92002896878444,216.7734285890619,329.8999938964844,316.91,2.61538,24.0,,,0.05283,0.33549,False,False,,0.5,5244699.0,3193914.0,1.2063246151372242,17.78,30.99,-9.98,,-0.25684814298009007,0.5417808078752715,60.2459084738866,0.09847297548371081,0.10012568754093243,False,0.7560018845187646,,0.56,Nordic,True,True,,96.26708313245796,51.72217477939083,73.06428430078935,39.15816908731221,16.666666666666664,66.65268456375838,41.08216432865731,50.0,,50.0,65.54166751469884,standard,59,161272246,False,37.0,False,27.936241610738254,16.44295302013423,33.30536912751678,50.041946308724825,50.041946308724825,50.041946308724825,6,NEUTRAL,0,UPPTREND,False,3,0.42857142857142855,LÅG,OK,1.2
LRCX,Lam Research Corporation,Technology,Semiconductor Equipment & Materials,United States,USD,391803879034.2407,28.486434999999993,19.276626999999998,1.8524,31.6212053,18.070599,18.024,33.13475,0.5209075,0.16417000000000004,0.202619982,0.20579248499999997,0.047729999999999995,0.095,0.19199999999999998,0.372,-14.578000000000003,0.8545,1.695,3535904000.0,4750936064.0,3734479104.0,390787432448.0,21345260000.0,,18435591000.0,,,5900968000.0,,5358217000.0,6173264000.0,0.32,0.1909,1.04,0.98,0.26,1781654400.0,1.805,438.5,90.43947230730471,313.29998779296875,366.48386,1.48571,31.0,2.12,0.0253,0.0027599998,0.88758004,False,False,,0.258,11285038.0,11031780.0,0.9112572199437963,-15.11,20.14,50.34,,-0.2855188419772663,0.5942493703965998,37.38253026327572,-0.06789394686077366,0.34499823787908945,False,0.1310360761617762,,0.931,US,True,True,45.488295025805805,86.79637278819159,69.000853970965,75.74766749053393,31.68726008149805,22.36394557823129,66.65268456375838,58.91783567134269,50.0,72.94455066921606,25.8,65.42303533651601,standard,60,3456256539,False,43.0,False,65.43624161073825,22.063758389261746,5.620805369127517,50.041946308724825,50.041946308724825,50.041946308724825,6,NEUTRAL,0,VARNING,False,4,0.5714285714285714,MEDEL,OK,8.5
SMFG,"Sumitomo Mitsui Financial Group, Inc.",Financial Services,Banks - Diversified,Japan,USD,158515704165.10965,-1.059216000000001,48.0318635,2.2264,-1.1967510000000001,0.03619656,-9.56,,-0.066257492,-0.015589997000000001,0.016369989999999973,2.3360825100000002,-0.45206,,,,,,,,110445922877440.0,68240592076800.0,-41867366367232.0,328511145000000.0,,5791563000000.0,,,,,1582973000000.0,-10283139000000.0,2.29,0.18040001,0.59,3.44,0.25,1774915200.0,0.384,26.670000076293945,14.510000228881836,24.950000762939453,28.86099,1.0,1.0,3.95,0.0018000001,4.0000003e-05,0.01962,False,False,,0.893,2059506.0,1937770.0,1.0330695698220411,3.23,16.81,20.3,,-0.06449191257720843,0.29146981122540355,60.93750640284165,0.057033223123892585,0.2201026336025147,False,0.5116035554724802,,1.0,US,True,True,,41.263681907133396,78.15257614574438,95.59563758389261,70.4609779631129,31.462585034013607,66.65268456375838,,50.0,96.17590822179733,99.3,57.260335325815575,standard,214,48347363,False,48.8,False,27.936241610738254,31.04026845637584,97.5251677852349,50.041946308724825,50.041946308724825,50.041946308724825,1,SVAG,-8,UPPTREND,False,4,0.5714285714285714,MEDEL,VÄNTA,-0.0
ADI,"Analog Devices, Inc.",Technology,Semiconductors,United States,USD,182832984199.33594,24.416944999999995,5.5365850000000005,0.6964,0.024172300000000035,14.350881,14.764,13.92775,-0.05032249999999998,-0.008710002000000001,0.15330998199999998,0.23612250499999998,0.19284999999999997,0.229,0.889,1.065,-24.049999999999997,0.07050000000000001,1.232,3052517120.0,3439308032.0,8708730880.0,188102410240.0,47992712000.0,,11019707000.0,,,3002476000.0,,2267342000.0,4812202000.0,1.16,0.6057,4.4,1.66,1.1,1780358400.0,1.188,445.9100036621094,215.47749262087166,375.3599853515625,457.4,1.54545,30.0,2.12,0.0276,0.00242,0.94635004,False,False,,0.643,4664159.0,3479580.0,0.695678353138988,-9.77,6.38,26.7,,-0.15821582321801086,0.3510797579702198,44.345431699981624,-0.07694921787769549,0.16147168733651696,False,0.21727517680808772,,0.892,US,True,True,57.38874396838369,63.37042448382984,65.30031312268717,85.41341229685499,40.93034474336413,29.166666666666668,66.65268456375838,68.33667334669339,50.0,69.40726577437859,64.3,65.17039193293965,standard,61,1306095098,False,46.2,False,72.81879194630872,28.7751677852349,7.969798657718121,50.041946308724825,50.041946308724825,50.041946308724825,5,NEUTRAL,0,VARNING,False,4,0.5714285714285714,MEDEL,OK,-2.0
FFIV,"F5, Inc.",Technology,Software - Infrastructure,United States,USD,23081114292.055756,1.0119250000000015,3.6463009999999993,1.7427,0.9673036999999995,7.15768,6.791,7.586750000000001,0.056687500000000016,0.017910006000000006,0.11285999199999999,0.075522515,0.36336,-0.03299999999999999,-0.176,0.015,-42.74,-0.07050000000000001,1.422,-57254976.0,1442811008.0,259860992.0,21897881600.0,6319492000.0,,3088072000.0,,,791433000.0,,692380000.0,949666000.0,,0.0,,,,,1.03,435.0,223.75999450683594,409.1000061035156,419.5,2.53846,10.0,2.48,0.0368,0.00504,1.10141,False,False,,0.651,696543.0,474020.0,0.7363450740173558,5.21,32.8,52.96,,-0.059540215853987055,0.34482637337931255,55.8247407335833,0.040399348149777525,0.32986549396588005,False,0.4916843394745712,,1.0,US,True,True,45.83625351261182,77.19776626409218,89.01224025049815,48.0051436534813,41.61533900641868,67.68707482993197,11.703020134228188,44.88977955911824,50.0,57.361376673040155,65.10000000000001,57.15085785921936,standard,220,193921585,False,42.5,False,27.936241610738254,68.12080536912751,18.79194630872483,50.041946308724825,50.041946308724825,50.041946308724825,2,SVAG,-8,UPPTREND,False,2,0.2857142857142857,LÅG,VÄNTA,-2.3
GILD,"Gilead Sciences, Inc.",Healthcare,Drug Manufacturers - General,United States,USD,166718001165.13177,-10.43815,-2.770097999999999,2.1441,3.292909,5.6066055,6.019,-1.7775000000000007,0.30783,0.0717200015,0.19066999999999998,0.199625,0.34161995,-0.036000000000000004,0.43050000000000005,0.537,35.33525000000001,-0.06324999999999992,1.536,7117687552.0,9816999936.0,22173999104.0,178991005696.0,59023000000.0,,29442000000.0,,,11701000000.0,,8510000000.0,10019000000.0,2.41,0.43400002,3.28,3.62,0.82,1781481600.0,0.343,155.3805941192722,105.014303159646,134.27999877929688,158.2963,1.62069,27.0,2.73,0.020499999,0.00117,0.93230003,False,False,,0.487,7518543.0,6981900.0,0.83975465736107,5.54,-2.44,9.56,,-0.13579942501557318,0.2729864455195298,59.5865818641186,0.03679201563782275,0.036425357908280054,True,0.7739016006124346,,0.921,US,True,True,,90.44244318612049,51.451750640478224,67.94541890768593,62.72968048249737,30.782312925170068,66.65268456375838,87.87575150300601,50.0,80.97514340344169,48.699999999999996,65.14698969556147,standard,63,937529523,False,52.8,False,87.41610738255034,30.369127516778523,26.090604026845636,50.041946308724825,50.041946308724825,50.041946308724825,5,NEUTRAL,0,UPPTREND,False,4,0.5714285714285714,MEDEL,OK,7.6
MNST,Monster Beverage Corporation,Consumer Defensive,Beverages - Non-Alcoholic,United States,USD,95355790725.0,22.501617749999998,21.1522275,2.9029,7.01952555,10.844419,10.516,20.0125,0.0915475,0.111222504,0.146015007,0.18235,0.10265002999999995,0.233,0.22499999999999998,0.286,-105.676,2.1995,2.682,867902976.0,2984993024.0,94469000.0,92465266688.0,9988945000.0,,8294343000.0,,,2419354000.0,,1905432000.0,2098177000.0,,0.0,,,0.005208,,0.527,100.33999633789062,58.09000015258789,97.5,91.90167,2.07407,24.0,3.27,0.028800001,0.28293,0.71796,False,False,,0.625,5740630.0,6254570.0,1.6512082301683269,4.9,29.38,25.43,,-0.02830373172754619,0.2635102202423094,53.62226006761835,0.06853296408709109,0.23099376819808026,False,0.6453469490275251,,0.729,US,True,True,48.576426596209174,82.34392911618177,88.12980358667805,73.03899791998262,77.06743501457937,39.88095238095239,11.703020134228188,59.4188376753507,50.0,67.20841300191205,62.5,73.09628438309562,standard,11,609820575,False,46.4,False,65.52013422818791,39.34563758389262,10.570469798657719,50.041946308724825,50.041946308724825,50.041946308724825,7,STARK,8,UPPTREND,False,4,0.5714285714285714,MEDEL,OK,10.8
RY.TO,Royal Bank of Canada,Financial Services,Banks - Diversified,Canada,CAD,419858688059.0106,2.1283469999999998,4.255543999999999,2.3424,1.111745,6.3888903,1.825,,0.042137498,-0.006205000000000009,0.103374987,0.08030748999999998,-0.38794,0.097,0.14200000000000002,0.256,,,,,794214006784.0,483078995968.0,119952408576.0,2325006000000.0,,66532000000.0,,,,,20362000000.0,55220000000.0,2.32,0.41349998,7.04,3.49,1.64,1785110400.0,0.932,306.3800048828125,171.79026640034,302.1300048828125,272.03845,2.14286,13.0,2.94,,0.00027000002,0.49418,False,False,,0.5,3530179.0,3707220.0,0.7871821972996997,6.67,24.55,30.13,,-0.013871662420090303,0.14169742970785765,67.49256719767473,0.09375296063536087,0.28164063613992396,False,0.8374431663450951,,0.945,Canada,True,True,,53.39437414349429,89.86621121548535,73.60671216508433,70.09338227954795,21.51360544217687,66.65268456375838,,50.0,,50.0,57.03051218580272,standard,226,798903310,False,35.9,False,27.936241610738254,21.2248322147651,21.308724832214764,50.041946308724825,50.041946308724825,50.041946308724825,1,SVAG,-8,UPPTREND,False,4,0.5714285714285714,MEDEL,VÄNTA,-4.2
BAJFINANCE.NS,Bajaj Finance Limited,Financial Services,Credit Services,India,INR,6567943077324.043,14.46215,4.766983999999999,,1.9930862499999997,14.947578,23.29,,0.022662503000000007,0.01197999999999999,0.16805997699999994,0.21969751000000004,0.5025400099999999,0.21799999999999997,0.08099999999999999,0.22,291.59450000000004,1.0950000000000002,2.593,,47410601984.0,3683091742720.0,10233489391616.0,5599523600000.0,,496654500000.0,,,,,190173900000.0,-657898000000.0,0.52,0.1442,5.4,0.37,6.0,1782777600.0,0.353,1095.764047568763,783.0862114062364,1056.300048828125,1078.9254,2.0,36.0,,,0.56486,0.26814,False,False,,0.5,9110215.0,7633589.0,1.4883756569041757,10.84,13.2,12.35,,-0.03601505162374985,0.29472462628852253,70.65636689556791,0.11427557723807635,0.09618857574778916,True,0.9396490083198674,,0.461,India,True,True,,80.0737430199388,75.00711642470823,57.62405873794163,57.71127147725234,8.418367346938775,66.65268456375838,,50.0,,50.0,65.01534611016126,standard,64,83749068,False,31.8,False,27.936241610738254,8.305369127516778,6.9630872483221475,50.041946308724825,50.041946308724825,50.041946308724825,5,NEUTRAL,0,UPPTREND,False,3,0.42857142857142855,LÅG,VÄNTA,-0.9
NET,"Cloudflare, Inc.",Technology,Software - Infrastructure,United States,USD,89180182184.65399,,156.396673,2.38,58.8787613,42.32256,41.872,-2703.9832499999998,-0.2054725,-0.090140001,-0.144019995,-0.241537485,0.28121005,0.19200000000000003,,,180.99900000000002,0.27449999999999997,1.895,-61439232.0,4163877888.0,3524536064.0,97504092160.0,6036256000.0,,2167937000.0,,,-207205000.0,,-102267000.0,603114000.0,,0.0,,,,,1.671,291.0,158.8300018310547,277.6600036621094,252.84225,1.88235,31.0,2.36,0.0328,0.00657,0.89569,False,False,,0.25,3952345.0,3198990.0,0.922167043851332,20.21,40.67,47.39,,-0.04584191181405717,0.6067902419864726,74.76715851957566,0.17280031086914094,0.3176089796662567,True,0.7964813512072484,,0.969,US,True,True,,22.945481723589523,90.69171648163963,87.99367578729996,24.293749017589843,41.66666666666667,11.703020134228188,46.392785571142284,50.0,62.33269598470363,25.0,57.00328704009483,standard,227,888231575,False,36.1,False,27.936241610738254,41.10738255033557,2.5587248322147653,50.041946308724825,50.041946308724825,50.041946308724825,1,SVAG,-8,UPPTREND,False,2,0.2857142857142857,LÅG,VÄNTA,-1.8
B3SA3.SA,"B3 S.A. - Brasil, Bolsa, Balcão",Financial Services,Financial Data & Stock Exchanges,Brazil,BRL,75974136961.05022,9.123033499999996,5.736299500000001,1.21,3.1910753,7.198821,7.276,7.95925,0.12209251300000001,0.06225999799999999,0.25513498700000004,0.32193751,0.65486,0.139,0.256,0.335,0.3610000000000042,0.28500000000000025,1.859,2865900160.0,14980616192.0,15579192320.0,76784492544.0,48487647000.0,,10067381000.0,,,6539094000.0,,4585619000.0,4358630000.0,5.75,0.66120005,0.88,3.04,0.221177,1782345600.0,0.159,20.030828945113228,11.499728453128654,15.199999809265137,19.96429,1.85714,14.0,,,0.0,0.92466,False,False,,0.5,37564209.0,27531350.0,1.2695050426808245,7.66,-22.01,5.16,,-0.24116970641030977,0.3450086632494128,56.568358990486274,-0.016505452640623863,-0.00215266774220757,True,0.7319477724634282,,0.655,LatAm,True,True,74.94570145878349,92.1303658212208,31.11300882436664,69.18134912651435,75.23785076182921,44.81292517006803,66.65268456375838,86.87374749498998,50.0,,50.0,72.97710553933707,standard,12,81880828,False,53.3,False,85.40268456375838,44.211409395973156,18.540268456375838,50.041946308724825,50.041946308724825,50.041946308724825,7,STARK,8,NEDTREND,True,5,0.7142857142857143,HÖG,EJ AKTUELL,15.1
TIH.TO,Toromont Industries Ltd.,Industrials,Industrial Distribution,Canada,CAD,19222336333.323135,6.777734500000005,6.888291999999996,1.32,2.1916551749999997,3.5988214,3.54,2.4955000000000007,0.024434984999999992,0.032595004,0.013635000000000001,-0.017627503000000003,-0.12658999999999998,0.058499999999999996,0.16199999999999998,0.245,-33.64049999999999,1.796,1.858,-182202112.0,1161606016.0,845280000.0,18906011648.0,5470319000.0,,5202837000.0,,,681281000.0,,496586000.0,742122000.0,0.94,0.337,2.16,1.39,0.56,1780617600.0,0.975,243.5,125.87573549490297,235.75999450683594,244.11111,1.77778,9.0,4.26,,0.00037,0.43954,False,False,,0.5,258488.0,237190.0,1.411764705882353,14.61,12.06,33.0,,-0.03178647019779901,0.31535217436424495,54.288512335807084,0.053507439962507286,0.23431182075158086,True,0.7963137623305199,,0.889,Canada,True,True,51.409299045017406,54.339995974868245,82.4651295189297,69.93449601625392,58.67713120877263,70.23809523809523,66.65268456375838,40.480961923847694,50.0,,50.0,64.9649102075223,standard,66,39885817,False,46.3,False,27.936241610738254,70.63758389261746,41.0234899328859,50.041946308724825,50.041946308724825,50.041946308724825,4,NEUTRAL,0,UPPTREND,False,3,0.42857142857142855,LÅG,VÄNTA,8.6
ALL,The Allstate Corporation,Financial Services,Insurance - Property & Casualty,United States,USD,64329488835.82733,-12.681974000000002,-3.393589499999999,2.898,-0.6460268,0.94360733,1.003,-4.19325,0.317232503,0.055650002999999997,-0.07664001000000001,-0.18512749000000003,-0.10778000000000004,-0.034,3.251,3.129,-43.302,-1.33,0.236,11612562176.0,5401999872.0,7491999744.0,68400488448.0,119758000000.0,,67069000000.0,,,,,10282000000.0,10110000000.0,1.79,0.090299994,4.32,2.34,1.08,1788134400.0,0.166,257.6700134277344,185.27840152623034,249.89999389648438,254.63635,2.4,22.0,0.12,0.00090000004,0.005,0.85537004,False,False,,0.1,1760201.0,1811630.0,0.8867924077889153,12.02,17.46,28.81,,-0.030154923453788562,0.24545776808021733,58.48028947154642,0.10552672001448471,0.19138772143792893,False,0.695317185472393,,1.0,US,True,True,,48.95083603225129,84.99857671505836,80.16772133516726,57.393364517800734,47.95918367346938,66.65268456375838,99.04809619238478,50.0,96.74952198852772,10.0,64.83531394450027,standard,68,452726326,False,66.3,False,97.5251677852349,47.31543624161073,81.96308724832215,50.041946308724825,50.041946308724825,50.041946308724825,5,NEUTRAL,0,UPPTREND,False,3,0.42857142857142855,LÅG,VÄNTA,4.6
CABK.MC,"CaixaBank, S.A.",Financial Services,Banks - Regional,Spain,EUR,86739945668.22293,1.7399119999999986,0.4416855000000002,0.94,0.7605812999999997,5.611693,6.052,,0.03418749799999999,0.004380000999999998,0.17299498299999996,0.22393753999999993,-0.37562,-0.037000000000000005,-0.047000000000000014,0.069,,,,,47705001984.0,54319001600.0,93544562688.0,664040000000.0,,16762000000.0,,,,,5891000000.0,4410000000.0,4.01,0.96769994,0.5,5.04,0.3321,1775520000.0,0.114,12.819999694824219,7.115854873421572,12.470000267028809,12.37952,2.28571,21.0,,,0.49707,0.24778,False,False,,0.5,6344749.0,4973849.0,1.4351573351947966,-0.8,16.0,20.23,74.27,-0.02730104805983069,0.24179625033446853,57.18390899095763,0.047934400876658456,0.2081231532542398,False,0.473511132086537,,0.974,Europe,True,True,,61.183885548681374,84.81116664969171,52.24074227145926,87.20237633132595,42.17687074829932,66.65268456375838,,50.0,,50.0,56.659533085871885,standard,234,70989924,False,39.6,False,27.936241610738254,41.61073825503356,25.75503355704698,50.041946308724825,50.041946308724825,50.041946308724825,2,SVAG,-8,UPPTREND,False,4,0.5714285714285714,MEDEL,VÄNTA,-3.7
PSA,Public Storage,Real Estate,REIT - Industrial,United States,USD,55841355294.55444,0.28382700000000227,6.107365999999999,4.7251,9.09843,11.462907,14.405,1.779,0.13404500000000003,0.045059996000000005,0.13089501000000003,0.07734500000000002,0.29561994999999996,-0.0235,0.133,0.291,15.619499999999999,-0.538,0.091,1522085120.0,134608992.0,10032266240.0,70173605888.0,20208604000.0,,4824113000.0,,,2260491000.0,,1784348000.0,3186449000.0,3.7,1.2397,12.0,3.45,3.0,1781481600.0,0.952,330.80999755859375,251.61751865534993,318.0400085449219,332.875,2.5,16.0,6.64,0.0508,0.10172,0.87208,False,False,,0.819,959254.0,951210.0,1.067524243812103,-0.67,6.38,12.68,,-0.03860218587078834,0.2356192639674876,44.973876243686455,0.018652563971122138,0.10497196886035098,False,0.2681038848144903,,0.863,US,True,True,76.33025828192699,82.5587388092385,70.50953600910903,62.02134993307567,52.97059389004059,50.34013605442177,28.355704697986578,73.84769539078157,50.0,45.02868068833652,91.89999999999999,64.52336871516995,standard,70,302522837,False,51.5,False,79.44630872483222,51.006711409395976,9.815436241610739,50.041946308724825,50.041946308724825,50.041946308724825,6,NEUTRAL,0,UPPTREND,False,4,0.5714285714285714,MEDEL,VÄNTA,9.5
6871.T,"Micronics Japan Co., Ltd.",Technology,Semiconductor Equipment & Materials,Japan,JPY,541536265160.0,19.488805499999998,41.667197,,3.7455110999999994,7.0334864,6.876,7.150249999999999,0.13689250000000003,0.075229993,0.134514989,0.12584749500000003,0.17363499,0.11500000000000002,0.7929999999999999,1.014,-7.721499999999999,-0.3460000000000001,1.092,,13397000192.0,1300999936.0,529440276480.0,99026000000.0,,70173000000.0,,,16542000000.0,,12063000000.0,12903000000.0,0.68,0.3049,95.0,2.49,95.0,1766966400.0,1.657,18180.0,4190.132899571132,13970.0,12400.0,,2.0,,,0.18466,0.4002,False,False,,0.5,1185055.0,1356920.0,1.1421875984916183,-14.56,9.23,72.26,,-0.23157315731573158,0.7772283915637417,34.70319634703196,-0.09093275375144783,0.32708086020496374,False,-0.12848356816169118,,0.5,Japan,True,True,,83.33234614957226,67.32137773982352,70.38153571993288,14.01330518262093,19.472789115646258,66.65268456375838,,50.0,,50.0,64.49581670403782,standard,71,116758994,False,35.3,False,27.936241610738254,19.211409395973153,19.546979865771814,50.041946308724825,50.041946308724825,50.041946308724825,5,NEUTRAL,0,VARNING,False,4,0.5714285714285714,MEDEL,VÄNTA,8.1
EA,Electronic Arts Inc.,Communication Services,Electronic Gaming & Multimedia,United States,USD,52381983477.1344,37.620556,6.400394000000002,1.2896,4.0192605,6.955515,6.806,23.491,-0.037169995,0.0008600024999999983,-0.0034849970000000174,0.053155009999999975,0.33761005,0.057999999999999996,0.783,0.815,-49.7535,-0.0914999999999998,0.951,1402687488.0,2980000000.0,1854000000.0,51255984128.0,13131000000.0,,7531000000.0,,,1162000000.0,,887000000.0,2553000000.0,0.37,0.2165,0.76,0.52,0.19,1779840000.0,0.641,209.19000244140625,146.39356645346217,208.89999389648438,205.7857,2.88889,14.0,4.53,0.0431,0.00226,0.94835997,False,False,,0.879,1988900.0,2189770.0,1.6462639244476849,2.9,2.82,2.5,,-0.0013863403677865094,0.20627522136002313,80.06596246373824,0.028040710792712087,0.033962753317365424,True,1.037920120892428,,0.808,US,True,True,61.40151812003896,57.74160171099695,66.21121548534016,76.50696082391995,65.39647857834005,51.70068027210885,66.65268456375838,78.85771543086172,50.0,51.05162523900574,97.9,64.42532974398313,standard,73,457442940,False,53.1,False,78.94295302013423,52.348993288590606,19.798657718120804,50.041946308724825,50.041946308724825,50.041946308724825,6,NEUTRAL,0,UPPTREND,False,5,0.7142857142857143,HÖG,VÄNTA,3.4
ROK,"Rockwell Automation, Inc.",Industrials,Specialty Industrial Machinery,United States,USD,51391875872.21231,17.502906499999998,11.5369815,2.0417,10.358705575,5.8373327,6.256,11.112000000000002,0.11846999000000002,0.038540002999999996,0.01955000299999999,0.071037517,0.03714999999999996,0.05049999999999999,0.316,0.389,37.20400000000001,-0.2929999999999999,0.616,158062464.0,423000000.0,4054000128.0,55076876288.0,11219000000.0,,8342000000.0,,,1423000000.0,,869000000.0,1544000000.0,1.18,0.55869997,5.52,1.63,1.38,1786924800.0,1.54,497.3599853515625,301.1794982131928,461.8500061035156,472.6084,2.25,25.0,4.88,0.0434,0.0017,0.91072,False,False,,0.663,796645.0,687720.0,0.8442467978590259,-0.96,15.01,11.43,,-0.07139693641205658,0.30423748682909796,43.91413385116571,0.0035346027559275406,0.1443804372784141,False,0.24829486129697947,,0.981,US,True,True,46.273104868955784,70.7714963704727,71.50583546826074,76.18570671362906,38.25770553283287,52.21088435374149,66.65268456375838,50.70140280561122,50.0,50.66921606118547,66.3,64.23528252438412,standard,74,317623486,False,49.2,False,60.31879194630873,52.85234899328859,24.41275167785235,50.041946308724825,50.041946308724825,50.041946308724825,4,NEUTRAL,0,UPPTREND,False,4,0.5714285714285714,MEDEL,VÄNTA,8.5
6861.T,Keyence Corporation,Technology,Scientific & Technical Instruments,Japan,JPY,17190181639680.0,13.255692500000002,15.836871999999998,2.6901,1.3779106999999997,14.701397,13.424,11.984250000000003,0.02989250000000003,0.05815999699999999,0.323255029,0.46589750500000005,0.53511495,0.036000000000000004,0.038000000000000006,0.254,,8.477,9.963,278677939200.0,1493889056768.0,0.0,15696291430400.0,3670655000000.0,,1169289000000.0,,,595759000000.0,,445185000000.0,430680000000.0,0.78,0.2996,550.0,0.5,275.0,1789603200.0,1.01,84170.0,51271.96903921346,70880.0,89075.0,1.625,16.0,,,0.22763,0.37437,False,False,,0.5,782131.0,569680.0,1.607014492239153,-8.57,12.96,21.95,,-0.1578947368421053,0.39460609005978176,33.66071428571428,-0.08088664355051622,0.1199422470033098,False,-0.10312909189571078,,0.75,Japan,True,True,59.54512376708725,88.75177647883467,68.06148590947907,62.72428199045937,55.45218780974093,5.1020408163265305,66.65268456375838,70.14028056112225,50.0,,50.0,72.1676289623458,standard,16,248710647,False,42.1,False,72.31543624161074,2.5587248322147653,7.298657718120806,50.041946308724825,50.041946308724825,50.041946308724825,7,STARK,8,VARNING,False,4,0.5714285714285714,MEDEL,VÄNTA,10.5
PANW,"Palo Alto Networks, Inc.",Technology,Software - Infrastructure,United States,USD,292324194030.7617,279.782485,67.463133,3.9227,5.145103299999999,27.560852,27.468,179.72775,-0.09840250299999999,-0.045890001,-0.027299998,-0.169287495,0.26757995999999995,0.168,,,-42.162,-0.8255,0.728,2762937600.0,3111000064.0,2130000000.0,291343204352.0,23576200000.0,,9221500000.0,,,1242900000.0,,1133900000.0,3716000000.0,,0.0,,,,,0.908,368.79998779296875,139.57000732421875,358.67999267578125,327.4608,1.63636,50.0,2.79,0.0309,0.00758,0.84424,False,False,,0.281,8034367.0,7196250.0,1.0226751124575415,28.15,114.82,87.86,,-0.027440334740109873,0.4145608873250077,66.90035455527605,0.26349960560553165,0.720938968255012,False,0.7920536465448881,,0.924,US,True,True,42.61427883700362,31.448778862333278,95.34585824081982,85.13854015112405,26.706304223574886,24.31972789115646,11.703020134228188,59.919839679358724,50.0,64.62715105162525,28.1,56.1647498778903,standard,246,2581150897,False,43.0,False,65.93959731543623,23.993288590604024,2.5587248322147653,50.041946308724825,50.041946308724825,50.041946308724825,3,SVAG,-8,UPPTREND,False,2,0.2857142857142857,LÅG,VÄNTA,5.7
TRV,"The Travelers Companies, Inc.",Financial Services,Insurance - Property & Casualty,United States,USD,78461641159.32437,-7.950584000000001,0.026439500000000393,2.3596,-0.3712900000000001,1.6031556,1.647,-1.1812499999999995,0.117742503,0.024860003,-0.09940001000000001,-0.18722749000000002,-0.12328,-0.054,3.443,3.332,-38.046,-1.359,0.204,12487937792.0,7141000192.0,9267999744.0,80588636160.0,143708000000.0,,48828000000.0,,,,,6288000000.0,10606000000.0,1.48,0.1313,5.0,1.9,1.25,1788998400.0,0.473,370.42999267578125,249.31211889401692,368.9800109863281,329.95834,2.7931,24.0,3.72,0.0419,0.0026699998,0.87848,False,False,,0.661,1741374.0,1886700.0,1.9152709622359718,19.99,23.99,36.35,,-0.003914320433340834,0.20435051907778487,73.49520455389032,0.180452666571411,0.2579978365576958,True,1.1661021755027372,,1.0,US,True,True,,43.01084303465381,92.49928835752917,78.48289590352654,55.47353181231475,44.302721088435376,66.65268456375838,99.04809619238478,50.0,52.48565965583174,66.10000000000001,64.16359996751649,standard,75,696154587,False,63.9,False,97.5251677852349,43.70805369127517,69.37919463087249,50.041946308724825,50.041946308724825,50.041946308724825,5,NEUTRAL,0,UPPTREND,False,3,0.42857142857142855,LÅG,VÄNTA,4.5
GOOGL,Alphabet Inc.,Communication Services,Internet Content & Information,United States,USD,2034553548839.8013,5.4701450000000005,8.396343000000002,1.3956,5.052078499999999,10.015399,9.871,14.828000000000001,0.216779975,0.09031000250000001,0.257925003,0.17427499999999996,0.15161999999999998,0.157,0.75,0.812,-57.1375,0.7845000000000001,1.707,27105312512.0,126839996416.0,95875997696.0,4170501324800.0,595281000000.0,,402836000000.0,,,129039000000.0,,132170000000.0,164713000000.0,0.25,0.0641,0.88,,0.22,1780876800.0,1.247,408.36608091552193,183.1874035754976,346.7699890136719,433.51376,1.4375,53.0,2.13,0.0146,0.011729999,0.81009,False,False,,0.795,31747830.0,24946490.0,0.8465188396565876,-7.09,3.26,3.39,,-0.15083547527688113,0.3059092882171321,55.250770712547364,-0.06401192726087623,0.07915088965696526,False,0.24761472270976476,,1.0,US,True,True,47.29100659419397,87.38732892895325,51.48021633931112,86.5451238395602,50.988758967462765,13.77551020408163,66.65268456375838,54.70941883767535,50.0,87.76290630975143,79.5,64.08142758511933,standard,77,8650694063,False,43.8,False,69.5469798657718,13.590604026845638,12.080536912751679,50.041946308724825,50.041946308724825,50.041946308724825,5,NEUTRAL,0,VARNING,False,3,0.42857142857142855,LÅG,VÄNTA,5.5
NXT.L,NEXT plc,Consumer Cyclical,Apparel Retail,United Kingdom,GBp,22034080421997.69,-0.33681975000000186,4.794191999999999,2.9071,7.954423425,2.4604228,2.753,2.5455000000000023,0.3580349599999999,0.0957950015,0.05944999699999999,0.03445000999999999,0.048045000000000004,0.08,0.14200000000000002,0.232,6.107000000000006,0.6124999999999998,1.081,183262464.0,96200000.0,1809799936.0,19000920064.0,4915300000.0,,6901300000.0,,,1277200000.0,,888500000.0,1233600000.0,1.79,0.32869998,2.68,2.95,1.81,1782950400.0,1.038,196008.52766990662,141625.23283196578,193023.9555835724,14814.5,2.1,20.0,,,0.06202,0.70514,False,False,,0.5,453817.0,290217.0,0.5854050411713807,5.69,15.52,13.8,20.26,-0.015226746110559408,0.23436048652434371,61.52909007553023,0.09565849997255804,0.14626122108372797,False,0.877337309521523,,0.5,UK,True,True,64.98919626963423,76.46107810307107,75.17451562610174,58.373348370185035,68.1418113059042,4.2517006802721085,66.65268456375838,60.120240480961925,50.0,,50.0,64.07438498301433,standard,78,56018833318,False,45.4,False,56.124161073825505,2.5587248322147653,56.208053691275175,50.041946308724825,50.041946308724825,50.041946308724825,5,NEUTRAL,0,UPPTREND,False,5,0.7142857142857143,HÖG,VÄNTA,1.9
MPC,Marathon Petroleum Corporation,Energy,Oil & Gas Refining & Marketing,United States,USD,91259393882.83981,-1.5643959999999986,0.05905549999999948,1.5172,2.8316344500000006,0.67129153,0.957,3.5897499999999996,0.1587975025,0.000887501750000002,-0.075729997,-0.1422625,-0.34467000000000003,0.03949999999999999,,,89.4275,-0.018500000000000072,0.687,2702312448.0,2151000064.0,34325999616.0,130108391424.0,83955000000.0,,132699000000.0,,,5768000000.0,,4047000000.0,8253000000.0,1.28,0.2515,3.91,2.34,1.0,1779235200.0,0.52,313.1499938964844,154.96713685274565,312.6000061035156,290.64706,2.33333,17.0,2.84,0.028800001,0.00322,0.78445,False,False,,0.749,2326906.0,2055030.0,0.9057076687934764,24.81,38.7,74.15,,-0.00175630785147185,0.3294433892057591,86.8639738947951,0.19533834386680948,0.4580346533602029,True,0.9575386618130645,,0.669,US,True,True,72.57173565007108,36.54306159229691,97.45231995445488,59.000416529778946,49.30427721872202,40.98639455782313,66.65268456375838,73.34669338677354,50.0,67.20841300191205,74.9,64.0458878947375,standard,79,642402391,False,62.1,False,80.95637583892618,40.43624161073826,88.33892617449665,50.041946308724825,50.041946308724825,50.041946308724825,4,NEUTRAL,0,UPPTREND,False,3,0.42857142857142855,LÅG,VÄNTA,1.2
ENVA,"Enova International, Inc.",Financial Services,Credit Services,United States,USD,5786236124.239746,1.121205999999999,-0.9427725000000002,,1.3098488000000001,3.6616857,6.67,,0.116362503,0.033390005,-0.04812001000000002,-0.10861751,0.37615,0.194,0.15299999999999997,0.249,279.984,21.02,21.561,,110445000.0,4864254976.0,10540046336.0,6468432000.0,,3151653000.0,,,406727000.0,,308389000.0,1819121000.0,,0.0,,,,,1.216,246.3800048828125,99.61000061035156,232.52000427246094,250.7143,1.28571,7.0,5.31,0.1155,0.04533,0.97217005,False,False,,0.147,325188.0,321150.0,0.5646424622189458,19.98,48.95,45.42,,-0.05625456747979163,0.39423890074471746,51.20013858127422,0.19958812293603834,0.4995476213804888,False,0.5769555678806572,,0.942,US,True,True,,59.95281096567495,90.19356675206376,75.90677344959876,41.04494711136212,87.67006802721087,11.703020134228188,,50.0,19.120458891013385,14.7,64.04301839158269,standard,80,74673799,False,48.7,False,27.936241610738254,87.83557046979867,40.18456375838927,50.041946308724825,50.041946308724825,50.041946308724825,5,NEUTRAL,0,UPPTREND,False,2,0.2857142857142857,LÅG,VÄNTA,7.2
BKT.MC,"Bankinter, S.A.",Financial Services,Banks - Regional,Spain,EUR,13884857230.98729,-0.671958,-0.32990850000000016,10.15,0.6372780999999996,5.020771,2.326,,0.05092750799999999,0.0037199999999999976,0.18684500299999998,0.24100751000000004,-0.37562,-0.0030000000000000027,-0.064,0.076,,,,,18238898176.0,10182617088.0,6431781888.0,131018892000.0,,3128426000.0,,,,,1089976000.0,-598882000.0,4.9,0.5096,0.77,5.29,0.160932,1782086400.0,0.042,15.645000457763672,10.89600743357339,15.449999809265137,15.65591,2.5,22.0,,,0.28851,0.41044,False,False,,0.5,1542908.0,1444425.0,0.7553285626527132,4.18,5.41,9.95,42.17,-0.012464087107250221,0.23570474994103166,69.90948732498904,0.07115082131913364,0.12625000754068938,True,0.7634875883543862,,0.723,Europe,True,True,,62.32331395262105,73.58076293295936,49.153511833285165,89.04846932174003,75.68027210884354,66.65268456375838,,50.0,,50.0,55.854683140628296,standard,254,25542366,False,45.3,False,27.936241610738254,76.00671140939598,29.61409395973154,50.041946308724825,50.041946308724825,50.041946308724825,2,SVAG,-8,UPPTREND,False,4,0.5714285714285714,MEDEL,VÄNTA,-4.9
CLAS-B.ST,Clas Ohlson AB (publ),Consumer Cyclical,Specialty Retail,Sweden,SEK,23271887129.407562,-0.6005017500000012,15.698584,3.14,5.145702674999999,2.044995,2.05,-1.6339999999999968,0.27044999999999997,0.06528,0.045324987,-0.010474999999999998,0.05524000000000001,0.04100000000000001,0.639,0.736,0.0,0.0,0.658,780312448.0,1836499968.0,1899900032.0,25654261760.0,7887300000.0,,12513900000.0,,,1528500000.0,,1168900000.0,2118800000.0,1.73,0.3827,7.0,5.03,3.5,1768176000.0,0.944,452.6000061035156,276.2021351088865,402.6000061035156,415.0,2.5,4.0,,,0.35682,0.33817002,False,False,,0.5,84459.0,54704.0,0.9997392315298055,0.1,-0.74,36.66,,-0.1104728221955974,0.370268461758441,33.58973325670027,-0.026313230363682938,0.10140533960810583,False,0.2830471702345738,,0.439,Nordic,True,True,,71.20303824980242,65.6561343580985,61.53971798430343,57.26613090714044,67.3469387755102,66.65268456375838,81.76352705410822,50.0,,50.0,63.82630848270607,standard,81,2283426,False,62.7,False,83.05369127516778,67.78523489932886,61.493288590604024,50.041946308724825,50.041946308724825,50.041946308724825,6,NEUTRAL,0,VARNING,False,4,0.5714285714285714,MEDEL,VÄNTA,13.4
BMY,Bristol-Myers Squibb Company,Healthcare,Drug Manufacturers - General,United States,USD,124035410970.32878,-12.018628,-6.794739,1.5721,2.380832,2.5583806,3.3,-5.4895000000000005,0.26154998,0.045690001499999994,0.030799999999999994,0.13720502,0.26774999999999993,-0.054000000000000006,-0.025499999999999995,0.09,171.66725000000002,-0.6102500000000001,1.178,9035312896.0,10485999616.0,46428999680.0,160012402688.0,90038000000.0,,48195000000.0,,,13724000000.0,,7054000000.0,14156000000.0,4.16,0.7003,2.52,3.96,0.63,1782950400.0,0.235,62.290000915527344,40.99242480961215,60.7400016784668,62.95833,2.5,24.0,2.89,0.0199,0.00083,0.83792996,False,False,,0.581,11716893.0,10725550.0,0.9035791394544048,9.85,4.18,8.84,,-0.024883596312071488,0.28148621198666096,61.17834630498414,0.0756282240216899,0.13340283173326206,True,0.9527513527837074,,1.0,US,True,True,,81.50469480545948,68.03302021064617,54.11774400214853,46.01263548275006,35.2891156462585,66.65268456375838,92.58517034068137,50.0,81.54875717017208,58.099999999999994,55.72141264523494,standard,259,651469925,False,59.3,False,93.6241610738255,34.81543624161073,54.530201342281885,50.041946308724825,50.041946308724825,50.041946308724825,3,SVAG,-8,UPPTREND,False,3,0.42857142857142855,LÅG,VÄNTA,0.5
DXCM,"DexCom, Inc.",Healthcare,Medical Devices,United States,USD,29577164275.845436,4.486510000000003,8.311198999999998,1.4544,6.204447,6.1390157,5.925,8.1675,0.23047,0.03531000149999999,0.07385,0.021004999999999996,0.16298,0.06999999999999999,0.8045,0.893,-12.466750000000001,-0.08225000000000005,1.583,240200000.0,2415200000.0,1384800000.0,28546762752.0,6339900000.0,,4662000000.0,,,911800000.0,,836300000.0,1440700000.0,,0.0,,,,,1.453,89.9800033569336,54.11000061035156,76.6500015258789,85.75,1.33333,24.0,3.42,0.054,0.00271,1.0328801,False,False,,0.321,5684658.0,4696190.0,1.024721333745609,4.77,25.18,9.97,,-0.1481440468297951,0.4104376982900608,63.523062357226195,0.08760122442795804,0.13813112603886601,True,0.8770989265168517,,0.962,US,True,True,54.129544004209535,75.54988202603872,67.91915741531454,82.39404818858876,29.659296265846706,62.074829931972786,11.703020134228188,57.61523046092184,50.0,41.87380497131931,32.1,63.71827164053112,standard,82,359962971,False,51.4,False,64.68120805369128,62.58389261744966,22.399328859060404,50.041946308724825,50.041946308724825,50.041946308724825,5,NEUTRAL,0,UPPTREND,False,3,0.42857142857142855,LÅG,VÄNTA,5.6
SUNPHARMA.NS,Sun Pharmaceutical Industries Limited,Healthcare,Drug Manufacturers - Specialty & Generic,India,INR,4636954704444.486,9.335496000000003,9.6622245,1.04,0.8045738500000001,7.9315653,7.443,8.306000000000001,0.0,0.01735999849999999,0.06711999699999999,-0.00964000000000001,0.37234000999999994,0.048,0.1335,0.262,-10.000250000000001,0.8907499999999998,2.183,41326237696.0,335165784064.0,46273200128.0,4351158648832.0,1087852200000.0,,582201100000.0,,,135948200000.0,,114794200000.0,124191800000.0,0.83,0.3452,16.0,0.93,5.0,1783382400.0,0.076,1962.699951171875,1533.9890668325556,1932.5999755859375,2055.0,1.64706,34.0,,,0.55611,0.28834,False,False,,0.5,3411944.0,2222802.0,1.2678922351213509,6.19,16.36,14.67,,-0.0153360046541835,0.19659302335786427,65.76686031841726,0.04316746182955189,0.10404437770166797,True,0.7518972953870735,,0.574,India,True,True,55.53358112873792,66.0419196030314,81.14147452319953,61.19109576535676,88.8395714804962,10.119047619047619,66.65268456375838,60.02004008016032,50.0,,50.0,63.6999366619593,standard,83,44617647,False,42.7,False,65.26845637583892,9.983221476510067,16.10738255033557,50.041946308724825,50.041946308724825,50.041946308724825,6,NEUTRAL,0,UPPTREND,False,5,0.7142857142857143,HÖG,VÄNTA,6.4
ITW,Illinois Tool Works Inc.,Industrials,Specialty Industrial Machinery,United States,USD,79419581488.03711,-5.026401499999999,2.6214194999999982,2.7995,20.364020575,4.8960967,5.409,1.6979999999999995,0.81511999,0.115620003,0.08917999299999999,0.120517497,-0.010839980000000027,-0.022500000000000006,0.03799999999999999,0.097,207.05700000000002,-0.19599999999999995,0.789,1399312384.0,827000000.0,9148000256.0,87741587456.0,16148000000.0,,16044000000.0,,,4216000000.0,,3066000000.0,3126000000.0,2.28,0.5877,6.44,2.26,1.61,1782777600.0,1.011,299.4414681991758,234.37654391512544,276.04998779296875,280.04785,3.25,14.0,6.87,0.0354,0.00368,0.86527,False,False,,0.71,1396408.0,1252250.0,1.2791075415229578,4.49,4.56,7.95,,-0.07811703751949284,0.21286925001358553,60.50872856530552,0.06872481423177002,0.07093580905517949,True,0.8236536304735556,,0.858,US,True,True,72.4011710571982,80.4752394584769,61.670936521491605,55.241990188202735,43.43841873660991,43.707482993197274,66.65268456375838,67.83567134268537,50.0,59.273422562141484,71.0,63.66408635436993,standard,84,345683597,False,52.0,False,74.07718120805369,43.12080536912752,30.11744966442953,50.041946308724825,50.041946308724825,50.041946308724825,4,NEUTRAL,0,UPPTREND,False,4,0.5714285714285714,MEDEL,VÄNTA,8.1
VRTX,Vertex Pharmaceuticals Incorporated,Healthcare,Biotechnology,United States,USD,123260599216.94467,-0.16315299999999766,6.086271,1.7397,2.5756473,10.088443,9.658,9.7665,0.1162,0.060220001499999995,0.23581,0.18806499999999998,0.09184996999999995,-0.0020000000000000018,0.4965,0.596,-49.03975,0.9927500000000001,2.382,1966787584.0,7246700032.0,1986499968.0,118000402432.0,25643000000.0,,12001300000.0,,,4554400000.0,,3953200000.0,3631400000.0,,0.0,,,,,0.292,533.6699829101562,362.5,485.6499938964844,556.96,1.63333,25.0,2.71,0.022,0.002,0.99337,False,False,,0.441,1491430.0,1601080.0,0.7630601236487324,7.17,11.48,8.04,,-0.08998068197842801,0.35060581316510586,47.352749250478055,0.05597664338862973,0.0808767914327686,False,0.44992800758560764,,0.707,US,True,True,60.58983889566842,83.07546026381794,65.55650441218332,66.45694608974758,69.61518352270174,35.62925170068027,11.703020134228188,69.2384769539078,50.0,77.72466539196941,44.1,63.60714924448774,standard,85,777564492,False,47.6,False,72.06375838926175,35.151006711409394,11.828859060402683,50.041946308724825,50.041946308724825,50.041946308724825,4,NEUTRAL,0,UPPTREND,False,5,0.7142857142857143,HÖG,VÄNTA,5.0
CAST.ST,Castellum AB (publ),Real Estate,Real Estate - Development,Sweden,SEK,59149902827.94762,-5.3444959999999995,-9.163155,0.92,-0.9890463999999999,5.938746,11.633,-2.9294999999999973,-0.03472499999999999,-0.0005000030000000023,0.04539000700000001,0.27722,0.27571005,-0.2955,2.374,2.355,1.3354999999999926,0.9335,0.159,-8126375040.0,93000000.0,56806998016.0,115863855104.0,155889000000.0,,9593000000.0,,,6189000000.0,,938000000.0,3921000000.0,1.91,0.2218,2.48,3.44,0.62,1766966400.0,1.471,134.1999969482422,100.25,130.5500030517578,133.72726,2.63636,11.0,,,0.30322,0.48956,False,False,,0.5,1473185.0,961097.0,1.8290985130932786,7.05,3.65,17.61,,-0.02719816676219522,0.23999785476168353,64.38356259828502,0.04135095086382168,0.14733698144624663,True,0.6793483477213016,,0.535,Nordic,True,True,,65.25721143632265,72.84372331340735,58.948982532217904,66.49778235148536,49.48979591836735,66.65268456375838,16.33266533066132,50.0,,50.0,55.57938270302372,standard,262,13008831,False,40.4,False,27.936241610738254,48.8255033557047,23.573825503355707,50.041946308724825,50.041946308724825,50.041946308724825,3,SVAG,-8,UPPTREND,False,4,0.5714285714285714,MEDEL,VÄNTA,-0.8
KIMBERA.MX,"Kimberly-Clark de México, S. A. B. de C. V.",Consumer Defensive,Household & Personal Products,Mexico,MXN,60358220277.90102,-0.24051475,4.3999515,2.41,43.68964785,2.0716712,2.265,2.2920000000000016,2.79876751,0.070832499,0.09423999400000002,0.12804501,0.09709000000000001,0.0,0.069,0.102,1115.223,0.37449999999999994,1.353,3999137408.0,20361144320.0,31308175360.0,126549753856.0,45633156000.0,,55371444000.0,,,12091264000.0,,7581467000.0,9812087000.0,5.65,0.5907,2.2,5.14,0.55,1790726400.0,0.246,42.79675221226247,32.177752498536236,38.66999816894531,43.125,2.41667,12.0,,,0.0,0.37846002,False,False,,0.5,4125533.0,3345072.0,1.0030288923794772,5.85,-5.06,1.89,,-0.09642680413806559,0.25153006648245724,54.317502572790474,0.025695130629964424,0.019143077708094314,True,0.6432488943268344,,0.512,LatAm,True,True,81.82040057769169,83.05297070867013,48.021633931113,50.312435685696386,57.76646619558373,49.064625850340136,66.65268456375838,83.36673346693387,50.0,,50.0,63.56487192390041,standard,86,6726404,False,62.2,False,93.20469798657717,48.40604026845637,60.82214765100671,50.041946308724825,50.041946308724825,50.041946308724825,4,NEUTRAL,0,UPPTREND,False,3,0.42857142857142855,LÅG,VÄNTA,8.3
DDOG,"Datadog, Inc.",Technology,Software - Application,United States,USD,85581326492.30017,631.1945649999999,70.292993,1.6374,17.6864463,25.07695,24.131,2541.43175,-0.10741249799999998,-0.0657700001,-0.069819998,-0.13666749499999997,0.347,0.17900000000000002,0.8240000000000001,1.134,-17.639000000000003,1.7154999999999998,3.285,120289024.0,4758617088.0,1285052032.0,88609775616.0,6643844000.0,,3427158000.0,,,-44373000.0,,107741000.0,1050135000.0,,0.0,,,,,1.543,278.7049865722656,98.01000213623047,258.69000244140625,254.965,1.44681,46.0,2.53,0.0513,0.0064600003,0.92931,False,False,,0.481,5730704.0,4318450.0,0.7680948904230597,11.93,109.52,111.33,,-0.07181423044136914,0.6478229329248453,61.24316106721536,0.10928534860201644,0.5941388765009288,False,0.622166877685892,,1.0,US,True,True,34.8442135667984,29.843860618518725,90.66325078280671,88.3859808651306,35.57377721179344,42.26190476190476,11.703020134228188,49.298597194388776,50.0,44.45506692160612,48.1,63.56378261758198,standard,87,1117139841,False,43.9,False,59.144295302013425,41.69463087248322,2.5587248322147653,50.041946308724825,50.041946308724825,50.041946308724825,6,NEUTRAL,0,UPPTREND,False,2,0.2857142857142857,LÅG,VÄNTA,11.4
AVB,"AvalonBay Communities, Inc.",Real Estate,REIT - Residential,United States,USD,27351521484.692413,-9.047088999999996,15.340307,7.17,-0.027851099999999906,8.93823,11.886,1.0620000000000012,0.029484999999999997,-0.0005999999999999998,0.11296501000000003,-0.09197499999999997,0.17520999999999998,-0.0305,0.20800000000000002,0.377,-10.7195,-0.351,0.052,575598080.0,124626000.0,9524757504.0,36370432000.0,22192137000.0,,3040725000.0,,,919756000.0,,1051301000.0,1671105000.0,3.64,0.8711,7.12,3.37,1.78,1782777600.0,0.78,198.6300048828125,157.11803610789784,192.52999877929688,198.44444,2.55,18.0,2.36,0.0293,0.00402,0.96613,False,False,,0.755,1104279.0,884160.0,0.9184606885058825,5.19,14.56,9.06,,-0.030710395980277472,0.21204660544752835,55.87412039849454,0.0369986719469686,0.09019799446594412,True,0.6568508941040745,,0.063,US,True,True,74.06287435205606,57.839608387345876,74.02504981497295,45.371679466723926,56.41633067344619,63.52040816326531,66.65268456375838,67.73547094188376,50.0,66.34799235181644,75.5,63.49986521953181,standard,88,170227324,False,53.3,False,76.34228187919463,64.01006711409396,13.842281879194632,50.041946308724825,50.041946308724825,50.041946308724825,4,NEUTRAL,0,UPPTREND,False,3,0.42857142857142855,LÅG,VÄNTA,5.8
GOOG,Alphabet Inc.,Communication Services,Internet Content & Information,United States,USD,1903534780850.0574,5.3984710000000025,8.351934,1.3931,5.0356285,9.996626,9.852,14.778999999999998,0.216779975,0.09031000250000001,0.257925003,0.17427499999999996,0.15161999999999998,0.157,0.75,0.812,-57.1375,0.7845000000000001,1.707,27105312512.0,126839996416.0,95875997696.0,4162625994752.0,595281000000.0,,402836000000.0,,,129039000000.0,,132170000000.0,164713000000.0,0.25,0.0641,0.88,,0.22,1780876800.0,1.247,404.2267181336527,184.20399166314442,346.1199951171875,427.7723,1.43077,13.0,2.13,,0.06647,0.61494,False,False,,0.639,21691816.0,17033280.0,0.9364264387530381,-6.73,4.07,3.05,,-0.14374785339462126,0.30257900450988706,56.24658099017193,-0.05912779763280607,0.0795032325937628,True,0.27727771007368524,,1.0,US,True,True,47.48715307710393,87.38732892895325,52.7042413891261,86.5451238395602,51.33034735345765,14.1156462585034,66.65268456375838,54.90981963927856,50.0,,63.9,63.43190818180781,standard,90,5895558790,False,44.0,False,70.38590604026845,13.926174496644295,12.164429530201343,50.041946308724825,50.041946308724825,50.041946308724825,6,NEUTRAL,0,VARNING,False,3,0.42857142857142855,LÅG,VÄNTA,5.5
HMS.ST,HMS Networks AB (publ),Technology,Communication Equipment,Sweden,SEK,24213593012.04004,16.267537999999995,22.142972999999998,0.72,1.7243431999999994,6.361371,6.924,7.7242500000000005,0.009237500000000023,0.022860002000000004,0.074734999,0.12629750500000003,0.21095000000000003,0.033,0.633,0.845,27.89,-0.3320000000000001,0.808,-43118272.0,47000000.0,2188999936.0,26355593216.0,6600064000.0,,3577348000.0,,,789704000.0,,434746000.0,877277000.0,1.0,0.436,4.8,1.02,4.8,1776988800.0,1.103,593.5,371.7366102015162,482.3999938964844,599.0,1.4,5.0,,,0.122530006,0.78602,False,False,,0.5,49071.0,32915.0,1.2994493780296137,-5.5,0.51,19.51,,-0.18719461854004316,0.35360748998632036,41.23710326628768,-0.0839590397673654,0.044622406562970784,False,0.2326111743336367,,1.0,Nordic,True,True,46.20122927419084,72.35588048468018,56.70367207514945,80.51033824944022,40.83605157536178,66.07142857142857,66.65268456375838,45.49098196392786,50.0,,50.0,63.40210191874755,standard,91,1646248,False,42.7,False,27.936241610738254,66.5268456375839,21.56040268456376,50.041946308724825,50.041946308724825,50.041946308724825,5,NEUTRAL,0,VARNING,False,3,0.42857142857142855,LÅG,VÄNTA,14.0
VICI,VICI Properties Inc.,Real Estate,REIT - Diversified,United States,USD,29586025548.753265,-23.967122,-15.024103,,-1.3364544,7.3224893,11.476,-7.019,0.04560499999999999,0.026749999999999996,0.50858501,0.6897348999999999,0.53935,-0.020499999999999997,0.40599999999999997,0.605,-30.1735,10.393999999999998,11.119,468842496.0,486896000.0,17701677056.0,46369832960.0,46724168000.0,,4006116000.0,,,3655301000.0,,2775493000.0,2509991000.0,6.63,0.6104,1.8,5.15,0.45,1781740800.0,0.683,31.942067240750553,25.815000534057617,26.8700008392334,33.375,1.84,24.0,2.9,0.0324,0.0028400002,0.98276,False,False,,0.602,9244424.0,9691220.0,0.7104604586188102,-2.46,-3.8,-1.36,,-0.15878954744188856,0.1818540430119254,46.60001365663183,-0.01383129080308998,-0.03508120046230068,True,0.6900123251136346,,0.723,US,True,True,,87.76337823023071,41.816111585539424,64.81355905424003,84.20027623332038,61.98979591836735,66.65268456375838,60.92184368737475,50.0,62.523900573613766,60.199999999999996,63.362295427446284,standard,92,260403090,False,52.5,False,71.89597315436241,62.5,17.701342281879196,50.041946308724825,50.041946308724825,50.041946308724825,5,NEUTRAL,0,NEDTREND,True,4,0.5714285714285714,MEDEL,EJ AKTUELL,1.7
ATCO-B.ST,Atlas Copco AB (publ),Industrials,Specialty Industrial Machinery,Sweden,SEK,270499821109.01562,5.097272499999999,,2.5618,3.278506775,4.975753,5.102,2.143500000000002,0.10173999,0.052160000000000005,0.088645,0.101232497,0.0,0.022499999999999992,0.0,0.082,-23.939,-0.25649999999999995,0.864,25106875776.0,14709000192.0,35858001920.0,866845327360.0,202454000000.0,,168343000000.0,,,34811000000.0,,26420000000.0,32566000000.0,1.73,0.5495,3.0,1.62,2.5,1792368000.0,1.072,175.3000030517578,123.33926429669968,173.3000030517578,,,,,,0.00016000001,0.54825,False,False,,0.5,1411026.0,1181657.0,1.4122919192505234,1.55,8.31,7.26,,-0.01140901292174823,0.27867592665535346,56.741584832746774,0.060944647069285374,0.12844388380611904,True,0.8692452915344667,,0.5,Nordic,True,True,79.89683277168862,74.39718531430853,71.86165670367207,46.57299950733617,43.40016383619642,25.170068027210885,66.65268456375838,80.06012024048096,50.0,,50.0,63.299614228799726,standard,93,21231671,False,55.1,False,97.5251677852349,24.832214765100673,29.78187919463087,50.041946308724825,50.041946308724825,50.041946308724825,5,NEUTRAL,0,UPPTREND,False,4,0.5714285714285714,MEDEL,VÄNTA,9.2
9433.T,KDDI Corporation,Communication Services,Telecom Services,Japan,JPY,10919448208980.0,0.8260435000000026,1212.976679,1.7782,0.24738860000000007,1.7983532,2.591,1.0165000000000006,0.009285004999999999,-0.004320000500000004,0.04448999599999999,0.03446998999999998,0.13158500999999995,0.026999999999999996,0.351,0.359,56.111000000000004,-0.957,0.434,1281193403392.0,1078806970368.0,5375349751808.0,15731195379712.0,19063364000000.0,,6071915000000.0,,,1059234000000.0,,707112000000.0,1788853000000.0,2.93,0.43580002,84.0,3.08,42.0,1790640000.0,-0.108,2901.5,2273.6035807467433,2868.0,2852.7334,2.53333,15.0,,,0.21119,0.37964,False,False,,0.5,9255718.0,7832590.0,1.1669140556786117,5.62,8.88,7.03,,-0.01154575219713938,0.23098277365682526,67.76470588235294,0.0568946900991667,0.09739435940718444,True,0.9005105005956594,,0.163,Japan,True,True,93.85547631576,59.3029418437628,71.81895815542272,53.010173151665796,56.97732218637039,6.547619047619048,66.65268456375838,95.69138276553106,50.0,,50.0,63.29024510051486,standard,94,138364360,False,57.8,False,97.5251677852349,6.459731543624161,66.10738255033557,50.041946308724825,50.041946308724825,50.041946308724825,5,NEUTRAL,0,UPPTREND,False,3,0.42857142857142855,LÅG,VÄNTA,2.4
AMAT,"Applied Materials, Inc.",Technology,Semiconductor Equipment & Materials,United States,USD,420528530371.64734,20.536917999999996,12.139743000000001,1.4171,12.194106300000001,14.488993,14.455,28.57375,0.25020753,0.08496999999999999,0.186370002,0.17432250500000002,0.03749999999999998,-0.028999999999999984,0.11900000000000002,0.313,-19.461,0.8265,1.624,2223937536.0,8240999936.0,7267999744.0,419555540992.0,36299000000.0,,28368000000.0,,,8470000000.0,,6998000000.0,7958000000.0,0.38,0.1731,2.12,0.79,0.53,1787184000.0,1.567,739.6699829101562,153.7846009301305,529.6599731445312,623.0571,1.48718,35.0,1.63,0.0252,0.0030500002,0.85919,False,False,,0.454,9445998.0,9035680.0,0.833764773363439,-6.79,36.01,75.89,,-0.2839239317774692,0.5620327817249471,38.597102362655846,0.00792653509936958,0.4801900985901286,False,0.09506783552017514,,0.906,US,True,True,42.69203210891056,83.73976443311783,73.75462567606034,62.74367708605515,33.518038766088445,21.343537414965986,66.65268456375838,53.406813627254515,50.0,73.23135755258127,45.4,63.276231996750354,standard,95,4785838026,False,42.4,False,62.16442953020134,21.05704697986577,7.718120805369128,50.041946308724825,50.041946308724825,50.041946308724825,4,NEUTRAL,0,UPPTREND,False,4,0.5714285714285714,MEDEL,VÄNTA,8.3
AME,"AMETEK, Inc.",Industrials,Specialty Industrial Machinery,United States,USD,54321111474.0,4.5878695,6.8733805,3.0733,0.7420215749999999,7.1497893,7.41,6.400000000000001,-0.007090020000000002,0.025270003000000006,0.097050003,0.126787497,-0.08524999999999999,0.0445,0.06499999999999999,0.135,-53.67399999999999,-0.246,0.608,568919040.0,481249984.0,2455633920.0,56295493632.0,16067543000.0,,7401116000.0,,,1910317000.0,,1480142000.0,1801763000.0,0.57,0.1918,1.36,0.62,0.34,1781481600.0,0.99,244.7100067138672,174.51145112730134,237.0,263.3889,1.7,18.0,2.67,0.0166,0.00386,0.92521006,False,False,,0.685,1211835.0,901510.0,1.0313338507595078,2.2,3.09,12.61,,-0.0315067079495539,0.22858557828576764,49.16020000049286,0.02517294031897266,0.0976478784435979,False,0.5821072923410592,,0.895,US,True,True,58.83213354082467,63.83504715822413,68.65926558497011,64.54138525388473,51.368188291488586,50.85034013605442,66.65268456375838,60.82164328657315,50.0,84.79923518164436,68.5,63.2370401948776,standard,96,213657870,False,49.9,False,67.36577181208054,51.51006711409396,19.043624161073826,50.041946308724825,50.041946308724825,50.041946308724825,5,NEUTRAL,0,UPPTREND,False,4,0.5714285714285714,MEDEL,VÄNTA,2.0
NESTE.HE,Neste Oyj,Energy,Oil & Gas Refining & Marketing,Finland,EUR,24792481822.161892,17.584698000000003,3.760177500000001,0.32,1.1562486500000002,1.2938359,1.48,4.912250000000001,-0.02179250149999999,-0.007992499250000003,-0.036355,-0.012977499999999975,-0.25775,-0.0195,,,29.110500000000002,0.247,0.742,323250048.0,1642000000.0,5207000064.0,28357203968.0,15749000000.0,,19016000000.0,,,396000000.0,,144000000.0,1747000000.0,0.63,0.2151,0.2,3.64,0.2,1774483200.0,0.57,32.77000045776367,12.288400869369507,32.27000045776367,29.84737,2.36842,19.0,,,0.46219003,0.32311,False,False,,0.5,1180545.0,1152392.0,1.0051678116696359,20.05,31.02,58.14,,-0.01525785758362852,0.42787941332578144,76.71232399487542,0.1360276119513495,0.4138281001961035,True,1.0097326143099827,,1.0,Nordic,True,True,62.48261886902296,33.75511066054871,94.24992883575293,68.84239921152673,54.643709523260014,65.56122448979592,66.65268456375838,62.525050100200396,50.0,,50.0,63.20844982484776,standard,97,42563453,False,61.0,False,69.29530201342283,66.02348993288591,74.91610738255034,50.041946308724825,50.041946308724825,50.041946308724825,4,NEUTRAL,0,UPPTREND,False,4,0.5714285714285714,MEDEL,VÄNTA,3.2
SNOW,Snowflake Inc.,Technology,Software - Application,United States,USD,93200737884.52148,,80.597443,6.9773,42.6577883,18.518581,18.482,-99.22125,-0.6954025,-0.16041,-0.344629998,-0.366377485,0.21938996,0.19200000000000003,,,93.052,-0.6285000000000001,0.941,923060224.0,2954998016.0,2772094976.0,93017833472.0,9132495000.0,,4683946000.0,,,-1435165000.0,,-1331616000.0,1221942000.0,,0.0,,,,,1.353,284.989990234375,118.30000305175781,268.8999938964844,293.3675,,48.0,2.71,0.0682,0.02882,0.76225996,False,False,,0.451,8111367.0,4416750.0,0.8794225852112426,12.83,87.32,30.43,,-0.056458110422258234,0.6627585099508255,69.53370075232701,0.20505898582261795,0.28851650257155637,False,0.715430474891573,,1.0,US,True,True,,17.851482573164894,88.03017364076288,91.30743417656169,16.397257157711785,40.56122448979592,11.703020134228188,60.52104208416834,50.0,33.269598470363285,45.1,55.17674879009913,standard,271,1187664048,False,45.9,False,66.35906040268456,40.01677852348993,5.201342281879195,50.041946308724825,50.041946308724825,50.041946308724825,3,SVAG,-8,UPPTREND,False,2,0.2857142857142857,LÅG,VÄNTA,0.6
SL.MI,Sanlorenzo S.p.A.,Consumer Cyclical,Recreational Vehicles,Italy,EUR,1355646550.595398,-10.20298975,-2.840736999999999,,0.20130087499999982,1.3003979,1.332,-5.488999999999999,0.07954499499999998,0.020270000000000017,0.060014993,0.035675,-0.07734000000000002,-0.020999999999999998,-0.066,0.051,-46.763999999999996,0.17449999999999988,0.865,-500911688.0,120071000.0,147300000.0,1388841472.0,1240621000.0,,1112261000.0,,,114958000.0,,107421000.0,68769000.0,2.7,0.32840002,1.05,2.14,1.05,1779062400.0,0.742,39.36000061035156,27.285791982249027,38.29999923706055,46.375,,8.0,,,0.60973,0.21938999,False,False,,0.5,51065.0,38055.0,0.650620456795313,0.37,15.06,24.2,37.91,-0.02693092878185166,0.2981090962933125,70.32640009055663,0.027624060694302788,0.17262375275515596,True,0.7969164909562328,,0.5,Europe,True,True,,64.11953803446904,81.52847092189691,38.52469082327907,57.66141973664725,95.91836734693877,66.65268456375838,1.0521042084168337,50.0,,50.0,55.13823303350842,standard,273,1668200,False,55.3,False,27.936241610738254,97.5251677852349,74.58053691275168,50.041946308724825,50.041946308724825,50.041946308724825,3,SVAG,-8,UPPTREND,False,3,0.42857142857142855,LÅG,VÄNTA,1.3
NDAQ,"Nasdaq, Inc.",Financial Services,Financial Data & Stock Exchanges,United States,USD,51826158383.54129,10.339511,7.380580499999999,2.2345,1.4771675999999996,9.5637865,11.223,10.10875,0.02702250300000001,0.035990001,0.09806001,0.10934251,0.54794,0.07300000000000001,0.20500000000000002,0.314,12.037000000000006,-0.6979999999999998,0.345,743187456.0,531000000.0,9516999680.0,60817158144.0,31053000000.0,,8262000000.0,,,2433000000.0,,1788000000.0,2255000000.0,1.19,0.32529998,1.12,1.28,0.31,1781222400.0,0.997,101.10603805405401,76.55000305175781,91.63999938964844,106.53333,1.70588,15.0,1.95,0.0242,0.10882,0.86273,False,False,,0.738,3993504.0,4322360.0,0.5804031888977693,2.63,3.49,-7.8,,-0.09362486006369641,0.2785644796185549,72.88313679679705,0.04920992097910881,0.03546242545585154,True,0.8576425005252143,,0.881,US,True,True,56.11636681183596,80.5004877049328,51.13862795331625,72.40377122546735,47.250557596635296,51.87074829931972,66.65268456375838,63.326653306613224,50.0,74.76099426386233,73.8,71.09466955131342,standard,17,396101068,False,50.0,False,70.72147651006712,52.51677852348994,12.751677852348994,50.041946308724825,50.041946308724825,50.041946308724825,7,STARK,8,UPPTREND,False,3,0.42857142857142855,LÅG,VÄNTA,11.4
MCO,Moody's Corporation,Financial Services,Financial Data & Stock Exchanges,United States,USD,89235202557.94312,19.148489999999995,14.573171499999999,2.3424,26.9813673,11.334332,12.102,16.17875,0.578632503,0.128620003,0.062139990000000006,0.08276250999999996,0.29225999999999996,0.017,-0.05500000000000001,0.058,168.51799999999997,-0.5369999999999998,0.99,1449687552.0,1510000000.0,7402999808.0,95277203456.0,15830000000.0,,7718000000.0,,,3462000000.0,,2459000000.0,2901000000.0,0.79,0.2762,4.12,0.8,1.03,1778803200.0,1.335,544.4015617758187,400.45685884222354,510.8599853515625,542.65,1.78261,20.0,2.71,0.0197,0.14247,0.80896,False,False,,0.655,1045282.0,762800.0,1.2923814488742942,9.06,14.2,-4.25,,-0.061611829905198534,0.2765137182521645,77.67669409630707,0.11149625892594406,0.08668701076232832,True,0.8337494212761137,,0.895,US,True,True,55.23359568298608,85.3362151396608,63.27924850555081,55.13080130349185,29.341806933292286,41.58163265306122,66.65268456375838,66.93386773547094,50.0,82.12237093690248,65.5,63.082312040742465,standard,98,389683997,False,48.3,False,72.3993288590604,41.0234899328859,9.899328859060402,50.041946308724825,50.041946308724825,50.041946308724825,4,NEUTRAL,0,UPPTREND,False,3,0.42857142857142855,LÅG,VÄNTA,1.4
SGSN.SW,SGS SA,Industrials,Consulting Services,Switzerland,CHF,18860793645.838486,0.5122605,3.1462395,5.3135,17.442975875,2.715737,3.035,1.907499999999998,0.621634935,0.04398,0.032194996,0.044922507,0.06757999999999997,-0.0495,0.021999999999999992,0.127,421.114,0.17599999999999993,1.418,214569344.0,2331000064.0,4896999936.0,21076236288.0,7883000000.0,,6945000000.0,,,957000000.0,,668000000.0,1223000000.0,3.37,0.9249,3.2,3.6,3.2,1775088000.0,0.576,96.13999938964844,76.91934931784853,95.36000061035156,99.0,2.31579,19.0,,,0.14262,0.45665002,False,False,,0.5,355737.0,263962.0,0.8810160688194372,4.33,8.76,3.1,,-0.008113155650600667,0.1808071126666748,59.436649684991906,0.05456396066286007,0.08616145996359625,False,0.7446924831498404,,0.5,Europe,True,True,67.1015214787116,74.6853503454648,70.15371477369769,41.823765414551126,56.72018026952892,70.49319727891157,66.65268456375838,61.22244488977956,50.0,,50.0,63.07550451025103,standard,99,31193664,False,58.1,False,68.28859060402685,70.88926174496645,52.68456375838926,50.041946308724825,50.041946308724825,50.041946308724825,5,NEUTRAL,0,UPPTREND,False,4,0.5714285714285714,MEDEL,VÄNTA,1.6
UCG.MI,UniCredit S.p.A.,Financial Services,Banks - Regional,Italy,EUR,120761154138.81015,-2.568492000000001,-1.5687835000000003,1.2783,0.1735089999999997,4.742427,5.525,,0.04382749799999997,0.008639999999999998,0.23147496299999995,0.27911751,-0.37562,0.0,0.068,0.161,,,,,113316003840.0,132993998848.0,140698583040.0,870238000000.0,,25039000000.0,,,,,10915000000.0,8525000000.0,3.81,0.3994,3.15,4.04,1.7208,1776643200.0,1.061,83.5199966430664,54.50340818890737,80.5999984741211,86.62765,2.0,17.0,,,0.0,0.54498,False,False,,0.5,5408363.0,4362617.0,1.4516775541045157,0.65,18.55,15.46,45.79,-0.034961665305427436,0.30857197385864826,61.793601430652174,0.0587236768807442,0.1823952429411393,False,0.5273722729902894,,0.781,Europe,True,True,,64.20219329595648,80.65501139933718,58.1991059637845,43.85795246597979,36.13945578231292,66.65268456375838,,50.0,,50.0,54.999620819445745,standard,277,402457266,False,39.5,False,27.936241610738254,35.65436241610738,31.1241610738255,50.041946308724825,50.041946308724825,50.041946308724825,2,SVAG,-8,UPPTREND,False,3,0.42857142857142855,LÅG,EJ AKTUELL,-1.5
SU.TO,Suncor Energy Inc.,Energy,Oil & Gas Integrated,Canada,CAD,103350624951.83066,-4.536314999999998,-1.2255240000000018,11.41,0.3252859500000004,2.0238638,2.25,-1.00075,0.03900249749999998,0.012682500750000002,0.035414999999999995,0.0327625,0.19990999999999998,0.1265,0.013999999999999957,0.243,-7.402999999999999,0.23650000000000004,0.888,5936699840.0,3271000064.0,14812000256.0,114891628544.0,89913000000.0,,52377000000.0,,,7995000000.0,,5918000000.0,12781000000.0,2.81,0.4449,2.4,3.87,0.6,1780531200.0,0.572,95.89465222997927,50.9694664500607,87.52999877929688,100.57895,2.1,19.0,2.09,,0.00014999999,0.75176,False,False,,0.5,5951588.0,3655940.0,0.7706091888307944,10.25,5.28,28.48,,-0.0872275278773823,0.2510799326767985,84.86182496950876,0.027778135219646005,0.18666441611997642,True,0.9311482072192694,,0.618,Canada,True,True,,66.83651933530653,71.07884998576715,61.92850350674272,68.38514469216521,38.52040816326531,66.65268456375838,91.58316633266533,50.0,,50.0,62.89781981649892,standard,100,228248528,False,60.5,False,92.11409395973155,38.00335570469799,61.74496644295302,50.041946308724825,50.041946308724825,50.041946308724825,5,NEUTRAL,0,UPPTREND,False,5,0.7142857142857143,HÖG,VÄNTA,3.4
PRY.MI,Prysmian S.p.A.,Industrials,Electrical Equipment & Parts,Italy,EUR,36632868813.220024,-0.21982349999999684,2.4042144999999984,0.62,2.207169875,1.7770008,1.942,0.873499999999999,0.08256497499999998,0.024479995999999997,0.0022749959999999944,-0.027087503,0.007060029999999995,0.0325,0.454,0.64,5.183000000000007,-0.0020000000000000018,0.771,574569344.0,1546000000.0,5423000064.0,40036839424.0,20190000000.0,,19650000000.0,,,1467000000.0,,1270000000.0,2162000000.0,0.69,0.1702,0.9,1.37,0.9,1776643200.0,0.965,157.25,61.898646734957666,125.3499984741211,153.05,1.95,20.0,,,0.0,0.52032,False,False,,0.5,1087883.0,902067.0,2.506958998806819,-15.16,4.11,34.6,96.77,-0.20286169491814887,0.3918809588592936,28.86710143686925,-0.13735558289322003,0.15390025032132026,False,-0.010936105155393963,,0.263,Europe,True,True,73.23300231748414,58.93353602982577,71.2910043168624,56.91649623786908,52.94783552971432,58.50340136054422,66.65268456375838,65.83166332665331,50.0,,50.0,62.895793100003665,standard,101,129419817,False,59.3,False,71.72818791946308,59.06040268456376,66.5268456375839,50.041946308724825,50.041946308724825,50.041946308724825,5,NEUTRAL,0,VARNING,False,3,0.42857142857142855,LÅG,VÄNTA,5.0
RILBA.CO,Ringkjøbing Landbobank A/S,Financial Services,Banks - Regional,Denmark,DKK,40968890950.0,5.233797999999998,3.163218500000001,2.15,1.3805968999999996,9.92022,12.189,,0.06688250300000001,0.007079999999999996,0.33409498699999995,0.39717751000000007,-0.42188,-0.088,-0.161,-0.049,,,,,4618790912.0,13522581504.0,50336686080.0,86308719000.0,,4114420000.0,,,,,2313411000.0,,0.7,0.1302,12.0,0.8,12.0,1772668800.0,0.303,1723.0,1355.8438528878348,1723.0,1866.6666,1.66667,3.0,,,0.00558,0.37691003,False,False,,0.5,23761.0,21862.0,0.7546874183945266,8.98,6.89,13.68,,0.0,0.19036750259182128,89.04109589041096,0.08899001390468975,0.12354568691692958,True,0.8285221920394606,,0.936,Nordic,True,True,,65.74205683729367,76.51579846285226,39.764826239925625,89.75765339129985,56.547619047619044,66.65268456375838,,50.0,,50.0,54.8935876024068,standard,282,5765398,False,39.9,False,27.936241610738254,57.130872483221474,12.248322147651008,50.041946308724825,50.041946308724825,50.041946308724825,1,SVAG,-8,UPPTREND,False,4,0.5714285714285714,MEDEL,EJ AKTUELL,-9.8
WSM,"Williams-Sonoma, Inc.",Consumer Cyclical,Specialty Retail,United States,USD,26894503849.710968,-1.6007027500000017,5.670385,3.0058,10.844735075,3.4120731,3.519,1.4585000000000026,0.39151,0.106360013,0.053989999999999996,0.05106000000000001,0.008560020000000002,-0.028999999999999998,-0.064,0.0,1.0860000000000056,-0.034499999999999975,0.449,69024640.0,651601024.0,1493564032.0,27736465408.0,5411912000.0,,7806816000.0,,,1415722000.0,,1088437000.0,1314889000.0,1.33,0.30719998,3.04,1.73,0.76,1784246400.0,1.485,243.83584536244618,164.9592141343307,228.41000366210938,212.63158,2.22727,19.0,5.13,0.0554,0.011510001,0.98841006,False,False,,0.446,1193790.0,1000390.0,1.4369419413241165,0.88,20.15,11.69,,-0.06326322398336182,0.3460443868700919,38.58618766007017,0.09721776988082853,0.16996945888371462,False,0.564711071310208,,0.924,US,True,True,60.78273866168091,76.21124869486997,74.8647879305437,48.799709233150864,50.3418700605636,63.86054421768708,66.65268456375838,50.20040080160321,50.0,40.91778202676864,44.6,54.80658878215283,standard,285,228499084,False,53.6,False,59.98322147651006,64.34563758389261,43.20469798657718,50.041946308724825,50.041946308724825,50.041946308724825,3,SVAG,-8,UPPTREND,False,4,0.5714285714285714,MEDEL,EJ AKTUELL,-1.1
INVE-B.ST,Investor AB (publ),Financial Services,Asset Management,Sweden,SEK,721256389825.0,-8.832486000000001,13.101511499999999,5.08,-1.0178087000000002,3.707811,4.031,-5.463749999999998,0.135682503,0.13068,0.581924987,0.54408751,0.47256000000000004,1.1059999999999999,1.456,1.589,-36.876000000000005,0.3975000000000003,1.654,165140249984.0,20027000832.0,125865000960.0,1322306502656.0,1102807000000.0,,216578000000.0,,,,,157494000000.0,,1.42,0.0636,5.6,1.76,1.6,1793923200.0,0.778,407.6499938964844,274.4538157189301,397.0,380.8,3.0,5.0,,,0.00254,0.4643,False,False,,0.5,2748509.0,2197407.0,1.0031386340035948,2.78,6.91,15.38,,-0.026125338049652336,0.17262417369558666,50.0,0.03126526051325906,0.14276130539914011,False,0.5291490946927008,,0.5,Nordic,True,True,,95.1685927910843,74.6797608881298,77.85561189623836,71.57003211057075,18.282312925170068,66.65268456375838,97.79559118236473,50.0,,50.0,70.78578701892413,holding,19,90447212,False,55.6,False,97.5251677852349,18.036912751677853,40.01677852348993,50.041946308724825,50.041946308724825,50.041946308724825,7,STARK,8,UPPTREND,False,5,0.7142857142857143,HÖG,OK,14.3
O39.SI,Oversea-Chinese Banking Corporation Limited,Financial Services,Banks - Regional,Singapore,SGD,128228753546.42683,7.493239999999998,1.5097645000000028,3.2381,0.5344810500000001,9.0826435,7.008,,,,-0.0013200130000000365,0.03668750500000001,-0.126315,-0.015,,0.048,,,,,75255996416.0,44814000128.0,98944458752.0,675688000000.0,,14533000000.0,,,,,7422000000.0,9125000000.0,2.94,0.4967,0.84,4.76,0.58,1776902400.0,0.18,28.799999237060547,15.774320909726464,28.559999465942383,26.57438,1.9375,16.0,,,0.28120002,0.18704,False,False,,0.5,6630385.0,6791420.0,1.2477067576755747,13.88,29.02,43.9,73.3,-0.008333325606805109,0.1567260556620327,90.35086838712807,0.16194859895887115,0.37633740144671424,True,0.9028658432233778,,0.836,Singapore,True,True,,47.71241830065359,93.16421704964783,51.66887451571972,95.82931301547869,34.863945578231295,66.65268456375838,,50.0,,50.0,54.72135050474423,standard,288,150219129,False,36.7,False,27.936241610738254,34.395973154362416,13.506711409395974,50.041946308724825,50.041946308724825,50.041946308724825,1,SVAG,-8,UPPTREND,False,3,0.42857142857142855,LÅG,EJ AKTUELL,-4.4
2303.TW,United Microelectronics Corporation,Technology,Semiconductors,Taiwan,TWD,1806686477280.0,13.8826745,9.678588,1.7034,0.8551062999999997,7.504966,7.283,1.7592500000000024,0.0007975050000000178,0.004399996999999996,0.07761500400000002,0.030937515000000013,-0.06182499999999996,-0.088,0.865,1.079,12.529499999999999,0.9904999999999997,2.178,25121937408.0,134263775232.0,76035743744.0,1753183551488.0,567274863000.0,,237553199000.0,,,43658935000.0,,40360314000.0,99864187000.0,1.81,0.72339994,2.61,5.75,2.608083,1783468800.0,1.572,182.37872164857154,39.42526386752027,144.0,111.90435,2.70833,23.0,,,0.07643,0.38346002,False,False,,0.5,255396461.0,87716818.0,1.3224116186383308,4.62,100.64,197.69,,-0.2104342069165509,0.5670364825863495,40.2176261982601,0.046386331961736804,0.9105678525005125,False,-0.05088230609792194,,0.675,Asia,True,True,70.55020655836813,57.07134386472917,79.61855963563904,61.407251926095704,44.746195630331,14.45578231292517,66.65268456375838,65.4308617234469,50.0,,50.0,62.660962255709,standard,105,390274093,False,44.8,False,70.0503355704698,14.261744966442953,17.28187919463087,50.041946308724825,50.041946308724825,50.041946308724825,6,NEUTRAL,0,UPPTREND,False,4,0.5714285714285714,MEDEL,VÄNTA,6.4
DB1.DE,Deutsche Börse AG,Financial Services,Financial Data & Stock Exchanges,Germany,EUR,46783013590.01358,9.241462,8.0336065,3.278,2.8718750999999996,6.2054667,6.825,8.86225,0.06603749799999997,0.0017399996,0.05785498299999997,0.09214750999999999,0.43669003999999995,0.021000000000000005,-0.01100000000000001,0.114,3.5330000000000013,-0.5650000000000001,,,2875000064.0,7120999936.0,51452223488.0,297156000000.0,,7381000000.0,,,2978000000.0,,1995000000.0,2810000000.0,1.61,0.35650003,4.2,1.87,4.2,1778716800.0,0.296,264.9820570954214,196.67251329895487,256.8999938964844,286.83334,1.75,12.0,,,0.0,0.68106,False,False,,0.5,382169.0,266498.0,0.9667439106878012,5.68,-0.96,24.29,-1.07,-0.03050041684907978,0.2250207198379485,68.24457154414092,0.03313981707484248,0.11491999958343979,True,0.74799864286421,,0.684,Europe,True,True,,73.76121249367822,61.772508794334016,53.42384303109734,69.8541194853822,53.99659863945578,66.65268456375838,,50.0,,50.0,54.621032752819396,standard,292,78360230,False,41.0,False,27.936241610738254,54.61409395973155,22.231543624161073,50.041946308724825,50.041946308724825,50.041946308724825,3,SVAG,-8,UPPTREND,False,4,0.5714285714285714,MEDEL,EJ AKTUELL,-4.2
JPM,JPMorgan Chase & Co.,Financial Services,Banks - Diversified,United States,USD,906712036224.3652,-3.323080000000001,1.0938485,1.7679,-0.2592401,4.8662148,2.381,,0.042912503,-0.005959997000000002,0.09444000999999999,0.12927251,-0.45206,0.24,0.33599999999999997,0.412,,,,,1818026049536.0,1333832974336.0,443559018496.0,4424900000000.0,,181847000000.0,,,,,57048000000.0,-147782000000.0,1.75,0.2571,6.0,2.39,1.5,1783296000.0,0.982,351.239990234375,276.43363807803536,341.1000061035156,364.8095,2.16667,21.0,2.74,0.0101,0.0038299998,0.76155,False,False,,0.688,9333822.0,11025380.0,0.8280048646662211,3.47,10.55,11.86,,-0.02886910492194572,0.22198480668506734,63.437762449783975,0.07572526107924782,0.11119490985281533,True,0.775555785266523,,0.711,US,True,True,,54.131533731919774,74.1958440079704,75.09876780088756,61.54426416168516,17.602040816326532,66.65268456375838,,50.0,93.30783938814533,68.8,54.575748519267876,standard,293,3760757185,False,36.7,False,27.936241610738254,17.36577181208054,30.285234899328863,50.041946308724825,50.041946308724825,50.041946308724825,2,SVAG,-8,UPPTREND,False,4,0.5714285714285714,MEDEL,EJ AKTUELL,0.6
DOL.TO,Dollarama Inc.,Consumer Defensive,Discount Stores,Canada,CAD,51683612938.766235,14.01117975,16.202566,2.1839,34.511829150000004,6.8178487,7.525,18.101,0.8347524949999999,0.08797751099999998,0.112710004,0.08065499999999998,0.06303999999999998,0.178,0.069,0.104,361.8265,0.5245000000000001,0.666,321510144.0,823004032.0,6183026176.0,57043636224.0,7558352000.0,,7255754000.0,,,1746323000.0,,1309438000.0,1761156000.0,0.24,0.09,0.45,0.26,0.12,1783641600.0,0.385,209.56591919946428,165.77656615562776,190.8699951171875,208.0,2.0625,16.0,2.14,,0.02043,0.46493,False,False,,0.5,701890.0,598810.0,0.9498328729181621,0.99,8.21,-2.61,,-0.08921261698321303,0.2324347396252248,43.508100984870644,0.04837954945976586,0.022038200991407297,False,0.7849199573864972,,0.878,Canada,True,True,45.34751066378567,82.03746200462533,57.81383432963279,68.24247761543907,59.19274149541417,52.12585034013606,66.65268456375838,54.008016032064134,50.0,,50.0,62.564071581338986,standard,106,81522729,False,49.1,False,62.667785234899334,52.76845637583892,20.21812080536913,50.041946308724825,50.041946308724825,50.041946308724825,4,NEUTRAL,0,UPPTREND,False,3,0.42857142857142855,LÅG,VÄNTA,2.0
HEI,HEICO Corporation,Industrials,Aerospace & Defense,United States,USD,18927017534.538666,30.0318545,29.434286500000002,2.6614,5.781239575000001,9.749467,10.354,20.160000000000004,0.01869999,0.027519993,0.056750003,0.11852749700000001,-0.051459980000000016,0.1845,0.40199999999999997,0.491,-28.174999999999997,1.5340000000000003,1.192,-108282496.0,210335008.0,2587290112.0,50852114432.0,8500434000.0,,4485044000.0,,,1018998000.0,,690385000.0,934266000.0,0.07,0.0429,0.25,0.1,0.13,1782864000.0,1.03,369.4800109863281,256.0165208931262,342.6600036621094,386.5263,1.86364,19.0,1.35,0.0150999995,0.22820999,0.76105005,False,False,,0.712,656029.0,429330.0,1.1278460339656073,2.16,20.42,-2.7,,-0.07258852042529351,0.33598719899540336,48.17842157695532,0.04495025181270362,0.08368283459793036,False,0.366206025324153,,0.997,US,True,True,38.44890899116669,65.81536340568587,65.75576430401367,82.40114693876237,55.048676971282525,70.40816326530613,23.909395973154364,45.190380761523045,50.0,86.61567877629062,71.2,62.47316021099591,standard,107,147114219,False,42.0,False,27.936241610738254,70.80536912751678,12.416107382550337,50.041946308724825,50.041946308724825,50.041946308724825,6,NEUTRAL,0,UPPTREND,False,3,0.42857142857142855,LÅG,VÄNTA,7.0
INVE-A.ST,Investor AB (publ),Financial Services,Asset Management,Sweden,SEK,485739018899.23975,-8.919915000000001,,4.91,-1.0408287000000003,3.6386986,3.962,-5.54775,0.135682503,0.13068,0.581924987,0.54408751,0.47256000000000004,1.1059999999999999,1.456,1.589,-36.876000000000005,0.3975000000000003,1.654,165140249984.0,20027000832.0,125865000960.0,1299636289536.0,1102807000000.0,,216578000000.0,,,,,157494000000.0,,1.44,0.0636,5.6,1.73,1.6,1793923200.0,0.778,400.0,274.3024848007919,389.6000061035156,415.0,,1.0,,,0.49436,0.27786,False,False,,0.5,373990.0,325822.0,0.838736249866916,2.45,5.48,13.7,,-0.025999984741210902,0.1703701629042104,49.237494639491246,0.026138087409061095,0.1313519611151508,False,0.4688834852722006,,0.5,Nordic,True,True,,95.1685927910843,72.63023057216054,77.85561189623836,71.76929200240109,20.068027210884352,66.65268456375838,97.89579158316634,50.0,,50.0,70.45218000982624,holding,21,13161141,False,56.0,False,97.5251677852349,19.798657718120804,40.604026845637584,50.041946308724825,50.041946308724825,50.041946308724825,8,STARK,8,UPPTREND,False,5,0.7142857142857143,HÖG,OK,14.4
META,"Meta Platforms, Inc.",Communication Services,Internet Content & Information,United States,USD,1418667431749.6377,2.6010260000000027,2.4873420000000017,0.9602,3.0045612000000004,7.628508,7.655,4.0280000000000005,0.15723002500000005,0.10785001250000001,0.20710500299999998,0.21923499999999996,0.36734999999999995,0.27,0.554,0.609,-41.55550000000001,1.2105000000000001,2.11,24741811968.0,81180000256.0,86769000448.0,1645435813888.0,366021000000.0,,200966000000.0,,,83276000000.0,,60458000000.0,115800000000.0,0.32,0.0764,2.1,,0.525,1781481600.0,1.246,793.6488143059948,519.7782492802263,646.010009765625,826.63416,1.31746,58.0,1.82,0.015700001,0.00103,0.79897004,False,False,,0.311,18162004.0,21065800.0,1.0627469174183797,7.63,-4.47,5.14,,-0.18602535766335437,0.3884719564436437,67.33150046705393,0.06914230946310052,0.01016510858879216,True,0.724006856779115,,0.667,US,True,True,66.81088433850942,90.87231424121511,43.33902647309991,75.72390555091043,46.313874455371355,15.561224489795919,66.65268456375838,66.63326653306613,50.0,85.94646271510517,31.1,62.408179905065175,standard,108,13608717664,False,45.8,False,73.99328859060402,15.35234899328859,16.778523489932887,50.041946308724825,50.041946308724825,50.041946308724825,6,NEUTRAL,0,UPPTREND,False,4,0.5714285714285714,MEDEL,VÄNTA,1.6
RNR,RenaissanceRe Holdings Ltd.,Financial Services,Insurance - Reinsurance,Bermuda,USD,13773030121.375427,-12.718519000000002,-4.8808738,3.62,-1.5340236000000003,1.1885908,-0.557,,0.09869251300000001,0.036030003,-0.012640010000000007,-0.10713749000000003,0.005869999999999986,-0.43,0.8759999999999999,0.726,-54.45,-0.33199999999999974,1.195,1706861312.0,30354900992.0,2332781056.0,-6455966720.0,53800390000.0,,12776742000.0,,,,,2682334000.0,3693107000.0,0.52,0.0271,1.64,0.75,0.41,1781481600.0,0.172,329.57000732421875,230.3863204823629,323.05999755859375,336.93332,2.64706,15.0,4.39,0.0506,0.02258,0.97954005,False,False,,0.419,372706.0,366160.0,0.9646038753337387,7.47,2.82,18.18,,-0.019753040692263912,0.2410774668444447,52.373136689584406,0.07116790015864338,0.1308448485339475,False,0.7396426295043359,,1.0,US,True,True,,54.72880332939985,73.25647594648449,65.87153907879392,67.07258770774227,75.93537414965986,66.65268456375838,,50.0,45.69789674952199,41.9,62.39829630100451,standard,109,118291649,False,69.9,False,97.5251677852349,76.25838926174497,76.92953020134227,50.041946308724825,50.041946308724825,50.041946308724825,5,NEUTRAL,0,UPPTREND,False,4,0.5714285714285714,MEDEL,VÄNTA,6.4
CVE.TO,Cenovus Energy Inc.,Energy,Oil & Gas Integrated,Canada,CAD,73100906222.74399,-5.559468999999998,-0.8421430000000019,15.91,0.31706955000000014,1.4994134,1.734,-0.4557500000000001,0.0476224975,0.009902500749999998,0.006664999999999997,0.009292500000000009,-0.13923999,-0.1195,0.495,0.828,2.510000000000005,0.38550000000000006,1.003,2929200064.0,2575000064.0,13752000512.0,84555874304.0,63424000000.0,,52751000000.0,,,4627000000.0,,3930000000.0,8228000000.0,2.3,0.31870002,0.88,2.15,0.22,1781481600.0,0.499,43.88402736637787,18.514765597119094,39.20000076293945,45.53125,1.47059,16.0,1.83,,0.29093,0.55286,False,False,,0.5,6043922.0,5174260.0,0.92187624524347,8.56,17.5,58.28,,-0.10673647986618306,0.35181203358758817,70.04976567128998,0.022143563091234775,0.2800910701332049,True,0.9256986393697734,,0.836,Canada,True,True,,52.89620954289478,80.71448904070594,61.202540290301584,69.01829751652478,45.74829931972789,66.65268456375838,85.47094188376754,50.0,,50.0,62.369568200020474,standard,110,144672613,False,61.5,False,86.40939597315436,45.13422818791946,70.63758389261746,50.041946308724825,50.041946308724825,50.041946308724825,6,NEUTRAL,0,UPPTREND,False,4,0.5714285714285714,MEDEL,VÄNTA,3.1
PETR4.SA,Petróleo Brasileiro S.A. - Petrobras,Energy,Oil & Gas Integrated,Brazil,BRL,222761914711.80157,-6.016175199999999,-1.1420434999999998,3.8528,0.39095705000000003,1.1219568,1.711,1.1442500000000004,0.12991751250000003,0.021117498749999995,0.14644499999999996,0.16522252,0.17477002000000003,-0.0445,-0.35700000000000004,-0.072,8.319500000000005,-0.5675000000000001,0.426,81246608512.0,47600001024.0,371690995712.0,852423147520.0,1218228890400.0,,488717244000.0,,,152091633600.0,,107578612800.0,197508722400.0,9.77,0.3117,3.9,22.19,0.700973,1780358400.0,-0.139,49.15793007385836,27.337962415054367,40.900001525878906,54.86667,1.76923,12.0,,,0.0,0.57858,False,False,,0.5,41472862.0,29377880.0,1.0970652210241134,5.28,-13.19,31.84,,-0.16798771908361798,0.25243931460485564,70.23459803649575,-0.0017689478511442314,0.10940356516915828,True,0.9317960368698832,,0.671,LatAm,True,True,94.02553710773502,80.30533342217987,50.64047822374039,30.942095135937844,68.03883958380648,26.53061224489796,66.65268456375838,96.4929859719439,50.0,,50.0,62.349092006046426,standard,111,235101235,False,62.5,False,97.5251677852349,26.174496644295303,77.93624161073825,50.041946308724825,50.041946308724825,50.041946308724825,4,NEUTRAL,0,VARNING,False,4,0.5714285714285714,MEDEL,VÄNTA,0.7
ALK-B.CO,ALK-Abelló A/S,Healthcare,Biotechnology,Denmark,DKK,48318682080.0,16.960199999999997,16.138417,9.87,4.8662066,8.105516,7.932,10.393,0.08141000000000001,0.0646099985,0.111855007,0.16044000000000003,0.25728,0.084,0.11650000000000002,0.234,-34.50275,1.0782500000000002,1.916,7625024.0,1544999936.0,410000000.0,52040032256.0,9057000000.0,,6312000000.0,,,1654000000.0,,1197000000.0,,0.66,0.2759,1.6,0.66,1.6,1773705600.0,0.718,271.3999938964844,171.10009130256813,240.0,298.75,1.4,4.0,,,0.0,0.64096,False,False,,0.5,193877.0,129416.0,0.43162631260859713,-6.03,12.25,6.91,,-0.11569636920648108,0.2753149584596864,26.126125506907698,-0.057492932326540735,0.06102033258706285,False,0.2535544368204405,,0.5,Nordic,True,True,45.078257072804824,82.78900240820963,62.7668659265585,57.95753345835101,68.07745632063353,53.40136054421769,66.65268456375838,48.19639278557114,50.0,,50.0,62.33525819145496,standard,113,4753936,False,47.5,False,58.13758389261745,54.0268456375839,15.855704697986578,50.041946308724825,50.041946308724825,50.041946308724825,5,NEUTRAL,0,VARNING,False,4,0.5714285714285714,MEDEL,VÄNTA,2.3
GTT.PA,Gaztransport & Technigaz SA,Energy,Oil & Gas Equipment & Services,France,EUR,6907835325.356415,-0.5346939999999982,4.6798155,,10.33771005,8.601464,8.326,5.24425,0.6800224574999999,0.31520750075000004,0.44524499600000006,0.6159825,0.5992299999999999,0.14750000000000002,0.02899999999999997,0.316,-30.548500000000004,0.9234999999999999,1.916,-307455680.0,346700000.0,126400000.0,6686418944.0,1045800000.0,,803000000.0,,,521300000.0,,413600000.0,423200000.0,5.27,0.7054,9.88,3.66,4.94,1781654400.0,0.443,209.66549742538493,140.29102289837044,186.3000030517578,217.09091,2.0,11.0,,,0.01476,0.53872,False,False,,0.5,94627.0,98980.0,0.4205541982982085,-3.12,-2.08,10.36,20.52,-0.11144177110944231,0.24628369444235754,53.074450596796844,-0.036859408395809146,0.03732089063276356,True,0.391762917693493,,0.5,Europe,True,True,34.77967107399155,98.75051294649845,56.25083242582596,59.92049664424414,77.39065641623965,85.8843537414966,66.65268456375838,23.74749498997996,50.0,,50.0,62.303405990540114,standard,114,21105613,False,44.6,False,27.936241610738254,86.0738255033557,14.597315436241612,50.041946308724825,50.041946308724825,50.041946308724825,5,NEUTRAL,0,VARNING,False,3,0.42857142857142855,LÅG,VÄNTA,1.2
ABBN.SW,ABB Ltd,Industrials,Electrical Equipment & Parts,Switzerland,CHF,143729503083.37207,8.625656500000005,8.7797865,3.0057,8.182239875,4.089381,4.193,5.9564999999999975,0.17652498499999997,0.04792,0.07929499599999998,0.06413249700000001,0.027739979999999997,-0.003500000000000003,0.0030000000000000027,0.07,-16.294999999999995,0.16300000000000003,0.818,923694336.0,5856999936.0,8981999616.0,147378995200.0,44885000000.0,,33220000000.0,,,5729000000.0,,4734000000.0,5469000000.0,1.2,0.432,0.94,2.17,0.94,1774224000.0,,89.13999938964844,49.07378141153995,79.19999694824219,80.014206,2.76923,27.0,,,0.00028,0.59446996,False,False,,0.5,2529245.0,2792369.0,1.78467973379145,-8.82,9.33,30.18,,-0.11151001244633785,0.2704585232545036,37.88818551279553,-0.05401212200547367,0.16342322443756507,False,-0.025567707970261165,,0.707,Europe,True,True,55.083686926926475,75.27863269515832,72.38827213208084,50.86414867728455,63.66849221824812,32.90816326530612,66.65268456375838,54.50901803607214,50.0,,50.0,62.190938631829255,standard,115,274066980,False,48.5,False,63.00335570469798,32.466442953020135,35.822147651006716,50.041946308724825,50.041946308724825,50.041946308724825,5,NEUTRAL,0,VARNING,False,4,0.5714285714285714,MEDEL,VÄNTA,7.4
AMD,"Advanced Micro Devices, Inc.",Technology,Semiconductors,United States,USD,808386588714.4744,134.80938500000002,17.329113,1.1999,7.1415813,21.58345,21.357,90.99875,-0.06608249999999999,-0.027139999999999997,0.026970002,-0.0006774949999999863,0.07853999999999994,0.23500000000000001,0.6960000000000001,0.951,-43.855,1.0435,1.75,6356937472.0,12346999808.0,3871000064.0,799910592512.0,76926000000.0,,34639000000.0,,,3694000000.0,,4335000000.0,7709000000.0,,0.0,,,,798940800.0,2.469,584.72998046875,149.22000122070312,495.760009765625,537.0,1.4902,47.0,1.3,0.0256,0.00397,0.73278,False,False,,0.485,35763120.0,26237270.0,1.0940045214523366,-2.27,78.16,121.72,,-0.1521556507702958,0.6909393821162493,46.01518400131724,-0.006660182407950521,0.6709911350854518,False,0.04129788050747782,,0.746,US,True,True,41.459791090561005,42.6503948129844,83.37603188158269,80.7864816295864,30.06300740070998,18.027210884353742,11.703020134228188,56.91382765531062,50.0,71.89292543021033,48.5,62.15285281041974,standard,116,13007389231,False,41.7,False,64.51342281879194,17.78523489932886,2.5587248322147653,50.041946308724825,50.041946308724825,50.041946308724825,4,NEUTRAL,0,VARNING,False,2,0.2857142857142857,LÅG,VÄNTA,9.8
INGA.AS,ING Groep N.V.,Financial Services,Banks - Diversified,Netherlands,EUR,81126688520.47691,-0.7008120000000009,-1.3287905000000002,2.1623,0.014595999999999831,3.2959573,9.535,,0.03963750799999997,0.003029999999999998,0.12755498299999993,0.07334751,-0.37562,-0.035,0.0040000000000000036,0.069,,,,,132432003072.0,284335996928.0,234705141760.0,1054405000000.0,,22903000000.0,,,,,6327000000.0,-6380000000.0,3.77,0.48400003,1.09,5.55,0.736,1776297600.0,0.899,29.100000381469727,18.530588150024414,28.3700008392334,29.0595,2.05,20.0,,,0.0038299998,0.53225,False,False,,0.5,7317293.0,5100189.0,1.0445183549952202,3.07,15.82,18.5,53.27,-0.025085894593361524,0.24168492449268444,63.58174410532966,0.052631610979953836,0.19607893811350174,False,0.6165570802154665,,0.949,Europe,True,True,,56.86383878132227,82.83204976535386,54.23909946025269,61.29269392719436,43.452380952380956,66.65268456375838,,50.0,,50.0,54.0739102209346,standard,303,165608747,False,42.6,False,27.936241610738254,42.86912751677852,44.54697986577181,50.041946308724825,50.041946308724825,50.041946308724825,2,SVAG,-8,UPPTREND,False,3,0.42857142857142855,LÅG,EJ AKTUELL,-1.6
AVGO,Broadcom Inc.,Technology,Semiconductors,United States,USD,1764253400940.817,30.00157099999999,-0.39196399999999976,0.4209,14.726339300000001,23.37812,23.978,26.33675,0.22609748000000002,0.057580004000000004,0.281710002,0.345242505,0.31077999999999995,0.33599999999999997,0.638,0.875,24.158,0.5565,1.929,26395811584.0,19627999232.0,64907001856.0,1809508728832.0,171092000000.0,,63887000000.0,,,26075000000.0,,23126000000.0,27537000000.0,0.69,0.41259998,2.6,1.87,0.65,1782086400.0,1.462,494.21781760890264,271.01427933055606,370.8299865722656,524.5067,1.3125,45.0,1.9,0.015,0.0194,0.80191004,False,False,,0.639,26202667.0,22733570.0,0.8880178073624478,-1.41,-6.79,9.5,,-0.24966285439405078,0.473665746019963,52.27539685764757,-0.07876572019149108,0.023031914006613752,True,0.29089634506482387,,0.857,US,True,True,51.8506286315648,91.3705864417007,40.16510105323086,83.53563681440878,42.4247846419491,14.540816326530612,66.65268456375838,65.93186372745491,50.0,86.90248565965584,63.9,70.0356994474128,standard,23,8430289458,False,42.9,False,71.30872483221476,14.345637583892618,2.5587248322147653,50.041946308724825,50.041946308724825,50.041946308724825,7,STARK,8,VARNING,False,3,0.42857142857142855,LÅG,OK,14.6
KMB,Kimberly-Clark Corporation,Consumer Defensive,Household & Personal Products,United States,USD,35965737174.44921,-4.685941249999998,-2.1141635,2.2018,16.117956550000002,2.1723685,2.576,-0.023499999999998522,0.9422775,0.035612493999999995,0.042924997,0.06864999999999999,-0.08059,-0.008999999999999998,0.11499999999999999,0.173,264.506,-0.2915,0.368,238187520.0,542000000.0,7105999872.0,42647736320.0,17098000000.0,,16447000000.0,,,2351000000.0,,2021000000.0,2777000000.0,4.7,0.97870004,5.12,3.75,1.28,1780617600.0,0.279,131.04399620387045,91.16777681423233,108.3499984741211,115.46667,2.5625,15.0,8.18,0.1456,0.0070700003,0.93404996,False,False,,0.828,4672090.0,4068440.0,0.6798413499104873,3.9,12.11,12.15,,-0.17317846209790022,0.2706612621215639,47.98736423507677,0.059680494793322714,0.062328225810551086,False,0.4597528063878241,,0.912,US,True,True,,71.33239241202145,61.74210076857387,61.89466194568949,48.97997774227363,58.843537414965986,66.65268456375838,53.807615230460925,50.0,14.722753346080305,92.8,61.98092984351147,standard,119,440815468,False,56.3,False,63.506711409395976,59.395973154362416,59.98322147651006,50.041946308724825,50.041946308724825,50.041946308724825,4,NEUTRAL,0,UPPTREND,False,4,0.5714285714285714,MEDEL,VÄNTA,4.0
JNJ,Johnson & Johnson,Healthcare,Drug Manufacturers - General,United States,USD,609122166180.105,0.0,3.132345000000001,4.8053,3.701346,6.220038,6.556,4.506499999999998,,,0.09556,0.09285500000000002,0.22890999999999995,-0.013999999999999999,-0.1275,-0.001,8.430250000000004,,,,22051000320.0,54987001856.0,642058158080.0,199210000000.0,,94193000000.0,,,25596000000.0,,26804000000.0,24530000000.0,2.14,0.6079,5.36,2.77,1.34,1787616000.0,0.235,269.42999267578125,158.81190746019132,253.0399932861328,267.36365,2.0,22.0,2.96,0.0123000005,0.00046999997,0.76877,False,False,,0.489,8240364.0,8147790.0,1.0875259069089547,7.59,8.51,17.07,,-0.060832126471425774,0.18018765274889803,48.57644025994121,0.061761666380108826,0.14436797992872386,False,0.5291617749176442,,0.676,US,True,True,,78.45978971298665,72.38827213208084,40.80394976784923,89.16207029242912,18.962585034013603,66.65268456375838,,50.0,90.82217973231359,48.9,53.94547058277477,standard,308,2061716727,False,35.6,False,27.936241610738254,18.70805369127517,22.14765100671141,50.041946308724825,50.041946308724825,50.041946308724825,1,SVAG,-8,UPPTREND,False,4,0.5714285714285714,MEDEL,EJ AKTUELL,-2.3
GE,GE Aerospace,Industrials,Aerospace & Defense,United States,USD,361932917477.67615,9.531936500000004,19.9077935,8.3204,15.922638575000002,7.1473155,7.346,15.485,0.32895997,-0.004099997000000001,0.073130003,0.055647486999999995,-0.14149,0.1425,0.117,0.169,31.057000000000002,-0.4019999999999999,0.623,5475812608.0,9345000448.0,19157000192.0,371971915776.0,130169000000.0,,45855000000.0,,,8680000000.0,,8704000000.0,8537000000.0,0.54,0.1958,1.88,0.4,0.47,1783296000.0,,382.49321489599305,253.37324766216003,348.8299865722656,384.2381,1.5,21.0,2.49,0.0124,0.0030399999,0.81381,False,False,,0.184,5582222.0,4291660.0,1.1031672013360492,-0.7,17.09,9.69,,-0.08801000125683556,0.3194153272665306,35.186501849514144,0.046410745708026946,0.11900365082586695,False,0.14629793644523875,,0.992,US,True,True,55.13367517157219,61.714728368292604,70.31027611727869,73.299964594075,44.89673225368591,22.874149659863946,66.65268456375838,66.23246492985973,50.0,90.63097514340345,18.4,61.88778114924896,standard,121,1497059700,False,46.7,False,71.47651006711409,22.56711409395973,19.211409395973153,50.041946308724825,50.041946308724825,50.041946308724825,4,NEUTRAL,0,UPPTREND,False,4,0.5714285714285714,MEDEL,VÄNTA,6.2
IOT,Samsara Inc.,Technology,Software - Infrastructure,United States,USD,14285101351.435204,351.08680499999997,23.328494999999997,,9.4181363,12.90276,12.478,-16730.399250000002,-0.10306250199999999,-0.06684000009999999,-0.073539998,-0.12960749500000002,0.31092,0.162,,,-45.282,-0.0605,1.202,-573757248.0,804318976.0,69020000.0,21594150912.0,2540674000.0,,1618635000.0,,,-52576000.0,,-9117000.0,236210000.0,,0.0,,,,,1.35,47.470001220703125,23.3799991607666,38.31999969482422,44.78,1.59091,20.0,5.48,0.13340001,0.03866,1.02779,False,False,,0.848,5952554.0,5171530.0,1.2057734823748538,17.37,29.33,13.21,,-0.19275334507234665,0.5914514328834523,82.63636502352628,0.16270601226989045,0.13751390559775056,True,0.8291701221794432,,1.0,US,True,True,,29.303012424257815,68.06148590947909,90.49886774299526,25.061195417740006,74.82993197278913,11.703020134228188,30.861723446893784,50.0,16.061185468451242,94.8,53.83997154102802,standard,310,198173028,False,42.1,False,27.936241610738254,75.16778523489933,9.144295302013424,50.041946308724825,50.041946308724825,50.041946308724825,3,SVAG,-8,UPPTREND,False,2,0.2857142857142857,LÅG,EJ AKTUELL,-10.2
2395.TW,"Advantech Co., Ltd.",Technology,Computer Hardware,Taiwan,TWD,445414302000.0,17.4113915,13.031539,2.6421,5.3789497,6.0259213,5.78,17.12825,0.104547495,0.053849997,0.02087500400000001,0.029267515000000008,0.036445000000000005,0.032,0.0040000000000000036,0.22,-1.7605000000000004,-0.07450000000000023,1.108,-1732356608.0,20509259776.0,2189991936.0,427206606848.0,75717524000.0,,70882362000.0,,,11546311000.0,,10592508000.0,9902694000.0,2.18,0.65410006,11.16,2.44,11.158556,1784246400.0,0.739,580.515080807814,265.29442027698866,513.0,489.73334,,15.0,,,0.48346,0.25823,False,False,,0.5,3838147.0,3116461.0,0.8958656708893225,7.27,43.18,81.96,,-0.11630202735450657,0.39796083832676715,66.89967281814356,0.06012868978110131,0.45481787072954094,True,0.6408179783450629,,0.52,Asia,True,True,38.850550262536245,69.05848535609564,85.42556219755197,54.66889047069283,44.21855155124272,20.918367346938776,66.65268456375838,44.08817635270541,50.0,,50.0,61.75549333457013,standard,124,49397324,False,36.1,False,27.936241610738254,20.63758389261745,23.154362416107382,50.041946308724825,50.041946308724825,50.041946308724825,4,NEUTRAL,0,UPPTREND,False,3,0.42857142857142855,LÅG,VÄNTA,15.6
FEMSAUBD.MX,"Fomento Económico Mexicano, S.A.B. de C.V.",Consumer Defensive,Beverages - Brewers,Mexico,MXN,456476717016.6241,1.1900822500000006,13.4315825,2.28,1.5504251500000004,1.0910119,1.165,2.7120000000000015,-0.06093248999999999,-0.014757499000000004,-0.011449995999999997,0.02154499999999998,0.10773000000000005,0.025,1.6139999999999999,1.554,-37.028999999999996,-0.017500000000000182,0.827,157642177664.0,115761553408.0,257757872128.0,993521500160.0,795877000000.0,,840954000000.0,,,72155000000.0,,19431000000.0,71080000000.0,2.11,1.0623001,4.75,2.55,3.202925,1791936000.0,0.165,232.52000427246094,145.1988985353883,225.67999267578125,238.66154,1.61538,13.0,,,0.0,0.22809,False,False,,0.5,2807426.0,2871551.0,0.9511838513371079,4.29,14.68,30.24,,-0.02941687369257373,0.23015944668553587,49.84387509612812,0.05146102892415372,,False,0.76440651644754,,0.341,LatAm,True,True,91.9593656586917,43.77741881282067,83.91688015940792,63.883199609990214,75.01425162650041,20.74829931972789,28.355704697986578,99.04809619238478,50.0,,50.0,61.70840190401445,standard,125,33698684,False,61.8,False,97.5251677852349,20.469798657718123,78.60738255033557,50.041946308724825,50.041946308724825,50.041946308724825,4,NEUTRAL,0,UPPTREND,False,4,0.5714285714285714,MEDEL,VÄNTA,2.7
BESI.AS,BE Semiconductor Industries N.V.,Technology,Semiconductor Equipment & Materials,Netherlands,EUR,17856928727.0,90.32651100000001,17.835233000000002,1.3671,34.948359599999996,28.251726,28.125,70.33324999999999,0.17495249499999999,0.052519997,0.173294995,0.23238750500000005,0.25711,0.13999999999999999,0.41900000000000004,0.637,68.861,3.1715,4.008,-439450064.0,611438016.0,519112992.0,17776836608.0,1113747000.0,,591331000.0,,,173056000.0,,131641000.0,178141000.0,0.67,1.1414,1.58,2.71,1.58,1777248000.0,1.375,328.3999938964844,104.73968512608042,225.5,293.86957,2.08696,23.0,,,0.108909994,0.63064,False,False,,0.5,435473.0,399419.0,1.3562961738858723,-29.04,-0.03,34.43,80.38,-0.3133373806606089,0.5221549342464924,29.334374520948586,-0.18252673373592132,0.16154388948851306,False,0.08706268695177026,,0.481,Europe,True,True,24.60938637050637,87.06089001312561,63.093470647686054,64.70806433531126,40.63858732501066,71.51360544217688,28.355704697986578,31.96392785571142,50.0,,50.0,61.65687309951534,standard,126,103089140,False,40.7,False,27.936241610738254,71.89597315436241,2.5587248322147653,50.041946308724825,50.041946308724825,50.041946308724825,6,NEUTRAL,0,VARNING,False,3,0.42857142857142855,LÅG,VÄNTA,9.1
CAT,Caterpillar Inc.,Industrials,Farm & Heavy Construction Machinery,United States,USD,405449924289.14575,12.397790500000003,8.8884675,2.0573,17.496616575,5.7303357,6.293,13.725999999999999,0.35994999000000005,0.030370006999999997,0.029250003000000004,0.04559750700000001,-0.16604002,0.1535,0.22199999999999998,0.273,154.63,-0.030999999999999917,0.73,2960187392.0,3316000000.0,43065999360.0,445238575104.0,98585000000.0,,67589000000.0,,,11151000000.0,,8884000000.0,11739000000.0,0.74,0.2958,6.52,1.72,1.51,1784505600.0,1.565,1073.4599609375,402.5882380181033,880.280029296875,970.37115,2.10714,26.0,2.39,0.0219,0.0021600001,0.72827005,False,False,,0.553,3061490.0,2815980.0,0.8580625729931414,-6.89,14.15,38.4,,-0.1799600717961688,0.3815908576641623,31.617271133091634,-0.05244855468640752,0.22501987399347256,False,0.07139106169415493,,0.783,US,True,True,48.186092856103265,65.43990779012015,71.50583546826074,72.31812545311509,27.905297385116157,21.853741496598637,66.65268456375838,55.11022044088176,50.0,78.0114722753346,55.300000000000004,61.541175677696785,standard,127,2478850957,False,45.5,False,64.01006711409396,21.56040268456376,24.832214765100673,50.041946308724825,50.041946308724825,50.041946308724825,4,NEUTRAL,0,VARNING,False,4,0.5714285714285714,MEDEL,VÄNTA,8.4
8316.T,"Sumitomo Mitsui Financial Group, Inc.",Financial Services,Banks - Diversified,Japan,JPY,25620457275985.0,5.039888499999998,5.696228500000002,2.1468,0.6144812,5.8503504,-3.739,,-0.024962491999999996,-0.0008200000000000082,0.06566498699999998,2.41065751,-0.29507499000000004,,,,,,,,110445922877440.0,68240592076800.0,-16372927037440.0,328511145000000.0,,5791563000000.0,,,,,1582973000000.0,-10283139000000.0,2.01,0.3812,135.0,3.78,45.0,1790640000.0,0.384,7137.0,3465.134801884178,6721.0,6923.3335,1.66667,12.0,,,0.05447,0.40640998,False,False,,0.5,13514818.0,12661960.0,1.510330043351419,-0.1,18.96,26.02,,-0.05828779599271405,0.33562776312791204,65.93406593406593,0.06541836812336732,0.2697263299031094,True,0.5520739750280017,,0.838,Japan,True,True,,53.70478244474141,81.81041844577284,72.7768456375839,63.244923308971124,3.9115646258503403,66.65268456375838,,50.0,,50.0,53.53871172631508,standard,317,524172858,False,33.5,False,27.936241610738254,2.5587248322147653,24.328859060402685,50.041946308724825,50.041946308724825,50.041946308724825,2,SVAG,-8,UPPTREND,False,4,0.5714285714285714,MEDEL,EJ AKTUELL,5.6
BNS.TO,The Bank of Nova Scotia,Financial Services,Banks - Diversified,Canada,CAD,153602799783.3252,-0.24877799999999972,0.5988209999999992,1.0235,-0.3638981000000001,4.4892097,-0.766,,-0.009502512000000012,-0.009175000000000003,0.04555498700000002,0.02546750999999997,-0.38794,0.062,0.22099999999999997,0.313,,,,,531156008960.0,349912006656.0,-26220197888.0,1460042000000.0,,37097000000.0,,,,,7789000000.0,5407000000.0,3.62,0.6069,4.56,5.46,1.14,1783382400.0,1.21,126.87000274658203,71.85603842205973,125.27999877929688,116.84615,2.69231,13.0,5.04,,0.0002,0.50925,False,False,,0.5,3995739.0,4379390.0,0.51495310231743,3.78,20.52,25.16,,-0.01253254459575548,0.15744270749104525,62.86486863320088,0.08638186357900035,0.24080560961500774,False,0.8338390884565765,,0.904,Canada,True,True,,42.836651316116374,87.56048961001993,72.92187160149798,61.2405684267341,32.0578231292517,66.65268456375838,,50.0,,50.0,53.52145763338486,standard,318,391333806,False,39.2,False,27.936241610738254,31.62751677852349,32.718120805369125,50.041946308724825,50.041946308724825,50.041946308724825,1,SVAG,-8,UPPTREND,False,4,0.5714285714285714,MEDEL,EJ AKTUELL,-17.8
MUFG,"Mitsubishi UFJ Financial Group, Inc.",Financial Services,Banks - Diversified,Japan,USD,240422918088.01163,-1.111371,7.877233500000001,1.9335,-0.8310655000000002,0.035822313,-8.813,,-0.040997497,-0.015029997000000003,0.0029000099999999807,0.79459251,-0.45206,,,,,,,,184063658819584.0,123410290049024.0,-59145805889536.0,431731548000000.0,,7521125000000.0,,,,,2427229000000.0,-23064420000000.0,2.44,0.1574,0.54,3.26,0.269,1774915200.0,0.312,22.829999923706055,13.270000457763672,21.31999969482422,20.92852,2.5,2.0,2.13,0.0007,2.0000001e-05,0.03213,False,False,,0.877,3243764.0,3683540.0,1.48335204439064,5.02,16.0,17.4,,-0.06614105273447213,0.26592124178274906,61.55377350748197,0.06803994290631654,0.2123762302142045,True,0.5907265061763294,,0.838,US,True,True,,41.76991005419781,76.40193566752063,72.7768456375839,77.66864078136496,26.02040816326531,66.65268456375838,,50.0,97.22753346080306,97.7,53.417071678900726,standard,322,78533072,False,48.0,False,27.936241610738254,25.671140939597315,97.5251677852349,50.041946308724825,50.041946308724825,50.041946308724825,1,SVAG,-8,UPPTREND,False,4,0.5714285714285714,MEDEL,EJ AKTUELL,-3.3
IMI.L,IMI plc,Industrials,Specialty Industrial Machinery,United Kingdom,GBp,9121486620386.46,-0.4293775000000011,3.519411499999997,2.3192,3.379240625,3.0509064,3.398,2.7640000000000002,0.12761499,0.0579450015,0.045299999999999986,0.05549749700000001,0.08011499999999999,0.022499999999999992,0.5690000000000001,0.576,-34.872,0.32400000000000007,0.853,-393912528.0,114900000.0,643699968.0,7827975680.0,2480100000.0,,2304000000.0,,,422400000.0,,309900000.0,415300000.0,1.16,0.2593,0.34,1.57,0.232,1775088000.0,1.046,38643.720317840576,27405.12216514572,38513.956314086914,3109.0,1.6875,15.0,,,0.00414,0.79581,False,False,,0.5,1208963.0,1042315.0,0.6182640619484115,0.29,6.51,16.23,34.61,-0.00335795836131636,0.22556891972027315,57.01450603656589,0.0661647796461271,0.15754857122409938,True,0.871344192844627,,0.5,UK,True,True,37.608401159861614,74.15131049666049,76.85082537468955,62.088593126432976,60.60099115383977,7.227891156462585,66.65268456375838,21.64328657314629,50.0,,50.0,53.38196512477202,standard,324,40143674376,False,37.6,False,27.936241610738254,7.130872483221476,47.06375838926174,50.041946308724825,50.041946308724825,50.041946308724825,3,SVAG,-8,UPPTREND,False,5,0.7142857142857143,HÖG,EJ AKTUELL,-0.6
UDR,"UDR, Inc.",Real Estate,REIT - Residential,United States,USD,12918645817.919865,-5.653590999999999,46.820871,8.17,1.6405258000000003,8.338598,11.108,0.1280000000000001,0.055795003999999995,-0.004920000000000001,0.018105010000000032,-0.16563499999999998,0.21412999999999993,-0.013499999999999998,1.321,1.474,50.341499999999996,-0.5029999999999999,0.003,190692992.0,2371000.0,5845310976.0,19624867840.0,10605674000.0,,1712317000.0,,,322375000.0,,377704000.0,902887000.0,4.26,1.1701,1.73,3.85,0.145,1786924800.0,0.695,41.84988759871014,32.03716368618367,39.7599983215332,41.42857,2.54545,21.0,2.57,0.0507,0.0044,1.10527,False,False,,0.9,4294498.0,2654850.0,0.9351550964369698,3.35,16.5,10.0,,-0.049937751260324736,0.20733292520538113,49.40263839143232,0.033354205422445604,0.10268951108598756,False,0.5443893811789344,,0.519,US,True,True,71.87497900829591,52.30125385384829,74.12467976088813,66.86058355622167,53.258755773897526,76.70068027210884,28.355704697986578,60.22044088176352,50.0,45.31548757170172,100.0,61.34499818091089,standard,130,105556832,False,54.1,False,71.05704697986577,77.01342281879194,15.184563758389261,50.041946308724825,50.041946308724825,50.041946308724825,4,NEUTRAL,0,UPPTREND,False,3,0.42857142857142855,LÅG,VÄNTA,7.7
FRO.OL,Frontline plc,Energy,Oil & Gas Midstream,Cyprus,NOK,78496832020.18228,-8.450835999999999,-2.8756114999999998,,0.7858949499999998,34.864548,35.823,58.32125,0.23242750250000002,0.04112750074999999,0.32814502,0.3720525000000001,0.13638,0.6205,15.512,15.797,54.079499999999996,0.6949999999999997,1.0,-491161376.0,471672000.0,2631087104.0,80655769600.0,5753627000.0,,1965104000.0,,,592823000.0,,379081000.0,682460000.0,16.42,0.4335,60.14,10.92,1.55,1781136000.0,0.027,424.6000061035156,181.54363873474875,352.6000061035156,355.86868,2.71429,6.0,,,0.35786998,0.35825002,False,False,,0.5,900132.0,506787.0,1.0004367660328295,-6.57,7.49,33.05,,-0.16957135884366126,0.4139301388408857,48.1586472676942,-0.006825298776279687,0.19914772157059346,False,0.28672836257896095,,0.0,Nordic,True,True,32.23917107958935,87.39068059859616,66.97978935382864,73.86223551527007,61.09937559612996,44.21768707482993,66.65268456375838,42.38476953907816,50.0,,50.0,61.28046741364314,standard,131,18552025,False,36.4,False,27.936241610738254,43.624161073825505,2.5587248322147653,50.041946308724825,50.041946308724825,50.041946308724825,5,NEUTRAL,0,VARNING,False,5,0.7142857142857143,HÖG,VÄNTA,7.0
BHP,BHP Group Limited,Basic Materials,Other Industrial Metals & Mining,Australia,USD,204853426668.3764,-3.8815995,0.9103135000000027,5.95,1.3382817500000004,3.7944252,4.176,-4.221500000000001,0.13260999,0.072150009,0.08112998999999999,0.24580499999999997,0.37878999999999996,0.0030000000000000027,-0.14799999999999996,0.277,-3.1339999999999932,-0.16999999999999993,1.232,7320687360.0,13509000192.0,29195999232.0,225449639936.0,108790000000.0,,51262000000.0,,,19078000000.0,,9019000000.0,18692000000.0,3.3,0.5464,2.66,7.06,1.46,1772755200.0,0.831,93.83000183105469,48.72057314080488,80.63999938964844,73.64286,3.0,7.0,5.9,0.0070999996,5e-05,0.0429,False,False,,0.448,2633188.0,2396810.0,0.7072747832642292,-12.83,1.47,24.55,,-0.14057340066086188,0.3320194351681197,49.16594073518857,-0.05337670253954141,0.15194742974942255,True,0.32033448482103694,,0.5,US,True,True,,87.10726768614768,62.28294904639909,44.82827689119635,45.45434443724472,27.465986394557824,66.65268456375838,84.2685370741483,50.0,94.83747609942638,44.800000000000004,61.248680037015944,standard,132,193278757,False,53.5,False,84.06040268456377,27.097315436241608,39.01006711409396,50.041946308724825,50.041946308724825,50.041946308724825,5,NEUTRAL,0,VARNING,False,3,0.42857142857142855,LÅG,VÄNTA,-0.9
NDSN,Nordson Corporation,Industrials,Specialty Industrial Machinery,United States,USD,16101373225.17566,0.07583950000000073,3.2321194999999996,1.8122,0.7953983750000004,5.5452433,6.189,2.8629999999999987,0.018039990000000006,0.024409996999999996,0.07785000299999997,0.098957507,0.10011999999999999,0.0165,-0.019000000000000003,0.044,-14.525999999999996,1.213,1.443,-241848000.0,103139000.0,1973748992.0,17971982336.0,5917681000.0,,2791687000.0,,,724270000.0,,484474000.0,719175000.0,1.12,0.3462,3.28,1.08,0.82,1781740800.0,0.969,307.739990234375,204.39595458871634,288.9800109863281,319.125,2.0,8.0,4.24,0.0374,0.0559,0.76925004,False,False,,0.852,401851.0,361190.0,1.025450199023488,-1.06,4.73,9.06,,-0.06096048561566292,0.2139384891250911,34.145715990176114,0.005993865331815673,0.09371117739098911,False,0.35101320844811473,,0.692,US,True,True,49.294510809328145,70.2921208006708,64.26131511528608,50.32537300585969,69.64924828439348,73.21428571428571,66.65268456375838,38.57715430861723,50.0,57.17017208413002,95.2,53.195587237361416,standard,328,104376690,False,44.5,False,27.936241610738254,73.5738255033557,26.426174496644293,50.041946308724825,50.041946308724825,50.041946308724825,3,SVAG,-8,UPPTREND,False,4,0.5714285714285714,MEDEL,EJ AKTUELL,0.9
PRU.L,Prudential plc,Financial Services,Insurance - Life,Hong Kong,GBp,33755922073023.656,-2.1299740000000025,2.005359499999999,4.7529,-0.030349049999999878,1.8030995,2.07,0.2897500000000006,0.069307483,-0.0006349985000000044,0.03577998699999996,0.031802510000000006,0.019425000000000026,0.124,0.175,0.244,-55.513999999999996,0.9109999999999999,1.012,2136637568.0,3851000064.0,6034999808.0,29857048576.0,212195000000.0,,27393000000.0,,,,,3978000000.0,2450000000.0,1.87,0.1538,0.2,1.68,0.139402,1774483200.0,0.901,15152.425788331884,11531.43204498291,13547.361991882324,1408.168,1.53846,13.0,,,0.00302,0.65948,False,False,,0.5,8806282.0,5502682.0,0.6596829617357283,6.04,-3.75,-7.06,12.7,-0.10592784408721789,0.25117083015142455,69.68048577565459,0.017480063907773236,-0.0035183790692394634,True,0.6998443078230173,,0.5,UK,True,True,95.57181401909965,60.57906831828798,45.54319212779792,61.02973604488481,65.70461507675127,3.231292517006803,66.65268456375838,95.19038076152304,50.0,,50.0,61.17356444298016,standard,134,74546824980,False,47.2,False,57.5503355704698,2.5587248322147653,66.02348993288591,50.041946308724825,50.041946308724825,50.041946308724825,4,NEUTRAL,0,NEDTREND,True,5,0.7142857142857143,HÖG,EJ AKTUELL,17.2
CPG.L,Compass Group PLC,Consumer Cyclical,Restaurants,United Kingdom,USD,697000032142.5408,6.269719249999996,6.9084530000000015,1.6628,4.245219425,1.107825,1.287,5.505500000000003,0.11877500000000002,0.005675001500000006,-0.027670003000000006,-0.09202999999999999,0.32962497,0.034,0.05600000000000001,0.163,17.56600000000001,-0.4545000000000001,0.622,1328262528.0,523000000.0,9130999808.0,62404411392.0,26715000000.0,,46070000000.0,,,3295000000.0,,1868000000.0,3366000000.0,2.19,0.5592,0.69,2.93,0.255,1781740800.0,0.654,436.71985387286986,240.39214640123015,409.92448983786016,38.4027,1.84211,20.0,,,0.00121,0.76622003,False,False,,0.5,3109724.0,1829597.0,0.6770316683763716,-0.75,16.81,46.27,27.52,-0.061355955762913195,0.47919615539587834,47.189507431761186,0.00762254952182384,0.26590191071371194,False,0.30474219696461397,,0.5,UK,True,True,69.31846934091647,56.96697527634426,80.56618666708451,51.96503824053732,43.83344572272583,18.367346938775512,66.65268456375838,73.64729458917836,50.0,,50.0,61.126896571126665,standard,135,749996617,False,51.8,False,59.47986577181208,18.120805369127517,78.27181208053692,50.041946308724825,50.041946308724825,50.041946308724825,6,NEUTRAL,0,UPPTREND,False,3,0.42857142857142855,LÅG,VÄNTA,3.6
VRT,Vertiv Holdings Co,Industrials,Electrical Equipment & Parts,United States,USD,111222547823.19434,42.789376499999996,12.598049499999998,1.4744,21.957514575,10.257165,10.328,30.134000000000004,0.29760999,0.056669998000000006,0.03969000299999998,0.027447486999999993,-0.08055000000000001,0.23249999999999998,1.277,1.371,0.75,0.1100000000000001,1.057,1148312448.0,2500499968.0,3264900096.0,111986950144.0,12212400000.0,,10229900000.0,,,1896200000.0,,1332800000.0,2113800000.0,0.09,0.050300002,0.25,0.07,0.063,1781481600.0,2.029,379.8559491193527,118.56939204767133,289.55999755859375,380.0,1.44444,25.0,2.01,0.0378,0.00229,0.85706,False,False,,0.554,6171040.0,4602600.0,0.9200398909445281,-3.35,-1.53,69.55,,-0.23771103696045448,0.6173926305835099,45.22466163732253,-0.10062038743869883,0.2028643106071033,False,0.10263901830357479,,1.0,US,True,True,47.73032097714982,69.06839995070997,58.126957016794755,90.83304428472587,42.30592087973747,37.32993197278912,32.84395973154363,61.32264529058116,50.0,56.787762906309744,55.400000000000006,61.10341678344354,standard,136,1332728845,False,46.6,False,67.11409395973155,36.828859060402685,11.577181208053691,50.041946308724825,50.041946308724825,50.041946308724825,5,NEUTRAL,0,VARNING,False,2,0.2857142857142857,LÅG,VÄNTA,13.1
BBVA.MC,"Banco Bilbao Vizcaya Argentaria, S.A.",Financial Services,Banks - Diversified,Spain,EUR,122192000992.02426,-1.5287770000000016,-1.4177444999999995,2.2562,0.7091305999999999,3.7469566,4.347,,0.06441748799999997,0.008900000999999998,0.11651498299999999,0.20519751000000003,-0.37562,0.05499999999999999,0.0,0.108,,,,,160842006528.0,168716992512.0,141756514304.0,859576000000.0,,39415000000.0,,,,,10511000000.0,14968000000.0,4.07,0.4011,0.92,5.04,0.6,1775606400.0,0.883,23.110000610351562,12.07227162373166,22.06999969482422,21.94565,2.52174,23.0,,,0.00103,0.44662,False,False,,0.5,9745546.0,7467577.0,1.11155131747991,2.7,12.52,8.91,83.9,-0.045002201993084356,0.30352668983641623,56.280193904413345,0.06730242408687781,0.16445512103756177,False,0.4707192906894115,,0.561,Europe,True,True,,62.10821093394359,76.94366533739688,53.88643617931493,51.03345274139467,35.8843537414966,66.65268456375838,,50.0,,50.0,53.092473857444844,standard,332,188633876,False,40.8,False,27.936241610738254,35.40268456375839,39.59731543624161,50.041946308724825,50.041946308724825,50.041946308724825,2,SVAG,-8,UPPTREND,False,3,0.42857142857142855,LÅG,EJ AKTUELL,-1.2
NNN,"NNN REIT, Inc.",Real Estate,REIT - Retail,United States,USD,9434407126.459568,-9.191882999999997,-0.5580940000000005,4.79,-0.20897960000000015,10.081832,15.264,-1.7469999999999999,0.020794999999999994,0.0119,0.15413499000000003,0.22033499999999998,0.50754,-0.014499999999999999,-0.222,-0.026,18.413499999999996,-0.569,0.109,-2209844480.0,4570000.0,4854123008.0,14283960320.0,9379355000.0,,926213000.0,,,569868000.0,,389777000.0,667131000.0,5.04,1.161,2.48,5.19,0.6,1785456000.0,0.782,50.0,37.813283839333785,49.59000015258789,46.63333,2.88235,15.0,3.72,0.0525,0.00863,0.98013,False,False,,0.864,1863774.0,1543170.0,0.8533816747693506,7.43,12.42,21.61,,-0.008199996948242139,0.17217524845911603,65.18623976302968,0.08515834854433835,0.16890094063612304,True,1.0938430467041598,,0.49,US,True,True,,79.6406557578774,82.77825220609166,29.19969670315928,58.59289053773742,81.29251700680273,28.355704697986578,8.617234468937877,50.0,43.21223709369025,96.4,53.0745046407142,standard,336,76525801,False,43.5,False,27.936241610738254,81.54362416107382,11.912751677852349,50.041946308724825,50.041946308724825,50.041946308724825,2,SVAG,-8,UPPTREND,False,2,0.2857142857142857,LÅG,EJ AKTUELL,-4.2
QCOM,QUALCOMM Incorporated,Technology,Semiconductors,United States,USD,181056118713.3789,-13.760611,-3.9472419999999993,0.5397,1.2746075999999995,4.0699573,4.193,-2.3122499999999997,0.21411750000000002,0.06331,0.11631001199999999,0.07595250500000002,0.09592999999999996,-0.178,1.514,1.621,6.119,0.6845000000000001,1.448,8773187328.0,9799000064.0,15269999616.0,186527121408.0,50143000000.0,,44284000000.0,,,12394000000.0,,5541000000.0,14012000000.0,2.16,0.38279998,3.68,2.12,0.92,1788393600.0,1.638,258.9635412258548,121.54109371821322,171.77999877929688,222.73334,2.55556,30.0,1.79,0.0427,0.00119,0.85653,False,False,,0.713,23532577.0,12980350.0,0.8102263510655766,-19.76,28.22,5.46,,-0.3366633852543779,0.5156397551358051,34.468156119330274,-0.1693328128580216,0.023811348475551553,False,0.19795800926702561,,0.869,US,True,True,,80.28873332989704,54.93879874750926,66.30953894923618,46.70245937509667,29.421768707482993,66.65268456375838,89.97995991983969,50.0,51.625239005736134,71.3,61.019801044946824,standard,137,2229764507,False,54.7,False,89.68120805369128,29.026845637583893,36.15771812080537,50.041946308724825,50.041946308724825,50.041946308724825,4,NEUTRAL,0,VARNING,False,3,0.42857142857142855,LÅG,VÄNTA,-0.3
UU.L,United Utilities Group PLC,Utilities,Utilities - Regulated Water,United Kingdom,GBp,13254588946204.727,0.43033399999999844,-0.29141899999999943,1.0588,2.5393543800000007,3.9041317,7.61,3.646250000000001,0.17746,0.0055749995,0.10691500850000002,0.14003748,0.590985,0.15000000000000002,1.089,1.146,340.8855,1.8384999999999998,2.524,-1155587520.0,1794300032.0,11490599936.0,19910680576.0,18127000000.0,,2616300000.0,,,1100300000.0,,586800000.0,1381900000.0,3.97,0.6113,0.54,4.38,0.3578,1782345600.0,0.579,18783.17490107376,13566.696314505618,17842.55051612854,1507.1539,2.38462,13.0,,,0.00053,0.74203,False,False,,0.5,2599561.0,1434340.0,2.1275201565529342,8.12,6.28,18.17,22.19,-0.050078029401272706,0.24368582611515874,75.17445351904892,0.05563466989190746,0.11712224524170045,True,0.8991099205467661,,0.5,UK,True,True,34.26209961823088,81.96944606525452,70.49569488949302,72.70165544212267,59.69014278599432,5.697278911564626,66.65268456375838,18.937875751503004,50.0,,50.0,60.986800004375915,standard,138,25592283907,False,36.0,False,27.936241610738254,5.620805369127517,37.75167785234899,50.041946308724825,50.041946308724825,50.041946308724825,5,NEUTRAL,0,UPPTREND,False,4,0.5714285714285714,MEDEL,VÄNTA,6.0
LIN,Linde plc,Basic Materials,Specialty Chemicals,United Kingdom,USD,237285872892.86865,10.549288499999996,10.908882500000002,2.2039,3.43352875,6.8470893,7.54,6.4305,0.06777000000000001,0.02227000300000001,0.09576001,0.12323502,0.035599999999999965,-0.022999999999999993,-0.289,0.11,9.869,-0.991,0.624,3878062336.0,3959000064.0,26317000704.0,261299339264.0,86817000000.0,,33986000000.0,,,9254000000.0,,6898000000.0,10350000000.0,1.23,0.4045,6.4,1.3,1.6,1780531200.0,0.723,548.2000122070312,385.26352644301903,513.219970703125,547.72,1.66667,25.0,2.49,0.014199999,0.00247,0.90789,False,False,,0.682,2253598.0,1988170.0,1.167397829600554,-0.96,3.13,17.41,,-0.06380890318312471,0.17947067617730927,46.774179655101975,-0.0006352302842862478,0.09281322741052689,False,0.25253353675764567,,0.839,US,True,True,62.77426361102091,72.6793622899796,67.89069171648164,45.66803484433758,58.96386920836187,26.190476190476193,66.65268456375838,66.53306613226452,50.0,88.33652007648183,68.2,60.97449691099722,standard,139,1020368549,False,47.5,False,72.56711409395973,25.838926174496645,20.050335570469798,50.041946308724825,50.041946308724825,50.041946308724825,4,NEUTRAL,0,VARNING,False,4,0.5714285714285714,MEDEL,VÄNTA,3.8
ICE,"Intercontinental Exchange, Inc.",Financial Services,Financial Data & Stock Exchanges,United States,USD,78973816475.13565,2.595764000000001,3.1666714999999996,2.0045,-0.14236670000000018,7.5681667,9.505,6.170750000000001,0.0035525029999999916,0.0015400029999999981,0.12194001999999995,0.19839250999999997,0.54794,0.13999999999999999,0.664,0.773,3.9650000000000034,-0.6829999999999999,0.026,2926687488.0,863000000.0,20984999936.0,99179823104.0,136887000000.0,,12640000000.0,,,4999000000.0,,3315000000.0,4662000000.0,1.47,0.28530002,2.08,1.23,0.52,1789516800.0,0.948,186.96015767707453,121.79000091552734,139.64999389648438,182.33333,1.4375,15.0,1.94,0.021,0.00808,0.96194,False,False,,0.831,4248440.0,4078640.0,0.6459187499615817,-1.15,-14.4,-18.69,,-0.25304944309207456,0.23927208639534053,80.19121641531949,-0.013111674589692757,-0.0958798766672978,True,0.7867489942300068,,0.877,US,True,True,73.09792769897336,75.00017880916054,21.491602618844297,81.27988793561828,55.56381148604655,43.96258503401361,66.65268456375838,80.96192384769539,50.0,79.06309751434034,93.1,68.93510278517917,standard,30,569582051,False,52.8,False,85.06711409395973,43.37248322147651,17.030201342281877,50.041946308724825,50.041946308724825,50.041946308724825,7,STARK,8,NEDTREND,True,4,0.5714285714285714,MEDEL,EJ AKTUELL,8.5
TJX,"The TJX Companies, Inc.",Consumer Cyclical,Apparel Retail,United States,USD,170632656145.99893,2.930633249999998,10.249693,3.3075,12.868714075,2.7707303,2.91,4.9335,0.46394,0.071519993,0.009910000000000002,0.007039999999999991,-0.13854002000000004,0.019000000000000003,0.186,0.286,57.51499999999999,-0.22649999999999992,0.489,3497812736.0,5580000256.0,14179999744.0,179232653312.0,35767000000.0,,60372000000.0,,,7178000000.0,,5494000000.0,6874000000.0,1.24,0.3307,1.92,1.33,0.48,1786579200.0,0.623,170.0,120.52660446163152,154.4600067138672,177.63158,,19.0,2.62,0.0153,0.00154,0.93908,False,False,,0.727,5814948.0,5183010.0,1.011273800472535,-7.13,-1.6,0.18,,-0.09141172521254592,0.19551321471396368,47.86440559529832,-0.011301662159003634,0.00922590090753439,True,0.47857205300197864,,0.985,US,True,True,68.75365255650966,64.38941191026834,50.6974096214062,70.68262696461838,58.589559948567526,30.272108843537417,66.65268456375838,71.6432865731463,50.0,86.4244741873805,72.7,60.84395822419634,standard,141,800567759,False,53.9,False,76.1744966442953,29.86577181208054,52.18120805369127,50.041946308724825,50.041946308724825,50.041946308724825,5,NEUTRAL,0,VARNING,False,4,0.5714285714285714,MEDEL,VÄNTA,6.7
NOVN.SW,Novartis AG,Healthcare,Drug Manufacturers - General,Switzerland,CHF,238511495625.0,-2.793246,0.8391140000000004,4.107,5.1260736,4.2156224,4.932,0.10299999999999887,0.23248499499999997,0.0589599985,0.159994993,0.14285,0.37992,-0.08700000000000001,-0.2105,-0.125,66.55024999999999,-1.0642500000000001,0.526,11433819392.0,6892000256.0,46997999616.0,279032496128.0,110949000000.0,,56674000000.0,,,17644000000.0,,13984000000.0,19144000000.0,3.0,0.66260004,3.7,3.58,3.7,1773100800.0,0.495,128.9199981689453,88.50694029549845,125.0,123.234184,2.63636,21.0,,,0.02111,0.46218,False,False,,0.5,2758672.0,2289112.0,1.1674478888583013,5.9,6.46,12.51,,-0.030406439843477906,0.19044537201655945,46.6666807951511,0.03736505871232976,0.1064187916120547,False,0.5147856573790219,,0.322,Europe,True,True,91.44411728484901,88.6991729459335,71.5485340165101,18.73968774030758,52.087540706217645,26.105442176870746,66.65268456375838,88.17635270541082,50.0,,50.0,60.84313653373943,standard,142,354597603,False,54.0,False,89.42953020134227,25.75503355704698,35.06711409395973,50.041946308724825,50.041946308724825,50.041946308724825,4,NEUTRAL,0,UPPTREND,False,4,0.5714285714285714,MEDEL,VÄNTA,8.8
CRWD,"CrowdStrike Holdings, Inc.",Technology,Software - Infrastructure,United States,USD,206788096446.88843,,110.553593,6.6263,39.228769299999996,40.592854,39.868,3407.1677500000005,-0.1492024999,-0.0736400005,-0.11274999799999999,-0.16671749399999997,0.2993,0.11300000000000002,,,-32.292,-0.15050000000000008,1.333,1109927552.0,4552800768.0,821342976.0,203098095616.0,11086684000.0,,4812005000.0,,,-293292000.0,,-162502000.0,1612349000.0,,0.0,,,,,1.237,217.5,85.68000030517578,203.0800018310547,188.36694,1.67308,49.0,1.95,0.028499998,0.01495,0.76035005,False,False,,0.46,12450790.0,9101070.0,0.8123997480016621,19.55,94.24,76.32,,-0.0662988421560704,0.4754487666618573,66.94184266774951,0.18092082522132902,0.5674185782121628,True,0.7662098823370563,,0.89,US,True,True,37.860245630926656,26.041272785454833,90.39282664389411,79.86474515417467,28.564557668075498,27.29591836734694,11.703020134228188,53.607214428857716,50.0,68.16443594646272,46.0,52.83486232204214,standard,342,1848245312,False,42.5,False,62.248322147651,26.929530201342285,2.5587248322147653,50.041946308724825,50.041946308724825,50.041946308724825,3,SVAG,-8,UPPTREND,False,2,0.2857142857142857,LÅG,EJ AKTUELL,-0.8
DIVISLAB.NS,Divi's Laboratories Limited,Healthcare,Drug Manufacturers - Specialty & Generic,India,INR,1923983533550.0,43.93679899999999,31.1641355,,6.734920450000001,18.21954,17.914,36.658,0.014670000000000016,0.03335999849999999,0.11394000699999998,0.08557000000000001,0.17642000999999996,0.015,0.018500000000000016,0.134,-15.475249999999999,3.49775,3.272,-27438824448.0,32330000384.0,70000000.0,1891723509760.0,200330000000.0,,104760000000.0,,,29790000000.0,,25680000000.0,27380000000.0,0.41,0.3101,30.0,1.14,30.0,1784764800.0,0.222,7390.0,5636.5,7247.5,7088.8,2.56667,30.0,,,0.52,0.29709,False,False,,0.5,372310.0,493325.0,1.1219071188317729,7.1,15.41,12.6,,-0.01928281461434367,0.22567744907941806,81.39217470427661,0.0708212116421425,0.12712439036528322,True,0.9333775087373899,,0.728,India,True,True,30.36777465545616,73.81170670726443,78.55109592940507,56.5133779080526,89.67372148181376,14.030612244897958,66.65268456375838,37.87575150300601,50.0,,50.0,60.81234540295562,standard,143,37135157,False,32.4,False,27.936241610738254,13.842281879194632,5.369127516778524,50.041946308724825,50.041946308724825,50.041946308724825,5,NEUTRAL,0,UPPTREND,False,4,0.5714285714285714,MEDEL,VÄNTA,0.4
INDT.ST,Indutrade AB (publ),Industrials,Industrial Distribution,Sweden,SEK,90424967488.17444,6.976176500000001,8.382620499999998,1.63,1.364301175,2.7299752,3.017,0.9645000000000001,0.0016999900000000123,0.016879995000000002,0.012934999999999995,0.02164249700000001,-0.06562999999999997,0.03849999999999999,0.14800000000000002,0.227,3.1439999999999984,-0.03849999999999998,0.913,2066375040.0,1362000000.0,10865999872.0,99934969856.0,33229000000.0,,32229000000.0,,,3786000000.0,,2560000000.0,3990000000.0,1.22,0.42119998,3.1,1.08,3.1,1775088000.0,1.184,262.84676165785453,180.6999969482422,248.1999969482422,275.0,1.85714,8.0,,,0.26732,0.6153,False,False,,0.5,622684.0,567844.0,1.0631113580485707,30.02,5.8,6.76,,-0.05572358821250356,0.3723019386668428,77.27271676392215,0.2452712636554426,0.12953198012549905,True,1.054386798436777,,0.635,Nordic,True,True,78.1155047525218,55.02524101549204,64.78793054369486,60.47260883069672,51.00806313710343,41.24149659863946,66.65268456375838,73.04609218436873,50.0,,50.0,60.80847471865673,standard,144,14612516,False,55.7,False,76.92953020134227,40.68791946308725,52.51677852348994,50.041946308724825,50.041946308724825,50.041946308724825,6,NEUTRAL,0,UPPTREND,False,4,0.5714285714285714,MEDEL,VÄNTA,17.9
105560.KS,KB Financial Group Inc.,Financial Services,Banks - Regional,South Korea,KRW,63585316702100.0,,0.9211024999999999,0.74,,3.858748,5.986,,-0.012707502000000002,0.007690000399999994,0.08728499199999998,0.22347751,-0.357915,0.088,0.035,0.115,,,,,139533874102272.0,172020872511488.0,98638906785792.0,797923033000000.0,,21231552000000.0,,,,,5833162000000.0,4226378000000.0,2.54,0.273,4598.0,4.76,1143.0,1778112000.0,0.674,194500.0,102488.86860259433,181100.0,205155.0,1.4,20.0,,,0.026719999,0.63028,False,False,,0.5,1484557.0,1867678.0,0.7757541624864475,10.43,17.01,45.48,,-0.06889460154241644,0.4019467770664665,81.42292490118577,0.1240548101787351,0.28611898840898187,True,0.8033878754861374,,0.987,Asia,True,True,,55.7932926176622,82.99174494733845,68.18082283744555,45.83761243026828,1.7006802721088436,66.65268456375838,,50.0,,50.0,52.71832344407602,standard,345,246912635,False,35.6,False,27.936241610738254,2.5587248322147653,38.33892617449665,50.041946308724825,50.041946308724825,50.041946308724825,3,SVAG,-8,UPPTREND,False,3,0.42857142857142855,LÅG,EJ AKTUELL,-1.1
QSR,Restaurant Brands International Inc.,Consumer Cyclical,Restaurants,United States,USD,26027268555.967735,-2.340779750000001,0.3876760000000026,1.2624,3.421427075,3.5696976,4.405,-0.6354999999999986,0.1328,-0.00283999699999999,0.015479995999999996,0.14815998000000002,-0.11291997000000004,0.0,0.893,1.126,217.617,-0.37649999999999995,0.82,833562496.0,1018000000.0,15683000320.0,42240266240.0,25615000000.0,,9434000000.0,,,2493000000.0,,776000000.0,1714000000.0,3.37,0.8071,2.6,3.41,0.65,1782172800.0,0.526,81.21854264128145,59.139742566765214,75.01000213623047,85.5,1.88889,24.0,4.73,0.0586,0.013049999,0.92956,False,False,,0.833,3451059.0,3240200.0,0.888922962214686,-0.78,-2.47,9.28,,-0.07644240222915943,0.24196145242820724,52.02174354459742,0.010942430600335173,0.06025682145300215,True,0.6975720849109895,,0.681,US,True,True,,60.87130457858815,56.36208368915457,69.8843422302737,46.832659954293945,64.45578231292517,66.65268456375838,71.7434869739479,50.0,37.858508604206506,93.3,52.65995810328871,standard,347,243047409,False,59.0,False,82.13087248322147,64.93288590604027,41.35906040268457,50.041946308724825,50.041946308724825,50.041946308724825,3,SVAG,-8,UPPTREND,False,3,0.42857142857142855,LÅG,EJ AKTUELL,3.1
VAIAS.HE,Vaisala Oyj,Technology,Scientific & Technical Instruments,Finland,EUR,1775621130.0,4.298064999999998,3.8772399999999987,1.6148,1.4338889,3.2443647,3.238,-0.4757499999999988,0.05778751000000003,0.027429996999999998,0.03204500500000001,0.025107505000000016,0.13084996,-0.13299999999999998,-0.088,0.143,-1.7420000000000009,-0.017000000000000126,1.399,-798962492.0,95400000.0,91700000.0,1937403520.0,588900000.0,,596900000.0,,,84400000.0,,59800000.0,90400000.0,1.63,0.5119,0.86,1.72,0.86,1774396800.0,0.824,57.70000076293945,40.076190390699956,53.5,57.2,,5.0,,,0.3811,0.33231997,False,False,,0.5,17784.0,11804.0,0.7388939256572983,-2.9,8.52,20.65,,-0.07279030688743249,0.24938364521756654,35.89742962738718,-0.00683151463408882,0.14754110157899536,False,0.2834530215857294,,0.671,Nordic,True,True,,67.65090145203885,72.6159977227441,38.78198428792891,58.2200387503594,94.38775510204081,66.65268456375838,1.0521042084168337,50.0,,50.0,52.54595966826472,standard,353,722804,False,50.4,False,27.936241610738254,94.46308724832215,44.88255033557047,50.041946308724825,50.041946308724825,50.041946308724825,3,SVAG,-8,VARNING,False,3,0.42857142857142855,LÅG,EJ AKTUELL,1.5
PLD,"Prologis, Inc.",Real Estate,REIT - Industrial,United States,USD,139654902760.4065,4.465776000000005,20.006708,116.7328,0.2577243,14.89883,19.031,8.551000000000002,0.009785000000000002,-0.0023099999999999996,0.17899498000000003,0.010504999999999987,0.30177,0.0025000000000000022,0.619,0.859,-29.324500000000004,-0.375,0.274,,1765042944.0,36442083328.0,182552281088.0,98724256000.0,,8790127000.0,,,3414302000.0,,3328231000.0,5008434000.0,2.85,1.0302,4.28,2.75,1.07,1781568000.0,,153.35000610351562,100.16504776943994,149.7899932861328,156.07143,2.0,14.0,3.1,0.0161,0.0026699998,0.98081,False,False,,0.45,3679696.0,3904710.0,1.1442692722410377,2.51,6.12,15.04,,-0.02321495060769485,0.22251043832832695,69.20967750601307,0.05050366530825556,0.13448128596076692,True,1.0539208213573226,,0.832,US,True,True,,66.08195096560797,74.29547395388558,71.63245691945517,56.20284230263045,33.50340136054422,28.355704697986578,,50.0,85.27724665391969,45.0,52.47589330566772,standard,356,584886485,False,35.5,False,27.936241610738254,33.053691275167786,7.046979865771812,50.041946308724825,50.041946308724825,50.041946308724825,3,SVAG,-8,UPPTREND,False,3,0.42857142857142855,LÅG,EJ AKTUELL,-5.4
BAC,Bank of America Corporation,Financial Services,Banks - Diversified,United States,USD,429990869486.77057,-3.8162290000000016,-1.1548974999999988,1.0688,-1.2663979,3.774134,1.529,,-0.02298749199999999,-0.009869996999999998,0.040469989999999983,0.008382509999999982,-0.45206,0.15,0.22699999999999998,0.275,,,,,1055455969280.0,774637027328.0,174167867392.0,3411738000000.0,,113097000000.0,,,,,30509000000.0,12613000000.0,1.82,0.2587,1.12,2.35,0.28,1780617600.0,1.175,62.119998931884766,43.795970282370476,61.27000045776367,67.2619,1.54167,21.0,0.0,0.0,0.07422,0.71387,False,False,,0.601,35772635.0,34789940.0,1.226083937375184,7.79,15.1,18.02,,-0.013683169490281588,0.21653364519797605,68.0896392526941,0.11378757020304886,0.1661976697500085,True,0.88192278913902,,0.933,US,True,True,,38.68105985306146,82.22317107884999,76.74237553944091,56.773486974170154,21.08843537414966,66.65268456375838,,50.0,99.0,60.099999999999994,52.452149853199096,standard,359,2131579640,False,38.5,False,27.936241610738254,20.80536912751678,39.177852348993284,50.041946308724825,50.041946308724825,50.041946308724825,2,SVAG,-8,UPPTREND,False,3,0.42857142857142855,LÅG,EJ AKTUELL,-1.5
SPGI,S&P Global Inc.,Financial Services,Financial Data & Stock Exchanges,United States,USD,133448638916.01562,10.867993999999998,9.3574595,1.9012,1.4571456999999999,8.483703,9.572,10.32275,0.0044224930000000065,0.049630003,0.04884996999999999,0.06815250999999994,0.25264,0.039999999999999994,0.192,0.28,-28.628999999999998,-1.017,0.568,4482437376.0,1810000000.0,13900000256.0,150570647552.0,61200000000.0,,15336000000.0,,,6177000000.0,,4471000000.0,5651000000.0,0.85,0.24350001,3.88,0.82,0.917692,1787702400.0,1.079,543.267267658023,359.35744175720276,450.8399963378906,515.31323,1.33333,16.0,1.42,0.0116,0.0027599998,0.90789,False,False,,0.421,2273804.0,1830180.0,0.66691947538252,9.99,9.35,-12.15,,-0.17013222924064275,0.3021270184190166,77.40883478843733,0.11590670049871554,0.03717321729427381,True,0.7889997777688775,,0.713,US,True,True,68.26614122098947,71.92625701150016,47.42385425562198,65.47145486599864,30.58018720362972,34.183673469387756,66.65268456375838,81.1623246492986,50.0,91.8738049713193,42.1,60.32136003011133,standard,149,825118344,False,50.6,False,83.13758389261746,33.7248322147651,14.76510067114094,50.041946308724825,50.041946308724825,50.041946308724825,4,NEUTRAL,0,UPPTREND,False,4,0.5714285714285714,MEDEL,VÄNTA,0.6
FORTUM.HE,Fortum Oyj,Utilities,Utilities - Renewable,Finland,EUR,17842104091.89254,3.7200599999999984,4.965632000000001,13.9,0.0735847300000001,3.341844,3.635,0.2947500000000014,-0.008064999999999996,0.002179997999999999,0.05797999850000001,0.06940249999999999,-0.01749999999999996,0.134,0.1,0.16,-87.99950000000001,1.009,1.619,440249984.0,2523000064.0,4009999872.0,19409104896.0,16444000000.0,,4989000000.0,,,924000000.0,,765000000.0,840000000.0,3.78,0.8043,0.74,6.73,0.74,1775001600.0,0.094,22.920000076293945,13.912978761743922,19.885000228881836,17.70556,3.83333,18.0,,,0.5295,0.22431,False,False,,0.5,755694.0,796712.0,0.8984169380440555,-0.5,-9.24,6.17,,-0.13241709586865125,0.29873559151684276,49.027643452216175,-0.01708302569410136,0.036292216875557726,True,0.5448746842679489,,0.197,Nordic,True,True,81.29174550217753,58.18317639548053,44.34955878166809,51.73896243619291,78.09077971488574,71.5986394557823,66.65268456375838,74.9498997995992,50.0,,50.0,60.24700126655122,standard,152,18132789,False,59.4,False,78.02013422818791,71.97986577181209,44.12751677852349,50.041946308724825,50.041946308724825,50.041946308724825,5,NEUTRAL,0,VARNING,False,3,0.42857142857142855,LÅG,VÄNTA,4.9
ATCO-A.ST,Atlas Copco AB (publ),Industrials,Specialty Industrial Machinery,Sweden,SEK,648619091978.0,9.104968499999998,11.1809495,2.8881,4.167573474999999,5.613154,5.739,4.7085,0.10173999,0.052160000000000005,0.088645,0.101232497,0.0,0.022499999999999992,0.0,0.082,-23.939,-0.25649999999999995,0.864,25106875776.0,14709000192.0,35858001920.0,975155494912.0,202454000000.0,,168343000000.0,,,34811000000.0,,26420000000.0,32566000000.0,1.54,0.5495,3.0,1.54,2.5,1792368000.0,1.072,200.0,139.96713196756255,195.5,204.38095,1.95238,21.0,,,0.00029,0.69133,False,False,,0.5,4294555.0,4087782.0,1.1887021167020377,1.06,8.14,5.49,,-0.022499999999999964,0.2938503100111347,54.411762675165576,0.05659684009435928,0.12307689195221783,False,0.758218265563319,,0.12,Nordic,True,True,73.43631396871956,74.39718531430853,69.5417022487902,39.35823440666503,41.83455040038657,18.622448979591837,66.65268456375838,77.45490981963928,50.0,,50.0,60.200643577077315,standard,153,82856897,False,50.6,False,85.98993288590604,18.37248322147651,25.671140939597315,50.041946308724825,50.041946308724825,50.041946308724825,5,NEUTRAL,0,UPPTREND,False,4,0.5714285714285714,MEDEL,VÄNTA,9.4
KLAC,KLA Corporation,Technology,Semiconductor Equipment & Materials,United States,USD,277910050927.5,29.913062000000004,22.023795999999997,2.269,42.2967113,21.219917,21.311,31.045749999999998,0.8030474599999999,0.14921,0.249849982,0.267512505,0.1624,-0.027999999999999983,-0.098,0.103,55.540000000000006,1.3444999999999998,1.963,2073749504.0,4957938176.0,6145359872.0,279097475072.0,16067926000.0,,12156162000.0,,,5014227000.0,,4061643000.0,4081903000.0,0.42,0.2152,0.92,0.93,0.23,1779062400.0,1.407,307.3699951171875,82.87101147093313,212.75,232.42857,1.96552,28.0,2.34,0.0294,0.00085,0.94637,False,False,,0.323,12497674.0,12105750.0,0.8564786949620811,-10.36,22.79,48.69,,-0.307837448743534,0.5785400818005928,40.473535269094455,-0.022164601642166937,0.34910604975261617,False,0.18702408247958272,,0.877,US,True,True,43.789422420259505,90.99165461885912,68.80159407913465,49.946410921010695,38.479111024570685,25.0,66.65268456375838,56.01202404809619,50.0,66.1567877629063,32.300000000000004,60.19332358434085,standard,154,2575498312,False,42.6,False,64.09395973154362,24.664429530201343,2.5587248322147653,50.041946308724825,50.041946308724825,50.041946308724825,4,NEUTRAL,0,VARNING,False,3,0.42857142857142855,LÅG,VÄNTA,6.6
SOBI.ST,Swedish Orphan Biovitrum AB (publ),Healthcare,Drug Manufacturers - Specialty & Generic,Sweden,SEK,160376677949.46875,93.688304,13.819085000000001,0.3371,0.7269927999999997,5.5609736,6.141,-0.20299999999999851,-0.10451000199999999,0.008729998499999992,-0.051425003000000004,0.10446,0.36491,0.031,0.3785,0.506,6.457249999999999,-1.4697500000000001,0.471,3261624960.0,940000000.0,19061000192.0,177838309376.0,67434000000.0,,28238000000.0,,,922000000.0,,478000000.0,8565000000.0,,0.0,,,,,0.288,487.0,261.20001220703125,461.79998779296875,486.66666,1.76923,12.0,,,0.10054,0.74694,False,False,,0.5,446914.0,457036.0,1.2832690773382855,4.86,11.71,35.82,,-0.051745404942569295,0.283392738450119,49.44750112017225,0.025028602896764562,0.21530470061800688,False,0.3486812381401691,,0.65,Nordic,True,True,,54.50468620690028,80.84258468545403,66.07810277838439,59.332603266009755,31.377551020408163,11.703020134228188,70.84168336673346,50.0,,50.0,68.16529218744657,standard,36,21882579,False,50.1,False,75.83892617449665,30.956375838926174,26.25838926174497,50.041946308724825,50.041946308724825,50.041946308724825,8,STARK,8,UPPTREND,False,2,0.2857142857142857,LÅG,OK,17.4
9999.HK,"NetEase, Inc.",Communication Services,Electronic Gaming & Multimedia,China,HKD,649213708716.2427,4.5915765,1.5494270000000014,1.4325,1.4721029,5.6755133,4.312,2.7955000000000005,0.07157001,0.07360999950000001,0.15335000499999998,0.21780999999999998,0.29896500000000004,0.0,-0.03899999999999999,0.036,-26.999000000000002,2.1005000000000003,3.089,24916981760.0,170903830528.0,10955459584.0,493258211328.0,221415060000.0,,112625807000.0,,,35834867000.0,,33759800000.0,50739800000.0,2.23,0.3966,4.51,1.92,0.144,1780531200.0,0.79,247.3736598862898,168.6753483990376,202.8000030517578,249.69656,1.34783,20.0,,,0.43930998,0.26561,False,False,,0.5,8724649.0,13772418.0,1.025246377900161,3.68,14.21,-7.46,,-0.18018756263306757,0.33746381867419734,64.03670397744946,0.05129389457400957,0.004348039570708284,False,0.5816644307081044,,0.506,Asia,True,True,86.22988994749275,85.24230967737655,51.66524338172502,43.53328614223166,61.90833491237683,18.537414965986397,66.65268456375838,91.18236472945893,50.0,,50.0,60.15957872428764,standard,155,356269526,False,50.5,False,85.73825503355704,18.288590604026847,25.16778523489933,50.041946308724825,50.041946308724825,50.041946308724825,5,NEUTRAL,0,UPPTREND,False,4,0.5714285714285714,MEDEL,VÄNTA,5.3
EAT,"Brinker International, Inc.",Consumer Cyclical,Restaurants,United States,USD,8120803298.266296,-9.093524750000002,-1.3561189999999996,1.3522,16.468631075,1.4163781,1.711,-3.4974999999999987,1.24362,0.07466000300000003,-0.0033699950000000006,0.003459999999999991,-0.26612,-0.040999999999999995,0.013999999999999999,0.074,351.74999999999994,-0.9684999999999999,0.228,-490650016.0,57100000.0,1748000000.0,9811702784.0,2678600000.0,,5384200000.0,,,553800000.0,,383100000.0,679000000.0,,0.0,,3.47,0.38,1583366400.0,1.249,192.1999969482422,100.30000305175781,189.35000610351562,185.45,1.66667,20.0,5.8,0.1737,0.0117,1.14842,False,False,,0.782,1139848.0,1014920.0,0.7228013536115757,23.31,25.32,14.39,,-0.014828256451502653,0.47702152887002264,67.09997610983525,0.21734672122172838,0.29952133768234823,True,0.9191495721069388,,0.895,US,True,True,,60.702238120072636,84.41502988898378,52.47114512432931,13.321047015187998,83.50340136054422,11.703020134228188,21.8436873747495,50.0,9.369024856596559,78.2,52.095242622319674,standard,371,192175108,False,52.9,False,27.936241610738254,83.7248322147651,72.31543624161074,50.041946308724825,50.041946308724825,50.041946308724825,2,SVAG,-8,UPPTREND,False,2,0.2857142857142857,LÅG,EJ AKTUELL,-1.5
WM,"Waste Management, Inc.",Industrials,Waste Management,United States,USD,96101092230.71045,3.8225495000000045,5.960676499999998,2.466,5.373810575,3.781572,4.676,-1.3500000000000005,0.14599999000000002,0.011130008000000004,0.005910012999999999,0.03899749699999999,-0.046009999999999995,-0.0335,0.053000000000000005,0.135,152.245,-0.44999999999999984,0.801,1320312448.0,158000000.0,22890999808.0,118835093504.0,45835000000.0,,25204000000.0,,,4607000000.0,,2708000000.0,6043000000.0,1.48,0.49490002,3.54,1.49,0.945,1780617600.0,0.448,247.14999389648438,191.7655110993001,239.30999755859375,256.24,1.75,25.0,2.57,0.0159,0.00248,0.86123,False,False,,0.704,2181225.0,1703550.0,0.9736947727774947,9.48,7.26,10.29,,-0.03172161250861416,0.20087173686152532,64.75374215985978,0.0794568141474179,0.08352469338773627,True,0.8364192691861672,,0.511,US,True,True,,62.17455101884359,70.3956732137774,47.21858775617112,51.693332315514404,39.7108843537415,66.65268456375838,62.124248496993985,50.0,85.46845124282983,70.39999999999999,60.07996070454739,standard,156,407676546,False,51.8,False,69.96644295302013,39.177852348993284,39.09395973154363,50.041946308724825,50.041946308724825,50.041946308724825,4,NEUTRAL,0,UPPTREND,False,3,0.42857142857142855,LÅG,VÄNTA,10.6
SAN.MC,"Banco Santander, S.A.",Financial Services,Banks - Diversified,Spain,EUR,169012083642.30698,-0.23015000000000008,-1.7082584999999995,3.8523,0.03076549999999978,3.5676126,5.55,,0.002847497999999983,0.0029500003999999996,0.12626496300000004,0.08915751,-0.37562,-0.018000000000000002,0.541,0.603,,,,,307914997760.0,392526004224.0,262930972672.0,1867515000000.0,,60023000000.0,,,,,14101000000.0,-14835000000.0,2.09,0.2545,0.25,3.17,0.125,1777507200.0,0.934,12.593999862670898,6.987853763312263,11.814000129699707,12.7895,1.65,20.0,,,0.01568,0.40422,False,False,,0.5,23916714.0,18336570.0,1.1802771838121697,-0.59,11.16,13.94,67.57,-0.061934233879352374,0.30198576242337755,47.204296664701204,0.048813231154452685,0.17248866370947535,False,0.21705129059961667,,0.672,Europe,True,True,,54.59337979479121,76.71215302532926,63.67184065086215,49.426397684296916,30.52721088435374,66.65268456375838,,50.0,,50.0,52.03825231724261,standard,373,247943498,False,40.2,False,27.936241610738254,30.11744966442953,41.52684563758389,50.041946308724825,50.041946308724825,50.041946308724825,2,SVAG,-8,UPPTREND,False,3,0.42857142857142855,LÅG,EJ AKTUELL,0.9
FPH.NZ,Fisher & Paykel Healthcare Corporation Limited,Healthcare,Medical Instruments & Supplies,New Zealand,NZD,23450450308.596382,21.559193999999998,20.544766999999997,43.64,7.279887,10.158746,10.016,16.5245,0.10814001000000001,0.08599000149999998,0.08368999999999999,0.09395500000000001,0.18479,0.06000000000000001,0.025499999999999995,0.141,-52.39375,0.28474999999999995,1.615,-417024992.0,461100000.0,146100000.0,23121387520.0,2853600000.0,,2308400000.0,,,477800000.0,,468500000.0,,1.3,0.5422,0.52,1.47,0.33,1782086400.0,0.892,41.04394215457752,31.88340762441554,39.93000030517578,39.71364,,11.0,,,0.036510002,0.37802,False,False,,0.5,525454.0,339039.0,0.6381680389207307,3.67,4.42,1.99,,-0.02714022559544771,0.2611536349845119,61.562486775230475,0.07228615455368015,0.0680561795524004,False,0.6943320023433396,,0.5,US,True,True,32.81725462097379,80.60661553966514,64.00512382578992,52.630799557174434,59.886494363503495,66.83673469387756,66.65268456375838,35.07014028056113,50.0,,50.0,59.848832428975484,standard,159,13537827,False,41.3,False,27.936241610738254,67.28187919463086,11.661073825503356,50.041946308724825,50.041946308724825,50.041946308724825,4,NEUTRAL,0,UPPTREND,False,3,0.42857142857142855,LÅG,VÄNTA,5.4
ISP.MI,Intesa Sanpaolo S.p.A.,Financial Services,Banks - Regional,Italy,EUR,110534413040.55424,-2.0218170000000004,-1.4836635000000005,1.8847,0.002403499999999781,4.299946,8.525,,0.01405749799999998,0.005159999999999998,0.15355498299999995,0.33028754,-0.37562,-0.0040000000000000036,-0.066,0.056,,,,,86656000000.0,196448993280.0,219139735552.0,959887000000.0,,28529000000.0,,,,,9321000000.0,8235000000.0,5.94,0.661,0.38,6.08,0.19,1779062400.0,0.837,6.392000198364258,4.558400408420096,6.2820000648498535,6.85133,1.66667,15.0,,,0.05559,0.38437,False,False,,0.5,55208429.0,47610018.0,1.3779825313643064,2.11,12.04,10.14,36.43,-0.017209031617763992,0.24759409213501088,70.62633498870215,0.06408478400263995,0.13378906623111408,True,0.7059541164390027,,0.702,Europe,True,True,,60.47492192484674,75.48143592475654,47.301692953795076,62.73309525657946,37.41496598639456,66.65268456375838,,50.0,,50.0,51.84203435681766,standard,378,342321309,False,40.2,False,27.936241610738254,36.91275167785235,34.73154362416108,50.041946308724825,50.041946308724825,50.041946308724825,2,SVAG,-8,UPPTREND,False,4,0.5714285714285714,MEDEL,EJ AKTUELL,-3.7
CFR.SW,Compagnie Financière Richemont SA,Consumer Cyclical,Luxury Goods,Switzerland,CHF,103738160053.60564,13.70208325,10.020152,2.7289,2.8412086749999994,5.0926847,4.933,7.137000000000002,0.010014994999999971,0.017070004000000007,0.11133499300000001,0.11489500000000001,0.26826999999999995,-0.030999999999999993,-0.379,-0.271,-17.694999999999993,1.8504999999999998,2.027,2001069312.0,17234999296.0,13514999808.0,110601682944.0,42623000000.0,,22420000000.0,,,4635000000.0,,3484000000.0,4880000000.0,1.67,0.5459,3.3,1.82,4.3,1789516800.0,1.063,197.39999389648438,125.46450898117243,194.1999969482422,201.91068,1.88462,26.0,,,0.0058399998,0.51953,False,False,,0.5,993596.0,885117.0,1.0176110240768332,4.94,26.68,13.87,,-0.0162107246564569,0.2989797186598577,55.16827782760119,0.11786510613825363,0.20495381269292778,True,0.9253376817220117,,0.5,Europe,True,True,64.40669047592391,73.52400103880655,84.01651010532308,23.47333408482043,59.18832998667575,38.435374149659864,66.65268456375838,70.54108216432866,50.0,,50.0,59.693132075064526,standard,162,213014242,False,51.3,False,75.0,37.919463087248324,29.194630872483224,50.041946308724825,50.041946308724825,50.041946308724825,5,NEUTRAL,0,UPPTREND,False,4,0.5714285714285714,MEDEL,VÄNTA,5.9
0005.HK,HSBC Holdings plc,Financial Services,Banks - Diversified,United Kingdom,HKD,2690553966670.1353,8.041339499999998,2.8396784999999998,0.9891,0.9390242,42.188885,36.129,,0.0034924980000000036,0.007339999999999996,0.07122499200000001,0.12317750999999993,-0.357915,-0.031,-0.10700000000000001,0.003,,,,,1162820976640.0,773452988416.0,2304114688000.0,3233034000000.0,,71020000000.0,,,,,22285000000.0,29766000000.0,3.74,0.6191,5.86,5.07,0.783188,1778716800.0,0.565,158.39999389648438,89.94195767662552,156.89999389648438,164.68945,1.63636,9.0,,,0.00198,0.52727,False,False,,0.5,14709884.0,12127809.0,1.2244457333743177,7.47,11.58,30.39,,-0.009469697334586136,0.2705758813948319,81.50685862095995,0.07490490043977083,0.2442595172361981,True,0.9558157565857315,,1.0,Asia,True,True,,54.974920187843466,84.48619413606603,49.93652487268099,68.59370205655432,12.585034013605442,66.65268456375838,,50.0,,50.0,51.66643146693895,standard,383,242720132,False,31.7,False,27.936241610738254,12.416107382550337,2.5587248322147653,50.041946308724825,50.041946308724825,50.041946308724825,1,SVAG,-8,UPPTREND,False,3,0.42857142857142855,LÅG,EJ AKTUELL,1.3
HIG,"The Hartford Insurance Group, Inc.",Financial Services,Insurance - Diversified,United States,USD,38449587307.35443,-8.418572,-2.6833525,0.12,-0.7457485000000004,1.3354725,1.346,-1.78125,0.09237251299999999,0.019280002999999997,-0.11368001000000003,-0.22170749,-0.07034000000000001,-0.0030000000000000027,0.28099999999999997,0.359,-43.870000000000005,0.0980000000000002,1.062,4786812672.0,4393999872.0,4373000192.0,38762590208.0,85997000000.0,,28071000000.0,,,,,3836000000.0,5922000000.0,1.76,0.1576,2.4,1.93,0.6,1788220800.0,0.468,143.20528921057172,118.72968972224956,140.25999450683594,148.95,2.30435,20.0,0.03,0.0002,0.0035299999,0.96628,False,False,,0.846,1730569.0,1512870.0,1.0752712560708342,7.05,1.91,7.28,,-0.020566940788094512,0.1932937050666246,63.09083155115429,0.05657125493752746,0.052190611921855146,True,0.8209323064254378,,0.838,US,True,True,,41.95622597698928,65.67036720751494,66.29713402545553,75.04080368478522,57.82312925170068,66.65268456375838,97.59519038076152,50.0,98.08795411089865,94.6,59.6127299583974,standard,163,212195138,False,66.7,False,97.5251677852349,58.38926174496645,73.8255033557047,50.041946308724825,50.041946308724825,50.041946308724825,5,NEUTRAL,0,UPPTREND,False,4,0.5714285714285714,MEDEL,VÄNTA,2.9
VACN.SW,VAT Group AG,Industrials,Specialty Industrial Machinery,Switzerland,CHF,19963966467.007202,66.6773825,25.9306105,3.5716,22.171405875,18.596804,18.697,52.99749999999999,0.13262498499999997,0.08327000000000001,0.135625006,0.117042487,0.23454999999999998,-0.021500000000000005,-0.157,-0.077,-39.744,0.04800000000000004,0.745,-453292432.0,140983008.0,248282000.0,20071264256.0,1262878000.0,,1073516000.0,,,261817000.0,,214280000.0,299172000.0,1.01,0.8754,7.0,1.65,7.0,1777507200.0,1.57,727.2000122070312,254.3879610883726,666.2000122070312,667.7778,2.27778,18.0,,,0.100889996,0.45798,False,False,,0.5,78041.0,67216.0,1.0979539457160845,-3.14,20.85,33.96,,-0.08388338693073827,0.44913850520749754,45.61069652574323,0.03065672181189183,0.3525708011582267,False,0.243180341361115,,0.5,Europe,True,True,25.729167832872445,84.24775717115514,81.78195274693995,31.17982328693065,29.9949861693992,69.89795918367348,66.65268456375838,32.765531062124246,50.0,,50.0,51.57333336219195,standard,386,55492724,False,40.4,False,27.936241610738254,70.30201342281879,2.5587248322147653,50.041946308724825,50.041946308724825,50.041946308724825,3,SVAG,-8,UPPTREND,False,3,0.42857142857142855,LÅG,EJ AKTUELL,1.9
OMF,"OneMain Holdings, Inc.",Financial Services,Credit Services,United States,USD,6966516317.456879,-8.909464999999999,-5.7943574999999985,0.75,-0.7591224000000003,2.2916172,9.384,,0.104172503,0.010450002999999996,0.007069989999999998,-0.000917489999999993,0.48182002999999995,0.026999999999999996,-0.049,0.061,596.171,,,,834000000.0,22396000256.0,28528517120.0,27388000000.0,,4970000000.0,,,,,783000000.0,3132000000.0,6.86,0.62299997,4.2,8.75,1.05,1778457600.0,1.184,69.28119626938894,44.92300197881704,60.29999923706055,68.21429,1.9375,14.0,5.28,0.0504,0.0023100001,0.93106,False,False,,0.762,1116422.0,1154160.0,0.8000753012048193,4.38,6.59,-5.29,,-0.1296339774129539,0.294577641783566,49.46646585236078,0.06419736921197661,0.05132109210834801,False,0.6317768704719441,,0.982,US,True,True,,68.4681450655219,51.5513805863934,58.61622406856825,29.45886914085425,85.79931972789116,66.65268456375838,,50.0,46.08030592734226,76.2,51.571655224143264,standard,387,69595847,False,51.1,False,27.936241610738254,85.98993288590604,58.22147651006711,50.041946308724825,50.041946308724825,50.041946308724825,2,SVAG,-8,UPPTREND,False,2,0.2857142857142857,LÅG,EJ AKTUELL,-3.8
UBSG.SW,UBS Group AG,Financial Services,Banks - Diversified,Switzerland,CHF,139437834677.48026,5.507012999999999,1.211313500000001,0.9613,0.23459109999999983,2.7175035,3.472,,-0.024412502000000023,0.0008599999999999997,-0.037085017000000026,-0.028702470000000035,-0.37562,0.07400000000000001,0.711,0.797,,,,,528411983872.0,574302978048.0,178166136832.0,1617427000000.0,,47295000000.0,,,,,7767000000.0,21851000000.0,1.99,0.32259998,0.86,2.38,1.1,1776729600.0,0.827,44.439998626708984,27.338708022602827,42.540000915527344,41.84059,2.47059,17.0,,,0.00064000004,0.55854,False,False,,0.5,6142408.0,5170541.0,1.006908550662846,3.6,30.67,15.38,,-0.04275422524517625,0.23306237025568877,66.75392866219522,0.08831913911195644,0.26397286390137586,True,0.7004451996760869,,1.0,Europe,True,True,,33.32360910170223,82.7355536578423,83.44140429276742,65.42783575661458,33.58843537414966,66.65268456375838,,50.0,,50.0,51.5659734974075,standard,388,272578892,False,42.4,False,27.936241610738254,33.13758389261745,52.60067114093959,50.041946308724825,50.041946308724825,50.041946308724825,2,SVAG,-8,UPPTREND,False,4,0.5714285714285714,MEDEL,EJ AKTUELL,-1.0
ISS.CO,ISS A/S,Industrials,Specialty Business Services,Denmark,DKK,45201383889.09192,-7.9208815,-6.381723500000001,,1.1170678749999996,0.5337654,0.717,-4.4685,0.07750999000000003,-0.004340000000000004,-0.037265002,-0.05008749999999999,0.49345,-0.0685,-0.079,-0.076,85.439,-0.7995,0.692,1763374976.0,1864000000.0,15077000192.0,60695691264.0,45601000000.0,,84684000000.0,,,4073000000.0,,2603000000.0,3989000000.0,1.13,0.2013,3.2,3.4,3.2,1776384000.0,0.845,290.6000061035156,179.70984445936452,289.3999938964844,297.16666,1.75,12.0,,,0.0,0.53787,False,False,,0.5,322036.0,229487.0,1.309800488695083,9.62,20.38,27.72,,-0.00412942939376193,0.2254767425162961,74.75728514911769,0.0770215340705811,0.24785424980398907,False,0.8163004280036602,,0.5,Nordic,True,True,,55.70459895117384,89.12610304582978,29.315979238771313,42.53035701874192,54.506802721088434,66.65268456375838,80.26052104208416,50.0,,50.0,51.50130184045719,standard,390,10165078,False,66.2,False,86.24161073825503,55.11744966442953,92.28187919463086,50.041946308724825,50.041946308724825,50.041946308724825,3,SVAG,-8,UPPTREND,False,2,0.2857142857142857,LÅG,EJ AKTUELL,3.3
7167.T,"Mebuki Financial Group,Inc.",Financial Services,Banks - Regional,Japan,JPY,1339314384679.0,4.7532865,20.9421525,,0.24007160000000005,3.897389,1.412,,-0.011292496999999992,-0.0008399997000000103,0.03943497699999998,0.048087509999999944,-0.29507499000000004,0.027999999999999997,1.11,1.138,,,,,2456853938176.0,1602583003136.0,485079089152.0,21173586000000.0,,341887000000.0,,,,,84163000000.0,-1119492000000.0,2.8,0.3145,40.0,2.91,20.0,1790640000.0,0.137,1585.5,756.3941616038038,1427.0,1538.0,2.2,5.0,,,0.05113,0.40418,False,False,,0.5,2670580.0,3141420.0,1.3057078824870176,-0.87,5.39,28.13,,-0.09996846420687477,0.32705004734023013,52.32,0.009757926988911647,0.20677568185542716,False,0.3115681625468061,,1.0,Japan,True,True,,47.37794522070152,69.86905778536864,82.73187977671424,71.86649956931767,15.98639455782313,66.65268456375838,,50.0,,50.0,51.50130176767733,standard,391,27611479,False,37.6,False,27.936241610738254,15.771812080536913,37.919463087248324,50.041946308724825,50.041946308724825,50.041946308724825,2,SVAG,-8,UPPTREND,False,4,0.5714285714285714,MEDEL,EJ AKTUELL,5.1
BOOZT.ST,Boozt AB (publ),Consumer Cyclical,Apparel Retail,Denmark,SEK,9274873673.596283,11.722984250000001,10.858725,,0.4588102749999994,1.1178588,1.184,0.631000000000002,-0.039989999999999984,-0.01714999999999999,-0.011085003000000003,-0.066245,-0.13068999999999997,-0.06699999999999999,1.67,1.5,-34.099999999999994,-0.06299999999999994,0.191,0.0,239000000.0,713000000.0,9821848576.0,5704000000.0,,8287000000.0,,,448000000.0,,301000000.0,1032000000.0,,0.0,,,,,1.786,160.10000610351562,80.5,157.60000610351562,154.0,1.4,5.0,,,0.08212,0.43091,False,False,,0.5,179163.0,130910.0,0.44805564726521785,18.32,44.32,52.42,,-0.015615239879401277,0.38106102095141653,77.10844868585905,0.16124852741516338,0.4412141137519241,True,0.881989060503812,,0.236,Nordic,True,True,61.00533469172983,31.16301062060392,94.87617421007685,53.12433228783472,30.193748710680598,81.54761904761905,11.703020134228188,47.64529058116233,50.0,,50.0,59.473000032205476,standard,164,2139061,False,53.5,False,27.936241610738254,81.79530201342283,78.10402684563759,50.041946308724825,50.041946308724825,50.041946308724825,4,NEUTRAL,0,UPPTREND,False,2,0.2857142857142857,LÅG,VÄNTA,0.8
PKO.WA,Powszechna Kasa Oszczednosci Bank Polski Spólka Akcyjna,Financial Services,Banks - Regional,Poland,PLN,133500003814.69727,-1.2365450000000013,1.0221175000000002,1.45,0.6398705999999996,4.5769334,5.077,,0.06027749799999999,0.014269999999999998,0.15331498299999993,0.25108751,-0.37562,-0.061,-0.112,0.021,,,,,24504000512.0,39096999936.0,148081000448.0,583079000000.0,,31050000000.0,,,,,10682000000.0,11852000000.0,5.69,0.638,6.14,3.87,6.14,1785801600.0,0.647,113.0199966430664,67.77999877929688,106.80000305175781,108.11867,1.86667,15.0,,,0.31393,0.36477003,False,False,,0.5,2194576.0,2754232.0,1.2591975453372333,1.23,4.71,23.18,,-0.055034452097465936,0.2927750532280776,59.62596647429506,0.03720741777488157,0.19150620113072203,False,0.5487177391231626,,0.903,Europe,True,True,,64.29500240264494,72.63023057216054,44.048408478986005,61.330919294198544,34.09863945578231,66.65268456375838,,50.0,,50.0,51.42967708318047,standard,393,294151986,False,39.4,False,27.936241610738254,33.64093959731543,32.29865771812081,50.041946308724825,50.041946308724825,50.041946308724825,2,SVAG,-8,UPPTREND,False,4,0.5714285714285714,MEDEL,EJ AKTUELL,-3.6
TXT.WA,Text S.A.,Technology,Software - Application,Poland,PLN,1275140011.7874146,-16.804752,,,7.337350599999999,3.8749456,3.684,-6.901750000000001,0.8088124649999999,0.326559997,0.287624995,0.27123750500000005,0.29997,-0.245,-0.438,-0.225,,-0.2995000000000001,1.264,-500531184.0,62780000.0,0.0,1212359936.0,195923000.0,,329073000.0,,,127731000.0,,116608000.0,161552000.0,14.09,1.2251999,7.15,7.51,2.13,1784592000.0,0.321,57.23767786026001,35.5,49.52000045776367,64.72,1.6,5.0,,,0.41265,0.20996,False,False,,0.5,43919.0,95422.0,0.8572646506178084,17.9,18.47,21.43,,-0.13483561337583017,0.31077855610832195,76.91175150624376,0.147890593301631,0.18320829769442915,True,0.7168951734257328,,0.5,Europe,True,True,,94.62696502818214,72.98605180757188,15.448092477572452,56.08912109574835,96.25850340136054,28.355704697986578,1.0521042084168337,50.0,,50.0,51.39176098106887,standard,395,4725297,False,49.9,False,27.936241610738254,97.5251677852349,38.25503355704698,50.041946308724825,50.041946308724825,50.041946308724825,2,SVAG,-8,UPPTREND,False,2,0.2857142857142857,LÅG,EJ AKTUELL,-8.4
NSC,Norfolk Southern Corporation,Industrials,Railroads,United States,USD,76397896202.6478,-2.7777804999999987,4.529438499999998,4.932,0.6012950750000003,6.2698317,7.607,-0.26899999999999924,0.02278999000000001,0.004050003000000003,0.11509001299999999,0.186347497,0.006449999999999956,-0.0665,-0.34600000000000003,-0.271,35.423,-0.47699999999999987,0.739,482312448.0,1340999936.0,17635000320.0,92691898368.0,45236000000.0,,12180000000.0,,,4571000000.0,,2873000000.0,4361000000.0,1.6,0.45490003,5.4,2.04,1.35,1778198400.0,1.263,342.5299987792969,264.62727961173806,340.1600036621094,341.72223,2.66667,18.0,7.59,0.038,0.00045000002,0.77994,False,False,,0.244,1121688.0,878520.0,1.1034921902100827,9.44,12.89,19.82,,-0.00691908774598915,0.19834464542443378,82.8331453919183,0.08030903950368229,0.1408878831899747,True,0.9714597935639625,,0.751,US,True,True,,67.55461244399521,82.60745801309423,29.282879450573844,46.93702928879836,44.642857142857146,66.65268456375838,53.0060120240481,50.0,56.50095602294455,24.4,51.326189196244286,standard,398,298837366,False,48.1,False,62.91946308724832,44.04362416107382,21.812080536912752,50.041946308724825,50.041946308724825,50.041946308724825,3,SVAG,-8,UPPTREND,False,3,0.42857142857142855,LÅG,EJ AKTUELL,0.7
IBE.MC,"Iberdrola, S.A.",Utilities,Utilities - Diversified,Spain,EUR,139718750000.0,8.479286,4.1964939999999995,3.472,1.4496578299999998,3.2111356,4.867,3.7467499999999996,0.010899994999999975,0.016939998,0.0455599945,0.023472499999999993,0.16345000000000004,-0.124,-0.246,-0.146,-55.01950000000001,0.015499999999999958,0.535,,4872000000.0,59747000320.0,211763216384.0,160762000000.0,,44076000000.0,,,10677000000.0,,6285000000.0,11635000000.0,3.24,0.828,0.68,4.08,0.427,1783296000.0,0.568,21.646720576356632,14.596965154945352,21.25,20.39045,2.52174,22.0,,,0.00244,0.45226002,False,False,,0.5,11943019.0,11354127.0,0.8021137399264119,4.01,9.11,16.69,38.25,-0.018327052125851617,0.15045404726777806,46.95409097910188,0.057145715676809594,0.136885125578309,False,0.721037081783645,,0.924,Europe,True,True,,64.69254963455415,77.5013906407916,33.98951465424609,72.80964254557504,33.41836734693878,66.65268456375838,,50.0,,50.0,51.27624369451917,standard,400,276153361,False,41.2,False,27.936241610738254,32.969798657718115,45.218120805369125,50.041946308724825,50.041946308724825,50.041946308724825,2,SVAG,-8,UPPTREND,False,4,0.5714285714285714,MEDEL,EJ AKTUELL,-3.3
CHD,"Church & Dwight Co., Inc.",Consumer Defensive,Household & Personal Products,United States,USD,23237058975.83055,6.8156857500000045,7.776097500000002,3.0395,1.64370255,3.744651,4.047,5.3415,-0.007202500000000001,0.015372513999999993,0.033055007000000004,0.07449998999999999,0.002640019999999965,-0.033999999999999996,-0.042,-0.017,-49.964,0.1595000000000001,0.764,312387456.0,503400000.0,2377400064.0,25111058432.0,8912400000.0,,6203200000.0,,,1077600000.0,,736800000.0,1215400000.0,1.24,0.3923,1.23,1.16,0.308,1778803200.0,0.467,105.69493513987881,80.53498983463383,98.06999969482422,102.94737,2.2381,19.0,4.7,0.0494,0.00196,0.94338,False,False,,0.696,2004914.0,1669660.0,0.8736870237861116,-0.36,4.07,9.47,,-0.07214097283813647,0.22845815471394904,45.885555841513266,0.01826702568233518,0.0643283687189129,True,0.6449668167084284,,0.911,US,True,True,62.583770893742795,60.36849942833728,62.61030458297751,47.59689083771876,72.51734114391542,67.43197278911565,66.65268456375838,63.62725450901804,50.0,46.845124282982795,69.6,59.27154486655859,standard,166,163743556,False,56.1,False,69.63087248322147,67.86912751677853,39.68120805369127,50.041946308724825,50.041946308724825,50.041946308724825,4,NEUTRAL,0,UPPTREND,False,5,0.7142857142857143,HÖG,VÄNTA,1.9
SLM,SLM Corporation,Financial Services,Credit Services,United States,USD,4778946522.077007,-10.914028400000001,-5.309486,0.51,-0.6383419000000004,2.8694935,3.6,,0.17432250300000002,0.006110002999999996,0.19451999,0.32592245999999997,0.54794,-0.039,-0.033,0.011,186.06,-0.3929999999999999,1.279,,5203270144.0,6169181184.0,5995668992.0,29746295000.0,,1984393000.0,,,,,744847000.0,-398581000.0,2.03,0.1444,0.52,2.01,0.13,1780531200.0,0.955,32.79660021753709,17.54623391365214,25.34000015258789,28.63636,2.09091,11.0,6.43,0.12100001,0.01298,1.1286399,False,False,,0.786,2895698.0,3071990.0,0.6101057385523904,12.87,14.94,-5.09,,-0.22735893402030083,0.39123390330500185,48.971957352415835,0.09557293784532961,0.039859041552211094,False,0.6217542582092697,,0.464,US,True,True,,86.29678565264848,49.95730145175065,32.93010978869195,28.423513508833913,88.77551020408163,66.65268456375838,,50.0,17.590822179732314,78.60000000000001,51.266829816465766,standard,401,77844227,False,50.5,False,27.936241610738254,88.9261744966443,51.258389261744966,50.041946308724825,50.041946308724825,50.041946308724825,1,SVAG,-8,UPPTREND,False,2,0.2857142857142857,LÅG,EJ AKTUELL,-7.2
NDX1.DE,Nordex SE,Industrials,Specialty Industrial Machinery,Germany,EUR,9375398310.045776,3.0948105000000012,-1.824018500000001,1.5,4.0378335750000005,1.2166317,1.04,-3.5935000000000015,0.130285005,0.020200000000000003,-0.022425004000000005,-0.049167503,-0.10633999999999999,0.03749999999999999,6.253,5.769,-35.672999999999995,-0.15900000000000003,0.786,-3231808.0,1829081984.0,472779008.0,8012961792.0,6752008000.0,,7553549000.0,,,581174000.0,,274452000.0,1016287000.0,,0.0,,,,,1.176,51.70000076293945,19.110000610351562,39.58000183105469,47.93333,2.06667,15.0,,,0.47,0.39262,False,False,,0.5,626470.0,489250.0,1.6685744322830225,-12.78,-11.81,22.84,96.52,-0.23442937626749216,0.4816264333889146,32.920109396715475,-0.07857484888700694,0.0910284211299599,False,0.15308041898262684,,1.0,Europe,True,True,,51.79540824049129,57.843703726917326,88.44023813953119,29.2201967144086,81.4625850340136,11.703020134228188,46.59318637274549,50.0,,50.0,59.26277246637006,standard,167,22163804,False,53.2,False,27.936241610738254,81.71140939597315,76.25838926174497,50.041946308724825,50.041946308724825,50.041946308724825,4,NEUTRAL,0,VARNING,False,1,0.14285714285714285,LÅG,VÄNTA,10.5
ALV.DE,Allianz SE,Financial Services,Insurance - Diversified,Germany,EUR,160400161268.02032,0.0,1.6493075000000008,3.1308,0.8444103999999997,1.3888061,1.182,-0.026750000000000718,0.061047497999999985,0.006689999999999998,-0.11046501700000001,-0.1505525,-0.13220001,0.023999999999999994,0.391,0.523,,173.297,87.927,,27517999104.0,0.0,136506163200.0,1024276000000.0,,137450000000.0,,,,,10775000000.0,33209000000.0,4.08,0.49740002,17.1,4.8,17.1,1778198400.0,0.66,425.5,319.4020080566406,422.8999938964844,415.0072,2.29412,17.0,,,6.0000002e-05,0.42700002,False,False,,0.5,619075.0,443230.0,1.0722463291429538,5.72,13.63,16.63,28.0,-0.006110472628708896,0.18839268482917174,69.97166967375603,0.06819902474484563,0.15954827663276872,False,0.7761696184410678,,0.95,Europe,True,True,,37.398723316741254,79.29042063945974,74.88106298364441,84.41948675996046,31.292517006802722,66.65268456375838,,50.0,,50.0,51.260057027987706,standard,402,214538124,False,45.1,False,27.936241610738254,30.87248322147651,72.98657718120806,50.041946308724825,50.041946308724825,50.041946308724825,3,SVAG,-8,UPPTREND,False,4,0.5714285714285714,MEDEL,EJ AKTUELL,-6.4
ADC,Agree Realty Corporation,Real Estate,REIT - Retail,United States,USD,9742744251.952354,10.348204000000003,17.830411,0.13,-0.7512458,13.0271435,18.114,2.3210000000000015,-0.03066500000000001,-0.0032000000000000015,0.03280503000000001,0.10150499999999998,0.42438993999999997,0.1315,-0.0050000000000000044,0.32,-32.4195,-0.43799999999999994,0.273,-371553504.0,34882000.0,3718807040.0,13586673664.0,9797612000.0,,718398000.0,,,346881000.0,,204349000.0,504136000.0,3.97,1.68,3.2,4.21,0.267,1785456000.0,0.473,81.79000091552734,67.5830397965221,81.12000274658203,84.69444,1.85,18.0,0.02,0.0002,0.01808,1.2077401,False,False,,0.745,1143550.0,1065710.0,0.7842258570468295,8.93,3.87,14.57,,-0.008191687999090314,0.16702633232791925,70.28054122539885,0.07546337503658829,0.09866104546714327,True,0.9827307932418274,,0.523,US,True,True,44.74474087840485,63.317219680564634,73.78309137489326,61.39199764988462,65.12955740750544,81.12244897959184,28.355704697986578,30.561122244488974,50.0,98.08795411089865,74.5,51.250830645732506,standard,403,86450398,False,43.1,False,27.936241610738254,81.3758389261745,8.976510067114093,50.041946308724825,50.041946308724825,50.041946308724825,3,SVAG,-8,UPPTREND,False,4,0.5714285714285714,MEDEL,EJ AKTUELL,-6.6
2412.TW,"Chunghwa Telecom Co., Ltd.",Communication Services,Telecom Services,Taiwan,TWD,1070527623210.0,15.4722795,14.87876,1.69,0.7731264,4.455066,4.41,2.9955,-0.04984999999999999,0.020309999500000002,0.01735999499999999,0.022489979999999993,0.008774980000000043,0.013999999999999999,-0.03799999999999999,0.032,-23.806000000000004,0.4594999999999999,1.281,33482622976.0,65680625664.0,39751520256.0,1059719020544.0,535680000000.0,,234751000000.0,,,48661000000.0,,38705000000.0,77446000000.0,3.77,0.996,5.2,3.8,5.2,1783555200.0,0.105,141.52043979892144,123.7100359942462,138.0,134.8,3.0,5.0,,,0.41182,0.22419001,False,False,,0.5,15867811.0,23406373.0,1.9128667003295403,-1.48,4.25,8.18,,-0.02487583987107056,0.12080977242811676,56.68689699574879,0.02046688298835786,0.06096039977368628,False,0.7533356503389137,,0.553,Asia,True,True,80.40947817422554,53.6905737579613,67.81952746939938,46.082814885440136,87.5317262713151,16.921768707482993,66.65268456375838,83.26653306613227,50.0,,50.0,59.240817893286106,standard,168,99801615,False,50.4,False,81.54362416107382,16.69463087248322,33.22147651006711,50.041946308724825,50.041946308724825,50.041946308724825,5,NEUTRAL,0,UPPTREND,False,4,0.5714285714285714,MEDEL,VÄNTA,-0.8
ADSK,"Autodesk, Inc.",Technology,Software - Application,United States,USD,46103566844.57834,-0.46824700000000163,-4.17773,0.8322,9.0524823,6.14141,6.111,4.78375,0.3572475,0.049639995000000006,0.08811001199999999,0.150602505,0.47228000000000003,0.04100000000000001,2.098,2.23,35.559,-0.8465,0.669,2244562432.0,2924000000.0,2724000000.0,45871849472.0,12467000000.0,,7206000000.0,,,1794000000.0,,1124000000.0,2452000000.0,,0.0,,0.48,0.015,1111449600.0,1.318,329.0899963378906,185.5,218.35000610351562,318.29843,1.38235,32.0,2.53,0.0463,0.00223,0.98277,False,False,,0.689,2559261.0,2012290.0,1.0945151649691531,8.43,-10.2,-16.43,,-0.33650366606912463,0.3390777972095716,71.52601144036483,-0.004588848645141308,-0.1550934351240657,True,0.910978041427001,,0.919,US,True,True,82.41550139384914,87.67373298461852,20.58070025619129,83.67658014623453,31.378135804764742,54.166666666666664,11.703020134228188,90.6813627254509,50.0,48.94837476099426,68.89999999999999,67.23813089003596,standard,44,439383534,False,56.5,False,89.8489932885906,54.78187919463087,22.31543624161074,50.041946308724825,50.041946308724825,50.041946308724825,7,STARK,8,NEDTREND,True,3,0.42857142857142855,LÅG,EJ AKTUELL,14.4
ROKU,"Roku, Inc.",Communication Services,Entertainment,United States,USD,19057552265.42859,85.427262,23.896800000000002,1.0241,4.256199499999999,4.3148203,3.914,38.669999999999995,-0.094519995,-0.0396599975,-0.08068499700000001,-0.14411500000000002,-0.010140000000000038,0.163,,,-58.4025,1.7725000000000004,2.709,-136456896.0,2380218880.0,501116992.0,19436394496.0,4433483000.0,,4737251000.0,,,-5624000.0,,88361000.0,483718000.0,,0.0,,,,,2.008,148.8800048828125,78.52999877929688,144.42999267578125,155.40619,2.30769,21.0,0.78,0.0519,0.00634,0.8788,False,False,,0.793,4391974.0,2673950.0,0.5272940410050111,4.7,29.11,34.29,,-0.029889925181920685,0.4740975400802626,77.28098320148993,0.09182828615330618,0.3249151392817997,False,0.878428738310556,,0.838,US,True,True,33.06165403432563,22.50795661465701,89.75234842015372,79.1331780635472,37.91887662638298,70.32312925170068,11.703020134228188,41.883767535070135,50.0,43.881453154875715,79.3,51.185200304942114,standard,408,386198579,False,45.2,False,27.936241610738254,70.72147651006712,34.22818791946309,50.041946308724825,50.041946308724825,50.041946308724825,3,SVAG,-8,UPPTREND,False,2,0.2857142857142857,LÅG,EJ AKTUELL,4.5
WWD,"Woodward, Inc.",Industrials,Aerospace & Defense,United States,USD,23408914720.61194,15.897573500000004,16.319051499999997,2.5012,5.038058575000001,5.8555484,6.023,16.448,0.05794999000000001,0.025230003000000008,0.02449000299999999,0.017867486999999987,-0.16661000000000004,0.1655,0.15000000000000002,0.23,-30.007999999999996,0.3480000000000001,1.142,-625894384.0,497568992.0,1165618944.0,24076963840.0,4630143000.0,,3567064000.0,,,478901000.0,,442111000.0,471294000.0,0.32,0.1389,1.28,0.58,0.32,1787184000.0,0.855,450.9200134277344,232.65898933387876,392.8800048828125,453.18182,1.41667,11.0,1.68,0.0305,0.00248,0.90858,False,False,,0.466,818764.0,558510.0,0.6063450799152705,-6.8,4.89,18.81,,-0.12871464298894664,0.36524725361196114,25.057962152875476,0.017008032350056546,0.15346351818808235,False,0.129798518360421,,1.0,US,True,True,30.207789881438853,57.62386071252125,64.04782237403928,77.17362272562279,50.534685564527706,67.09183673469387,66.65268456375838,31.262525050100198,50.0,65.00956022944551,46.6,51.04878783669277,standard,412,219427412,False,43.3,False,27.936241610738254,67.53355704697987,24.24496644295302,50.041946308724825,50.041946308724825,50.041946308724825,3,SVAG,-8,UPPTREND,False,3,0.42857142857142855,LÅG,EJ AKTUELL,3.8
HARVIA.HE,Harvia Oyj,Consumer Cyclical,Leisure,Finland,EUR,773652551.1144943,5.939193249999997,3.8377060000000007,,2.5551476749999997,3.764568,4.01,1.1520000000000028,0.05116000000000001,0.022080006000000006,0.085404997,0.141065,0.21212999999999999,0.054000000000000006,0.010000000000000009,0.119,12.594000000000001,2.304,2.289,-851425117.0,53449000.0,102811000.0,824097536.0,271283000.0,,198900000.0,,,38301000.0,,26437000.0,34957000.0,1.86,0.5172,0.77,1.83,0.38,1792108800.0,1.269,51.28123299220312,30.710798057913102,41.400001525878906,47.5,,4.0,,,0.15301,0.68908,False,False,,0.5,25880.0,19803.0,0.566040953691176,2.99,15.48,-3.44,,-0.1926870882341416,0.4413702308002722,54.19356235977897,0.0341468681642243,0.0794190952343814,True,0.7644769501580705,,0.408,Nordic,True,True,,75.95077939494092,53.401651010532305,47.039907735703494,52.879911963194324,97.44897959183673,66.65268456375838,,50.0,,50.0,59.031985595761974,standard,171,938359,False,50.0,False,27.936241610738254,97.5251677852349,39.261744966442954,50.041946308724825,50.041946308724825,50.041946308724825,6,NEUTRAL,0,UPPTREND,False,2,0.2857142857142857,LÅG,VÄNTA,2.6
NESN.SW,Nestlé S.A.,Consumer Defensive,Packaged Foods,Switzerland,CHF,220053428849.79248,2.7097407500000026,3.193451500000002,2.3297,4.03528385,2.4481661,3.025,5.431999999999999,0.099312495,0.013972501000000002,0.05548000000000001,0.05226501,0.08263999999999999,-0.057999999999999996,-0.304,-0.243,73.36000000000001,-0.15350000000000008,0.447,5647444224.0,6230000128.0,57851998208.0,271923838976.0,127151000000.0,,89885000000.0,,,13981000000.0,,9033000000.0,15904000000.0,3.67,0.8689,3.1,3.1,3.1,1776643200.0,0.503,85.87000274658203,67.15778239946611,85.55000305175781,88.19091,2.18182,22.0,,,0.00018999999,0.47774,False,False,,0.5,3611866.0,3607728.0,1.2246207103902602,8.35,13.09,16.37,,-0.0037265597366823444,0.21268534041343057,56.03863487930839,0.06345160693576113,0.11660408303297443,False,0.842012033897323,,0.5,Europe,True,True,69.09377414045969,69.4910183490581,81.99544548818672,22.3047450635244,59.48332432146756,26.6156462585034,66.65268456375838,73.24649298597194,50.0,,50.0,58.935910395728385,standard,174,382483370,False,54.5,False,78.43959731543623,26.25838926174497,56.375838926174495,50.041946308724825,50.041946308724825,50.041946308724825,4,NEUTRAL,0,UPPTREND,False,4,0.5714285714285714,MEDEL,VÄNTA,5.1
ATD.TO,Alimentation Couche-Tard Inc.,Consumer Cyclical,Specialty Retail,Canada,CAD,83578671876.84872,-7.635551749999999,1.1798915,1.52,0.8035601749999999,1.0924373,1.165,-0.4209999999999994,0.06714499499999999,0.007275000000000004,-0.021745003,-0.016104990000000013,-0.19895000000000002,-0.294,,0.308,14.410500000000006,-0.2274999999999998,0.741,1617174976.0,3492900096.0,9043399680.0,89129172992.0,43516700000.0,,76506600000.0,,,4567100000.0,,3143700000.0,5363200000.0,0.95,0.1753,0.86,0.85,0.215,1783555200.0,0.733,94.93038548773963,67.7493926494569,91.01000213623047,101.035736,1.84211,18.0,2.33,,0.19083999,0.33980998,False,False,,0.5,1429896.0,1491220.0,0.5280078494000741,9.09,15.87,23.94,,-0.041297455302290786,0.2698558627091336,42.83796385579799,0.08111256495488894,0.16950861225925085,False,0.5479717885060732,,0.805,Canada,True,True,,46.845135264532004,81.49729575861089,46.72810508931357,58.66748192323773,42.60204081632653,66.65268456375838,70.64128256513025,50.0,,50.0,58.85228946693805,standard,175,96801670,False,59.4,False,75.08389261744966,42.030201342281885,78.52348993288591,50.041946308724825,50.041946308724825,50.041946308724825,5,NEUTRAL,0,UPPTREND,False,2,0.2857142857142857,LÅG,VÄNTA,0.6
OR.PA,L'Oréal S.A.,Consumer Defensive,Household & Personal Products,France,EUR,203243396127.0,11.980902749999998,10.8011595,2.525,3.1579562500000002,4.613715,4.673,9.908999999999999,0.014002494999999976,0.042682501,0.09406999999999999,0.09540499,0.36756004000000003,-0.025999999999999995,-0.06,0.002,-67.6,0.5055,1.058,5322356992.0,9864999936.0,11916000256.0,205873266688.0,61821200000.0,,44052000000.0,,,8891900000.0,,6127200000.0,8656900000.0,1.89,0.6119,7.2,1.53,7.2,1777420800.0,0.894,400.48242186158393,332.3214587819333,381.75,412.04166,2.08333,24.0,,,0.57256,0.16459,False,False,,0.5,438904.0,270756.0,0.8952096880717121,-1.48,10.91,2.18,5.79,-0.04677464187943381,0.2563684538463235,44.88418046144003,0.013274087347717511,0.039547379036280805,False,0.4580655748735913,,0.5,Europe,True,True,66.29975033866616,77.67033215228113,60.33422386574637,36.16672378816236,62.374569929590166,27.63605442176871,66.65268456375838,77.55511022044088,50.0,,50.0,58.835418764011756,standard,177,118302735,False,51.1,False,78.85906040268456,27.265100671140942,32.13087248322148,50.041946308724825,50.041946308724825,50.041946308724825,5,NEUTRAL,0,UPPTREND,False,5,0.7142857142857143,HÖG,VÄNTA,-0.8
GSK.L,GSK plc,Healthcare,Drug Manufacturers - General,United Kingdom,GBp,99616237903004.11,-8.586598,-2.5775770000000016,19.4929,1.5470996500000003,2.3418925,2.815,-1.3705000000000007,0.28179497000000003,0.038974999999999996,0.073379997,0.12126499999999998,0.33422496,-0.065,-0.03349999999999999,0.07,33.65325000000001,-1.0252500000000002,0.507,2373387392.0,3443000064.0,19111999488.0,92282298368.0,61118000000.0,,32667000000.0,,,8338000000.0,,5716000000.0,7741000000.0,3.48,0.4645,0.68,4.33,0.17,1778716800.0,0.3,27740.080583446506,16623.751459801642,24869.271319389343,2139.0498,2.63636,20.0,,,0.01747,0.4747,False,False,,0.5,7866991.0,6003406.0,1.6803524002150412,2.24,-6.71,11.07,41.25,-0.10348957910995682,0.25551759580900213,44.34665580890371,0.015253322300983863,0.04057830333450818,False,0.24094706032397534,,0.975,UK,True,True,,83.9216621583965,58.7991327102218,50.87672480059892,55.04402346701295,0.935374149659864,66.65268456375838,77.25450901803607,50.0,,50.0,50.80935482164446,standard,419,149300332654,False,45.7,False,56.87919463087249,2.5587248322147653,57.466442953020135,50.041946308724825,50.041946308724825,50.041946308724825,3,SVAG,-8,UPPTREND,False,2,0.2857142857142857,LÅG,EJ AKTUELL,1.9
CME,CME Group Inc.,Financial Services,Financial Data & Stock Exchanges,United States,USD,88541372268.30995,2.9842899999999997,6.251211500000002,4.3229,0.5069388999999997,13.129804,13.349,9.981749999999998,0.024212503000000003,-0.004059997000000003,0.37846999000000003,0.32339250999999997,0.54794,0.07999999999999999,0.07999999999999999,0.207,-52.962,-0.6759999999999998,0.021,2213799936.0,2515399936.0,3742200064.0,90022961152.0,198424200000.0,,6520600000.0,,,4229500000.0,,4072200000.0,4277100000.0,2.11,0.95559996,5.2,3.54,1.3,1780963200.0,0.276,319.81669858888057,218.30999755859375,245.0500030517578,281.46667,2.4375,15.0,1.32,0.0185,0.00422,0.92702,False,False,,0.746,3307204.0,2765270.0,0.8861318584245812,-6.33,-16.85,-8.36,,-0.23377983659706958,0.22706130174631428,76.89553011023109,-0.055784735755897596,-0.1054588904326873,True,0.7129532006723038,,0.677,US,True,True,65.4164754089184,79.31961833275071,25.78992314261315,62.8710628983467,60.84607936322982,41.75170068027211,66.65268456375838,76.45290581162325,50.0,83.36520076481835,74.6,58.78362016418317,standard,179,677629422,False,49.5,False,78.10402684563759,41.191275167785236,8.808724832214764,50.041946308724825,50.041946308724825,50.041946308724825,6,NEUTRAL,0,NEDTREND,True,5,0.7142857142857143,HÖG,EJ AKTUELL,0.2
SEB-A.ST,Skandinaviska Enskilda Banken AB (publ),Financial Services,Banks - Regional,Sweden,SEK,414381057061.52106,0.2736239999999981,1.5303754999999999,2.2415,-0.30063750000000034,5.6289387,11.703,,0.003972503000000023,-0.012620000000000006,0.199114987,0.20374748000000004,-0.42188,-0.041,-0.05700000000000001,0.05,,,,,649754968064.0,1101979058176.0,872349958144.0,3670681000000.0,,77063000000.0,,,,,31063000000.0,34721000000.0,3.95,0.5421,8.5,4.95,11.0,1774396800.0,,217.0,152.94954024301248,215.3000030517578,201.88235,2.70588,17.0,,,0.00988,0.72802,False,False,,0.5,2345837.0,2567067.0,1.3074326748802487,11.44,17.52,13.7,,-0.007834087319088412,0.18988331908907394,87.55763069011506,0.13171051515838528,0.1921700430982085,True,1.0285313602745951,,0.552,Nordic,True,True,,53.016594244633794,82.36549957301452,39.99222839094809,94.70538001707942,21.683673469387756,66.65268456375838,,50.0,,50.0,50.77632928611458,standard,423,57302744,False,36.5,False,27.936241610738254,21.39261744966443,25.587248322147648,50.041946308724825,50.041946308724825,50.041946308724825,0,SVAG,-8,UPPTREND,False,3,0.42857142857142855,LÅG,EJ AKTUELL,-6.1
POW.TO,Power Corporation of Canada,Financial Services,Insurance - Life,Canada,CAD,52854895824.290924,4.5553589999999975,0.9056679999999986,0.9648,0.38873919999999984,1.4671439,-2.413,-20.93975,-0.015232502000000002,-0.011205000000000007,-0.163425013,-0.18494251000000003,0.13708000000000004,0.009999999999999995,0.07699999999999999,0.197,-2.153499999999994,77.51899999999999,64.623,-27095925312.0,196672995328.0,21473599488.0,-95209439232.0,925735000000.0,,37649000000.0,,,,,2627000000.0,4780000000.0,2.91,0.60220003,2.67,4.89,0.668,1782777600.0,0.937,92.30000305175781,51.181056850804,91.87000274658203,84.33333,2.77778,9.0,2.35,,0.0061500003,0.42698002,False,False,,0.5,2161960.0,2389690.0,0.8653971504847123,3.96,26.21,29.56,,-0.0046587247124428854,0.19027856169219504,71.26391298884288,0.08055570395786393,0.2800308876294073,False,0.8128547618858083,,0.622,Canada,True,True,,32.573631608077235,91.34642755479648,56.10313409770779,77.8273361456066,51.275510204081634,66.65268456375838,,50.0,,50.0,50.76787890230472,standard,424,156591181,False,48.0,False,27.936241610738254,51.929530201342274,71.64429530201343,50.041946308724825,50.041946308724825,50.041946308724825,3,SVAG,-8,UPPTREND,False,3,0.42857142857142855,LÅG,EJ AKTUELL,-8.1
LMAT,"LeMaitre Vascular, Inc.",Healthcare,Medical Instruments & Supplies,United States,USD,2322320541.808571,8.936529999999998,14.621739999999999,2.8619,1.9110436000000002,9.0615835,8.369,13.314499999999999,0.039709999999999995,0.010770001500000004,0.12423001,0.07389499999999999,0.26127999999999996,0.032,0.2995,0.424,-12.618750000000002,12.28875,12.077,-763170628.0,367232992.0,189815008.0,2144902656.0,615690000.0,,249602000.0,,,67912000.0,,57734000.0,81251000.0,0.97,0.3125,1.0,0.88,0.25,1779321600.0,0.517,117.71913682542741,78.28996888314299,101.62999725341797,118.75,,8.0,3.86,0.0747,0.06511,1.00743,False,False,,0.5,304622.0,290120.0,0.7035108974956397,8.82,-8.75,19.49,,-0.136673951286858,0.37988213410575244,61.319674675750576,0.04148072329326946,0.07426970437149727,True,0.6692877307200467,,0.981,US,True,True,11.43135432876927,73.53562174790348,52.291488756048956,74.89502206546034,68.95891544968804,93.5374149659864,66.65268456375838,2.2044088176352705,50.0,29.254302103250478,50.0,58.69370525564005,standard,181,29484895,False,45.6,False,27.936241610738254,93.6241610738255,13.590604026845638,50.041946308724825,50.041946308724825,50.041946308724825,5,NEUTRAL,0,UPPTREND,False,4,0.5714285714285714,MEDEL,VÄNTA,11.1
BIOG-B.ST,BioGaia AB (publ),Healthcare,Drug Manufacturers - Specialty & Generic,Sweden,SEK,12292447366.189514,13.629672000000003,12.943508999999999,,5.7725805999999995,8.174446,7.034,9.092000000000002,0.08103000000000002,0.0811999985,0.131715007,0.09456998,0.30783,-0.063,-0.1305,-0.01,,2.7632499999999993,3.271,-530112256.0,871782016.0,0.0,10863047680.0,1597807000.0,,1538168000.0,,,451971000.0,,332764000.0,306566000.0,1.41,0.5945,1.64,1.28,4.0,1778198400.0,0.32,136.3000030517578,90.34547824468368,124.80000305175781,165.0,1.0,1.0,,,0.16997999,0.52999,False,False,,0.5,165919.0,123199.0,4.276932218108689,6.03,6.66,14.34,,-0.08437270537428421,0.2986172463041911,63.385827954211635,0.012806179762268055,0.1392560314590745,True,1.2202685513063063,,0.758,Nordic,True,True,28.266980889152606,83.27207237176196,67.2929120409906,38.27746692867669,78.06830646276298,77.72108843537416,66.65268456375838,22.344689378757515,50.0,,50.0,50.675435918196435,standard,427,1594101,False,43.5,False,27.936241610738254,78.02013422818791,15.604026845637584,50.041946308724825,50.041946308724825,50.041946308724825,3,SVAG,-8,UPPTREND,False,4,0.5714285714285714,MEDEL,EJ AKTUELL,-0.1
7186.T,"Yokohama Financial Group, Inc.",Financial Services,Banks - Regional,Japan,JPY,1993990604502.0,7.809857499999998,8.7654345,,0.41705630000000005,5.1674523,1.149,,-0.014042496999999994,-0.0005100000000000104,0.07058499700000001,0.015547509999999959,-0.29507499000000004,0.148,-0.038000000000000006,0.073,,,,,4153681117184.0,2588399894528.0,443195654144.0,24793138000000.0,,,,,,,,376257000000.0,2.68,0.4042,48.0,3.18,24.0,1790640000.0,0.226,1952.0,906.0539450055393,1794.0,1832.2222,1.77778,9.0,,,0.07495,0.48311,False,False,,0.5,3543229.0,3592680.0,1.420378696455461,-1.27,16.38,31.87,,-0.08094262295081966,0.3497245458792781,57.70528683914511,0.04336902345544735,0.2555054474945839,False,0.4288812011912398,,0.977,Japan,True,True,,46.72354377780354,79.67549103330488,65.50879395241758,67.35712622134484,13.860544217687073,66.65268456375838,,50.0,,50.0,50.6233966120679,standard,429,39699101,False,35.9,False,27.936241610738254,13.674496644295303,28.942953020134226,50.041946308724825,50.041946308724825,50.041946308724825,1,SVAG,-8,UPPTREND,False,4,0.5714285714285714,MEDEL,EJ AKTUELL,7.1
ARM,Arm Holdings plc,Technology,Semiconductors,United Kingdom,USD,285379966492.01416,278.572865,67.271253,2.1614,28.917924300000003,58.004063,57.372,248.45575,-0.027172493999999978,-0.005809997999999997,0.07697000199999998,0.150662505,0.52335,0.058000000000000024,0.263,0.49,-43.934,4.3145,5.834,-65937536.0,3600999936.0,491000000.0,282269974528.0,10703000000.0,,4920000000.0,,,908000000.0,,904000000.0,1524000000.0,,0.0,,,,,3.77,452.70001220703125,100.0199966430664,267.19000244140625,303.9735,1.95,37.0,1.38,0.1185,0.00071000005,0.96124,False,False,,0.433,11176000.0,6605200.0,0.9521748313865509,-32.59,64.6,154.49,,-0.4097857405861667,0.7306166911472749,32.08525100552991,-0.15504332449877145,0.44628589645652883,False,0.15888906367831096,,0.754,US,True,True,33.23098711389259,66.97091080701973,70.3672075149445,71.1197618353151,34.00686812339847,24.744897959183675,11.703020134228188,46.9939879759519,50.0,18.164435946462714,43.3,58.48753319699187,standard,184,1764843404,False,33.5,False,27.936241610738254,24.41275167785235,2.5587248322147653,50.041946308724825,50.041946308724825,50.041946308724825,5,NEUTRAL,0,VARNING,False,3,0.42857142857142855,LÅG,VÄNTA,10.1
TTC,The Toro Company,Industrials,Tools & Accessories,United States,USD,8991572425.909515,-4.056518499999999,-1.3972525000000005,1.46,2.3502121750000002,1.9301434,2.135,-2.0940000000000003,0.08553998000000002,0.032630006999999996,-0.031089997,0.008247496999999993,-0.11638998,0.012499999999999997,0.015,0.063,6.945000000000007,0.17200000000000015,0.668,-145900032.0,180400000.0,1136999936.0,9948172288.0,3438800000.0,,4510400000.0,,,491000000.0,,316100000.0,662000000.0,1.65,0.4438,1.56,1.5,0.39,1781568000.0,0.69,104.28570315686929,66.72180388114886,94.41999816894531,109.25,2.2,4.0,3.83,0.061,0.01677,0.96002,False,False,,0.639,835214.0,561760.0,0.8124664608436883,4.08,2.25,7.68,,-0.0946026606646524,0.25315437177286954,40.03307960940566,0.023001973905385054,0.09022593150035374,False,0.4584441028250131,,0.92,US,True,True,,54.944728791618374,58.212354113293486,58.65556333629315,69.33345494285177,82.39795918367348,66.65268456375838,37.675350701402806,50.0,36.52007648183556,63.9,50.47702203558415,standard,432,53041378,False,51.4,False,27.936241610738254,82.63422818791946,63.674496644295296,50.041946308724825,50.041946308724825,50.041946308724825,3,SVAG,-8,UPPTREND,False,2,0.2857142857142857,LÅG,EJ AKTUELL,0.9
086790.KS,Hana Financial Group Inc.,Financial Services,Banks - Regional,South Korea,KRW,36700327936800.0,,-0.6341714999999999,4.79,,2.6134536,0.198,,-0.021647502000000006,0.006329999999999995,0.012364991999999991,0.26132750999999993,-0.357915,0.193,-0.019000000000000003,0.073,,,,,196834089762816.0,161647435972608.0,2775742939136.0,674590676000000.0,,14390802000000.0,,,,,4002882000000.0,-1962471000000.0,3.35,0.2851,4580.0,6.31,1145.0,1778198400.0,0.729,142500.0,78164.68203604296,136800.0,157904.77,1.38095,21.0,,,0.01485,0.60091996,False,False,,0.5,945704.0,1060467.0,1.1672211315291656,7.89,14.26,50.2,,-0.040000000000000036,0.3918361551789487,85.37859007832898,0.12501122495908956,0.29259107581151866,True,0.9366557723613633,,0.71,Asia,True,True,,50.7728026598126,84.85624822089382,60.02196339679507,45.32203208121227,2.976190476190476,66.65268456375838,,50.0,,50.0,50.46366108882622,standard,433,105902476,False,37.9,False,27.936241610738254,2.5587248322147653,53.691275167785236,50.041946308724825,50.041946308724825,50.041946308724825,2,SVAG,-8,UPPTREND,False,3,0.42857142857142855,LÅG,EJ AKTUELL,-4.7
KXS.TO,Kinaxis Inc.,Technology,Software - Application,Canada,CAD,4222039570.8768463,5.450000999999997,1.6355704999999983,,2.9686948999999996,7.2692266,6.787,20.139249999999997,0.07810249500000001,0.029184996999999997,0.059484999000000004,0.100907505,0.26933997000000004,0.10400000000000001,0.675,0.849,-20.372499999999995,0.0495000000000001,1.625,-580873984.0,327628000.0,47662000.0,3942073856.0,724714000.0,,548030000.0,,,79482000.0,,70699000.0,117800000.0,,0.0,,,,,0.756,212.4499969482422,117.22000122070312,154.5399932861328,207.95065,,10.0,5.25,,0.00236,0.63015,False,False,,0.5,99941.0,59440.0,0.7182924164056239,1.39,5.11,-5.54,,-0.272581805102203,0.35502583052197906,49.68110314761022,0.008188634328843536,-0.005184300514908702,True,0.6057023001111522,,1.0,Canada,True,True,13.184133630389269,77.15881392637736,40.72018218047253,84.95875795104463,49.749333025474755,90.1360544217687,11.703020134228188,9.01803607214429,50.0,,50.0,58.42083422487149,standard,185,6551967,False,45.7,False,27.936241610738254,90.26845637583892,17.953020134228186,50.041946308724825,50.041946308724825,50.041946308724825,4,NEUTRAL,0,NEDTREND,True,2,0.2857142857142857,LÅG,EJ AKTUELL,5.0
FIX,"Comfort Systems USA, Inc.",Industrials,Engineering & Construction,United States,USD,58900073857.58057,17.270654500000003,10.8690545,0.8026,86.971790575,5.8111577,6.034,18.365000000000002,0.37957999,0.11783001300000001,0.016700002999999998,-0.057352503,-0.20078000000000001,-0.0585,0.308,0.382,-30.674,-0.1439999999999999,1.183,283416064.0,70540000.0,303920992.0,61160378368.0,6441169000.0,,9101641000.0,,,1312615000.0,,1022558000.0,1186356000.0,0.15,0.065,2.6,0.38,0.8,1778803200.0,1.66,2073.1775510595326,512.8398095387673,1674.06005859375,2064.0,1.22222,7.0,1.39,0.024500001,0.0116,0.96848,False,False,,0.457,477022.0,487710.0,2.158346843901434,-12.53,4.28,59.11,,-0.19251486312004817,0.5757631273097692,39.0296808811742,-0.104175132177591,0.23721976533693878,False,0.18849720459067987,,1.0,US,True,True,44.25381489235454,59.91092128468635,65.69883290634785,67.11039769822578,21.316001852801445,49.744897959183675,66.65268456375838,52.605210420841686,50.0,74.18738049713193,45.7,58.38474595192891,standard,187,816455831,False,48.9,False,61.40939597315436,49.077181208053695,24.664429530201343,50.041946308724825,50.041946308724825,50.041946308724825,5,NEUTRAL,0,VARNING,False,3,0.42857142857142855,LÅG,VÄNTA,11.5
EICHERMOT.NS,Eicher Motors Limited,Consumer Cyclical,Auto Manufacturers,India,INR,2076162068155.0,7.594709249999999,8.0833425,,3.782540524999999,8.869622,8.624,15.099000000000002,0.06775,0.030820000000000007,0.14153000699999996,0.09142499999999999,0.027520009999999984,0.11800000000000001,0.008000000000000007,0.116,-32.961499999999994,0.6335,1.287,13360037888.0,61139701760.0,5139500032.0,2018741190656.0,321635600000.0,,229775700000.0,,,49447000000.0,,55152300000.0,48048400000.0,1.11,0.3487,82.0,0.45,82.0,1785456000.0,0.275,8230.0,5284.478673610159,7563.5,7916.6943,2.08108,36.0,,,0.49795,0.29233,False,False,,0.5,584198.0,603369.0,0.6845026517942776,-0.49,4.46,2.79,,-0.0809842041312272,0.26794865016459324,55.038475632099676,0.037737790613916466,0.048822925589872,True,0.7332371200097274,,0.72,India,True,True,47.44556151408963,73.81674849681231,58.35468260745802,61.52389787212972,76.19236257215016,13.690476190476192,66.65268456375838,55.010020040080164,50.0,,50.0,58.374729374652134,standard,188,47399059,False,42.4,False,63.08724832214765,13.506711409395974,14.01006711409396,50.041946308724825,50.041946308724825,50.041946308724825,5,NEUTRAL,0,UPPTREND,False,4,0.5714285714285714,MEDEL,VÄNTA,7.8
PH,Parker-Hannifin Corporation,Industrials,Specialty Industrial Machinery,United States,USD,120186809629.14288,4.063352500000004,7.915495499999999,3.7472,3.9941125750000004,5.7267265,6.161,6.739,0.09505998000000002,0.04058000700000001,0.06179000299999999,0.079077497,-0.07763998,0.03749999999999999,-0.122,-0.059,-10.608999999999995,-0.2549999999999999,0.604,1958044416.0,476000000.0,9582000128.0,129300807680.0,29494000000.0,,19850000000.0,,,4060000000.0,,3531000000.0,3776000000.0,0.83,0.26569998,8.0,1.22,2.0,1778198400.0,1.11,1032.6259315247044,686.057638008684,953.2100219726562,1039.6957,1.68,23.0,1.99,0.0127,0.00187,0.90979,False,False,,0.683,739751.0,547270.0,0.967697054514801,1.57,-0.17,2.24,,-0.0769067550286947,0.25469446653880806,44.50508348946156,0.047058404904313456,0.06704125602177124,False,0.3383862743888769,,0.925,US,True,True,62.37015931303948,69.30654498589325,54.56874466268147,51.366795152235774,45.58221221132185,36.30952380952381,66.65268456375838,66.83366733466933,50.0,90.05736137667304,68.30000000000001,58.301745472609056,standard,190,521663249,False,49.8,False,72.48322147651007,35.822147651006716,24.916107382550333,50.041946308724825,50.041946308724825,50.041946308724825,4,NEUTRAL,0,UPPTREND,False,3,0.42857142857142855,LÅG,VÄNTA,7.5
ZURN.SW,Zurich Insurance Group AG,Financial Services,Insurance - Diversified,Switzerland,CHF,93266175210.31067,2.6861219999999992,3.0860435000000006,3.5109,2.3155092999999995,1.2761678,0.987,-0.24875000000000114,0.12619751799999995,0.01235,-0.12170501700000001,-0.19445249,-0.13747,0.031,0.20500000000000002,0.339,-3.0870000000000033,3.5180000000000002,3.02,731819264.0,36086001664.0,17742999552.0,72146608128.0,407211000000.0,,88670000000.0,,,,,6798000000.0,5903000000.0,4.89,0.72029996,30.0,5.11,30.0,1775779200.0,0.323,624.4000244140625,493.58854967277733,624.4000244140625,598.8329,2.72727,11.0,,,0.0018600001,0.4334,False,False,,0.5,265988.0,230229.0,1.6411212232528634,8.89,12.38,13.87,,0.0,0.17104752122610928,76.76765185797134,0.08041892039487597,0.13909008866814965,False,0.9126515848386442,,0.5,Europe,True,True,,39.496682630276936,80.18787361229717,58.21715102489533,91.14931167479263,40.476190476190474,66.65268456375838,61.12224448897795,50.0,,50.0,58.28266499209351,standard,191,178148299,False,55.9,False,64.42953020134227,39.93288590604027,75.16778523489933,50.041946308724825,50.041946308724825,50.041946308724825,6,NEUTRAL,0,UPPTREND,False,3,0.42857142857142855,LÅG,VÄNTA,0.0
CDNS,"Cadence Design Systems, Inc.",Technology,Software - Application,United States,USD,91049615719.72656,52.530409999999996,15.656521,3.4574,8.4821923,16.4688,16.747,29.304750000000002,0.05984750000000001,0.040279999999999996,0.105030012,0.15235250499999997,0.40873000000000004,0.04400000000000001,0.014000000000000012,0.227,-2.868000000000002,-0.2104999999999999,1.211,682714752.0,1546153984.0,3083354112.0,92586819584.0,10153148000.0,,5296759000.0,,,1649781000.0,,1108888000.0,1728781000.0,,0.0,,,,,1.148,416.69000244140625,262.75,330.1099853515625,394.7881,1.44,26.0,2.14,0.022,0.0029300002,0.92386,False,False,,0.299,2445235.0,1827400.0,2.1665403383927284,-14.89,7.54,5.41,,-0.20778040409553233,0.4023251881142057,24.430707526643317,-0.11945451773235394,0.006087191996970498,False,-0.408934847702855,,0.902,US,True,True,43.9141971093024,82.41908728290544,52.40535155138059,65.54530572386341,31.930419015911344,41.07142857142857,11.703020134228188,55.71142284569138,50.0,77.72466539196941,29.9,66.27627860001803,standard,54,603242987,False,45.6,False,64.1778523489933,40.52013422818792,6.208053691275168,50.041946308724825,50.041946308724825,50.041946308724825,7,STARK,8,VARNING,False,2,0.2857142857142857,LÅG,VÄNTA,16.3
PEP,"PepsiCo, Inc.",Consumer Defensive,Beverages - Non-Alcoholic,United States,USD,187305913330.07812,-7.483043249999997,-1.1919194999999991,1.51,4.86624255,1.9329017,2.372,-0.5784999999999982,0.3400875,0.023282504,0.022785007000000003,0.040520009999999995,0.08965000000000001,0.028000000000000004,1.306,1.36,132.191,-0.12349999999999994,0.69,7052937472.0,10716000256.0,53213999104.0,229823938560.0,107399000000.0,,93925000000.0,,,13491000000.0,,8240000000.0,12087000000.0,4.25,0.7533,5.92,3.03,1.48,1780617600.0,0.368,168.19196609424642,132.39802328462318,137.1199951171875,155.72726,2.66667,22.0,3.42,0.0271,0.00182,0.82438004,False,False,,0.568,8236409.0,9479520.0,0.8413578502927281,-6.16,-12.51,-4.19,,-0.18474111278090255,0.21639352659269606,43.997748718747275,-0.04432588931538595,-0.07098327028982354,False,0.25797873508957925,,0.683,US,True,True,,71.75155236611364,33.162539140335895,73.87029846392957,57.58139061087592,28.8265306122449,66.65268456375838,81.96392785571143,50.0,69.88527724665391,56.8,58.242574638767714,standard,192,1299831736,False,57.6,False,85.1510067114094,28.439597315436245,63.59060402684564,50.041946308724825,50.041946308724825,50.041946308724825,4,NEUTRAL,0,NEDTREND,True,3,0.42857142857142855,LÅG,EJ AKTUELL,6.6
D05.SI,DBS Group Holdings Ltd,Financial Services,Banks - Regional,Singapore,SGD,204196486097.70407,8.923732,2.705131500000002,3.4181,1.3652584500000002,9.162135,14.242,,,,-0.041440033000000015,0.053567505000000015,-0.126315,-0.032,,0.011,,,,,70002999296.0,183164993536.0,317401661440.0,897488000000.0,,22895000000.0,,,,,10934000000.0,11024000000.0,4.5,0.79800004,3.24,4.59,0.81,1778457600.0,0.275,73.55000305175781,44.28597199493309,71.95999908447266,69.43875,1.9375,16.0,,,0.006,0.54277,False,False,,0.5,5112463.0,4462340.0,0.9586791200007919,9.03,27.45,25.68,62.04,-0.021618000017841643,0.15454495620424905,82.12350026244115,0.11160197874828337,0.261373915230412,True,0.8408713158717579,,0.686,Singapore,True,True,,42.88150042625747,88.77997712297966,42.65678609686433,93.12368530985098,27.55102040816326,66.65268456375838,,50.0,,50.0,50.17561476162697,standard,439,248691111,False,35.6,False,27.936241610738254,27.181208053691275,13.338926174496644,50.041946308724825,50.041946308724825,50.041946308724825,0,SVAG,-8,UPPTREND,False,3,0.42857142857142855,LÅG,EJ AKTUELL,-6.1
TECH,Bio-Techne Corporation,Healthcare,Biotechnology,United States,USD,11237064650.186737,74.04347,18.666054,0.9625,1.6137265999999997,9.28061,9.389,17.1335,-0.07236999799999999,0.013320001500000001,-0.028770000000000004,0.05871500000000002,0.21192999999999995,-0.095,1.1685,1.26,-45.37775,2.4587499999999998,2.797,-516588128.0,214114000.0,290321984.0,11367946240.0,2557868000.0,,1219635000.0,,,242804000.0,,73400000.0,287556000.0,0.45,0.4571,0.32,0.44,0.08,1779062400.0,1.289,72.12000274658203,43.1201874966908,72.12000274658203,70.0,2.73333,12.0,2.32,0.1166,0.00306,1.18334,False,False,,0.81,4732966.0,4047300.0,0.3666555035271151,28.72,25.96,5.78,,0.0,0.499410438746377,68.42118472005762,0.259716831520137,0.2243790418018834,False,0.6641127654661088,,0.537,US,True,True,24.69648794796296,53.43115058986824,80.57216054654141,59.74831163574591,42.845136584655144,79.421768707483,66.65268456375838,23.947895791583164,50.0,18.738049713193117,91.0,58.15781892850699,standard,194,291891287,False,43.4,False,27.936241610738254,79.69798657718121,13.171140939597315,50.041946308724825,50.041946308724825,50.041946308724825,4,NEUTRAL,0,UPPTREND,False,2,0.2857142857142857,LÅG,VÄNTA,0.8
ASM.AS,ASM International NV,Technology,Semiconductor Equipment & Materials,Netherlands,EUR,42501550451.50757,15.495905,13.349796,2.0047,5.7500806,13.296279,13.012,23.324250000000003,0.11161250499999999,0.060499997,0.243334995,0.20904750500000002,0.14231999999999995,-0.11499999999999999,,,-43.065,0.6815,1.702,-531480688.0,981600000.0,72000000.0,41591889920.0,5337000000.0,,3173200000.0,,,938100000.0,,723700000.0,1060900000.0,0.36,0.1489,3.25,0.61,3.25,1778630400.0,1.555,1092.5,398.4486910663275,869.4000244140625,1044.8422,1.73684,19.0,,,0.047340002,0.6312,False,False,,0.5,161487.0,147623.0,1.352376104460352,-18.79,11.47,26.05,73.38,-0.20421050396882146,0.46406213557933584,36.756339108624445,-0.06326758806882693,0.2311431906318122,False,0.10959644945726563,,0.757,Europe,True,True,33.61169265906114,84.45102978278389,72.17513847648446,40.07808466701084,35.975703386016924,55.86734693877551,66.65268456375838,39.078156312625254,50.0,,50.0,50.13299542669988,standard,441,146896459,False,39.3,False,27.936241610738254,56.45973154362416,8.724832214765101,50.041946308724825,50.041946308724825,50.041946308724825,3,SVAG,-8,VARNING,False,3,0.42857142857142855,LÅG,EJ AKTUELL,-1.1
NDA-SE.ST,Nordea Bank Abp,Financial Services,Banks - Regional,Finland,SEK,637516644993.4285,-1.1074530000000014,125.01195350000002,11.3022,17.5626039,54.84014,69.872,,,,0.19940496699999996,0.19834751,-0.42188,-0.05,-0.10400000000000001,0.009,,,,,57399001088.0,231558004736.0,812266684416.0,654350000000.0,,11719000000.0,,,,,4840000000.0,-3164000000.0,7.6,0.7007,14.26,7.12,0.34,1785888000.0,0.637,189.8000030517578,134.6539580909839,187.85000610351562,190.11328,2.2,10.0,,,0.01767,0.59268004,False,False,,0.5,1938868.0,1650711.0,0.9793551139083214,3.73,9.18,4.63,,-0.010273956358738512,0.184253392880674,64.85787645037308,0.04921277580613426,0.10319035089068418,False,0.768477417184892,,0.912,Nordic,True,True,,60.88377379937483,70.8511243951039,45.20170328617033,78.90699110169648,18.70748299319728,66.65268456375838,,50.0,,50.0,50.06754839250387,standard,444,32149664,False,32.7,False,27.936241610738254,18.456375838926174,2.5587248322147653,50.041946308724825,50.041946308724825,50.041946308724825,0,SVAG,-8,UPPTREND,False,4,0.5714285714285714,MEDEL,EJ AKTUELL,-3.3
RR.L,Rolls-Royce Holdings plc,Industrials,Aerospace & Defense,United Kingdom,GBp,146637821507948.66,-4.573555500000001,15.197044499999997,2.5197,38.687881925,5.328593,5.305,12.093,6.08018499,0.016085001500000008,0.18622,0.018717497,-0.11577500000000002,0.0975,-0.039,0.039,65.535,0.030999999999999917,0.729,2944387456.0,6248999936.0,4361999872.0,112502415360.0,38115000000.0,,21207000000.0,,,4412000000.0,,5841000000.0,4565000000.0,0.69,0.1519,0.1,1.74,0.05,1776902400.0,1.203,19680.42261473206,12388.688716812867,17720.572035793448,1488.5,1.6,20.0,,,0.00051,0.72040004,False,False,,0.5,30222334.0,13291922.0,0.5934355630617412,-0.62,8.74,11.82,34.69,-0.0995837649071386,0.37136235252651445,44.31772853885565,0.04795321215074466,0.1570786053244595,False,0.16071513511992375,,0.5,UK,True,True,64.76405324615712,69.18348058326652,67.89999529924239,47.96036191539921,38.37775663427098,0.5102040816326531,66.65268456375838,77.75551102204409,50.0,,50.0,50.06651378862237,standard,445,235540461295,False,41.2,False,56.711409395973156,2.5587248322147653,27.768456375838923,50.041946308724825,50.041946308724825,50.041946308724825,3,SVAG,-8,UPPTREND,False,4,0.5714285714285714,MEDEL,EJ AKTUELL,-3.0
2388.HK,BOC Hong Kong (Holdings) Limited,Financial Services,Banks - Regional,Hong Kong,HKD,491634282369.0,3.7772774999999985,2.830752500000001,2.5787,0.34321369999999995,7.1533337,-0.62,,0.0041125029999999965,0.009609999999999994,0.3052149919999999,0.30774750999999995,-0.357915,-0.091,-0.14500000000000002,-0.012,,,,,689727012864.0,150518005760.0,-42627719168.0,4489809000000.0,,88921000000.0,,,,,40121000000.0,-87083000000.0,7.62,0.6032,3.54,5.6,1.255,1782691200.0,0.223,48.000326059395796,33.13414886569565,46.5,48.59083,2.14286,12.0,,,0.0,0.76935995,False,False,,0.5,13276185.0,13384639.0,0.43570714697663626,-2.29,8.92,24.4,,-0.03125658058112535,0.2309283374824897,63.98979830004084,0.02174316470261961,0.15100419228323703,True,0.7474039969660963,,0.5,Asia,True,True,,62.51920500771284,78.4799316823228,27.357313499850797,86.83003020321551,19.982993197278912,66.65268456375838,,50.0,,50.0,50.01488009327035,standard,446,79388965,False,35.3,False,27.936241610738254,19.71476510067114,18.959731543624162,50.041946308724825,50.041946308724825,50.041946308724825,1,SVAG,-8,UPPTREND,False,4,0.5714285714285714,MEDEL,EJ AKTUELL,-5.5
MS,Morgan Stanley,Financial Services,Capital Markets,United States,USD,338766000000.0,-0.396981000000002,3.2220035000000014,2.1258,0.43260229999999966,4.352752,3.415,,,,0.004199989999999959,0.041002509999999937,0.42435,0.21600000000000003,0.491,0.577,435.22499999999997,,,,663304994816.0,579511975936.0,265820995584.0,1420270000000.0,,65966000000.0,,,,,16861000000.0,-17889000000.0,1.83,0.3231,4.0,2.98,1.0,1785456000.0,1.218,232.25,133.884504594459,215.5,224.33333,2.4,21.0,0.0,0.0,0.24402,0.62906,False,False,,0.48,5814643.0,6266690.0,1.2159796053808465,-2.41,15.66,20.51,,-0.07212055974165765,0.27172183483020057,53.77255887686869,0.024558990827594274,0.19448894002971784,False,0.318454420674473,,1.0,US,True,True,,70.95765842568912,76.94278394534585,85.24431165538815,31.820287847894164,23.3843537414966,66.65268456375838,,50.0,99.0,48.0,49.95212389980456,holding,450,1350471695,False,38.1,False,27.936241610738254,23.070469798657715,34.144295302013425,50.041946308724825,50.041946308724825,50.041946308724825,3,SVAG,-8,UPPTREND,False,4,0.5714285714285714,MEDEL,EJ AKTUELL,3.3
EOAN.DE,E.ON SE,Utilities,Utilities - Diversified,Germany,EUR,50262556117.026215,-3.4000065,-0.08919799999999967,1.0388,0.8592998300000001,0.6524469,1.234,-1.5922500000000008,0.06478999499999996,0.015909997999999998,-0.0475600055,-0.013647499999999993,-0.09750999999999999,-0.21300000000000002,3.154,3.216,0.11949999999998795,0.14349999999999996,0.896,-3996830720.0,5426999808.0,43249000448.0,95068291072.0,110685000000.0,,78704000000.0,,,6393000000.0,,1734000000.0,7003000000.0,3.02,0.41979998,0.57,4.26,0.57,1776988800.0,0.819,19.790293074469396,14.16573516708632,19.235000610351562,20.25976,2.11765,17.0,,,0.15,0.48304,False,False,,0.5,4096671.0,3922866.0,1.0718424994696694,5.77,4.86,13.67,23.63,-0.028058829751955172,0.21806691235601836,63.8036913191467,0.04677427325890937,0.11506905091949893,True,0.7422373814062679,,0.305,Europe,True,True,,49.1399495520803,70.39384514137528,51.295592699949765,73.51442082110853,52.55102040816326,66.65268456375838,25.751503006012022,50.0,,50.0,57.895806927961765,standard,197,86364116,False,50.8,False,27.936241610738254,53.187919463087255,89.09395973154362,50.041946308724825,50.041946308724825,50.041946308724825,4,NEUTRAL,0,UPPTREND,False,3,0.42857142857142855,LÅG,VÄNTA,5.0
DANSKE.CO,Danske Bank A/S,Financial Services,Banks - Regional,Denmark,DKK,296969562593.58984,-0.3421220000000016,-0.6420645,6.7735,-0.5990663000000003,5.240886,21.54,,-0.00048749699999999646,-0.013900000300000007,0.18655498699999998,0.19958755,-0.42188,-0.055,-0.11900000000000001,-0.012,,,,,629637971968.0,1549290045440.0,1220543119360.0,3753911000000.0,,56845000000.0,,,,,23037000000.0,22555000000.0,4.58,0.605,16.94,5.27,6.14,1777852800.0,0.586,375.0,227.51571341331132,367.6000061035156,374.9375,1.9375,16.0,,,0.22231,0.34104002,False,False,,0.5,1034147.0,1018659.0,2.033071021312839,5.88,12.57,28.24,,-0.019733317057291644,0.19943279386536325,68.94736363066897,0.07190763249126264,0.2279443680729356,True,0.6979763898387271,,0.719,Nordic,True,True,,51.95344574998448,83.29063478508398,38.07979010949184,79.06170402327533,24.23469387755102,66.65268456375838,,50.0,,50.0,49.79809733698488,standard,457,57313700,False,37.4,False,27.936241610738254,23.909395973154364,28.439597315436245,50.041946308724825,50.041946308724825,50.041946308724825,1,SVAG,-8,UPPTREND,False,3,0.42857142857142855,LÅG,EJ AKTUELL,-4.1
STAG,"STAG Industrial, Inc.",Real Estate,REIT - Industrial,United States,USD,7969426750.751152,-0.7021999999999977,23.184507,19.49,-0.1328762000000001,9.4188,13.028,-0.8260000000000005,0.0014450000000000018,0.002129998000000001,0.022895009999999993,-0.010504999999999987,0.34480999999999995,0.0355,-0.542,-0.322,-3.878500000000006,0.8980000000000001,0.901,-359123872.0,24434000.0,3229938944.0,11253488640.0,7208069000.0,,845184000.0,,,319629000.0,,273519000.0,463388000.0,3.69,1.1667,1.55,4.03,0.388,1782777600.0,0.978,42.61000061035156,32.48171916735953,41.68000030517578,41.90909,2.45455,11.0,5.07,0.0508,0.00135,0.96689004,False,False,,0.885,1375593.0,1828550.0,0.8260487410585339,9.49,8.44,12.91,,-0.021825869323030433,0.20373306562830812,70.4854176580159,0.09150500860705768,0.11371877177489997,True,1.09789682211916,,0.944,US,True,True,,60.049484472361826,74.4378024480501,42.18917084082144,68.44620986430125,83.84353741496598,28.355704697986578,29.058116232464933,50.0,45.02868068833652,98.5,49.76173809960211,standard,458,76213965,False,44.0,False,27.936241610738254,84.06040268456377,12.919463087248323,50.041946308724825,50.041946308724825,50.041946308724825,3,SVAG,-8,UPPTREND,False,3,0.42857142857142855,LÅG,EJ AKTUELL,-2.9
GALP.LS,"Galp Energia, SGPS, S.A.",Energy,Oil & Gas Integrated,Portugal,EUR,156459660122.79816,1.099541000000002,-0.05905549999999948,0.95,1.9351392500000002,0.774205,0.873,-0.7787500000000005,0.053892487499999975,0.049777500749999995,-0.036975001,0.0005725000000000036,-0.07095002,-0.0005000000000000004,,,35.3305,0.3164999999999999,0.972,1021444352.0,1832999936.0,4361999872.0,17235580928.0,15329000000.0,,19507000000.0,,,2143000000.0,,1120000000.0,2527000000.0,3.49,0.6301,0.66,4.21,0.33,1779148800.0,-0.078,235.89706072468516,149.12435601944526,209.16368511888504,21.90556,2.11111,18.0,,,0.49872002,0.38408002,False,False,,0.5,1933447.0,1525418.0,1.0994243858004953,4.37,4.17,25.03,18.22,-0.11332644639010814,0.3105912536665061,55.937890713600126,0.004447724181478208,0.08343729819038104,False,0.4973650553833335,,0.83,Europe,True,True,,55.17107926018248,64.59898620327643,59.69561059745624,68.02408121782969,31.887755102040817,66.65268456375838,93.08617234468937,50.0,,50.0,57.65180506219116,standard,205,365184893,False,56.0,False,63.33892617449665,31.45973154362416,86.24161073825503,50.041946308724825,50.041946308724825,50.041946308724825,4,NEUTRAL,0,UPPTREND,False,3,0.42857142857142855,LÅG,VÄNTA,5.0
CW,Curtiss-Wright Corporation,Industrials,Aerospace & Defense,United States,USD,26148434517.832275,21.0881365,21.3187995,2.0,5.704456575,7.2505355,7.474,15.857,0.04354999000000001,0.030950002999999997,0.037680003,0.039367497,-0.08035000000000003,0.0655,0.21099999999999997,0.265,-32.528999999999996,0.139,0.985,-293241248.0,343447008.0,1148382976.0,26953369600.0,5221292000.0,,3498372000.0,,,638025000.0,,484228000.0,643402000.0,0.15,0.070300005,1.04,0.35,0.26,1781481600.0,0.863,808.1599731445312,462.27097522273465,707.8400268554688,814.8333,1.71429,6.0,2.51,0.0248,0.00368,0.88998,False,False,,0.464,272537.0,220430.0,0.7861721983283292,-7.42,-1.65,11.26,,-0.1241337725484225,0.33882338735142686,38.69617603716213,-0.04900339352723193,0.07903570152355788,False,-0.10294173286662948,,0.877,US,True,True,36.4490433380728,62.797119400929105,54.4975804155992,71.34538394976079,50.17878809438079,64.37074829931973,66.65268456375838,39.77955911823648,50.0,73.90057361376672,46.400000000000006,49.641671452704976,standard,464,156029177,False,42.0,False,27.936241610738254,64.8489932885906,18.20469798657718,50.041946308724825,50.041946308724825,50.041946308724825,3,SVAG,-8,VARNING,False,3,0.42857142857142855,LÅG,EJ AKTUELL,2.2
SO,The Southern Company,Utilities,Utilities - Regulated Electric,United States,USD,107431798079.64993,2.1017850000000013,2.3028580000000023,2.6061,0.21912723,3.5602915,6.139,-0.04174999999999951,0.012155004000000004,-0.001449998999999997,0.0123949915,0.034767499999999965,0.027969969999999955,0.0010000000000000009,-0.068,0.016,35.4105,-0.27449999999999986,0.317,-4766437632.0,981000000.0,76004999168.0,185245794304.0,155720000000.0,,29553000000.0,,,7285000000.0,,4341000000.0,9802000000.0,3.16,0.75699997,3.04,3.64,0.76,1779062400.0,0.332,99.26000213623047,82.46411171145235,95.30000305175781,101.44737,2.58333,19.0,5.16,0.0332,0.00098,0.72592,False,False,,0.861,5742904.0,4199800.0,0.8058201209662579,1.05,1.25,9.53,,-0.0398952145803676,0.16865495181559514,44.08397372617879,0.014831038023172871,0.03829220017002566,False,0.4085767269769393,,0.726,US,True,True,,55.60579914812644,63.77739823512667,47.469671709615284,66.90366268143288,37.84013605442177,66.65268456375838,31.462925851703403,50.0,62.04588910133844,96.1,49.57715601494533,standard,467,400240953,False,41.4,False,27.936241610738254,37.332214765100666,41.69463087248322,50.041946308724825,50.041946308724825,50.041946308724825,1,SVAG,-8,UPPTREND,False,3,0.42857142857142855,LÅG,EJ AKTUELL,1.3
AKSO.OL,Aker Solutions ASA,Energy,Oil & Gas Equipment & Services,Norway,NOK,19928160044.0,-10.976502,-0.5158445,,0.20796975000000006,0.3364084,0.308,-5.188749999999998,0.23886750250000002,-0.0017525022499999994,-0.019095,-0.09643749999999998,-0.046630000000000005,-0.1855,0.793,1.093,-5.925500000000007,-0.4900000000000001,0.701,1919125120.0,4330999808.0,2811000064.0,18258159616.0,38351000000.0,,62202000000.0,,,2576000000.0,,2547000000.0,2614000000.0,8.86,0.5389,3.6,,8.6,1776384000.0,-0.185,46.79999923706055,21.22711549222745,41.0,45.33333,3.3,9.0,,,0.39751,0.2556,False,False,,0.5,770192.0,558360.0,0.8850301125013272,-6.09,5.4,51.71,,-0.12393160964984751,0.30905128556157135,31.938336355402,-0.07544378488259906,0.23645828807636615,False,-0.0531467889944804,,0.483,Nordic,True,True,,48.54468143823683,71.23541132934814,48.99931480934345,58.18291833646138,69.98299319727892,66.65268456375838,97.1943887775551,50.0,,50.0,57.48969271043752,standard,208,2376740,False,72.1,True,97.5251677852349,70.38590604026845,97.5251677852349,50.041946308724825,50.041946308724825,50.041946308724825,5,NEUTRAL,0,VARNING,False,2,0.2857142857142857,LÅG,VÄNTA,-1.4
ADDT-B.ST,Addtech AB (publ.),Industrials,Industrial Distribution,Sweden,SEK,88276068274.22717,15.0002025,24.457242499999996,4.1,8.205808175,4.023751,4.285,7.352500000000002,0.11367001000000004,0.041010003999999996,0.028494994000000003,0.03929249700000001,-0.08622999999999997,-0.011500000000000003,0.06799999999999999,0.14,16.918999999999997,0.22950000000000004,1.093,1722875008.0,1396999936.0,6833999872.0,98699124736.0,21310000000.0,,22703000000.0,,,3009000000.0,,2147000000.0,2996000000.0,1.03,0.3879,3.6,0.95,3.6,1787788800.0,1.136,358.3999938964844,283.20001220703125,343.20001220703125,381.7143,1.42857,7.0,,,0.02031,0.67350996,False,False,,0.5,376657.0,339858.0,0.8798611714872944,5.8,0.12,8.2,,-0.04241066391826809,0.2666033327924879,52.67857669973193,0.0365448873664489,0.06965875961700507,True,0.7526834443886952,,0.3,Nordic,True,True,63.49609834193526,65.80455445087911,62.16908625106746,41.965234705034,57.66098780771743,41.83673469387755,66.65268456375838,69.63927855711422,50.0,,50.0,57.4148102297655,standard,209,12093137,False,53.0,False,75.16778523489933,41.2751677852349,36.40939597315436,50.041946308724825,50.041946308724825,50.041946308724825,5,NEUTRAL,0,UPPTREND,False,4,0.5714285714285714,MEDEL,VÄNTA,4.6
5802.T,"Sumitomo Electric Industries, Ltd.",Consumer Cyclical,Auto Parts,Japan,JPY,7016159195500.0,-1.4440422500000007,-9.024839999999998,0.53,0.8391273749999997,1.3729793,1.479,-0.33199999999999896,0.042265,0.003980000000000004,0.037494997,0.067274996,-0.09272499000000003,0.076,1.294,1.401,-17.321499999999997,0.052999999999999936,0.865,132194558976.0,236981993472.0,689186013184.0,7559928348672.0,4824532000000.0,,5110171000000.0,,,418173000000.0,,369508000000.0,425192000000.0,1.73,0.325,39.0,2.82,20.0,1790640000.0,0.89,3712.5,784.6117678864205,2249.0,3777.0,1.5,10.0,,,0.04488,0.47524,False,False,,0.5,26283268.0,21643630.0,1.0764311387925711,-26.26,-5.81,40.39,,-0.39420875420875423,0.6593643998208348,25.14439738159416,-0.2188449742451556,0.07104347073039907,False,0.1307281372854851,,1.0,Japan,True,True,,58.92484724077972,45.43125533731853,86.85470499547894,35.624995352193004,7.993197278911565,66.65268456375838,69.73947895791584,50.0,,50.0,57.38532352360017,standard,210,299819070,False,53.3,False,74.58053691275168,7.885906040268456,73.23825503355704,50.041946308724825,50.041946308724825,50.041946308724825,6,NEUTRAL,0,VARNING,False,2,0.2857142857142857,LÅG,VÄNTA,0.5
LOTB.BR,Lotus Bakeries NV,Consumer Defensive,Packaged Foods,Belgium,EUR,9038758560.0,26.694546749999997,24.978284499999997,9.38,6.5988285499999995,6.6703706,6.804,22.1005,0.033727499999999994,0.033162503999999995,0.04205500700000001,0.04798999999999998,-0.05597998000000004,0.067,0.09,0.154,-70.43299999999999,0.4275000000000001,0.937,-786463380.0,121885000.0,312249984.0,9220393984.0,1536521000.0,,1355061000.0,,,233186000.0,,172258000.0,205878000.0,0.82,0.35869998,90.0,0.69,90.0,1778803200.0,0.614,11860.0,7209.19140625,11120.0,11169.3,2.1,10.0,,,0.5,0.13681,False,False,,0.5,622.0,640.0,0.6252778189361388,-1.24,12.48,23.23,48.33,-0.062394603709949426,0.25569767657594855,38.372093023255815,0.0009589035944441715,0.1730693179584586,False,0.31171627300530697,,0.5,US,True,True,16.14553128603576,64.03174234365504,78.60792939462077,55.117918878290574,68.13080441539063,82.14285714285714,66.65268456375838,13.72745490981964,50.0,,50.0,57.297674415659245,standard,211,8145587,False,44.9,False,27.936241610738254,82.38255033557047,20.469798657718123,50.041946308724825,50.041946308724825,50.041946308724825,4,NEUTRAL,0,UPPTREND,False,4,0.5714285714285714,MEDEL,VÄNTA,7.3
CARL-A.CO,Carlsberg A/S,Consumer Defensive,Beverages - Brewers,Denmark,DKK,38248651020.0,4.084318749999999,,3.78,2.06036015,1.6837679,2.401,-2.0319999999999965,0.05083750000000001,-0.007817499000000002,0.017800004,0.035765009999999986,0.029730000000000034,,,,142.02,-0.5990000000000001,0.426,4740875136.0,9585000448.0,70623002624.0,213925298176.0,153955000000.0,,89095000000.0,,,12612000000.0,,5955000000.0,12431000000.0,2.58,0.6013,29.0,2.42,29.0,1773705600.0,0.651,1150.0,835.1781274968928,1135.0,,,,,,0.98330003,0.00208,False,False,,0.5,643.0,411.0,1.209988649262202,8.61,22.57,15.99,,-0.013043478260869601,0.2766770536173521,69.23076923076923,0.06508764686010271,0.17317944518579687,True,0.7973103295666122,,0.5,Nordic,True,True,,56.993649476732095,84.45772843723314,31.879194630872483,39.955563505216496,57.90816326530612,66.65268456375838,74.44889779559118,50.0,,50.0,49.26826251207315,standard,475,71399,False,65.9,False,97.5251677852349,58.4731543624161,68.12080536912751,50.041946308724825,50.041946308724825,50.041946308724825,3,SVAG,-8,UPPTREND,False,2,0.2857142857142857,LÅG,EJ AKTUELL,0.7
AZN.L,AstraZeneca PLC,Healthcare,Drug Manufacturers - General,United Kingdom,GBp,253451740220498.06,2.954695000000001,2.358858999999999,1.3146,2.7504949499999998,3.2316458,3.665,1.6175000000000006,0.10756499,0.023655,0.06744998699999999,0.03786500000000001,0.42059495,0.045,-0.0645,0.056,-4.231750000000001,-0.9082500000000001,0.701,5913012608.0,7674999808.0,34029000704.0,221486055424.0,114074000000.0,,58739000000.0,,,13327000000.0,,10225000000.0,14575000000.0,1.87,0.477,2.36,2.08,1.595,1771459200.0,0.225,193207.77797317505,127961.92017364502,163424.78632736206,15772.175,1.83333,22.0,,,0.00046,0.68313,False,False,,0.5,2263360.0,2760037.0,0.7919697660537579,-1.78,-13.06,-5.66,21.52,-0.15415006558352973,0.2701623471732194,31.0969362314555,-0.05446923444334795,-0.05251213274897126,False,0.18236331117335658,,0.86,UK,True,True,80.04523012505457,77.53907891888097,41.103228637015334,56.17853142459329,54.69408206981524,0.3401360544217687,66.65268456375838,78.3567134268537,50.0,,50.0,57.253283798148885,standard,215,451058456981,False,43.9,False,56.79530201342282,2.5587248322147653,45.0503355704698,50.041946308724825,50.041946308724825,50.041946308724825,4,NEUTRAL,0,NEDTREND,True,3,0.42857142857142855,LÅG,EJ AKTUELL,11.0
AMZN,"Amazon.com, Inc.",Consumer Cyclical,Internet Retail,United States,USD,2659480119902.95,2.6801662499999974,8.377351,1.4392,2.4775870749999993,3.5804608,3.705,2.3025,0.09429000000000001,0.0012500030000000065,0.03813,0.020729999999999985,0.05398000000000003,0.09300000000000001,0.641,0.767,-25.491999999999997,-0.1884999999999999,0.974,8990187264.0,143088992256.0,235540004864.0,2751931088896.0,818042000000.0,,716924000000.0,,,79975000000.0,,77670000000.0,139514000000.0,,0.0,,,,,1.461,278.55999755859375,196.0,247.22999572753906,314.34738,1.32308,61.0,1.6,0.010199999,0.08899,0.68411005,False,False,,0.752,49303666.0,37886230.0,0.7100322416304429,0.5,-0.99,4.47,,-0.11247128843208931,0.31231042004724036,67.42568018073538,-0.01944610365166688,0.05625632319125495,True,0.6861892673396124,,0.838,US,True,True,59.459925437467106,62.69616838613486,51.66524338172502,78.23538029531008,34.917929713921204,12.670068027210885,11.703020134228188,51.503006012024045,50.0,93.02103250478011,75.2,57.2239606319054,standard,216,9366612481,False,45.8,False,60.82214765100671,12.5,41.191275167785236,50.041946308724825,50.041946308724825,50.041946308724825,6,NEUTRAL,0,VARNING,False,2,0.2857142857142857,LÅG,VÄNTA,9.9
PRU,"Prudential Financial, Inc.",Financial Services,Insurance - Life,United States,USD,41356000384.49479,-5.857159000000001,-4.663942499999999,1.2856,-1.5303851000000002,0.6534469,0.966,3.1727499999999997,-0.027867496999999998,-0.015469997000000006,-0.20001001200000001,-0.32745749,-0.16250000000000003,0.089,-0.276,-0.156,91.95100000000001,-0.8839999999999998,0.715,9562562304.0,38684000256.0,55523999744.0,61109288960.0,773740000000.0,,60967000000.0,,,,,3576000000.0,6271000000.0,4.74,0.56130004,5.6,4.78,1.4,1779753600.0,0.84,120.52999877929688,90.65444080592968,119.06999969482422,104.26667,3.38889,15.0,6.1,0.038900003,0.00174,0.64645,False,False,,0.722,2031361.0,1671090.0,0.9905071433407814,9.08,20.96,3.92,,-0.012113159373261628,0.23088603898741417,74.90792561548894,0.118800808269939,0.1583242564617482,True,0.9274141868972008,,0.803,US,True,True,90.95377906651291,19.752517589751864,76.6296612581839,45.600203417044995,40.83869080368082,56.4625850340136,66.65268456375838,99.04809619238478,50.0,55.92734225621415,72.2,49.1553880640095,standard,478,198976686,False,68.8,False,97.5251677852349,57.04697986577181,88.9261744966443,50.041946308724825,50.041946308724825,50.041946308724825,3,SVAG,-8,UPPTREND,False,3,0.42857142857142855,LÅG,EJ AKTUELL,0.6
LAGR-B.ST,Lagercrantz Group AB (publ),Industrials,Conglomerates,Sweden,SEK,44775525780.0,12.4743615,22.6706825,3.02,6.934450175,4.430607,5.161,8.181500000000003,0.13485999000000004,0.031749999999999994,0.045105,0.05558249700000001,-0.029849999999999988,0.0605,0.112,0.186,43.587999999999994,-0.16249999999999987,0.815,152750016.0,331000000.0,4488999936.0,54749487104.0,12771000000.0,,10610000000.0,,,1673000000.0,,1200000000.0,1502000000.0,0.9,0.3787,2.2,1.02,2.2,1756252800.0,1.212,266.79998779296875,185.1999969482422,228.0,277.2857,1.66667,7.0,,,0.04654,0.65383005,False,False,,0.5,190169.0,146930.0,4.992376673682721,-10.31,-2.98,12.76,,-0.1454272472571353,0.3346227525325518,34.084509584879456,-0.08405778560371313,0.027865062143349606,False,-0.08768756295710012,,0.674,Nordic,True,True,49.09371816258214,69.26316470458391,52.40535155138059,61.4693559535446,39.95759509607277,54.59183673469388,66.65268456375838,50.50100200400801,50.0,,50.0,57.10827916990547,standard,221,3473278,False,51.1,False,60.90604026845637,55.20134228187919,33.557046979865774,50.041946308724825,50.041946308724825,50.041946308724825,5,NEUTRAL,0,VARNING,False,3,0.42857142857142855,LÅG,VÄNTA,8.1
TITAN.NS,Titan Company Limited,Consumer Cyclical,Luxury Goods,India,INR,4114204707031.5137,51.34277925,34.0882435,,21.739164525,4.6974387,5.007,35.81099999999999,0.20128998,0.019900000000000008,-0.036169995000000024,-0.055874999999999994,-0.21751998000000003,0.7320000000000001,0.244,0.352,159.9915,0.007500000000000062,0.129,-86181324800.0,38610001920.0,306210013184.0,4385241038848.0,605610000000.0,,873050000000.0,,,75540000000.0,,50730000000.0,55900000000.0,0.32,0.1924,15.0,0.28,15.0,1783555200.0,0.219,4679.7998046875,3292.2971645749917,4638.10009765625,5056.838,1.80556,37.0,,,0.58729,0.21997999,False,False,,0.5,1109871.0,1127491.0,0.7412399281170179,6.05,3.88,10.23,,-0.008910574975767527,0.2292312813459982,84.21730519312669,0.08519961656930408,0.1365302149918053,True,0.8289025193376999,,0.744,India,True,True,27.89859047704347,48.591133543028135,70.58070025619129,76.25111192751352,60.41527106825632,11.224489795918368,66.65268456375838,34.2685370741483,50.0,,50.0,49.097779440063206,standard,480,54314666,False,35.9,False,27.936241610738254,11.073825503355705,31.29194630872483,50.041946308724825,50.041946308724825,50.041946308724825,3,SVAG,-8,UPPTREND,False,4,0.5714285714285714,MEDEL,EJ AKTUELL,-7.6
4063.T,"Shin-Etsu Chemical Co., Ltd.",Basic Materials,Chemicals,Japan,JPY,13309835404477.0,11.146334,3.7916575000000012,1.9897,2.07443305,5.170938,4.687,3.9800000000000004,0.033575005000000005,0.034949999999999995,0.125024997,0.12745,0.04711503999999994,-0.092,-0.485,-0.112,-13.372499999999995,3.7434999999999996,4.188,199289054208.0,1667094937600.0,243294994432.0,12063867928576.0,5661907000000.0,,2573969000000.0,,,635205000000.0,,474459000000.0,712651000000.0,1.48,0.41979998,106.0,2.04,53.0,1774828800.0,1.082,7930.0,4196.224482642085,7157.0,8086.4707,1.64706,17.0,,,0.00942,0.56623,False,False,,0.5,7801285.0,7394090.0,1.029411260240496,-4.05,5.11,32.61,,-0.09747793190416143,0.397578026665794,53.74173337974243,-0.011488664646459146,0.21600041177742058,True,0.46630405422311483,,0.618,Japan,True,True,68.47997671320294,73.66640536164023,71.00768573868488,24.90327072752905,52.4335575024294,5.5272108843537415,66.65268456375838,68.93787575150301,50.0,,50.0,57.08643173853881,standard,223,325953348,False,45.5,False,71.39261744966443,5.453020134228188,28.859060402684566,50.041946308724825,50.041946308724825,50.041946308724825,4,NEUTRAL,0,VARNING,False,4,0.5714285714285714,MEDEL,VÄNTA,11.2
GIVN.SW,Givaudan SA,Basic Materials,Specialty Chemicals,Switzerland,CHF,31582312134.0,9.9330125,12.174991500000003,4.8988,5.47268505,4.2267547,4.723,10.824999999999998,0.12864499499999998,0.03591000000000001,0.074784983,0.03884999,0.059599999999999986,-0.123,-0.47,-0.046,46.016000000000005,0.03499999999999992,1.097,539819264.0,742000000.0,4416000000.0,35287310336.0,11864000000.0,,7472000000.0,,,1375000000.0,,1071000000.0,1512000000.0,2.12,0.6063,72.0,1.94,72.0,1774224000.0,0.665,3738.704926690367,2566.0,3422.0,3481.0842,2.05263,19.0,,,0.17141001,0.36944,False,False,,0.5,21169.0,16638.0,1.0053514998491415,7.17,18.94,9.31,,-0.08470979467500395,0.23941181419139498,51.10132158590309,0.09557288665206753,0.1198279247830687,False,0.5255088458006036,,0.5,Europe,True,True,57.99957456813067,72.99430440556377,70.75149444918873,20.609421268280222,59.91467654062198,60.79931972789115,66.65268456375838,67.13426853707415,50.0,,50.0,57.07659389507299,standard,224,70556961,False,55.3,False,73.48993288590604,61.325503355704704,34.98322147651007,50.041946308724825,50.041946308724825,50.041946308724825,5,NEUTRAL,0,UPPTREND,False,3,0.42857142857142855,LÅG,VÄNTA,-2.1
AMX,"América Móvil, S.A.B. de C.V.",Communication Services,Telecom Services,Mexico,USD,78857944124.12643,-5.732611999999998,-2.768305999999999,1.132,0.0,0.08314452,0.841,-8.901,0.039210005000000006,0.010310002499999998,-0.02899499700000001,0.026364999999999972,-0.018460000000000032,-0.039999999999999994,0.188,0.251,93.7045,-0.41749999999999987,0.623,139468629760.0,92901253120.0,745425928192.0,797868359680.0,1799615605000.0,,943638406000.0,,,190539136000.0,,82819082000.0,272399022000.0,2.27,0.36060002,0.59,2.67,0.308,1783987200.0,0.223,28.12324604327289,16.71979387529641,26.270000457763672,29.21447,2.14286,15.0,5.0,0.0044,0.0,0.06201,False,False,,0.686,1403838.0,1359520.0,0.8970660235737783,-0.73,1.86,29.43,,-0.06589728591989885,0.27451365747098977,52.33607103631478,0.011578558698605246,0.11611588147198804,True,0.8234029387813656,,0.225,US,True,True,,54.16292774747035,70.53800170794193,42.97731276061065,52.32974738799358,44.047619047619044,66.65268456375838,99.04809619238478,50.0,95.41108986615679,68.60000000000001,57.053207158177514,standard,225,35714591,False,68.0,False,97.5251677852349,43.45637583892618,97.5251677852349,50.041946308724825,50.041946308724825,50.041946308724825,5,NEUTRAL,0,UPPTREND,False,2,0.2857142857142857,LÅG,VÄNTA,1.3
VEEV,Veeva Systems Inc.,Healthcare,Health Information Services,United States,USD,31738170988.76013,5.966590000000004,2.8747369999999997,0.8901,0.5589680000000001,9.561948,7.39,9.9815,0.013569999999999999,0.011780001500000001,0.16444002,0.11612499999999998,0.29815004999999994,0.083,0.028499999999999998,0.144,-57.888749999999995,2.7077500000000003,4.666,443111552.0,7312718848.0,103067000.0,24528519168.0,8979343000.0,,3195311000.0,,,916369000.0,,908906000.0,1415225000.0,,0.0,,,,,0.941,310.5,148.0500030517578,195.3800048828125,244.59259,1.93103,27.0,2.49,0.050300002,0.08586001,0.89357,False,False,,0.71,3124169.0,1665760.0,0.5130348381016768,19.59,16.51,-10.73,,-0.3707568280746779,0.38251787555854355,76.59432485461753,0.13913971625987043,-0.06505627909407141,True,0.7322286488254285,,0.897,US,True,True,61.26392449703876,74.71481668036856,41.559920296043266,66.11150480859635,55.87317782677301,60.71428571428571,11.703020134228188,70.44088176352705,50.0,46.27151051625239,71.0,65.01177499557875,standard,65,325456197,False,51.2,False,70.13422818791946,61.241610738255034,12.835570469798657,50.041946308724825,50.041946308724825,50.041946308724825,7,STARK,8,NEDTREND,True,3,0.42857142857142855,LÅG,EJ AKTUELL,1.2
LUN.TO,Lundin Mining Corporation,Basic Materials,Copper,Canada,CAD,28309771791.45075,-6.605586500000001,1.2051169999999995,0.93,0.8994109500000003,6.595324,6.917,3.7319999999999993,0.12236499499999999,0.037885005000000006,0.24817499700000004,0.27538999999999997,0.13599,0.15500000000000003,0.859,1.264,-32.22249999999999,0.0,1.208,1034408000.0,565400000.0,511200000.0,29690740736.0,10820600000.0,,4053200000.0,,,1275100000.0,,1283000000.0,1342600000.0,0.33,0.0571,0.11,3.0,0.028,1780617600.0,2.103,45.66843141945938,13.311647895067123,33.15999984741211,42.18664,2.12,24.0,3.52,,0.20926,0.51243997,False,False,,0.5,2679301.0,1864890.0,0.6247848720991138,-14.38,-17.7,-5.35,,-0.2738966761778775,0.5490477976875894,47.61904913661013,-0.11128507801793208,0.019556010559319548,True,0.26025044161031874,,0.838,Canada,True,True,80.68192250422632,84.19335595776167,24.594363791631082,82.64739192945548,23.27798287151923,62.925170068027214,66.65268456375838,85.57114228456913,50.0,,50.0,57.000917599100134,commodity,228,44108241,False,56.3,False,84.64765100671141,63.42281879194631,20.80536912751678,50.041946308724825,50.041946308724825,50.041946308724825,6,NEUTRAL,0,VARNING,False,4,0.5714285714285714,MEDEL,VÄNTA,-1.4
SECT-B.ST,Sectra AB (publ),Healthcare,Medical Devices,Sweden,SEK,49416022972.74371,69.50581,66.026107,,21.602320600000002,14.544321,14.071,54.357,0.15040000000000003,0.044509998499999995,0.07141499700000001,0.02490001,-0.044779999999999986,0.051000000000000004,0.08250000000000002,0.2,-37.16675,-0.56475,1.569,-44783104.0,1810310016.0,76484000.0,51296030720.0,4473711000.0,,3546534000.0,,,716635000.0,,563778000.0,1097318000.0,0.47,0.3754,1.3,0.52,2.3,1788912000.0,0.908,374.97630901630845,173.3000030517578,275.20001220703125,336.66666,,3.0,,,0.27826,0.47851002,False,False,,0.5,151564.0,79202.0,0.7703934303817788,-3.1,5.52,16.02,,-0.2660869351213805,0.31651678226850843,52.41381015846524,-0.0209889348473552,0.06171410298939062,False,0.24093442869289367,,0.838,Nordic,True,True,35.016233584487416,69.78491678787569,54.22715627668659,65.27310506910175,37.04645631471092,53.146258503401356,66.65268456375838,46.19238476953908,50.0,,50.0,56.92601606359777,standard,229,2259846,False,38.7,False,27.936241610738254,53.7751677852349,7.634228187919463,50.041946308724825,50.041946308724825,50.041946308724825,4,NEUTRAL,0,VARNING,False,3,0.42857142857142855,LÅG,VÄNTA,8.9
NEE,"NextEra Energy, Inc.",Utilities,Utilities - Regulated Electric,United States,USD,185201762155.16245,0.19299,3.092207,1.9594,0.6784573299999999,6.646156,10.73,7.819250000000001,0.005494999999999993,-0.009699999,0.1614950015,0.07832750000000001,0.16195004000000002,-0.006000000000000005,1.54,1.619,1.6654999999999944,-0.38249999999999984,0.338,-19269812480.0,1998000000.0,104403001344.0,298993319936.0,212721000000.0,,27412000000.0,,,8020000000.0,,6835000000.0,12485000000.0,2.79,0.5895,2.49,2.5,0.623,1780617600.0,0.667,98.03196328840686,67.72882315020831,88.80000305175781,99.2,1.95455,20.0,0.01,0.0001,0.00115,0.86981004,False,False,,0.663,11664179.0,10303770.0,0.784756454034519,2.98,-2.59,9.86,,-0.09417296080757775,0.22883667815343792,51.05822562024172,0.008465666057700272,0.027891565249115624,True,0.7259081394117035,,0.905,US,True,True,26.38007859294007,64.36714258512838,55.20922288642186,77.55868095731516,66.04329727661384,28.91156462585034,66.65268456375838,17.334669338677354,50.0,98.75717017208413,66.3,48.91144626236527,standard,485,914974807,False,36.9,False,27.936241610738254,28.523489932885905,20.63758389261745,50.041946308724825,50.041946308724825,50.041946308724825,2,SVAG,-8,UPPTREND,False,4,0.5714285714285714,MEDEL,EJ AKTUELL,0.9
PLTR,Palantir Technologies Inc.,Technology,Software - Infrastructure,United States,USD,303953934406.2058,116.62840499999999,43.714217999999995,1.9279,32.160221299999996,60.747627,59.272,136.76274999999998,0.17915750000000003,0.08341000000000001,0.32996000200000003,0.317202475,0.38867997,0.704,3.034,3.067,-47.382999999999996,5.225499999999999,6.82,936559616.0,8026413056.0,211976992.0,309648326656.0,8900392000.0,,4475446000.0,,,1414015000.0,,1625033000.0,2134473000.0,,0.0,,,,,1.562,207.52000427246094,106.37000274658203,132.3800048828125,183.12444,1.875,27.0,2.05,0.040700004,0.03498,0.63619,False,False,,0.733,42413067.0,37357470.0,0.7056167146329048,-0.65,-7.27,-25.8,,-0.3620855717167115,0.5159552059539666,75.10974768227275,-0.0007344236679864835,-0.14942855652778453,True,0.7064397029888718,,1.0,US,True,True,36.651123476002276,93.08458338227989,18.55963563905494,95.4176893335429,42.36536003461256,24.064625850340136,11.703020134228188,51.00200400801603,50.0,53.72848948374761,73.3,64.87285095325205,standard,67,4945382061,False,41.6,False,60.40268456375839,23.741610738255034,2.5587248322147653,50.041946308724825,50.041946308724825,50.041946308724825,9,STARK,8,NEDTREND,True,2,0.2857142857142857,LÅG,EJ AKTUELL,11.6
AI.PA,L'Air Liquide S.A.,Basic Materials,Specialty Chemicals,France,EUR,112205429657.29932,12.402946499999999,10.919008500000002,2.1733,2.79110605,4.1649814,4.551,5.406000000000001,0.028014994999999973,0.027700000000000002,0.062024993,0.06450999999999998,0.26613004,-0.139,-0.37,0.056,0.0,-0.528,0.776,933156864.0,3960800000.0,13650599936.0,122604953600.0,51913400000.0,,26940200000.0,,,5234300000.0,,3517900000.0,6518400000.0,1.9,0.5428,3.36,1.83,3.363636,1779062400.0,0.651,182.25999450683594,137.82623392414732,176.4600067138672,190.95695,1.45,20.0,,,0.0014599999,0.30221,False,False,,0.5,947086.0,747329.0,0.827439191672315,5.59,6.38,26.48,15.53,-0.031822604892875805,0.17664491520645673,56.780292572923315,0.051432464075574336,0.1385810043011937,False,0.6235443217526373,,0.5,Europe,True,True,57.28165828864432,73.06494455603446,71.58871896520657,24.338646771789165,68.67475854659668,37.15986394557823,66.65268456375838,56.212424849699396,50.0,,50.0,48.859513732906485,standard,488,150937022,False,49.5,False,64.8489932885906,36.66107382550335,35.23489932885906,50.041946308724825,50.041946308724825,50.041946308724825,3,SVAG,-8,UPPTREND,False,4,0.5714285714285714,MEDEL,EJ AKTUELL,-5.1
EW,Edwards Lifesciences Corporation,Healthcare,Medical Devices,United States,USD,49363335932.92236,18.379533000000002,8.902716000000002,2.1106,0.9901843000000001,7.8311,7.36,10.4495,-0.021169999999999994,0.021490001499999998,0.054639999999999994,0.11900497999999998,0.3266,0.08700000000000001,-0.03549999999999999,0.063,-52.49375,2.39075,3.296,85699968.0,3671500032.0,702899968.0,46394732544.0,13697200000.0,,6067600000.0,,,1636200000.0,,1073500000.0,1595200000.0,,0.0,,,,,0.855,96.29000091552734,72.30000305175781,85.7300033569336,98.8,1.71429,25.0,2.22,0.0227,0.00184,0.94188005,False,False,,0.48,5150729.0,4890750.0,1.043235709893059,-3.22,8.45,3.16,,-0.10966868271044838,0.25060606777115363,36.11875518780102,-0.013502309540705859,0.029842405499947544,False,0.09512844101951919,,0.737,US,True,True,46.08876971820736,70.24754866788433,59.109023626530025,57.02423175068304,70.91623000822625,53.2312925170068,11.703020134228188,49.79959919839679,50.0,76.48183556405354,48.0,56.85220430905874,standard,230,419284014,False,47.8,False,59.22818791946308,53.85906040268457,16.191275167785236,50.041946308724825,50.041946308724825,50.041946308724825,6,NEUTRAL,0,VARNING,False,2,0.2857142857142857,LÅG,VÄNTA,-2.4
AMT,American Tower Corporation,Real Estate,REIT - Specialty,United States,USD,79229774176.70575,-6.011493999999999,0.5580940000000005,1.7712,20.14223,7.3230033,11.958,-0.1280000000000001,0.231815,0.02205,0.008354990000000007,0.07389503,0.28757999999999995,0.012500000000000004,0.5740000000000001,0.759,352.5235,-0.42199999999999993,0.264,3797925120.0,1608800000.0,45131198464.0,129381679104.0,63190400000.0,,10644600000.0,,,4929200000.0,,2529500000.0,5464000000.0,4.1,0.8226,6.98,2.93,1.79,1781222400.0,0.909,225.61456595211138,160.05999755859375,170.05999755859375,215.1739,1.56,23.0,2.13,0.0189,0.00077,0.9661,False,False,,0.419,3190004.0,2757600.0,0.7993122145038029,-7.81,-3.87,-2.3,,-0.24623662111119882,0.25591097601185825,40.36248833916774,-0.039061789592343965,-0.03740062116831089,True,0.5377477690998417,,0.638,US,True,True,,75.42844624082545,36.02334187304299,66.88376262171575,36.62340762688751,43.792517006802726,66.65268456375838,80.66132264529058,50.0,82.50478011472275,41.9,56.810916102809614,standard,231,468957449,False,54.0,False,89.34563758389261,43.20469798657718,17.61744966442953,50.041946308724825,50.041946308724825,50.041946308724825,4,NEUTRAL,0,NEDTREND,True,3,0.42857142857142855,LÅG,EJ AKTUELL,4.8
MYRG,MYR Group Inc.,Industrials,Engineering & Construction,United States,USD,6096216456.420898,12.772474500000005,9.0229195,3.41,4.439488575,1.5939283,1.567,6.080999999999999,0.07341999000000002,0.020750002999999996,-0.06692999500000002,-0.072422508,-0.331439995,0.1315,0.9820000000000001,1.008,-67.40899999999999,-0.07299999999999995,1.25,-588614880.0,163192000.0,61522000.0,5994546176.0,1644079000.0,,3657889000.0,,,162611000.0,,118416000.0,326567000.0,,0.0,,,,,1.309,503.57000732421875,171.50999450683594,391.510009765625,445.5,2.14286,6.0,2.67,0.0664,0.01849,1.02559,False,False,,0.794,297809.0,218900.0,0.7213155026024474,-12.37,24.19,70.59,,-0.22253111966306005,0.4812788461053394,27.274159803768327,-0.12515874031821828,0.2939521737721629,False,0.10450874287468956,,1.0,US,True,True,25.07915271884551,40.73270979474454,74.97865072587531,87.45714028899704,28.387952941928745,87.5,11.703020134228188,12.124248496993987,50.0,34.03441682600382,79.4,48.79561932274085,standard,489,85701541,False,53.1,False,27.936241610738254,87.66778523489933,69.63087248322147,50.041946308724825,50.041946308724825,50.041946308724825,3,SVAG,-8,VARNING,False,2,0.2857142857142857,LÅG,EJ AKTUELL,3.5
APP,AppLovin Corporation,Communication Services,Advertising Agencies,United States,USD,129795465892.45605,16.178976000000006,4.292634,1.1929,56.6831455,23.136814,23.314,18.472,2.4923700049999997,0.3862600025,0.5216350030000001,0.594575,0.43160999999999994,0.5289999999999999,1.061,1.092,85.7245,2.1065000000000005,3.156,2363659776.0,2758671104.0,3849840128.0,143711141888.0,7259610000.0,,5480717000.0,,,4151914000.0,,3333764000.0,3971094000.0,,0.0,,,,,2.483,745.6099853515625,343.0,424.5400085449219,654.6,1.40625,30.0,2.29,0.041500002,0.14319,0.75614,False,False,,0.479,5128585.0,5625500.0,0.9783005581346826,-17.6,-8.91,-31.28,,-0.4306138371460422,0.732533393124943,40.645255310094385,-0.15961128464573426,-0.20174845262401309,False,0.11641315435633325,,0.953,US,True,True,55.49053414090751,98.12227619612759,14.346712211784798,89.21221165739291,31.563440146840676,34.69387755102041,11.703020134228188,68.7374749498998,50.0,52.96367112810707,47.9,64.78358228586114,standard,69,2388249818,False,46.6,False,74.41275167785236,34.22818791946309,2.5587248322147653,50.041946308724825,50.041946308724825,50.041946308724825,9,STARK,8,NEDTREND,True,2,0.2857142857142857,LÅG,EJ AKTUELL,9.2
HUBB,Hubbell Incorporated,Industrials,Electrical Equipment & Parts,United States,USD,25822191876.135345,-2.7730134999999976,1.7404404999999983,2.3328,2.619101575,4.3064976,4.679,2.268,0.10486001,0.047120003,0.047020002999999984,0.041287507,-0.09520997000000003,0.042499999999999996,0.045,0.114,-3.694999999999993,0.19500000000000006,0.84,-274987520.0,516900000.0,2738700032.0,28054591488.0,8228800000.0,,5844600000.0,,,1208800000.0,,887100000.0,1029800000.0,1.18,0.32389998,5.68,1.54,1.42,1780012800.0,0.892,563.8055092962444,400.1887437138488,488.6700134277344,554.3,2.08333,10.0,4.07,0.0585,0.00343,0.99431,False,False,,0.836,639571.0,411970.0,1.0882054876669882,-2.78,-6.05,3.24,,-0.13326491960374054,0.30823884326603906,37.95154799223377,0.0010592934114390662,0.027206656434314302,False,0.35995415393939706,,0.888,US,True,True,51.71594585819684,67.06125171851322,44.83347566182749,63.18288998813087,53.275270759975,64.62585034013605,66.65268456375838,40.28056112224449,50.0,38.04971319311664,93.6,48.67807480338042,standard,492,201317385,False,44.5,False,27.936241610738254,65.1006711409396,34.56375838926174,50.041946308724825,50.041946308724825,50.041946308724825,3,SVAG,-8,UPPTREND,False,3,0.42857142857142855,LÅG,EJ AKTUELL,0.8
JYSK.CO,Jyske Bank A/S,Financial Services,Banks - Regional,Denmark,DKK,56614324440.0,-1.4448060000000016,-1.3232804999999992,0.6,-1.0064878000000004,3.9962113,30.718,,-0.03396750699999999,-0.013200000000000003,0.14879498699999996,0.11397750999999995,-0.42188,-0.14500000000000002,-0.259,-0.165,,,,,101490999296.0,479152996352.0,435186728960.0,777056000000.0,,14437000000.0,,,,,5414000000.0,5391000000.0,2.51,0.301,25.0,,25.0,1773792000.0,0.342,1001.0,622.3555586441703,998.0,1005.0,2.5,5.0,,,0.30672002,0.24022,False,False,,0.5,89915.0,76966.0,1.1286360869859242,5.05,7.14,17.32,,-0.0029970029970030065,0.19658254461793334,80.20304568527919,0.07235725184277819,0.16614310940681087,True,0.8674766794692675,,1.0,Nordic,True,True,,46.498591636173614,78.65072587532023,35.453135019864376,87.36629439447543,50.17006802721088,66.65268456375838,,50.0,,50.0,48.64991185217969,standard,493,11756649,False,42.6,False,27.936241610738254,50.83892617449665,36.74496644295302,50.041946308724825,50.041946308724825,50.041946308724825,1,SVAG,-8,UPPTREND,False,3,0.42857142857142855,LÅG,EJ AKTUELL,-7.1
CCH.L,Coca-Cola HBC AG,Consumer Defensive,Beverages - Non-Alcoholic,Switzerland,GBp,23344505590039.016,3.2708537500000014,5.8941075000000005,2.0409,2.6340459000000003,1.550258,1.662,3.0695000000000014,0.0831025,0.009537502499999993,0.010795004000000004,-0.05929000000000001,-0.026415000000000022,0.037,0.006000000000000005,0.07,-24.230999999999995,0.3474999999999998,0.926,0.0,2671500032.0,3912999936.0,19281250304.0,11599300000.0,,11604500000.0,,,1342500000.0,,940400000.0,1513500000.0,2.08,0.3977,1.04,2.64,1.2,1778716800.0,0.543,66981.90301895142,41210.01673733124,64051.51225280762,4829.038,2.26667,15.0,,,0.46415,0.28951,False,False,,0.5,667405.0,571242.0,0.6014197823906097,10.41,16.6,32.37,22.34,-0.04374899240045027,0.23743447736414242,53.0228830572331,0.10274761286771628,0.23725160901351616,False,0.5818505549409914,,0.5,UK,True,True,55.13941290402033,53.804597883820705,79.17936524103135,47.78223881769013,71.67293660195709,4.081632653061225,66.65268456375838,47.64529058116233,50.0,,50.0,56.64092292722133,standard,235,36588913962,False,40.4,False,27.936241610738254,2.5587248322147653,70.13422818791946,50.041946308724825,50.041946308724825,50.041946308724825,4,NEUTRAL,0,UPPTREND,False,3,0.42857142857142855,LÅG,VÄNTA,-0.6
SAF.PA,Safran SA,Industrials,Aerospace & Defense,France,EUR,136549475275.5,-7.710760499999999,8.0446375,2.3095,6.2590878750000005,4.3781295,4.376,8.1035,0.41208498499999996,0.008710000000000002,0.16612498599999997,0.027372496999999996,0.10474,0.056499999999999995,,,-36.599,-0.33699999999999997,0.596,-2294805632.0,6848000000.0,5326000128.0,136473239552.0,61814000000.0,,31189000000.0,,,4592000000.0,,7177000000.0,5721000000.0,1.02,0.1689,3.35,0.76,3.35,1779753600.0,0.961,360.79998779296875,259.6822067309178,329.5,353.33636,1.86364,22.0,,,0.1674,0.45861,False,False,,0.5,727658.0,545824.0,0.9258234039583885,-1.2,9.97,4.98,20.94,-0.08675163207302838,0.32204012872570525,45.00000000000001,0.05318822466719042,0.08560146464403195,False,0.2556719391430078,,0.5,Europe,True,True,38.880554404899186,74.29311142699945,63.18112019053738,50.75166025249918,39.505050259495356,34.01360544217687,66.65268456375838,35.671342685370746,50.0,,50.0,48.61617056652059,standard,494,205847548,False,39.6,False,27.936241610738254,33.557046979865774,33.9765100671141,50.041946308724825,50.041946308724825,50.041946308724825,3,SVAG,-8,UPPTREND,False,3,0.42857142857142855,LÅG,EJ AKTUELL,-3.3
EME,"EMCOR Group, Inc.",Industrials,Engineering & Construction,United States,USD,33070676083.015503,-6.075290499999998,2.6153034999999996,0.399,4.320184575000001,1.8672916,1.841,0.7920000000000007,0.23892999000000004,0.06270999699999999,-0.028659997,-0.048942503,-0.25911999,0.1285,0.21999999999999997,0.269,-62.80799999999999,-0.12399999999999989,1.215,75082496.0,916419968.0,516518016.0,32671811584.0,9291399000.0,,16986422000.0,,,1568542000.0,,1272817000.0,1302063000.0,0.21,0.038599998,1.6,0.3,0.4,1784073600.0,1.126,951.4685396118709,538.9308288587174,744.1599731445312,1000.1429,1.6,7.0,2.8,0.028900001,0.0070200004,0.96348,False,False,,0.484,424874.0,499820.0,2.815355815604799,-10.81,-6.02,12.74,,-0.21788273372854383,0.4028473834579819,36.06160723764889,-0.1090703412358357,0.005227116415923216,False,0.1386665207856443,,0.97,US,True,True,62.262569832402235,52.69456625605638,44.94733845715913,76.80644358048923,34.28488421920495,60.03401360544217,66.65268456375838,50.0,50.0,66.82600382409177,48.4,56.6041294317027,standard,237,371946038,False,56.2,False,59.64765100671141,60.570469798657726,64.8489932885906,50.041946308724825,50.041946308724825,50.041946308724825,4,NEUTRAL,0,VARNING,False,3,0.42857142857142855,LÅG,VÄNTA,10.4
PPL.TO,Pembina Pipeline Corporation,Energy,Oil & Gas Midstream,Canada,CAD,41752845930.48096,5.819240000000001,10.928877,2.3088,0.81082015,5.49235,7.527,8.509249999999998,-0.0026375025000000135,-0.00393749925,0.13378500000000002,0.16379249999999998,-0.0006700000000000039,-0.1255,-0.28300000000000003,-0.008,42.587,-0.34750000000000003,0.67,662699968.0,173000000.0,13916000256.0,57222848512.0,35555000000.0,,7778000000.0,,,2696000000.0,,1694000000.0,3301000000.0,4.0,1.0676999,2.87,5.41,0.735,1781481600.0,0.702,72.2699966430664,46.41104193248457,71.80999755859375,69.72222,2.05556,18.0,2.66,,0.00042,0.58699,False,False,,0.5,2620249.0,2188960.0,1.2662930489017445,9.94,24.81,35.77,,-0.006365007691152114,0.1920445209621448,72.15650338775964,0.07912801552031601,0.23546706063312328,True,0.9943358319768667,,0.453,Canada,True,True,57.148039094949674,62.420317018345386,92.22886421861658,20.04717836256117,57.3978481003626,56.12244897959183,28.355704697986578,62.725450901803605,50.0,,50.0,48.595201650499334,standard,496,112117845,False,53.1,False,71.97986577181209,56.711409395973156,26.929530201342285,50.041946308724825,50.041946308724825,50.041946308724825,3,SVAG,-8,UPPTREND,False,2,0.2857142857142857,LÅG,EJ AKTUELL,2.0
WN.TO,George Weston Limited,Consumer Defensive,Grocery Stores,Canada,CAD,39163522260.46124,13.207889750000003,2.9249259999999992,1.3001,6.44114115,0.6016272,1.016,-2.3469999999999995,0.033892485,0.007267500999999992,-0.045889995999999995,-0.04724500000000001,-0.06827,0.006000000000000005,0.244,0.247,74.20850000000002,0.07050000000000012,0.199,4150824896.0,1238000000.0,20039999488.0,66154520576.0,52167000000.0,,64511000000.0,,,5100000000.0,,1142000000.0,6262000000.0,1.25,0.4414,1.29,1.49,0.322,1781481600.0,0.507,105.84131040213563,81.99839367839618,103.87000274658203,106.57143,2.42857,7.0,4.86,,0.59836,0.14894,False,False,,0.5,338982.0,248740.0,0.6760258835874525,0.47,8.25,9.59,,-0.018625125180931512,0.20338535797230362,48.30363472999249,0.040791930947416066,0.0857832972729562,True,0.8061350314793588,,0.352,Canada,True,True,,44.98677228778375,72.27440933674922,50.789100300302906,62.93752837241398,57.39795918367348,66.65268456375838,93.687374749499,50.0,,50.0,56.48489401369886,standard,241,18428406,False,69.1,False,97.5251677852349,57.969798657718115,90.35234899328859,50.041946308724825,50.041946308724825,50.041946308724825,6,NEUTRAL,0,UPPTREND,False,3,0.42857142857142855,LÅG,VÄNTA,2.9
GS,"The Goldman Sachs Group, Inc.",Financial Services,Capital Markets,United States,USD,314247796354.82446,-1.1103240000000003,1.9893295000000002,1.6199,0.0830883,4.6507,2.26,,0.034542493000000014,-0.008839996000000003,0.05561998999999998,0.048492530000000034,0.36869995,0.361,0.79,0.78,580.133,0.8730000000000003,2.055,,975999991808.0,795999993856.0,152700518400.0,1809320000000.0,,58283000000.0,,,,,17176000000.0,-45154000000.0,1.83,0.2625,20.0,2.2,4.5,1788220800.0,1.292,1153.989990234375,678.2269183067817,1065.219970703125,1090.1,2.68,20.0,2.58,0.0221,0.00526,0.74487,False,False,,0.384,2120158.0,2017940.0,0.9637984841729826,-2.33,18.88,15.32,,-0.07692442766615404,0.3068041923055168,57.39437734663134,0.03710840179753849,0.18761645745796107,True,0.5109689192756126,,1.0,US,True,True,,66.17329878881827,75.76145744378024,88.77165355733196,38.71918085163418,23.89455782312925,66.65268456375838,,50.0,77.43785850860421,38.4,48.45946432229299,holding,500,2149549988,False,37.8,False,27.936241610738254,23.573825503355707,31.62751677852349,50.041946308724825,50.041946308724825,50.041946308724825,2,SVAG,-8,UPPTREND,False,4,0.5714285714285714,MEDEL,EJ AKTUELL,3.5
GAW.L,Games Workshop Group PLC,Consumer Cyclical,Leisure,United Kingdom,GBp,8687550545786.978,12.139502249999994,20.271731,,18.426409425,10.298238,10.092,11.495500000000002,0.52889495,0.3504050015,0.248199997,0.26372,0.32804500000000003,0.036000000000000004,0.0,0.108,-79.93699999999998,2.6794999999999995,3.059,-459300032.0,171100000.0,49800000.0,6560852992.0,383000000.0,,617500000.0,,,261300000.0,,196100000.0,247400000.0,1.73,0.8969,3.5,2.92,0.9,1782950400.0,0.926,302269.22095683473,177691.55672554945,262901.87160491943,20283.332,,3.0,,,0.00519,0.67362,False,False,,0.5,85415.0,65531.0,0.6055200104878657,0.9,5.51,13.62,23.93,-0.13023935823600485,0.28327302292344503,23.77446808587355,0.029170777579953233,0.15180874600330707,False,0.3289329590006336,,0.5,UK,True,True,22.17339707347656,94.04423619163745,63.21774692687971,48.64058094394627,65.45323376202779,7.3979591836734695,66.65268456375838,16.432865731462925,50.0,,50.0,56.37211963585775,standard,242,17228222548,False,32.3,False,27.936241610738254,7.298657718120806,11.493288590604028,50.041946308724825,50.041946308724825,50.041946308724825,5,NEUTRAL,0,UPPTREND,False,4,0.5714285714285714,MEDEL,VÄNTA,3.8
DNB.OL,DNB Bank ASA,Financial Services,Banks - Regional,Norway,NOK,424194770751.3141,-2.7112890000000025,-1.4875024999999997,5.22,-0.5708967000000003,4.8377123,14.617,,0.013842503000000013,-0.009120000000000003,0.259514987,0.25232751000000003,-0.42188,-0.056,-0.176,-0.061,,,,,593617027072.0,1445948948480.0,1281686372352.0,3695290000000.0,,89445000000.0,,,,,43547000000.0,72590000000.0,6.07,0.6529,18.0,5.88,18.0,1776816000.0,0.337,301.20001220703125,241.61848144381588,296.3999938964844,306.58823,3.0,17.0,,,0.45593,0.45793,False,False,,0.5,1913347.0,1604406.0,0.7892062310304658,0.88,2.8,11.35,,-0.015936315126201084,0.16751950275244237,59.999964097031366,0.02091425781951539,0.08959352582562241,False,0.5150164529514811,,0.901,Nordic,True,True,,56.46238997282872,69.5132365499573,39.862142793642064,90.10255045267854,21.1734693877551,66.65268456375838,,50.0,,50.0,48.278313707610856,standard,502,49371463,False,37.2,False,27.936241610738254,20.889261744966444,30.536912751677853,50.041946308724825,50.041946308724825,50.041946308724825,1,SVAG,-8,UPPTREND,False,3,0.42857142857142855,LÅG,EJ AKTUELL,-5.5
CBOE,"Cboe Global Markets, Inc.",Financial Services,Financial Data & Stock Exchanges,United States,USD,28613391466.693604,5.722122000000001,5.380393500000002,2.6216,2.5021256999999997,5.971075,5.856,6.92575,0.11642250300000001,0.086370003,0.0029699900000000057,0.022562510000000008,0.08901000000000003,0.0010000000000000009,0.41100000000000003,0.539,-37.532,-0.30899999999999983,0.59,186637504.0,2136199936.0,1584600064.0,28061790208.0,9305300000.0,,4714200000.0,,,1514100000.0,,1100000000.0,1752600000.0,1.04,0.2383,2.88,1.29,0.72,1780012800.0,0.443,370.403634917837,227.14999389648438,273.4100036621094,308.92856,3.0,14.0,2.87,0.0298,0.00254,0.91612,False,False,,0.392,1439667.0,1233570.0,1.0859058704453441,3.08,-11.44,2.18,,-0.2618592856877411,0.3120478768127921,71.17262531594976,-0.07980143211491475,-0.008324118548445503,True,0.777924893035756,,0.895,US,True,True,54.06628900258618,70.012700244842,32.080842584685456,71.16681286179642,53.34252700815444,62.67006802721088,66.65268456375838,55.21042084168337,50.0,65.5831739961759,39.2,56.261664814895454,standard,243,337270378,False,51.3,False,63.25503355704698,63.171140939597315,23.406040268456376,50.041946308724825,50.041946308724825,50.041946308724825,4,NEUTRAL,0,NEDTREND,True,3,0.42857142857142855,LÅG,EJ AKTUELL,4.8
ABNB,"Airbnb, Inc.",Consumer Cyclical,Travel Services,United States,USD,61009453627.749405,9.316470249999997,7.612387000000002,1.3658,7.8357080749999986,6.850624,6.102,14.111500000000001,0.17468999999999998,-0.004749996999999992,0.11491,-0.07856,0.37707,0.106,-0.047,0.039,-45.60699999999999,0.07650000000000001,0.745,2374562560.0,12005000192.0,2534000128.0,77168844800.0,22208000000.0,,12241000000.0,,,2544000000.0,,2511000000.0,4646000000.0,,0.0,,,,,1.143,150.8800048828125,110.80999755859375,145.97999572753906,156.75,2.13636,38.0,3.69,0.0361,0.01121,0.89313006,False,False,,0.463,3818211.0,3373770.0,1.422292657431988,3.39,5.93,9.93,,-0.0324761996069608,0.3014306119855958,50.65217113160043,0.049522656864886994,0.11231858533078953,False,0.5440206490595795,,0.25,US,True,True,66.7186327963189,65.99445889667848,69.11471676629661,42.16769876954815,46.64253985969983,48.724489795918366,11.703020134228188,82.06412825651303,50.0,58.31739961759082,46.300000000000004,56.20868081500675,standard,245,492502930,False,54.3,False,86.15771812080537,48.07046979865772,19.966442953020135,50.041946308724825,50.041946308724825,50.041946308724825,4,NEUTRAL,0,UPPTREND,False,3,0.42857142857142855,LÅG,VÄNTA,2.7
NWG.L,NatWest Group plc,Financial Services,Banks - Regional,United Kingdom,GBp,69120630124618.83,-1.5671160000000022,-0.6570795000000009,2.6951,-0.4273806499999999,3.2771263,-3.527,,0.0042475030000000205,-0.011354998500000005,0.128819987,0.07954251000000001,-0.394455,0.010999999999999996,0.022999999999999993,0.121,,,,,248496996352.0,137801007104.0,-57322127360.0,714553000000.0,,16609000000.0,,,,,5831000000.0,7072000000.0,4.89,0.4656,0.33,4.74,0.23,1773878400.0,0.814,8865.432804042357,6284.343512946885,8686.402728076791,756.5,1.83333,18.0,,,0.00063,0.61202997,False,False,,0.5,24307742.0,22056546.0,0.8627512789698428,7.1,11.59,7.97,34.06,-0.02019417212027519,0.30094009756420875,59.08160937856605,0.09879863948309464,0.14632885066597145,False,0.6903155064073668,,1.0,UK,True,True,,49.47589580992211,73.22419088209716,63.77826778647804,54.142054927708216,1.530612244897959,66.65268456375838,,50.0,,50.0,48.11710257077368,standard,509,191592041346,False,36.6,False,27.936241610738254,2.5587248322147653,44.63087248322148,50.041946308724825,50.041946308724825,50.041946308724825,1,SVAG,-8,UPPTREND,False,3,0.42857142857142855,LÅG,EJ AKTUELL,0.1
ETN,Eaton Corporation plc,Industrials,Specialty Industrial Machinery,Ireland,USD,155316113208.0078,7.491826499999998,5.317482500000001,2.9832,3.642890075,5.4454846,6.186,10.957,0.05508998000000001,0.015390003000000006,0.035830003000000006,0.024847487,-0.08101000000000003,0.0995,-0.174,-0.102,34.3,-0.19099999999999984,0.686,1830062592.0,751000000.0,21833000960.0,176442114048.0,41251000000.0,,27448000000.0,,,5209000000.0,,4087000000.0,4472000000.0,1.1,0.4129,4.4,1.55,1.1,1778198400.0,1.181,436.739990234375,310.09348561011313,399.989990234375,455.7916,1.62963,25.0,3.67,0.0239,0.00055,0.88058996,False,False,,0.1,2605758.0,2039420.0,1.0939464962365646,-1.89,2.13,21.5,,-0.08414617580652106,0.35765770036804595,49.0062793817571,-0.009964911142950506,0.0763107672223613,False,0.2816379340779459,,0.841,US,True,True,53.959987013132405,59.659798005539834,66.69513236549959,50.10865169623933,40.385514777414045,31.97278911564626,66.65268456375838,61.523046092184366,50.0,75.04780114722753,10.0,56.11701010923762,standard,247,815747586,False,48.5,False,68.54026845637584,31.543624161073826,27.348993288590606,50.041946308724825,50.041946308724825,50.041946308724825,4,NEUTRAL,0,VARNING,False,2,0.2857142857142857,LÅG,VÄNTA,9.9
DEMANT.CO,Demant A/S,Healthcare,Medical Devices,Denmark,DKK,58587631005.75409,0.36233500000000163,2.504844000000002,1.6383,2.7243131999999997,2.5505042,3.41,1.2679999999999998,0.11434000000000002,0.007729998499999991,-0.015975003,0.019080000000000014,0.33433000000000007,-0.046,-0.7515000000000001,-0.64,170.85025,-0.8177500000000001,0.811,2414250112.0,1330000000.0,20988000256.0,78322630656.0,39074000000.0,,22971000000.0,,,3924000000.0,,1545000000.0,3852000000.0,,0.0,,,0.6,956707200.0,0.749,286.79998779296875,175.0,277.79998779296875,262.15,1.8,20.0,,,0.589,0.17518,False,False,,0.5,379416.0,248611.0,1.0711681297301594,14.13,30.18,23.14,,-0.03138075447373034,0.35346635885056144,63.98303687520569,0.09131188053032124,0.25308416655978583,False,0.6636773909910693,,0.5,Nordic,True,True,83.78628765911712,65.91705229318309,86.89154568744664,17.650117954677544,29.8119114429402,49.82993197278912,11.703020134228188,82.26452905811624,50.0,,50.0,56.102220921738656,standard,248,10570771,False,59.8,False,86.99664429530202,49.16107382550335,54.61409395973155,50.041946308724825,50.041946308724825,50.041946308724825,4,NEUTRAL,0,UPPTREND,False,3,0.42857142857142855,LÅG,VÄNTA,5.0
TRP.TO,TC Energy Corporation,Energy,Oil & Gas Midstream,Canada,CAD,101874385713.60608,7.669608,12.970319999999997,4.3182,2.09253435,6.5823083,10.985,9.068249999999999,0.012582497499999998,-0.010857499250000003,0.13374499999999998,0.29929249999999996,0.30385999999999996,0.0175,-0.37000000000000005,-0.079,126.744,-0.5305,0.401,-471924976.0,1532999936.0,61869998080.0,170010001408.0,118751000000.0,,15239000000.0,,,6762000000.0,,3519000000.0,7346000000.0,3.57,1.0111,3.51,5.79,0.878,1782777600.0,0.977,99.41999816894531,61.42344463891019,97.79000091552734,96.43478,2.29167,23.0,2.77,,0.00048000002,0.76138,False,False,,0.5,4555719.0,4315400.0,0.4080341639682763,2.84,19.01,30.45,,-0.016395064206781607,0.16885699692861472,49.45536399091301,0.03170810662070389,0.18875415892067804,True,0.7182285855942844,,0.709,Canada,True,True,43.964129376070574,70.60758048035261,87.83091374893253,39.01764056619409,43.25424861406487,38.69047619047619,28.355704697986578,44.68937875751503,50.0,,50.0,48.09447482504551,standard,512,301000704,False,38.4,False,27.936241610738254,38.171140939597315,20.973154362416107,50.041946308724825,50.041946308724825,50.041946308724825,3,SVAG,-8,UPPTREND,False,2,0.2857142857142857,LÅG,EJ AKTUELL,-4.4
BEAN.SW,BELIMO Holding AG,Industrials,Building Products & Equipment,Switzerland,CHF,9864575138.0,27.446006500000003,17.7202645,1.41,12.865299875,8.801267,8.739,22.5375,0.15766498499999998,0.13713,0.09806499599999999,0.082362507,0.22840999999999995,0.1205,0.076,0.156,-63.547,1.1869999999999998,1.346,-519240192.0,115992000.0,46638000.0,9795221504.0,878803000.0,,1120813000.0,,,232852000.0,,181625000.0,184857000.0,1.25,0.6432,10.0,1.65,10.0,1774396800.0,1.13,969.5,598.9996380559579,802.0,983.44446,2.5,9.0,,,0.20236999,0.51186,False,False,,0.5,26600.0,19570.0,1.0312175482503554,-16.93,9.19,-9.12,,-0.17276946879834965,0.37626589545634515,32.57575757575758,-0.05623742336341919,0.012840018858186752,False,0.18178920392296108,,0.5,Europe,True,True,20.957893440512308,83.54672984454103,48.34898946769143,57.11623462979104,48.971139139856945,80.78231292517006,66.65268456375838,20.841683366733466,50.0,,50.0,56.08448641606757,standard,249,19450194,False,43.8,False,27.936241610738254,81.04026845637584,14.261744966442953,50.041946308724825,50.041946308724825,50.041946308724825,4,NEUTRAL,0,VARNING,False,2,0.2857142857142857,LÅG,VÄNTA,6.7
WMB,"The Williams Companies, Inc.",Energy,Oil & Gas Midstream,United States,USD,89743609326.63495,11.078699000000004,16.2377105,2.3462,4.38506635,7.4113145,10.017,8.688750000000002,0.08077750250000001,-0.0017124942499999983,0.12076999299999999,0.1582675,0.18299999999999994,0.041499999999999995,-0.03500000000000003,0.252,142.7595,-0.36550000000000005,0.623,-1006687504.0,950000000.0,30301999104.0,121300615168.0,58573000000.0,,11950000000.0,,,4408000000.0,,2618000000.0,5898000000.0,2.81,0.8882,2.1,4.5,0.525,1781222400.0,0.595,79.49299040577026,54.103766929854714,73.37999725341797,83.59091,1.52174,22.0,3.18,0.0226,0.00446,0.89036006,False,False,,0.1,6957664.0,6517560.0,1.0631309754629938,2.66,4.32,22.64,,-0.0768997759569573,0.22707801742842884,34.10366237095364,-0.007994251528334773,0.0913166925172979,False,0.23841060437046505,,0.351,US,True,True,41.76000044782302,73.02728011586017,69.62709934528893,47.53303486188324,48.47143414533683,41.41156462585034,66.65268456375838,40.981963927855716,50.0,76.8642447418738,10.0,48.043514695887765,standard,514,478258535,False,38.2,False,27.936241610738254,40.855704697986575,17.449664429530202,50.041946308724825,50.041946308724825,50.041946308724825,1,SVAG,-8,VARNING,False,3,0.42857142857142855,LÅG,EJ AKTUELL,-2.4
ASIANPAINT.NS,Asian Paints Limited,Basic Materials,Specialty Chemicals,India,INR,2577794509255.0,33.4225675,26.722974,,8.401648199999999,7.244345,7.135,23.064999999999998,0.07294999,0.049360009999999996,0.002970000999999972,-0.008810000000000012,0.018820009999999998,0.0010000000000000009,0.26899999999999996,0.693,5.856500000000004,0.4870000000000001,1.485,25251137536.0,86016401408.0,39289298944.0,2538989682688.0,345344900000.0,,355409000000.0,,,56071900000.0,,43253500000.0,70881800000.0,1.02,0.5553,27.5,0.88,23.0,1782172800.0,0.304,2960.0187763517797,2096.8080953222207,2689.0,2898.1714,2.48571,35.0,,,0.52884996,0.28192,False,False,,0.5,1237961.0,819572.0,0.38524939221841104,-1.55,6.63,-3.61,,-0.09155981661907231,0.23758339342661222,54.727554883100154,0.012941245034925997,0.053081691435805434,False,0.5634122600394145,,0.717,India,True,True,48.74771890149013,62.28323444911665,55.935098206660975,66.57597283130296,80.39466426549996,12.925170068027212,66.65268456375838,60.62124248496994,50.0,,50.0,56.016317870943965,standard,251,22889791,False,43.8,False,66.2751677852349,12.751677852348994,18.37248322147651,50.041946308724825,50.041946308724825,50.041946308724825,6,NEUTRAL,0,UPPTREND,False,4,0.5714285714285714,MEDEL,VÄNTA,-3.3
6383.T,"Daifuku Co., Ltd.",Industrials,Specialty Industrial Machinery,Japan,JPY,2288993884725.0,6.261505000000003,20.678486499999998,4.7594,2.581946075,3.4002805,3.117,4.4645,,,0.065195,0.090602497,-0.04579500000000003,0.009499999999999995,0.076,0.156,-25.622499999999995,1.0065,2.361,,251888992256.0,61326000128.0,2098443845632.0,754211000000.0,,660724000000.0,,,101443000000.0,,78096000000.0,116129000000.0,1.32,0.3852,82.0,1.36,46.0,1798502400.0,1.057,7817.512354907401,3579.4887311720026,6225.0,7486.6665,,15.0,,,0.06687,0.60954,False,False,,0.5,1779680.0,1416270.0,1.9494925654944537,-13.29,-2.58,17.38,,-0.20371088430806372,0.39588913819658683,33.656276326874476,-0.10852960992174998,0.07113784760582131,False,-0.10233989149941625,,1.0,Japan,True,True,,64.62063086104007,51.437517791061765,66.23809012329082,48.308085296783844,13.26530612244898,66.65268456375838,,50.0,,50.0,47.97716928725564,standard,519,54303161,False,38.0,False,27.936241610738254,13.087248322147651,43.37248322147651,50.041946308724825,50.041946308724825,50.041946308724825,3,SVAG,-8,VARNING,False,3,0.42857142857142855,LÅG,EJ AKTUELL,-3.2
EQNR.OL,Equinor ASA,Energy,Oil & Gas Integrated,Norway,NOK,851616607448.4832,-0.9353629999999988,-2.0333445,0.7831,0.0047245500000000495,8.168201,8.689,14.582250000000002,0.005947502500000007,0.06865750075,-0.020815,0.16874250000000002,-0.04078998,-0.1015,0.006999999999999951,0.182,34.45649999999999,-0.09999999999999998,0.89,17225500032.0,20096000000.0,31857000448.0,905899212800.0,131727000000.0,,105828000000.0,,,24730000000.0,,5043000000.0,19971000000.0,4.2,0.6733,14.48,3.81,0.39,1786579200.0,-0.75,417.96747634544374,220.8247623885661,358.20001220703125,342.42953,3.2,25.0,,,0.71654,0.21117,False,False,,0.5,3187253.0,2562869.0,1.1047212697642486,14.73,1.49,46.7,,-0.1429954901299918,0.37410478965325916,78.8508459855605,0.05790428342511489,0.23587800754086974,True,0.9970382067862648,,0.649,Nordic,True,True,59.116165291476804,62.498485309565964,65.99772274409337,44.10342689462779,59.41546468991176,17.9421768707483,66.65268456375838,71.44288577154309,50.0,,50.0,55.97182707858413,standard,252,95309356,False,46.4,False,75.67114093959731,17.701342281879196,15.68791946308725,50.041946308724825,50.041946308724825,50.041946308724825,5,NEUTRAL,0,UPPTREND,False,3,0.42857142857142855,LÅG,VÄNTA,3.0
2308.TW,"Delta Electronics, Inc.",Technology,Electronic Components,Taiwan,TWD,4519725392460.0,41.9431085,11.328487,1.5541,11.4900257,7.5921144,7.53,20.414250000000003,0.11844750500000002,0.05438999700000001,-0.012234991999999993,0.024357505000000015,-0.002934979999999976,0.19700000000000004,0.794,1.009,13.2055,0.2254999999999998,1.383,23290105856.0,164034822144.0,69202780160.0,4482609446912.0,639618600000.0,,554885168000.0,,,84350955000.0,,60108399000.0,98474281000.0,0.67,0.2588,11.6,1.89,11.6,1781654400.0,1.442,2571.553237672836,487.45111316382764,1740.0,2685.6316,1.52632,19.0,,,0.25931,0.38783002,False,False,,0.5,11030617.0,8058049.0,1.0800358301271056,-19.26,-4.94,66.58,,-0.3233661374342621,0.5456417657714929,37.59398496240601,-0.1741742921341478,0.21129971808470227,False,-0.006774463565093841,,0.526,Asia,True,True,43.793844672585394,64.3029034882154,50.25619128949615,75.45272745647858,41.475726896408254,10.374149659863946,66.65268456375838,52.90581162324649,50.0,,50.0,55.956171693152406,standard,253,433215028,False,42.0,False,61.66107382550335,10.234899328859061,16.946308724832214,50.041946308724825,50.041946308724825,50.041946308724825,6,NEUTRAL,0,VARNING,False,3,0.42857142857142855,LÅG,VÄNTA,2.0
SCHW,The Charles Schwab Corporation,Financial Services,Capital Markets,United States,USD,176626597844.9837,2.402602,0.6772045000000002,1.2271,1.3325662999999999,7.1208916,5.901,,0.055852503000000005,0.0001500019999999963,0.12508998999999996,0.11885253000000001,0.52254,0.094,0.253,0.299,53.745000000000005,-1.0619999999999998,0.632,,96474996736.0,59457998848.0,146372608000.0,490995000000.0,,23921000000.0,,,,,8852000000.0,9311000000.0,1.25,0.22469999,1.28,1.25,0.32,1778198400.0,0.762,106.75512952828588,83.95999908447266,101.55999755859375,120.36842,1.66667,19.0,0.0,0.0,0.061690003,0.88641,False,False,,0.678,11056533.0,8356160.0,0.775777667645722,8.42,10.05,0.34,,-0.048664003244131004,0.25149689885104715,80.06623370276816,0.0966582640021918,0.0732935217440378,True,0.7094512354012331,,0.702,US,True,True,,76.4495926601567,64.5602049530316,69.33623682631666,43.665656163456475,29.591836734693878,66.65268456375838,,50.0,99.0,67.80000000000001,55.79890875210923,holding,256,848651589,False,36.8,False,27.936241610738254,29.194630872483224,19.29530201342282,50.041946308724825,50.041946308724825,50.041946308724825,6,NEUTRAL,0,UPPTREND,False,4,0.5714285714285714,MEDEL,VÄNTA,4.3
ZAL.DE,Zalando SE,Consumer Cyclical,Internet Retail,Germany,EUR,7205095823.458729,40.63014625,0.0,0.8043,0.26137737499999947,0.55755347,0.568,0.33800000000000097,-0.09683500500000003,-0.02800999999999999,-0.034965007000000006,-0.10601500100000001,0.022830020000000006,0.16499999999999998,,,-21.499999999999993,-0.15749999999999997,0.483,587319296.0,1259699968.0,1407600000.0,7338829312.0,9257700000.0,,12346200000.0,,,387300000.0,,215100000.0,1126300000.0,,0.0,,,,,1.574,28.399999618530273,18.610000610351562,27.90999984741211,35.35909,1.6087,22.0,,,0.10682999,0.66914004,False,False,,0.5,1531937.0,1043047.0,0.7937164483823733,13.96,19.63,9.62,0.47,-0.0172535132992907,0.4063197363154578,76.43680659870117,0.15748611839996296,0.19187932927960794,True,0.8347949947909523,,0.325,Europe,True,True,95.57304553240559,27.973005287139294,68.34108305455229,49.124114140892665,27.645725315961386,85.20408163265306,11.703020134228188,95.59118236472945,50.0,,50.0,55.797531989429366,standard,257,33319722,False,72.7,True,94.37919463087249,85.40268456375838,91.61073825503355,50.041946308724825,50.041946308724825,50.041946308724825,4,NEUTRAL,0,UPPTREND,False,2,0.2857142857142857,LÅG,VÄNTA,
WES.AX,Wesfarmers Limited,Consumer Cyclical,Home Improvement Retail,Australia,AUD,105354240623.00793,7.562588249999999,10.840306000000002,1.51,10.179136875000001,2.2694895,2.527,7.510000000000003,0.207845,0.026509999000000013,-0.132605003,-0.16891,-0.04118499999999997,-0.041999999999999996,-0.013999999999999999,0.093,119.08300000000003,-0.4335,0.322,1924875008.0,729000000.0,12688000000.0,117313265664.0,27981000000.0,,45576000000.0,,,3822000000.0,,2926000000.0,,2.3,0.763,2.13,3.12,1.02,1771891200.0,0.819,93.53029414522805,70.80000305175781,92.80000305175781,76.84766,3.61538,13.0,,,0.00715,0.33403,False,False,,0.5,1722991.0,1343436.0,0.8488574196031706,8.18,24.35,12.92,13.58,-0.00780807010332174,0.20519586550037028,57.550710174593064,0.12093001445427265,0.14655835226794434,False,0.9113473346772363,,0.5,Australia,True,True,62.62709777096091,46.88351124726911,75.88844318742704,39.55465876447313,46.29791599662461,38.265306122448976,66.65268456375838,68.6372745490982,50.0,,50.0,47.71921034095132,standard,526,87078903,False,55.6,False,74.49664429530202,37.75167785234899,58.7248322147651,50.041946308724825,50.041946308724825,50.041946308724825,3,SVAG,-8,UPPTREND,False,3,0.42857142857142855,LÅG,EJ AKTUELL,-14.1
HSBA.L,HSBC Holdings plc,Financial Services,Banks - Diversified,United Kingdom,GBp,332047365669368.2,5.089589999999996,1.970442499999999,0.9748,0.17302325000000018,4.012381,-2.082,,-0.020362496999999986,-0.012354998500000006,0.10981998700000001,0.08380250999999994,-0.394455,-0.031,-0.10700000000000001,0.003,,,,,1162820976640.0,773452988416.0,-132795793408.0,3233034000000.0,,71020000000.0,,,,,22285000000.0,29766000000.0,3.72,0.6082,0.56,5.05,0.074489,1778716800.0,0.565,20468.388662338257,11739.797111634081,19363.38400650816,1441.8754,2.29412,17.0,,,0.00198,0.52727,False,False,,0.5,22067031.0,18336662.0,0.9247133422245796,6.13,14.07,26.76,59.44,-0.053985913305589106,0.2559447787720814,76.79849108025678,0.0869664557312615,0.25002761111102556,True,0.9179834562530531,,0.956,UK,True,True,,46.33266365176344,82.18853563565995,48.09088728878837,71.24101204801461,0.25510204081632654,66.65268456375838,,50.0,,50.0,47.64870406607588,standard,529,355059827704,False,35.4,False,27.936241610738254,2.5587248322147653,36.577181208053695,50.041946308724825,50.041946308724825,50.041946308724825,0,SVAG,-8,UPPTREND,False,3,0.42857142857142855,LÅG,EJ AKTUELL,-2.9
6954.T,Fanuc Corporation,Industrials,Specialty Industrial Machinery,Japan,JPY,6193369307513.0,12.665638000000001,15.674721499999997,3.3045,0.908740675,7.219802,6.362,9.749500000000001,-0.018545009999999987,0.016969999999999992,0.139405,0.177412487,0.08782500999999998,0.03749999999999999,0.03,0.11,,5.1285,5.14,129394435072.0,753871028224.0,0.0,5457576984576.0,2090700000000.0,,857831000000.0,,,183763000000.0,,166543000000.0,250896000000.0,1.61,0.6,107.09,2.1,55.76,1774828800.0,0.945,8880.0,3629.1008561026138,6637.0,7424.5,2.45,20.0,,,0.0072899996,0.5357,False,False,,0.5,7018514.0,5645120.0,1.3975265726318604,-12.63,7.6,1.09,,-0.25259009009009004,0.5138585538784756,42.98780487804878,-0.1113247514199791,0.07585626423645753,False,0.08025273210832727,,0.75,Japan,True,True,65.13468277336796,68.8838521557759,47.0538001707942,58.77351669017178,52.17619252691387,8.58843537414966,66.65268456375838,75.65130260521042,50.0,,50.0,55.557882943904914,standard,263,230772839,False,45.6,False,76.25838926174497,8.473154362416107,18.456375838926174,50.041946308724825,50.041946308724825,50.041946308724825,6,NEUTRAL,0,VARNING,False,3,0.42857142857142855,LÅG,VÄNTA,-1.8
SWED-A.ST,Swedbank AB (publ),Financial Services,Banks - Regional,Sweden,SEK,404087800392.61,-0.7187530000000013,2.0303845000000003,7.2342,-0.46241710000000036,5.9244328,17.918,,0.022872503000000023,-0.009830000500000005,0.249114967,0.21046751000000002,-0.42188,-0.096,-0.238,-0.104,,,,,316877996032.0,1122453028864.0,1222160023552.0,3062782000000.0,,67899000000.0,,,,,32762000000.0,-46342000000.0,5.52,0.72470003,20.45,5.97,29.8,1774396800.0,0.56,374.3999938964844,220.63634575882423,359.6000061035156,354.4375,2.9375,16.0,,,0.17117001,0.49811,False,False,,0.5,1813578.0,1521680.0,2.1259132187423173,1.96,8.09,14.42,,-0.039529882570085495,0.16801378891269655,50.902525683752444,0.03610223933602952,0.1682024654705121,False,0.3468487242522247,,0.771,Nordic,True,True,,56.34204590596268,73.04298320523769,31.877102945900237,83.15568149470796,21.93877551020408,66.65268456375838,,50.0,,50.0,47.54556201009049,standard,532,56733189,False,36.3,False,27.936241610738254,21.644295302013422,23.741610738255034,50.041946308724825,50.041946308724825,50.041946308724825,1,SVAG,-8,UPPTREND,False,3,0.42857142857142855,LÅG,EJ AKTUELL,-6.5
IMO.TO,Imperial Oil Limited,Energy,Oil & Gas Integrated,Canada,CAD,83124751486.18843,8.006364000000001,3.6702329999999996,5.19,1.7150783500000002,1.7735928,1.842,4.726249999999999,0.023142497499999998,0.015182502749999997,-0.026225,-0.07801749,-0.22085000000000002,-0.052500000000000005,-0.515,-0.27,-21.227999999999994,0.05149999999999999,0.928,2781449920.0,1029000000.0,4216000000.0,86311755776.0,42309000000.0,,45203000000.0,,,4114000000.0,,3268000000.0,6708000000.0,2.07,0.5136,3.48,2.22,0.87,1780531200.0,0.818,190.81036869942162,109.2840743549209,171.88999938964844,153.1875,3.82353,16.0,4.13,0.0269,0.69606,0.28476,False,False,,0.5,666385.0,655320.0,0.8435661133850623,6.67,3.42,27.47,,-0.09915797259203418,0.27235114817342276,65.42448649603097,0.010879205210446496,0.13734337232960514,True,0.8136712770859683,,0.702,Canada,True,True,78.02398092273933,41.34596878245141,68.18958155422716,27.54708444401141,57.236866489150124,42.857142857142854,66.65268456375838,84.16833667334669,50.0,70.36328871892925,50.0,55.4939193033149,standard,264,80344478,False,59.6,False,82.88590604026845,42.281879194630875,66.61073825503355,50.041946308724825,50.041946308724825,50.041946308724825,5,NEUTRAL,0,UPPTREND,False,3,0.42857142857142855,LÅG,VÄNTA,0.3
SUBC.OL,Subsea 7 S.A.,Energy,Oil & Gas Equipment & Services,Luxembourg,NOK,94471136716.0,2.0679739999999995,1.8445064999999996,1.28,0.04261434999999991,12.859865,12.837,61.29925000000001,-0.008832492499999997,0.017867500750000005,-0.006664999999999997,-0.03280749999999999,-0.25383,0.12150000000000001,4.382,4.272,-19.295500000000004,-0.235,1.073,493907456.0,1073169984.0,875400000.0,94304567296.0,8030500000.0,,7086300000.0,,,735100000.0,,411400000.0,1470700000.0,6.05,0.7725,19.5,,13.0,1779235200.0,0.595,358.20001220703125,173.2540968381653,319.0,344.50208,2.58824,17.0,,,0.23709999,0.54952997,False,False,,0.5,471947.0,374427.0,0.6138546402693885,-3.27,9.44,50.05,,-0.1094360995844259,0.30605183263269226,44.350281511775556,-0.025861838202149712,0.2749307016759499,False,-0.005281871978275305,,0.367,Nordic,True,True,39.57658333426629,42.99440233796554,75.37717050953601,72.15575673551885,52.23035739666317,39.965986394557824,66.65268456375838,53.106212424849694,50.0,,50.0,55.4779335507866,standard,265,12400562,False,45.3,False,61.91275167785235,39.42953020134228,9.228187919463087,50.041946308724825,50.041946308724825,50.041946308724825,5,NEUTRAL,0,VARNING,False,3,0.42857142857142855,LÅG,VÄNTA,-0.3
TXRH,"Texas Roadhouse, Inc.",Consumer Cyclical,Restaurants,United States,USD,12950705963.213654,4.346270249999998,9.24708,2.4402,5.011028075,2.135814,2.278,4.339500000000003,0.14065999999999998,0.022710003000000013,-0.015620000000000009,-0.02106000000000001,-0.28781001,0.05500000000000001,-0.006999999999999992,0.086,-10.260999999999989,-0.9064999999999999,0.34,-626195376.0,214560992.0,1054270016.0,13811844096.0,3549472000.0,,5878075000.0,,,475089000.0,,405554000.0,730067000.0,1.52,0.445,3.0,1.54,0.75,1780358400.0,0.796,200.11000061035156,153.17223310879282,197.02999877929688,196.30435,2.14286,23.0,2.46,0.0481,0.00445,1.03727,False,False,,0.459,1182872.0,877810.0,1.0614179719703216,17.12,23.71,5.11,,-0.015391543759234572,0.3004782810686595,50.490854607217585,0.09962337261773024,0.1405958770011999,True,0.8401907822835664,,0.284,US,True,True,36.498471803943076,51.03013545057212,77.48363222317109,43.398933938171105,37.93644544384939,76.6156462585034,66.65268456375838,24.04809619238477,50.0,47.89674952198853,45.9,47.45512613733396,standard,536,172954903,False,50.1,False,27.936241610738254,76.92953020134227,60.151006711409394,50.041946308724825,50.041946308724825,50.041946308724825,2,SVAG,-8,UPPTREND,False,2,0.2857142857142857,LÅG,EJ AKTUELL,-0.8
KPN.AS,Koninklijke KPN N.V.,Communication Services,Telecom Services,Netherlands,EUR,16440103814.873825,3.566562000000003,2.201506000000002,2.29,1.9472432,2.821851,3.997,0.5784999999999982,0.07028499999999997,0.027329999500000007,0.07068999599999998,0.08965999999999999,0.15389999999999998,-0.039,0.20600000000000002,0.17,117.52050000000001,-0.16249999999999998,0.239,-360680688.0,449000000.0,7104999936.0,23285196800.0,12696000000.0,,5797000000.0,,,1435000000.0,,855000000.0,2308000000.0,5.08,0.8333,0.22,4.44,0.109,1776384000.0,0.252,4.796524048236586,3.665803244635766,4.35699987411499,4.584,2.42857,20.0,,,0.00133,0.72244,False,False,,0.5,10694310.0,8049359.0,0.8462025361429644,0.83,-6.34,14.67,10.13,-0.09163389356573415,0.17574421061733764,45.026860529058204,-0.012340670260159281,0.02618701785644495,True,0.6356202832317458,,0.062,Europe,True,True,53.77313285789455,74.13727244490788,53.96851667593761,40.28286219056161,61.92445824022172,73.12925170068027,66.65268456375838,37.07414829659319,50.0,,50.0,47.44950736157017,standard,537,40140844,False,48.3,False,27.936241610738254,73.48993288590604,51.67785234899329,50.041946308724825,50.041946308724825,50.041946308724825,2,SVAG,-8,VARNING,False,3,0.42857142857142855,LÅG,EJ AKTUELL,-6.3
EG,"Everest Group, Ltd.",Financial Services,Insurance - Reinsurance,Bermuda,USD,15138908066.97107,-10.4337933,-6.492801699999999,0.97,-1.8279989000000003,0.87321377,0.87,,0.0032425030000000146,0.006990002999999998,-0.13745001,-0.17234748000000003,-0.29719,-0.111,2.174,2.11,-43.55,-1.3119999999999998,0.24,3176812544.0,3638000128.0,3588999936.0,15089907712.0,62514000000.0,,17218000000.0,,,,,1591000000.0,3068000000.0,2.14,0.16290002,8.0,2.12,2.0,1781222400.0,0.287,385.69000244140625,298.7757447658431,382.57000732421875,400.8,2.4375,15.0,3.05,0.046,0.00804,1.01275,False,False,,0.624,396054.0,328380.0,1.095066324002259,13.27,11.74,18.82,,-0.008089385510223313,0.2389010139309426,70.19560487132458,0.09726925485413607,0.14762193792629397,True,0.8667230331719844,,0.431,US,True,True,,29.039127044089337,81.32650156561344,54.27801067452352,55.8106346942511,74.23469387755102,66.65268456375838,99.04809619238478,50.0,49.330783938814534,62.4,55.39980204747304,standard,266,125628339,False,70.6,True,97.5251677852349,74.58053691275168,83.55704697986577,50.041946308724825,50.041946308724825,50.041946308724825,5,NEUTRAL,0,UPPTREND,False,2,0.2857142857142857,LÅG,VÄNTA,2.7
SHB-A.ST,Svenska Handelsbanken AB (publ),Financial Services,Banks - Diversified,Sweden,SEK,270421270728.2389,-1.8494650000000021,0.08184250000000048,19.2657,-0.6541741000000003,4.939449,23.741,,-0.009637496999999988,-0.013680000000000005,0.19770498699999997,0.15443751,-0.42188,-0.094,-0.18,-0.047,,,,,607053021184.0,1671565934592.0,1339833974784.0,3387566000000.0,,56805000000.0,,,,,23727000000.0,-46294000000.0,5.72,0.66830003,8.0,5.5,17.5,1774483200.0,,146.10000610351562,99.67969831411844,139.0500030517578,133.30765,3.88235,17.0,,,0.27364,0.42679,False,False,,0.5,4738753.0,5062889.0,0.9349001833077845,-0.96,5.46,12.93,,-0.04825463899544746,0.1682803550664676,44.11085824716656,0.009715952398064998,0.12749018751111674,False,0.0765276819126685,,1.0,Nordic,True,True,,50.688056313614695,69.2712781098776,41.29947307599543,97.43808710503843,25.255102040816325,66.65268456375838,,50.0,,50.0,47.38830803817006,standard,542,72990037,False,37.7,False,27.936241610738254,24.916107382550333,29.949664429530205,50.041946308724825,50.041946308724825,50.041946308724825,1,SVAG,-8,UPPTREND,False,3,0.42857142857142855,LÅG,EJ AKTUELL,-3.3
EXR,Extra Space Storage Inc.,Real Estate,REIT - Industrial,United States,USD,31300421051.420654,0.484729999999999,6.9955169999999995,6.4907,-0.008476299999999881,9.40024,13.219,1.4849999999999994,0.0005949999999999983,0.0066900000000000015,0.011705010000000016,0.05464499999999997,0.29625,-0.0175,-0.301,-0.11,6.065499999999997,-0.03700000000000003,0.1,524557696.0,141698000.0,13941396480.0,45980139520.0,29264046000.0,,3377542000.0,,,1489001000.0,,973999000.0,1850193000.0,4.31,1.4562,6.48,3.65,1.62,1781481600.0,1.2,152.72000122070312,121.45179784954341,148.16000366210938,156.45,2.33333,20.0,3.46,0.0292,0.00942,1.01943,False,False,,0.746,1153937.0,878250.0,0.7385744243979108,1.2,5.74,4.69,,-0.029858548468735813,0.25345719896706137,48.210018775644826,0.026807924134500283,0.0755183163761437,True,0.7059108509346455,,0.454,US,True,True,69.36840160768465,63.98436404671084,66.29661258183889,25.266714575786736,58.410032416260066,60.96938775510205,28.355704697986578,62.62525050100201,50.0,66.53919694072657,74.6,55.34058920452565,standard,268,130121523,False,52.0,False,73.15436241610739,61.493288590604024,13.003355704697986,50.041946308724825,50.041946308724825,50.041946308724825,4,NEUTRAL,0,UPPTREND,False,3,0.42857142857142855,LÅG,VÄNTA,6.1
BNP.PA,BNP Paribas SA,Financial Services,Banks - Regional,France,EUR,112144126041.36932,-4.038169000000002,-3.4192114999999994,1.1676,-0.7276622600000002,2.2879968,,,-0.030262502000000017,-0.0002500000000000002,0.039774982999999986,0.012947529999999985,-0.37562,0.028999999999999998,-0.013000000000000012,0.09,,,,,1143160045568.0,653543014400.0,,2792981000000.0,,68804000000.0,,,,,12225000000.0,46571000000.0,9.67,0.6961,9.95,6.88,2.57,1779062400.0,1.039,103.5999984741211,63.2448373359118,101.94000244140625,,,,,,0.11287,0.46445,False,False,,0.5,1966767.0,1523588.0,0.992464535223947,0.83,13.35,20.85,40.82,-0.016023127964905348,0.2807951654455452,54.87654977992489,0.05780961850059407,0.21324862801886924,False,0.5641780358180046,,0.5,Europe,True,True,,42.50443647141602,81.13869977044634,46.811400699160934,49.11697184113922,37.244897959183675,66.65268456375838,,50.0,,50.0,47.31818289596996,standard,544,177766464,False,43.8,False,27.936241610738254,36.74496644295302,58.305369127516784,50.041946308724825,50.041946308724825,50.041946308724825,1,SVAG,-8,UPPTREND,False,2,0.2857142857142857,LÅG,EJ AKTUELL,-1.6
MASI,Masimo Corporation,Healthcare,Medical Devices,United States,USD,9423817728.0,15.446984999999998,10.275939999999999,4.83,8.145436,6.046723,6.278,12.6875,0.12410000000000002,0.040780001499999996,-0.0703,0.04292499999999999,0.16423999999999994,0.0050000000000000044,,,2.29225,0.6447499999999998,1.271,-488512512.0,124600000.0,485900000.0,9784526848.0,1698900000.0,,1526900000.0,,,312800000.0,,-151500000.0,217800000.0,,0.0,,,1.0,1353628800.0,1.098,179.99,125.94,179.95,180.0,3.0,3.0,3.84,0.0734,0.06215,1.04782,False,False,,0.5,946426.0,854373.0,,,,,,,,,,,,,,0.956,US,True,True,25.584185130036605,65.40850575763139,,70.46143872905618,65.25908922847636,81.37755102040816,11.703020134228188,21.9438877755511,50.0,30.592734225621417,50.0,47.2306175669203,standard,547,153744421,False,45.2,False,27.936241610738254,81.62751677852349,22.986577181208055,50.041946308724825,50.041946308724825,50.041946308724825,3,SVAG,-8,UPPTREND,False,3,0.42857142857142855,LÅG,EJ AKTUELL,-10.1
HSY,The Hershey Company,Consumer Defensive,Confectioners,United States,USD,25409561986.943024,6.823641750000005,0.8873175000000018,1.003,3.43903385,2.8997142,3.3,4.7545,0.057347499999999996,0.012342503999999994,0.006185006999999999,0.08559,-0.10171000000000002,0.07,0.8720000000000001,0.941,13.253,0.1825,0.609,710803072.0,876976000.0,5681147904.0,39575584768.0,13741297000.0,,11692576000.0,,,1462122000.0,,883259000.0,2277367000.0,3.32,1.0358,5.81,2.33,1.452,1778803200.0,0.098,237.65293938503106,157.93661550230973,171.4199981689453,212.57143,2.47826,21.0,4.28,0.0783,0.00308,0.87441003,False,False,,0.396,2073253.0,1860450.0,0.4984613288214119,-6.08,-9.73,-12.68,,-0.278696074146927,0.2759457261547075,40.86481642336243,-0.05921423733861664,-0.10119131219759425,False,0.22006960486461194,,1.0,US,True,True,68.21861600295563,59.57326396072367,25.334471961286653,84.7054480902507,74.34681997187988,64.79591836734694,28.355704697986578,70.24048096192385,50.0,28.107074569789674,39.6,55.22610361753256,standard,269,318918336,False,59.6,False,79.9496644295302,65.26845637583892,48.48993288590604,50.041946308724825,50.041946308724825,50.041946308724825,5,NEUTRAL,0,NEDTREND,True,3,0.42857142857142855,LÅG,EJ AKTUELL,1.4
0939.HK,China Construction Bank Corporation,Financial Services,Banks - Diversified,China,HKD,1993059572634.007,-2.9651859000000016,-3.0968679999999997,0.9789,-0.5001180000000001,3.529301,4.832,,-0.017137502000000006,0.007749999999999993,0.277774992,0.29986750999999995,-0.357915,-0.013999999999999999,-0.133,0.035,,,,,5293374177280.0,6010644201472.0,2968912134144.0,45631818000000.0,,760713000000.0,,,,,338906000000.0,2101242000000.0,5.29,0.30290002,0.44,7.84,0.234256,1782950400.0,0.23,8.806715886134135,6.796728887104952,8.289999961853027,10.765682,1.35294,17.0,,,0.63251,0.15564999,False,False,,0.5,250450299.0,205210520.0,0.9869248966463604,-3.96,0.68,12.19,,-0.05867294130547107,0.2051340429945953,60.22833365032279,-0.005481712171412356,0.058198268942054154,True,0.7378749183632639,,0.511,Asia,True,True,,59.88724703042785,63.59237119271279,38.875584565237986,90.41315928591762,13.945578231292515,66.65268456375838,,50.0,,50.0,47.18849976530673,standard,550,216997471,False,37.9,False,27.936241610738254,13.758389261744966,42.11409395973154,50.041946308724825,50.041946308724825,50.041946308724825,2,SVAG,-8,VARNING,False,3,0.42857142857142855,LÅG,EJ AKTUELL,-8.6
DLTR,"Dollar Tree, Inc.",Consumer Defensive,Discount Stores,United States,USD,24202468081.89624,-5.153596249999999,-0.04321249999999921,1.6024,3.03889655,1.2255719,1.559,0.049500000000001876,0.1647675,0.0013624989999999927,-0.019924992999999995,-0.03695999000000001,-0.08215,0.036,0.031,0.011,109.76000000000002,0.10350000000000004,0.316,627187456.0,1007299968.0,7593299968.0,30788466688.0,13466200000.0,,19411800000.0,,,1653100000.0,,1282500000.0,2534000000.0,,0.0,,,,,0.651,142.39999389648438,84.70999908447266,125.94000244140625,127.2,2.62963,25.0,4.22,0.1001,0.00159,1.05832,False,False,,0.496,3841943.0,2988560.0,0.6120201659521021,13.73,26.03,-10.23,,-0.11558983258836009,0.41073259031602966,53.81496266154104,0.14627630283312532,0.12744902802166913,False,0.7288169475464644,,1.0,US,True,True,80.43209323675283,50.564633506692545,60.062624537432406,62.11061456189806,43.215958993481685,66.15646258503402,11.703020134228188,72.44488977955912,50.0,22.084130019120458,49.6,55.172883641986274,standard,272,376379254,False,63.6,False,78.60738255033557,66.61073825503355,76.09060402684564,50.041946308724825,50.041946308724825,50.041946308724825,4,NEUTRAL,0,UPPTREND,False,3,0.42857142857142855,LÅG,VÄNTA,9.6
LAND.L,Land Securities Group Plc,Real Estate,REIT - Diversified,United Kingdom,GBp,6782121442978.456,-11.112668999999999,-7.3902480000000015,3.56,-0.5294537499999996,5.85931,10.771,7.979000000000003,-0.016560000000000005,-0.0037550015000000006,0.13963498700000004,0.03717500000000004,0.18738500000000002,-0.051500000000000004,0.424,0.618,-39.685500000000005,0.06099999999999983,0.447,-353362528.0,106000000.0,4517000192.0,9608023040.0,11540000000.0,,870000000.0,,,421000000.0,,343000000.0,214000000.0,12.84,0.6819,0.89,6.04,0.222,1781740800.0,1.143,9102.944863319397,6549.87270980552,9102.944863319397,707.176,2.0,17.0,,,0.0075700004,0.7566,False,False,,0.5,3451913.0,2145021.0,1.0751157837540641,14.14,17.36,13.63,20.51,0.0,0.2445158898252306,80.97776151671704,0.12695748832963072,0.17657554791486563,True,1.0406378546519948,,0.5,UK,True,True,33.0160880420058,62.13217301200251,77.31066719419613,54.06422499298841,53.147160201694135,8.24829931972789,66.65268456375838,27.054108216432866,50.0,,50.0,47.094524597955065,standard,553,19526007894,False,34.3,False,27.936241610738254,8.13758389261745,24.161073825503358,50.041946308724825,50.041946308724825,50.041946308724825,3,SVAG,-8,UPPTREND,False,3,0.42857142857142855,LÅG,EJ AKTUELL,-4.9
WEC,"WEC Energy Group, Inc.",Utilities,Utilities - Regulated Electric,United States,USD,36921005104.28206,0.4852730000000012,1.8134139999999999,2.4081,0.03495192999999985,3.6610544,5.913,1.86625,0.019035000000000003,-0.003380000000000001,0.0301950115,0.06610748000000001,-0.034420000000000006,0.010999999999999996,0.019000000000000003,0.111,-1.8365000000000151,-0.24549999999999983,0.447,-2883449984.0,45600000.0,22317799424.0,59631505408.0,51518300000.0,,9800100000.0,,,2374900000.0,,1558700000.0,3379400000.0,3.33,0.7275,3.81,3.26,0.953,1786665600.0,0.46,119.91000366210938,101.22246905187251,113.3499984741211,124.36111,2.35,18.0,6.73,0.056999996,0.00154,0.87088996,False,False,,0.833,2086500.0,1835650.0,0.9615928072896011,-1.15,-1.81,7.67,,-0.054707739034630665,0.15669714153455155,34.567907577330004,-0.0003455153761406926,0.018836272479389793,False,0.2062194910268335,,0.611,US,True,True,40.068964745132725,56.733899854200196,58.696270993452885,52.01509623153918,69.6556028010417,58.41836734693877,66.65268456375838,22.44488977955912,50.0,40.152963671128106,93.3,47.06649824820042,standard,555,208070925,False,44.4,False,27.936241610738254,58.9765100671141,40.26845637583892,50.041946308724825,50.041946308724825,50.041946308724825,3,SVAG,-8,VARNING,False,2,0.2857142857142857,LÅG,EJ AKTUELL,1.4
SEDG,"SolarEdge Technologies, Inc.",Technology,Solar,Israel,USD,3251949335.180969,,14.639263000000001,4.61,2.5235742999999995,2.5496187,2.442,-34.94925,-0.8717225000000001,-0.114479998,-0.392380018,-0.297427505,-0.26906,0.272,,,48.587999999999994,0.3434999999999999,1.262,-538598144.0,541649984.0,404347008.0,3114646272.0,2182194000.0,,1184444000.0,,,-229702000.0,,-405448000.0,104261000.0,,0.0,,,,,1.451,81.25,23.010000228881836,53.470001220703125,44.57143,3.19231,21.0,3.73,0.19469999,0.01194,1.06691,False,False,,0.826,3534414.0,2072580.0,0.7603047325132594,-6.44,37.42,53.74,,-0.3419076772836539,0.9642865778190931,52.43626266820061,-0.06451960905808851,0.26408863414872896,False,0.4255029817678482,,0.701,US,True,True,,5.578580621214934,70.3387418161116,75.96887173229456,31.71322515224708,91.83673469387756,11.703020134228188,7.3146292585170345,50.0,8.030592734225621,92.6,47.04596037851611,standard,556,110820855,False,51.5,False,27.936241610738254,91.94630872483222,54.69798657718121,50.041946308724825,50.041946308724825,50.041946308724825,1,SVAG,-8,VARNING,False,2,0.2857142857142857,LÅG,EJ AKTUELL,-5.5
MSFT,Microsoft Corporation,Technology,Software - Infrastructure,United States,USD,2925466209536.7607,-8.245295000000002,0.8346250000000008,1.2375,1.6662277999999997,9.191689,9.34,-0.5452500000000002,0.19342749000000004,0.08453,0.286649982,0.318622505,0.23102999999999996,0.04000000000000001,0.018000000000000016,0.231,-19.589,-0.3985000000000001,1.142,36194813696.0,78227996672.0,125431996416.0,2972670230528.0,619003000000.0,,281724000000.0,,,128528000000.0,,101832000000.0,136162000000.0,0.91,0.20729999,3.64,0.79,0.91,1787184000.0,1.13,551.0484742016899,349.20001220703125,393.82000732421875,558.66034,1.32143,55.0,1.84,0.012,0.00078,0.76155996,False,False,,0.807,39362733.0,30824830.0,0.7045639363016812,-0.0,-6.09,-13.89,,-0.28532601801547464,0.27482369800562706,63.931584822202346,-0.018673913999716518,-0.10057590082776202,True,0.7664119230142546,,0.935,US,True,True,,90.39873177382508,26.67235980643325,66.49282110639675,39.833936032672405,12.329931972789115,66.65268456375838,63.22645290581163,50.0,91.10898661567877,90.7,54.990545517028416,standard,278,12139434776,False,43.6,False,69.12751677852349,12.164429530201343,13.25503355704698,50.041946308724825,50.041946308724825,50.041946308724825,5,NEUTRAL,0,NEDTREND,True,3,0.42857142857142855,LÅG,EJ AKTUELL,-0.4
7974.T,"Nintendo Co., Ltd.",Communication Services,Electronic Gaming & Multimedia,Japan,JPY,8408732574270.0,5.200873500000002,3.5074190000000023,3.6748,0.9431921000000003,3.6353426,2.677,8.486500000000001,0.018535005000000007,0.02115999949999999,0.11135999999999999,0.03431999999999999,0.09789500999999995,0.8899999999999999,0.501,0.567,,2.4410000000000003,3.11,247306052608.0,2216856125440.0,0.0,6193031413760.0,3805312000000.0,,2313051000000.0,,,360117000000.0,,424056000000.0,289789000000.0,3.0,0.60080004,219.0,2.66,177.0,1774828800.0,0.127,14463.938568521302,6544.0,7294.0,10137.878,1.88462,25.0,,,0.00733,0.50708,False,False,,0.5,10342745.0,7545510.0,1.364409989646726,1.79,-10.93,-25.26,,-0.4957113537612535,0.3703051293170958,63.8396299151889,0.02090803989575374,-0.24450651230794496,True,0.9672294743977119,,1.0,Japan,True,True,74.93512163992789,68.03915398728945,13.378878451465985,87.36988133947695,74.74019829515295,7.482993197278912,66.65268456375838,87.97595190380761,50.0,,50.0,54.978211358618324,standard,279,338995595,False,49.9,False,80.87248322147651,7.38255033557047,40.68791946308725,50.041946308724825,50.041946308724825,50.041946308724825,5,NEUTRAL,0,NEDTREND,True,5,0.7142857142857143,HÖG,EJ AKTUELL,-3.8
TORNTPHARM.NS,Torrent Pharmaceuticals Limited,Healthcare,Drug Manufacturers - Specialty & Generic,India,INR,1612015630720.0,47.007993,30.3892795,,14.473101450000001,11.531093,13.095,22.346000000000004,0.022660000000000013,0.005159998499999988,0.025510006999999973,0.0,0.34343000999999995,0.33799999999999997,-0.3345,-0.219,69.92875,-0.8072500000000001,0.723,7854651392.0,23552100352.0,150254993408.0,1830682492928.0,443119600000.0,,137529900000.0,,,34397600000.0,,21633700000.0,30227100000.0,0.76,0.5476,38.0,1.04,9.0,1780012800.0,0.142,5085.7998046875,3435.568643806738,4763.0,4912.3794,1.72414,29.0,,,0.71188,0.15812,False,False,,0.5,581171.0,1205116.0,1.6385503559690735,7.14,15.4,20.02,,-0.06347080441309949,0.20611825671075845,57.63767948771476,0.044052053212372044,0.164901489011817,True,0.5246948378589901,,0.5,India,True,True,42.88325253859675,63.56570475826817,77.05664674067748,38.95323736567912,56.97512961046077,15.136054421768709,66.65268456375838,52.00400801603207,50.0,,50.0,54.963980184752174,standard,280,59617443,False,41.6,False,61.493288590604024,14.93288590604027,9.64765100671141,50.041946308724825,50.041946308724825,50.041946308724825,6,NEUTRAL,0,UPPTREND,False,3,0.42857142857142855,LÅG,EJ AKTUELL,1.9
DRI,"Darden Restaurants, Inc.",Consumer Cyclical,Restaurants,United States,USD,22738634005.776764,-7.90377275,-0.5423340000000003,1.7961,6.740839074999999,1.7212024,2.307,-1.1734999999999989,0.38861999999999997,0.010970003000000013,0.00723,0.03268,-0.23538001000000003,0.06400000000000002,0.253,0.333,283.58599999999996,-1.0514999999999999,0.116,258974976.0,219500000.0,7999499776.0,30471979008.0,12587000000.0,,12076700000.0,,,1436300000.0,,1049600000.0,1698500000.0,3.04,0.5747,6.12,3.0,1.62,1783641600.0,0.585,217.61991927860964,165.13101321475466,198.52999877929688,228.33333,1.96429,24.0,4.37,0.0761,0.0028799998,0.99273,False,False,,0.448,1253638.0,1440530.0,0.6076679425338607,-4.26,1.77,-2.98,,-0.08772138397346219,0.257809632304701,33.88064757771647,-0.010957152638907286,0.027978793848548067,False,0.26522705825450915,,0.493,US,True,True,,58.25941236880576,52.54768004554512,58.713418061772806,37.990345751076646,67.9421768707483,66.65268456375838,57.71543086172345,50.0,28.87189292543021,44.800000000000004,54.89987633280106,standard,281,285988419,False,60.0,False,68.37248322147651,68.37248322147651,67.53355704697987,50.041946308724825,50.041946308724825,50.041946308724825,4,NEUTRAL,0,VARNING,False,1,0.14285714285714285,LÅG,EJ AKTUELL,6.4
FIVE,"Five Below, Inc.",Consumer Cyclical,Specialty Retail,United States,USD,11204497243.126831,-2.2547897500000023,4.216324,0.9842,1.306639075,2.2059476,2.38,0.6075000000000017,0.06271000000000002,0.006530003000000013,0.002629994999999996,0.009309999999999999,-0.08401000000000003,0.252,1.849,1.991,7.640000000000008,0.7324999999999999,1.133,-389127616.0,1113261952.0,1998708992.0,12089944064.0,4937019000.0,,4764147000.0,,,457399000.0,,358641000.0,586428000.0,,0.0,,,,,1.002,251.6300048828125,130.0,202.6300048828125,260.33334,1.8,21.0,1.39,0.0424,0.01689,1.04277,False,False,,0.59,1275559.0,1193140.0,1.9989150044787605,6.98,-9.97,2.62,,-0.19473035428672336,0.39587767156774367,65.0168560088699,0.007141421398723313,0.04110820803642801,True,1.0321208290599824,,0.833,US,True,True,47.90989800830712,54.297136322956476,37.54625676060348,86.37105130380897,56.38839768407125,79.50680272108843,11.703020134228188,28.857715430861724,50.0,52.00764818355641,59.0,46.84588305667673,standard,562,241765964,False,50.4,False,27.936241610738254,79.78187919463086,59.73154362416108,50.041946308724825,50.041946308724825,50.041946308724825,3,SVAG,-8,UPPTREND,False,1,0.14285714285714285,LÅG,EJ AKTUELL,3.1
BLND.L,British Land Company PLC,Real Estate,REIT - Diversified,United Kingdom,GBp,5851941149037.217,-16.584888999999997,-6.495209000000001,5.86,-0.5827399499999997,7.3209095,11.928,4.302,0.008789995000000009,-0.00013500150000000238,0.49211494699999997,0.194285,0.36690500000000004,0.013500000000000005,-0.169,0.031,-55.67150000000001,-0.19300000000000006,0.277,-427487520.0,202000000.0,3150000128.0,7347539456.0,9360000000.0,,523000000.0,,,300000000.0,,454000000.0,,5.31,0.5051,0.23,5.47,0.108,1781740800.0,1.179,5758.9263281841995,4031.491744766469,5709.616165161133,454.875,2.17647,16.0,,,0.00274,0.88871,False,False,,0.5,4607206.0,2275757.0,1.4130367786212634,12.45,13.55,12.93,23.16,-0.008562388232289497,0.2497813478714894,73.19613988001196,0.10886602066369466,0.1636433465661964,True,1.0347644886857097,,0.5,UK,True,True,32.962909058340145,76.22212477188472,75.91811671981135,37.77749252034829,46.63244560574458,8.758503401360544,66.65268456375838,18.837675350701403,50.0,,50.0,54.82236144504192,standard,284,12993698955,False,33.5,False,27.936241610738254,8.640939597315436,17.78523489932886,50.041946308724825,50.041946308724825,50.041946308724825,4,NEUTRAL,0,UPPTREND,False,3,0.42857142857142855,LÅG,EJ AKTUELL,2.3
AXP,American Express Company,Financial Services,Credit Services,United States,USD,242464705684.6401,4.544233999999998,4.796739499999999,1.7267,4.3051905999999995,3.523582,3.619,,0.209212503,0.018400002999999998,-0.09172001000000002,-0.16221748000000002,0.17552999999999996,0.052000000000000005,0.04299999999999998,0.15,110.82600000000001,-0.11999999999999977,1.559,,53866999808.0,60458999808.0,249056706560.0,300052000000.0,,72230000000.0,,,,,10833000000.0,18428000000.0,1.05,0.21290001,3.8,1.1,0.95,1782950400.0,1.045,384.36057542335186,285.2884358028253,355.3500061035156,374.9428,2.23333,25.0,3.41,0.020399999,0.22326,0.65266,False,False,,0.19,3197562.0,3003960.0,0.8190682758012541,4.57,9.38,-0.23,,-0.07547748435927049,0.2641494987039471,60.92076796401105,0.08418338107537893,0.05457968355444698,True,0.7585710127355887,,0.718,US,True,True,,53.16167968310898,60.888129803586686,60.46902847181509,42.99995742156237,25.93537414965986,66.65268456375838,,50.0,81.26195028680688,19.0,46.76861588758913,standard,567,1067457204,False,39.7,False,27.936241610738254,25.587248322147648,42.36577181208054,50.041946308724825,50.041946308724825,50.041946308724825,3,SVAG,-8,UPPTREND,False,3,0.42857142857142855,LÅG,EJ AKTUELL,-6.2
TELIA.ST,Telia Company AB (publ),Communication Services,Telecom Services,Sweden,SEK,181860054477.5,22.203001999999998,9.140019000000002,2.4054,0.1699653999999997,2.2475166,3.23,-2.6164999999999985,-0.08255999499999998,-0.024080000500000004,-0.02741000000000001,0.00039000000000000146,0.07855000000000006,-0.064,2.193,2.263,94.55149999999999,-0.5429999999999999,0.572,20792249728.0,10220000256.0,89617997824.0,261384192000.0,189251000000.0,,80982000000.0,,,10167000000.0,,3525000000.0,27602000000.0,4.59,1.6949,2.08,6.06,0.52,1784678400.0,0.243,51.68000030517578,31.517686052106132,46.25,46.74632,3.10526,19.0,,,0.42033002,0.30271998,False,False,,0.5,6184123.0,6151716.0,1.6656894239709745,-5.07,-1.03,20.41,,-0.10506966472738133,0.19824620801353243,38.582693045413315,-0.044528087010006434,0.08348803576002384,True,0.4336376645658928,,0.743,Nordic,True,True,,37.25690776727973,61.685169370908056,69.21955940129112,56.34712580574471,29.336734693877553,28.355704697986578,95.49098196392785,50.0,,50.0,54.7263326796073,standard,286,29498653,False,60.1,False,97.5251677852349,28.942953020134226,59.144295302013425,50.041946308724825,50.041946308724825,50.041946308724825,5,NEUTRAL,0,VARNING,False,2,0.2857142857142857,LÅG,EJ AKTUELL,2.6
1398.HK,Industrial and Commercial Bank of China Limited,Financial Services,Banks - Diversified,China,HKD,599746834596.7798,-2.585869500000003,-2.7774010000000002,1.0877,-0.48837850000000005,3.6572726,5.694,,-0.023727502000000004,0.007090000499999995,0.2729149919999999,0.27289751,-0.357915,-0.03,-0.09000000000000001,0.033,,,,,4014556053504.0,5242882097152.0,3834388152320.0,53477773000000.0,,833496000000.0,,,,,368562000000.0,1890530000000.0,5.07,0.3034,0.35,7.49,0.19441,1777852800.0,0.125,7.289999961853027,5.273010173300673,6.909999847412109,8.318441,1.5,16.0,,,0.0,0.49268,False,False,,0.5,197194183.0,151864913.0,0.7494151545341988,-3.89,1.67,16.5,,-0.0521262162454561,0.19937032254535458,63.06306538513419,0.013434219835325,0.0954477945555019,True,0.7982184983885607,,0.15,Asia,True,True,,58.57185359266273,67.89069171648164,28.59410218846001,93.56327703039915,19.047619047619047,66.65268456375838,,50.0,,50.0,46.68562731044279,standard,570,133855434,False,38.4,False,27.936241610738254,18.79194630872483,40.35234899328859,50.041946308724825,50.041946308724825,50.041946308724825,1,SVAG,-8,UPPTREND,False,3,0.42857142857142855,LÅG,EJ AKTUELL,-8.1
068270.KS,"Celltrion, Inc.",Healthcare,Biotechnology,South Korea,KRW,40315720353600.0,,12.045988000000001,0.85,,9.028125,9.621,13.998000000000001,-0.030860004999999996,-0.003640001500000007,0.140715002,0.07892000000000002,0.24895500000000004,0.27999999999999997,2.1254999999999997,2.185,6.097750000000002,-0.6872500000000002,0.691,11545126912.0,1418676273152.0,3866065371136.0,42962998263808.0,22334900189800.0,,4162495108880.0,,,1156472907540.0,,1029613370420.0,646050776660.0,0.41,0.13,714.29,,714.2857,1766966400.0,0.353,239047.625,158384.92361709222,175800.0,256664.69,1.54167,24.0,,,0.36518002,0.20402001,False,False,,0.5,653266.0,618903.0,0.7669339759543148,0.69,-7.29,-14.94,,-0.2645816916189818,0.4157545571331212,59.50095969289827,-0.003962240544234441,-0.04802915240484218,True,0.5995192609427717,,1.0,Asia,True,True,43.248956012583825,63.84340890335061,26.35923711927128,93.32279383339262,52.245560385838075,2.6360544217687076,66.65268456375838,48.296593186372746,50.0,,50.0,54.64588628115268,standard,291,79426298,False,39.5,False,58.305369127516784,2.5587248322147653,13.674496644295303,50.041946308724825,50.041946308724825,50.041946308724825,5,NEUTRAL,0,NEDTREND,True,3,0.42857142857142855,LÅG,EJ AKTUELL,5.7
UNH,UnitedHealth Group Incorporated,Healthcare,Healthcare Plans,United States,USD,386951245774.63586,2.8601810000000008,2.644985000000002,1.4671,0.15320179999999972,0.86044043,0.966,6.306499999999999,-0.004010003999999998,-0.0233699985,-0.09248,-0.112725004,-0.26405,-0.06,-0.11049999999999999,-0.002,14.68225,-1.23225,0.722,16871063296.0,31228999680.0,77917003776.0,434202607616.0,309581000000.0,,447567000000.0,,,18964000000.0,,12056000000.0,19697000000.0,2.22,0.6657,9.28,1.65,2.32,1781481600.0,0.633,461.6199951171875,228.48086213583068,426.0899963378906,437.80768,1.66667,26.0,2.55,0.0226,0.00235,0.85909,False,False,,0.578,7317712.0,6516100.0,1.612228571514581,4.52,35.44,28.93,,-0.07696806714422577,0.39600150359638275,48.87863356148627,0.06075100931109434,0.2611994198916092,False,0.6688412395900877,,0.977,US,True,True,77.47517381130977,23.39378340518632,84.2869342442357,45.21235934467724,42.849948134171086,22.448979591836736,66.65268456375838,87.374749498998,50.0,76.8642447418738,57.8,46.640487318314555,standard,572,2776445025,False,60.4,False,87.83557046979867,22.14765100671141,83.7248322147651,50.041946308724825,50.041946308724825,50.041946308724825,3,SVAG,-8,UPPTREND,False,3,0.42857142857142855,LÅG,EJ AKTUELL,0.8
STAN.L,Standard Chartered PLC,Financial Services,Banks - Diversified,United Kingdom,GBp,59342662763035.79,2.350795999999997,1.6141764999999992,1.0665,-0.3847503499999998,2.2081711,-7.169,,-0.035402497,-0.0137149981,0.020549967000000002,0.016852509999999987,-0.394455,0.021999999999999992,0.174,0.195,,,,,386666987520.0,189356998656.0,-148461125632.0,919955000000.0,,20553000000.0,,,,,5085000000.0,36841000000.0,2.13,0.2969,0.45,2.19,0.49,1773878400.0,0.596,29276.17221069336,16654.247869988223,27289.36998939514,2196.193,2.21429,14.0,,,0.01208,0.72616994,False,False,,0.5,7318947.0,4922281.0,0.6948724181308207,4.83,19.93,17.87,55.98,-0.06786413903428679,0.29549691162402236,66.39213483747186,0.07291245379243771,0.23635204683230748,False,0.6287795007286524,,0.792,UK,True,True,,36.602529353429695,80.28600192731062,63.31097550781591,62.742577661450426,1.870748299319728,66.65268456375838,,50.0,,50.0,46.521996806595325,standard,577,134325947401,False,38.8,False,27.936241610738254,2.5587248322147653,59.47986577181208,50.041946308724825,50.041946308724825,50.041946308724825,1,SVAG,-8,UPPTREND,False,4,0.5714285714285714,MEDEL,EJ AKTUELL,-1.3
0700.HK,Tencent Holdings Limited,Communication Services,Internet Content & Information,China,HKD,4155152035961.5835,4.5389125,1.4519600000000015,1.3753,1.2650347,5.4089313,5.467,5.4125,0.05544,0.042749995500000006,0.16102002499999998,0.14701999999999996,0.20657500000000006,0.03,0.15900000000000003,0.215,0.0,0.24050000000000005,1.141,120854767616.0,459714985984.0,405511012352.0,4199403749376.0,2038986000000.0,,751766000000.0,,,248767000000.0,,224842000000.0,303052000000.0,1.15,0.1712,5.3,0.69,5.3,1778803200.0,0.733,675.1340645101453,411.0,461.6000061035156,689.3078,1.32609,42.0,,,0.31726998,0.25628,False,False,,0.5,33247814.0,39874396.0,0.975325494246223,3.17,-6.42,-24.19,,-0.3162839347494084,0.3171864221704916,67.81117079043389,0.025928295055426487,-0.15208213218959377,True,0.6767392143837939,,0.88,Asia,True,True,73.84903885984258,80.40333357494185,21.66239681184173,66.67933299741694,66.84226821872667,11.054421768707483,66.65268456375838,79.95991983967936,50.0,,50.0,54.475908960052585,standard,294,2347796480,False,48.5,False,80.70469798657717,10.906040268456376,27.600671140939596,50.041946308724825,50.041946308724825,50.041946308724825,6,NEUTRAL,0,NEDTREND,True,5,0.7142857142857143,HÖG,EJ AKTUELL,-9.2
EGIE3.SA,Engie Brasil Energia S.A.,Utilities,Utilities - Renewable,Brazil,BRL,42448953181.84799,1.7959574999999983,0.8069620000000004,1.38,1.6845727300000002,3.202326,4.626,1.3317500000000004,0.09397501,0.019599995999999998,0.1016099885,0.3050725,0.16885,0.052000000000000005,-0.08199999999999999,-0.022,46.2115,0.49550000000000005,1.407,-1247210496.0,6536088064.0,32421304320.0,61317353472.0,55312909000.0,,12860075000.0,,,5560612000.0,,2582841000.0,3345511000.0,5.98,0.598,1.82,5.31,0.484493,1777939200.0,0.294,38.81747982017697,26.72913486298667,29.969999313354492,34.22,3.71429,14.0,,,0.68711996,0.19003001,False,False,,0.5,2607426.0,3525500.0,4.2108011381970725,-11.54,-20.43,-1.75,,-0.22792516535871654,0.25356482816627557,26.7403583660726,-0.09399810191383107,-0.05738548690662382,False,-0.021647118913628156,,0.531,LatAm,True,True,49.68506846094424,79.26420714234052,28.43723313407345,45.023694980006695,69.2110918262924,55.952380952380956,66.65268456375838,33.86773547094188,50.0,,50.0,54.439116738462126,standard,295,20673718,False,44.8,False,27.936241610738254,56.54362416107382,45.38590604026846,50.041946308724825,50.041946308724825,50.041946308724825,4,NEUTRAL,0,NEDTREND,True,3,0.42857142857142855,LÅG,EJ AKTUELL,1.1
WELL,Welltower Inc.,Real Estate,REIT - Healthcare Facilities,United States,USD,171713689962.5,83.122866,48.216707,3.66,1.5587157999999999,14.592976,15.988,44.30800000000001,-0.031055,-0.0196199997,-0.14009499499999997,-0.204785,-0.05335002,0.3275,1.384,1.825,-47.54050000000001,0.9199999999999999,1.237,1783775232.0,4703775232.0,19987095552.0,188132605952.0,67303047000.0,,10667136000.0,,,355168000.0,,936845000.0,2881677000.0,1.23,1.3961,2.96,2.48,0.74,1778630400.0,0.763,246.42999267578125,154.58284624735234,243.25,242.54546,1.72727,22.0,5.04,0.0312,0.00062,1.0253199,False,False,,0.629,3463998.0,2707800.0,0.8044283312951832,13.93,13.79,29.8,,-0.012904243680942895,0.2256460120925264,69.13461739495,0.11425675700035387,0.21848384459534897,True,0.873058853641396,,0.693,US,True,True,45.22570280225255,23.632893931239103,85.39709649871905,83.23644604143846,71.7695043850754,30.18707482993197,28.355704697986578,59.81963927855711,50.0,64.05353728489483,62.9,54.38107759342995,standard,297,658672350,False,44.9,False,67.19798657718121,29.78187919463087,7.466442953020135,50.041946308724825,50.041946308724825,50.041946308724825,4,NEUTRAL,0,UPPTREND,False,3,0.42857142857142855,LÅG,EJ AKTUELL,2.2
ALLY,Ally Financial Inc.,Financial Services,Credit Services,United States,USD,13989712362.59317,-6.678773000000001,-5.809632899999999,0.4926,-1.7676763000000002,1.8199184,3.693,,-0.04141749699999999,-0.012409996999999999,-0.07316002000000002,-0.16447749000000003,-0.45206,0.133,,,,,,,9518000128.0,21596000256.0,28391712768.0,196002000000.0,,8770000000.0,,,,,852000000.0,3729000000.0,2.56,0.2913,1.2,3.2,0.3,1777593600.0,1.078,47.290000915527344,35.33893138286392,45.63999938964844,54.11176,1.66667,17.0,4.11,0.045300003,0.10231,0.87782997,False,False,,0.476,3192200.0,2619860.0,1.091813823654348,-0.04,9.51,5.49,,-0.034891129074542726,0.29870495896912025,41.818193686945335,0.035225790397192425,0.09304213909319015,False,0.4440237968234315,,1.0,US,True,True,,19.3405007275843,68.71619698263594,89.1658257849533,45.11016595132735,75.34013605442176,66.65268456375838,,50.0,49.90439770554494,47.599999999999994,46.337034402245955,standard,582,119570409,False,50.7,False,27.936241610738254,75.67114093959731,65.68791946308725,50.041946308724825,50.041946308724825,50.041946308724825,1,SVAG,-8,UPPTREND,False,3,0.42857142857142855,LÅG,EJ AKTUELL,0.0
SU.PA,Schneider Electric S.E.,Industrials,Specialty Industrial Machinery,France,EUR,147941574603.78387,5.998436500000004,4.212994500000001,1.9006,3.0989215750000003,3.6845381,4.062,5.5665000000000004,0.011734984999999976,0.02772,0.03969499599999999,0.071312497,0.04515999999999998,-0.026500000000000003,-0.14200000000000002,-0.057,10.364000000000004,-0.07499999999999996,0.844,3393069312.0,4633999872.0,19908999168.0,163086401536.0,62504000000.0,,40152000000.0,,,7010000000.0,,4163000000.0,6131000000.0,1.59,0.4889,4.2,1.77,4.2,1778457600.0,1.155,293.70001220703125,205.58298415658774,262.45001220703125,308.79166,1.45833,24.0,,,0.034679998,0.52631,False,False,,0.5,945739.0,730195.0,1.2233911303114926,-9.81,-2.57,15.84,14.99,-0.10640108512481661,0.3160778617928045,36.99087314694036,-0.037703497446845424,0.04793611273857645,False,0.10132346317438212,,0.5,Europe,True,True,69.12232285800651,65.756351745458,56.96995040700727,31.335422532896132,50.7228239852704,32.6530612244898,66.65268456375838,73.44689378757515,50.0,,50.0,54.25567472342646,standard,298,219342659,False,52.6,False,77.01342281879194,32.21476510067114,40.100671140939596,50.041946308724825,50.041946308724825,50.041946308724825,5,NEUTRAL,0,VARNING,False,3,0.42857142857142855,LÅG,EJ AKTUELL,1.8
CARL-B.CO,Carlsberg A/S,Consumer Defensive,Beverages - Brewers,Denmark,DKK,91264610227.53918,-0.5444822500000006,-2.659494499999999,3.59,1.0706381499999997,1.374904,2.092,-3.605999999999998,0.05083750000000001,-0.007817499000000002,0.017800004,0.035765009999999986,0.029730000000000034,,,,142.02,-0.5990000000000001,0.426,4740875136.0,9585000448.0,70623002624.0,186407075840.0,153955000000.0,,89095000000.0,,,12612000000.0,,5955000000.0,12431000000.0,3.1,0.6013,29.0,2.9,29.0,1773705600.0,0.651,981.8151245117188,713.2911525331018,926.7999877929688,1057.6818,1.78261,22.0,,,0.06729,0.52378,False,False,,0.5,223132.0,199049.0,1.2323511008590478,11.23,12.53,14.25,,-0.056034110032793016,0.23849135813639935,63.232309905602065,0.06405451358412795,0.11831204117716543,True,0.6882454106469832,,0.5,Nordic,True,True,,56.993649476732095,74.09621406205521,31.879194630872483,43.37144736516526,40.90136054421769,66.65268456375838,77.05410821643287,50.0,,50.0,46.185161853374176,standard,587,28235802,False,62.3,False,91.10738255033557,40.35234899328859,73.15436241610739,50.041946308724825,50.041946308724825,50.041946308724825,3,SVAG,-8,UPPTREND,False,2,0.2857142857142857,LÅG,EJ AKTUELL,-5.0
SLHN.SW,Swiss Life Holding AG,Financial Services,Insurance - Diversified,Switzerland,CHF,26643238475.463135,8.302473999999998,7.414284499999999,2.5886,2.1831753,2.2750611,-3.59,-28.834750000000003,0.03982749799999997,0.000559999999999998,-0.10935501700000001,-0.17794249,-0.029109980000000035,-0.053000000000000005,-0.035,0.073,136.651,4.0920000000000005,5.365,-813180688.0,83701997568.0,14849999872.0,-42041761792.0,219125000000.0,,17796000000.0,,,,,1231000000.0,,3.87,0.8052,36.5,4.56,36.5,1778457600.0,0.527,954.7999877929688,760.0860925810925,953.4000244140625,860.6167,3.25,12.0,,,0.00397,0.39094,False,False,,0.5,68240.0,45604.0,1.3777742353553892,9.44,6.82,14.49,,-0.0014662373238423232,0.15819468740586334,92.48706363230278,0.08704093366670906,0.12574058259484722,True,0.9194072666562957,,0.5,Europe,True,True,,37.88847579125961,77.09934528892684,37.46229919241611,70.77267405179063,64.03061224489795,66.65268456375838,,50.0,,50.0,46.165903710349426,standard,588,53881148,False,48.0,False,27.936241610738254,64.51342281879194,58.64093959731543,50.041946308724825,50.041946308724825,50.041946308724825,2,SVAG,-8,UPPTREND,False,3,0.42857142857142855,LÅG,EJ AKTUELL,-6.5
NCAB.ST,NCAB Group AB (publ),Technology,Electronic Components,Sweden,SEK,13723689301.295471,32.616758,13.139987,1.7923,3.8557799000000004,3.5565107,3.754,15.238250000000004,0.006927500000000017,0.0003699969999999969,-0.011515000999999997,-0.009382494999999977,-0.07244999999999996,-0.022999999999999993,0.216,0.432,42.042,0.0,1.483,-646678240.0,397000000.0,1159900032.0,14486789120.0,3520957000.0,,3743451000.0,,,332613000.0,,206040000.0,286848000.0,1.45,0.0,1.1,,1.1,1778198400.0,1.051,86.80000305175781,37.545589748234136,73.4000015258789,85.0,2.0,3.0,,,0.05395,0.80093,False,False,,0.5,362366.0,152872.0,1.491308525561469,-8.14,9.43,59.92,,-0.15437789233588672,0.562573548177909,35.276075270767464,-0.06532533393761741,0.24494866946327298,False,0.23849706605766097,,0.429,Nordic,True,True,26.06705030172076,46.56264642210573,72.03245089666952,50.434349616447356,36.657523344238186,76.0204081632653,66.65268456375838,24.549098196392784,50.0,,50.0,54.064995165935365,standard,304,1163371,False,47.2,False,27.936241610738254,76.34228187919463,41.77852348993289,50.041946308724825,50.041946308724825,50.041946308724825,4,NEUTRAL,0,VARNING,False,2,0.2857142857142857,LÅG,EJ AKTUELL,13.0
COST,Costco Wholesale Corporation,Consumer Defensive,Discount Stores,United States,USD,417255900154.05615,21.84917175,25.095857499999997,4.5876,21.33321455,1.4212344,1.416,17.3865,0.1165275,0.020632508999999997,-0.054964993,-0.09110999700000003,-0.32329999,0.179,0.391,0.456,-46.501,0.014500000000000068,0.564,6137937664.0,11125999616.0,10227999744.0,415591202816.0,77099000000.0,,275235000000.0,,,10383000000.0,,8099000000.0,13335000000.0,0.62,0.2701,5.88,0.59,1.47,1784851200.0,0.872,1096.5,841.6871429370814,940.8699951171875,1076.9143,2.0,35.0,2.83,0.0164,0.0016,0.75061,False,False,,0.45,2351704.0,2500900.0,0.8760335487342358,-4.64,-4.56,-0.78,,-0.14193342898569317,0.1977200651249206,46.39615340393971,-0.037411301258632235,-0.014855991011771819,True,0.5093439845427742,,0.851,US,True,True,54.25409478174225,42.201005657301764,42.95473953885568,78.1569943071621,62.99528867982369,21.598639455782312,66.65268456375838,66.33266533066133,50.0,85.08604206500956,45.0,54.050912158618665,standard,305,2353021771,False,54.3,False,70.9731543624161,21.308724832214764,72.23154362416108,50.041946308724825,50.041946308724825,50.041946308724825,5,NEUTRAL,0,NEDTREND,True,3,0.42857142857142855,LÅG,EJ AKTUELL,0.9
VTR,"Ventas, Inc.",Real Estate,REIT - Healthcare Facilities,United States,USD,46720909638.463875,138.34243000000004,89.324365,1.72,1.2036736000000001,7.6430674,9.769,7.457000000000001,-0.046305,-0.004940000999999999,-0.21711498799999998,-0.247465,-0.047130000000000005,0.1635,-0.095,0.193,1.709500000000002,-0.52,0.188,666677760.0,183612992.0,12726149120.0,59715063808.0,27591945000.0,,5833980000.0,,,857524000.0,,251381000.0,1646726000.0,2.1,3.5635998,2.0,3.31,0.52,1782777600.0,0.724,97.16000366210938,63.52251012740991,96.0999984741211,97.81818,1.6087,22.0,5.46,0.0542,0.00528,1.06962,False,False,,0.79,4392459.0,2965040.0,0.8356838525862048,15.23,13.04,26.47,,-0.010909892425227108,0.20368313806230892,74.84987730669918,0.10646909744958188,0.19323333082111493,True,0.8840547080581024,,0.669,US,True,True,58.26412601739791,25.374507651923846,84.2869342442357,58.36040207134124,65.15409350105381,54.08163265306123,28.355704697986578,62.32464929859719,50.0,41.68260038240918,79.0,46.03359417486611,standard,590,284940339,False,50.8,False,70.46979865771812,54.69798657718121,16.610738255033556,50.041946308724825,50.041946308724825,50.041946308724825,3,SVAG,-8,UPPTREND,False,2,0.2857142857142857,LÅG,EJ AKTUELL,-5.0
6841.T,Yokogawa Electric Corporation,Industrials,Specialty Industrial Machinery,Japan,JPY,1370102335416.0,-0.46977199999999897,2.6403815,1.65,0.26509917500000024,2.2652721,1.996,-2.6025,0.009184990000000004,0.02810999599999999,0.041345,0.068172487,0.16190502999999995,0.042499999999999996,-0.07100000000000001,-0.011,-32.5415,0.5205000000000002,1.568,11350561792.0,217548996608.0,34237999104.0,1207089627136.0,795618000000.0,,604829000000.0,,,82556000000.0,,58113000000.0,85951000000.0,1.68,0.3425,92.0,1.44,46.0,1790640000.0,0.745,6259.652022399169,3699.2181185283357,5468.0,5903.75,2.125,8.0,,,0.03277,0.63308,False,False,,0.5,1363465.0,1073040.0,1.0768646228639178,-0.18,1.5,6.4,,-0.12646901450214298,0.3863766476916236,45.64315352697095,0.03722475985249707,0.07846922475031382,False,0.2313010353233228,,0.609,Japan,True,True,,68.32216738898494,53.97096498719043,46.45927418502815,53.063537612845465,15.816326530612246,66.65268456375838,59.519038076152306,50.0,,50.0,53.9236306352926,standard,309,36139664,False,49.9,False,64.76510067114094,15.604026845637584,58.808724832214764,50.041946308724825,50.041946308724825,50.041946308724825,4,NEUTRAL,0,UPPTREND,False,2,0.2857142857142857,LÅG,EJ AKTUELL,-0.4
ETR,Entergy Corporation,Utilities,Utilities - Regulated Electric,United States,USD,52837226994.84535,6.8767179999999986,5.224258000000001,2.1054,0.31383973,3.9764798,6.22,1.755250000000001,0.009754999999999993,-0.006159998,0.0019450015000000084,-0.0369425,0.017700029999999978,0.040999999999999995,-0.048,0.067,37.8625,0.032500000000000084,0.613,-4729535232.0,3572052992.0,34058442752.0,82642108416.0,71890730000.0,,12946686000.0,,,3215073000.0,,1773328000.0,5150651000.0,2.23,0.6327,2.56,3.46,0.64,1777593600.0,0.489,118.44999694824219,82.64478572380307,113.23999786376953,123.5,1.70833,21.0,6.58,0.0572,0.00239,0.9796,False,False,,0.79,3584224.0,2510820.0,1.4736605890603085,0.76,-1.43,20.42,,-0.04398479711864589,0.20040892837294638,41.31424847151839,0.009690294005740174,0.10439814368163969,False,0.27907151998410956,,0.738,US,True,True,38.27140314147849,47.32813221106888,67.44947338457159,53.88462963422887,67.60796757508,51.36054421768708,66.65268456375838,19.238476953907817,50.0,39.866156787762904,79.0,45.917823833776005,standard,593,284325251,False,42.9,False,27.936241610738254,52.013422818791945,36.99664429530201,50.041946308724825,50.041946308724825,50.041946308724825,1,SVAG,-8,UPPTREND,False,3,0.42857142857142855,LÅG,EJ AKTUELL,-0.3
4519.T,"Chugai Pharmaceutical Co., Ltd.",Healthcare,Drug Manufacturers - General,Japan,JPY,12055214385200.0,5.551454500000002,11.824522000000002,2.2127,4.3401800999999995,9.336233,8.678,6.6560000000000015,0.15259501,0.12731999849999998,0.28024499700000005,0.37483002,0.4194150099999999,0.035,0.0695,0.187,,2.2872500000000002,3.671,278162170880.0,850094981120.0,0.0,11205119836160.0,2468595000000.0,,1257941000000.0,,,598833000000.0,,434012000000.0,386280000000.0,1.8,0.4626,132.0,1.68,66.0,1798502400.0,0.562,10605.003981733093,5786.306788263552,7325.0,9853.333,1.93333,15.0,,,0.59895,0.1985,False,False,,0.5,2885040.0,2403050.0,1.2865981887273998,-2.32,-14.63,-12.4,,-0.30928833099759645,0.4392923343054119,42.375995101041035,-0.028974357608761214,-0.08601982263660113,False,0.36802243186958394,,0.432,Japan,True,True,69.28549837104376,93.80731428970974,20.950754341019074,49.654733122348965,61.40584379032743,6.207482993197279,66.65268456375838,76.55310621242485,50.0,,50.0,61.85289035528547,standard,123,108420182,False,44.7,False,77.18120805369128,6.124161073825504,13.087248322147651,50.041946308724825,50.041946308724825,50.041946308724825,7,STARK,8,NEDTREND,True,4,0.5714285714285714,MEDEL,EJ AKTUELL,2.0
GLW,Corning Incorporated,Technology,Electronic Components,United States,USD,133063214648.54164,44.049384999999994,16.548263,1.5072,6.4776843,8.152884,8.686,19.624750000000002,0.02068750000000001,-0.00986,0.004130002000000001,0.011972505000000008,-0.08823000000000003,0.05700000000000002,1.173,1.363,30.503,-0.0714999999999999,0.749,-204437504.0,1755000064.0,9923999744.0,141769211904.0,30976000000.0,,15629000000.0,,,2279000000.0,,1596000000.0,2695000000.0,0.71,0.5385,1.12,2.58,0.28,1788134400.0,1.086,271.7799987792969,52.713765216656306,154.61000061035156,213.06667,1.75,15.0,1.21,0.027,0.08173,0.73634005,False,False,,0.459,14692758.0,10894900.0,0.8141059210307688,-12.86,-6.76,71.97,,-0.4311207546368966,0.6632666858227472,29.427793559219083,-0.19455468297742795,0.17149094879266902,False,0.08064139277913124,,0.857,US,True,True,39.09321436168426,47.37223040133311,45.5024195844008,80.74865572726846,35.99113223239109,34.35374149659864,66.65268456375838,45.791583166332664,50.0,70.17208413001912,45.9,45.78365135217941,standard,597,1684460496,False,37.0,False,27.936241610738254,33.89261744966443,15.771812080536913,50.041946308724825,50.041946308724825,50.041946308724825,3,SVAG,-8,VARNING,False,2,0.2857142857142857,LÅG,EJ AKTUELL,2.7
GLE.PA,Société Générale Société anonyme,Financial Services,Banks - Regional,France,EUR,54424111477.890015,-3.0656610000000004,-2.946956499999999,2.1062,-0.8230231400000001,2.1103616,-15.457,,-0.03717250200000002,-0.0003300000000000039,0.02142498299999998,0.02630750999999998,-0.37562,-0.062,0.00799999999999998,0.055,,,,,760943017984.0,298519003136.0,-398631895040.0,1546641000000.0,,52597000000.0,,,,,6002000000.0,-19648000000.0,2.13,0.24139999,1.61,4.39,1.0,1780272000.0,0.981,79.06999969482422,48.173087368798676,74.55000305175781,83.5185,1.85,20.0,,,0.09405,0.51208997,False,False,,0.5,1724250.0,1486903.0,0.8199842932200464,-4.48,4.03,9.07,54.66,-0.057164495516777825,0.35176318438551457,42.61146809431873,0.026710821448029387,0.12395955657867685,False,0.28894268931310746,,1.0,Europe,True,True,,41.81799997230227,69.61410697357391,53.49609604690184,40.17571099552312,50.76530612244898,66.65268456375838,,50.0,,50.0,45.73218167752378,standard,598,126872634,False,46.3,False,27.936241610738254,51.42617449664429,60.23489932885906,50.041946308724825,50.041946308724825,50.041946308724825,2,SVAG,-8,UPPTREND,False,2,0.2857142857142857,LÅG,EJ AKTUELL,1.1
SYF,Synchrony Financial,Financial Services,Credit Services,United States,USD,24763578139.908463,-10.3392155,-5.8287631,0.9572,-1.1974163000000002,2.5033946,2.214,,0.08282250299999999,0.010010002999999996,0.10916001,0.10565251000000003,-0.45206,-0.0030000000000000027,0.068,0.063,,,,,20558999552.0,16428000256.0,21897357312.0,119095000000.0,,14981000000.0,,,,,3552000000.0,9851000000.0,1.62,0.1242,1.2,2.17,0.3,1777939200.0,1.308,88.0528042513949,62.825099122585115,73.62000274658203,89.82609,1.83333,23.0,5.15,0.071,0.00342,1.07836,False,False,,0.648,3848882.0,3849550.0,0.766460254451864,-2.22,-1.66,-4.63,,-0.16391075363831165,0.3132008708608805,37.374736974881465,0.007375410539950611,-0.002360447573781843,False,0.36036806817636685,,1.0,US,True,True,,60.011488351019395,42.086535724452034,61.337446288729794,35.9530279000817,65.64625850340136,66.65268456375838,,50.0,32.122370936902485,64.8,45.64553672224586,standard,602,283403882,False,47.7,False,27.936241610738254,66.10738255033557,55.536912751677846,50.041946308724825,50.041946308724825,50.041946308724825,2,SVAG,-8,NEDTREND,True,3,0.42857142857142855,LÅG,EJ AKTUELL,-2.9
IDXX,"IDEXX Laboratories, Inc.",Healthcare,Diagnostics & Research,United States,USD,44761368010.26544,13.392780000000002,17.759739,3.6915,25.09553,10.06757,10.271,15.618500000000001,0.60338,0.20343000149999996,0.12708,0.124635,0.16847,0.06299999999999999,0.05449999999999999,0.147,11.740250000000007,-0.91125,0.691,-29593024.0,200528000.0,1105451008.0,45666291712.0,3350759000.0,,4303702000.0,,,1360031000.0,,1059464000.0,1181805000.0,,0.0,,,,,1.549,769.97998046875,513.02001953125,567.4400024414062,708.4286,2.13333,14.0,2.88,0.028099999,0.0021799998,0.96852,False,False,,0.451,664291.0,682580.0,0.7055507690663675,-0.97,-0.44,-20.13,,-0.26304577153297026,0.43101035624926015,54.99561001643136,0.02215879143558519,-0.090858032836591,True,0.759837850762093,,0.911,US,True,True,41.06402749633345,86.93797824671417,30.67179049245659,66.36165346792725,30.224626141743045,54.67687074829932,11.703020134228188,46.292585170340686,50.0,68.73804971319312,45.1,53.63630442294707,standard,315,387323197,False,39.6,False,27.936241610738254,55.28523489932886,11.996644295302012,50.041946308724825,50.041946308724825,50.041946308724825,4,NEUTRAL,0,NEDTREND,True,2,0.2857142857142857,LÅG,EJ AKTUELL,3.9
MMM,3M Company,Industrials,Conglomerates,United States,USD,83367309088.20364,-0.10899949999999947,-3.1900905,1.712,21.317081575,3.3314943,3.625,-2.3210000000000006,0.56121999,0.026350003000000004,0.007340002999999991,0.09696748699999999,-0.054920000000000024,-0.05550000000000001,-0.47700000000000004,-0.415,320.334,0.2100000000000002,1.06,1505937408.0,5818999808.0,13127999488.0,90724311040.0,37733000000.0,,24948000000.0,,,4791000000.0,,3250000000.0,2306000000.0,1.93,0.5723,3.12,3.88,0.78,1779408000.0,1.081,175.70877631560407,138.62307999597104,159.83999633789062,170.84647,2.27778,17.0,2.43,0.0188,0.00098,0.77444,False,False,,0.459,3860804.0,2710330.0,0.8783141129183727,-1.11,6.72,-5.06,,-0.09031296165429048,0.2586245179761276,40.30683581155709,0.030661232891217693,0.01775078835682975,False,0.45306859574208264,,0.904,US,True,True,,69.23614722990655,55.45118132650157,31.963723606725786,42.984182612424036,42.68707482993197,66.65268456375838,69.03807615230461,50.0,82.98279158699809,45.9,45.62053346615875,standard,604,433219137,False,54.1,False,74.32885906040269,42.11409395973154,44.29530201342282,50.041946308724825,50.041946308724825,50.041946308724825,3,SVAG,-8,UPPTREND,False,2,0.2857142857142857,LÅG,EJ AKTUELL,-4.8
CBK.DE,Commerzbank AG,Financial Services,Banks - Regional,Germany,EUR,40406889486.08791,3.326414999999999,-1.4976965,0.9444,-0.41459950000000023,3.4842536,-3.304,,-0.04367250200000002,0.00021999999999999797,0.018434982999999988,0.09806748999999998,-0.37562,-0.021000000000000005,0.017999999999999988,0.095,,,,,100426997760.0,20475000832.0,-38316560384.0,590092000000.0,,12934000000.0,,,,,2625000000.0,-6727000000.0,2.89,0.29950002,1.1,2.92,1.1,1779321600.0,0.675,39.18000030517578,26.976850903341926,36.849998474121094,40.03077,2.23077,13.0,,,0.42490003,0.3426,False,False,,0.5,2958346.0,2039074.0,2.2418760008130856,-3.99,4.1,9.94,34.66,-0.0594691631675891,0.37218051714107786,48.36190987424576,-0.0035889486629478995,0.09642675669809342,False,0.08004699198623824,,0.502,Europe,True,True,,44.83454894481453,67.1341635393571,45.88027324033287,49.2739583217807,56.80272108843537,66.65268456375838,,50.0,,50.0,45.560592573917106,standard,608,86001913,False,44.5,False,27.936241610738254,57.38255033557047,42.533557046979865,50.041946308724825,50.041946308724825,50.041946308724825,3,SVAG,-8,VARNING,False,2,0.2857142857142857,LÅG,EJ AKTUELL,-1.6
NEM,Newmont Corporation,Basic Materials,Gold,United States,USD,95759479672.88751,-12.169648500000001,-6.924557499999999,2.7807,0.03321015000000016,3.8355956,3.712,-7.1235,0.14379999999999998,0.09877000300000001,0.2301,0.45231504,0.22150000000000003,0.35300000000000004,0.36300000000000004,0.725,-40.010999999999996,0.6240000000000001,1.89,8988437248.0,8778999808.0,5532000256.0,92684484608.0,57121000000.0,,22669000000.0,,,11023000000.0,,7085000000.0,10334000000.0,1.14,0.131,1.04,3.15,0.26,1779840000.0,0.482,134.2940212296047,57.25127832825453,89.69999694824219,133.47333,1.54545,21.0,2.11,0.021,0.0029300002,0.81068003,False,False,,0.652,8082559.0,7247890.0,1.2328620705279314,-17.28,-20.72,-21.08,,-0.33206261807530046,0.4784389036426516,36.946810754752576,-0.1291076376627842,-0.1338010761362871,False,0.06742324291570041,,1.0,US,True,True,,89.65328652258846,14.97295758610874,86.2088724145349,55.772618623585856,39.795918367346935,66.65268456375838,96.59318637274549,50.0,79.06309751434034,65.2,53.53933089159974,commodity,316,650135711,False,58.6,False,97.5251677852349,39.261744966442954,38.422818791946305,50.041946308724825,50.041946308724825,50.041946308724825,5,NEUTRAL,0,NEDTREND,True,3,0.42857142857142855,LÅG,EJ AKTUELL,-0.5
HINDUNILVR.NS,Hindustan Unilever Limited,Consumer Defensive,Household & Personal Products,India,INR,5037053862201.736,18.399387750000002,19.618516999999997,3.69,5.484143,7.8132625,7.732,17.055000000000003,0.0196075,0.034982500999999985,0.13824501399999997,0.07475499999999999,0.09162000999999997,0.006999999999999999,0.15,0.214,-59.9595,0.26250000000000007,0.7,47089924096.0,69930000384.0,14780000256.0,4984593711104.0,797520000000.0,,637630000000.0,,,137210000000.0,,150400000000.0,109990000000.0,2.05,0.9503,44.0,1.59,22.0,1782172800.0,0.364,2701.0768426775303,2002.13518292342,2143.800048828125,2563.0,2.02632,37.0,,,0.62274,0.20706,False,False,,0.5,1996945.0,1962488.0,0.6170990072214358,-2.38,-6.28,-7.98,,-0.20631652718809235,0.20489055386539362,48.85636171134748,-0.007679796848156006,-0.05882991496693635,False,0.40589700691563363,,0.584,India,True,True,49.88989151487332,72.54711637099805,33.603757472245945,56.84891196456623,77.6319255672517,9.523809523809524,66.65268456375838,59.6192384769539,50.0,,50.0,53.5062422203357,standard,319,43697360,False,42.8,False,65.85570469798657,9.395973154362416,16.359060402684563,50.041946308724825,50.041946308724825,50.041946308724825,6,NEUTRAL,0,NEDTREND,True,3,0.42857142857142855,LÅG,EJ AKTUELL,-0.7
O,Realty Income Corporation,Real Estate,REIT - Retail,United States,USD,61274083292.57759,20.595953,14.538720999999999,5.68,-0.7902593999999998,10.33422,15.729,-0.8119999999999976,-0.039395,-0.0039299999999999995,-0.07072498999999999,0.07008499999999998,0.47390999999999994,0.0645,-0.016000000000000014,0.248,-18.559500000000003,1.3359999999999999,1.049,981465088.0,395743008.0,30294552576.0,93261078528.0,72795612000.0,,5749377000.0,,,2593823000.0,,1058590000.0,3994754000.0,4.95,2.65,3.25,5.04,0.271,1785456000.0,0.729,67.1500015258789,53.09637936804043,65.70999908447266,68.2125,2.5,20.0,6.53,0.053200003,0.00125,0.8033,False,False,,0.701,6022011.0,5491520.0,1.0341453707235368,6.15,2.99,11.82,,-0.021444563048167442,0.16786845354165547,64.60067537106868,0.062120462335690574,0.0978103766607239,True,0.9645963144494438,,0.0,US,True,True,,53.158888609658405,69.52746939937376,46.03524828462042,78.95337658163226,48.554421768707485,28.355704697986578,61.62324649298597,50.0,42.829827915869984,70.1,53.413338132177735,standard,323,360847774,False,49.5,False,72.14765100671141,47.90268456375839,11.409395973154362,50.041946308724825,50.041946308724825,50.041946308724825,4,NEUTRAL,0,UPPTREND,False,2,0.2857142857142857,LÅG,EJ AKTUELL,1.0
LLOY.L,Lloyds Banking Group plc,Financial Services,Banks - Regional,United Kingdom,GBp,84056202883725.34,2.8075259999999975,0.6745345,1.1791,-0.43951195,3.3857522,-5.016,,-0.028632496999999986,-0.014064998500000002,0.024999987,-0.008927490000000038,-0.394455,0.051000000000000004,0.314,0.366,,,,,323060989952.0,161334001664.0,-95963881472.0,944072000000.0,,20028000000.0,,,,,4659000000.0,5701000000.0,3.24,0.4382,0.04,4.3,0.0243,1775692800.0,0.907,1493.2912483215332,961.3093773343571,1446.8686418533325,117.895,2.0,19.0,,,0.00074,0.51817,False,False,,0.5,171446686.0,113305062.0,0.9157322962681401,7.86,10.69,14.97,42.39,-0.03108744293544874,0.27645996812284673,60.81222424156989,0.09012629771654446,0.17870931557262315,False,0.572866751878696,,0.609,UK,True,True,,35.38425522699261,77.25009597380111,65.85144513810674,54.88377122450564,1.1904761904761905,66.65268456375838,,50.0,,50.0,45.40149059445523,standard,611,163937541171,False,36.4,False,27.936241610738254,2.5587248322147653,43.624161073825505,50.041946308724825,50.041946308724825,50.041946308724825,1,SVAG,-8,UPPTREND,False,3,0.42857142857142855,LÅG,EJ AKTUELL,1.1
TFII.TO,TFI International Inc.,Industrials,Trucking,Canada,CAD,17964222806.467117,12.179358500000003,1.0405349999999984,,1.2358946750000004,2.2827983,2.663,5.6755,-0.025705014999999998,-0.0050050000000000025,-0.044905,-0.089857505,-0.189,-0.07650000000000001,-0.281,-0.227,60.74050000000001,-0.2959999999999998,0.994,-162484608.0,185814000.0,3180718080.0,20959127552.0,7509235000.0,,7884671000.0,,,555325000.0,,310553000.0,977788000.0,1.18,0.5125,2.6,1.26,0.668,1782777600.0,1.476,233.0882484551482,112.33555965153657,218.5800018310547,213.4287,1.78947,10.0,2.51,,0.063379996,0.80526,False,False,,0.5,264000.0,248580.0,0.593533081451542,7.32,21.69,41.98,,-0.0622435782166223,0.37942100064269735,64.86122881590332,0.05692373382105176,0.35438147994257263,True,1.028003913139307,,1.0,Canada,True,True,46.14609106481118,30.235290455006673,85.26900085397097,37.607892442535814,30.20169375188332,71.42857142857143,66.65268456375838,41.18236472945892,50.0,,50.0,45.34773054426499,standard,614,38755078,False,49.0,False,27.936241610738254,71.81208053691275,58.38926174496645,50.041946308724825,50.041946308724825,50.041946308724825,2,SVAG,-8,UPPTREND,False,2,0.2857142857142857,LÅG,EJ AKTUELL,1.4
MLM,"Martin Marietta Materials, Inc.",Basic Materials,Building Materials,United States,USD,33781224493.56079,12.284715499999997,9.190643500000002,2.8103,0.26826344999999985,5.319878,6.173,5.780500000000002,-0.01981999999999999,-0.0023499969999999926,0.29045997999999995,-0.03445500000000001,-0.15458,0.06699999999999999,11.785,12.043,-5.422999999999995,0.45999999999999996,1.018,25312512.0,273000000.0,5688000000.0,39198224384.0,18711000000.0,,6150000000.0,,,1455000000.0,,1137000000.0,1785000000.0,0.58,0.2056,3.32,0.6,0.83,1780272000.0,1.101,709.0844562455912,524.6303081162255,562.5900268554688,680.6087,1.95652,23.0,3.62,0.0424,0.0080699995,1.00994,False,False,,0.679,567393.0,507130.0,0.6876732653937762,-6.79,-7.33,-11.41,,-0.2065965881776206,0.26869820536773614,32.19209603663495,-0.02844109463540434,-0.08382182390650761,False,0.1596758286865163,,0.675,US,True,True,51.224739982758805,49.07631769893628,31.52576145744378,81.48605045871588,55.506651648513866,59.778911564625844,66.65268456375838,48.59719438877755,50.0,52.00764818355641,67.9,53.346750306236785,standard,325,285306280,False,50.4,False,58.64093959731543,60.31879194630873,27.85234899328859,50.041946308724825,50.041946308724825,50.041946308724825,4,NEUTRAL,0,NEDTREND,True,2,0.2857142857142857,LÅG,EJ AKTUELL,-0.4
MONC.MI,Moncler S.p.A.,Consumer Cyclical,Apparel Manufacturing,Italy,EUR,13773368595.192947,-0.8795937499999997,4.450319,2.89,1.2681513749999995,4.3974476,4.285,0.0,0.028944994999999973,0.04632000000000001,0.156014983,0.27784502,0.40537996000000004,-0.057999999999999996,-0.078,0.031,-44.364,1.1745,1.855,18457216.0,1461304960.0,1128457984.0,13420986368.0,5959504000.0,,3132128000.0,,,913356000.0,,626670000.0,960515000.0,2.69,0.5628,1.4,1.76,1.4,1779062400.0,1.073,57.72709756062137,44.17969211361888,50.63999938964844,61.652,2.2,25.0,,,0.18226999,0.57296,False,False,,0.5,996119.0,988706.0,1.2141004386976233,-5.84,-8.97,4.22,4.47,-0.12276900226155496,0.3232723123243192,46.756762190397595,-0.02821398617087678,-0.027360971309525417,True,0.3814736647645646,,0.5,Europe,True,True,,84.39316643105514,43.4338250848095,33.42448741734319,54.36249615872339,75.85034013605441,66.65268456375838,49.39879759519038,50.0,,50.0,53.281960875086824,standard,326,57305791,False,53.8,False,59.06040268456376,76.1744966442953,33.7248322147651,50.041946308724825,50.041946308724825,50.041946308724825,4,NEUTRAL,0,NEDTREND,True,2,0.2857142857142857,LÅG,EJ AKTUELL,-1.4
APPF,"AppFolio, Inc.",Technology,Software - Application,United States,USD,4318715532.177429,11.195258999999997,2.3614939999999986,7.45,8.1201613,6.3847804,6.27,17.42075,0.17926750000000002,0.12180001,0.04591000200000001,0.048902505,0.18543003000000002,0.061,0.156,0.352,-41.996,1.8415000000000001,2.944,-638825248.0,151652992.0,36979000.0,6240315392.0,688967000.0,,950822000.0,,,152917000.0,,140923000.0,242105000.0,,0.0,,,,,0.792,326.0400085449219,142.55999755859375,179.72999572753906,224.25,1.33333,8.0,6.57,0.1091,0.047020003,0.92337,False,False,,0.58,370754.0,320650.0,0.8884453554860287,13.83,15.8,-15.6,,-0.4487486473526582,0.4502683523733434,75.83102035313497,0.09806923369828158,-0.07953700558644972,True,0.7581913786123501,,0.727,US,True,True,15.971775954142922,79.18178012779913,36.86307998861372,67.91997376583845,54.5052716758957,89.88095238095238,11.703020134228188,11.723446893787576,50.0,20.45889101338432,57.99999999999999,53.218458653949966,standard,327,57630423,False,46.2,False,27.936241610738254,90.01677852348993,21.39261744966443,50.041946308724825,50.041946308724825,50.041946308724825,5,NEUTRAL,0,NEDTREND,True,2,0.2857142857142857,LÅG,EJ AKTUELL,-0.4
SYK,Stryker Corporation,Healthcare,Medical Devices,United States,USD,122625605069.06128,9.322670000000002,2.5372009999999996,1.5771,1.5369450000000002,4.852616,5.338,5.5764999999999985,0.026230000000000003,0.015960001500000005,0.012789999999999996,-0.014954999999999996,0.19491000000000003,-0.054000000000000006,0.024499999999999994,0.139,6.995250000000003,0.0817500000000001,1.035,3543437568.0,2964999936.0,15233999872.0,134894608384.0,47844000000.0,,25116000000.0,,,5059000000.0,,3246000000.0,5044000000.0,1.06,0.39810002,3.52,0.99,0.88,1782777600.0,0.778,400.7893602450289,280.25185675248156,319.8699951171875,386.52,1.62963,25.0,2.61,0.0188,0.05366,0.82632005,False,False,,0.815,2740546.0,2546380.0,0.8848510139255124,3.27,-5.22,-10.52,,-0.2018999832689422,0.2598320787510632,43.8843459840777,0.030354182104653793,-0.06828325816378245,False,0.47937791116927825,,0.637,US,True,True,72.15262928090817,61.20342337722512,33.98804440649018,46.512731573505626,66.18165823145509,35.714285714285715,66.65268456375838,77.85571142284569,50.0,82.98279158699809,91.5,53.12022194282033,standard,329,814510558,False,52.5,False,80.53691275167785,35.23489932885906,30.369127516778523,50.041946308724825,50.041946308724825,50.041946308724825,6,NEUTRAL,0,NEDTREND,True,4,0.5714285714285714,MEDEL,EJ AKTUELL,0.7
TD.TO,The Toronto-Dominion Bank,Financial Services,Banks - Diversified,Canada,CAD,286316954776.67236,2.8366740000000004,3.240681999999998,0.91,0.2357290999999999,4.8380694,2.952,,-0.0008024960000000067,-0.008565000000000003,0.018444986999999996,-0.01875249000000001,-0.38794,-0.379,-0.745,-0.618,,,,,637163995136.0,522703994880.0,174692958208.0,2094558000000.0,,61281000000.0,,,,,20538000000.0,-69646000000.0,2.57,0.5,4.48,4.15,1.12,1783641600.0,0.875,175.3300018310547,96.3560066636908,173.30999755859375,160.6923,2.15385,13.0,7.73,,0.00043000001,0.55028,False,False,,0.5,4970363.0,9870360.0,0.4752278139520558,4.19,21.01,34.7,,-0.011521155828238538,0.15773948948666333,59.20166054402719,0.07712623772354443,0.29548222671709534,False,0.8448501284054732,,0.931,Canada,True,True,,38.73167660004607,90.23626530031312,23.76307822887462,72.40939959556526,24.65986394557823,66.65268456375838,,50.0,,50.0,45.097045022005894,standard,618,1220137044,False,37.7,False,27.936241610738254,24.328859060402685,30.453020134228186,50.041946308724825,50.041946308724825,50.041946308724825,0,SVAG,-8,UPPTREND,False,3,0.42857142857142855,LÅG,EJ AKTUELL,-8.2
ASRNL.AS,ASR Nederland N.V.,Financial Services,Insurance - Diversified,Netherlands,EUR,14249550595.99585,18.59485,-0.21721950000000056,,-0.1802657000000003,0.8405538,-3.14,-15.283750000000001,-0.06954250200000003,0.023289999,-0.18272501700000002,0.006007509999999994,0.14440996,0.031,-0.727,-0.593,177.398,3.437,4.738,399069312.0,92259000320.0,24227000320.0,-53769449472.0,142151000000.0,,13109000000.0,,,,,548000000.0,-569000000.0,4.92,1.4954,3.41,5.97,2.14,1779408000.0,0.509,69.69999694824219,53.89067474580092,69.66000366210938,71.45385,1.85714,13.0,,,0.00021,0.86546,False,False,,0.5,459499.0,382195.0,0.6206594574552563,6.19,12.99,16.88,27.56,-0.0005737917917343349,0.15833831555788294,88.7640818659142,0.05906047899160849,0.16140714433173375,True,0.9579174479226107,,0.5,Europe,True,True,,44.91668176916346,79.35721057043693,25.64410345503247,69.83822421864691,75.0,28.355704697986578,,50.0,,50.0,53.09379189962479,standard,331,30472364,False,66.5,False,80.03355704697987,75.33557046979867,84.39597315436241,50.041946308724825,50.041946308724825,50.041946308724825,4,NEUTRAL,0,UPPTREND,False,2,0.2857142857142857,LÅG,EJ AKTUELL,0.2
ECL,Ecolab Inc.,Basic Materials,Specialty Chemicals,United States,USD,76784589891.59198,13.3815435,13.872050500000002,2.5689,4.95285575,4.667104,5.2,8.376499999999998,0.10975,0.029990003,0.019389989999999996,0.007855000000000001,-0.008319999999999994,-0.0049999999999999906,-0.345,0.075,36.596000000000004,-0.828,0.682,769987456.0,519800000.0,9266499584.0,85559394304.0,24696300000.0,,16081200000.0,,,2892500000.0,,2075600000.0,2952600000.0,1.06,0.3735,2.92,1.06,0.73,1781568000.0,0.895,307.60498613603636,242.48911386784812,272.8299865722656,319.42856,1.65385,21.0,1.9,0.0147,0.00158,0.93811995,False,False,,0.396,1607329.0,1033610.0,0.8102349819125538,-0.38,1.61,-0.49,,-0.11305083184962328,0.21545966356916083,34.98053887903265,0.03393691093394513,0.012000988861838424,False,0.3595221245995987,,0.502,US,True,True,54.58016591842903,64.21821569710524,51.12439510389979,37.252904819174645,48.355609876698665,44.5578231292517,66.65268456375838,58.81763527054108,50.0,87.5717017208413,39.6,53.07537056682039,standard,333,281999802,False,50.5,False,66.61073825503355,43.95973154362416,31.543624161073826,50.041946308724825,50.041946308724825,50.041946308724825,4,NEUTRAL,0,UPPTREND,False,2,0.2857142857142857,LÅG,EJ AKTUELL,-2.2
VIG.VI,Vienna Insurance Group AG,Financial Services,Insurance - Diversified,Austria,EUR,8281599609.375,-3.6396710000000017,-2.9583995000000005,1.21,-0.38427540000000016,0.60074574,-0.22,-8.69575,-0.002422502000000014,0.012470000999999998,-0.15416501400000002,-0.22866248500000003,-0.22270999,0.019000000000000003,0.499,0.632,-28.966,0.019000000000000017,1.371,129246592.0,13896567808.0,2414864896.0,-3039596032.0,54315636000.0,,14781083000.0,,,,,834866000.0,842256000.0,2.67,0.2399,1.73,4.15,1.73,1779753600.0,0.438,67.5999984741211,41.85729612700173,64.69999694824219,69.375,,4.0,,,0.72470003,0.10712,False,False,,0.5,41544.0,29041.0,1.0427906159388454,-0.31,0.1,-1.39,49.53,-0.042899431824530265,0.3055122708381524,51.40185116655151,0.009073427729143102,0.09891790671679646,False,0.2918325288174697,,0.5,Europe,True,True,,29.620290612751717,63.50057584280667,61.743528614569094,61.71518236003192,83.24829931972789,66.65268456375838,,50.0,,50.0,53.074893522160245,standard,334,2150569,False,66.5,False,71.56040268456377,83.4731543624161,90.43624161073825,50.041946308724825,50.041946308724825,50.041946308724825,6,NEUTRAL,0,UPPTREND,False,4,0.5714285714285714,MEDEL,EJ AKTUELL,5.6
GMG.AX,Goodman Group,Real Estate,REIT - Diversified,Australia,AUD,60137362876.749344,2.117951000000005,-9.496005,2.72,0.48411440000000017,19.395395,19.788,13.244499999999999,0.004089999999999996,0.015369995999999997,0.17131000199999996,0.018954999999999972,0.444885,-0.2145,-0.229,0.031,-38.060500000000005,2.0189999999999997,2.375,2029862656.0,2963399936.0,4179800064.0,61353762816.0,31565300000.0,,2068600000.0,,,503900000.0,,1666400000.0,,1.02,0.35759997,0.3,1.19,0.15,1782691200.0,1.046,36.957314084852634,24.444910328485406,29.40999984741211,34.87357,1.57143,14.0,,,0.02533,0.54932,False,False,,0.5,4108660.0,3002699.0,0.8161619847334225,-8.55,-0.91,-6.52,-14.41,-0.20421706566965792,0.2757625240568835,15.245417670860874,-0.04725348635590054,-0.01992756803329443,False,0.18577695905790337,,0.5,Australia,True,True,69.2828114329217,72.16424838870152,35.16117722639632,23.821742189597956,62.514723954078754,49.234693877551024,66.65268456375838,84.76953907815631,50.0,,50.0,53.07470655525883,standard,335,61681482,False,51.0,False,83.38926174496645,48.57382550335571,2.5587248322147653,50.041946308724825,50.041946308724825,50.041946308724825,5,NEUTRAL,0,NEDTREND,True,4,0.5714285714285714,MEDEL,EJ AKTUELL,-0.7
RMD,ResMed Inc.,Healthcare,Medical Instruments & Supplies,United States,USD,28864770648.978516,-9.418737999999998,-0.01173999999999964,1.1899,0.6463409999999996,5.2123275,5.065,-0.6894999999999998,0.12669000000000002,0.0859500015,0.15513999999999997,0.16007499999999997,0.16974999999999996,0.027999999999999997,-0.012499999999999997,0.092,-46.311749999999996,0.97775,2.003,630217600.0,1660513024.0,843169024.0,28047425536.0,8174391000.0,,5146327000.0,,,1687394000.0,,1400723000.0,1751588000.0,1.18,0.22469999,2.4,0.85,0.6,1778716800.0,0.775,291.56838999089126,180.27000427246094,198.99000549316406,252.2,2.33333,15.0,9.46,0.12,0.00501,0.69994,False,False,,0.437,1553319.0,1731620.0,0.746873246153533,2.6,-11.19,-22.91,,-0.3175185914379106,0.27044212757861963,49.142035276493125,-0.0032137479477805098,-0.15256682270144095,False,0.4469258572096355,,0.86,US,True,True,,84.44647380397069,18.95815542271563,57.90382235848294,66.59277513543543,62.5,66.65268456375838,74.8496993987976,50.0,17.78202676864245,43.7,53.004679877405465,standard,337,344575073,False,55.4,False,76.59395973154362,63.00335570469798,28.60738255033557,50.041946308724825,50.041946308724825,50.041946308724825,4,NEUTRAL,0,NEDTREND,True,3,0.42857142857142855,LÅG,EJ AKTUELL,-0.2
SLF.TO,Sun Life Financial Inc.,Financial Services,Insurance - Diversified,Canada,CAD,63600354081.46795,3.838075999999999,0.5801969999999983,1.525,0.5759862999999998,1.8225164,-0.831,-13.684750000000001,-0.0001724980000000001,-0.008215000000000007,-0.14500501300000002,-0.28763249,0.013500020000000001,-0.062,-0.617,-0.488,4.427500000000002,46.496,45.002,-4910550080.0,109036003328.0,14042000384.0,-28984403968.0,398455000000.0,,38447000000.0,,,,,3745000000.0,2799000000.0,3.21,0.6704,3.68,4.07,0.96,1779840000.0,0.823,115.22000122070312,74.20870012486354,114.73999786376953,105.35714,2.33333,14.0,4.73,,0.00051,0.55501,False,False,,0.5,1816620.0,1103610.0,0.8651993463922991,4.3,20.28,33.82,,-0.00416597250345585,0.1944737975845604,65.86102736442257,0.08826756653230117,0.2662508844588227,False,0.9004817275436381,,0.691,Canada,True,True,,31.166606610367957,90.54938798747509,24.049296516319238,82.77486256200959,48.12925170068027,66.65268456375838,,50.0,,50.0,44.9976478497906,standard,621,90319696,False,46.5,False,27.936241610738254,47.48322147651007,65.60402684563759,50.041946308724825,50.041946308724825,50.041946308724825,2,SVAG,-8,UPPTREND,False,3,0.42857142857142855,LÅG,EJ AKTUELL,-9.2
VIE.PA,Veolia Environnement SA,Industrials,Waste Management,France,EUR,27470412949.126377,-4.825332499999998,-4.2474065,1.2607,0.9066465749999999,0.61875874,1.108,-6.5505,-0.022795015000000016,-0.010489998999999996,-0.036575005,-0.028367503000000002,-0.19828001,,,,151.488,-0.405,0.795,1199444352.0,10145000448.0,29517000704.0,49211490304.0,70671000000.0,,44396000000.0,,,3498000000.0,,1217000000.0,5153000000.0,4.03,0.8235,1.5,3.47,1.5,1778457600.0,1.008,37.65999984741211,26.281339587516165,37.5099983215332,39.4,1.58824,17.0,,,0.09380999,0.61885,False,False,,0.5,1734720.0,1604676.0,0.8932984408408529,4.34,10.25,32.8,26.53,-0.00398304637511071,0.18835389362947086,62.074835669298906,0.05497331576600328,0.19206084180196403,True,0.8568850352214671,,0.5,Europe,True,True,,32.712291706387845,81.71111494135805,31.879194630872483,42.753075982430616,63.35034013605442,66.65268456375838,76.15230460921843,50.0,,50.0,44.91985616637311,standard,622,68892517,False,67.6,False,88.00335570469798,63.84228187919463,89.93288590604027,50.041946308724825,50.041946308724825,50.041946308724825,3,SVAG,-8,UPPTREND,False,2,0.2857142857142857,LÅG,EJ AKTUELL,2.9
MDB,"MongoDB, Inc.",Technology,Software - Infrastructure,United States,USD,25121302679.89145,,23.071666999999998,1.67,3.172455299999999,9.653132,8.743,-300.70525,-0.1564625,-0.081839999,-0.117949998,-0.180707495,0.26764003999999997,0.10900000000000001,,,-47.861999999999995,3.2675,4.553,-298832128.0,2427152896.0,58635000.0,22752786432.0,3758848000.0,,2463797000.0,,,-136968000.0,,-71151000.0,505148000.0,,0.0,,,,,1.549,444.7200012207031,198.47000122070312,312.3299865722656,396.21222,1.65,36.0,1.96,0.0496,0.026530001,0.93906,False,False,,0.488,2029082.0,1419730.0,1.230413009530989,-10.46,24.36,-19.27,,-0.29769296250459343,0.747282923900763,49.354830014567334,-0.0631867231299923,-0.06415990788687331,False,0.21509723323426783,,1.0,US,True,True,,24.62009223283031,44.064901793339025,87.57054606467358,36.511084569978905,65.1360544217687,11.703020134228188,38.77755511022044,50.0,46.65391969407266,48.8,44.8572153298606,standard,625,443424252,False,41.2,False,27.936241610738254,65.60402684563759,12.583892617449665,50.041946308724825,50.041946308724825,50.041946308724825,3,SVAG,-8,NEDTREND,True,1,0.14285714285714285,LÅG,EJ AKTUELL,-8.5
WDAY,"Workday, Inc.",Technology,Software - Application,United States,USD,29100779754.63867,12.989626999999995,-8.039182,0.5718,0.0,3.6286602,3.573,6.627750000000002,-0.038132499999999986,-0.020179999999999997,-0.020819998,-0.011667494999999986,0.3056,-0.00799999999999998,2.264,2.265,7.0760000000000005,-0.6725000000000001,0.912,2302312448.0,4352999936.0,3804999936.0,35212660736.0,18074000000.0,,9552000000.0,,,1024000000.0,,693000000.0,2939000000.0,,0.0,,,,,1.104,249.85000610351562,110.36000061035156,144.77999877929688,171.15051,1.95122,39.0,5.49,0.1693,0.021429999,1.0832599,False,False,,0.1,5144014.0,4325260.0,1.133397715608994,14.21,15.94,-25.37,,-0.42053233843303206,0.4657682752047294,71.83189989889546,0.10120129194143668,-0.14830234547824328,True,0.7884193338294716,,0.906,US,True,True,81.88220015449895,44.75290562527961,34.61428978081412,78.8077382687469,37.18741514523062,62.414965986394556,11.703020134228188,94.38877755511022,50.0,9.94263862332696,10.0,52.726771348821494,standard,344,626211138,False,61.6,False,94.12751677852349,62.91946308724832,40.855704697986575,50.041946308724825,50.041946308724825,50.041946308724825,4,NEUTRAL,0,NEDTREND,True,2,0.2857142857142857,LÅG,EJ AKTUELL,2.1
SAMPO.HE,Sampo Oyj,Financial Services,Insurance - Diversified,Finland,EUR,25583277489.02395,2.429075499999998,3.8226235000000006,24.8156,0.8850648999999997,2.398142,0.893,-6.303749999999998,0.075702503,0.031869999999999996,-0.062545023,-0.318262492,-0.01211996999999998,-0.14200000000000002,,,-18.910000000000004,0.057499999999999996,1.671,-156875008.0,18642999296.0,2424999936.0,9531422720.0,25723000000.0,,10322000000.0,,,,,1998000000.0,1759000000.0,3.77,0.5574,0.36,4.11,0.36,1776902400.0,0.24,9.98901438913238,8.577668915457046,9.696000099182129,10.54438,1.875,16.0,,,0.07637,0.5083,False,False,,0.5,3467045.0,3019099.0,0.8097422905219425,6.11,7.59,0.55,,-0.02933365380562858,0.1650676633163436,76.20892692114006,0.057720847432585654,0.0519758004611548,True,0.859841912039407,,0.565,Nordic,True,True,,46.228646629697266,65.18645032735553,28.592129347162903,80.9122803100044,64.71088435374149,66.65268456375838,36.07214428857716,50.0,,50.0,44.68203183810526,standard,631,33504845,False,47.8,False,27.936241610738254,65.18456375838926,56.711409395973156,50.041946308724825,50.041946308724825,50.041946308724825,3,SVAG,-8,UPPTREND,False,3,0.42857142857142855,LÅG,EJ AKTUELL,-12.4
DLR,"Digital Realty Trust, Inc.",Real Estate,REIT - Specialty,United States,USD,64331429034.28345,12.857317000000002,40.206571,11.189,0.32469459999999994,10.361919,12.805,9.350000000000001,-0.010825000000000001,-0.014510000000000002,-0.04148498999999997,-0.21326499999999998,0.10136995999999998,0.11150000000000002,0.48100000000000004,0.63,-15.434500000000003,0.5010000000000001,1.119,2461564160.0,2464262912.0,19452149760.0,80850321408.0,49410468000.0,,6112692000.0,,,922135000.0,,1308589000.0,2412136000.0,2.81,1.2944,4.88,3.4,1.22,1781481600.0,1.053,206.7614403055562,144.27911912668085,173.8800048828125,218.70969,1.63636,31.0,0.02,0.0002,0.00013,0.99034,False,False,,0.1,2789846.0,2961910.0,0.650125632080525,-8.7,-12.06,10.66,,-0.15903079110955531,0.24092750415722125,25.99197438424551,-0.06368076741596584,0.002447928860846549,False,0.26549404132899523,,1.0,US,True,True,69.70684385530838,35.206836297847744,43.23939652718474,83.1272236808161,60.21247580501768,47.874149659863946,28.355704697986578,81.86372745490982,50.0,98.08795411089865,10.0,52.675292786448914,standard,346,515016925,False,52.7,False,85.65436241610739,47.23154362416108,11.325503355704699,50.041946308724825,50.041946308724825,50.041946308724825,4,NEUTRAL,0,VARNING,False,3,0.42857142857142855,LÅG,EJ AKTUELL,1.8
ITUB,Itaú Unibanco Holding S.A.,Financial Services,Banks - Regional,Brazil,USD,44313861402.24409,-7.65226,-4.521193499999999,1.4457,-0.6297603,0.6540413,5.229,,0.08318250299999999,-0.0038199969999999986,0.07800999,-0.04391747000000004,-0.45206,-0.085,-0.019000000000000003,0.107,,,,,531765002240.0,1153635057664.0,722557140992.0,3066169000000.0,,165243000000.0,,,,,44857000000.0,34466000000.0,2.1,0.7489,0.17,4.24,0.003,1785801600.0,0.154,9.47104351280717,5.431094570509837,8.199999809265137,8.8375,1.75,8.0,1.06,0.0046,2.0000001e-05,0.32465,False,False,,0.831,22476580.0,20760540.0,1.0899491553176726,4.15,-11.19,13.68,,-0.13420313208605494,0.3102595761554044,49.06828204430249,0.029139777320519755,0.06260946979379423,True,0.5059579014415299,,0.689,US,True,True,,46.39411536930521,48.14972957586108,43.405266976044025,74.12538216124895,54.761904761904766,66.65268456375838,,50.0,95.21988527724665,93.1,44.67237881020866,standard,632,170236424,False,51.1,False,27.936241610738254,55.369127516778526,88.84228187919463,50.041946308724825,50.041946308724825,50.041946308724825,0,SVAG,-8,UPPTREND,False,2,0.2857142857142857,LÅG,EJ AKTUELL,-2.6
HOLN.SW,Holcim AG,Basic Materials,Building Materials,Switzerland,CHF,41595006659.19612,87.8641205,3.7326855000000005,0.4288,1.21666405,2.6453197,2.932,3.782,-0.08466500500000003,-0.0037599999999999925,0.769594993,-0.008869995000000006,0.047809999999999964,-0.141,,,6.831000000000003,-0.377,1.037,1263269376.0,5442999808.0,9246999552.0,46107009024.0,33605000000.0,,15724000000.0,,,2230000000.0,,13179000000.0,2788000000.0,2.28,4.4286,1.7,3.99,1.7,1779062400.0,0.743,80.60190446052587,58.68881254340138,75.19999694824219,81.67381,2.19048,21.0,,,0.08778,0.46042,False,False,,0.5,1128487.0,811528.0,1.1711504203091279,-2.89,7.37,-2.62,,-0.06701960144042529,0.28059961088403557,59.7385558990725,0.009339526225919714,0.05517990782106219,False,0.5708061588765361,,0.5,Europe,True,True,75.71746845646601,53.268618486157166,58.95246228294905,20.856555357394285,57.630409242696565,56.292517006802726,28.355704697986578,78.95791583166333,50.0,,50.0,52.64015035491064,standard,348,75627557,False,59.4,False,81.20805369127517,56.87919463087249,53.43959731543624,50.041946308724825,50.041946308724825,50.041946308724825,4,NEUTRAL,0,UPPTREND,False,1,0.14285714285714285,LÅG,EJ AKTUELL,-4.1
ALGM,"Allegro MicroSystems, Inc.",Technology,Semiconductors,United States,USD,8659645209.434479,,11.754942000000002,,3.629102299999999,9.7288885,9.88,66.28275000000001,-0.16224249949999997,-0.046680001,-0.12350999800000001,-0.04035749499999999,0.012869999999999993,0.11800000000000002,,,-17.875999999999998,1.7695,1.944,-666475376.0,168752992.0,305912000.0,8794474496.0,1416175000.0,,890096000.0,,,25077000.0,,-14897000.0,163069000.0,,0.0,,,,,1.897,71.7699966430664,22.40999984741211,46.47999954223633,56.54545,1.27273,11.0,4.54,0.1575,0.32564998,0.76102996,False,False,,0.452,2959390.0,2792620.0,0.40842926849333383,-12.78,21.61,44.12,,-0.3523756205062232,0.6468086922588564,38.9822348448878,-0.09456075112233386,0.25094448495272714,False,0.10063402172474725,,0.894,US,True,True,12.601124035781059,24.097593709715376,66.21121548534016,80.46607335617404,33.892722849535645,82.82312925170068,11.703020134228188,14.729458917835672,50.0,11.281070745697896,45.2,44.63669693385169,standard,633,129800976,False,43.8,False,27.936241610738254,83.05369127516778,12.5,50.041946308724825,50.041946308724825,50.041946308724825,3,SVAG,-8,VARNING,False,2,0.2857142857142857,LÅG,EJ AKTUELL,2.6
MKS.L,Marks and Spencer Group plc,Consumer Cyclical,Department Stores,United Kingdom,GBp,10111140555365.357,11.315172249999998,-1.5463570000000004,0.6328,0.040048425000000165,0.45108983,0.601,1.9845000000000024,-0.07203499999999999,-0.03698499849999999,-0.054270003,-0.134019999,-0.086845,0.199,17.493000000000002,17.618,10.81900000000001,-0.2875000000000001,0.468,-399687520.0,1004200000.0,3427800064.0,10379864064.0,10114800000.0,,17273600000.0,,,994700000.0,,259400000.0,1176000000.0,1.1,0.3089,0.04,6.1,0.03,1780531200.0,1.006,5150.030361403421,3775.6970695438217,4919.353461502993,431.167,1.5,18.0,,,0.0226,0.63714004,False,False,,0.5,8562554.0,6105246.0,1.4216507258537154,9.83,7.31,8.79,10.1,-0.04479136698478936,0.301067293570842,56.3184292157596,0.07442245158818683,0.0930623557354131,False,0.6688094216489663,,0.5,UK,True,True,42.595246358639066,22.113057723259665,62.89525536865692,79.47196764555589,50.75516887336221,6.887755102040815,66.65268456375838,26.452905811623246,50.0,,50.0,44.61666827866912,standard,634,30033863043,False,44.5,False,27.936241610738254,6.795302013422819,93.28859060402685,50.041946308724825,50.041946308724825,50.041946308724825,3,SVAG,-8,UPPTREND,False,3,0.42857142857142855,LÅG,EJ AKTUELL,-0.3
KGC,Kinross Gold Corporation,Basic Materials,Gold,Canada,USD,26951050215.49671,-14.170738500000002,-8.1899885,1.12,0.23978074999999976,3.3852572,3.222,-7.624499999999999,0.24014999999999997,0.153390003,0.25127999999999995,0.389385,0.23514999999999997,0.503,0.9159999999999999,1.291,-47.465999999999994,1.0230000000000001,1.79,2020574976.0,2184999936.0,766000000.0,25654437888.0,12411100000.0,,7051100000.0,,,3228100000.0,,2390100000.0,3760500000.0,0.64,0.0574,0.15,1.8,0.04,1779321600.0,1.406,39.007696964686524,15.226027000825871,22.56999969482422,36.005,1.66667,10.0,1.9,,0.0018000001,0.69214,False,False,,0.819,8365746.0,8007490.0,0.9888054103336449,-19.36,-33.27,-32.02,,-0.4213962512255792,0.5249423180823368,38.472034978622354,-0.15556524214857004,-0.2193507459896108,True,0.12058737260928724,,0.838,US,True,True,,92.18994047486275,6.760603472815258,85.71790575315401,37.252265838155495,63.775510204081634,66.65268456375838,95.39078156312625,50.0,,91.89999999999999,52.57234626422482,commodity,350,180729047,False,62.2,False,93.8758389261745,64.26174496644296,43.70805369127517,50.041946308724825,50.041946308724825,50.041946308724825,5,NEUTRAL,0,NEDTREND,True,3,0.42857142857142855,LÅG,EJ AKTUELL,-0.5
AC.MX,"Arca Continental, S.A.B. de C.V.",Consumer Defensive,Beverages - Non-Alcoholic,Mexico,MXN,340453537133.82074,2.926151250000001,4.3751005,2.2842,0.6040038500000005,1.3597219,1.611,1.588000000000001,-0.04245248999999998,0.004732493999999993,0.032000004000000005,0.03573499999999999,0.16768000000000005,-0.033999999999999996,-0.14900000000000002,-0.085,-82.588,-0.0655,0.84,10982236288.0,36055470080.0,67171651584.0,403286163456.0,294482969000.0,,250258459000.0,,,38789584000.0,,19580455000.0,37717316000.0,4.46,0.791,8.78,3.86,4.28,1775520000.0,0.069,231.0,170.99241071743992,200.47999572753906,238.22221,1.61111,18.0,,,0.45696,0.14554,False,False,,0.5,1910859.0,2848854.0,1.1029876080579744,-4.8,-1.82,3.91,,-0.132121230616714,0.2288783527222358,26.48792398467603,-0.05732064295421102,0.014702907275679244,False,0.28585974966007194,,0.063,LatAm,True,True,80.31151688852565,57.23855872491322,49.003700540848286,22.437442729541328,75.32595334910424,23.299319727891156,66.65268456375838,78.65731462925851,50.0,,50.0,52.566387125822985,standard,351,29699188,False,57.6,False,82.46644295302013,22.986577181208055,73.5738255033557,50.041946308724825,50.041946308724825,50.041946308724825,5,NEUTRAL,0,VARNING,False,3,0.42857142857142855,LÅG,EJ AKTUELL,1.4
CSU.TO,Constellation Software Inc.,Technology,Software - Application,Canada,CAD,59352389769.748535,24.709377,-4.758663500000001,0.5255,6.090410899999998,4.8849707,5.154,9.898249999999997,0.065222495,0.020264997,-0.02434500099999999,-0.004842484999999994,-0.013869980000000004,0.05600000000000002,1.483,1.699,88.12950000000001,-0.7555,0.833,2012325056.0,3012999936.0,5560999936.0,62625390592.0,16171000000.0,,11623000000.0,,,2108000000.0,,512000000.0,2732000000.0,0.2,0.1141,5.68,0.19,1.413,1781827200.0,0.694,5051.449103550577,2193.5970052236025,2800.760009765625,3956.0776,1.41667,12.0,4.52,,0.04409,0.42851,False,False,,0.5,61555.0,50730.0,1.0256866056350546,-2.74,6.69,-1.45,,-0.4455531566581521,0.4339822735102882,49.152724782545434,0.010739137198300552,-0.043187519246019934,False,0.6046771086631361,,0.217,Canada,True,True,70.77445393580456,55.03439030689924,37.660119555935104,64.67341870861888,30.814569992608426,49.404761904761905,66.65268456375838,83.86773547094188,50.0,,50.0,52.55102888123336,standard,352,101342768,False,55.2,False,83.4731543624161,48.741610738255034,30.201342281879196,50.041946308724825,50.041946308724825,50.041946308724825,6,NEUTRAL,0,NEDTREND,True,3,0.42857142857142855,LÅG,EJ AKTUELL,-4.4
KNIN.SW,Kuehne + Nagel International AG,Industrials,Integrated Freight & Logistics,Switzerland,CHF,24975243924.626984,3.0672285000000024,5.0889334999999996,2.682,7.1358408749999995,1.0516335,1.175,4.610499999999997,0.17836500499999997,0.020220004,-0.028785004000000003,-0.043727503,-0.010429999999999995,-0.1835,-0.239,-0.158,73.833,-0.23199999999999998,0.991,-213305696.0,749000000.0,3622000128.0,27916406784.0,11927000000.0,,24476000000.0,,,1237000000.0,,882000000.0,1781000000.0,2.85,1.1735,6.0,4.16,6.0,1778198400.0,0.641,213.6999969482422,142.4033839338917,210.3000030517578,187.77779,3.22222,18.0,,,0.60231996,0.18212,False,False,,0.5,213938.0,200792.0,0.8162621325451361,15.11,18.02,17.63,,-0.015910126088152676,0.2857222596136539,74.6031507673468,0.10882634044359207,0.23298760364819238,True,0.7546504727387505,,0.239,Europe,True,True,48.29754481029097,55.48453093264076,83.34756618274979,13.16651020504203,48.616574617273336,65.39115646258503,28.355704697986578,41.38276553106213,50.0,,50.0,44.54406130325912,standard,636,52329240,False,51.3,False,27.936241610738254,65.85570469798657,79.61409395973155,50.041946308724825,50.041946308724825,50.041946308724825,3,SVAG,-8,UPPTREND,False,1,0.14285714285714285,LÅG,EJ AKTUELL,-8.1
SYY,Sysco Corporation,Consumer Defensive,Food Distribution,United States,USD,39062738414.95801,-2.947270249999998,0.04321249999999921,1.6151,13.098511550000001,0.46744213,0.629,-1.2364999999999995,0.64395744,0.016912504,-0.064274993,-0.09036000000000002,-0.26668999000000004,0.011000000000000003,-0.199,-0.152,563.6820000000001,0.27149999999999996,0.763,1051937536.0,1902000000.0,15399999488.0,52560736256.0,26774000000.0,,81370000000.0,,,3088000000.0,,1828000000.0,2510000000.0,2.67,0.6,2.2,2.57,0.55,1782950400.0,0.641,90.5624908257144,67.2341471705827,81.69000244140625,87.35714,2.3125,14.0,4.07,0.035099998,0.00141,0.89592004,False,False,,0.733,3686903.0,3111170.0,0.9563273614743961,3.51,11.05,7.45,,-0.09797089615592702,0.27326201604640177,47.78779659529558,0.04982236029329323,0.055749856914500295,False,0.46551831880137595,,0.698,US,True,True,,45.04688093238689,64.13321947053801,39.27890075475357,48.90109560744704,57.56802721088435,66.65268456375838,72.0440881763527,50.0,59.75143403441683,73.3,44.528443048225455,standard,638,254151485,False,64.9,False,79.11073825503355,58.13758389261745,92.86912751677853,50.041946308724825,50.041946308724825,50.041946308724825,3,SVAG,-8,UPPTREND,False,2,0.2857142857142857,LÅG,EJ AKTUELL,-4.5
EVO.ST,Evolution AB (publ),Consumer Cyclical,Gambling,Sweden,SEK,133089149806.51794,-10.747074750000001,-6.2115269999999985,,29.068158675000003,64.64922,66.246,91.551,0.09927001000000002,0.06177000000000001,0.466504997,0.49146500000000004,0.57812,-0.088,-0.09,-0.011,-58.18,0.2569999999999999,1.746,-14064640.0,1097950976.0,88399000.0,136377122816.0,5521787000.0,,2066540000.0,,,1205639000.0,,1062096000.0,1255217000.0,5.05,0.53330004,30.5,2.46,2.8,1747008000.0,0.704,887.5999755859375,515.4000244140625,691.4000244140625,677.1974,3.1875,17.0,,,0.40673,0.29959,False,False,,0.5,690768.0,757897.0,1.7410873467537211,-1.14,7.46,14.21,,-0.22104546706680128,0.28168306232504775,55.02318297808112,0.009231126807077272,0.0834222978847845,True,0.7261372052650732,,0.366,Nordic,True,True,34.53017767378332,92.95099973498517,57.41531454597211,25.290330134792153,61.23663993861968,34.2687074829932,66.65268456375838,47.09418837675351,50.0,,50.0,44.472271578805746,standard,640,54329256,False,35.0,False,27.936241610738254,33.808724832214764,2.5587248322147653,50.041946308724825,50.041946308724825,50.041946308724825,3,SVAG,-8,UPPTREND,False,3,0.42857142857142855,LÅG,EJ AKTUELL,-6.5
TEAM,Atlassian Corporation,Technology,Software - Application,Australia,USD,14892278862.199516,,-4.43263,0.7061,21.7563683,3.8244433,3.842,119.13475,-0.33960249,-0.0581199996,-0.141789998,-0.050877488999999984,0.39605999999999997,0.17400000000000002,,,91.54799999999999,-0.9795,0.615,762558848.0,1136342016.0,1243017984.0,23780679680.0,6041970000.0,,5215304000.0,,,-130392000.0,,-256687000.0,1460393000.0,,0.0,,,,,1.111,206.0,56.0099983215332,93.29000091552734,139.69933,1.53125,30.0,3.25,0.10609999,0.0095,1.09981,False,False,,0.577,6121812.0,3371810.0,0.7898767279089043,6.07,35.73,-29.3,,-0.5471359178857895,0.6570528599671758,67.66205655420333,0.04640455874998528,-0.16529901407894487,True,0.8419225441144155,,1.0,US,True,True,59.75459298485238,29.732134367216542,37.01964133219471,90.93593068005819,17.112958560357843,74.48979591836735,11.703020134228188,83.76753507014027,50.0,21.03250478011472,57.699999999999996,52.466278801404655,standard,357,314556158,False,62.2,False,90.77181208053692,74.83221476510067,38.59060402684564,50.041946308724825,50.041946308724825,50.041946308724825,4,NEUTRAL,0,NEDTREND,True,1,0.14285714285714285,LÅG,EJ AKTUELL,1.9
WFC,Wells Fargo & Company,Financial Services,Banks - Diversified,United States,USD,265025383522.96674,-5.219414,-1.7060704999999992,1.681,-1.1786563,3.192077,1.081,,-0.009227496999999994,-0.008789996500000001,0.017549989999999988,-0.00397749,-0.45206,0.031,0.11699999999999999,0.166,,,,,651887968256.0,459111006208.0,89729376256.0,2148631000000.0,,83699000000.0,,,,,21338000000.0,-19001000000.0,2.04,0.2616,1.8,2.14,0.45,1778198400.0,0.917,96.7288599692398,72.77999877929688,87.51000213623047,98.47727,1.92,22.0,0.0,0.0,0.00091,0.79495,False,False,,0.681,16658835.0,18292520.0,1.2896885428883864,2.89,8.32,-0.9,,-0.09530617683223985,0.2662618524268192,60.987366250134926,0.07729203854249489,0.043051999323730605,False,0.768538010949798,,0.74,US,True,True,,37.945946706004364,58.01309422146314,61.28590462813307,56.264080354601276,25.34013605442177,66.65268456375838,,50.0,99.0,68.10000000000001,44.420607905382155,standard,641,1600778464,False,40.1,False,27.936241610738254,25.0,45.553691275167786,50.041946308724825,50.041946308724825,50.041946308724825,1,SVAG,-8,UPPTREND,False,2,0.2857142857142857,LÅG,EJ AKTUELL,-1.1
UPS,"United Parcel Service, Inc.",Industrials,Integrated Freight & Logistics,United States,USD,87887612290.87476,-12.2797965,-5.3467055000000006,1.8493,1.9263692749999999,1.1329952,1.392,-6.47,0.18016999,0.017110003000000006,-0.04459999700000001,-0.07290250300000001,-0.22756,-0.0845,-0.35200000000000004,-0.272,105.34500000000001,-0.17099999999999982,1.093,3809062656.0,5801999872.0,28661999616.0,122950737920.0,73090000000.0,,88661000000.0,,,7867000000.0,,5572000000.0,8450000000.0,5.57,1.0615001,6.56,4.34,1.64,1779062400.0,1.03,118.72508048391231,78.17259714020712,117.72000122070312,114.65385,2.17241,26.0,4.26,0.031,0.00017000001,0.70761,False,False,,0.778,5556558.0,4343870.0,1.4685387201930233,7.0,13.94,13.01,,-0.008465601868725359,0.3026410063946537,77.15420114094917,0.1097639164627553,0.17919173625078288,True,1.0293442499008993,,0.823,US,True,True,,45.98356057659015,79.56162823797324,29.10072321284276,38.89706240854731,41.92176870748299,28.355704697986578,82.56513026052104,50.0,64.34034416826003,77.8,44.40329312312272,standard,642,511360382,False,62.3,False,87.66778523489933,41.35906040268457,77.76845637583892,50.041946308724825,50.041946308724825,50.041946308724825,3,SVAG,-8,UPPTREND,False,1,0.14285714285714285,LÅG,EJ AKTUELL,3.2
AGI.TO,Alamos Gold Inc.,Basic Materials,Gold,Canada,CAD,16626430685.571636,-12.317286500000002,-6.652515000000001,0.99,0.5134356500000001,8.022404,7.789,-0.1479999999999997,0.159414995,0.07400499500000002,0.425094997,0.36468,0.31421000000000004,0.687,11.024,11.592,-33.67049999999999,0.20799999999999996,1.282,-585549984.0,703900032.0,219700000.0,16142230528.0,6384600000.0,,1808800000.0,,,878700000.0,,885800000.0,795300000.0,0.57,0.0458,0.23,0.72,0.056,1781136000.0,1.326,75.62675891330356,32.99475466390651,39.59000015258789,70.94961,1.38462,11.0,3.86,,0.0028,0.69817,False,False,,0.5,1284739.0,1180400.0,0.35717384307524386,-24.92,-41.38,-26.73,,-0.47650804131414937,0.5511836579938406,32.975684987856,-0.20011815980408287,-0.2666741817691355,False,0.07404334100904099,,0.71,Canada,True,True,,91.76887445441787,6.90293196697979,89.02846609676911,31.02712347862901,73.04421768707483,66.65268456375838,27.15430861723447,50.0,,50.0,52.39426375472588,commodity,360,33332409,False,42.9,False,27.936241610738254,73.40604026845638,16.023489932885905,50.041946308724825,50.041946308724825,50.041946308724825,5,NEUTRAL,0,NEDTREND,True,3,0.42857142857142855,LÅG,EJ AKTUELL,1.8
2269.HK,WuXi Biologics (Cayman) Inc.,Healthcare,Biotechnology,China,HKD,151849071976.96857,8.1520565,6.3145479999999985,1.0742,0.7930843999999999,6.9687448,6.701,6.067999999999999,0.012979994999999994,0.02732999849999999,0.082224992,0.12916999999999998,0.10186500000000004,0.09199999999999998,0.2765,0.383,-9.75225,1.3097499999999997,2.965,-4947785728.0,15732761600.0,3104066048.0,146021728256.0,63696738000.0,,21790018000.0,,,7056897000.0,,4908343000.0,,,0.0,,,,,0.585,44.0,27.299999237060547,36.97999954223633,46.923363,1.53846,23.0,,,0.09988,0.39451998,False,False,,0.5,31145809.0,39484091.0,1.376804463032002,23.18,-0.05,1.48,,-0.15954546494917432,0.46522815416290564,62.3279059435993,0.09738146566079231,0.04900657954174226,True,0.6267472282224003,,0.5,Asia,True,True,36.147042688729414,71.2996483283607,46.66951323654996,63.49794152821769,57.70994177164312,32.22789115646258,11.703020134228188,27.85571142284569,50.0,,50.0,52.385560978629556,standard,361,186247121,False,37.2,False,27.936241610738254,31.79530201342282,19.71476510067114,50.041946308724825,50.041946308724825,50.041946308724825,5,NEUTRAL,0,UPPTREND,False,2,0.2857142857142857,LÅG,EJ AKTUELL,0.6
GFNORTEO.MX,"Grupo Financiero Banorte, S.A.B. de C.V.",Financial Services,Banks - Regional,Mexico,MXN,503156883744.7106,0.9839874999999978,1.8357835000000007,0.52,1.1633648999999997,3.5645614,7.961,,0.08987252300000001,-0.0061300020000000024,0.20331500700000002,0.24249750999999992,-0.29882,-0.023,-0.133,0.011,,,,,110442274816.0,670458249216.0,1123359916032.0,2598663000000.0,,247467000000.0,,,,,58788000000.0,81433000000.0,9.64,0.7853,17.44,6.96,10.448829,1779926400.0,0.153,199.02599965925697,141.4788096484392,181.33999633789062,220.4,1.9375,15.0,,,0.0,0.43904,False,False,,0.5,6029432.0,5683144.0,1.0514601210127164,-5.36,-2.28,7.16,,-0.08886277848947233,0.264303022307949,43.58228740313873,-0.010753800470145847,0.034235577426322106,False,0.11229789765377426,,0.476,LatAm,True,True,,62.37648527337971,54.35525192143467,30.968648385955383,82.81542397255464,19.897959183673468,66.65268456375838,,50.0,,50.0,44.31671222470767,standard,643,53590228,False,38.7,False,27.936241610738254,19.630872483221477,41.61073825503356,50.041946308724825,50.041946308724825,50.041946308724825,0,SVAG,-8,VARNING,False,3,0.42857142857142855,LÅG,EJ AKTUELL,-3.6
TROW,"T. Rowe Price Group, Inc.",Financial Services,Asset Management,United States,USD,25144185887.155106,-5.276571000000001,-1.5232475,6.7939,-0.4840665000000004,3.3942394,3.101,-0.9582499999999996,0.05191249300000001,0.088920003,0.028009989999999957,-0.00282752,0.06792999999999993,-0.011000000000000003,-0.096,0.016,-63.151,3.8509999999999995,5.545,1063912448.0,3729799936.0,459600000.0,22971785216.0,14341800000.0,,7314800000.0,,,2477400000.0,,2087100000.0,1753400000.0,4.37,0.5483,5.2,4.16,1.3,1781481600.0,1.497,121.16999816894531,84.2095526998167,117.3499984741211,110.08333,3.38462,12.0,11.53,0.14739999,0.01768,0.89843005,False,False,,0.1,2172843.0,2108000.0,0.8867818028817824,7.72,24.03,13.62,,-0.03152595322728369,0.24433811778067915,62.86337342276431,0.08769809800043338,0.17775195305491276,False,0.6569395402329662,,0.739,US,True,True,,66.88195659004029,80.9422146313692,45.2478925138428,61.537964354273164,65.05102040816327,66.65268456375838,89.77955911823648,50.0,14.340344168260039,10.0,52.3130505671782,holding,363,247373797,False,60.7,False,87.24832214765101,65.52013422818791,43.54026845637584,50.041946308724825,50.041946308724825,50.041946308724825,4,NEUTRAL,0,UPPTREND,False,4,0.5714285714285714,MEDEL,EJ AKTUELL,1.4
MOD,Modine Manufacturing Company,Consumer Cyclical,Auto Parts,United States,USD,12179600237.375702,72.96994025,3.6703259999999993,1.112,6.599152075,3.8287385,3.97,12.801500000000003,-0.03229,0.033189998000000005,-0.04592,0.0076200099999999965,-0.22183000000000003,0.40199999999999997,0.367,0.478,-30.562999999999995,0.5775000000000001,1.167,-917887504.0,73500000.0,580099968.0,12627672064.0,2674600000.0,,3181100000.0,,,371000000.0,,121500000.0,248700000.0,,0.0,,4.37,0.1,1227052800.0,1.672,323.25,90.41000366210938,229.33999633789062,340.85715,1.125,7.0,1.39,0.0506,0.02161,1.0783,False,False,,0.734,1386022.0,1280420.0,0.6764254023464304,-19.52,-2.51,83.4,,-0.2905181861163476,0.6847869592098385,36.5607590029568,-0.13914515233942837,0.1376708560980957,False,0.2655334555059052,,0.998,US,True,True,20.91333504998824,42.55013451243316,54.36948477085112,84.13589556051244,28.908004996646252,77.8061224489796,11.703020134228188,15.430861723446892,50.0,45.69789674952199,73.4,44.28135617778985,standard,646,293651518,False,47.0,False,27.936241610738254,78.10402684563759,38.50671140939597,50.041946308724825,50.041946308724825,50.041946308724825,3,SVAG,-8,VARNING,False,1,0.14285714285714285,LÅG,EJ AKTUELL,4.8
FRES.L,Fresnillo plc,Basic Materials,Other Precious Metals & Mining,Mexico,GBp,23350956490056.92,0.15791449999999685,0.0,1.56,3.5670641000000005,3.945194,3.624,-1.9135,0.22298502000000003,0.14884500150000002,0.20963997699999998,0.336695,0.18827499999999997,0.202,14.478,14.901,-55.75099999999999,2.7399999999999998,3.846,1142708224.0,2756475904.0,850972992.0,16531231744.0,7279268000.0,,4561231000.0,,,2291228000.0,,1383988000.0,2289707000.0,3.88,0.25100002,0.95,2.16,0.797486,1776902400.0,0.718,54391.81200144534,17570.936133736315,31688.369716644287,3553.5544,2.84615,13.0,,,0.74994004,0.14837,False,False,,0.5,1105453.0,635635.0,1.4225782966151863,-19.63,-32.6,-31.37,67.89,-0.41740551471603404,0.5591476959777628,33.250107350621846,-0.17758257213404527,-0.1922665641806035,False,0.05747425538208416,,0.5,UK,True,True,,90.39082031339343,27.969018090082187,79.55938023296848,53.95914621520637,3.9965986394557826,66.65268456375838,94.98997995991984,50.0,,50.0,60.2601829388556,commodity,150,20142236885,False,42.9,False,57.466442953020135,2.5587248322147653,37.332214765100666,50.041946308724825,50.041946308724825,50.041946308724825,7,STARK,8,NEDTREND,True,3,0.42857142857142855,LÅG,EJ AKTUELL,13.9
HEROMOTOCO.NS,Hero MotoCorp Limited,Consumer Cyclical,Auto Manufacturers,India,INR,982436296745.874,-12.170083750000002,-4.7867535,,0.06257952499999941,2.0721593,1.82,-7.142999999999999,0.11028000000000002,0.052060000000000016,0.02700999699999998,0.012725,-0.08702999,0.22899999999999998,0.15000000000000002,0.257,-31.439499999999995,0.6405000000000001,1.556,44531849216.0,129412702208.0,7786100224.0,862792515584.0,334525900000.0,,470483900000.0,,,62038700000.0,,57417300000.0,83146200000.0,3.78,0.6104,185.0,3.14,75.0,1784764800.0,0.504,6266.359422363396,4114.796801283032,4909.89990234375,5837.147,2.25,34.0,,,0.37431,0.38215,False,False,,0.5,670129.0,599744.0,0.5696177577821666,-2.22,-6.64,-11.82,,-0.21646691940119345,0.2640582239296362,59.243591137641026,-0.0058629171373435485,-0.08467392862686463,True,0.5443793666574498,,0.693,India,True,True,,64.0681124412993,31.48306290919442,69.79290726469904,72.32008804589312,17.346938775510203,66.65268456375838,91.48296593186373,50.0,,50.0,52.132279668386516,standard,368,30584576,False,56.3,False,88.59060402684564,17.114093959731544,60.738255033557046,50.041946308724825,50.041946308724825,50.041946308724825,5,NEUTRAL,0,NEDTREND,True,4,0.5714285714285714,MEDEL,EJ AKTUELL,0.8
DRS,"Leonardo DRS, Inc.",Industrials,Aerospace & Defense,United States,USD,11774878357.361343,9.228516500000001,10.633093499999998,,0.005328575000000058,3.1867056,3.171,8.503,-0.044770009999999985,0.0005400060000000026,-0.025549997000000012,-0.045182503,-0.20849,-0.009500000000000008,0.14,0.24,-66.38,0.4770000000000001,1.472,-551812512.0,328000000.0,271000000.0,11717878784.0,4486000000.0,,3648000000.0,,,348000000.0,,278000000.0,366000000.0,0.84,0.3364,0.36,,0.09,1779148800.0,0.19,50.59000015258789,32.30043669244252,44.13999938964844,52.9,1.5,10.0,3.07,0.0119,0.71454,0.27788,False,False,,0.844,1039800.0,942970.0,1.345906387318585,-3.18,-1.57,6.99,,-0.1274955671770147,0.4089805528744573,57.21738824682211,-0.012719916274404386,0.07163295116929058,False,0.5126416853163871,,1.0,US,True,True,29.428353914532977,33.91248637965431,51.38058639339596,67.24473856106982,63.945357617854285,78.4013605442177,66.65268456375838,23.04609218436874,50.0,91.39579349904398,94.39999999999999,52.12397059581855,standard,369,41622695,False,48.2,False,27.936241610738254,78.69127516778524,45.72147651006711,50.041946308724825,50.041946308724825,50.041946308724825,4,NEUTRAL,0,VARNING,False,3,0.42857142857142855,LÅG,EJ AKTUELL,-3.5
PZU.WA,Powszechny Zaklad Ubezpieczen SA,Financial Services,Insurance - Property & Casualty,Poland,PLN,59928497517.63153,-4.148301,-0.26283549999999956,1.72,0.0354378999999998,0.9577373,1.503,-3.247750000000001,0.05688750799999998,0.02463,-0.11402501700000002,0.0009174899999999653,0.2132,-0.111,-0.359,-0.226,0.0,3.0269999999999997,4.102,2911569408.0,49941000192.0,46239997952.0,94038851584.0,535483000000.0,,64701000000.0,,,,,6699000000.0,10519000000.0,6.93,0.6123,4.8,6.57,4.8,1789516800.0,0.322,72.72000122070312,53.36000061035156,69.4000015258789,73.52222,1.88889,9.0,,,0.34188,0.32812,False,False,,0.5,1745034.0,1698090.0,1.1123530147202665,2.75,-0.26,-0.83,,-0.04565456049358574,0.22184405799247883,69.37983120715862,0.05513459618199135,0.07335966700913388,True,0.7822057363219299,,0.591,Europe,True,True,,57.228811385636746,55.90663250782807,22.96105637946413,90.24129450380795,49.31972789115646,66.65268456375838,82.36472945891784,50.0,,50.0,52.11057587141796,standard,370,117847449,False,64.5,False,89.76510067114094,48.65771812080537,81.71140939597315,50.041946308724825,50.041946308724825,50.041946308724825,5,NEUTRAL,0,UPPTREND,False,2,0.2857142857142857,LÅG,EJ AKTUELL,1.3
SLB,SLB N.V.,Energy,Oil & Gas Equipment & Services,United States,USD,70252761999.79465,-0.8881909999999991,1.9399704999999994,1.6181,0.04816335000000016,1.954778,2.215,1.50575,0.02487750250000001,0.014097503750000007,-0.017169997,-0.0551325,-0.27404,-0.021500000000000002,-0.42300000000000004,-0.056,-14.5805,0.14649999999999996,0.867,2226687488.0,3452000000.0,11628999680.0,79605760000.0,54868000000.0,,35708000000.0,,,5458000000.0,,3374000000.0,6489000000.0,2.51,0.5066,1.18,2.04,0.295,1780444800.0,0.733,58.513212194595916,31.04518788109171,46.9900016784668,60.96552,1.6,29.0,3.21,0.041100003,0.0021799998,0.93327004,False,False,,0.629,14198524.0,10253590.0,0.8255489715445545,-11.46,-8.69,1.16,,-0.19693348021651358,0.33435433749926624,49.921024196547,-0.09639579117361763,0.029835162262589865,True,0.5109463391434608,,0.866,US,True,True,80.8856819784821,42.388288171326806,36.97694278394535,38.89832362876382,53.61683988453402,46.25850340136054,66.65268456375838,79.15831663326654,50.0,53.346080305927345,62.9,43.9750999374311,standard,658,481816211,False,59.3,False,81.87919463087249,45.63758389261745,63.08724832214765,50.041946308724825,50.041946308724825,50.041946308724825,3,SVAG,-8,VARNING,False,2,0.2857142857142857,LÅG,EJ AKTUELL,-0.8
ABX.TO,Barrick Mining Corporation,Basic Materials,Gold,Canada,CAD,81965865903.25256,-13.330636500000002,-7.692440400000001,2.04,0.10937314999999992,4.3040257,4.673,-4.49,0.15232499499999996,0.07361500000000001,0.234084997,0.40311003,0.16314999999999996,0.562,2.1189999999999998,2.38,-25.586499999999987,1.2590000000000001,2.266,4532949952.0,7130999808.0,4726000128.0,88994865152.0,51577000000.0,,16956000000.0,,,8005000000.0,,4993000000.0,7689000000.0,2.0,0.2334,0.98,2.37,0.241,1780012800.0,1.098,73.07496219542206,27.590065434089563,48.91999816894531,69.1096,1.95833,12.0,2.96,,0.00411,0.67196,False,False,,0.5,4802234.0,3459460.0,0.5660795294559334,-16.28,-17.23,-26.92,,-0.3305504826930993,0.4630178047626961,36.80370399976525,-0.11931272637228252,-0.13632284151706175,False,0.08845860926262872,,0.789,Canada,True,True,,87.96123398536035,14.090520922288642,87.78451505298212,45.36104693054253,43.28231292517007,66.65268456375838,91.28256513026052,50.0,,50.0,51.955222903030204,commodity,376,120710973,False,57.0,False,91.5268456375839,42.70134228187919,34.64765100671141,50.041946308724825,50.041946308724825,50.041946308724825,5,NEUTRAL,0,NEDTREND,True,3,0.42857142857142855,LÅG,EJ AKTUELL,-0.7
BP.L,BP p.l.c.,Energy,Oil & Gas Integrated,United Kingdom,GBp,103676231136620.08,17.540555,2.1971124999999994,0.0423,0.3217511000000003,0.41395813,0.722,-0.5592499999999996,-0.058857497499999994,-0.010977497749999999,-0.07835,-0.07158249,-0.10535499999999998,0.0675,4.46,4.592,22.5415,0.23749999999999993,0.68,9407262592.0,35762999296.0,74178002944.0,139417878528.0,278526000000.0,,189335000000.0,,,15808000000.0,,55000000.0,24493000000.0,4.87,1.6000999,0.25,4.85,0.061844,1778716800.0,-0.231,7674.033582101881,5053.692683332641,6710.096317295218,593.88367,2.31579,19.0,,,0.0028600001,0.35844,False,False,,0.5,41371919.0,36518726.0,0.6821761034739021,8.25,-0.24,23.66,28.49,-0.12561024844285928,0.29684538147515893,70.41215694154684,0.02429827146538588,0.0993428159278742,True,0.9394853225253921,,0.838,UK,True,True,,27.254934814511397,64.22576563589499,84.4158383830134,71.46624382437028,0.8503401360544218,28.355704697986578,94.78957915831663,50.0,,50.0,51.867511914932095,standard,377,245044168845,False,51.5,False,57.969798657718115,2.5587248322147653,93.79194630872483,50.041946308724825,50.041946308724825,50.041946308724825,4,NEUTRAL,0,UPPTREND,False,3,0.42857142857142855,LÅG,EJ AKTUELL,3.9
FSV.TO,FirstService Corporation,Real Estate,Real Estate Services,Canada,CAD,9574781896.574722,8.472188000000003,-2.3828335000000003,,3.1091422000000004,1.7209189,2.018,3.0325000000000006,0.05972998899999998,0.027594996999999996,-0.20927999399999997,-0.34650000000000003,-0.05229,-0.0025000000000000022,6.069,6.131,-3.029,1.03,1.256,-393598112.0,191419008.0,1366308992.0,11227278336.0,4283713000.0,,5497500000.0,,,350199000.0,,145047000.0,445941000.0,0.82,0.3183,1.73,0.58,0.433,1782777600.0,0.904,288.137469113826,169.2356064365207,208.22999572753906,250.02284,1.7,1.0,5.97,,0.08953,0.77596,False,False,,0.5,144190.0,68450.0,0.5122139835327298,7.06,0.04,-7.27,,-0.2773241315405607,0.2909163649942221,64.69329518450009,0.07826820323825068,0.000506200427362602,True,0.7552048310037748,,0.928,Canada,True,True,41.29975033866616,40.03156724429335,35.61058923996584,81.81942021745328,61.6368112270769,81.20748299319727,66.65268456375838,27.55511022044088,50.0,,50.0,51.82309874966182,standard,379,10166436,False,51.9,False,27.936241610738254,81.45973154362416,67.61744966442953,50.041946308724825,50.041946308724825,50.041946308724825,4,NEUTRAL,0,UPPTREND,False,3,0.42857142857142855,LÅG,EJ AKTUELL,-0.3
G1A.DE,GEA Group Aktiengesellschaft,Industrials,Specialty Industrial Machinery,Germany,EUR,9816940214.992188,-3.3353494999999995,-1.7683985,1.1954,0.7798212749999998,1.7816408,1.752,-1.5135000000000014,0.022094984999999984,0.024280000000000003,0.012134995999999988,0.0015725020000000034,0.0,-0.05650000000000001,-0.013999999999999999,0.057,-61.372,-0.15999999999999992,0.671,-316115072.0,415686016.0,251400000.0,9652948992.0,6087950000.0,,5495356000.0,,,594299000.0,,414013000.0,731800000.0,2.16,0.44919997,1.3,2.34,1.3,1777507200.0,0.747,65.33311148151213,52.86308761263763,60.29999923706055,66.34706,2.17647,17.0,,,0.0,0.72928,False,False,,0.5,390561.0,307129.0,1.4727114275648514,1.26,-1.2,1.91,3.27,-0.0770376939092492,0.2264342036907633,54.954952168468175,0.050833858201277504,0.022492675407470353,False,0.5321707131594022,,0.433,Europe,True,True,,58.46905011496524,49.95083791004318,33.59660919602195,59.61902965972988,80.95238095238095,66.65268456375838,28.557114228456914,50.0,,50.0,43.73003617433537,standard,663,21197068,False,51.7,False,27.936241610738254,81.20805369127517,66.44295302013423,50.041946308724825,50.041946308724825,50.041946308724825,2,SVAG,-8,UPPTREND,False,1,0.14285714285714285,LÅG,EJ AKTUELL,0.4
DBK.DE,Deutsche Bank Aktiengesellschaft,Financial Services,Banks - Regional,Germany,EUR,58992399118.68137,-3.897239000000001,-3.3585085,1.7724,-0.8459671000000002,1.9779514,-1.455,,-0.03948250200000002,0.0,0.011794982999999981,0.029627530000000013,-0.37562,-0.052000000000000005,-0.06200000000000001,0.076,,,,,622900019200.0,519844986880.0,-43408678912.0,1435067000000.0,,32099000000.0,,,,,6931000000.0,47064000000.0,3.16,0.2152,1.0,2.72,1.0,1780012800.0,0.982,33.05366197776915,22.97644509463702,30.834999084472656,31.995,2.47059,17.0,,,0.08527,0.53089,False,False,,0.5,5114741.0,4543276.0,1.1319244459045712,-0.29,13.01,-2.26,23.61,-0.06712305870341084,0.32907171271357377,59.12255614390543,0.06350697353390533,0.06621655302962814,False,0.46537276591558285,,0.988,Europe,True,True,,41.102767181402825,63.575494167143276,51.27336855465195,42.79960148021634,49.57482993197279,66.65268456375838,,50.0,,50.0,43.70294107245145,standard,665,160343261,False,46.2,False,27.936241610738254,48.90939597315436,62.58389261744966,50.041946308724825,50.041946308724825,50.041946308724825,1,SVAG,-8,UPPTREND,False,2,0.2857142857142857,LÅG,EJ AKTUELL,-1.0
ALFA.ST,Alfa Laval AB (publ),Industrials,Specialty Industrial Machinery,Sweden,SEK,231297395783.0255,1.5760115,6.1876535,3.2568,1.2822091749999998,3.345929,3.554,-0.3534999999999977,0.027770000000000017,0.022130000000000004,0.050325,0.066512497,-0.05562999999999996,-0.1015,-0.126,-0.046,-17.403,-0.14749999999999996,0.808,3999750016.0,5024000000.0,18990000128.0,245714403328.0,98161000000.0,,69675000000.0,,,11751000000.0,,8272000000.0,9166000000.0,1.59,0.42970002,9.0,1.74,9.0,1776902400.0,0.786,592.2000122070312,392.1520252656869,559.5999755859375,568.8823,2.47059,17.0,,,0.29624,0.55555,False,False,,0.5,569303.0,440067.0,1.03148689020228,2.27,1.49,11.86,,-0.055049030646924235,0.2205175911052158,46.50112322552068,0.020065866060061666,0.1204646561620133,False,0.36723383798736037,,0.271,Nordic,True,True,,63.849089218445826,64.44634215769997,20.801806891454433,59.98643994915873,26.27551020408163,66.65268456375838,68.43687374749499,50.0,,50.0,51.6146690715133,standard,384,25532343,False,51.5,False,73.8255033557047,25.922818791946305,43.95973154362416,50.041946308724825,50.041946308724825,50.041946308724825,5,NEUTRAL,0,UPPTREND,False,3,0.42857142857142855,LÅG,EJ AKTUELL,-1.5
POWL,"Powell Industries, Inc.",Industrials,Electrical Equipment & Parts,United States,USD,8480923326.112747,14.830133499999999,13.827596500000002,2.6051,7.727854575,7.491617,7.012,17.378,0.14562999,0.075520003,0.06110000299999999,0.057927496999999994,-0.15103,-0.003500000000000003,-0.096,-0.01,-75.887,0.8700000000000001,2.004,-674255872.0,544889024.0,1955000.0,7937989632.0,1108984000.0,,1104318000.0,,,217860000.0,,180747000.0,167937000.0,0.15,0.0698,0.36,1.85,0.09,1779235200.0,1.135,327.8871434238099,68.81300754775587,232.7899932861328,316.25,,4.0,2.84,0.0908,0.20629999,0.96502995,False,False,,0.481,749529.0,840450.0,1.6071771601829594,-20.47,0.03,74.18,,-0.29003012788079785,0.6140467752591883,29.708012118983277,-0.1667873757363203,0.2607210681924408,False,0.26032404502776907,,0.757,US,True,True,17.556453689501907,69.11707793480969,56.9313976658127,45.208883405814646,38.23604590467395,82.99319727891157,66.65268456375838,13.827655310621243,50.0,24.091778202676863,48.1,43.609889717296724,standard,667,195648350,False,44.6,False,27.936241610738254,83.22147651006712,17.36577181208054,50.041946308724825,50.041946308724825,50.041946308724825,3,SVAG,-8,VARNING,False,2,0.2857142857142857,LÅG,EJ AKTUELL,2.2
STLD,"Steel Dynamics, Inc.",Basic Materials,Steel,United States,USD,33963551261.125534,1.2739004999999999,-2.806712499999998,11.95,0.9892496499999999,1.7864043,1.976,3.429499999999999,0.03795,0.01647000300000001,-0.03644,-0.058105004,-0.31168,0.08600000000000001,0.508,0.858,-9.778999999999996,1.311,1.204,-848226380.0,556526976.0,4200793088.0,37576364032.0,16419780000.0,,18176581000.0,,,1598972000.0,,1185595000.0,1449534000.0,0.9,0.2176,2.12,1.4,0.53,1782777600.0,1.542,288.08663551146503,118.47295394820975,235.50999450683594,271.33334,2.0,12.0,2.76,0.0321,0.06526,0.87028,False,False,,0.7,1226466.0,1028410.0,0.5923175948448458,-13.94,20.58,38.63,,-0.18250288116033309,0.3514254414196339,41.80825878498909,-0.040765136348980935,0.2231975169456144,True,0.5218709889890827,,0.53,US,True,True,44.47280034930195,41.011862333326086,74.63706233988044,70.73534717469602,46.10530921744794,59.693877551020414,66.65268456375838,32.965931863727455,50.0,62.81070745697897,70.0,51.594960272585894,commodity,385,242200833,False,48.5,False,27.936241610738254,60.23489932885906,66.2751677852349,50.041946308724825,50.041946308724825,50.041946308724825,4,NEUTRAL,0,VARNING,False,3,0.42857142857142855,LÅG,EJ AKTUELL,1.6
PWR,"Quanta Services, Inc.",Industrials,Engineering & Construction,United States,USD,94317309847.26343,54.951216499999994,18.1225725,1.9568,6.195090575,3.1312652,3.332,20.886000000000003,-0.018020010000000003,-0.0077399969999999985,-0.06734999900000002,-0.093762503,-0.30105999000000006,0.1945,0.43,0.529,-7.042000000000002,-0.2489999999999999,1.02,220739264.0,364760992.0,6319672832.0,100370563072.0,24926901000.0,,28479697000.0,,,1587077000.0,,1028378000.0,2229970000.0,0.07,0.057600003,0.44,0.15,0.11,1782864000.0,1.215,788.6295298146063,362.7011588526852,628.530029296875,760.81464,1.6,26.0,2.29,0.0255,0.00648,0.94814,False,False,,0.257,1259277.0,994770.0,0.837864270228496,-12.6,7.01,43.86,,-0.20300977133758613,0.39032735669595187,34.09930512365628,-0.11098139877396251,0.1407822815362978,False,0.09295128930914225,,0.964,US,True,True,41.5779044121763,26.81656816286155,65.8980927981782,82.43871513596699,30.721949558012113,40.05102040816326,23.909395973154364,49.899799599198396,50.0,72.17973231357553,25.7,51.55890809609783,standard,389,625242817,False,50.4,False,59.73154362416108,39.51342281879195,46.4765100671141,50.041946308724825,50.041946308724825,50.041946308724825,4,NEUTRAL,0,VARNING,False,2,0.2857142857142857,LÅG,EJ AKTUELL,9.5
0002.HK,CLP Holdings Limited,Utilities,Utilities - Regulated Electric,Hong Kong,HKD,196305201578.88474,5.848199499999998,3.186585000000001,5.5896,0.9450563300000001,2.2302847,2.942,-0.49824999999999964,0.026084994999999993,0.022409997999999997,-0.03477999249999999,-0.08462750000000001,-0.022565,-0.11599999999999999,-0.224,-0.155,-57.61800000000001,-0.37650000000000006,0.465,-6303482624.0,6370999808.0,63065001984.0,258942205952.0,238644000000.0,,88018000000.0,,,13812000000.0,,10667000000.0,24378000000.0,4.12,0.76089996,3.2,4.72,0.63,1780358400.0,0.555,78.0,61.77362749270428,77.69999694824219,77.40444,2.33333,9.0,,,0.28348,0.14155,False,False,,0.5,3163726.0,3238938.0,1.1804062700227167,5.43,5.32,12.41,,-0.003846192971253992,0.11142465597450206,82.11382819827017,0.03926505346106146,0.10088230651041097,True,0.9254522076613255,,0.5,Asia,True,True,,47.834318544298824,74.30970680330202,21.567031279632275,64.65907180816701,28.48639455782313,66.65268456375838,32.06412825651302,50.0,,50.0,43.53959723387659,standard,670,32101414,False,42.6,False,27.936241610738254,28.104026845637588,59.22818791946308,50.041946308724825,50.041946308724825,50.041946308724825,3,SVAG,-8,UPPTREND,False,3,0.42857142857142855,LÅG,EJ AKTUELL,-8.6
TMO,Thermo Fisher Scientific Inc.,Healthcare,Diagnostics & Research,United States,USD,197880990424.96826,0.8624220000000022,2.9412629999999993,1.7917,0.010763399999999645,4.3781886,5.264,7.139500000000001,0.009459999999999996,-0.011229998500000001,0.03225,-0.01427500000000001,-0.04274,-0.018000000000000002,-0.00449999999999999,0.096,23.603250000000006,-0.50425,0.967,4704187648.0,3256000000.0,43161001984.0,237913997312.0,110343000000.0,,44557000000.0,,,8110000000.0,,6704000000.0,7818000000.0,0.35,0.0968,1.88,0.26,0.47,1789430400.0,0.868,642.7097244270524,401.8948383055836,532.47998046875,591.2692,1.60714,26.0,2.33,0.014400001,0.0015199999,0.93917,False,False,,0.649,2323374.0,1663350.0,0.7019613065231038,12.66,3.3,-14.2,,-0.17150782035633172,0.3136216802702225,60.70677884098484,0.10041551541083904,0.007797922358200315,True,0.7300511203713425,,0.872,US,True,True,65.26264820143078,47.834223284209784,41.75918018787362,54.33662906065442,45.86997046440891,28.061224489795915,66.65268456375838,71.84368737474949,50.0,88.14531548757171,64.9,43.51309148956962,standard,672,885700576,False,51.2,False,77.76845637583892,27.684563758389263,33.89261744966443,50.041946308724825,50.041946308724825,50.041946308724825,3,SVAG,-8,UPPTREND,False,2,0.2857142857142857,LÅG,EJ AKTUELL,1.1
0016.HK,Sun Hung Kai Properties Limited,Real Estate,Real Estate - Development,Hong Kong,HKD,353239419822.2618,-7.663940499999999,-5.515665,0.9827,0.008476300000000103,3.8190935,4.774,-2.0584999999999987,-0.008725005000000008,0.013409996999999996,-0.04561997799999998,-0.15077999,0.01712501999999999,0.2645,0.16699999999999998,0.362,-31.727000000000004,2.509,0.636,29409642496.0,20468000768.0,104009998336.0,441517211648.0,,,,,,,,,24516000000.0,3.1,0.4941,3.78,4.99,0.98,1773187200.0,0.832,147.89999389648438,85.74687133780333,121.9000015258789,143.60928,1.85714,14.0,,,0.54958,0.16900998,False,False,,0.5,5894367.0,4760847.0,0.9787152445770915,4.28,-11.35,19.42,,-0.17579441138316032,0.30084254610024247,68.42106223796773,-0.021920523964620964,0.05535046236657126,True,0.9539641736714998,,0.5,Asia,True,True,,41.365509361905325,47.62311414745232,65.50559227392574,65.49560844781887,22.95918367346939,66.65268456375838,94.58917835671342,50.0,,50.0,51.47500753294494,standard,392,74026712,False,55.4,False,94.5469798657718,22.651006711409398,38.6744966442953,50.041946308724825,50.041946308724825,50.041946308724825,6,NEUTRAL,0,VARNING,False,3,0.42857142857142855,LÅG,EJ AKTUELL,-1.4
ENB.TO,Enbridge Inc.,Energy,Oil & Gas Midstream,Canada,CAD,173429165280.83246,5.745034,12.516583999999998,5.4947,1.0437531500000001,2.5116825,4.225,8.73225,0.000572497499999991,-0.015057499249999998,0.011475000000000006,-0.0283775,0.0006700000000000039,0.15949999999999998,-0.547,-0.248,120.37200000000001,-0.37149999999999994,0.526,-2169674944.0,1706000000.0,109671997440.0,291731177472.0,218475000000.0,,65194000000.0,,,11528000000.0,,7491000000.0,12270000000.0,4.89,1.2873,3.88,6.39,0.97,1778803200.0,0.795,80.6500015258789,57.7303117101973,79.41999816894531,78.80952,2.47826,21.0,3.56,0.0109,0.00126,0.53098,False,False,,0.5,8162417.0,3879990.0,0.8083269928779016,3.28,11.57,23.18,,-0.01525112626983538,0.15885015464952354,47.93294308294398,0.023830096750858232,0.13455881535755543,True,0.7869227231447626,,0.741,Canada,True,True,42.069110287614336,44.770143064148286,81.66808995160831,42.8850979063409,49.516241187347255,30.102040816326532,28.355704697986578,41.583166332665336,50.0,92.16061185468452,50.0,43.470400009306665,standard,673,219792304,False,42.3,False,27.936241610738254,29.697986577181208,55.369127516778526,50.041946308724825,50.041946308724825,50.041946308724825,1,SVAG,-8,UPPTREND,False,1,0.14285714285714285,LÅG,EJ AKTUELL,-4.9
HD,"The Home Depot, Inc.",Consumer Cyclical,Home Improvement Retail,United States,USD,337892925160.6062,-2.4795517500000006,4.487861000000002,1.9621,20.812339075,2.0282662,2.401,0.6825000000000028,1.13524,0.057990003000000005,0.0,0.00859,-0.12079002,-0.024999999999999994,-0.15,-0.042,380.56399999999996,-0.3205,0.231,9311812352.0,1600999936.0,63730999296.0,400022929408.0,105095000000.0,,164683000000.0,,,20890000000.0,,14156000000.0,16325000000.0,2.68,0.65550005,9.32,2.37,2.33,1780531200.0,0.951,418.0559748917175,286.94770281038166,338.8699951171875,370.34375,,32.0,2.5,0.0148,0.00064000004,0.75957,False,False,,0.677,4823303.0,3642920.0,0.9315499672736709,0.53,1.26,-8.58,,-0.18941477823643182,0.25070074224917155,42.62731348016605,0.04231249408846427,-0.025409289687277292,False,0.3918362915161645,,0.52,US,True,True,80.2873904233047,64.11963030785562,41.36066040421292,35.042312284003174,37.788000502968295,23.46938775510204,66.65268456375838,75.35070140280561,50.0,87.38049713193116,67.7,43.45535962088727,standard,674,1234476283,False,55.2,False,79.69798657718121,23.154362416107382,61.66107382550335,50.041946308724825,50.041946308724825,50.041946308724825,3,SVAG,-8,NEDTREND,True,3,0.42857142857142855,LÅG,EJ AKTUELL,0.2
PSX,Phillips 66,Energy,Oil & Gas Refining & Marketing,United States,USD,82937418481.91132,-1.8089479999999973,-0.8258495000000003,1.1666,0.27161615000000017,0.6166992,0.789,5.971750000000001,0.02968750249999999,-0.012572496249999999,-0.07913999700000002,-0.1714325002,-0.32686000000000004,0.020500000000000004,-0.853,-0.575,34.289500000000004,-0.06250000000000011,0.705,-1950937472.0,5150000128.0,27124000768.0,106064420864.0,73680000000.0,,132376000000.0,,,3381000000.0,,4403000000.0,4962000000.0,2.52,0.48119998,5.08,3.76,1.27,1787011200.0,0.681,207.13999938964844,114.1567099071285,206.86000061035156,198.44444,2.05263,18.0,3.0,0.0231,0.00217,0.8082,False,False,,0.498,2584020.0,2692520.0,0.7923020293034028,20.27,27.57,48.58,,-0.0013517368935112017,0.3050472583519184,79.9863759899304,0.1579286090464045,0.3372215513476522,True,0.9754565536509507,,0.835,US,True,True,41.14004545403656,27.12048455191815,94.86194136066041,34.09446598349262,54.695960513529556,42.9421768707483,66.65268456375838,34.66933867735471,50.0,75.90822179732314,49.8,43.444427677515286,standard,675,556974689,False,49.4,False,27.936241610738254,42.36577181208054,90.01677852348993,50.041946308724825,50.041946308724825,50.041946308724825,2,SVAG,-8,UPPTREND,False,2,0.2857142857142857,LÅG,EJ AKTUELL,1.4
EQIX,"Equinix, Inc.",Real Estate,REIT - Specialty,United States,USD,100596732960.0,36.64619999999999,28.634138000000004,3.2859,4.6801934,10.560229,12.869,9.991,0.032885,0.007890000000000001,-0.11043497999999999,-0.14174499999999998,0.06399999999999995,0.0655,0.0050000000000000044,0.21,70.93450000000001,0.45199999999999996,0.554,1908687616.0,1362000000.0,23335999488.0,122592731136.0,40141000000.0,,9217000000.0,,,1966000000.0,,1350000000.0,3911000000.0,1.93,1.3299,19.7,1.86,5.16,1779235200.0,0.971,1124.0,713.1863099090233,1020.0,1199.6552,1.53125,29.0,2.74,0.020599999,0.00271,1.00055,False,False,,0.1,591620.0,468570.0,0.8851792102125272,-6.82,-4.28,28.99,,-0.09252669039145911,0.23058951013811887,33.15852422203794,-0.03835139687756217,0.11782405671364593,False,0.3157213511625768,,0.523,US,True,True,59.11812451719081,42.939971886326916,62.510674637062344,57.11778217622648,56.06485506262356,39.1156462585034,28.355704697986578,67.53507014028057,50.0,80.68833652007649,10.0,51.410362064156814,standard,394,477941400,False,48.7,False,74.74832214765101,38.59060402684564,11.15771812080537,50.041946308724825,50.041946308724825,50.041946308724825,5,NEUTRAL,0,VARNING,False,1,0.14285714285714285,LÅG,EJ AKTUELL,4.4
ISRG,"Intuitive Surgical, Inc.",Healthcare,Medical Instruments & Supplies,United States,USD,122334933639.24457,17.070894000000003,12.238493000000002,2.1045,3.2060274999999994,11.086687,10.303,13.4145,0.04846001,0.0439200015,0.16519998,0.142835,0.21472999999999998,0.105,0.14750000000000002,0.243,,4.40075,5.373,,8625500160.0,0.0,113687724032.0,20458700000.0,,10064700000.0,,,2945500000.0,,2856000000.0,3030500000.0,,0.0,,,,,,603.8800048828125,344.54998779296875,345.4200134277344,549.66486,1.93939,29.0,2.79,0.0208,0.00509,0.90444,False,False,,0.496,2748791.0,4024210.0,3.363534200152557,-17.18,-24.59,-36.82,,-0.4279989225760741,0.3536848725375954,33.391229997734186,-0.17158908296465736,-0.2900782724009864,False,-0.29048421589013196,,1.0,US,True,True,,80.30440117802462,7.48647879305437,75.71480716091551,69.05506629593606,35.79931972789115,11.703020134228188,,50.0,79.73231357552581,49.6,51.38683025461579,standard,396,1390042672,False,36.3,False,27.936241610738254,35.31879194630873,10.06711409395973,50.041946308724825,50.041946308724825,50.041946308724825,4,NEUTRAL,0,NEDTREND,True,3,0.42857142857142855,LÅG,EJ AKTUELL,-1.4
IQV,IQVIA Holdings Inc.,Healthcare,Diagnostics & Research,United States,USD,34424793083.19092,-2.8099849999999975,-2.0389230000000005,0.8483,1.734147,2.0697925,2.919,2.2544999999999993,0.09913999000000001,-0.009930001500000004,-0.03599000000000001,-0.05708499,-0.12215000000000004,0.0040000000000000036,0.0325,0.1,194.23624999999998,-1.28325,0.658,1460312576.0,2103000064.0,16097000448.0,48546795520.0,29944000000.0,,16310000000.0,,,2287000000.0,,1360000000.0,2654000000.0,,0.0,,,,,1.2,247.0500030517578,154.5,206.25999450683594,232.0,1.45455,19.0,3.06,0.0345,0.01079,1.04047,False,False,,0.299,1633153.0,1100180.0,0.8395943712188486,15.12,19.95,-14.54,,-0.1651083102248585,0.427806665657293,69.09089998327698,0.11586224792649813,0.04936799185079721,True,0.6607591214998829,,0.846,US,True,True,80.59946709060578,41.189931184646134,52.22032450896669,57.76535209809587,16.81147460772784,59.353741496598644,11.703020134228188,81.4629258517034,50.0,60.42065009560229,29.9,43.3778175507798,standard,678,226923121,False,62.5,False,87.33221476510067,59.89932885906041,61.07382550335571,50.041946308724825,50.041946308724825,50.041946308724825,3,SVAG,-8,UPPTREND,False,1,0.14285714285714285,LÅG,EJ AKTUELL,0.6
EDP.LS,"EDP, S.A.",Utilities,Utilities - Diversified,Portugal,EUR,206096670088.9618,-1.3498800000000006,-0.5458119999999997,2.4359,0.1490134299999999,1.1992868,2.824,0.04174999999999951,-0.011010005000000024,0.0031499970000000016,-0.021550005500000004,-0.031097500000000014,0.026469980000000004,-0.087,-0.16,-0.117,-10.934500000000014,0.4345000000000001,1.008,-1791214336.0,3636464128.0,23658758144.0,43976302592.0,54956375000.0,,15606993000.0,,,2443358000.0,,1149726000.0,3268471000.0,4.53,0.74230003,0.21,4.71,0.205,1777939200.0,0.578,51.85288984834324,38.35809563006728,49.8550018201704,4.98864,1.95455,22.0,,,0.28244,0.40341,False,False,,0.5,8819686.0,6817136.0,1.26624593028985,3.67,9.13,17.96,19.35,-0.03852992637471431,0.2305826019711705,46.814029262952495,0.02266522019456252,0.10884519902474743,False,0.48955393776608075,,0.565,Europe,True,True,47.95714333695323,46.30632313677829,71.44113476288595,28.934967874586565,72.35147594108902,27.380952380952383,66.65268456375838,26.052104208416832,50.0,,50.0,43.371798670743004,standard,679,388998876,False,45.0,False,27.936241610738254,27.01342281879195,76.59395973154362,50.041946308724825,50.041946308724825,50.041946308724825,3,SVAG,-8,UPPTREND,False,3,0.42857142857142855,LÅG,EJ AKTUELL,1.9
WPM,Wheaton Precious Metals Corp.,Basic Materials,Gold,Canada,USD,47310751910.60798,2.366778499999999,3.8889665000000004,0.43,2.39560275,17.231115,16.446,7.001499999999998,0.1009,0.09031000300000001,0.54690005,0.5887350499999999,0.40601997,0.811,0.865,1.292,-55.69,2.7119999999999997,4.525,-176747264.0,2164505088.0,7662000.0,45153910784.0,9125781000.0,,2314600000.0,,,1581641000.0,,1471720000.0,1904981000.0,0.75,0.1744,0.78,1.14,0.195,1779840000.0,1.187,165.25094529578803,87.68987964735015,104.18000030517578,171.452,1.3125,10.0,1.37,,0.00113,0.71726996,False,False,,0.703,2093785.0,1592190.0,0.8690986313585901,-18.76,-27.9,-21.51,,-0.3695648752949605,0.4701088516780726,33.67857251848493,-0.14110559236411513,-0.1590091366590024,False,0.09776685922520809,,0.927,US,True,True,46.25340065606072,92.85609592810434,11.984059208653571,88.9285411117316,46.23814982117469,53.826530612244895,66.65268456375838,44.28857715430862,50.0,,70.3,51.24223514662595,commodity,404,165874355,False,38.6,False,27.936241610738254,54.446308724832214,5.956375838926174,50.041946308724825,50.041946308724825,50.041946308724825,6,NEUTRAL,0,NEDTREND,True,3,0.42857142857142855,LÅG,EJ AKTUELL,-1.4
2454.TW,MediaTek Inc.,Technology,Semiconductors,Taiwan,TWD,5378891390850.0,28.448928499999994,12.028742,1.6386,10.1834187,9.088975,8.818,29.11125,0.12988749500000002,0.038689997,0.038685004,-0.0001624949999999986,0.11238500000000001,-0.16999999999999998,-0.393,-0.176,0.3825000000000003,-0.5075000000000001,0.909,64327518208.0,194710732800.0,26086395904.0,5218432974848.0,743784805000.0,,595965682000.0,,,103469109000.0,,105319255000.0,162792872000.0,1.59,0.8178,53.5,6.31,24.500216,1783382400.0,1.898,4940.480971598757,1101.92757445756,3370.0,4841.7827,1.43478,23.0,,,0.08096,0.43671,False,False,,0.5,12004936.0,6443356.0,1.002399957173701,-23.99,76.11,128.29,,-0.31788017819053427,0.5650116899480585,33.239051987874134,-0.16350437722099387,0.542650928048418,False,-0.06247105557728905,,0.684,Asia,True,True,49.42673055608424,69.48555739939896,73.72615997722744,23.586004190073783,34.27417790799558,9.268707482993198,66.65268456375838,63.426853707414836,50.0,,50.0,51.225784028716944,standard,405,670913282,False,43.1,False,68.79194630872483,9.144295302013424,13.422818791946309,50.041946308724825,50.041946308724825,50.041946308724825,5,NEUTRAL,0,VARNING,False,3,0.42857142857142855,LÅG,EJ AKTUELL,12.0
U11.SI,United Overseas Bank Limited,Financial Services,Banks - Regional,Singapore,SGD,70145534663.94308,5.627784999999999,-2.4925244999999983,1.0641,-0.15343525000000002,6.0376606,4.394,,-0.008207497000000001,,-0.135050013,-0.020082494999999978,-0.126315,-0.108,,-0.036,,,,,78316003328.0,56228999168.0,51048992768.0,572061000000.0,,13807000000.0,,,,,4682000000.0,1318000000.0,3.34,0.6436,1.42,4.66,0.71,1776988800.0,0.373,45.150001525878906,32.61022795121959,42.470001220703125,42.008,2.66667,15.0,,,0.21761999,0.27988002,False,False,,0.5,3328732.0,4272880.0,1.7150784538417387,6.98,15.78,18.96,20.69,-0.05935770132011331,0.14576927234187334,64.5526566358438,0.07710414300899004,0.1675208685322458,True,0.6060234479490012,,0.73,Singapore,True,True,,32.29768698443326,73.83715008735575,35.60361825841884,89.4440316301973,46.343537414965986,66.65268456375838,,50.0,,50.0,43.221948637476494,standard,683,140543066,False,39.8,False,27.936241610738254,45.72147651006711,23.070469798657715,50.041946308724825,50.041946308724825,50.041946308724825,1,SVAG,-8,UPPTREND,False,3,0.42857142857142855,LÅG,EJ AKTUELL,-8.4
BLK,"BlackRock, Inc.",Financial Services,Asset Management,United States,USD,166186048517.66577,8.01123,3.8952805,1.2421,0.11481409999999981,6.800148,6.538,7.407750000000001,-0.015987493,0.016590003,-0.010800020000000021,-0.01828747,0.016849979999999987,0.20600000000000002,0.326,0.465,-43.385999999999996,0.4740000000000003,1.596,6265937664.0,13144999936.0,14965000192.0,167631142912.0,169998000000.0,,24216000000.0,,,7909000000.0,,5553000000.0,3927000000.0,2.24,0.5376,22.92,2.34,5.73,1780617600.0,1.443,1200.5442226097864,912.2493207582107,1072.199951171875,1302.5625,1.58824,16.0,2.36,0.0136,0.0191,0.84253,False,False,,0.212,732508.0,845900.0,0.7861204799363666,1.9,5.2,-0.7,,-0.10690507606534638,0.2644720227239012,72.20405416275506,0.03745425928715407,0.021796613289768896,True,0.8441944529265496,,0.928,US,True,True,75.5745009572217,50.003211569718225,54.61144321093084,80.8287164636126,51.26162648146546,30.86734693877551,66.65268456375838,86.97394789579158,50.0,89.10133843212236,21.2,51.21720742511092,holding,406,906973939,False,51.4,False,85.23489932885906,30.453020134228186,20.302013422818792,50.041946308724825,50.041946308724825,50.041946308724825,4,NEUTRAL,0,UPPTREND,False,3,0.42857142857142855,LÅG,EJ AKTUELL,-0.1
ACA.PA,Crédit Agricole S.A.,Financial Services,Banks - Regional,France,EUR,53808251792.85761,-5.305385000000001,-4.017131999999999,4.18,-0.9095257000000001,2.0318036,-9.739,,-0.033252502000000024,-0.0013799999999999993,0.05352500299999996,0.04082751000000001,-0.37562,-0.075,-0.21700000000000003,0.018,,,,,839499972608.0,519500005376.0,-257906245632.0,2374307000000.0,,26261000000.0,,,,,7074000000.0,19012000000.0,6.31,0.5159,1.13,8.02,1.13,1779753600.0,0.806,17.954999923706055,14.29987403845285,17.78499984741211,20.14412,2.41176,17.0,,,0.70044,0.09842,False,False,,0.5,5410371.0,4224103.0,0.8780543145506101,0.94,7.99,9.26,18.37,-0.009468119020679788,0.2171208596758079,57.48898863489321,0.051669843434217766,0.09915031500408156,False,0.7382196515952376,,0.423,Europe,True,True,,44.756941839267014,69.21836194266643,24.604050063159093,68.80989349392424,51.19047619047619,66.65268456375838,,50.0,,50.0,43.19350425960644,standard,684,85985658,False,46.5,False,27.936241610738254,51.84563758389261,61.57718120805369,50.041946308724825,50.041946308724825,50.041946308724825,1,SVAG,-8,UPPTREND,False,3,0.42857142857142855,LÅG,EJ AKTUELL,-5.6
HNR1.DE,Hannover Rück SE,Financial Services,Insurance - Reinsurance,Germany,EUR,30752269170.0,-2.9453640000000014,-0.4022684999999999,4.7128,0.6289795999999996,1.2655047,1.16,-1.2207500000000007,0.09109750799999997,0.03661,-0.09655501700000002,-0.244272494,-0.15253999000000001,-0.29200000000000004,0.347,0.479,-34.048,-1.376,0.156,3124069376.0,7716299776.0,4143300096.0,28198115328.0,71327100000.0,,24017800000.0,,,,,2641500000.0,5686900000.0,4.96,0.294,12.5,2.66,12.5,1778112000.0,0.127,267.70153536115265,221.8152814172551,255.0,285.57144,2.28571,14.0,,,0.50200003,0.2893,False,False,,0.5,174333.0,138476.0,0.8651883026235518,9.82,-3.51,9.78,0.77,-0.04744662873904393,0.2016326620265915,75.52448074778721,0.06780343103952058,0.05171251389898801,True,0.8792173874535714,,0.666,Europe,True,True,,42.01777248303549,53.70341353348115,51.346431913580744,62.482969855057654,61.39455782312925,66.65268456375838,97.29458917835672,50.0,,50.0,51.18924422993231,standard,407,40415908,False,67.5,False,97.5251677852349,61.91275167785235,75.50335570469798,50.041946308724825,50.041946308724825,50.041946308724825,6,NEUTRAL,0,UPPTREND,False,2,0.2857142857142857,LÅG,EJ AKTUELL,1.0
NTRS,Northern Trust Corporation,Financial Services,Asset Management,United States,USD,34174526252.113403,1.7410119999999996,2.1318435000000004,1.478,0.0,4.0861516,4.863,,0.009642503000000004,-0.008549997000000004,-0.03113000000000002,-0.05745747000000004,-0.45206,0.07500000000000001,0.293,0.341,,,,,11795300352.0,17407500288.0,40671629312.0,177132700000.0,,8086400000.0,,,,,1736900000.0,5533500000.0,1.7,0.3298,3.2,2.96,0.8,1780617600.0,1.26,191.60000610351562,116.34903568506763,184.67999267578125,179.34615,2.93333,13.0,3.11,0.0217,0.00849,0.86399,False,False,,0.753,1112953.0,909760.0,1.1993565997270423,5.63,18.35,28.36,,-0.036116979161241236,0.24657886529079118,68.77385010684849,0.07361470332583497,0.2524461630543904,True,0.7282355712011852,,0.914,US,True,True,,31.292157521391584,84.20153714773697,75.07715916287924,48.987323521909346,59.523809523809526,66.65268456375838,,50.0,78.20267686424475,75.3,43.14114143063428,holding,686,168014470,False,43.9,False,27.936241610738254,60.06711409395973,35.98993288590604,50.041946308724825,50.041946308724825,50.041946308724825,1,SVAG,-8,UPPTREND,False,3,0.42857142857142855,LÅG,EJ AKTUELL,-0.8
7148.T,"Financial Partners Group Co.,Ltd.",Financial Services,Financial Conglomerates,Japan,JPY,131132087190.0,-2.7697435000000006,-10.573122699999999,,1.1900836000000001,1.2871356,1.743,2.0402500000000003,0.17499750299999997,0.08574999999999999,-0.054185013000000004,-0.019072490000000025,0.03959498999999994,-0.484,-0.41000000000000003,-0.28,73.5165,0.12150000000000027,2.113,13694436352.0,15852999680.0,62077001728.0,177620090880.0,126857000000.0,,129764000000.0,,,25418000000.0,,18156000000.0,108246000000.0,5.92,0.6056,92.7,4.58,46.35,1790640000.0,0.466,2379.135430806849,1467.0,1566.0,,,,,,0.32399,0.15367,False,False,,0.5,595662.0,406610.0,1.2140064634043017,2.09,-2.55,-22.24,,-0.34177769801489866,0.37044150994909525,60.451977401129945,0.022206556221360474,-0.16754314018917116,True,0.6613203537279672,,0.5,Japan,True,True,90.66988726055462,61.40177351020964,24.494733845715913,14.141257743189945,51.45599472646746,34.60884353741497,66.65268456375838,95.29058116232466,50.0,,50.0,51.08945881503204,standard,409,3922017,False,63.3,False,97.5251677852349,34.144295302013425,75.08389261744966,50.041946308724825,50.041946308724825,50.041946308724825,5,NEUTRAL,0,NEDTREND,True,3,0.42857142857142855,LÅG,EJ AKTUELL,4.0
SHW,The Sherwin-Williams Company,Basic Materials,Specialty Chemicals,United States,USD,81715315756.13324,8.541051500000002,9.605776500000003,2.6128,15.611798749999998,3.4139798,3.995,8.1865,0.49271000000000004,0.04435000300000001,0.0,-0.019845,0.0383,-0.03699999999999999,-0.348,0.061,273.748,-0.956,0.468,1323587456.0,216900000.0,14601400320.0,95627059200.0,25901700000.0,,23574300000.0,,,3796700000.0,,2568500000.0,3451600000.0,0.95,0.3045,3.2,0.87,0.8,1779408000.0,1.1,376.951782499269,289.8599853515625,331.32000732421875,378.9,2.04167,20.0,2.75,0.032,0.062750004,0.82758003,False,False,,0.168,2296274.0,1818670.0,0.6247995573851968,2.75,-0.35,-6.05,,-0.12105467408192638,0.254139595219362,38.55270296188727,0.038312730923860006,-0.0014462568999518144,False,0.38997172149945064,,0.662,US,True,True,59.06791236103493,65.96342674371037,45.972103615143745,35.727518304443024,29.417594060789938,43.36734693877551,66.65268456375838,64.82965931863728,50.0,63.19311663479924,16.8,51.08071307060726,standard,410,602561758,False,53.5,False,72.23154362416108,42.78523489932886,43.12080536912752,50.041946308724825,50.041946308724825,50.041946308724825,4,NEUTRAL,0,NEDTREND,True,2,0.2857142857142857,LÅG,EJ AKTUELL,0.2
ENB,Enbridge Inc.,Energy,Oil & Gas Midstream,Canada,USD,123837421695.41623,5.453745000000001,12.643444500000001,5.3189,0.3547834500000001,1.7934717,3.507,5.10175,-0.014512497499999999,-0.018862496249999996,-0.009799996999999998,-0.030482499999999996,-0.06345,0.15949999999999998,-0.547,-0.248,103.03750000000001,-0.38549999999999995,0.526,-2246937472.0,1706000000.0,109671997440.0,242139430912.0,218475000000.0,,65194000000.0,,,11528000000.0,,7491000000.0,12270000000.0,4.98,1.2873,2.81,6.48,0.707,1778803200.0,0.795,58.45000076293945,42.78348883532168,56.709999084472656,52.362698,2.47826,4.0,6.21,0.0107,0.00126,0.53098,False,False,,0.497,4174532.0,3978170.0,0.7223742325533464,1.85,9.25,24.98,,-0.029769061689560394,0.1663257069755954,52.74852308739762,0.02294453640722649,0.12124855530041856,True,0.9044769023896544,,0.741,US,True,True,46.73083597362322,38.02752455387743,79.3054369484771,42.8850979063409,49.97475373080599,35.544217687074834,28.355704697986578,40.5811623246493,50.0,92.35181644359464,49.7,43.078126848115346,standard,688,225602017,False,44.7,False,27.936241610738254,35.06711409395973,66.19127516778524,50.041946308724825,50.041946308724825,50.041946308724825,1,SVAG,-8,UPPTREND,False,1,0.14285714285714285,LÅG,EJ AKTUELL,2.3
ENR.DE,Siemens Energy AG,Industrials,Specialty Industrial Machinery,Germany,EUR,125636302519.12051,31.2438225,6.055963500000001,0.5528,8.824592875,3.1297967,2.977,17.514499999999998,0.08874497499999998,-0.010179999999999998,-0.008555001000000007,0.013572497000000003,-0.18734001,-0.035500000000000004,0.7270000000000001,0.765,-37.498,-0.354,0.584,4081944320.0,11694999552.0,3729999872.0,119517937664.0,56637000000.0,,39077000000.0,,,1569000000.0,,1414000000.0,5821000000.0,0.47,0.2756,0.7,,0.7,1772150400.0,1.897,191.66000366210938,82.96619587932783,147.66000366210938,197.0784,1.84,25.0,,,0.120670006,0.55966,False,False,,0.5,2512993.0,1860971.0,1.1511578907410778,-12.8,-12.54,10.54,57.72,-0.2295731981596465,0.5000293167425813,41.70198940614155,-0.09096055510507417,0.03661996360910802,False,0.12480168113958168,,0.25,Europe,True,True,67.39887596421893,46.57689652973312,50.957289699856624,51.7781263935108,17.757381201304035,35.11904761904761,66.65268456375838,85.27054108216433,50.0,,50.0,51.06077642876568,standard,411,314514109,False,55.4,False,82.63422818791946,34.64765100671141,46.560402684563755,50.041946308724825,50.041946308724825,50.041946308724825,5,NEUTRAL,0,VARNING,False,2,0.2857142857142857,LÅG,EJ AKTUELL,5.6
IFX.DE,Infineon Technologies AG,Technology,Semiconductors,Germany,EUR,82726148093.65208,49.897831000000004,5.543422000000001,0.5796,0.7655092999999997,5.4702206,5.876,7.31425,-0.074647505,0.00014999699999999894,0.0056149990000000025,0.353287505,0.035999999999999976,,,,2.9010000000000034,0.027499999999999858,0.701,765194368.0,2152999936.0,8294000128.0,88867151872.0,30470000000.0,,14662000000.0,,,1944000000.0,,1015000000.0,3217000000.0,0.54,0.4268,0.35,0.93,0.35,1771545600.0,1.983,88.83000183105469,30.58465687844879,63.65999984741211,85.45833,1.66667,24.0,,,5e-05,0.60237,False,False,,0.5,5675615.0,3899182.0,1.569569609543504,-22.38,32.64,57.87,68.31,-0.2833502360105009,0.48315925099275947,27.56922065689126,-0.15254463483462088,0.30669461106117324,False,0.0265318122047192,,0.453,Europe,True,True,55.27541115751055,55.12797367690221,77.30444848361395,18.456375838926174,42.824260118317,43.02721088435374,66.65268456375838,57.815631262525045,50.0,,50.0,51.04784291422541,standard,413,284104290,False,49.4,False,65.68791946308725,42.4496644295302,27.097315436241608,50.041946308724825,50.041946308724825,50.041946308724825,5,NEUTRAL,0,VARNING,False,2,0.2857142857142857,LÅG,EJ AKTUELL,-1.7
EQR,Equity Residential,Real Estate,REIT - Residential,United States,USD,25855137936.0,-5.215919999999997,19.890615,16.1,0.07113300000000011,8.564082,11.188,-0.23300000000000054,0.019004999999999994,0.0,0.04660501,-0.11119498,0.17569004,-0.0305,-0.841,-0.649,-13.6065,-0.611,0.029,600103424.0,34677000.0,8643318784.0,34829119488.0,20746023000.0,,3093959000.0,,,869752000.0,,1120089000.0,1648763000.0,4.01,1.1118,2.81,3.81,0.703,1782691200.0,0.754,71.5,56.29633650395025,69.0,72.33333,2.38095,18.0,3.69,0.036,0.0059100003,0.98923,False,False,,0.811,2991220.0,2447080.0,0.8164822855173312,5.0,15.25,15.3,,-0.034965034965035,0.20599496896610303,55.915250525488496,0.03793953977115949,0.11787043697171384,False,0.6397701845148744,,0.182,US,True,True,,53.857376374608194,78.08141189866211,12.58942846706013,52.40633046035388,64.54081632653062,28.355704697986578,69.43887775551102,50.0,58.69980879541109,91.10000000000001,43.02432458216776,standard,689,168848520,False,53.8,False,77.26510067114094,65.01677852348993,14.681208053691275,50.041946308724825,50.041946308724825,50.041946308724825,3,SVAG,-8,UPPTREND,False,1,0.14285714285714285,LÅG,EJ AKTUELL,-4.6
APD,"Air Products and Chemicals, Inc.",Basic Materials,Specialty Chemicals,United States,USD,65828863308.01196,7.407583499999998,5.420054500000001,2.2061,1.4837671499999996,5.2815623,6.885,9.3345,0.009010000000000004,-0.014109996999999992,0.06046999,0.07447499999999999,-0.13222002,-0.017,,,45.83800000000001,-0.3919999999999999,0.985,-4335674880.0,954200000.0,18442199040.0,85816762368.0,41059500000.0,,12037300000.0,,,2889000000.0,,-394500000.0,3256800000.0,2.44,0.7566,7.24,2.43,1.81,1782864000.0,0.736,314.8699951171875,224.63712780707147,295.6199951171875,332.9495,1.86364,20.0,2.63,0.0184,0.0188,0.93377995,False,False,,0.297,1273185.0,1076610.0,0.5811241669701674,6.05,0.07,12.0,,-0.061136342930470655,0.268238880833116,60.99200413008958,0.024134961160746427,0.08847225760570177,False,0.5642228121092151,,0.867,US,True,True,27.538260879300502,51.36887781210022,62.70993452889268,60.102900455249454,49.3479518144396,47.61904761904761,66.65268456375838,21.54308617234469,50.0,83.5564053537285,29.7,42.999246589278705,standard,690,318267443,False,40.8,False,27.936241610738254,46.97986577181208,28.187919463087248,50.041946308724825,50.041946308724825,50.041946308724825,1,SVAG,-8,UPPTREND,False,3,0.42857142857142855,LÅG,EJ AKTUELL,-0.5
AIG,"American International Group, Inc.",Financial Services,Insurance - Diversified,United States,USD,42681600790.5,-4.294805,-3.7316874999999996,0.6377,-1.7620416000000003,1.5985018,1.583,-3.7192499999999997,-0.057747497,-0.0007099970000000039,-0.13638001600000002,-0.18846748000000002,-0.09672000000000003,-0.05,0.08299999999999999,0.093,-44.374,-1.0829999999999997,0.204,8700812032.0,9592999936.0,9155999744.0,42268602368.0,161254000000.0,,26774000000.0,,,,,3096000000.0,3314000000.0,2.56,0.3169,2.0,2.17,0.5,1781481600.0,0.541,86.2052751457103,70.36459211908439,80.5,88.35,2.31818,20.0,2.05,0.0207,0.0057099997,1.00131,False,False,,0.683,4438087.0,3464930.0,1.483563742089516,7.03,3.6,11.6,,-0.06618243647000532,0.24471336850531553,64.37317745347293,0.05688351722073115,0.04793446311344285,True,0.8163603230629686,,1.0,US,True,True,,25.609381461937097,64.33247936236835,58.37879171025037,50.1415727475112,55.78231292517006,66.65268456375838,99.04809619238478,50.0,80.30592734225621,68.30000000000001,50.91258251536499,standard,416,278926865,False,65.8,False,97.5251677852349,56.375838926174495,69.5469798657718,50.041946308724825,50.041946308724825,50.041946308724825,4,NEUTRAL,0,UPPTREND,False,2,0.2857142857142857,LÅG,EJ AKTUELL,3.5
GJF.OL,Gjensidige Forsikring ASA,Financial Services,Insurance - Property & Casualty,Norway,NOK,138490063733.0,8.208485999999999,3.9949105000000014,1.62,4.206335899999999,2.9112105,1.388,-3.4727499999999987,0.13560250299999999,0.010439999999999994,-0.07645501300000002,-0.09868249000000001,-0.04857997999999997,-0.0040000000000000036,-0.21000000000000002,-0.076,-25.501000000000005,40.708499999999994,41.455,4565824896.0,76956696576.0,5353699840.0,66051170304.0,191899400000.0,,44936300000.0,,,,,6556100000.0,,3.61,0.7825,10.0,4.06,14.5,1774569600.0,0.194,285.9179780691262,240.62403639310895,277.0,291.65625,2.375,16.0,,,0.62237,0.26704,False,False,,0.5,333187.0,294018.0,0.7887767528499273,4.45,4.61,5.67,,-0.031190686676477952,0.19303560377727125,62.35289893772187,0.05799492502244408,0.0577057226521529,True,0.7608905628391696,,0.002,Nordic,True,True,,46.25593620868838,65.69883290634785,23.996338773577158,94.71281900888623,33.75850340136054,66.65268456375838,95.09018036072145,50.0,,50.0,50.80188673800476,standard,421,8455460,False,55.4,False,82.71812080536914,33.30536912751678,48.322147651006716,50.041946308724825,50.041946308724825,50.041946308724825,6,NEUTRAL,0,UPPTREND,False,3,0.42857142857142855,LÅG,EJ AKTUELL,-4.5
ICICIBANK.NS,ICICI Bank Limited,Financial Services,Banks - Regional,India,INR,10360364265029.965,-1.182805,-0.7017349999999993,0.53,-0.91951245,4.7644606,4.627,,0.007182503000000014,-0.004850000000000007,-0.015460003000000028,-0.05049250999999999,-0.41420999000000003,0.605,-0.049,0.093,,,,,2649807126528.0,2202642677760.0,10060794167296.0,29144979700000.0,,2230897800000.0,,,,,542077000000.0,673254200000.0,0.85,0.1471,12.0,0.63,12.0,1785456000.0,0.235,1488.5144734435703,1187.5999755859375,1444.300048828125,1683.1,1.225,40.0,,,0.032509997,0.59391,False,False,,0.5,16130818.0,11736666.0,0.9262117062722804,7.6,4.03,1.83,,-0.029703725025366,0.18820358293148895,65.95384692533804,0.09216440225353884,0.07405661835434607,True,0.9893867411894293,,0.667,India,True,True,,34.82752799330111,62.86649587247367,59.55899792023846,92.67440785801162,6.63265306122449,66.65268456375838,,50.0,,50.0,42.76946537437082,standard,698,176062183,False,35.1,False,27.936241610738254,6.543624161073826,30.956375838926174,50.041946308724825,50.041946308724825,50.041946308724825,1,SVAG,-8,UPPTREND,False,3,0.42857142857142855,LÅG,EJ AKTUELL,-12.7
ANTO.L,Antofagasta plc,Basic Materials,Copper,United Kingdom,GBp,44659913314010.02,17.186220499999997,11.9980785,0.92,2.8015481000000007,3.992466,4.782,0.046499999999999986,0.035254999999999995,0.0351250015,0.060380006999999986,0.222335,0.10479500000000003,0.21300000000000002,-0.006000000000000005,0.417,-19.441999999999993,1.2949999999999997,2.595,-613675028.0,4909899776.0,7659400192.0,41226055680.0,26418400000.0,,8620300000.0,,,3402600000.0,,1328900000.0,3071600000.0,1.33,0.2982,0.48,3.31,0.355766,1776297600.0,1.405,55365.4048538208,23987.274103107193,45300.61371040344,3813.8857,2.90476,21.0,,,0.65474,0.22649,False,False,,0.5,1334348.0,779109.0,2.4404011301988584,-14.1,-7.98,3.22,85.58,-0.18178845020624423,0.4867474135221668,41.555108673758994,-0.09162363769062021,0.04538308863679896,False,-0.0578309996076424,,0.5,UK,True,True,55.812854759798924,74.69581134943476,53.76354405785066,60.94287611248347,39.45570750710812,2.465986394557823,66.65268456375838,37.27454909819639,50.0,,50.0,50.66601129943526,commodity,428,35294115847,False,35.4,False,27.936241610738254,2.5587248322147653,36.91275167785235,50.041946308724825,50.041946308724825,50.041946308724825,4,NEUTRAL,0,VARNING,False,3,0.42857142857142855,LÅG,EJ AKTUELL,9.3
C,Citigroup Inc.,Financial Services,Banks - Diversified,United States,USD,216988465023.8037,-3.8477950000000014,-2.7099534999999992,0.7147,-1.6805561,2.6555276,-4.315,,-0.04968749699999999,-0.012929997300000003,-0.03645000000000001,-0.012377490000000019,-0.45206,0.08099999999999999,0.477,0.451,,,,,1405423976448.0,813852983296.0,-352597540864.0,2657202000000.0,,85213000000.0,,,,,14306000000.0,-67632000000.0,1.82,0.2586,2.4,3.42,0.6,1777852800.0,1.094,147.9600067138672,85.99049461656728,129.36000061035156,154.45,1.71429,20.0,0.04,0.0004,0.00252,0.81602997,False,False,,0.406,12418969.0,14660740.0,1.035373017407677,-9.53,0.49,16.23,,-0.1257096868039841,0.2875579549711303,30.63710469858401,-0.033368800950921984,0.1113741952592282,False,-0.08399827785368648,,0.759,US,True,True,,27.12346260866233,59.72103615143752,73.61818305883304,46.36178794163423,26.700680272108844,66.65268456375838,,50.0,97.51434034416826,40.6,42.63384492410327,standard,701,1896513335,False,41.4,False,27.936241610738254,26.34228187919463,53.27181208053692,50.041946308724825,50.041946308724825,50.041946308724825,1,SVAG,-8,VARNING,False,2,0.2857142857142857,LÅG,EJ AKTUELL,-8.7
SIE.DE,Siemens Aktiengesellschaft,Industrials,Specialty Industrial Machinery,Germany,EUR,201783748164.4679,0.49608950000000007,2.1140514999999986,5.3502,0.19504867499999978,2.531823,3.233,6.748499999999999,-0.018465005000000007,-0.0046599999999999975,0.03289499599999999,0.022302497000000004,0.012830029999999992,-0.0685,-0.16599999999999998,-0.1,5.305000000000007,0.127,0.743,-903305696.0,8664000512.0,54160998400.0,257675853824.0,166202000000.0,,78914000000.0,,,9092000000.0,,9620000000.0,13257000000.0,1.98,0.5533,5.35,2.72,5.35,1770940800.0,1.291,284.6499938964844,198.0,264.54998779296875,294.8874,1.79167,23.0,,,0.06142,0.45246,False,False,,0.5,1065746.0,842097.0,1.222782439751342,-4.43,9.07,5.54,20.51,-0.07061305650624805,0.3279624435105559,46.637724601108786,-0.021779361099895533,0.08227295734770101,False,0.092295673359459,,0.782,Europe,True,True,46.67301082612151,51.87152623906927,63.508361472590664,35.11440338428647,53.512061873567006,27.89115646258503,66.65268456375838,44.48897795591182,50.0,,50.0,42.623345377274305,standard,702,254980822,False,41.9,False,27.936241610738254,27.516778523489933,54.86577181208053,50.041946308724825,50.041946308724825,50.041946308724825,3,SVAG,-8,VARNING,False,2,0.2857142857142857,LÅG,EJ AKTUELL,-1.4
CMI,Cummins Inc.,Industrials,Specialty Industrial Machinery,United States,USD,89483147473.06104,2.437886500000001,-1.0026834999999998,1.5372,3.0122299750000003,2.640088,2.819,2.237000000000001,0.06657998000000001,0.017900003000000005,-0.025169997000000006,-0.038562503,-0.19358002000000002,-0.04150000000000001,-0.29,-0.206,-14.541999999999994,0.3250000000000002,0.955,872187520.0,3182000128.0,8240000000.0,95562153984.0,33992000000.0,,33670000000.0,,,3865000000.0,,2843000000.0,3621000000.0,1.36,0.4062,8.8,2.31,2.0,1787270400.0,1.222,737.760009765625,338.59768619584645,648.47998046875,754.86053,1.95455,19.0,2.06,0.020499999,0.00211,0.8786,False,False,,0.464,1002804.0,860040.0,1.0227940339291814,-7.36,6.84,15.49,,-0.12101500232472329,0.3582719491112736,39.635182966858196,-0.04323863829358676,0.14572112215554722,False,0.13843491245673104,,0.248,US,True,True,64.94391016670211,47.02004937207803,64.84486194136066,18.435049741273826,42.66478619633863,41.49659863945578,66.65268456375838,59.018036072144284,50.0,80.97514340344169,46.400000000000006,50.566626106851004,standard,431,557718722,False,53.2,False,66.19127516778524,40.939597315436245,53.60738255033557,50.041946308724825,50.041946308724825,50.041946308724825,4,NEUTRAL,0,VARNING,False,3,0.42857142857142855,LÅG,EJ AKTUELL,0.0
DE,Deere & Company,Industrials,Farm & Heavy Construction Machinery,United States,USD,161318870463.91357,2.6286795000000005,6.1356185,1.376,1.6497835749999998,3.4078813,4.243,6.458000000000001,0.030130000000000018,-0.016549996999999997,-0.002989997000000001,0.038587497,-0.19241000000000003,-0.1795,-0.165,-0.098,299.859,0.8290000000000002,1.972,282312448.0,8830000128.0,48473001984.0,200863432704.0,105996000000.0,,44665000000.0,,,8416000000.0,,5027000000.0,7459000000.0,1.08,0.3671,6.48,1.24,1.62,1782777600.0,0.897,670.4860067172342,429.13665354854805,597.239990234375,648.03436,2.125,23.0,4.86,0.026400002,0.00156,0.82634,False,False,,0.642,1254762.0,984550.0,0.7717777128825676,2.31,2.5,17.27,,-0.10924316950547397,0.3094875103652611,43.83175241447289,0.027339727546158876,0.11127148413842991,False,0.39354019328061113,,0.944,US,True,True,50.86469027440356,44.48305438554106,63.06575576430401,35.607619566595005,45.663101797701145,31.122448979591837,66.65268456375838,49.59919839679359,50.0,70.8413001912046,64.2,42.40601214834872,standard,709,588012632,False,48.4,False,59.312080536912745,30.70469798657718,43.288590604026844,50.041946308724825,50.041946308724825,50.041946308724825,2,SVAG,-8,UPPTREND,False,2,0.2857142857142857,LÅG,EJ AKTUELL,1.6
MRVL,"Marvell Technology, Inc.",Technology,Semiconductors,United States,USD,165239602277.33514,32.50325499999999,10.945185,1.0642,3.6750202999999995,19.427181,19.099,44.728750000000005,0.013567500000000024,-0.025529999999999997,0.183090002,0.0001624949999999986,0.06296996999999993,0.13300000000000003,-1.02,-0.806,-20.89,1.5965,2.51,1453262592.0,3843599872.0,5277199872.0,166490865664.0,22285300000.0,,8194600000.0,,,1338400000.0,,2670100000.0,1750500000.0,0.13,0.0825,0.24,0.37,0.06,1783641600.0,2.197,329.79864574979393,61.30937021388269,188.67999267578125,253.68922,1.4186,40.0,0.49,0.0456,0.00693,0.86752,False,False,,0.471,42516570.0,26138070.0,0.6828492061055274,-32.28,41.51,132.51,,-0.4278933673398835,0.7617902166347335,28.788635268135295,-0.19881214185539842,0.4538749603598231,False,0.07251929770548014,,0.677,US,True,True,44.18787295260912,54.95617878709038,69.41360660404213,35.61736490499902,31.254834200815466,30.952380952380953,33.09563758389262,58.416833667334664,50.0,49.7131931166348,47.099999999999994,50.36268872466241,standard,434,4931730856,False,43.8,False,65.18456375838926,30.536912751677853,2.5587248322147653,50.041946308724825,50.041946308724825,50.041946308724825,4,NEUTRAL,0,VARNING,False,1,0.14285714285714285,LÅG,EJ AKTUELL,7.5
CMIG4.SA,Companhia Energética de Minas Gerais - CEMIG,Utilities,Utilities - Regulated Electric,Brazil,BRL,21173370538.575325,-5.323844500000002,-0.8009959999999996,,0.2687740300000001,0.7334812,1.154,-0.7922499999999992,0.06231501000000001,0.014829998,0.0196099945,-0.07474750000000004,-0.18008999999999997,-0.016,-0.118,-0.058,-103.61550000000001,-0.10949999999999993,0.663,-5309444224.0,1792521984.0,20011374592.0,50035404800.0,67028000000.0,,42751000000.0,,,6328000000.0,,4897000000.0,4077000000.0,11.55,0.9897,1.28,9.54,0.220405,1782259200.0,0.088,13.335654645993781,9.022818144465687,11.119999885559082,12.53615,,13.0,,,1.0000001e-05,0.54819,False,False,,0.5,14746180.0,11260580.0,1.3772887347441518,5.85,-14.46,9.73,,-0.1661451814141207,0.22775843041286012,54.59460044621685,0.02072603022538866,0.021112671264832183,True,0.721089269465957,,0.668,LatAm,True,True,,49.13231703393912,40.67748363222317,38.562644179332395,74.50211719337467,68.79251700680273,66.65268456375838,11.22244488977956,50.0,,50.0,42.33513377318106,standard,710,24500598,False,52.9,False,27.936241610738254,69.21140939597315,86.91275167785236,50.041946308724825,50.041946308724825,50.041946308724825,2,SVAG,-8,UPPTREND,False,2,0.2857142857142857,LÅG,EJ AKTUELL,-0.3
CSL,Carlisle Companies Incorporated,Industrials,Building Products & Equipment,United States,USD,13976233192.390137,-10.695720499999997,-5.301204500000001,1.1236,4.209064574999999,2.8086154,3.228,-3.4029999999999996,0.22891999000000002,0.053950007,0.041680003,0.03782749699999999,-0.09634999999999999,-0.10850000000000001,-0.112,-0.109,98.56500000000001,1.996,2.434,-94187520.0,771299968.0,2888600064.0,16061411328.0,6263000000.0,,5019900000.0,,,1002500000.0,,740700000.0,1101800000.0,1.27,0.25100002,4.4,1.03,1.1,1779062400.0,0.848,430.5372112320468,291.6678658457327,345.3900146484375,406.14285,2.11111,7.0,5.52,0.0792,0.01145,1.03485,False,False,,0.558,456966.0,583050.0,0.47977193644405314,-3.19,-0.21,-3.24,,-0.19776965698260507,0.3820111161474626,28.740976924832154,-0.009576240356260035,0.0035152569122802735,False,0.3538943140963915,,0.722,US,True,True,,68.91365732421421,41.87304298320524,33.039370787954766,49.31380883572001,75.42517006802721,66.65268456375838,42.58517034068136,50.0,27.246653919694076,55.800000000000004,42.29268889652231,standard,712,201379648,False,48.7,False,27.936241610738254,75.75503355704699,52.013422818791945,50.041946308724825,50.041946308724825,50.041946308724825,3,SVAG,-8,VARNING,False,2,0.2857142857142857,LÅG,EJ AKTUELL,-9.4
TOST,"Toast, Inc.",Technology,Software - Infrastructure,United States,USD,15521279960.632324,13.462580999999997,-1.7178060000000013,0.23,3.372734299999999,2.7065465,2.435,20.703750000000003,0.07823752000000002,0.017030000000000003,-0.04284999799999999,-0.07715749499999999,-0.18849,0.07600000000000001,1.014,1.25,-49.006,0.7545,1.793,-228312512.0,1770000000.0,17000000.0,15693400064.0,3145000000.0,,6153000000.0,,,304000000.0,,342000000.0,661000000.0,,0.0,,,,,1.743,49.65999984741211,22.260000228881836,30.079999923706055,34.46154,1.8,26.0,3.09,0.0868,0.055749997,0.89421,False,False,,0.499,12528303.0,9655490.0,0.5432368942111988,19.98,5.54,-15.65,,-0.3942811112337611,0.46043167717275085,73.5109678507174,0.15542103464511126,-0.01937772174880692,True,0.7404693603658659,,1.0,US,True,True,33.146796386068225,43.92172322860209,31.653857102191854,86.19014725090527,35.70890695269146,73.89455782312925,11.703020134228188,37.77555110220441,50.0,25.908221797323133,49.9,50.27554966044732,standard,436,290437138,False,48.6,False,27.936241610738254,74.24496644295301,52.76845637583892,50.041946308724825,50.041946308724825,50.041946308724825,4,NEUTRAL,0,NEDTREND,True,1,0.14285714285714285,LÅG,EJ AKTUELL,1.0
FCX,Freeport-McMoRan Inc.,Basic Materials,Copper,United States,USD,83924746454.1796,6.947588499999998,-0.7855634999999985,6.3791,1.5786357500000003,3.176441,3.883,-2.3095,0.04178999000000001,0.027559997000000003,-0.005159999999999998,0.149245,-0.06569997999999999,-0.017,1.1079999999999999,1.503,-22.764999999999993,0.5670000000000002,0.861,893437440.0,3736999936.0,10401000448.0,102594748416.0,58167000000.0,,25915000000.0,,,6502000000.0,,2204000000.0,5610000000.0,1.03,0.3175,0.6,1.28,0.15,1784073600.0,1.364,72.10498882183789,34.776148771212036,58.380001068115234,70.92727,1.69565,22.0,2.05,0.0216,0.00693,0.88225996,False,False,,0.719,14953177.0,15910440.0,1.2781082947764957,-16.58,-14.29,-2.57,,-0.19034726969634974,0.4966493351372126,39.879841172672606,-0.08161546497217365,0.04688890445612759,False,0.22390547876082084,,1.0,US,True,True,,62.7607897023655,32.42243097068033,79.13351034474607,35.42927264846529,42.517006802721085,66.65268456375838,58.31663326653307,50.0,78.39388145315488,71.89999999999999,50.20164560457544,commodity,438,928851504,False,52.6,False,67.61744966442953,41.946308724832214,45.80536912751678,50.041946308724825,50.041946308724825,50.041946308724825,4,NEUTRAL,0,VARNING,False,3,0.42857142857142855,LÅG,EJ AKTUELL,-2.6
FNV,Franco-Nevada Corporation,Basic Materials,Gold,Canada,USD,38719605582.06772,3.982204499999998,6.165638500000002,,2.05370775,18.546537,18.265,7.057499999999999,0.07589,0.080090003,0.5480600000000001,0.6311250399999999,0.46617995,0.672,0.808,1.234,,4.336,5.431,-1644387520.0,714700032.0,0.0,38131884032.0,8241400000.0,,1822800000.0,,,1300900000.0,,1112100000.0,1493700000.0,0.89,0.2225,1.76,0.93,0.44,1781136000.0,0.897,284.59501209520727,153.53006771708135,200.77000427246094,279.27667,1.66667,9.0,3.01,,0.0061799996,0.85343003,False,False,,0.67,828882.0,656390.0,0.9622232336483628,-12.77,-21.95,-15.08,,-0.29454138076989156,0.3750023632799498,36.70675452117599,-0.08330129369091632,-0.10944814073635745,False,0.1873341502549685,,0.944,US,True,True,32.73060086653754,92.00855001741797,17.990321662396813,88.83688083367474,58.92593295541135,57.738095238095234,66.65268456375838,25.0501002004008,50.0,,67.0,50.16688205865066,commodity,440,131783423,False,38.6,False,27.936241610738254,58.305369127516784,2.5587248322147653,50.041946308724825,50.041946308724825,50.041946308724825,5,NEUTRAL,0,NEDTREND,True,3,0.42857142857142855,LÅG,EJ AKTUELL,-1.9
NTRA,"Natera, Inc.",Healthcare,Diagnostics & Research,United States,USD,38867224618.86157,,-1342.454423,,18.035757,15.541126,15.202,-156.0105,-0.27596,-0.1523699985,-0.20975000000000002,-0.317095004,0.19860003999999998,0.308,,,-45.766749999999995,0.9287500000000001,2.697,-679519248.0,1087932032.0,240080992.0,38019371008.0,2398344000.0,,2306113000.0,,,-309911000.0,,-208160000.0,215301000.0,,0.0,,,,,1.505,288.0400085449219,131.81100463867188,271.3900146484375,279.7619,1.5,21.0,3.66,0.0419,0.0298,0.95939004,False,False,,0.775,1537277.0,1275790.0,0.5942432683379758,23.3,38.39,13.46,,-0.05780444869653478,0.4388901998835676,56.83392240451921,0.16841970435753595,0.25734857629119623,False,0.5725917941988757,,0.339,US,True,True,,19.482943091575645,80.41559920296044,53.482276951236685,39.08314044694925,57.6530612244898,11.703020134228188,35.27054108216433,50.0,52.48565965583174,77.5,42.07855135774048,standard,717,346236667,False,39.2,False,27.936241610738254,58.22147651006711,6.62751677852349,50.041946308724825,50.041946308724825,50.041946308724825,1,SVAG,-8,UPPTREND,False,1,0.14285714285714285,LÅG,EJ AKTUELL,-3.5
VMC,Vulcan Materials Company,Basic Materials,Building Materials,United States,USD,37412224249.73587,10.797250499999997,11.478716500000003,2.5455,1.6945401500000001,4.6403337,5.27,5.278499999999999,0.02006000000000001,0.010490003000000005,0.02948999999999999,-0.005945000000000006,-0.17522000000000004,-0.031,-0.126,0.284,5.476000000000006,0.77,1.109,-572050000.0,140200000.0,5191300096.0,42487726080.0,16700400000.0,,7941100000.0,,,1567200000.0,,1076700000.0,1813000000.0,0.71,0.2358,2.08,0.77,0.52,1786579200.0,1.05,329.8082172318301,251.84932300201794,288.3299865722656,326.54544,1.82609,22.0,4.51,0.0535,0.00208,0.98059,False,False,,0.717,1136393.0,881880.0,0.5981175511690519,-4.16,1.09,-3.03,,-0.12576469745873076,0.26737197523210754,33.25086663309379,0.0072090155333193184,-0.00851263949286063,False,0.1815755968411789,,0.514,US,True,True,45.03442639468882,51.20929240475748,48.4201537147737,44.54974105770284,66.41327157771164,58.16326530612245,66.65268456375838,38.476953907815634,50.0,42.25621414913958,71.7,42.061006361176545,standard,718,254272449,False,43.1,False,27.936241610738254,58.7248322147651,31.879194630872483,50.041946308724825,50.041946308724825,50.041946308724825,2,SVAG,-8,NEDTREND,True,2,0.2857142857142857,LÅG,EJ AKTUELL,0.1
PODD,Insulet Corporation,Healthcare,Medical Devices,United States,USD,11363562247.336792,9.436436999999998,3.774127,1.4506,4.924341999999999,3.917389,4.101,5.840500000000001,0.10420999,0.03624999749999999,-0.014880000000000004,-0.03289500000000001,0.25802,0.259,1.4725000000000001,1.573,18.544249999999995,0.4567500000000001,1.491,-563062496.0,480400000.0,1014000000.0,11897162752.0,3190400000.0,,2708100000.0,,,473800000.0,,247100000.0,569300000.0,,0.0,,,,,1.111,354.8800048828125,138.7899932861328,164.05999755859375,238.21739,1.41667,23.0,3.05,0.0791,0.00329,1.0492901,False,False,,0.856,1570937.0,1286190.0,0.8966150566083779,11.08,-18.57,-42.01,,-0.5377028987227128,0.3983303254048996,56.91173203179117,0.07216283268273238,-0.31513183841862835,True,0.7621882246790699,,1.0,US,True,True,33.03109011318727,64.78279937302514,6.6609735269000865,91.86286508365495,49.679303676879044,79.08163265306123,11.703020134228188,22.84569138276553,50.0,27.533460803059274,95.6,42.02166464255413,standard,719,211012328,False,47.0,False,27.936241610738254,79.36241610738254,37.5,50.041946308724825,50.041946308724825,50.041946308724825,3,SVAG,-8,NEDTREND,True,2,0.2857142857142857,LÅG,EJ AKTUELL,-7.6
UTHR,United Therapeutics Corporation,Healthcare,Drug Manufacturers - Specialty & Generic,United States,USD,22737440740.701965,-9.1675,-0.38503100000000146,2.2213,0.027237399999999745,7.1731467,6.494,-0.6295000000000011,0.07684000000000002,0.06504000149999999,0.28689,0.22369499999999995,0.41376999999999997,-0.096,-0.2395,-0.147,,2.7637499999999995,4.116,-250025024.0,2153700096.0,0.0,20583741440.0,7880000000.0,,3182700000.0,,,1517200000.0,,1334700000.0,1561200000.0,,0.0,,,,,0.58,609.3499755859375,272.1199951171875,535.6699829101562,663.46155,1.6,13.0,3.62,0.0584,0.020499999,1.0190799,False,False,,0.297,475514.0,364790.0,0.7706629672897196,-2.3,-7.72,12.6,,-0.1209157227009523,0.4768506781851399,46.362030736780575,-0.03271547134264008,0.04984975377819345,False,0.2934969919205094,,0.479,US,True,True,,88.86651694170031,50.4554511813265,19.073334455056553,60.01634099667469,68.02721088435374,11.703020134228188,39.278557114228455,50.0,38.24091778202677,29.7,42.003181705684455,standard,721,195407053,False,42.6,False,27.936241610738254,68.45637583892618,18.624161073825505,50.041946308724825,50.041946308724825,50.041946308724825,2,SVAG,-8,VARNING,False,2,0.2857142857142857,LÅG,EJ AKTUELL,0.2
SVS.L,Savills plc,Real Estate,Real Estate Services,United Kingdom,GBp,1672059257547.2566,-7.383077,-10.476927,,0.35313455000000027,0.505131,0.553,-4.390999999999998,0.02384,0.004864998500000002,-0.21710499299999997,-0.35709499999999994,0.605545,0.005499999999999998,0.174,0.362,-31.784499999999998,0.6559999999999999,1.12,-527587528.0,531600000.0,619299968.0,1411437440.0,2351200000.0,,2550900000.0,,,89900000.0,,70900000.0,172300000.0,2.44,0.44419998,0.23,2.06,0.264,1775692800.0,1.252,13907.664950220751,9926.991056858253,12068.052349090576,1268.0,1.16667,6.0,,,0.0746,0.77418,False,False,,0.5,612552.0,514047.0,0.48928687350584105,10.55,12.59,-10.5,-3.45,-0.13227329013997968,0.25858442238074053,71.17604094595039,0.11026263550644377,0.02894384200458755,True,0.8533995412434432,,0.5,UK,True,True,,45.47284011463342,48.06260233941037,55.91406893240241,55.52088657050587,14.965986394557824,66.65268456375838,1.0521042084168337,50.0,,50.0,49.91528240607738,standard,451,6203546106,False,45.6,False,27.936241610738254,14.76510067114094,92.53355704697987,50.041946308724825,50.041946308724825,50.041946308724825,5,NEUTRAL,0,UPPTREND,False,1,0.14285714285714285,LÅG,EJ AKTUELL,3.7
PGR,The Progressive Corporation,Financial Services,Insurance - Property & Casualty,United States,USD,120902128225.70801,-7.701653,-0.026439500000000393,31.3911,1.1956002999999997,1.3283175,1.399,-0.5302499999999997,0.21445250300000002,0.058830003,-0.12628001000000003,-0.19258749000000003,-0.26685000000000003,0.008999999999999994,-0.083,0.043,-42.593,-1.412,0.234,,1978000000.0,8386999808.0,127311126528.0,123039000000.0,,87637000000.0,,,,,11308000000.0,17548000000.0,6.75,0.6974,13.9,1.95,0.1,1782950400.0,0.246,239.3800048828125,187.78087006708716,207.9499969482422,233.85715,2.76,21.0,2.09,0.0134000005,0.00252,0.90572,False,False,,0.724,3251801.0,3491820.0,0.9280365491687198,1.65,2.25,1.29,,-0.13129754905785362,0.2530841501633017,37.44269808929724,0.0009371867451311022,0.0004162769862250393,False,0.18955189852950316,,0.619,US,True,True,,42.844010079397705,50.93936806148591,45.2050495594077,55.19740221082221,36.054421768707485,66.65268456375838,,50.0,89.2925430210325,72.39999999999999,41.90435964326608,standard,724,726123958,False,45.9,False,27.936241610738254,35.57046979865772,73.99328859060402,50.041946308724825,50.041946308724825,50.041946308724825,2,SVAG,-8,UPPTREND,False,1,0.14285714285714285,LÅG,EJ AKTUELL,-4.8
VST,Vistra Corp.,Utilities,Utilities - Independent Power Producers,United States,USD,52411643649.119385,3.063740000000001,-2.6934119999999986,0.4512,14.16219753,2.6953788,3.847,-2.279749999999999,0.331225,0.026400001000000003,-0.016944998499999996,0.042357500000000006,-0.06569000000000003,0.355,,,211.59249999999997,-0.02849999999999986,0.263,-980562496.0,658000000.0,20566999040.0,74809638912.0,41550000000.0,,17738000000.0,,,2134000000.0,,944000000.0,4070000000.0,0.6,0.1515,0.92,1.82,0.229,1782086400.0,1.409,218.90834935343653,132.47448547608124,155.44000244140625,223.16667,1.4,18.0,3.62,0.0546,0.0078799995,0.90976,False,False,,0.596,4773146.0,4197580.0,1.0095392489333572,-1.86,-5.96,-7.75,,-0.2899311383028065,0.48826548164218114,39.531854758540064,0.010570323393007008,-0.06175675923724622,False,0.3032786706440592,,0.185,US,True,True,,63.26351507622168,29.106177056646743,50.03930633125264,23.787218974422878,51.6156462585034,66.65268456375838,38.877755511022045,50.0,41.395793499043975,59.599999999999994,41.89518943556234,standard,725,652471845,False,45.3,False,27.936241610738254,52.26510067114094,52.93624161073826,50.041946308724825,50.041946308724825,50.041946308724825,1,SVAG,-8,NEDTREND,True,2,0.2857142857142857,LÅG,EJ AKTUELL,-6.9
SALM.OL,SalMar ASA,Consumer Defensive,Farm Products,Norway,NOK,66522128255.08142,11.260607749999998,-3.171393499999999,1.3,0.23848585,2.323836,3.174,1.3090000000000028,-0.07931250399999999,-0.018377497000000003,0.021840000000000005,-0.005104995000000001,0.046540000000000026,0.213,,,20.766999999999996,0.31999999999999995,0.235,1639499904.0,569000000.0,22695999488.0,90862133248.0,57946000000.0,,27343000000.0,,,3283000000.0,,1105000000.0,3191000000.0,2.04,1.4531,10.0,4.3,10.0,1782259200.0,0.639,615.4103627621548,399.67320541881105,490.79998779296875,594.1818,2.36364,11.0,,,0.0484,0.74544996,False,False,,0.5,206921.0,155395.0,0.8168723176027959,-7.4,-9.98,-12.12,,-0.20248338752356332,0.2837201086114921,47.28546049445927,-0.05702443810710178,-0.11270368431097855,True,0.5389535540187023,,0.502,Nordic,True,True,75.27199650698044,41.7888112435326,30.116709365214916,65.3018960904867,64.18260980033784,47.19387755102041,28.355704697986578,70.34068136272545,50.0,,50.0,49.87022360891582,standard,452,7918175,False,57.7,False,77.93624161073825,46.560402684563755,57.80201342281879,50.041946308724825,50.041946308724825,50.041946308724825,4,NEUTRAL,0,NEDTREND,True,3,0.42857142857142855,LÅG,EJ AKTUELL,1.7
7564.T,"Workman Co.,Ltd.",Consumer Cyclical,Apparel Retail,Japan,JPY,461114173200.0,1.95206475,-1.2804869999999973,,1.286552175,2.8666985,2.357,-0.9339999999999975,0.03553500000000001,0.054329995,0.09336499699999999,0.085825004,0.08406502999999999,0.173,0.075,0.183,-40.528499999999994,3.4869999999999997,3.892,-26196563200.0,83742998528.0,1692999936.0,379064188928.0,185257000000.0,,160851000000.0,,,29691000000.0,,20618000000.0,18838000000.0,1.58,0.3523,89.0,1.34,89.0,1806364800.0,0.837,8330.0,5225.007899187613,5650.0,7437.0,,10.0,,,0.76319003,0.059109997,False,False,,0.5,363837.0,383200.0,0.7227069491932441,-19.05,-10.6,-14.46,,-0.32172869147659067,0.37446633925839723,16.822429906542055,-0.19357140818132512,-0.1418923967512341,False,0.13183067970714332,,0.695,Japan,True,True,,73.90976730145255,21.86165670367207,65.73294375262378,59.828907761626716,20.66326530612245,66.65268456375838,16.63326653306613,50.0,,50.0,49.86529518132769,standard,453,13335633,False,40.3,False,27.936241610738254,20.385906040268456,51.34228187919463,50.041946308724825,50.041946308724825,50.041946308724825,5,NEUTRAL,0,NEDTREND,True,3,0.42857142857142855,LÅG,EJ AKTUELL,-3.4
2382.TW,Quanta Computer Inc.,Technology,Computer Hardware,Taiwan,TWD,1254645739200.0,-5.3599055000000035,-3.436828,1.02,2.4483536999999997,0.51267815,0.609,0.32725000000000026,0.24406749500000008,-0.005510002999999999,-0.099214996,-0.12518249399999998,-0.297214997,0.523,-0.157,0.087,218.0505,-0.5575000000000001,0.669,-107422685184.0,268589678592.0,492037177344.0,1490059001856.0,1343111743000.0,,2123689447000.0,,,87396109000.0,,74987700000.0,-10364961000.0,4.79,0.6875,15.6,4.94,15.6,1784160000.0,0.666,420.06615288823633,242.16141303850586,325.5,391.55557,1.64706,18.0,,,0.31611001,0.29997,False,False,,0.5,31010687.0,19137695.0,1.9851524437130248,-9.25,5.08,20.35,,-0.22512204860598894,0.3734446861811902,32.44130571630404,-0.05031623056729595,0.10580673191706658,False,-0.3709555456015236,,0.949,Asia,True,True,39.867388408101114,35.694203261670864,57.98462852263023,64.31215244731841,31.704537737283054,16.3265306122449,66.65268456375838,15.931863727454909,50.0,,50.0,41.84912025214083,standard,726,192470859,False,45.8,False,27.936241610738254,16.10738255033557,92.4496644295302,50.041946308724825,50.041946308724825,50.041946308724825,1,SVAG,-8,VARNING,False,2,0.2857142857142857,LÅG,EJ AKTUELL,-3.0
BARC.L,Barclays PLC,Financial Services,Banks - Diversified,United Kingdom,GBp,90427137096634.0,0.8863049999999983,-0.46495950000000086,1.6951,-0.6836310499999998,2.5721924,3.918,,-0.040952497,-0.015144998800000004,0.027729986999999956,-0.025487470000000012,-0.394455,-0.025,-0.052000000000000005,0.038,,,,,724346994688.0,759123017728.0,106155409408.0,1544165000000.0,,29140000000.0,,,,,7172000000.0,18739000000.0,1.64,0.1982,0.09,3.25,0.056,1771459200.0,0.884,6857.779328905337,4437.936304844576,6704.906232355046,565.941,1.70588,17.0,,,0.00275,0.48470002,False,False,,0.5,48535969.0,29117535.0,0.7255000688523643,5.88,19.07,11.24,46.58,-0.022291924137298413,0.3014981466987183,60.98326457555502,0.10261054671153169,0.209251989357647,False,0.6405307002975429,,0.692,UK,True,True,,32.94657179139065,80.26798235648978,44.40532319568249,51.41655668555754,1.0204081632653061,66.65268456375838,,50.0,,50.0,41.79325676992887,standard,730,195230341892,False,38.0,False,27.936241610738254,2.5587248322147653,54.27852348993289,50.041946308724825,50.041946308724825,50.041946308724825,0,SVAG,-8,UPPTREND,False,2,0.2857142857142857,LÅG,EJ AKTUELL,-0.6
SAND.ST,Sandvik AB (publ),Industrials,Specialty Industrial Machinery,Sweden,SEK,424107888222.4641,1.9031695000000006,5.542023499999999,2.3663,0.5677591749999995,3.4744716,4.105,0.7515000000000027,-0.0017700099999999885,0.017230000000000002,0.053485,0.069282497,-0.021199999999999997,-0.021500000000000005,-0.04,0.037,-16.277,0.4305000000000001,1.047,14985850240.0,8226999808.0,41472999424.0,501080522752.0,169860000000.0,,120680000000.0,,,20979000000.0,,14690000000.0,19189000000.0,1.61,0.48650002,6.0,2.31,6.0,1777420800.0,1.332,413.1000061035156,227.88375432133415,338.1000061035156,393.75,2.7,20.0,,,0.18391001,0.45602,False,False,,0.5,1904252.0,1493010.0,3.043638951218707,-14.9,-13.55,4.56,,-0.18155410044028497,0.29675482643658935,30.694545327742773,-0.11434182935408388,-0.001891093706902769,False,-0.34624505650993054,,0.101,Nordic,True,True,84.2580692110478,61.5196304398993,37.204668374608595,31.35629027886594,48.19668940703323,21.258503401360542,66.65268456375838,81.2625250501002,50.0,,50.0,49.73252323823143,standard,460,52336186,False,53.1,False,83.97651006711409,20.973154362416107,42.86912751677852,50.041946308724825,50.041946308724825,50.041946308724825,5,NEUTRAL,0,NEDTREND,True,3,0.42857142857142855,LÅG,EJ AKTUELL,0.1
3968.HK,"China Merchants Bank Co., Ltd.",Financial Services,Banks - Regional,China,HKD,216139635583.9511,-1.3476945000000011,-1.7825188999999995,1.2271,-0.12215150000000008,3.9735966,0.288,,0.006592497999999995,0.011779999999999995,0.22594499199999998,0.23587750999999996,-0.357915,-0.047,-0.126,0.015,,,,,1800973058048.0,691305971712.0,85913329664.0,13070523000000.0,,332059000000.0,,,,,150181000000.0,451457000000.0,9.48,0.5249,4.46,4.85,1.153271,1782950400.0,0.544,51.25418861448981,42.383186143646626,47.08000183105469,58.418724,1.78947,19.0,,,0.17571,0.55407,False,False,,0.5,14797761.0,9859956.0,0.7338788472444818,-2.62,-4.88,-1.95,,-0.08144089090613493,0.20093638247776582,78.61217735902065,0.027698086105230724,-0.0032432122162552313,True,0.9707517084514636,,0.084,Asia,True,True,,61.73407017483795,47.43808710503843,24.692750362480623,80.57922151858958,26.785714285714285,66.65268456375838,,50.0,,50.0,41.7013224819221,standard,735,59212306,False,39.0,False,27.936241610738254,26.426174496644293,37.080536912751676,50.041946308724825,50.041946308724825,50.041946308724825,2,SVAG,-8,NEDTREND,True,3,0.42857142857142855,LÅG,EJ AKTUELL,-13.7
ENGI.PA,Engie SA,Utilities,Utilities - Diversified,France,EUR,68249497278.62323,-0.2951339999999991,-2.662925999999999,3.45,0.84641313,0.9486475,1.571,-2.7592500000000006,0.026609994999999977,0.009979998,-0.0389600085,-0.087437505,-0.056499980000000005,-0.14500000000000002,-0.6539999999999999,-0.582,-14.741500000000002,0.27849999999999997,0.834,-1128180672.0,15365000192.0,55187001344.0,113022844928.0,169249000000.0,,71944000000.0,,,9056000000.0,,3827000000.0,-1476000000.0,5.07,0.98010004,1.35,7.33,1.35,1777507200.0,0.572,28.454002905550343,16.37366602730382,26.860000610351562,30.59444,1.68421,18.0,,,0.26475,0.44109002,False,False,,0.5,3314372.0,2287708.0,0.8811701443192979,0.22,0.23,17.86,40.94,-0.05602031814257846,0.21293140545125816,45.296178825452785,-0.006634738127057727,0.11419045586234233,False,0.32127229003822144,,0.5,Europe,True,True,,44.040022426048424,69.97028729463565,12.867557305078678,73.05711003790896,46.85374149659864,66.65268456375838,40.18036072144289,50.0,,50.0,41.66269308380973,standard,737,70330590,False,48.7,False,27.936241610738254,46.2248322147651,81.79530201342283,50.041946308724825,50.041946308724825,50.041946308724825,3,SVAG,-8,VARNING,False,3,0.42857142857142855,LÅG,EJ AKTUELL,-8.3
WPM.TO,Wheaton Precious Metals Corp.,Basic Materials,Gold,Canada,CAD,66284101039.375534,2.5334594999999993,3.7845080000000006,0.43,3.08128405,24.141426,23.356,16.044,0.115984995,0.094115,0.568175047,0.59084005,0.47013997,0.811,0.865,1.292,-38.35549999999999,2.7259999999999995,4.525,-99484736.0,2164505088.0,7662000.0,64127254528.0,9125781000.0,,2314600000.0,,,1581641000.0,,1471720000.0,1904981000.0,0.74,0.1744,1.09,1.12,0.269,1779840000.0,1.187,225.98550369159796,120.01620068462572,145.9600067138672,249.38997,1.3125,7.0,2.22,,0.00113,0.71726996,False,False,,0.5,791047.0,644630.0,0.6005507897818999,-18.1,-29.96,-22.24,,-0.35411783353564763,0.46653130178827584,33.85154843085435,-0.13733535228492244,-0.14926182317662107,False,0.04289720173052094,,0.927,Canada,True,True,40.40544776704247,93.95099629241761,12.055223455735836,88.9285411117316,46.38248184258797,47.363945578231295,66.65268456375838,45.59118236472946,50.0,,50.0,49.64988460792037,commodity,463,67111414,False,36.9,False,27.936241610738254,46.72818791946309,2.5587248322147653,50.041946308724825,50.041946308724825,50.041946308724825,6,NEUTRAL,0,NEDTREND,True,3,0.42857142857142855,LÅG,EJ AKTUELL,0.5
WALMEX.MX,"Wal-Mart de México, S.A.B. de C.V.",Consumer Defensive,Discount Stores,Mexico,MXN,856310336400.3064,2.0516222499999985,5.214384500000001,2.01,1.32472165,0.8432711,0.896,2.6240000000000006,0.016587500000000005,0.023392495000000003,0.004530004000000004,-0.028875000000000026,-0.05649999999999997,-0.018999999999999996,-0.05,0.015,-92.434,-0.11050000000000015,0.361,35227257984.0,28085067776.0,81270472704.0,908976979968.0,495273263000.0,,1010803706000.0,,,78493750000.0,,49890741000.0,82437748000.0,4.05,0.5862,2.01,2.42,0.58,1794873600.0,0.028,62.423591709902254,48.900001525878906,49.52000045776367,62.37222,2.61111,18.0,,,0.71497,0.13202,False,False,,0.5,25063100.0,18045173.0,1.2744017633218558,-1.59,-11.93,-15.64,,-0.206710169964342,0.23016010099043005,36.56462772600322,-0.047985222043426035,-0.11834260718635714,True,0.29988337155197137,,0.268,LatAm,True,True,83.82961453633524,53.08206236960981,26.558497011101622,32.11066823048239,74.50284209920265,17.772108843537417,66.65268456375838,87.2745490981964,50.0,,50.0,49.540814550987314,standard,468,46467043,False,59.5,False,86.91275167785236,17.533557046979865,84.22818791946308,50.041946308724825,50.041946308724825,50.041946308724825,5,NEUTRAL,0,NEDTREND,True,3,0.42857142857142855,LÅG,EJ AKTUELL,-5.6
011070.KS,"LG Innotek Co., Ltd.",Technology,Electronic Components,South Korea,KRW,15807890676000.0,,-0.08016800000000046,19.3886,,0.7041817,0.741,-6.479749999999998,-0.03971250499999998,0.0020899969999999962,-0.10894499599999999,-0.100272495,-0.271695004,-0.03199999999999999,1.46,1.677,29.962500000000002,-0.1605000000000001,0.985,268345608192.0,1374028038144.0,2196819017728.0,16628945256448.0,11930883000000.0,,21896603000000.0,,,665007000000.0,,341262000000.0,1331402000000.0,0.28,0.091800004,1880.0,0.89,1880.0,1774828800.0,2.126,1788000.0,147628.92036776527,668000.0,1127500.0,1.76923,26.0,,,0.40798,0.2887,False,False,,0.5,452550.0,327268.0,0.5351343270245285,-46.47,80.3,156.96,,-0.6263982102908278,0.8202668867680791,23.217922606924645,-0.28922559639079826,0.5046552456389555,False,0.17005050064203361,,0.333,Asia,True,True,,26.463437205028743,67.09365214916026,57.81063678434686,27.224751415161506,5.357142857142857,66.65268456375838,68.13627254509018,50.0,,50.0,49.49278671696397,standard,470,159588968,False,54.8,False,73.40604026845638,5.285234899328859,87.24832214765101,50.041946308724825,50.041946308724825,50.041946308724825,6,NEUTRAL,0,VARNING,False,2,0.2857142857142857,LÅG,EJ AKTUELL,7.0
BRK-B,Berkshire Hathaway Inc.,Financial Services,Insurance - Diversified,United States,USD,686443717746.8293,-3.3472920000000013,9.996738500000001,10.06,-2.82279567666,2.8205595,-0.707,-11.05225,-0.029987496999999995,0.034380005,-0.06172001000000002,-0.23114749,-0.17426000000000003,-0.020000000000000004,1.063,1.196,-49.352000000000004,1.182,2.7,60411811584.0,397383008256.0,128885997568.0,-265522118656.0,1222176000000.0,,410522000000.0,,,,,66968000000.0,45969000000.0,,0.0,,,,,0.607,516.8499755859375,455.19000244140625,490.9100036621094,520.3333,2.0,3.0,2.33,0.0095999995,0.00261,0.67311996,False,False,,0.465,5074066.0,4070400.0,1.1323128920877303,-0.82,3.32,-0.45,,-0.05018859078869209,0.14597817436409566,42.211064832138184,0.006815201265019555,0.0012593575268884383,False,0.30174077041829916,,0.688,US,True,True,,34.29172779778527,58.90976373469969,68.55676256341786,81.5698088468748,18.452380952380953,11.703020134228188,,50.0,94.07265774378585,46.5,49.489264071912565,standard,471,1998200079,False,56.8,False,94.96644295302013,18.20469798657718,51.761744966442954,50.041946308724825,50.041946308724825,50.041946308724825,5,NEUTRAL,0,UPPTREND,False,2,0.2857142857142857,LÅG,EJ AKTUELL,2.7
5301.T,"Tokai Carbon Co., Ltd.",Basic Materials,Specialty Chemicals,Japan,JPY,344919254791.5,0.0,0.5446605000000009,0.84,0.18674155000000003,1.0634693,1.533,-0.8019999999999996,-0.006074995999999999,-0.010610002,-0.0016650029999999982,-0.009260000000000004,-0.04784499000000003,-0.088,-0.909,-0.486,39.5445,0.4624999999999999,1.555,,86291996672.0,204255002624.0,497316265984.0,664033000000.0,,322960000000.0,,,25850000000.0,,20078000000.0,55872000000.0,2.48,0.319,40.0,2.9,20.0,1798502400.0,0.715,1890.8716729011746,867.8438779791065,1615.5,2075.0,,4.0,,,0.03004,0.45173,False,False,,0.5,2162463.0,1609350.0,1.4657407664945283,-7.87,60.0,61.9,,-0.14563213191441515,0.3771817509923297,34.20195439739413,-0.037760215471836944,0.3738454678864134,False,0.05077593121784468,,0.5,Japan,True,True,,43.52511523601968,82.99174494733846,14.98927901955517,53.44299506701346,23.214285714285715,66.65268456375838,,50.0,,50.0,41.288232773458105,standard,753,16013902,False,44.8,False,27.936241610738254,22.90268456375839,79.36241610738254,50.041946308724825,50.041946308724825,50.041946308724825,2,SVAG,-8,VARNING,False,2,0.2857142857142857,LÅG,EJ AKTUELL,-0.6
FNV.TO,Franco-Nevada Corporation,Basic Materials,Gold,Canada,CAD,54250258234.80652,4.441013499999997,6.057457999999999,9.18,2.74035035,25.985659,25.729,15.893999999999998,0.09097499499999999,0.083895,0.569334997,0.6332300399999999,0.5302999500000001,0.672,0.808,1.234,,4.35,5.431,-1567124992.0,714700032.0,0.0,53713473536.0,8241400000.0,,1822800000.0,,,1300900000.0,,1112100000.0,1493700000.0,0.9,0.2225,2.51,0.92,0.613,1781136000.0,0.897,386.75938331598627,208.6072071910075,281.29998779296875,390.2015,1.66667,9.0,1.43,,0.0061799996,0.85343003,False,False,,0.5,375457.0,295800.0,1.1601660880811382,-12.32,-21.59,-16.65,,-0.2726744329221772,0.36947556508805646,35.67166700526539,-0.08068861755697898,-0.09915816359325713,False,0.13884598447055665,,0.944,Canada,True,True,29.30900907961174,93.16090864228924,18.645032735553656,88.83688083367474,59.525716158151134,51.02040816326531,66.65268456375838,29.659318637274552,50.0,,50.0,49.21927666328603,commodity,476,59349886,False,37.6,False,27.936241610738254,51.67785234899329,2.5587248322147653,50.041946308724825,50.041946308724825,50.041946308724825,5,NEUTRAL,0,NEDTREND,True,3,0.42857142857142855,LÅG,EJ AKTUELL,1.6
CCI,Crown Castle Inc.,Real Estate,REIT - Specialty,United States,USD,34553902694.94255,0.0,3.1656590000000016,1.2844,-20.332293999999997,8.201733,15.281,4.943000000000001,,0.013420000000000001,-0.008354990000000007,0.09205498000000004,0.28613,-0.10350000000000001,,,,-0.4590000000000001,0.09,386437504.0,55000000.0,29878999040.0,64377905152.0,31518000000.0,,4264000000.0,,,2086000000.0,,444000000.0,3057000000.0,5.4,1.7932,4.25,4.92,1.063,1781481600.0,0.972,110.4468887121738,73.75,79.16999816894531,98.75789,2.14286,19.0,2.59,0.0343,0.00096000003,1.00262,False,False,,0.782,3968425.0,3668400.0,0.6561937764240324,-10.17,-7.8,-8.54,,-0.2831848946395993,0.2906471026409302,40.325270184864344,-0.07449331301157247,-0.08217538718510498,True,0.5022824543376869,,1.0,US,True,True,56.49337781708668,67.87680717702715,27.83945345858241,55.577539071666585,40.48148813700218,59.2687074829932,28.355704697986578,54.208416833667336,50.0,60.80305927342257,78.2,41.18765571412939,standard,755,290427221,False,50.8,False,68.12080536912751,59.81543624161074,15.52013422818792,50.041946308724825,50.041946308724825,50.041946308724825,2,SVAG,-8,NEDTREND,True,1,0.14285714285714285,LÅG,EJ AKTUELL,-2.9
BAM.TO,Brookfield Asset Management Ltd.,Financial Services,Asset Management,United States,CAD,108116967183.16785,13.109229999999998,9.314115,1.2089,8.0427229,21.30832,22.394,27.330249999999996,0.10398750799999998,0.10425499999999999,0.26335498700000004,0.27242750999999993,0.32254,0.174,-0.07700000000000001,0.062,-23.313499999999994,-0.5539999999999999,1.017,2178575040.0,1096000000.0,2963000064.0,113628405760.0,17047000000.0,,4608000000.0,,,3034000000.0,,2485000000.0,2101000000.0,4.1,1.1635,2.85,,0.692,1780012800.0,1.259,84.9810356157001,57.49526220527826,67.70999908447266,80.107475,2.23529,5.0,4.79,0.0248,0.03568,0.89597,False,False,,0.5,1851803.0,1055550.0,0.686368044971398,-0.13,1.26,-5.87,,-0.20323400869495456,0.2877935742916801,65.28533274177857,0.02808229805928919,-0.0022280752206796928,True,0.7614455709869781,,0.707,Canada,True,True,55.55502065583682,90.10105767151111,41.58838599487618,56.91718276734093,33.46025508931009,37.755102040816325,28.355704697986578,71.5430861723447,50.0,73.90057361376672,50.0,57.106925950575885,holding,222,50978097,False,47.4,False,75.58724832214764,37.24832214765101,2.5587248322147653,50.041946308724825,50.041946308724825,50.041946308724825,7,STARK,8,NEDTREND,True,1,0.14285714285714285,LÅG,EJ AKTUELL,7.9
COL.AX,Coles Group Limited,Consumer Defensive,Grocery Stores,Australia,AUD,31174358500.125435,5.144509750000002,0.670436500000001,,4.39385335,0.6916108,0.91,1.0230000000000032,0.08271251999999998,-0.005917498000000004,-0.177020001,-0.24352,-0.10797499999999999,-0.010999999999999996,-0.178,-0.113,201.87400000000002,-0.5935000000000001,0.17,0.0,598000000.0,10572000256.0,41005768704.0,20294000000.0,,44352000000.0,,,1819000000.0,,1079000000.0,,3.15,0.90910006,0.73,3.57,0.41,1773100800.0,0.283,24.59000015258789,19.45711579920824,23.209999084472656,23.36117,2.2,15.0,,,0.00564,0.41215,False,False,,0.5,3076280.0,2660258.0,1.4061030434796573,-0.68,1.71,12.29,17.71,-0.05612041722456029,0.21657682218699048,34.417333807499546,0.02602864107261449,0.05964858417184171,False,0.36612251699595555,,0.5,Australia,True,True,60.16734586491418,33.016279776303534,62.83248066813435,30.99522893911974,50.553707466034076,61.05442176870748,66.65268456375838,47.64529058116233,50.0,,50.0,41.078543594055745,standard,759,43126763,False,51.9,False,27.936241610738254,61.57718120805369,87.75167785234899,50.041946308724825,50.041946308724825,50.041946308724825,1,SVAG,-8,UPPTREND,False,3,0.42857142857142855,LÅG,EJ AKTUELL,-9.8
ITC.NS,ITC Limited,Consumer Defensive,Tobacco,India,INR,3517021885389.31,-10.97315725,-4.257897999999999,1.78,0.0,4.459355,4.184,-5.0539999999999985,0.0969775,0.103742501,0.16728501399999998,0.227525,0.16424001,-0.086,-0.7909999999999999,-0.727,-59.6825,2.0785,1.8,113151436800.0,245109702656.0,23993600000.0,3299562749952.0,937923800000.0,,782132800000.0,,,255955400000.0,,206894700000.0,184643100000.0,5.73,0.8692,16.0,3.63,8.0,1779840000.0,-0.081,407.1428648264985,275.0,280.70001220703125,343.51514,2.64706,33.0,,,0.27177998,0.51672,False,False,,0.5,16645891.0,15403605.0,1.2424893851710945,-3.59,-6.88,-12.06,,-0.31056138653774545,0.1935347945127347,33.81878301130236,-0.026877294455955103,-0.14158989634519215,False,0.2702244274619193,,0.69,India,True,True,,85.02574875491057,25.861087389695417,21.127335957327837,93.47877165953248,11.564625850340136,66.65268456375838,85.37074148296593,50.0,,50.0,49.06379801271164,standard,481,44908517,False,49.8,False,82.38255033557047,11.409395973154362,33.053691275167786,50.041946308724825,50.041946308724825,50.041946308724825,5,NEUTRAL,0,NEDTREND,True,3,0.42857142857142855,LÅG,EJ AKTUELL,-0.0
RIO.L,Rio Tinto Group,Basic Materials,Other Industrial Metals & Mining,United Kingdom,GBp,109492019781130.73,-2.449247500000004,-0.2783774999999995,5.63,0.6604792000000004,1.8977364,2.228,-1.9844999999999997,0.04798499000000002,0.028495001500000006,0.07912999700000001,0.04333500000000001,-0.11321498000000002,0.040999999999999995,-0.479,-0.053,-37.087999999999994,-0.16100000000000003,0.917,2849887360.0,9420000256.0,23747999744.0,128439328768.0,128102000000.0,,57638000000.0,,,15448000000.0,,9966000000.0,,4.46,0.6054,3.0,7.46,1.917705,1772668800.0,0.649,113955.2051897049,56296.15017745278,87279.26892471313,7628.4214,2.71429,21.0,,,0.14696999,0.47782,False,False,,0.5,2591662.0,2417254.0,2.355317162346048,-9.08,-5.76,11.57,51.33,-0.2340914240870654,0.26660642843753274,40.10287702103582,-0.08039870829119766,0.06305728210817252,False,0.25292608927629456,,0.5,UK,True,True,,63.89990913979526,53.78117189887104,33.51170709214248,57.4442234831096,0.7653061224489796,66.65268456375838,74.54909819639278,50.0,,50.0,49.05678000081025,standard,482,210976161925,False,46.8,False,57.04697986577181,2.5587248322147653,64.1778523489933,50.041946308724825,50.041946308724825,50.041946308724825,4,NEUTRAL,0,VARNING,False,2,0.2857142857142857,LÅG,EJ AKTUELL,-1.3
AEHR,"Aehr Test Systems, Inc.",Technology,Semiconductor Equipment & Materials,United States,USD,2632504099.1210938,,39.100487,0.9,6.5988053,52.64903,50.52,-275.90024999999997,-0.18834249999999997,-0.10328,-0.24928999800000004,-0.18705749499999996,-0.06705,0.19400000000000003,,,-45.358,8.6485,7.495,-817392879.0,116358000.0,9882000.0,2526028032.0,148508000.0,,58968000.0,,,-4813000.0,,-3910000.0,-7400000.0,,0.0,,,,,3.183,126.62000274658203,14.989999771118164,81.05000305175781,108.33333,1.5,3.0,2.4,0.1398,0.046869997,0.71696,False,False,,0.444,2637991.0,3897350.0,1.8443483833720342,-22.68,0.25,212.09,,-0.3598957408493212,1.2360720467430228,43.44542259576014,-0.1396659799178206,0.6052286900737014,True,0.42509434452318756,,0.556,US,True,True,,13.845906179595858,54.99573014517506,67.19622659219975,33.41005118178022,93.02721088435374,11.703020134228188,3.006012024048096,50.0,15.487571701720842,44.4,41.02323987911425,standard,765,315880229,False,43.9,False,27.936241610738254,93.12080536912751,2.5587248322147653,50.041946308724825,50.041946308724825,50.041946308724825,3,SVAG,-8,VARNING,False,1,0.14285714285714285,LÅG,EJ AKTUELL,13.4
NFLX,"Netflix, Inc.",Communication Services,Entertainment,United States,USD,290334545655.2627,1.8149650000000026,2.756736,1.4604,5.607639499999999,6.002273,6.079,8.941,0.32334000500000004,0.1047499925,0.16092500299999998,0.14687499999999998,0.03911999999999999,0.07300000000000001,0.04300000000000001,0.088,-29.706500000000002,0.0045000000000000595,0.752,24883640064.0,9127910400.0,14309306368.0,294033850368.0,55596993000.0,,45183036000.0,,,13326603000.0,,10981201000.0,10149273000.0,,0.0,,,,,,126.70999908447266,65.08000183105469,68.94999694824219,111.03227,1.68,44.0,2.18,0.0249,0.00567,0.86428,False,False,,0.473,42635377.0,51639880.0,2.5809520969017314,-12.41,-36.03,-22.13,,-0.45584407350302414,0.34816590642309486,37.99407289688484,-0.1441353404056771,-0.2644405868099704,True,-0.0722817163288337,,0.453,US,True,True,79.91754458637946,83.57614147563127,8.724736692285795,48.84125907025653,47.56286522090059,24.404761904761905,11.703020134228188,95.89178356713427,50.0,73.51816443594646,47.3,49.015127731396014,standard,483,3560569568,False,53.3,False,94.88255033557047,24.07718120805369,23.23825503355705,50.041946308724825,50.041946308724825,50.041946308724825,6,NEUTRAL,0,NEDTREND,True,2,0.2857142857142857,LÅG,EJ AKTUELL,-4.4
AKZA.AS,Akzo Nobel N.V.,Basic Materials,Specialty Chemicals,Netherlands,EUR,9863454313.659668,-3.6583675000000007,-0.3259844999999988,2.337,0.5324045500000001,0.9931986,1.32,1.2889999999999997,0.02594498499999999,-0.002469999999999993,-0.006025010999999997,-0.052680000000000005,0.025040000000000007,-0.192,-0.552,-0.131,70.23700000000001,0.014999999999999902,1.337,98944320.0,3032999936.0,6110000128.0,13113453568.0,13952000000.0,,10158000000.0,,,1164000000.0,,635000000.0,915000000.0,3.44,0.547,1.98,3.0,1.54,1777248000.0,1.177,67.63999938964844,44.82020644148546,57.58000183105469,63.70588,2.17647,17.0,,,0.00067000004,0.90852,False,False,,0.5,729068.0,507156.0,1.0604019683148642,-3.42,11.31,1.76,4.18,-0.14872852822842164,0.3741352116451047,39.50278251687898,0.006010235628016947,0.04281806900551377,False,0.2587361946287403,,0.242,Europe,True,True,65.4238085108765,48.15439472281743,52.41393696284051,10.167561244737108,37.75888737534844,80.86734693877551,66.65268456375838,56.1122244488978,50.0,,50.0,40.86978795829355,standard,771,33423421,False,63.5,False,66.69463087248322,81.1241610738255,81.1241610738255,50.041946308724825,50.041946308724825,50.041946308724825,3,SVAG,-8,UPPTREND,False,2,0.2857142857142857,LÅG,EJ AKTUELL,-0.2
2379.TW,Realtek Semiconductor Corp.,Technology,Semiconductors,Taiwan,TWD,368235634000.0,3.814336499999996,4.677671999999999,0.85,4.5899967,2.967093,2.552,4.71925,0.19184751500000002,0.019719996999999996,-0.015144995999999987,-0.034702495,0.13685502,-0.10299999999999998,-0.308,-0.091,18.7845,-0.5815000000000001,0.913,-4076544.0,64720822272.0,11279789056.0,316706750464.0,129903363000.0,,122706372000.0,,,14389062000.0,,14753249000.0,23015343000.0,3.55,0.9368,25.5,4.78,25.5,1757462400.0,0.662,970.0,438.0,718.0,620.8,2.2,15.0,,,0.055710003,0.51915,False,False,,0.5,5395913.0,4997187.0,1.1977369421395934,-3.62,35.22,40.23,,-0.25979381443298966,0.4530046494424624,39.54983922829582,0.04777748591775377,0.29469679210920163,False,0.10952970921663226,,0.136,Asia,True,True,52.198083317472936,61.85084175257248,72.98605180757187,14.776672001116815,42.5250561032131,22.70408163265306,66.65268456375838,47.19438877755511,50.0,,50.0,40.80720534844311,standard,773,110859881,False,40.1,False,27.936241610738254,22.399328859060404,47.98657718120805,50.041946308724825,50.041946308724825,50.041946308724825,3,SVAG,-8,UPPTREND,False,3,0.42857142857142855,LÅG,EJ AKTUELL,4.1
MUV2.DE,Münchener Rückversicherungs-Gesellschaft Aktiengesellschaft in München,Financial Services,Insurance - Reinsurance,Germany,EUR,65977146844.330444,-3.785319000000001,-1.4144504999999992,2.0309,0.31727979999999967,1.075387,1.105,,0.07246749799999996,0.017879999999999997,-0.10498501700000001,-0.18877249000000001,-0.014539980000000008,-0.124,0.475,0.563,-40.187,-1.287,0.229,,5600000000.0,7518000128.0,67765751808.0,279934000000.0,,62312000000.0,,,,,6118000000.0,4906000000.0,4.69,0.383,24.0,3.61,24.0,1777507200.0,0.326,583.9169414517542,437.3999938964844,515.5999755859375,552.0706,2.82353,17.0,,,0.0,0.5021,False,False,,0.5,351720.0,200007.0,1.2923108869907647,10.95,-4.76,3.1,-5.82,-0.11699774576837019,0.21371382450471052,75.29213309123071,0.08107649890056368,0.019112483117532664,True,0.8665614599318425,,0.719,Europe,True,True,,43.348113502050275,43.077840628647984,57.404343260478115,57.70403496510654,47.534013605442176,66.65268456375838,,50.0,,50.0,40.79994479712384,standard,774,118030905,False,48.4,False,27.936241610738254,46.895973154362416,79.27852348993288,50.041946308724825,50.041946308724825,50.041946308724825,3,SVAG,-8,UPPTREND,False,1,0.14285714285714285,LÅG,EJ AKTUELL,-6.6
ULTRACEMCO.NS,UltraTech Cement Limited,Basic Materials,Building Materials,India,INR,3449727309645.0,16.1452425,7.789617000000002,1.22,1.1216097000000003,3.897489,4.154,4.360999999999999,-0.030020000000000005,0.0,-0.026319997000000026,0.0,0.17019001,-0.075,0.030000000000000027,0.453,17.4415,-0.976,0.331,0.0,51199700992.0,237550895104.0,3676488335360.0,1413760500000.0,,885115300000.0,,,123757700000.0,,81656400000.0,153158600000.0,0.66,0.2793,77.5,0.54,77.5,1753401600.0,0.453,13110.0,10325.0,11727.0,13716.82,1.4359,39.0,,,0.61734,0.21818,False,False,,0.5,329138.0,214445.0,1.1235143089537012,2.6,-2.59,-4.31,,-0.10549199084668193,0.22754137562670437,60.305745914602,0.026212299146092022,-0.007314148630306105,True,0.7930407953791754,,0.532,India,True,True,52.96064195429966,48.71507312807362,46.270993452889265,49.381104096416905,58.80642957182998,11.649659863945578,66.65268456375838,47.64529058116233,50.0,,50.0,40.783037025856274,standard,776,26119614,False,36.9,False,27.936241610738254,11.493288590604028,37.835570469798654,50.041946308724825,50.041946308724825,50.041946308724825,3,SVAG,-8,NEDTREND,True,1,0.14285714285714285,LÅG,EJ AKTUELL,-8.2
NU,Nu Holdings Ltd.,Financial Services,Banks - Regional,Brazil,USD,51749142401.51697,3.202368999999999,-1.019287499999999,0.8116,2.4253643,8.64448,7.416,,0.16557250299999998,0.028840002999999996,0.16446998999999998,0.10764250999999997,-0.45206,0.373,0.42600000000000005,0.565,,,,,15906660352.0,6147460096.0,56314912768.0,74893877000.0,,10626855000.0,,,,,2868892000.0,3500464000.0,,0.0,,,,,0.949,18.979999542236328,11.199999809265137,13.59000015258789,17.93636,1.63636,22.0,2.44,0.0394,0.0182,0.88977,False,False,,0.766,64105627.0,117586850.0,1.3610588829561745,6.84,-11.92,-18.33,,-0.28398311483907224,0.36692542726087257,57.34265710947379,0.0488862922512423,-0.10396095927141269,True,0.6164156477699732,,0.498,US,True,True,,66.81112316848134,21.377739823512666,67.60399648479417,39.9402220324509,52.04081632653062,11.703020134228188,,50.0,55.25812619502868,76.6,40.73771451281564,standard,780,1598005309,False,39.6,False,27.936241610738254,52.68456375838926,14.429530201342283,50.041946308724825,50.041946308724825,50.041946308724825,3,SVAG,-8,NEDTREND,True,2,0.2857142857142857,LÅG,EJ AKTUELL,-3.9
SSE.L,SSE plc,Utilities,Utilities - Diversified,United Kingdom,GBp,38945527653828.59,8.137199999999998,-0.9888870000000001,0.8079,0.7257326800000004,2.9463098,3.867,5.65125,-0.0022099949999999993,0.005194999500000002,0.0012849985000000022,-0.040182499999999996,-0.023945019999999984,-0.1,0.21800000000000003,0.374,-109.75750000000002,0.48750000000000004,0.695,-2904500096.0,1542899968.0,10170399744.0,39386869760.0,35353600000.0,,10186500000.0,,,1992900000.0,,1208700000.0,3435200000.0,2.83,0.611,0.69,4.39,0.473,1784764800.0,0.59,34580.743560791016,20217.354568749673,32285.284133911133,2728.857,,14.0,,,0.00107,0.71900004,False,False,,0.5,4111077.0,3363486.0,1.2673878848433315,10.39,5.14,11.77,31.23,-0.06637970125901405,0.2994440912690201,55.692906310996406,0.05758635148243885,0.10191810930603395,True,0.7920257318406908,,0.5,UK,True,True,28.021349962494824,47.70857349761518,67.6227485329719,47.62544427594336,64.42966587687346,2.891156462585034,66.65268456375838,15.130260521042086,50.0,,50.0,40.71534173413097,standard,781,108591101190,False,37.1,False,27.936241610738254,2.5587248322147653,48.07046979865772,50.041946308724825,50.041946308724825,50.041946308724825,3,SVAG,-8,UPPTREND,False,3,0.42857142857142855,LÅG,EJ AKTUELL,-5.9
FDS,FactSet Research Systems Inc.,Financial Services,Financial Data & Stock Exchanges,United States,USD,9179110862.625092,-0.7337480000000003,0.29807249999999996,1.1666,1.7197512999999995,3.7643085,4.284,2.3987500000000006,0.135342503,0.091230013,-0.022670010000000018,-0.06924749,0.06176000000000004,0.0,-0.229,-0.147,10.263000000000005,-1.0109999999999997,0.558,-195276160.0,304236000.0,1570642048.0,10445516800.0,4304272000.0,,2321748000.0,,,748303000.0,,597040000.0,726260000.0,1.77,0.2938,4.64,1.0,1.16,1780012800.0,0.715,431.7431728184745,183.15660522687796,258.0899963378906,254.0,3.33333,16.0,5.13,0.1713,0.00426,1.08317,False,False,,0.494,938493.0,892010.0,1.3104457503890734,8.64,11.86,-11.71,,-0.40221406478058186,0.45106131139079864,63.33367667309026,0.09447217650539996,0.04552649953182364,True,0.7615492675077528,,0.681,US,True,True,47.42434589850092,60.81150969493838,37.48932536293766,36.93706214764331,41.375030672879376,81.88775510204081,66.65268456375838,34.46893787575151,50.0,9.560229445506693,49.4,40.6556266779536,standard,783,230218858,False,47.7,False,27.936241610738254,82.13087248322147,39.34563758389262,50.041946308724825,50.041946308724825,50.041946308724825,2,SVAG,-8,UPPTREND,False,2,0.2857142857142857,LÅG,EJ AKTUELL,-11.3
SY1.DE,Symrise AG,Basic Materials,Specialty Chemicals,Germany,EUR,12389394781.249908,30.2333065,7.039661499999999,3.323,1.84245625,2.5134273,2.847,8.126,-0.040215005000000026,0.011600000000000006,-0.017975005000000002,-0.04236000000000001,0.0006499999999999839,-0.129,,,19.629000000000005,0.8220000000000001,1.613,-361610192.0,1009803008.0,2630163968.0,14032196608.0,7903801000.0,,4929283000.0,,,618061000.0,,249333000.0,772295000.0,1.4,0.6742,1.25,1.07,1.25,1778112000.0,0.578,92.45999908447266,63.6344453220138,88.63999938964844,94.61667,1.94444,18.0,,,0.050240003,0.74063003,False,False,,0.5,412139.0,287909.0,1.2732899668176543,3.62,17.59,24.31,0.9,-0.04131516042233807,0.27775714601410656,54.952502661745356,0.07170146292202872,0.1899941013146167,False,0.49782796425153253,,0.5,Europe,True,True,35.80865641898322,43.9647079290301,71.43124358542451,21.57770920354813,69.20124288879889,77.46598639455783,66.65268456375838,31.362725450901802,50.0,,50.0,40.593209405893575,standard,784,29209400,False,49.4,False,27.936241610738254,77.76845637583892,55.20134228187919,50.041946308724825,50.041946308724825,50.041946308724825,3,SVAG,-8,UPPTREND,False,3,0.42857142857142855,LÅG,EJ AKTUELL,-7.2
SHOP,Shopify Inc.,Technology,Software - Application,Canada,USD,150691428471.50726,90.223455,33.312045999999995,2.5698,7.4630513,12.966052,12.516,55.39375000000001,-0.03360249999999998,0.032589999999999994,0.0009400020000000023,0.012462504999999999,0.027639999999999998,0.20000000000000004,,,-48.428,4.514499999999999,4.528,440312448.0,5743000064.0,179000000.0,154774208512.0,15189000000.0,,11556000000.0,,,1885000000.0,,1231000000.0,2033000000.0,,0.0,,,,,2.585,182.19000244140625,94.0,123.55999755859375,148.93333,1.66667,45.0,2.39,0.0175,0.0023,0.75195,False,False,,0.483,10083574.0,6987120.0,0.7622536359285182,9.12,-2.66,-21.55,,-0.32180692736786354,0.5727886601041065,61.07804644952813,0.10079056012608767,-0.08425473518418802,True,0.720394624258762,,0.752,US,True,True,38.046540007389076,54.80395583710833,25.334471961286653,77.19264795607077,36.90184334667011,32.482993197278915,11.703020134228188,50.60120240480962,50.0,84.13001912045888,48.3,48.59015176294485,standard,497,863328530,False,43.7,False,60.23489932885906,32.04697986577181,9.060402684563758,50.041946308724825,50.041946308724825,50.041946308724825,4,NEUTRAL,0,NEDTREND,True,1,0.14285714285714285,LÅG,EJ AKTUELL,4.6
207940.KS,"Samsung Biologics Co.,Ltd.",Healthcare,Biotechnology,South Korea,KRW,64622167596000.0,,16.907236,2.0787,,13.4222765,13.327,10.684999999999999,0.079089995,0.052749998500000006,0.24704500199999999,0.25977996999999997,0.19069500000000006,0.178,0.1335,0.249,-0.5272499999999996,-0.3762500000000001,0.81,1107641960448.0,1652953972736.0,1194488102912.0,64163703422976.0,11060741976830.0,,4556971695180.0,,,2069221266710.0,,1784352060590.0,2247807426550.0,,0.0,,,,,0.199,1987000.0,1228000.0,1396000.0,2052158.8,1.41667,24.0,,,0.74373,0.16076,False,False,,0.5,63986.0,46643.0,0.5127446309697826,1.9,-9.11,-25.67,,-0.2974333165576245,0.3782424054347025,55.79868708971553,0.012841906696655192,-0.13632739326592902,True,0.6016410275235646,,0.198,Asia,True,True,59.79467314517302,84.49682426285156,20.025619128949614,55.36535957597012,51.77298480263024,1.6156462585034015,11.703020134228188,69.53907815631263,50.0,,50.0,48.55600882420859,standard,498,47532948,False,42.6,False,73.5738255033557,2.5587248322147653,8.640939597315436,50.041946308724825,50.041946308724825,50.041946308724825,6,NEUTRAL,0,NEDTREND,True,1,0.14285714285714285,LÅG,EJ AKTUELL,0.1
MET,"MetLife, Inc.",Financial Services,Insurance - Life,United States,USD,60483057226.0,0.07974699999999935,-4.288133499999999,0.495,-0.6013343,0.7795816,1.067,5.132750000000001,-0.004837496999999989,-0.015029997000000003,-0.20812001000000002,-0.27547749,-0.21451001000000003,-0.037000000000000005,0.22599999999999998,0.254,110.998,0.392,1.754,-18246187264.0,27634999296.0,49491001344.0,82816057344.0,745166000000.0,,75654000000.0,,,,,3379000000.0,17092000000.0,2.53,0.4391,2.37,2.95,0.593,1785801600.0,0.778,94.86000061035156,66.81799154145124,94.0,96.0,1.94444,16.0,3.58,0.0223,0.16416,0.78431,False,False,,0.74,3504362.0,3097010.0,1.0929314294347512,7.55,22.87,21.3,,-0.009065998364095718,0.24009215362137457,75.78476213005258,0.10212624506427148,0.20048683351844931,True,0.8650591432175614,,0.692,US,True,True,22.19601213600385,21.116810813573192,87.36122971818959,56.893855829915765,55.24740290418636,48.894557823129254,66.65268456375838,5.61122244488978,50.0,77.24665391969407,74.0,40.522523980824786,standard,786,291118940,False,49.7,False,27.936241610738254,48.238255033557046,86.15771812080537,50.041946308724825,50.041946308724825,50.041946308724825,2,SVAG,-8,UPPTREND,False,2,0.2857142857142857,LÅG,EJ AKTUELL,-12.1
CNA.L,Centrica plc,Utilities,Utilities - Independent Power Producers,United Kingdom,GBp,10184940795998.883,,-0.8009959999999996,0.37,0.8972648800000005,0.40266868,0.348,-7.549749999999999,-0.11152999999999999,0.15288500949999997,-0.12106500149999999,-0.07057251000000002,-0.005624999999999991,-0.079,29.829,24.571,-90.07450000000001,0.7404999999999999,1.173,2882387584.0,4309000192.0,2856000000.0,6791485952.0,15415000000.0,,19492000000.0,,,771000000.0,,-72000000.0,695000000.0,3.2,0.16610001,0.06,8.77,0.0367,1775692800.0,0.343,2753.7499084721107,1945.6897864053947,2248.8102246517956,220.15399,2.0,13.0,,,0.00282,0.55624,False,False,,0.5,16910814.0,11906448.0,0.6372937922343249,2.53,-8.38,0.19,12.3,-0.18336439422724327,0.25871513551198605,52.59069348313687,-0.0341798473486995,-0.027975991578049864,True,0.6700273619642261,,0.5,UK,True,True,,40.023694610993715,40.85976856603389,62.77616344975171,76.34590077142185,6.717687074829932,66.65268456375838,99.04809619238478,50.0,,50.0,48.50251122194535,standard,499,26775342002,False,52.2,False,58.22147651006711,6.62751677852349,94.12751677852349,50.041946308724825,50.041946308724825,50.041946308724825,4,NEUTRAL,0,NEDTREND,True,3,0.42857142857142855,LÅG,EJ AKTUELL,-0.6
ALNY,"Alnylam Pharmaceuticals, Inc.",Healthcare,Biotechnology,United States,USD,35710608063.289215,41.961839999999995,3.365390999999999,0.5136,29.389511000000002,8.330126,8.321,30.283500000000004,0.77779004,0.039420001499999996,0.00624000999999999,0.03696500999999999,0.35621004,0.884,,,216.90324999999996,1.0967499999999997,2.885,-611723376.0,3009222912.0,2970230016.0,35671613440.0,4966331000.0,,3713937000.0,,,501578000.0,,313747000.0,524080000.0,,0.0,,,,,0.269,495.54998779296875,266.42999267578125,267.4700012207031,434.82608,1.77778,23.0,4.56,0.0579,0.00184,1.0357,False,False,,0.606,1270248.0,1904800.0,0.8449080815295528,-5.12,-16.45,-27.09,,-0.4602562651410115,0.3795167649226309,37.575377781303295,-0.09108579783153414,-0.2551730520656953,False,0.03930437475487976,,0.67,US,True,True,29.578262670592583,77.66963687938701,10.44691147167663,75.51523560332285,54.32092137120115,58.92857142857143,11.703020134228188,35.47094188376754,50.0,39.0057361376673,60.6,40.43724144811839,standard,787,509476858,False,40.7,False,27.936241610738254,59.47986577181208,15.268456375838927,50.041946308724825,50.041946308724825,50.041946308724825,2,SVAG,-8,NEDTREND,True,2,0.2857142857142857,LÅG,EJ AKTUELL,-5.8
CTT.ST,CTT Systems AB (publ),Industrials,Aerospace & Defense,Sweden,SEK,1546090204.206833,11.0030365,-7.544686500000001,0.8,2.157445475,5.5554805,5.693,6.567500000000002,-0.007430009999999987,0.04133,0.08147499999999999,-0.02195750299999999,0.25437000000000004,0.1535,0.7310000000000001,0.811,-44.06,1.0665000000000002,1.226,-851849992.0,15600000.0,36400000.0,1584419200.0,346900000.0,,264400000.0,,,55300000.0,,38600000.0,35800000.0,1.93,1.6163001,2.4,1.62,2.4,1778198400.0,0.17,264.617919921875,112.4000015258789,124.80000305175781,,,,,,0.23466,0.63245,False,False,,0.5,17291.0,5595.0,0.8183934187381177,-6.02,-12.42,-31.02,,-0.5283766001614577,0.5172261686694357,39.3442725468848,-0.0274617155456367,-0.19574107853309652,False,0.15901698017427304,,0.5,Nordic,True,True,,65.88278436248734,10.788499857671505,70.3723438552474,63.72984963480126,95.06802721088435,28.355704697986578,,50.0,,50.0,48.271536909987844,standard,503,72395,False,48.1,False,27.936241610738254,97.5251677852349,26.34228187919463,50.041946308724825,50.041946308724825,50.041946308724825,4,NEUTRAL,0,NEDTREND,True,3,0.42857142857142855,LÅG,EJ AKTUELL,-4.1
7011.T,"Mitsubishi Heavy Industries, Ltd.",Industrials,Specialty Industrial Machinery,Japan,JPY,12368930580540.0,10.703297,17.0565305,1.3679,1.5928503749999998,2.486633,2.423,4.131500000000002,0.01372499000000002,-0.0015300000000000036,0.012034999999999997,0.054622497000000006,-0.07741498000000005,0.0445,0.40099999999999997,0.652,-11.860499999999998,-0.39749999999999996,0.614,289162060800.0,1334873948160.0,876239978496.0,12051561840640.0,6658924000000.0,,,,,,,,530459000000.0,0.81,0.23889999,30.0,1.72,15.0,1790640000.0,0.362,5193.207704974735,3183.9706245833413,3681.0,5323.078,1.6875,16.0,,,0.02866,0.44647998,False,False,,0.5,23418029.0,20149830.0,1.1288355508991572,-7.23,-19.29,-17.53,,-0.2911895288775267,0.438265212103258,51.39146567717996,-0.0406667639638888,-0.13701553730806093,True,0.30309377572353835,,0.838,Japan,True,True,73.15205830655725,53.24004659004329,17.933390264731,73.7028632341306,44.253307832273606,6.037414965986394,66.65268456375838,75.85170340681363,50.0,,50.0,48.222431696684936,standard,506,456853441,False,51.1,False,77.3489932885906,5.956375838926174,55.788590604026844,50.041946308724825,50.041946308724825,50.041946308724825,4,NEUTRAL,0,NEDTREND,True,3,0.42857142857142855,LÅG,EJ AKTUELL,-3.8
CEG,Constellation Energy Corporation,Utilities,Utilities - Independent Power Producers,United States,USD,90128977852.67223,-0.5321809999999996,1.5044060000000012,3.74,0.056514329999999946,3.0176775,3.787,0.9162500000000007,0.06329499,0.008140000999999997,-0.0052649985000000135,-0.0048425000000000135,-0.21943000000000001,0.559,10.85,12.475,-88.59250000000002,0.4385000000000001,0.478,-5295312640.0,864000000.0,22466000896.0,113099759616.0,57249000000.0,,25533000000.0,,,4198000000.0,,2319000000.0,4237000000.0,0.68,0.1381,1.71,,0.427,1778803200.0,1.121,411.03669506377406,228.6300048828125,252.38999938964844,357.81332,1.52174,21.0,2.73,0.038,0.0032300001,0.84537005,False,False,,0.232,3674301.0,2780800.0,0.6416747728198605,-5.82,-15.5,-23.38,,-0.385967232559397,0.4671250198103713,41.77510951477676,-0.056367928386667154,-0.19141709968951381,True,0.4308163282620655,,0.695,US,True,True,43.29737687665835,48.949165679600796,13.620836891545688,88.20171315172757,39.597630136912024,41.3265306122449,66.65268456375838,23.146292585170343,50.0,56.50095602294455,23.200000000000003,40.19441525556312,standard,790,701846110,False,42.7,False,27.936241610738254,40.77181208053691,47.31543624161073,50.041946308724825,50.041946308724825,50.041946308724825,3,SVAG,-8,NEDTREND,True,2,0.2857142857142857,LÅG,EJ AKTUELL,-0.7
WMT,Walmart Inc.,Consumer Defensive,Discount Stores,United States,USD,909130945666.9088,14.744931750000003,18.3180825,4.374,5.73606555,1.2534463,1.352,9.119500000000002,0.06632750000000001,0.0023225039999999926,-0.053714992999999996,-0.08568999800000002,-0.2023,0.037,0.13,0.188,-31.941999999999993,-0.2865,0.187,6045812480.0,10728999936.0,75545001984.0,980591968256.0,284668000000.0,,713163000000.0,,,29825000000.0,,21893000000.0,41565000000.0,0.86,0.33540002,0.99,1.26,0.248,1787270400.0,0.603,135.16000366210938,93.64703224351997,114.23999786376953,138.58537,1.53488,41.0,3.44,0.0189,0.44851002,0.38963002,False,False,,0.43,22040282.0,19952780.0,1.209724431928185,-5.61,-8.3,-4.45,,-0.15477955927434273,0.24460940898043315,46.75904025778296,-0.04508022167562631,-0.025278520704904328,True,0.5020001248946488,,0.652,US,True,True,50.65600474692402,38.9991284173437,37.361229718189584,59.310431011936274,58.04428891657265,17.517006802721088,66.65268456375838,54.408817635270545,50.0,82.50478011472275,43.0,48.15998734138803,standard,507,2279405545,False,52.4,False,63.59060402684564,17.28187919463087,75.83892617449665,50.041946308724825,50.041946308724825,50.041946308724825,6,NEUTRAL,0,NEDTREND,True,1,0.14285714285714285,LÅG,EJ AKTUELL,0.2
ENEL.MI,Enel SpA,Utilities,Utilities - Diversified,Italy,EUR,100899747029.4183,8.674681999999999,-2.00624,0.9202,2.7316311299999994,1.295114,2.387,-2.284250000000001,0.017589984999999968,0.028079998,-0.0397900035,0.00042251000000000094,0.009689999999999976,-0.14600000000000002,-0.11299999999999999,-0.073,-9.96350000000001,0.0025000000000000577,0.415,1031569280.0,4696999936.0,70528999424.0,185965821952.0,178657000000.0,,67452000000.0,,,3571000000.0,,4225000000.0,13926000000.0,5.2,1.2763,0.52,6.16,0.26,1784505600.0,0.899,10.3100004196167,7.389752816003901,10.168000221252441,10.23182,2.34783,22.0,,,0.236,0.31823,False,False,,0.5,21998310.0,15638007.0,1.647210796838919,2.58,4.49,12.23,36.53,-0.013773054566911136,0.19512371652667748,52.623208072109215,0.032148064713750646,0.09864638559616812,False,0.6738696150203817,,0.427,Europe,True,True,,53.56906967157859,73.19432148481265,20.94553355514968,62.434580453633224,39.03061224489796,28.355704697986578,53.707414829659314,50.0,,50.0,48.02756732883555,standard,515,181992966,False,56.2,False,66.94630872483222,38.50671140939597,74.74832214765101,50.041946308724825,50.041946308724825,50.041946308724825,4,NEUTRAL,0,UPPTREND,False,2,0.2857142857142857,LÅG,EJ AKTUELL,3.5
NOC,Northrop Grumman Corporation,Industrials,Aerospace & Defense,United States,USD,74080401117.60425,-15.008478499999999,-2.746610499999999,3.8631,0.0955925750000004,1.74854,2.114,-4.603000000000001,0.13175997,0.018790003000000007,0.003979996999999992,-0.01931250300000001,-0.24688001,-0.024500000000000008,0.769,0.819,26.519000000000005,-0.23199999999999998,0.979,1255187456.0,2090000000.0,17574000640.0,89564397568.0,51377000000.0,,41954000000.0,,,4280000000.0,,4182000000.0,4757000000.0,1.81,0.2897,9.4,1.54,2.47,1780272000.0,-0.102,770.6083982498394,493.8399963378906,521.5700073242188,670.4752,1.95652,21.0,2.13,0.0166,0.00244,0.84387,False,False,,0.499,965587.0,851900.0,0.9742282902874787,-5.38,-22.13,-19.54,,-0.3231711352889769,0.2745957260440229,59.612641423659625,-0.030719355074682153,-0.1404388978764809,True,0.47393482803572223,,0.979,US,True,True,,52.98724297637225,15.257614574437802,73.84166855703214,66.13851633524848,45.49319727891156,66.65268456375838,64.92985971943888,50.0,84.79923518164436,49.9,47.98942159339123,standard,517,444325489,False,57.6,False,73.3221476510067,44.88255033557047,67.11409395973155,50.041946308724825,50.041946308724825,50.041946308724825,4,NEUTRAL,0,NEDTREND,True,3,0.42857142857142855,LÅG,EJ AKTUELL,-1.4
PRAA,"PRA Group, Inc.",Financial Services,Credit Services,United States,USD,691112922.569107,,-6.4076372,5.82,-2.1342165000000004,0.5543311,3.562,1.7647500000000003,-0.362527487,0.030230004999999997,-0.47983001000000003,-0.04638749,0.54794,0.10300000000000001,6.978,6.71,289.948,20.696,21.806,-1253737632.0,131306000.0,3814404096.0,4440476672.0,5103322000.0,,1213341000.0,,,243635000.0,,-305142000.0,-85541000.0,,0.0,,,0.333333,1178496000.0,1.102,22.549999237060547,10.25,18.1200008392334,26.0,,1.0,0.87,0.0277,0.02337,1.0143,False,False,,0.86,646966.0,296000.0,0.3004667809633458,15.78,-11.09,10.02,,-0.19645226375646696,0.5857588696461032,41.059602370166516,0.089348241895572,0.11159852638416745,False,0.5288797444553086,,0.669,US,True,True,27.217787530367996,43.62405769340836,41.21833191004839,81.64242917661676,37.161373583672066,97.70408163265306,11.703020134228188,3.6072144288577155,50.0,69.21606118546845,96.0,47.91692668110825,standard,520,5363520,False,57.9,False,27.936241610738254,97.5251677852349,91.77852348993288,50.041946308724825,50.041946308724825,50.041946308724825,4,NEUTRAL,0,UPPTREND,False,1,0.14285714285714285,LÅG,EJ AKTUELL,4.5
BBD,Banco Bradesco S.A.,Financial Services,Banks - Regional,Brazil,USD,18682318813.059685,-9.182007,-6.544756,1.9093,-1.7544606000000003,0.40820304,5.822,,-0.0013174969999999939,-0.009099996500000006,-0.0011900099999999914,-0.023817490000000024,-0.45206,0.040999999999999995,-0.20800000000000002,-0.076,,,,,353307787264.0,849051254784.0,533690744832.0,2330327216000.0,,117814239000.0,,,,,23672706000.0,-62534000000.0,4.89,0.5907,0.17,4.9,0.067,1785888000.0,0.252,4.20361142939599,2.6168371246834776,3.5399999618530273,4.4,2.16667,5.0,0.61,0.0036000002,5e-05,0.31418,False,False,,0.857,30913137.0,33183520.0,0.9475145214776814,4.43,-12.74,6.93,,-0.15786698620674278,0.3404481572535248,63.077705683882684,0.02967556650534897,0.013786342427885234,True,0.7023345102164389,,0.552,US,True,True,,35.315250138924895,40.421292342727014,39.93968390568068,67.27799527543337,70.66326530612244,66.65268456375838,,50.0,95.79349904397706,95.7,39.90637314082039,standard,794,117469660,False,54.3,False,27.936241610738254,71.05704697986577,94.04362416107382,50.041946308724825,50.041946308724825,50.041946308724825,0,SVAG,-8,UPPTREND,False,2,0.2857142857142857,LÅG,EJ AKTUELL,-3.6
5801.T,"Furukawa Electric Co., Ltd.",Industrials,Electrical Equipment & Parts,Japan,JPY,2294810639100.0,7.137217000000003,-11.665601500000001,0.38,3.0901800749999997,1.7550328,1.967,10.194500000000001,0.07566500000000001,-0.0011900000000000036,0.0007250000000000034,0.018442497000000002,-0.11931499000000004,0.05349999999999999,1.0999999999999999,1.176,36.673500000000004,-0.37549999999999994,0.776,-24966938112.0,70971998208.0,329362997248.0,2571380457472.0,1066372000000.0,,1307560000000.0,,,63857000000.0,,72514000000.0,28116000000.0,0.67,0.2038,22.0,2.21,11.0,1790640000.0,1.167,6241.0,739.3393212637834,3262.0,6513.3335,1.77778,9.0,,,0.05014,0.4942,False,False,,0.5,39506319.0,17890140.0,0.9037209752340518,-29.64,-26.27,229.62,,-0.4773273513859958,0.8730101927058346,28.470413100111642,-0.3014959378841022,0.25608890861666334,False,0.17532589517820169,,0.506,Japan,True,True,39.94251071976355,52.080131136359014,37.58895530885283,71.38998673062015,27.419126262611364,13.180272108843539,66.65268456375838,40.3807615230461,50.0,,50.0,39.870482253628246,standard,795,359449093,False,41.5,False,27.936241610738254,13.003355704697986,67.03020134228188,50.041946308724825,50.041946308724825,50.041946308724825,3,SVAG,-8,VARNING,False,2,0.2857142857142857,LÅG,EJ AKTUELL,-1.2
BHARTIARTL.NS,Bharti Airtel Limited,Communication Services,Telecom Services,India,INR,11906230831316.545,19.608071000000002,4.3522745,,2.81802995,5.6444955,6.512,-2.8935000000000013,8.99949999999955e-05,0.016589999499999994,-0.004715000000000025,0.13196,0.26231001,0.096,-0.41000000000000003,-0.335,66.337,-0.5234999999999999,0.282,490802440192.0,307217989632.0,1954117058560.0,13739414781952.0,5521516000000.0,,2109728000000.0,,,678271000000.0,,266952000000.0,1222296000000.0,1.25,0.36060002,24.0,0.8,24.0,1784851200.0,0.016,2174.5,1740.5,1908.800048828125,2294.879,1.48485,33.0,,,0.53131,0.33828,False,False,,0.5,8595900.0,6221242.0,0.7762588320578045,1.81,2.9,-5.62,,-0.12218898651270405,0.19447166520307607,62.81712978049066,0.02401458331711992,-0.021221542516820513,True,0.6026509791405678,,0.59,India,True,True,,65.96373861832535,49.01793339026472,37.06422339361413,61.91603765344932,6.292517006802721,66.65268456375838,86.07214428857716,50.0,,50.0,47.85801622923327,standard,521,123339290,False,49.0,False,87.08053691275168,6.208053691275168,25.419463087248324,50.041946308724825,50.041946308724825,50.041946308724825,6,NEUTRAL,0,NEDTREND,True,3,0.42857142857142855,LÅG,EJ AKTUELL,-0.4
WIHL.ST,Wihlborgs Fastigheter AB (publ),Real Estate,Real Estate Services,Sweden,SEK,23979299136.0,-17.728236,-10.921975,1.97,-0.8208096500000002,5.1903243,12.797,-1.790499999999998,0.023095000000000004,0.002809996999999998,0.24969000700000005,0.35749,0.295,0.012500000000000004,-0.529,-0.334,75.2805,-0.4235,0.447,516249984.0,828000000.0,35970998272.0,59122307072.0,65897000000.0,,4354000000.0,,,3020000000.0,,2220000000.0,2181000000.0,4.22,0.4641,3.3,3.39,3.3,1776902400.0,1.189,96.60263494020887,72.21143341064453,78.0,94.14286,1.71429,7.0,,,0.11685,0.5148,False,False,,0.5,509206.0,625240.0,0.6579507624910088,-0.7,-10.67,-13.44,,-0.19256860800663222,0.4382626302724262,58.27339590537351,-0.031043857654215357,-0.08796110177136385,True,0.54172029334838,,0.0,Nordic,True,True,,78.1251561632751,29.718189581554228,18.725129345918685,27.020513847806992,66.41156462585033,66.65268456375838,58.517034068136276,50.0,,50.0,47.830555770540634,standard,522,5056331,False,56.0,False,76.51006711409396,66.86241610738254,28.691275167785236,50.041946308724825,50.041946308724825,50.041946308724825,6,NEUTRAL,0,NEDTREND,True,2,0.2857142857142857,LÅG,EJ AKTUELL,-0.2
HM-B.ST,H & M Hennes & Mauritz AB (publ),Consumer Cyclical,Apparel Manufacturing,Sweden,SEK,230694661922.13208,-1.1867487500000014,2.740081,2.5885,4.771361274999999,1.190373,1.454,-3.5239999999999974,0.19625,0.002590000000000002,0.007654996999999997,0.031075005000000003,0.11928,-0.106,-0.09999999999999999,0.002,166.126,-0.44300000000000006,0.525,21447124352.0,18697000960.0,76790996992.0,320759169024.0,170273000000.0,,228285000000.0,,,18529000000.0,,12158000000.0,31120000000.0,4.34,0.90489995,7.1,4.91,3.55,1793750400.0,1.002,190.12972139864354,122.30077971942293,164.5500030517578,155.01923,3.73077,26.0,,,0.70359004,0.20558001,False,False,,0.5,2422809.0,1859346.0,0.7637455385355599,-0.99,-4.32,-6.24,,-0.1345382413581353,0.26515686934130334,47.49163828395234,-0.003071644713406596,-0.038568653469660985,False,0.4028356509215836,,0.99,Nordic,True,True,,65.56151153804817,41.07600341588386,43.3851885041103,36.204109481285876,26.360544217687078,66.65268456375838,94.68937875751503,50.0,,50.0,47.826352959256006,standard,523,31721395,False,62.3,False,97.5251677852349,26.006711409395972,76.84563758389261,50.041946308724825,50.041946308724825,50.041946308724825,4,NEUTRAL,0,NEDTREND,True,2,0.2857142857142857,LÅG,EJ AKTUELL,7.5
0883.HK,CNOOC Limited,Energy,Oil & Gas E&P,Hong Kong,HKD,1011947723933.3207,-4.4643981,-1.6800818,0.16,0.2741260500000001,2.6503713,2.173,-3.9667499999999984,0.0600574975,0.06289749575,0.172385005,0.26026252000000005,0.40614496,0.03749999999999999,-0.22000000000000003,0.071,-5.140000000000002,1.9244999999999997,3.027,56341391360.0,266312007680.0,69351997440.0,885394571264.0,1098559000000.0,,398220000000.0,,,173402000000.0,,122082000000.0,209042000000.0,5.63,0.4945,1.28,7.01,0.55,1781136000.0,0.302,30.313371311720044,17.18302688570223,22.719999313354492,32.88607,1.625,15.0,,,0.66305,0.03115,False,False,,0.5,92468727.0,65290655.0,0.7680972059537208,-3.65,-11.44,12.28,,-0.25049579343323414,0.29791931911648445,73.13432056848498,-0.06190777273833781,-0.01909273330781236,True,0.811508367563686,,0.265,Asia,True,True,,86.81810081280908,39.183034443495586,35.08094601760977,77.30489296948377,17.17687074829932,66.65268456375838,93.88777555110221,50.0,,50.0,55.817135221722566,commodity,255,189216874,False,56.0,False,91.77852348993288,16.946308724832214,53.355704697986575,50.041946308724825,50.041946308724825,50.041946308724825,7,STARK,8,NEDTREND,True,3,0.42857142857142855,LÅG,EJ AKTUELL,4.8
HON,Honeywell International Inc.,Industrials,Conglomerates,United States,USD,71292313659.8091,-13.178468499999997,2.986555499999998,8.4502,1.0131655750000004,1.8930514,2.595,-5.397000000000001,0.08927999,0.004700003000000001,0.004870002999999991,0.07379749699999999,-0.08281,-0.044500000000000005,-0.499,-0.433,181.224,0.001000000000000112,0.926,2120437504.0,12389999616.0,37751001088.0,97730314240.0,73681000000.0,,37442000000.0,,,6567000000.0,,4729000000.0,6408000000.0,4.21,0.74120003,9.52,2.06,1.248034,1778803200.0,0.93,258.86052564083326,193.83495247191826,225.02000427246094,246.25,2.0,16.0,3.42,0.0367,0.00048000002,0.82495004,False,False,,0.576,4713225.0,3624780.0,0.7486622427250572,-6.51,-5.95,1.77,,-0.13072878255422282,0.2587457790790071,33.94366555033116,-0.026485745631385726,0.004631259520078812,False,0.358650325960226,,0.898,US,True,True,,59.08156006913366,44.03643609450612,32.24909832960853,44.82457822815108,46.1734693877551,66.65268456375838,73.94789579158316,50.0,57.55258126195029,57.599999999999994,39.79325530678899,standard,797,815648011,False,59.3,False,81.04026845637584,45.553691275167786,64.26174496644296,50.041946308724825,50.041946308724825,50.041946308724825,3,SVAG,-8,VARNING,False,1,0.14285714285714285,LÅG,EJ AKTUELL,-0.7
MAA,"Mid-America Apartment Communities, Inc.",Real Estate,REIT - Residential,United States,USD,15474524055.312103,7.5205800000000025,16.362771,7.03,0.436709,7.167504,9.592,-1.5109999999999992,-0.0005949999999999983,0.004819999999999998,-0.08371498999999999,-0.11950499999999997,0.13290999999999997,-0.0475,-0.51,-0.315,7.798500000000001,-0.6499999999999999,0.044,92644992.0,71529000.0,5680351232.0,21233027072.0,11975383000.0,,2209126000.0,,,619438000.0,,446909000.0,1078175000.0,4.6,1.8409,6.12,3.5,1.53,1784073600.0,0.728,146.95411708994604,117.48296125287948,132.9600067138672,142.0,2.53846,25.0,3.04,0.028900001,0.00461,0.96983004,False,False,,0.499,984974.0,1041610.0,0.9342771423213951,-1.42,9.26,1.05,,-0.09522775307828557,0.1957195331663253,35.946641671077856,0.0032840385680852346,0.03007795213017772,False,0.31257499490017543,,0.941,US,True,True,,42.05673456683202,59.52177625960718,34.07896598417801,60.98804114692484,73.9795918367347,28.355704697986578,52.104208416833664,50.0,66.82600382409177,49.9,39.754777386860326,standard,799,138492473,False,52.1,False,62.5,74.32885906040269,18.70805369127517,50.041946308724825,50.041946308724825,50.041946308724825,3,SVAG,-8,UPPTREND,False,1,0.14285714285714285,LÅG,EJ AKTUELL,-4.7
MDGL,"Madrigal Pharmaceuticals, Inc.",Healthcare,Biotechnology,United States,USD,12760845693.01416,,28.111969,,19.667990000000003,11.267955,10.857,-53.331500000000005,-0.6192499999999999,-0.2374099985,-0.39249999999999996,-0.491015,0.47863999999999995,1.188,,,4.608250000000003,1.46475,2.957,-972841008.0,812771008.0,347311008.0,12295386112.0,1259589000.0,,958403000.0,,,-300097000.0,,-288284000.0,-189553000.0,,0.0,,,,,-1.056,615.0,286.44000244140625,553.47998046875,678.7143,1.4,14.0,8.54,0.17989999,0.056799997,1.0699401,False,False,,0.448,330600.0,325110.0,1.1852067886347575,10.43,5.47,9.55,,-0.10003255208333328,0.4393028079830433,62.433756813903486,0.07595648752409168,0.10095217231365128,True,0.8079594211250072,,0.492,US,True,True,,21.258976357404787,61.48590947907771,59.94288848735158,74.88762583362322,76.87074829931973,11.703020134228188,14.32865731462926,50.0,8.795411089866157,44.800000000000004,39.66377518107186,standard,801,179941876,False,42.6,False,27.936241610738254,77.18120805369128,9.983221476510067,50.041946308724825,50.041946308724825,50.041946308724825,3,SVAG,-8,UPPTREND,False,2,0.2857142857142857,LÅG,EJ AKTUELL,-3.9
ZS,"Zscaler, Inc.",Technology,Software - Infrastructure,United States,USD,24246726573.298645,,13.125772999999997,1.5951,4.8509133,7.64022,7.114,-387.99825,-0.183812502,-0.07717,-0.131159997,-0.17739749499999996,0.31531,0.11100000000000002,,,29.078999999999994,0.1795,1.718,292381056.0,3539107072.0,1868162944.0,22575781888.0,6419888000.0,,2673115000.0,,,-127144000.0,,-41478000.0,972453000.0,,0.0,,,,,0.958,336.989990234375,114.625,149.94000244140625,192.57614,1.52174,44.0,1.68,0.0787,0.34958,0.57318,False,False,,0.622,4532690.0,2710070.0,0.7186661063032309,17.85,11.62,-30.02,,-0.5550609608993915,0.6041236799882167,65.12663570520868,0.04392653510274025,-0.24250680292139803,True,0.7506674644392451,,0.972,US,True,True,,25.087757020876847,28.77882152006832,84.55745177641151,42.7529319226686,65.98639455782312,11.703020134228188,63.92785571142284,50.0,27.724665391969406,62.2,47.50412669240745,standard,533,406347902,False,52.2,False,68.8758389261745,66.44295302013423,16.69463087248322,50.041946308724825,50.041946308724825,50.041946308724825,5,NEUTRAL,0,NEDTREND,True,1,0.14285714285714285,LÅG,EJ AKTUELL,-0.3
GGG,Graco Inc.,Industrials,Specialty Industrial Machinery,United States,USD,12379565714.636383,-6.4035604999999975,2.0268765,2.5864,0.27961157499999967,5.5057883,5.213,-0.5999999999999988,0.04442999,0.065280003,0.12557000299999999,0.11886749700000002,0.07099999999999995,-0.04650000000000001,-0.108,-0.045,-74.234,2.172,2.502,-299253248.0,712171008.0,52890000.0,11720285184.0,3274270000.0,,2236604000.0,,,610736000.0,,521839000.0,683591000.0,1.55,0.366,1.18,1.19,0.295,1784505600.0,0.921,95.36779557818905,72.51000213623047,74.58999633789062,90.28571,2.63636,7.0,4.58,0.048600003,0.00737,0.92294997,False,False,,0.253,1420479.0,1177850.0,0.8718339587242027,-2.2,-12.16,-13.37,,-0.21787018473404218,0.19721140956891473,41.2773902064375,-0.01032535115003208,-0.09455592160120263,True,0.4271465714355177,,0.28,US,True,True,,76.5787145669606,27.21320808425847,25.307357925357966,74.08475751770519,77.55102040816327,66.65268456375838,31.563126252505008,50.0,47.22753346080306,25.3,39.49406720910169,standard,806,87855827,False,45.2,False,27.936241610738254,77.85234899328859,26.76174496644295,50.041946308724825,50.041946308724825,50.041946308724825,3,SVAG,-8,NEDTREND,True,3,0.42857142857142855,LÅG,EJ AKTUELL,-0.2
SHOP.TO,Shopify Inc.,Technology,Software - Application,Canada,CAD,211268015750.1377,88.68866299999999,33.2349715,2.4295,8.040247899999999,18.178288,17.728,86.12425,-0.01851750499999999,0.03639499699999999,0.022214999000000006,0.014567504999999994,0.09176000000000001,0.20000000000000004,,,-31.09349999999999,4.528499999999999,4.528,517574976.0,5743000064.0,179000000.0,219228700672.0,15189000000.0,,11556000000.0,,,1885000000.0,,1231000000.0,2033000000.0,,0.0,,,,,2.585,253.10000610351562,129.00999450683594,173.22999572753906,186.83614,1.68,4.0,2.56,0.0042,0.0023,0.75195,False,False,,0.5,2030795.0,1910720.0,0.7790900879673264,13.44,-3.49,-20.18,,-0.31556700296289386,0.5596701302695998,59.83799443554425,0.10303432115355604,-0.07239801283189207,True,0.6789818962850007,,0.583,Canada,True,True,36.801983855980104,60.58034922065694,25.24907486478793,68.15321842586944,37.41823298015993,27.040816326530614,11.703020134228188,50.1002004008016,50.0,95.60229445506691,50.0,47.457177346181425,standard,535,236087040,False,42.3,False,59.81543624161074,26.677852348993287,5.453020134228188,50.041946308724825,50.041946308724825,50.041946308724825,4,NEUTRAL,0,NEDTREND,True,2,0.2857142857142857,LÅG,EJ AKTUELL,2.2
METSO.HE,Metso Oyj,Industrials,Farm & Heavy Construction Machinery,Finland,EUR,12628730249.75,-0.4077894999999998,-1.6227505000000022,1.3762,0.8486781750000003,2.3918052,2.61,-2.3724999999999996,0.02045999000000001,0.007350000000000002,0.013245,0.027372496999999996,-0.09669,-0.035500000000000004,-0.009999999999999995,0.051,-2.4540000000000006,-0.008499999999999952,0.781,-311000000.0,416000000.0,1552000000.0,13778729984.0,7215000000.0,,5240000000.0,,,725000000.0,,423000000.0,779000000.0,2.61,0.65519994,0.4,2.83,0.2,1792627200.0,1.2,17.67024076681784,9.925441169832201,15.25,17.06842,2.26316,19.0,,,0.16879,0.46917,False,False,,0.5,1153339.0,1049208.0,0.9605024647974465,-1.68,-4.11,-4.88,,-0.13696705091662942,0.35368981359146756,56.28571000391006,-0.008181692979424393,0.025974985751011204,True,0.5378076539343655,,0.325,Nordic,True,True,,54.537788144674415,41.90150868203815,34.009833378891436,38.674843243057104,77.12585034013605,66.65268456375838,33.06613226452906,50.0,,50.0,39.40539789830948,standard,807,18313405,False,49.7,False,27.936241610738254,77.43288590604027,56.963087248322154,50.041946308724825,50.041946308724825,50.041946308724825,3,SVAG,-8,VARNING,False,1,0.14285714285714285,LÅG,EJ AKTUELL,-8.8
III.L,3i Group Ord,Financial Services,Asset Management,United Kingdom,GBp,33569973899936.938,-6.350753000000003,-4.363690500000001,,-0.9437350799999997,4.634543,4.81,0.6027500000000003,0.054307483,0.0970450015,0.7084600169999999,0.5488625600000001,0.605545,-0.398,-0.483,-0.329,-79.685,5.079,5.681,2744512384.0,635000000.0,1260999936.0,26846834688.0,32338000000.0,,5428000000.0,,,,,5294000000.0,,3.2,0.1467,0.85,2.6,0.48,1781740800.0,1.122,56501.03146082742,23009.00105394267,33427.20736694336,3352.2,1.90909,10.0,,,0.020599999,0.78992,False,False,,0.5,2991148.0,2419469.0,1.4675805868726077,17.71,-7.52,-19.31,-41.03,-0.4083788118077333,0.4526727807754905,62.46907025877753,0.10735836731988768,-0.1301382441759501,False,0.5742683116835215,,0.5,UK,True,True,95.73129499221906,92.18541420587928,15.717374783569287,13.26824460266088,50.62752295945695,3.316326530612245,66.65268456375838,97.09418837675351,50.0,,50.0,47.392238008553335,holding,541,80876091981,False,42.2,False,57.88590604026845,2.5587248322147653,32.04697986577181,50.041946308724825,50.041946308724825,50.041946308724825,4,NEUTRAL,0,NEDTREND,True,3,0.42857142857142855,LÅG,EJ AKTUELL,5.5
FABG.ST,Fabege AB (publ),Real Estate,Real Estate Services,Sweden,SEK,23373079192.81311,25.534878000000003,-6.802976000000001,5.07,-1.1577783,5.893363,15.0,3.3885000000000005,-0.05806500099999999,-0.008710003000000008,-0.11501999699999997,0.2415200000000001,0.23848004000000006,0.08450000000000002,,,23.448499999999992,-0.7855000000000001,0.003,898125056.0,28000000.0,36145999872.0,59491078144.0,83089000000.0,,3760000000.0,,,2491000000.0,,-348000000.0,1744000000.0,2.94,1.4964,2.2,2.82,0.55,1791763200.0,1.362,87.41925711822152,71.48093682604662,74.30000305175781,84.01,3.45455,10.0,,,0.39844,0.3055,False,False,,0.5,436423.0,362050.0,0.7146790096645022,-0.01,-5.62,-10.82,,-0.15007281574953069,0.23152228067079567,53.58805125159385,-0.028360131087718843,-0.055353199945578635,True,0.377441217879843,,0.163,Nordic,True,True,68.16594082018786,49.02342422010399,36.820381440364365,40.19160369831511,43.04496473338523,67.17687074829932,28.355704697986578,66.73346693386773,50.0,,50.0,47.32818191603148,standard,543,2789020,False,57.7,False,85.8221476510067,67.61744966442953,23.993288590604024,50.041946308724825,50.041946308724825,50.041946308724825,5,NEUTRAL,0,NEDTREND,True,1,0.14285714285714285,LÅG,EJ AKTUELL,-2.5
TRENT.NS,Trent Limited,Consumer Cyclical,Apparel Retail,India,INR,1515659440288.933,59.18733925,36.6480565,,17.216387525,7.5502825,7.638,35.637,0.10127,0.06381,-0.008429993000000024,-0.008275000000000005,0.009600009999999992,0.11900000000000001,0.15100000000000002,0.258,1.0245000000000033,-0.0044999999999999485,0.498,-8180936704.0,9288899584.0,25612500992.0,1533212753920.0,117285800000.0,,198501100000.0,,,23782200000.0,,17196500000.0,26676200000.0,0.14,0.1034,4.0,0.09,4.0,1781222400.0,0.331,5665.627845083876,2180.44477277369,2842.39990234375,3296.734,1.92,25.0,,,0.43422002,0.30582002,False,False,,0.5,1729256.0,1986585.0,0.44620672307486253,-10.61,-2.75,8.59,,-0.4983080463341535,0.47033485734737546,14.568065881761754,-0.02937601376486343,-0.13289353989979835,False,0.18067908835386604,,0.602,India,True,True,34.19694136877106,62.63200497855006,34.17307144890407,65.3809523622208,62.936933740050165,15.306122448979592,33.22147651006711,43.18637274549098,50.0,,50.0,47.27409287913965,standard,545,58648410,False,34.3,False,27.936241610738254,15.100671140939598,17.114093959731544,50.041946308724825,50.041946308724825,50.041946308724825,4,NEUTRAL,0,NEDTREND,True,3,0.42857142857142855,LÅG,EJ AKTUELL,0.6
LONN.SW,Lonza Group AG,Healthcare,Diagnostics & Research,Switzerland,CHF,39657552373.609314,19.068666000000004,10.950982,1.6903,2.4464042999999993,6.0722027,6.687,8.364999999999998,-0.012045005000000011,-6.0001500000000235e-05,-0.12132500700000001,0.051960000000000006,-0.01595002000000001,,,,4.553250000000003,-0.027250000000000107,0.624,-2389805696.0,719000000.0,4679000064.0,43670552576.0,17907000000.0,,6531000000.0,,,1358000000.0,,-275000000.0,1156000000.0,0.87,0.3077,5.0,0.67,5.0,1778544000.0,0.846,591.0,449.8822856236341,567.7999877929688,669.2174,1.5,23.0,,,0.00090000004,0.61309,False,False,,0.5,163769.0,147259.0,0.8991506366086237,15.5,7.93,1.69,,-0.03925551980885156,0.21963353915692604,66.66666666666666,0.09716658891266228,0.08910228029337874,False,0.5783867582457474,,0.5,Europe,True,True,27.702164104745805,44.26006804431305,64.57443780244806,31.879194630872483,68.11447518601719,57.05782312925171,66.65268456375838,20.34068136272545,50.0,,50.0,39.25719921010289,standard,809,103618182,False,41.6,False,27.936241610738254,57.63422818791947,22.818791946308725,50.041946308724825,50.041946308724825,50.041946308724825,1,SVAG,-8,UPPTREND,False,3,0.42857142857142855,LÅG,EJ AKTUELL,-6.2
SPOT,Spotify Technology S.A.,Communication Services,Internet Content & Information,Sweden,USD,98315178978.55261,10.902376000000002,11.058332,1.64,7.054356499999999,5.608716,5.277,26.791000000000004,0.20780998500000003,0.060309997500000004,0.033225013,-0.02920500000000001,-0.12887998,0.021000000000000005,2.1540000000000004,2.204,-71.2205,0.9225000000000002,1.508,-108687488.0,6293000192.0,476000000.0,92498173952.0,15015000000.0,,17186000000.0,,,2198000000.0,,2212000000.0,2933000000.0,,0.0,,,,,1.564,748.2999877929688,405.0,478.1400146484375,599.6436,1.575,38.0,3.39,0.0399,0.23448999,0.68753,False,False,,0.403,2145500.0,1420230.0,1.0510237656100483,1.77,-10.03,-9.6,,-0.3610316417902657,0.44977884159537534,61.52085526716621,0.012143033929909341,-0.1034515261539194,True,0.6035673438248743,,0.663,US,True,True,37.710840675764935,62.55102038410282,22.914887560489607,74.05421835416118,38.21924747705771,39.455782312925166,11.703020134228188,45.89178356713427,50.0,54.684512428298284,40.300000000000004,47.23864165221382,standard,546,679068793,False,39.2,False,27.936241610738254,38.92617449664429,25.838926174496645,50.041946308724825,50.041946308724825,50.041946308724825,4,NEUTRAL,0,NEDTREND,True,2,0.2857142857142857,LÅG,EJ AKTUELL,3.6
NKE,"NIKE, Inc.",Consumer Cyclical,Footwear & Accessories,United States,USD,52604373198.05669,-5.935811750000001,2.2671240000000026,1.6979,0.8258857749999993,1.399153,1.443,-1.7734999999999985,0.07282000999999999,0.0025100030000000037,-0.017120004000000008,0.016200000000000006,-0.019610000000000016,-0.08399999999999999,4.173,4.066,-4.502999999999993,0.5955000000000001,1.192,1072812544.0,9027000320.0,11043000320.0,66933903360.0,38410000000.0,,46398000000.0,,,3797000000.0,,3108000000.0,2868000000.0,3.68,0.77620006,1.64,1.59,0.41,1780272000.0,1.128,78.02881101869576,40.0,43.7599983215332,51.29706,2.48718,34.0,2.8,0.0764,0.017,0.82036,False,False,,0.595,22976712.0,17673010.0,0.5452197478106577,-2.84,-3.39,-32.22,,-0.43918153115202185,0.3575656446767099,63.30679909836892,0.0059712211062012965,-0.20728508195422823,True,0.6715131178210544,,0.847,US,True,True,,54.342131860115614,18.218047253060064,71.64742019555959,46.8407362499351,51.44557823129252,66.65268456375838,67.93587174348697,50.0,28.680688336520078,59.5,47.09468130915825,standard,552,773370888,False,60.2,False,75.92281879194631,52.09731543624161,72.56711409395973,50.041946308724825,50.041946308724825,50.041946308724825,5,NEUTRAL,0,NEDTREND,True,2,0.2857142857142857,LÅG,EJ AKTUELL,7.7
THULE.ST,Thule Group AB (publ),Consumer Cyclical,Leisure,Sweden,SEK,23896937357.391907,-1.6475337500000027,-0.24750399999999928,,0.3383814749999994,2.3111157,2.717,-2.213999999999997,-0.0030200099999999896,0.0030800050000000037,0.062264997,0.085905,0.03818000000000005,-0.106,-0.0050000000000000044,0.102,-2.478999999999999,0.635,0.995,123875008.0,329000000.0,4527000064.0,28094937088.0,13742000000.0,,10429000000.0,,,1640000000.0,,1114000000.0,1132000000.0,3.75,0.78449994,8.3,3.35,4.15,1790899200.0,1.283,285.0669483365945,181.85880224701108,221.60000610351562,275.625,1.625,8.0,,,0.00132,0.75014,False,False,,0.5,296236.0,286633.0,0.6847685157211265,7.05,-4.91,-4.83,,-0.22263872610773494,0.3564817943500353,69.5946008641834,0.029516107329475183,-0.010169259902111372,True,1.0985622536363084,,0.574,Nordic,True,True,,61.5773142750906,35.35439795046969,40.14796627835784,44.50315854995054,66.49659863945578,66.65268456375838,52.30460921843687,50.0,,50.0,39.089844723829536,standard,812,6585521,False,56.7,False,61.828859060402685,66.94630872483222,57.88590604026845,50.041946308724825,50.041946308724825,50.041946308724825,3,SVAG,-8,NEDTREND,True,2,0.2857142857142857,LÅG,EJ AKTUELL,2.6
2628.HK,China Life Insurance Company Limited,Financial Services,Insurance - Life,China,HKD,197042310593.7004,-4.011310800000002,-3.2306538,0.38,0.05281039999999981,2.1878917,-3.327,-13.548750000000002,0.14220249799999998,0.015139999999999994,0.14468501199999997,-0.0031525200000000475,0.21131500000000003,-0.216,-0.457,-0.323,21.7525,4.588,6.246,64155764736.0,2176234946560.0,275873005568.0,-1138185601024.0,7591004000000.0,,605114000000.0,,,,,154078000000.0,459925000000.0,3.67,0.1345,0.97,4.87,0.7106,1782777600.0,0.87,35.230359869549844,17.886028108803536,26.479999542236328,34.96087,1.6875,15.0,,,0.0,0.50608003,False,False,,0.5,54329738.0,67470925.0,1.250312184520555,-10.6,-0.88,-12.72,,-0.248375559026764,0.4231159962533027,51.190119648594724,-0.06564304576510305,-0.03611303666330046,False,0.10479913299240903,,0.5,Asia,True,True,,72.58095405934442,34.21576999715344,14.356453569054562,59.2247274678941,28.401360544217685,66.65268456375838,,50.0,,50.0,46.92199773438306,standard,559,227895191,False,60.1,False,97.5251677852349,28.02013422818792,59.81543624161074,50.041946308724825,50.041946308724825,50.041946308724825,5,NEUTRAL,0,NEDTREND,True,2,0.2857142857142857,LÅG,EJ AKTUELL,-7.1
GLEN.L,Glencore plc,Basic Materials,Other Industrial Metals & Mining,Switzerland,GBp,78568261079421.11,241.31073050000003,0.35434550000000087,0.1987,0.4155335000000002,0.24459992,0.381,1.6325000000000003,-0.11255500019999999,-0.034774998499999994,-0.092310003,-0.190325,-0.369715,0.03799999999999999,,,52.83,-0.544,0.339,5310012288.0,2987000064.0,42125000704.0,94417477632.0,142199000000.0,,247535000000.0,,,3335000000.0,,363000000.0,5642000000.0,2.43,3.3554,0.13,3.86,0.085,1787788800.0,0.51,8875.642877812497,3528.766741077226,6704.906232355046,627.28955,1.7,20.0,,,0.13723,0.64305,False,False,,0.5,39812819.0,32697237.0,1.2056685215229805,-6.35,-1.43,10.54,,-0.24457232848832844,0.3103742534489291,55.960969251665965,-0.04809353899313251,0.12372635023848533,True,0.5658521536967472,,0.5,UK,True,True,89.87914376238511,12.526614151948866,46.000569313976655,48.15113577697471,47.061088350564944,1.3605442176870748,28.355704697986578,92.48496993987976,50.0,,50.0,46.85758794101171,standard,561,219231908142,False,52.0,False,57.80201342281879,2.5587248322147653,97.5251677852349,50.041946308724825,50.041946308724825,50.041946308724825,4,NEUTRAL,0,VARNING,False,1,0.14285714285714285,LÅG,EJ AKTUELL,-0.5
028260.KS,Samsung C&T Corporation,Industrials,Engineering & Construction,South Korea,KRW,56109983026000.0,,3.9226944999999986,,,1.3652283,1.483,-1.2214999999999998,-0.056210015,-0.010630001,-0.066304995,-0.07648750300000001,-0.16973498999999997,0.006499999999999992,0.061999999999999986,0.152,-25.530499999999996,0.07599999999999985,0.984,938984409088.0,6695283064832.0,4864112328704.0,61500798533632.0,86532745699420.0,,40742240967140.0,,,3307955495650.0,,2439114193250.0,3023741373860.0,0.81,0.17959999,2800.0,2.12,2800.0,1766966400.0,1.177,565000.0,153491.93623231133,346000.0,534166.7,1.38889,18.0,,,0.48700002,0.30415002,False,False,,0.5,702891.0,651372.0,0.8281778340261303,-29.39,16.89,28.86,,-0.38761061946902653,0.6816261406358779,24.083769633507856,-0.20027736045302202,0.14009904696966502,False,0.11117614196465368,,0.838,Asia,True,True,,26.016710537395955,60.63193851409053,59.68968122333713,29.369583544845863,2.2108843537414966,66.65268456375838,67.03406813627254,50.0,,50.0,46.79971375927743,standard,565,164523540,False,52.1,False,72.98657718120806,2.5587248322147653,73.3221476510067,50.041946308724825,50.041946308724825,50.041946308724825,5,NEUTRAL,0,VARNING,False,2,0.2857142857142857,LÅG,EJ AKTUELL,0.9
ADBE,Adobe Inc.,Technology,Software - Application,United States,USD,94306875000.0,-18.655999,-10.871789,0.6433,2.8243382999999986,3.7426333,3.8,-6.81825,0.48282747,0.13565001,0.18012000199999997,0.208642485,0.44197999999999993,-0.015999999999999986,-0.137,0.012,11.582999999999998,-0.9305,0.631,8401937152.0,5625999872.0,7077000192.0,95757877248.0,29496000000.0,,23769000000.0,,,8706000000.0,,7130000000.0,10031000000.0,,0.0,,0.12,0.0065,1111622400.0,1.433,376.1600036621094,190.1199951171875,237.25,272.47516,2.66667,33.0,2.23,0.0552,0.00232,0.89024,False,False,,0.407,6413590.0,5395470.0,1.0712542667777443,14.44,-4.4,-22.07,,-0.3692843532266846,0.3612619261622878,78.06506501365476,0.028963644996260474,-0.15852994434169787,True,0.9160056824195426,,0.86,US,True,True,,93.41142632821291,21.818958155422717,46.13189602923177,34.366576079207455,40.136054421768705,11.703020134228188,96.09218436873748,50.0,41.10898661567878,40.699999999999996,46.78808603100397,standard,566,1280075258,False,58.8,False,97.5251677852349,39.59731543624161,39.76510067114094,50.041946308724825,50.041946308724825,50.041946308724825,4,NEUTRAL,0,NEDTREND,True,1,0.14285714285714285,LÅG,EJ AKTUELL,-1.9
MNG.L,M&G plc,Financial Services,Asset Management,United Kingdom,GBp,10940660367068.615,18.361692999999995,2.6945815,,0.8945002500000001,1.148039,1.428,-0.4482499999999989,-0.040022497,-0.0110249985,-0.19883001300000003,0.06160251,0.20698499999999997,0.306,,,133.045,-0.06300000000000006,0.328,-4098737536.0,4904000000.0,6912000000.0,10489560064.0,190601000000.0,,21713000000.0,,,,,302000000.0,953000000.0,5.81,1.6423,0.21,8.92,0.138,1773878400.0,0.941,4598.836213828123,3124.976904160443,4592.34801364044,310.726,2.3,10.0,,,0.17502001,0.52603,False,False,,0.5,5651382.0,4250038.0,0.5959728540520997,10.82,22.66,24.47,36.38,-0.0014108352387445233,0.20221897843086842,80.7343098454404,0.11112623701946256,0.24124311809692656,True,0.892683228555198,,0.5,UK,True,True,,43.373328816181655,86.12679118451257,62.18085605669498,49.284437437923415,6.462585034013606,28.355704697986578,1.0521042084168337,50.0,,50.0,38.75758031642465,holding,823,19517653567,False,42.1,False,27.936241610738254,6.375838926174497,77.43288590604027,50.041946308724825,50.041946308724825,50.041946308724825,2,SVAG,-8,UPPTREND,False,2,0.2857142857142857,LÅG,EJ AKTUELL,-3.2
LSEG.L,London Stock Exchange Group plc,Financial Services,Financial Data & Stock Exchanges,United Kingdom,GBp,56726042558968.875,26.751886,7.9737504999999995,0.8793,0.4978723500000002,4.6773777,5.898,12.02175,-0.07282249699999999,-0.017694998600000005,-0.10631001300000001,-0.17442749000000002,0.48645503999999995,-0.018000000000000002,0.671,0.77,-30.795,-0.481,0.008,1407762432.0,4079000064.0,11742999552.0,55127310336.0,796704000000.0,,9346000000.0,,,2170000000.0,,1249000000.0,3622000000.0,1.65,0.5738,1.5,1.27,1.03,1776297600.0,0.394,140465.25157378963,81386.88170245243,116502.12257003784,12076.667,1.46667,15.0,,,0.04937,0.70611,False,False,,0.5,1484513.0,990875.0,1.2503587135951468,10.46,-0.92,2.91,-17.66,-0.17059827064178512,0.33358625627535626,79.19526500700643,0.030964826454306982,0.06090754308484203,True,0.7458735170172126,,0.5,UK,True,True,64.39907748457809,33.76784297314346,39.58106456490572,59.54640164315869,49.00206207976095,2.0408163265306123,66.65268456375838,77.15430861723446,50.0,,50.0,46.65951261605413,standard,571,115439040702,False,41.9,False,56.963087248322154,2.5587248322147653,31.45973154362416,50.041946308724825,50.041946308724825,50.041946308724825,5,NEUTRAL,0,UPPTREND,False,2,0.2857142857142857,LÅG,EJ AKTUELL,-1.4
NOW,"ServiceNow, Inc.",Technology,Software - Application,United States,USD,106472235716.88843,29.707185000000003,1.0670379999999984,0.9093,3.6840502999999987,7.626951,7.43,19.25375,0.013987500000000028,-0.007049998000000002,0.019090002000000002,-0.01121749499999998,0.31355999999999995,0.07800000000000001,-0.193,0.02,-29.131999999999998,-0.8365,0.691,4291687680.0,5182000128.0,2431000064.0,103721238528.0,26038000000.0,,13278000000.0,,,1824000000.0,,1748000000.0,5444000000.0,,0.0,,,,,0.959,210.1999969482422,81.23999786376953,103.23999786376953,141.64413,1.41667,46.0,2.13,0.060300004,0.00166,0.88626,False,False,,0.72,28110638.0,16937600.0,0.76571524834072,1.88,7.05,-23.3,,-0.5088487185411785,0.5249446360425324,58.03805533660553,-0.001000573905898916,-0.19847211358253591,False,0.5326896486861935,,0.937,US,True,True,69.01456544373663,57.57245516169701,28.152576145744376,55.20548846090141,20.869898099862954,38.01020408163265,11.703020134228188,88.37675350701403,50.0,37.09369024856596,72.0,46.61108757330385,standard,573,1748637788,False,52.3,False,86.57718120805369,37.5,16.86241610738255,50.041946308724825,50.041946308724825,50.041946308724825,4,NEUTRAL,0,NEDTREND,True,1,0.14285714285714285,LÅG,EJ AKTUELL,-2.8
AQ.ST,AQ Group AB (publ),Industrials,Electrical Equipment & Parts,Sweden,SEK,18768529393.892517,-0.06026650000000089,-6.873015500000001,,0.3597206749999997,2.0017629,,,-0.007630009999999993,0.02425,0.006975000000000002,-0.035067503,0.09103,-0.1995,-0.083,-0.003,,1.0614999999999999,1.667,-524249984.0,,,,6909000000.0,,9071000000.0,,,851000000.0,,676000000.0,921000000.0,0.86,0.2347,1.8,1.47,1.8,1776988800.0,,244.8000030517578,164.70940461029144,204.60000610351562,217.5,3.0,2.0,,,0.39154,0.46892,False,False,,0.5,108884.0,124413.0,1.7008814032992583,-11.12,-6.64,8.99,,-0.16421567176101193,0.3376444380381475,41.708546855683906,-0.09355116019769705,0.03233814701733384,False,0.14943148164980236,,0.315,Nordic,True,True,,55.15148436990222,45.01850270424139,21.39096695550282,63.44438338456639,70.578231292517,66.65268456375838,,50.0,,50.0,38.601463986521566,standard,825,2639159,False,49.5,False,27.936241610738254,70.9731543624161,62.08053691275168,50.041946308724825,50.041946308724825,50.041946308724825,2,SVAG,-8,VARNING,False,2,0.2857142857142857,LÅG,EJ AKTUELL,-2.8
PYPL,"PayPal Holdings, Inc.",Financial Services,Credit Services,United States,USD,49891887895.467545,-7.420374000000001,-2.993598499999999,1.0224,-0.30416580000000026,1.4789792,1.548,-0.8562500000000002,0.11622252300000002,0.027820002999999996,-0.10480001000000003,-0.19496750000000002,-0.04276998000000004,0.007999999999999993,-0.195,-0.135,-8.741,-0.43499999999999994,0.216,3267062528.0,9342000128.0,11669999616.0,52219887616.0,80173000000.0,,33172000000.0,,,6396000000.0,,5233000000.0,6416000000.0,0.99,0.0525,0.56,,0.14,1780531200.0,1.332,78.81740177861842,38.21792598197543,56.560001373291016,51.72394,2.88372,33.0,3.17,0.0694,0.00679,0.80433,False,False,,0.688,16869319.0,22541440.0,0.971976927805528,29.58,13.93,-1.29,,-0.2823919579059937,0.4280611762325771,83.03713812010106,0.26663701044358423,0.07610314302089205,True,1.057435553323428,,0.734,US,True,True,,45.620761820083274,48.078565328778815,40.43007044496005,22.927293051579394,52.721088435374156,66.65268456375838,93.5871743486974,50.0,32.69598470363289,68.8,46.556458422106786,standard,576,1274943877,False,64.5,False,93.12080536912751,53.355704697986575,71.30872483221476,50.041946308724825,50.041946308724825,50.041946308724825,4,NEUTRAL,0,UPPTREND,False,1,0.14285714285714285,LÅG,EJ AKTUELL,-4.5
2800.HK,Tracker Fund Of Hong Kong,Unknown,Unknown,Unknown,HKD,78836629154.98242,,,,0.5582668499999996,,,,,,,,,,,,,,,,,,,,,,,,,,,,3.18,,,,,,,28.11288681640194,22.920000076293945,24.979999542236328,,,,,,,,False,False,,0.5,750524124.0,798339335.0,0.9965958107742945,0.48,-4.1,-4.39,,-0.11143954353125296,0.19015503229934722,74.86911935865115,-0.004019029536562968,-0.034717540515311396,True,0.8051868837125866,,0.5,Asia,True,True,,,44.463421576999714,31.879194630872483,94.53458582408199,44.13265306122449,66.65268456375838,,50.0,,50.0,38.43930314357708,standard,826,2543785443,False,43.5,False,27.936241610738254,43.54026845637584,50.041946308724825,50.041946308724825,50.041946308724825,50.041946308724825,1,SVAG,-8,NEDTREND,True,2,0.2857142857142857,LÅG,EJ AKTUELL,-14.3
SPX.L,Spirax Group plc,Industrials,Specialty Industrial Machinery,United Kingdom,GBp,6664930089445.807,7.1283505,3.6154174999999995,1.4574,0.9981649250000006,3.0161452,3.399,3.0170000000000003,-0.020285009999999992,0.0166750015,0.006739999999999989,0.0005074870000000009,0.37006505,-0.01750000000000001,-0.07200000000000001,0.008,-9.141999999999996,0.681,1.341,-452325024.0,369000000.0,1023900032.0,5787813376.0,2661100000.0,,1702900000.0,,,265400000.0,,163400000.0,296200000.0,2.45,0.7523,1.7,1.73,1.211,1776902400.0,1.147,97881.24243157587,74909.90509986877,90315.74661254883,8118.824,2.23529,17.0,,,0.0055,1.0937,False,False,,0.5,190127.0,168492.0,1.0319363343578116,0.42,-5.16,1.97,11.42,-0.07729260102430469,0.29304559539717057,59.263382721044806,0.035607579167892256,0.02722273853221502,True,0.8871988937438465,,0.5,UK,True,True,32.237379787507976,60.58939232693187,49.77583262169086,37.12478626135223,53.437221250556,8.333333333333332,66.65268456375838,14.529058116232466,50.0,,50.0,38.387688200505124,standard,828,15217480778,False,37.8,False,27.936241610738254,8.221476510067115,47.399328859060404,50.041946308724825,50.041946308724825,50.041946308724825,2,SVAG,-8,UPPTREND,False,2,0.2857142857142857,LÅG,EJ AKTUELL,-7.1
EQTL3.SA,Equatorial S.A.,Utilities,Utilities - Regulated Electric,Brazil,BRL,49569184567.5,30.194511499999997,11.208407000000001,3.0,1.10099693,0.9275668,1.862,1.1227500000000008,-0.038704995,0.005019995999999995,-0.0630000015,-0.022737500000000035,-0.07800999999999997,0.040999999999999995,-0.3,-0.237,32.9915,0.5175000000000001,1.52,2425502080.0,10733063168.0,58052804608.0,99495100416.0,109603944000.0,,49253121000.0,,,10825603000.0,,1678352000.0,3973867000.0,5.95,2.4276,2.37,2.27,0.133293,1767052800.0,0.039,46.31999969482422,31.802247732915955,39.5,50.87571,1.35714,14.0,,,0.0,1.0118699,False,False,,0.5,8223321.0,6618600.0,0.9592144293642588,7.16,-12.73,5.08,,-0.14723660923482873,0.2511906318836874,48.46152604682986,0.014073805941522188,0.004886887918789107,True,0.5439236487741994,,0.335,LatAm,True,True,79.91306635617605,38.25752335809608,40.3358952462283,27.591062735029414,75.00946396851222,52.976190476190474,28.355704697986578,76.25250501002004,50.0,,50.0,46.36790461211019,standard,581,51153383,False,65.4,False,90.01677852348993,53.60738255033557,82.38255033557047,50.041946308724825,50.041946308724825,50.041946308724825,4,NEUTRAL,0,UPPTREND,False,2,0.2857142857142857,LÅG,EJ AKTUELL,2.5
5714.T,"Dowa Holdings Co., Ltd.",Basic Materials,Other Industrial Metals & Mining,Japan,JPY,469992367962.0,-9.612516000000001,-1.4745474999999981,0.3,0.12957885000000013,0.6305153,0.709,-1.706999999999999,0.071595,-0.00621,0.02448499700000001,0.0001799999999999996,-0.17393499000000004,0.42300000000000004,11.786,12.155,0.4955000000000034,-0.2885,0.626,-64623688704.0,51225001984.0,90690002944.0,528522084352.0,794476000000.0,,745410000000.0,,,34193000000.0,,62458000000.0,5241000000.0,4.25,0.25530002,338.0,2.37,338.0,1806364800.0,0.839,12380.0,4561.922820602824,7946.0,10315.714,2.85714,7.0,,,0.03876,0.51827,False,False,,0.5,463800.0,426060.0,1.2353949925688807,-18.46,-20.97,-4.68,,-0.3581583198707593,0.4866310615233107,30.473933649289094,-0.16660723350520013,-0.022835310789493857,False,0.03832678761816102,,0.0,Japan,True,True,,49.69883483549534,20.523768858525475,73.53443831247287,49.31265354877683,20.408163265306122,66.65268456375838,10.521042084168336,50.0,,50.0,38.34137047290848,standard,830,20852543,False,46.0,False,27.936241610738254,20.13422818791946,89.51342281879194,50.041946308724825,50.041946308724825,50.041946308724825,3,SVAG,-8,NEDTREND,True,2,0.2857142857142857,LÅG,EJ AKTUELL,-11.2
BEN,"Franklin Resources, Inc.",Financial Services,Asset Management,United States,USD,16955761151.09237,7.460184,-2.299621499999999,0.373,-1.4252582999999999,1.8777769,2.249,2.561750000000001,-0.06793749699999999,0.006480002999999998,-0.17353001,-0.20228747000000002,-0.07850002,0.022999999999999993,0.739,0.771,-43.55,3.8140000000000005,1.171,-1058575008.0,2571500032.0,3430400000.0,20306159616.0,32368300000.0,,8770700000.0,,,1099800000.0,,524900000.0,1066100000.0,3.96,0.9924,1.32,4.8,0.33,1782691200.0,1.576,34.91999816894531,20.320361704085197,32.630001068115234,34.45455,2.72727,11.0,4.37,0.0519,0.48494998,0.51606,False,False,,0.734,4796635.0,4517720.0,0.9567366447357407,-0.67,24.13,30.47,,-0.06557838547845618,0.2781275016465348,47.654781688860645,0.017185402274709993,0.25228218993142937,False,0.21941361516732738,,0.838,US,True,True,37.59289528778226,27.04721657486565,83.66068886991177,74.20362139173591,56.61636102271069,72.61904761904762,66.65268456375838,21.142284569138276,50.0,43.881453154875715,73.4,46.31108581842201,holding,584,147413208,False,50.2,False,27.936241610738254,72.98657718120806,64.68120805369128,50.041946308724825,50.041946308724825,50.041946308724825,5,NEUTRAL,0,UPPTREND,False,3,0.42857142857142855,LÅG,EJ AKTUELL,2.5
7733.T,Olympus Corporation,Healthcare,Medical Devices,Japan,JPY,1882785013518.0,6.757644500000001,-5.125644999999999,3.61,0.4230892999999998,1.8628968,1.913,-1.4020000000000001,0.002715000000000009,0.011089998499999993,-0.0025150030000000018,0.04013,0.35210500999999994,0.0050000000000000044,-0.5045,-0.402,7.3637500000000005,-0.7937500000000001,1.003,-27588938240.0,188038004736.0,239576006656.0,1933151305728.0,1537162000000.0,,1010676000000.0,,,100820000000.0,,68172000000.0,100585000000.0,1.69,0.4902,30.0,0.87,30.0,1806364800.0,0.203,2125.4902108099714,1276.960817618663,1771.5,1913.0769,2.57143,13.0,,,0.042659998,0.64045,False,False,,0.5,5085657.0,4039030.0,1.5459557343082295,6.14,9.72,-12.79,,-0.16654520872861345,0.42237038306457175,55.885997521685255,0.01206016944795163,0.00717965173059909,True,0.7209243932368702,,0.503,Japan,True,True,,63.676955966684055,47.66581269570168,28.08262824290589,53.11246054184528,14.200680272108842,66.65268456375838,38.07615230460922,50.0,,50.0,46.26418624033824,standard,585,44071510,False,41.3,False,27.936241610738254,14.01006711409396,64.93288590604027,50.041946308724825,50.041946308724825,50.041946308724825,4,NEUTRAL,0,UPPTREND,False,2,0.2857142857142857,LÅG,EJ AKTUELL,0.1
EL,The Estée Lauder Companies Inc.,Consumer Defensive,Household & Personal Products,United States,USD,20309727527.0344,,9.384494500000002,1.4246,3.5352655500000005,2.0032504,2.419,2.5215000000000014,-0.23448249999999998,-0.017287496000000003,-0.10178499300000002,0.021409999999999985,0.29445,0.010000000000000002,-0.519,-0.44,126.15,0.21050000000000002,0.824,991187456.0,3126000128.0,9299999744.0,35888218112.0,19892000000.0,,14326000000.0,,,1141000000.0,,-1133000000.0,1272000000.0,1.69,4.7143,1.4,1.62,0.35,1780012800.0,1.261,120.79248782267415,65.96494335920991,82.12999725341797,95.30769,2.35714,26.0,2.04,0.036,0.00414,0.97244,False,False,,0.474,3526161.0,2228440.0,0.8082235424820848,-6.22,9.43,-29.26,,-0.32007363426452073,0.46616561452428734,54.9718442516182,-0.01824879500231369,-0.1083970715985354,False,0.4604863497975207,,1.0,US,True,True,78.35744113926177,38.22924345144657,33.46142897808141,41.615875844627496,31.157942529584382,69.47278911564626,28.355704697986578,79.05811623246493,50.0,58.69980879541109,47.4,38.26272376012022,standard,832,183021771,False,64.8,False,89.93288590604027,69.88255033557047,61.99664429530202,50.041946308724825,50.041946308724825,50.041946308724825,2,SVAG,-8,NEDTREND,True,1,0.14285714285714285,LÅG,EJ AKTUELL,-3.1
SRT.DE,Sartorius Aktiengesellschaft,Healthcare,Medical Instruments & Supplies,Germany,EUR,6621758375.623749,57.340896,14.383104,0.7513,2.3685082999999993,3.7574453,5.134,8.079999999999998,-0.055035005000000026,-0.009930001500000004,-0.033465007000000005,0.009120010000000012,0.08026001999999999,-0.062,,0.159,56.35925000000001,-1.00225,0.445,-277730688.0,573800000.0,4300899840.0,18245912576.0,9717200000.0,,3538100000.0,,,569200000.0,,154900000.0,837000000.0,0.37,0.31059998,0.73,0.38,0.73,1774569600.0,1.473,207.10153636329073,144.77192516588585,193.39999389648438,251.71875,,8.0,,,0.87067,0.018660001,False,False,,0.5,3998.0,3211.0,0.7798456054409868,11.66,3.42,-0.29,14.93,-0.06615857471366882,0.4046143452145171,59.999985467830506,0.04409601887919612,0.052239822443762796,True,0.6708065553873928,,0.448,Europe,True,True,39.98852453510373,41.587548997050376,55.91864555504195,32.97488492712491,22.508866317225745,86.73469387755102,66.65268456375838,37.17434869739479,50.0,,50.0,38.25746544487844,standard,833,710779,False,48.5,False,27.936241610738254,86.91275167785236,39.51342281879195,50.041946308724825,50.041946308724825,50.041946308724825,2,SVAG,-8,UPPTREND,False,1,0.14285714285714285,LÅG,EJ AKTUELL,-3.2
AAL.L,Anglo American plc,Basic Materials,Other Industrial Metals & Mining,United Kingdom,GBp,47273792432013.984,,8.2787715,1.4,1.0136121000000002,1.9643368,2.8,0.3755000000000006,-0.14275500000000002,-0.009024998499999992,-0.29549000299999995,0.010754999999999987,0.236305,0.06999999999999999,,,-7.013999999999996,1.042,1.483,-1237487552.0,6438000128.0,15797999616.0,51932590080.0,55994000000.0,,18546000000.0,,,3990000000.0,,-3741000000.0,5511000000.0,0.49,5.6102004,0.17,4.12,0.11822,1773273600.0,0.972,53163.63441611081,26177.078456011088,44119.76127624512,3938.1309,2.35294,17.0,,,0.07,0.58133,False,False,,0.5,4629785.0,3863516.0,1.8550587129642926,-12.69,-4.39,10.46,51.23,-0.17011389908145602,0.38158079140534623,42.16183736309796,-0.09007847220094378,0.05647011138781988,False,0.014721956953687085,,0.5,UK,True,True,51.146930732974326,37.08342311125141,57.01832903736319,52.32508682592575,51.555945974722725,2.295918367346939,28.355704697986578,32.364729458917836,50.0,,50.0,38.251463306286645,standard,834,170457403607,False,39.3,False,27.936241610738254,2.5587248322147653,62.83557046979866,50.041946308724825,50.041946308724825,50.041946308724825,3,SVAG,-8,VARNING,False,0,0.0,LÅG,EJ AKTUELL,0.2
TMUS,"T-Mobile US, Inc.",Communication Services,Telecom Services,United States,USD,208248645766.00592,-1.064838,-1.8340579999999989,0.7651,0.015610699999999866,2.3003275,3.611,-1.3789999999999996,0.00817999500000001,0.0025500025000000023,-0.004805001000000017,0.05316499999999999,0.18074999999999997,0.045,-0.19,-0.152,141.4055,-0.05049999999999988,0.704,10330937088.0,3520000000.0,122134003712.0,326862667776.0,219237000000.0,,88309000000.0,,,18557000000.0,,10992000000.0,27950000000.0,2.12,0.4038,4.08,,1.02,1787875200.0,0.319,256.7223992938145,165.66000366210938,192.42999267578125,253.11539,1.60714,26.0,3.18,0.041100003,0.55068,0.45554,False,False,,0.5,5680345.0,4252180.0,0.7872300927851709,4.38,-1.85,1.24,,-0.2504355163199127,0.262446084635494,59.33371429172416,0.039012332281988416,-0.03691610711870141,True,0.9005944615587482,,0.707,US,True,True,,59.51430527516576,39.36806148590947,42.71558045905073,55.326365652574054,27.2108843537415,66.65268456375838,83.46693386773548,50.0,53.346080305927345,50.0,38.20987150995222,standard,835,818246966,False,57.8,False,90.26845637583892,26.845637583892618,58.053691275167786,50.041946308724825,50.041946308724825,50.041946308724825,3,SVAG,-8,NEDTREND,True,1,0.14285714285714285,LÅG,EJ AKTUELL,
MC.PA,"LVMH Moët Hennessy - Louis Vuitton, Société Européenne",Consumer Cyclical,Luxury Goods,France,EUR,244133430297.33884,-0.12187574999999917,4.236139000000001,2.0036,1.3378622749999995,3.0211916,3.347,-0.3620000000000001,0.022764994999999982,0.023380005000000016,0.09055499299999999,0.13223501,0.2868,-0.12,-0.121,-0.02,-20.333999999999996,0.3365,0.691,11106194688.0,13520000000.0,36778999808.0,270499184640.0,142037000000.0,,80807000000.0,,,17668000000.0,,10878000000.0,18875000000.0,2.58,0.595,13.0,1.8,7.5,1777334400.0,0.84,643.802043116836,439.13713539750216,495.1000061035156,576.92694,1.88462,26.0,,,0.50196,0.18913999,False,False,,0.5,565397.0,367987.0,0.8854111115053311,-1.98,2.57,-13.66,9.01,-0.23097478270402783,0.3063040552707082,51.407043945605736,0.023231987992854197,-0.07159220566986746,True,0.661058557926571,,0.5,Europe,True,True,,76.07535208231089,39.93440484491418,26.34382328532555,56.07822357233399,25.765306122448976,66.65268456375838,88.27655310621243,50.0,,50.0,46.206057404718855,standard,586,208527367,False,55.6,False,88.6744966442953,25.419463087248324,47.23154362416108,50.041946308724825,50.041946308724825,50.041946308724825,5,NEUTRAL,0,NEDTREND,True,2,0.2857142857142857,LÅG,EJ AKTUELL,0.8
NSIS-B.CO,Novozymes A/S,Basic Materials,Specialty Chemicals,Denmark,DKK,175099868491.5,24.889558499999996,9.570068500000003,2.2287,0.25637154999999967,47.13024,47.493,114.625,-0.06251999999999999,-0.012549999999999999,0.069524997,0.11448,0.13671000000000005,-0.066,-0.348,0.07,-7.7989999999999995,-0.2895000000000001,1.023,-51962496.0,327200000.0,3212300032.0,199438467072.0,16349100000.0,,4157600000.0,,,882600000.0,,583600000.0,1221500000.0,1.52,0.67980003,6.5,1.5,4.25,1774310400.0,0.623,452.6573314868387,336.79998779296875,424.5,468.77487,1.52941,17.0,,,0.15806,0.36049998,False,False,,0.5,639244.0,486515.0,1.269120104572059,9.38,11.77,2.41,,-0.06220451880090094,0.25360852428422237,60.496886639561005,0.07572931726698662,0.08271620513584343,False,0.6673631766746864,,0.163,Nordic,True,True,33.99883566014711,55.20609646020897,65.044121833191,22.104365142752695,56.362111184572655,30.017006802721085,66.65268456375838,46.893787575150306,50.0,,50.0,38.1491790637582,standard,836,31610258,False,34.3,False,27.936241610738254,29.61409395973154,2.5587248322147653,50.041946308724825,50.041946308724825,50.041946308724825,3,SVAG,-8,UPPTREND,False,2,0.2857142857142857,LÅG,EJ AKTUELL,0.3
FFH.TO,Fairfax Financial Holdings Limited,Financial Services,Insurance - Property & Casualty,Canada,CAD,44213473168.0,-9.455525000000003,-2.770283000000001,0.28,-0.8233548000000002,1.2391508,1.556,-0.1847500000000002,0.05231750799999999,0.027624999999999997,-0.11626501300000001,-0.22833248000000003,0.041669979999999995,-0.14200000000000002,-0.404,-0.264,-3.862499999999997,0.8690000000000001,0.771,1681012416.0,6691800064.0,14048799744.0,60033748992.0,107787700000.0,,30405400000.0,,,,,4772400000.0,2419400000.0,0.89,0.074200004,20.77,1.4,20.817,1768435200.0,0.454,2678.1534874492927,2066.159912109375,2317.75,2733.7097,2.85714,7.0,1.84,,0.025880001,0.34804,False,False,,0.5,65349.0,43920.0,0.5664739884393064,2.26,-5.66,-4.87,,-0.13457163270823047,0.22613286565120638,44.8034689196382,0.020784055671804413,-0.010496350836164847,False,0.3910872339378084,,1.0,Canada,True,True,,44.810285917183876,40.8198121263877,32.52883676833683,78.93309093300662,54.8469387755102,66.65268456375838,79.35871743486975,50.0,,50.0,46.09419005541784,standard,589,72607407,False,63.6,False,85.48657718120806,55.45302013422819,75.92281879194631,50.041946308724825,50.041946308724825,50.041946308724825,4,NEUTRAL,0,NEDTREND,True,2,0.2857142857142857,LÅG,EJ AKTUELL,-0.4
BE,Bloom Energy Corporation,Industrials,Electrical Equipment & Parts,United States,USD,61144055774.99835,,27.2558095,1.0032,62.071960575,24.966673,25.166,249.265,-0.14050001,-0.023939996999999998,-0.101569997,-0.040082493,-0.15116000000000002,1.2355,,,235.313,3.642,3.979,-550916256.0,2491432960.0,2952817920.0,61631979520.0,4396711000.0,,2023994000.0,,,72802000.0,,-88434000.0,113949000.0,,0.0,,,,,3.737,351.2799987792969,24.040000915527344,214.9600067138672,283.16153,2.31034,26.0,1.4,0.077800006,0.05834,0.88107,False,False,,0.637,12141291.0,13082040.0,1.0814037891885013,-23.47,2.33,61.07,,-0.38806647841933406,1.113054164816299,41.88987971012034,-0.22223474451278924,0.2402009838166974,False,0.12700458371461168,,0.853,US,True,True,28.952429999664133,21.902060713090304,54.22715627668659,87.27090862157976,26.555512124874443,48.63945578231292,11.703020134228188,40.88176352705411,50.0,28.298279158699806,63.7,38.02731634866905,standard,840,2812115406,False,37.1,False,27.936241610738254,47.98657718120805,2.5587248322147653,50.041946308724825,50.041946308724825,50.041946308724825,2,SVAG,-8,VARNING,False,1,0.14285714285714285,LÅG,EJ AKTUELL,3.7
WEGE3.SA,WEG S.A.,Industrials,Electrical Equipment & Parts,Brazil,BRL,183064053899.95963,8.453076,10.447600499999998,1.15,8.120386875,4.5545287,4.525,10.4025,0.16158003000000004,0.052580001999999994,0.09265498999999999,0.075662497,0.03360000000000002,-0.1295,-0.138,-0.057,-68.514,0.04800000000000004,0.904,3685508736.0,7385767936.0,4866904064.0,181882716160.0,42645030000.0,,40804110000.0,,,7859202000.0,,6376219000.0,6451033000.0,0.96,1.2186,0.42,1.23,0.104424,1782086400.0,-0.077,54.2853945965936,33.7708809465441,43.630001068115234,52.74375,2.3125,16.0,,,0.65172,0.20457001,False,False,,0.5,7437488.0,5565050.0,1.3445474591971407,-4.54,-9.65,-6.77,,-0.19628472092099314,0.29163956303427707,25.914612339743314,-0.01193905524298966,-0.036193287688009,False,0.03989633990191908,,0.288,LatAm,True,True,61.785918205125334,76.3779612388584,32.621690862510675,19.058769066645354,71.23183926790901,29.081632653061224,28.355704697986578,72.14428857715431,50.0,,50.0,45.82356255048443,standard,594,47507856,False,50.6,False,75.50335570469798,28.691275167785236,32.38255033557047,50.041946308724825,50.041946308724825,50.041946308724825,5,NEUTRAL,0,NEDTREND,True,3,0.42857142857142855,LÅG,EJ AKTUELL,3.7
MRU.TO,Metro Inc.,Consumer Defensive,Grocery Stores,Canada,CAD,19831919951.911926,-5.215573249999998,0.4492599999999989,2.702,0.7784388500000001,0.89432067,1.275,3.1260000000000012,-0.020707505000000015,0.00023749899999999866,-0.019429998999999996,-0.05777500000000001,-0.19047,,,,-8.734499999999997,0.37449999999999994,0.488,101612544.0,217800000.0,4800999936.0,28269197312.0,14539400000.0,,22006700000.0,,,1488400000.0,,1017000000.0,1724900000.0,1.73,0.3236,1.63,1.52,0.408,1778630400.0,0.357,106.00938930581218,86.62999725341797,94.0199966430664,100.8,2.5,10.0,5.14,,0.0016,0.45459998,False,False,,0.5,540385.0,518380.0,0.37990127071719504,2.33,3.31,-2.77,,-0.11309745996327925,0.19397115860524552,54.498241806978925,0.03403217963642535,-7.97484863295228e-05,True,0.7672141880252635,,0.335,Canada,True,True,57.86836242317035,36.161204137199114,51.38058639339596,13.800335570469798,79.92071651703337,70.06802721088435,66.65268456375838,51.703406813627254,50.0,,50.0,45.8010740590846,standard,596,34763258,False,61.0,False,61.57718120805369,70.46979865771812,83.13758389261746,50.041946308724825,50.041946308724825,50.041946308724825,4,NEUTRAL,0,NEDTREND,True,2,0.2857142857142857,LÅG,EJ AKTUELL,9.1
FER.MC,Ferrovial N.V.,Industrials,Engineering & Construction,Netherlands,EUR,39901090162.03218,22.4550925,29.101664500000002,4.9224,3.803047474999999,4.1447067,5.031,18.231499999999997,-0.0012250150000000237,-0.016399999999999998,0.028254995999999998,0.018742496999999997,0.49879999999999997,-0.011500000000000003,-0.956,-0.877,68.96600000000001,-0.135,0.993,-269555680.0,4241999872.0,10732000256.0,48429117440.0,27420000000.0,,9627000000.0,,,967000000.0,,888000000.0,1926000000.0,2.56,0.7493,1.43,2.05,0.5578,1779062400.0,0.8,62.92955387144173,42.952027931807926,55.7599983215332,61.74318,2.22727,22.0,,,0.34631002,0.47212002,False,False,,0.5,1108782.0,766532.0,0.4842664187161962,-7.93,-7.0,-3.3,26.22,-0.11392986456816712,0.21239705779435092,23.298415202868014,-0.04441614893861412,-0.018951515788151574,False,0.18559224446990868,,0.5,Europe,True,True,37.50607359971339,58.32408249404243,48.849391643619896,20.078982782825815,54.65962971891367,56.97278911564626,66.65268456375838,42.88577154308617,50.0,,50.0,37.7940211389707,standard,847,48920478,False,43.4,False,27.936241610738254,57.5503355704698,35.31879194630873,50.041946308724825,50.041946308724825,50.041946308724825,2,SVAG,-8,NEDTREND,True,1,0.14285714285714285,LÅG,EJ AKTUELL,-2.3
TTWO,"Take-Two Interactive Software, Inc.",Communication Services,Electronic Gaming & Multimedia,United States,USD,43943584438.976746,,8.363859000000001,3.3459,8.7744845,6.601704,6.747,45.934999999999995,-0.27764998999999996,-0.0614499975,-0.16606499700000002,-0.16365500000000002,0.12464999999999993,0.0,,,7.0965000000000025,0.09850000000000014,1.1,631350016.0,1989299968.0,2958299904.0,44912586752.0,9383200000.0,,6656400000.0,,,-108600000.0,,-298200000.0,624300000.0,,0.0,,,0.001,,0.961,265.94000244140625,187.6300048828125,236.67999267578125,284.13965,1.17241,29.0,2.84,0.0523,0.0135,0.94765,False,False,,0.1,2449077.0,1838850.0,0.8153387744526494,2.92,10.63,-3.59,,-0.11002485333913525,0.31011897750922074,48.37519378348996,0.01900403575936549,0.026259159267606025,False,0.2136558566795296,,0.585,US,True,True,48.70539962606777,20.600547975016518,56.90293196697979,49.20302013422818,58.609965639949486,55.10204081632652,11.703020134228188,65.03006012024048,50.0,43.49904397705545,10.0,37.6200240714094,standard,850,435219005,False,51.7,False,70.80536912751678,55.70469798657718,20.721476510067113,50.041946308724825,50.041946308724825,50.041946308724825,3,SVAG,-8,UPPTREND,False,0,0.0,LÅG,EJ AKTUELL,-3.8
PINS,"Pinterest, Inc.",Communication Services,Internet Content & Information,United States,USD,11176607513.146317,26.775422000000006,-4.904812999999999,0.3799,0.9451492000000004,2.9709146,2.95,25.955,-0.08336999499999999,-0.015539994500000001,-0.044834997000000015,-0.21988500000000002,0.34658,0.11699999999999999,,,-34.8905,3.0885000000000002,4.011,263935616.0,1298563968.0,1205030016.0,12902116352.0,5492132000.0,,4221767000.0,,,319883000.0,,416855000.0,1284264000.0,,0.0,,,,,0.887,39.93000030517578,13.84000015258789,23.200000762939453,27.61667,2.07692,36.0,2.9,0.16540001,0.013940001,1.1582199,False,False,,0.776,18018466.0,10546040.0,0.6296972772676568,9.64,15.31,-14.3,,-0.4189832059697671,0.510872931762965,71.1743907513258,0.10581509229689967,-0.00537395241281724,True,0.7799192010104247,,0.369,US,True,True,56.67603363150882,34.2379966275099,37.77398235126672,47.97513727882855,51.64750803731846,79.67687074829932,11.703020134228188,72.74549098196393,50.0,10.133843212237094,77.60000000000001,45.456089735661806,standard,610,244668136,False,61.1,False,77.51677852348993,79.9496644295302,47.81879194630873,50.041946308724825,50.041946308724825,50.041946308724825,5,NEUTRAL,0,NEDTREND,True,0,0.0,LÅG,EJ AKTUELL,0.5
NVMI,Nova Ltd.,Technology,Semiconductor Equipment & Materials,Israel,USD,13913922919.27884,24.333274999999997,14.250526000000002,1.46,4.627833799999999,15.416593,15.078,31.279750000000007,0.07580751000000001,0.020350000000000007,0.185360002,0.15640250499999997,0.12104002999999997,-0.039999999999999994,-0.211,0.068,7.805999999999997,-0.10250000000000004,1.351,-694021632.0,1098544000.0,800171008.0,13608480768.0,2360546000.0,,880577000.0,,,253468000.0,,259223000.0,245613000.0,,0.0,,,,,1.735,615.989990234375,232.72999572753906,437.4599914550781,603.375,1.5,8.0,2.78,0.0462,0.00096000003,0.71692,False,False,,0.475,466014.0,556460.0,1.1956047027584158,-20.56,-14.93,5.91,,-0.2898261361542074,0.5788007310382357,40.18433365507265,-0.14001215547049128,0.026886446524564622,False,0.173662623352538,,0.873,US,True,True,19.535159704884627,77.70185546060932,30.686023341873042,44.147984629418715,36.75272384724633,75.59523809523809,11.703020134228188,21.442885771543086,50.0,49.1395793499044,47.5,37.39337560034748,standard,853,243428987,False,41.9,False,27.936241610738254,75.92281879194631,6.7114093959731544,50.041946308724825,50.041946308724825,50.041946308724825,2,SVAG,-8,VARNING,False,1,0.14285714285714285,LÅG,EJ AKTUELL,-11.5
S92.DE,SMA Solar Technology AG,Technology,Solar,Germany,EUR,2135784973.526001,,-0.9363730000000015,0.8,1.6766788999999998,1.3966426,1.374,-31.68075,-0.545597505,-0.12540000299999998,-0.18984500499999998,-0.07426249499999998,-0.28988,-0.10299999999999998,,,-19.018,-0.21750000000000003,0.655,-521586064.0,129088000.0,94134000.0,2100830976.0,1305971000.0,,1516015000.0,,,-143207000.0,,-181131000.0,142985000.0,,0.0,,3.58,0.5,1748390400.0,0.818,70.69999694824219,15.40999984741211,61.54999923706055,53.6,2.6,5.0,,,0.57593,0.26869,False,False,,0.5,144528.0,124118.0,2.2981096765369324,11.3,29.74,80.5,198.79,-0.12942005807836365,0.7704316330659393,55.8004642424781,0.04291276094187957,0.4886494857214443,True,0.771602787972656,,0.332,Europe,True,True,,10.364416763266842,87.11052264589976,14.535715961890457,30.43280729090448,93.70748299319727,11.703020134228188,4.609218436873747,50.0,,50.0,37.392986005355404,standard,854,8743805,False,54.5,False,27.936241610738254,93.79194630872483,72.6510067114094,50.041946308724825,50.041946308724825,50.041946308724825,2,SVAG,-8,UPPTREND,False,1,0.14285714285714285,LÅG,EJ AKTUELL,3.0
KOG.OL,Kongsberg Gruppen ASA,Industrials,Aerospace & Defense,Norway,NOK,244091565487.5,19.6263195,5.008385499999999,2.1357,16.124275175,6.8323226,6.802,17.829500000000003,0.17119999000000002,-0.0014400000000000038,0.137395,0.05609249700000002,0.13561000000000006,0.22749999999999998,-0.096,-0.015,-33.538,-0.6485,0.678,1279750016.0,4858999808.0,3153999872.0,243025051648.0,82527000000.0,,31562000000.0,,,4697000000.0,,7953000000.0,12732000000.0,0.81,0.3673,2.2,1.09,5.7,1776124800.0,0.22,421.0506055892801,225.31630734764482,277.5,387.77777,2.55556,9.0,,,0.5417,0.30864,False,False,,0.5,1633858.0,1600150.0,0.9475419443274725,-5.61,-10.12,-6.41,,-0.3409343287569301,0.4767437138817251,42.41244974471219,-0.08629341304300042,-0.10977280216807728,False,0.22796223148371006,,0.371,Nordic,True,True,44.89812026287211,71.6636694321488,24.722459436379165,42.60367108635821,41.872353513913644,25.850340136054424,66.65268456375838,53.206412825651306,50.0,,50.0,45.3468761437045,standard,615,46100668,False,44.9,False,61.99664429530202,25.503355704697988,20.13422818791946,50.041946308724825,50.041946308724825,50.041946308724825,4,NEUTRAL,0,NEDTREND,True,2,0.2857142857142857,LÅG,EJ AKTUELL,8.6
SMT.L,Scottish Mortgage Ord,Unknown,Unknown,Unknown,GBp,19060091139642.27,-2.343376749999999,,,0.0,,,,,,,,,,,,,,,,,,,15464442000.0,,3109087000.0,,,,,3101619000.0,-68721000.0,,,,,,,,19584.406252953024,12672.664018811969,17634.92811012268,,2.33333,,,,,,False,False,,0.5,3927315.0,2400140.0,1.157053085202171,-5.61,-1.78,17.73,25.61,-0.09954236639348679,0.21570251601047208,41.68174098630291,-0.04830139408759537,0.11557986894127259,False,0.04469899661035593,,0.5,UK,True,True,,,62.52634382908046,31.879194630872483,88.04440649017934,4.67687074829932,11.703020134228188,,50.0,,50.0,37.230734285434174,standard,857,42326296354,False,37.4,False,27.936241610738254,2.5587248322147653,50.041946308724825,50.041946308724825,50.041946308724825,50.041946308724825,1,SVAG,-8,VARNING,False,2,0.2857142857142857,LÅG,EJ AKTUELL,-6.2
BWXT,"BWX Technologies, Inc.",Industrials,Aerospace & Defense,United States,USD,15682594944.81427,14.997968500000002,12.938406499999996,1.67,8.015349575,4.64479,5.091,20.137,0.13695999000000003,0.004760002999999999,-0.001979997000000004,-0.032402503,-0.22547999000000002,0.1925,0.127,0.207,81.46,1.013,2.241,-650936512.0,512356992.0,2017945984.0,17187993600.0,4271495000.0,,3198425000.0,,,324576000.0,,328945000.0,479848000.0,0.6,0.272,1.04,1.13,0.27,1779148800.0,0.737,241.49667915308143,135.42207212871745,171.17999267578125,238.79,1.8,13.0,2.6,0.0403,0.0036199999,0.95211,False,False,,0.571,1015616.0,913770.0,1.1158324953777288,-13.08,-25.73,-15.89,,-0.2911704074933775,0.4637585996572146,27.846839537172954,-0.12405369206784034,-0.13565122018630715,False,0.089271855810882,,1.0,US,True,True,25.51454865037337,49.31310614242241,16.95132365499573,76.51951453966745,47.373877758866456,73.63945578231292,66.65268456375838,26.553106212424847,50.0,54.302103250478005,57.099999999999994,37.122595499418736,standard,862,156419142,False,45.4,False,27.936241610738254,73.99328859060402,31.711409395973156,50.041946308724825,50.041946308724825,50.041946308724825,3,SVAG,-8,NEDTREND,True,2,0.2857142857142857,LÅG,EJ AKTUELL,-3.9
FN,Fabrinet,Technology,Electronic Components,Cayman Islands,USD,17140589843.449707,7.423185,8.224034999999999,,2.0426892999999993,4.0473638,3.825,17.108750000000004,0.05318750000000001,0.021580000000000002,-0.007369997999999996,-0.045777498999999985,-0.33169000000000004,0.25,0.31700000000000006,0.54,-49.668000000000006,0.8674999999999999,1.604,-895615880.0,945235968.0,4425000.0,16199778304.0,2831432000.0,,3419327000.0,,,325883000.0,,332527000.0,328365000.0,,0.0,,,,,1.198,748.8900146484375,272.489990234375,478.3900146484375,749.1111,1.77778,9.0,1.67,0.0723,0.00242,1.07384,False,False,,0.442,972285.0,799310.0,0.9268484187568157,-18.65,-28.88,0.28,,-0.3612012374433712,0.6968253405699216,39.42089533795044,-0.2039045231383887,-0.08874612529380999,True,0.2902436026462694,,0.868,US,True,True,22.14288913021574,46.06666926666976,21.03615143751779,79.68809390732082,35.85479563604168,72.3639455782313,11.703020134228188,20.140280561122246,50.0,31.261950286806883,44.2,37.09115917207861,standard,863,382381923,False,45.8,False,27.936241610738254,72.73489932885906,36.241610738255034,50.041946308724825,50.041946308724825,50.041946308724825,3,SVAG,-8,NEDTREND,True,1,0.14285714285714285,LÅG,EJ AKTUELL,-0.2
AFRM,"Affirm Holdings, Inc.",Financial Services,Credit Services,United States,USD,22391797832.23913,54.415618,7.282810500000002,0.8011,3.9086875999999995,6.4145746,8.258,43.128750000000004,-0.020107492999999997,-0.0021799960000000035,-0.15848001,-0.28953749,0.03162999999999999,0.262,35.16,35.698,173.25799999999998,11.847999999999999,9.572,-515352128.0,1768999040.0,9090749440.0,32797483008.0,11154929000.0,,3224412000.0,,,337993000.0,,52186000.0,793909000.0,,0.0,,,,,3.674,100.0,42.095001220703125,76.06999969482422,89.03793,1.69697,29.0,4.11,0.066199996,0.04346,0.87221,False,False,,0.737,4769603.0,3800020.0,1.1048833623525094,1.85,26.19,4.77,,-0.2393000030517578,0.6210573656167038,43.552036980139405,0.04698854259857721,0.14860956881314968,False,0.2497588022566185,,0.31,US,True,True,29.205170116769846,31.326876365561628,58.89553088528323,75.17621096934622,31.12868748057394,68.28231292517006,11.703020134228188,36.77354709418837,50.0,34.32122370936902,73.7,37.019112253486405,standard,866,289067520,False,43.0,False,27.936241610738254,68.70805369127517,21.2248322147651,50.041946308724825,50.041946308724825,50.041946308724825,3,SVAG,-8,UPPTREND,False,1,0.14285714285714285,LÅG,EJ AKTUELL,-3.7
BJ,"BJ's Wholesale Club Holdings, Inc.",Consumer Defensive,Discount Stores,United States,USD,11926472970.043182,-4.343690249999997,2.6709475000000005,2.2381,1.7032045500000002,0.54296905,0.672,0.4425000000000008,0.10385749999999999,0.0021925040000000014,-0.059054991999999994,-0.09112,-0.26731000000000005,0.063,-0.091,-0.047,27.821000000000012,-0.3305,0.114,-727226504.0,27826000.0,2861490944.0,14760283136.0,7510475000.0,,21457274000.0,,,846045000.0,,578377000.0,1030056000.0,,0.0,,,,,0.225,110.91999816894531,83.21199798583984,93.4000015258789,101.1,,20.0,3.81,0.0695,0.0064999997,1.1030201,False,False,,0.734,2142933.0,1733910.0,0.7359748216652765,4.65,1.26,-2.64,,-0.15795164922723148,0.2998882344044297,62.57633626591116,0.0402953110072648,0.004545205133037911,True,1.042054035918993,,0.897,US,True,True,43.72756686557472,38.75793466632379,45.97210361514376,53.8847317430494,60.171994679429105,78.31632653061224,11.703020134228188,22.24448897795591,50.0,32.504780114722756,73.4,37.009333380896926,standard,867,161947197,False,55.1,False,27.936241610738254,78.60738255033557,92.03020134228188,50.041946308724825,50.041946308724825,50.041946308724825,2,SVAG,-8,UPPTREND,False,1,0.14285714285714285,LÅG,EJ AKTUELL,1.9
COLD,"Americold Realty Trust, Inc.",Real Estate,REIT - Industrial,United States,USD,4544925495.428497,,613.0208709999999,5.84,-0.7437582,1.7553564,3.497,-1.8569999999999993,-0.104724998,-0.01355,-0.30266498999999997,-0.342065002,-0.13383998000000003,-0.0525,,,67.38650000000001,0.03700000000000003,0.763,-340923744.0,44136000.0,4557070848.0,9096742912.0,8121598000.0,,2601846000.0,,,202550000.0,,-114548000.0,359641000.0,5.78,7.6364,0.92,3.96,0.23,1782777600.0,0.981,16.8799991607666,9.588037914483149,15.930000305175781,15.85294,2.52941,17.0,4.48,0.074499995,0.00075,1.2022799,False,False,,0.807,4519632.0,4148780.0,0.6459175781681582,10.54,30.33,21.89,,-0.05627955585441369,0.4567279982594503,53.80878741087312,0.07298809698915631,0.2618778583540522,False,0.6503298457984521,,0.162,US,True,True,,16.400059771776007,83.91688015940792,16.413766602524994,37.97605658184363,89.20068027210884,28.355704697986578,26.753507014028056,50.0,29.636711281070742,90.7,36.990668124831835,standard,869,66090067,False,52.9,False,27.936241610738254,89.34563758389261,66.94630872483222,50.041946308724825,50.041946308724825,50.041946308724825,1,SVAG,-8,UPPTREND,False,1,0.14285714285714285,LÅG,EJ AKTUELL,-4.8
CIGI.TO,Colliers International Group Inc.,Real Estate,Real Estate Services,Canada,CAD,7094876380.545685,28.673873000000004,-12.215656500000001,1.21,1.7370946000000003,1.2710046,1.914,-1.5905000000000005,0.03265999499999998,0.016194996999999996,-0.22389999299999996,-0.34433,0.012940000000000007,0.0955,,,19.537000000000003,0.5150000000000001,0.911,-509041344.0,260066000.0,2649479936.0,10970802176.0,6788467000.0,,5558462000.0,,,401526000.0,,103100000.0,330140000.0,0.3,0.184,0.43,0.23,0.213,1782777600.0,1.248,238.6329731624649,124.87722856326202,142.52999877929688,207.30717,1.92308,3.0,3.96,,0.11057,0.85964996,False,False,,0.5,102561.0,96180.0,1.0633656887337768,8.77,-10.87,-30.3,,-0.40272294775349293,0.3408561197597344,67.49906604087109,0.062489236659283964,-0.1675045309258305,True,0.7857690661017841,,0.549,Canada,True,True,,38.95051889160831,14.019356675206375,61.98212441920496,51.219458323789574,85.71428571428571,66.65268456375838,23.34669338677355,50.0,,50.0,36.94710269707887,standard,871,9777843,False,53.7,False,27.936241610738254,85.90604026845638,75.33557046979867,50.041946308724825,50.041946308724825,50.041946308724825,3,SVAG,-8,NEDTREND,True,2,0.2857142857142857,LÅG,EJ AKTUELL,-5.9
TATACONSUM.NS,Tata Consumer Products Limited,Consumer Defensive,Packaged Foods,India,INR,1077335097317.3752,42.023514750000004,25.307413000000004,0.55,0.44869800000000026,5.309572,5.304,23.605,-0.12702249999999998,-0.031837499000000005,-0.019034990000000022,-0.025145,-0.009600010000000048,0.143,0.151,0.215,-50.8165,0.6075,0.898,595513344.0,43181600768.0,28195100672.0,1076263780352.0,344529600000.0,,201706100000.0,,,21740600000.0,,15423000000.0,24218500000.0,0.92,0.5295,10.0,0.74,10.0,1779667200.0,0.42,1271.9371979227803,998.7489642211792,1088.5999755859375,1348.1786,1.82759,28.0,,,0.34373,0.34120998,False,False,,0.5,2115810.0,1235121.0,0.7854365996942136,-2.05,-3.87,-6.28,,-0.14414015301718797,0.2239051809520874,43.02189451127179,-0.04576645583443695,-0.041829539410180305,False,0.24456334042167843,,0.473,India,True,True,40.09314718823121,31.359357305015994,40.72018218047253,57.29715558839389,78.11230994513147,16.83673469387755,66.65268456375838,48.49699398797595,50.0,,50.0,44.91766973796425,standard,623,13965026,False,43.9,False,58.55704697986577,16.610738255033556,28.02013422818792,50.041946308724825,50.041946308724825,50.041946308724825,5,NEUTRAL,0,NEDTREND,True,2,0.2857142857142857,LÅG,EJ AKTUELL,-1.5
TLS.AX,Telstra Group Limited,Communication Services,Telecom Services,Australia,AUD,56141246259.95567,4.012829999999999,1.9029370000000014,3.06,0.8767142999999997,2.4236422,3.322,-2.5604999999999993,-0.032034995,0.006099996500000003,-0.137770001,-0.17671501,0.11162503000000001,-0.057999999999999996,0.04200000000000001,0.094,78.34850000000002,-0.7174999999999999,0.433,2534249984.0,1436000000.0,18752000000.0,76944818176.0,44968000000.0,,22717000000.0,,,3312000000.0,,2172000000.0,,4.17,0.9596,0.21,3.76,0.105,1771977600.0,0.132,5.579999923706055,4.610899991776986,5.039999961853027,5.22286,2.85714,14.0,,,0.00465,0.30474,False,False,,0.5,23075696.0,23272651.0,0.9944389801235659,-0.59,-5.62,6.7,6.35,-0.09677418803518134,0.14280347784304018,43.33333686546192,-0.02082685979703125,0.006886569846984214,True,0.5486393585670397,,0.5,Australia,True,True,,36.13523923934725,48.557357077382306,40.74082126711652,58.86832176861782,50.255102040816325,66.65268456375838,84.3687374749499,50.0,,50.0,44.85502752648389,standard,626,81926494,False,60.7,False,88.42281879194631,50.92281879194631,56.45973154362416,50.041946308724825,50.041946308724825,50.041946308724825,5,NEUTRAL,0,VARNING,False,1,0.14285714285714285,LÅG,EJ AKTUELL,-3.9
4661.T,"Oriental Land Co., Ltd.",Consumer Cyclical,Leisure,Japan,JPY,4475606443323.0,16.34615375,12.012192000000002,8.1019,2.350348575,6.352532,5.969,5.656000000000001,0.010075,0.015809999999999998,0.13817499700000002,0.11339500000000001,0.09235500999999996,-0.072,-0.321,-0.214,-11.931499999999996,1.5259999999999998,3.058,41102812160.0,597097971712.0,326706003968.0,4205214433280.0,1629076000000.0,,704539000000.0,,,168413000000.0,,121881000000.0,181281000000.0,0.59,0.2018,16.0,0.29,8.0,1790640000.0,0.293,3696.72509765625,2103.0,2729.5,2957.6929,2.5,14.0,,,0.30672002,0.17372999,False,False,,0.5,6376570.0,6165350.0,1.1440512493860244,18.67,3.53,-5.36,,-0.2616437717452882,0.3073358324459244,67.76923076923077,0.164179359114891,-0.01744719903134484,True,0.8824779951003022,,0.257,Japan,True,True,59.598750573773245,70.31509192229184,40.16510105323086,15.849187514266278,75.36519861476889,10.459183673469388,66.65268456375838,60.320641282565134,50.0,,50.0,44.78552064169387,standard,627,103652679,False,43.7,False,65.60402684563759,10.318791946308725,21.644295302013422,50.041946308724825,50.041946308724825,50.041946308724825,6,NEUTRAL,0,NEDTREND,True,3,0.42857142857142855,LÅG,EJ AKTUELL,1.4
IVZ,Invesco Ltd.,Financial Services,Asset Management,United States,USD,13134878745.240664,,-3.554342499999999,0.9008,-1.4758457000000003,1.9924275,2.702,4.61475,-0.150327497,0.007270002999999997,-0.29169001000000006,-0.18366749000000002,-0.16291,0.07699999999999999,0.21699999999999997,0.166,-52.192,-0.8719999999999999,0.822,45425024.0,806899968.0,1966700032.0,17812480000.0,27094000000.0,,6377100000.0,,,-695700000.0,,-281700000.0,1525300000.0,2.84,0.5646,0.86,4.18,0.215,1778803200.0,1.597,31.020000457763672,17.110724539883005,29.6299991607666,31.33333,2.46154,12.0,3.13,0.0594,0.00603,0.97240996,False,False,,0.852,5317929.0,4777190.0,1.0420365591552434,1.47,24.37,6.56,,-0.04480984127932797,0.333248163845495,72.9194209217309,0.06826651835215736,0.15966180033836785,True,0.8301668164279091,,0.615,US,True,True,54.48416385844314,22.135436927611245,75.12097922003986,62.55080187037931,21.119926653533614,76.27551020408163,66.65268456375838,50.300601202404806,50.0,37.66730401529637,95.2,44.72603518804769,holding,630,141548136,False,58.6,False,61.07382550335571,76.59395973154362,62.332214765100666,50.041946308724825,50.041946308724825,50.041946308724825,4,NEUTRAL,0,UPPTREND,False,3,0.42857142857142855,LÅG,EJ AKTUELL,4.2
STT,State Street Corporation,Financial Services,Asset Management,United States,USD,50133215375.0,-1.6348810000000018,-0.7196990000000003,1.2489,-0.7262585000000001,3.4831667,,,-0.022367496999999993,-0.011549997,-0.04182001000000002,-0.09648749000000004,-0.45206,-0.092,-0.374,-0.237,,,,,,,,366047000000.0,,13965000000.0,,,,,2945000000.0,11898000000.0,1.97,0.333,3.68,3.0,0.84,1790812800.0,1.433,192.50999450683594,102.75721632197907,182.5,182.25,2.125,14.0,0.02,0.0001,0.00366,0.96764,False,False,,0.705,2333477.0,3049530.0,1.0708921472048762,7.07,29.25,37.05,,-0.051997271790896527,0.24349032048328653,72.58761721389124,0.11038904125991866,0.35115775849676467,True,0.776825003783848,,0.917,US,True,True,,24.338187054943017,87.9020779960148,32.0814092174061,46.49045659720297,52.636054421768705,66.65268456375838,,50.0,98.75717017208413,70.5,36.63909978853021,holding,878,556539225,False,43.9,False,27.936241610738254,53.27181208053692,42.70134228187919,50.041946308724825,50.041946308724825,50.041946308724825,0,SVAG,-8,UPPTREND,False,2,0.2857142857142857,LÅG,EJ AKTUELL,-4.1
6976.T,"Taiyo Yuden Co., Ltd.",Technology,Electronic Components,Japan,JPY,1380996074605.0,77.7379125,36.799479000000005,0.9868,0.43270139999999957,3.8863966,4.087,7.5402499999999995,-0.060797499999999983,-0.028360002000000006,-0.015805000999999992,-0.03323249499999999,-0.06451499000000005,-0.11399999999999999,,,37.0115,1.333,1.984,-29457313216.0,100071997440.0,171211997184.0,1452133711872.0,615536000000.0,,355341000000.0,,,19996000000.0,,14806000000.0,58117000000.0,0.82,0.8368,90.0,2.24,45.0,1790640000.0,1.64,24065.0,2460.8284671054994,11035.0,16106.25,2.625,16.0,,,0.01671,0.59496,False,False,,0.5,17986785.0,25195040.0,1.263554728918148,-44.44,88.73,223.76,,-0.5414502389362144,0.8316495543102701,28.461757179414278,-0.23831729899790577,0.6643308936977728,False,0.09510287983846667,,0.662,Japan,True,True,38.37283505558603,32.122913841383685,68.23228010247651,32.782066926362226,37.471991701550216,15.731292517006803,66.65268456375838,34.06813627254509,50.0,,50.0,36.52047226045098,standard,879,1712486222,False,37.5,False,27.936241610738254,15.52013422818792,38.00335570469799,50.041946308724825,50.041946308724825,50.041946308724825,2,SVAG,-8,VARNING,False,2,0.2857142857142857,LÅG,EJ AKTUELL,-8.3
MKTX,MarketAxess Holdings Inc.,Financial Services,Capital Markets,United States,USD,4044389859.8578033,-4.321163,0.19148850000000017,0.973,0.5740596999999998,4.6430025,4.445,0.026750000000000718,0.108002503,0.08837999899999999,0.10047998999999999,0.06412252999999996,0.16852999999999996,0.05499999999999999,4.367,4.17,-42.769999999999996,3.247,4.275,-1070224624.0,477640000.0,291960992.0,3872230656.0,1934886000.0,,846268000.0,,,341838000.0,,246627000.0,382139000.0,2.7,0.36259997,3.12,1.2,0.78,1779235200.0,0.87,211.06259451117256,108.75,113.80000305175781,154.0,2.5,11.0,2.46,0.076799996,0.009330001,1.11625,False,False,,0.756,664891.0,528760.0,0.532857282157832,-8.82,-34.05,-33.48,,-0.4608234428496337,0.2869681582951176,53.028854177555985,-0.08651756671703636,-0.28328655402387715,True,0.38834523866861137,,0.884,US,True,True,32.386001052384096,79.66876840918904,5.792769712496441,84.79454928429782,67.2393679301477,90.7312925170068,66.65268456375838,3.807615230460922,50.0,28.489483747609945,75.6,44.48454554412513,holding,639,60172890,False,47.9,False,27.936241610738254,90.85570469798657,31.79530201342282,50.041946308724825,50.041946308724825,50.041946308724825,4,NEUTRAL,0,NEDTREND,True,4,0.5714285714285714,MEDEL,EJ AKTUELL,-3.2
GGBR4.SA,Gerdau S.A.,Basic Materials,Steel,Brazil,BRL,29957923589.662544,15.655857999999995,0.0724525000000007,89.38,0.01618525000000004,0.682018,0.828,-0.5140000000000002,-0.09416999,-0.015910001999999993,-0.044655003,-0.03309000000000002,-0.17865999999999999,-0.143,-0.043999999999999984,0.337,-44.602999999999994,0.823,1.237,613235840.0,5589834752.0,15374748672.0,57282547712.0,81688175000.0,,69858532000.0,,,5607950000.0,,1387020000.0,7987454000.0,2.84,0.747,0.68,7.62,0.18,1778716800.0,0.901,24.649999618530273,15.331572017473457,24.040000915527344,27.1,1.8,15.0,,,0.0,0.74022,False,False,,0.5,10529400.0,9817900.0,0.5901440571813601,11.04,12.52,9.66,,-0.02474639807070711,0.2671247354923938,79.06974681073793,0.04942021555599352,0.17087446357850333,True,0.9459701018768313,,0.0,LatAm,True,True,,26.565920005198752,74.50896669513237,30.929131901433983,63.041693184651365,61.73469387755102,66.65268456375838,61.82364729458918,50.0,,50.0,36.48152464526404,commodity,880,46181094,False,64.1,False,76.09060402684564,62.248322147651,87.83557046979867,50.041946308724825,50.041946308724825,50.041946308724825,3,SVAG,-8,UPPTREND,False,3,0.42857142857142855,LÅG,EJ AKTUELL,
CMG,"Chipotle Mexican Grill, Inc.",Consumer Cyclical,Restaurants,United States,USD,44177357198.43292,4.13056025,8.846685,1.8409,14.868503075,3.639414,4.0,5.719500000000002,0.34375997,0.06819000300000003,0.035509995,0.02203999999999999,-0.05557002,0.0010000000000000009,-0.286,-0.217,139.093,-0.4464999999999999,0.781,271472256.0,871422016.0,5245879808.0,48551817216.0,8994531000.0,,11925601000.0,,,2012808000.0,,1535761000.0,2113926000.0,,0.0,,,,,0.964,54.290000915527344,28.040000915527344,34.439998626708984,43.1875,1.68571,32.0,2.21,0.0458,0.0066299997,0.92594004,False,False,,0.809,19460667.0,17246020.0,0.9887042295955908,5.61,-1.82,-15.15,,-0.3656290652804375,0.398643996750923,54.841545571221054,0.058018965465269634,-0.0234497240478051,True,0.5926872295769252,,0.854,US,True,True,54.998040774286,70.03741552210334,26.345004269854826,40.13237192639684,28.1046689080878,54.93197278911565,11.703020134228188,53.90781563126252,50.0,49.521988527724666,90.9,36.421453386126224,standard,882,593952905,False,52.6,False,62.58389261744966,55.536912751677846,40.52013422818792,50.041946308724825,50.041946308724825,50.041946308724825,3,SVAG,-8,NEDTREND,True,1,0.14285714285714285,LÅG,EJ AKTUELL,-6.3
HDFCBANK.NS,HDFC Bank Limited,Financial Services,Banks - Regional,India,INR,12622829009051.566,-2.1104000000000003,-3.517135999999999,0.89,-1.6155572500000002,4.455399,6.17,,-0.018227497000000002,-0.008660000000000008,0.0035899969999999837,0.021957530000000003,-0.41420999000000003,-0.082,-0.05800000000000001,0.08,,,,,1244322070528.0,5884845490176.0,17480777990144.0,48187671100000.0,,2371508200000.0,,,,,673508300000.0,1195617400000.0,1.61,0.2176,13.0,1.04,13.0,1781827200.0,0.422,1003.8961237048558,714.8271607333363,819.5999755859375,1040.625,1.15,40.0,,,0.00153,0.61209,False,False,,0.5,36423008.0,32800664.0,0.5429696099807136,4.27,2.64,-9.97,,-0.18358089424509139,0.20166777960377755,59.30753608869861,0.061108173958920764,-0.058157851033658,False,0.7315161994709131,,0.92,India,True,True,,38.47403264204847,42.499288357529174,47.62490246964502,84.47650840477485,5.86734693877551,66.65268456375838,,50.0,,50.0,36.34113409550926,standard,883,279221261,False,35.3,False,27.936241610738254,5.7885906040268456,33.13758389261745,50.041946308724825,50.041946308724825,50.041946308724825,0,SVAG,-8,NEDTREND,True,2,0.2857142857142857,LÅG,EJ AKTUELL,-9.7
ORCL,Oracle Corporation,Technology,Software - Infrastructure,United States,USD,364120349658.59985,-10.796141000000002,-7.915706,0.7019,4.299629299999999,5.405828,7.5,-0.09525000000000095,0.38704750000000004,0.0014399999999999968,0.146910002,0.217382505,0.20616,0.063,0.0030000000000000027,0.256,339.01,-0.5665,1.012,-25353187584.0,31893999616.0,167431995392.0,505160335360.0,261759000000.0,,67357000000.0,,,22444000000.0,,17087000000.0,31977000000.0,1.61,0.3431,2.0,1.28,0.5,1783641600.0,1.712,341.8240176765686,121.5,126.41000366210938,251.8495,1.51163,40.0,1.34,0.024400001,0.40479,0.43932,False,False,,0.788,30146361.0,43606850.0,1.0015742039161448,-32.64,-28.87,-34.25,,-0.6301898136902785,0.6538897682204575,28.174490135037075,-0.2902305575179329,-0.3353855575786975,False,0.19163990884502596,,0.838,US,True,True,,79.83445234856912,4.184457728437233,65.08531590081894,10.165023901807158,22.789115646258505,66.65268456375838,21.743486973947896,50.0,74.47418738049714,78.8,44.303983561725325,standard,644,5512342068,False,37.0,False,27.936241610738254,22.483221476510067,27.684563758389263,50.041946308724825,50.041946308724825,50.041946308724825,4,NEUTRAL,0,NEDTREND,True,3,0.42857142857142855,LÅG,EJ AKTUELL,-4.4
ADANIENT.NS,Adani Enterprises Limited,Energy,Thermal Coal,India,INR,4276266577841.8257,18.927756000000002,33.065648,,1.4686496,4.4766145,5.112,24.77025,-0.000572497499999991,-0.03490249925000001,-0.026820000000000017,-0.1312875,0.04723000999999999,0.15450000000000003,,,106.247,-0.06250000000000011,0.421,-333298243584.0,98084003840.0,1066217897984.0,5136438001664.0,2616003500000.0,,1002670200000.0,,,84377600000.0,,93394700000.0,23569100000.0,0.04,0.0171,1.3,0.05,1.3,1781222400.0,0.825,3245.0,1752.216581309528,3160.699951171875,3394.0,1.33333,3.0,,,0.74998003,0.16763,False,False,,0.5,2525196.0,1788843.0,0.5245528167745427,4.89,42.05,46.85,,-0.02597844339849764,0.34946350309405305,66.37474943513229,0.07073371498071146,0.3058048705614189,False,0.676197144317245,,0.167,India,True,True,17.91577568544911,34.56581528197874,93.45288926843153,45.40995916834843,41.11582063844661,10.799319727891156,23.48993288590604,17.13426853707415,50.0,,50.0,36.27979680986182,standard,886,58724511,False,36.0,False,27.936241610738254,10.654362416107382,32.88590604026846,50.041946308724825,50.041946308724825,50.041946308724825,1,SVAG,-8,UPPTREND,False,1,0.14285714285714285,LÅG,EJ AKTUELL,-5.3
HOOD,"Robinhood Markets, Inc.",Financial Services,Capital Markets,United States,USD,79086821687.72878,33.493766,19.683299500000004,2.8713,6.8435443,19.51322,18.366,,0.07963251299999999,0.032310003,0.15645998999999997,0.010522509999999957,0.47033,0.087,-0.10600000000000001,0.042,73.462,-0.5799999999999997,1.07,,19270000640.0,13610000384.0,84723482624.0,38137000000.0,,4473000000.0,,,2094000000.0,,1883000000.0,1638000000.0,,0.0,,,,,2.336,153.86000061035156,63.51499938964844,99.95999908447266,118.28462,1.71429,26.0,1.11,0.0481,0.00717,0.73353,False,False,,0.646,29351520.0,22360010.0,1.018481494484377,3.36,15.09,-16.47,,-0.3503184798652117,0.6992495621720813,51.14765626777474,0.0745868029996295,-0.017559558983498147,False,0.2370961257839472,,0.837,US,True,True,,78.5824239256623,38.82721320808425,55.09597955206151,14.79059971493161,43.87755102040816,11.703020134228188,,50.0,47.89674952198853,64.60000000000001,36.23797989004167,holding,887,2235106579,False,36.4,False,27.936241610738254,43.288590604026844,2.5587248322147653,50.041946308724825,50.041946308724825,50.041946308724825,3,SVAG,-8,NEDTREND,True,1,0.14285714285714285,LÅG,EJ AKTUELL,-6.5
7013.T,IHI Corporation,Industrials,Specialty Industrial Machinery,Japan,JPY,2826921781012.0,-6.9641889999999975,-18.0546112,1.6834,1.9218183749999995,1.7201645,1.939,3.8225000000000007,0.16557498,-0.004260000000000007,0.043224994999999995,-0.0009475030000000023,-0.06414499000000004,0.009499999999999995,1.032,1.113,32.8785,-0.5305,0.714,-18799187968.0,159183994880.0,489893003264.0,3186918686720.0,2428559000000.0,,1643402000000.0,,,165534000000.0,,160992000000.0,121360000000.0,0.86,0.1317,23.0,1.58,11.5,1790640000.0,0.875,4684.577361328125,2081.365303840429,2666.5,3735.0,2.08333,12.0,,,0.05061,0.62383,False,False,,0.5,18068047.0,13234250.0,1.1287253981474172,-6.96,-15.43,-21.83,,-0.430791767468214,0.5219773454691314,49.52004517221909,-0.021582786608545068,-0.14254857888741612,False,0.19027296984821862,,0.669,Japan,True,True,50.1305404104298,57.533632981331586,13.008824366638201,70.2446846741748,34.70184121870695,12.5,66.65268456375838,42.48496993987976,50.0,,50.0,36.12421493240009,standard,893,217360497,False,41.5,False,27.936241610738254,12.332214765100671,67.70134228187919,50.041946308724825,50.041946308724825,50.041946308724825,3,SVAG,-8,NEDTREND,True,2,0.2857142857142857,LÅG,EJ AKTUELL,-8.7
ASAN,"Asana, Inc.",Technology,Software - Application,United States,USD,1290559156.4429111,,-3.1384050000000006,,7.728478299999999,2.257293,1.974,-29.755249999999997,-1.0222425,-0.16509000000000001,-0.30884999799999996,-0.21894749999999996,0.43299995,-0.04799999999999999,,,131.361,-0.5335000000000001,1.039,-627305872.0,424640000.0,248240000.0,1596220544.0,844088000.0,,790806000.0,,,-197331000.0,,-189024000.0,90361000.0,,0.0,,,,,0.965,15.710000038146973,5.380000114440918,7.690000057220459,9.13462,2.66667,13.0,5.66,0.3861,0.44356,0.65655,False,False,,0.752,6412529.0,5186800.0,1.0186011613724535,4.34,31.45,-32.66,,-0.5105028619638685,0.6022677418703016,65.38462008715115,0.08139274516212591,-0.20548822153359825,True,0.8432033619847711,,1.0,US,True,True,,22.335269329588577,36.26530031312269,62.81093068005819,21.934010604025637,96.1734693877551,11.703020134228188,1.0521042084168337,50.0,11.147227533460804,75.2,36.074889237229684,standard,894,39886492,False,53.0,False,27.936241610738254,97.5251677852349,58.89261744966443,50.041946308724825,50.041946308724825,50.041946308724825,1,SVAG,-8,NEDTREND,True,1,0.14285714285714285,LÅG,EJ AKTUELL,-9.8
BA,The Boeing Company,Industrials,Aerospace & Defense,United States,USD,168720346941.64688,53.3299465,32.305079500000005,23.2221,23.962440575,1.8302563,2.15,-77.665,1.5461099900000002,-0.075519997,-0.079429996,-0.119052503,-0.40381000300000003,0.07150000000000001,,,752.5330000000001,-0.20799999999999996,0.317,1737812480.0,20177999872.0,49614000128.0,198162350080.0,168235000000.0,,89463000000.0,,,-5416000000.0,,2235000000.0,1065000000.0,,0.0,,2.48,2.055,1581552000.0,1.205,254.35000610351562,176.77000427246094,214.02999877929688,270.07693,1.67857,26.0,0.02,0.0002,0.00052,0.75431,False,False,,0.736,6346750.0,4424180.0,0.7973187677749307,-5.92,-2.22,-11.78,,-0.1585217470284206,0.3223339111245823,46.655585498376816,-0.03752151096025713,-0.0209852658766555,False,0.21681094257548675,,0.746,US,True,True,,29.317188493103128,38.71335041275264,69.46807387243629,28.351881544403316,30.612244897959183,11.703020134228188,58.61723446893787,50.0,98.08795411089865,73.6,36.013492916245866,standard,895,946907240,False,53.6,False,67.03020134228188,30.201342281879196,65.43624161073825,50.041946308724825,50.041946308724825,50.041946308724825,2,SVAG,-8,NEDTREND,True,1,0.14285714285714285,LÅG,EJ AKTUELL,-3.8
AIR.PA,Airbus SE,Industrials,Aerospace & Defense,Netherlands,EUR,152974175015.831,3.7598055000000024,4.1210074999999975,1.7119,2.8644668749999997,2.1091447,2.094,4.832499999999999,0.05308498499999997,-0.015259997999999997,0.005144995999999992,-0.090167502,-0.22196000000000002,-0.1345,-0.34500000000000003,-0.261,-15.391999999999996,-0.1260000000000001,0.399,-675055688.0,15776000000.0,14570000384.0,151856168960.0,134939000000.0,,73420000000.0,,,5236000000.0,,5221000000.0,7995000000.0,1.64,0.316,3.2,1.8,3.2,1776729600.0,0.88,217.28503984305604,154.56398910495966,194.32000732421875,216.50291,1.79167,24.0,,,0.2573,0.37469003,False,False,,0.5,1285380.0,917616.0,0.9370205158551662,1.24,12.21,-5.94,9.15,-0.1056908130234131,0.2855295149030939,53.786635592337525,0.053935593158474404,0.03587694261776364,False,0.3673473311440278,,0.699,Europe,True,True,49.61839880879076,37.762960720665525,54.3317481334075,24.448145287726035,50.370712938573966,32.142857142857146,66.65268456375838,43.987975951903806,50.0,,50.0,36.00398898985462,standard,896,204087379,False,43.3,False,27.936241610738254,31.711409395973156,60.40268456375839,50.041946308724825,50.041946308724825,50.041946308724825,3,SVAG,-8,UPPTREND,False,1,0.14285714285714285,LÅG,EJ AKTUELL,-2.1
AV.L,Aviva plc,Financial Services,Insurance - Diversified,United Kingdom,GBp,26105635685234.59,14.739256,1.3959925000000002,1.7099,0.1252110500000001,0.7015301,0.528,0.16575000000000095,-0.029522496999999988,-0.014214998200000002,-0.20773001300000002,-0.30771749000000004,-0.20266499,0.307,9.661999999999999,4.65,28.352000000000004,0.05500000000000005,0.81,-1556112512.0,18200000512.0,12433000448.0,15132325888.0,395304000000.0,,57436000000.0,,,,,1033000000.0,-2563000000.0,5.96,1.3925,0.39,6.3,0.262,1774483200.0,0.62,8964.918811130574,7366.799689899607,8727.926575664664,695.892,2.28571,14.0,,,0.0062,0.71489996,False,False,,0.5,8030795.0,5422493.0,0.8385612405977158,8.83,8.98,4.86,4.86,-0.026435513857824056,0.22056937250724074,69.92095231533531,0.08025929650150387,0.08072843144849351,False,0.8695547355598883,,0.5,UK,True,True,37.2554606419543,19.174310856526695,62.1864202947375,79.90893778794005,66.346805750539,3.826530612244898,28.355704697986578,11.322645290581162,50.0,,50.0,35.892087647408616,standard,897,47327120761,False,43.0,False,27.936241610738254,2.5587248322147653,87.41610738255034,50.041946308724825,50.041946308724825,50.041946308724825,3,SVAG,-8,UPPTREND,False,3,0.42857142857142855,LÅG,EJ AKTUELL,-2.7
CDW,CDW Corporation,Technology,Information Technology Services,United States,USD,17021870513.010666,-15.724490000000003,-8.180281,1.33,1.2796243,0.7431574,0.986,-5.265249999999999,0.29485750000000005,0.003369999999999998,-0.059739996,-0.078437499,-0.23634000000000002,-0.05099999999999999,-0.139,0.047,190.66199999999998,-0.5165,1.015,67662464.0,578600000.0,6146299904.0,22589569024.0,16028200000.0,,22424100000.0,,,1655600000.0,,1066600000.0,1205200000.0,1.87,0.3057,2.52,1.25,0.63,1779408000.0,0.962,180.17785672670044,96.54753314386257,133.24000549316406,147.55556,1.8,9.0,5.07,0.1,0.0044400003,1.03617,False,False,,0.827,2162908.0,2074370.0,1.1036646706586826,2.42,0.54,1.93,,-0.26050843364583487,0.42228325636690667,49.9358451826128,0.06407953057260207,0.005094446879186032,False,0.4142423946380789,,0.707,US,True,True,,42.88126950699869,41.673783091374894,39.89928733861748,25.274108121594512,72.53401360544217,66.65268456375838,50.80160320641283,50.0,22.37093690248566,92.69999999999999,35.84867863680459,standard,898,276389070,False,61.8,False,61.15771812080537,72.90268456375838,86.74496644295301,50.041946308724825,50.041946308724825,50.041946308724825,3,SVAG,-8,UPPTREND,False,1,0.14285714285714285,LÅG,EJ AKTUELL,-4.7
LMT,Lockheed Martin Corporation,Industrials,Aerospace & Defense,United States,USD,117303844309.11255,-6.388166499999997,-4.174927500000001,1.0859,11.392344075,1.5618439,1.812,0.1640000000000006,0.52303999,0.017430003000000006,-0.040209997000000004,-0.026162509,-0.35300000000000004,-0.0655,-0.195,-0.131,200.202,-0.2489999999999999,0.91,3170687488.0,1894000000.0,20696999936.0,136106844160.0,59840000000.0,,75048000000.0,,,7731000000.0,,5017000000.0,8557000000.0,2.69,0.65379995,13.8,2.63,3.45,1780272000.0,0.113,687.4992440281471,399.33920826168827,508.7699890136719,608.421,2.52381,19.0,2.57,0.018099999,0.001,0.75867,False,False,,0.562,1374348.0,862700.0,0.9685022009685782,-5.07,-15.7,-10.11,,-0.2599701113375448,0.27308847551552967,50.71183473611437,-0.021018308177152778,-0.053211022235267635,False,0.38337316057695536,,0.325,US,True,True,82.20110612286024,48.962481892526846,23.854255621975522,20.33087738624117,52.63053318295667,36.564625850340136,66.65268456375838,75.45090180360722,50.0,83.8432122370937,56.2,35.78190985533345,standard,900,438915870,False,58.3,False,79.36241610738254,36.07382550335571,69.96644295302013,50.041946308724825,50.041946308724825,50.041946308724825,3,SVAG,-8,NEDTREND,True,2,0.2857142857142857,LÅG,EJ AKTUELL,-1.5
WOW.AX,Woolworths Group Limited,Consumer Defensive,Grocery Stores,Australia,AUD,47886689258.40622,54.60503675,5.2260445,2.16,6.733533349999999,0.6813507,0.909,4.317,-0.0636875,-0.025977499999999997,-0.191010001,-0.25681999899999997,-0.104495,-0.001999999999999995,-0.5569999999999999,-0.494,291.14,-0.6685000000000002,0.179,905874944.0,1288999936.0,17198000128.0,63914766336.0,33829000000.0,,69077000000.0,,,-1041000000.0,,963000000.0,,2.3,1.7248,0.9,2.86,0.45,1772582400.0,0.27,40.75,25.198903077337572,39.20000076293945,35.98524,2.86667,15.0,,,0.00524,0.32991,False,False,,0.5,2327811.0,1677114.0,1.2976321349062745,2.83,4.56,30.75,29.09,-0.038036791093510325,0.2643652583244536,35.54602560018297,0.05824107871869555,0.19892678694981947,False,0.31229727539133867,,0.5,Australia,True,True,65.45213331691315,17.746878821259834,75.34599534624996,23.604583630878892,44.79314063219336,53.57142857142857,28.355704697986578,65.33066132264528,50.0,,50.0,35.75987623208752,standard,903,45919446,False,62.5,False,74.66442953020133,54.194630872483216,87.91946308724832,50.041946308724825,50.041946308724825,50.041946308724825,2,SVAG,-8,UPPTREND,False,2,0.2857142857142857,LÅG,EJ AKTUELL,-6.8
SFM,"Sprouts Farmers Market, Inc.",Consumer Defensive,Grocery Stores,United States,USD,7126677014.979828,-11.627649249999997,-3.6467954999999996,1.0125,1.0899755500000006,0.800849,1.004,-2.1174999999999997,0.19776749999999998,0.03936250399999999,-0.028054991,-0.035400000000000015,-0.062340000000000007,0.0050000000000000044,-0.119,-0.091,36.932,-0.13549999999999995,0.377,-376636768.0,252160992.0,2060856960.0,8935372800.0,4158649000.0,,8806159000.0,,,691733000.0,,523670000.0,715998000.0,,0.0,,,,,0.672,170.49000549316406,64.75,75.77999877929688,92.28571,2.2,14.0,4.75,0.1443,0.0057599996,1.06121,False,False,,0.497,2255732.0,2065380.0,0.9187882767836176,-9.36,3.54,-6.93,,-0.5555164740590302,0.4717789068087504,38.91985838566248,-0.08995274789680319,-0.07492013271779174,False,0.18135897273449958,,0.895,US,True,True,,57.21333570823337,30.65755764304014,46.969376482831365,44.577336343002806,85.45918367346938,11.703020134228188,25.651302605210418,50.0,15.105162523900573,49.7,35.74749189353431,standard,904,156514494,False,55.2,False,27.936241610738254,85.65436241610739,85.57046979865773,50.041946308724825,50.041946308724825,50.041946308724825,2,SVAG,-8,NEDTREND,True,0,0.0,LÅG,EJ AKTUELL,-1.8
ROIV,Roivant Sciences Ltd.,Healthcare,Biotechnology,United Kingdom,USD,24822019779.07854,,-38.72663899999999,,1.691382,3005.0872,2591.122,-30.688499999999998,-0.20171,-0.20473999850000002,-0.11926,-146.944015,-0.45206,-0.747,,,-57.269749999999995,16.342750000000002,17.999,-1906922880.0,4291833088.0,107438000.0,21402667008.0,5708687000.0,,8260000.0,,,-1285303000.0,,-299771000.0,-750349000.0,,0.0,,,,,1.108,37.0,10.899999618530273,34.5099983215332,39.31818,1.33333,11.0,5.42,0.060900003,0.23385,0.76171994,False,False,,0.811,5949825.0,4715380.0,0.617648551112729,13.48,18.23,44.94,,-0.06729734266126475,0.41960561631442617,52.69606754625901,0.09677763064491351,0.3532045799939012,False,0.49672595761076344,,0.778,US,True,True,,4.836702357289501,83.46142897808141,34.37514666541512,52.15339532222086,65.47619047619048,11.703020134228188,13.527054108216433,50.0,36.7112810707457,91.10000000000001,43.70764089722175,standard,664,162727756,False,39.8,False,27.936241610738254,65.93959731543623,2.5587248322147653,50.041946308724825,50.041946308724825,50.041946308724825,4,NEUTRAL,0,UPPTREND,False,1,0.14285714285714285,LÅG,EJ AKTUELL,-0.5
DIXON.NS,Dixon Technologies (India) Limited,Technology,Consumer Electronics,India,INR,871230324797.0,19.522864,29.406342499999994,,9.62252675,1.7826487,1.537,19.135250000000003,0.20318750000000002,-0.018480006000000007,-0.08730999100000003,-0.12453249399999998,-0.34063999,-0.12199999999999998,-0.577,-0.36,12.3795,-0.5205,0.612,-9035836416.0,12413700096.0,9942200320.0,751093088256.0,191616400000.0,,488728000000.0,,,14735400000.0,,14386400000.0,17822900000.0,0.06,0.0297,8.0,,8.0,1757980800.0,-0.101,18471.0,9600.0,14329.0,13192.552,2.24138,29.0,,,0.40328,0.35195,False,False,,0.5,672770.0,953519.0,0.9824983217409141,13.13,27.2,29.06,,-0.22424340858643277,0.3912427621385702,81.69261677548971,0.19032784896983346,0.1500369193232527,True,0.9434719752020003,,0.837,India,True,True,34.771834171135566,31.538795638012232,71.76202675775691,24.950440578497048,57.20366231978661,17.687074829931973,23.699664429530202,39.37875751503006,50.0,,50.0,35.613979409577865,standard,907,141908741,False,42.1,False,27.936241610738254,17.449664429530202,66.35906040268456,50.041946308724825,50.041946308724825,50.041946308724825,2,SVAG,-8,UPPTREND,False,1,0.14285714285714285,LÅG,EJ AKTUELL,-13.0
6501.T,"Hitachi, Ltd.",Industrials,Conglomerates,Japan,JPY,21152977621006.0,2.229225000000003,3.8155985,0.13,0.8191193750000003,1.9980557,1.96,-2.0675,0.020924990000000004,0.017619999999999997,0.021054999999999997,0.094422497,0.005255009999999949,0.0445,-0.182,-0.114,-24.103499999999997,-0.6664999999999999,0.793,1182716126208.0,1678783938560.0,1009037017088.0,20745870639104.0,15041246000000.0,,10586781000000.0,,,1199275000000.0,,802368000000.0,1668061000000.0,1.17,0.2831,55.0,1.45,28.0,1790640000.0,0.518,6004.425743829508,3777.929085460556,4717.0,6035.7144,1.57143,14.0,,,0.01723,0.51334,False,False,,0.5,13888693.0,11952610.0,0.9974323711946295,-1.73,-9.64,-10.99,,-0.2144128012828771,0.41575989108459904,60.625574977000916,-0.024683751070015192,-0.030092561115860117,True,0.5383257414890468,,0.675,Japan,True,True,,63.78178694376852,29.94591517221748,42.02903370631698,37.87542007868078,4.421768707482993,66.65268456375838,92.68537074148297,50.0,,50.0,43.601616201031646,standard,668,347270843,False,55.2,False,91.94630872483222,2.5587248322147653,62.16442953020134,50.041946308724825,50.041946308724825,50.041946308724825,4,NEUTRAL,0,NEDTREND,True,2,0.2857142857142857,LÅG,EJ AKTUELL,-1.7
BAJAJFINSV.NS,Bajaj Finserv Ltd.,Financial Services,Financial Conglomerates,India,INR,2964051664272.0,9.962566,3.492699,,0.03096444999999992,1.9759647,4.745,-0.5267500000000007,-0.010387496999999989,0.02344999999999999,-0.19941000300000006,-0.02156248999999999,0.09820001,-0.0030000000000000027,-0.07400000000000001,0.05,233.1655,-1.376,0.11,251104618496.0,90790502400.0,3614400839680.0,7118169571328.0,7584975400000.0,,1371476300000.0,,,,,98009700000.0,-553014100000.0,0.07,0.0164,1.3,0.04,1.5,1782777600.0,0.341,2193.128599829014,1595.6384533474438,1854.0,2162.7334,1.93333,15.0,,,0.63927,0.15534,False,False,,0.5,1121073.0,1220244.0,0.5576192256113895,4.73,0.23,-7.26,,-0.1546323365877651,0.22927556588704162,63.30198080633901,0.041231695174388516,-0.03272542486233665,False,0.5914701806346447,,0.838,India,True,True,,46.52949253142824,43.36749217193282,49.98180436458448,44.44499667127299,12.244897959183673,23.909395973154364,85.67134268537075,50.0,,50.0,35.07729224973974,standard,916,23497428,False,57.4,False,94.63087248322147,12.080536912751679,62.667785234899334,50.041946308724825,50.041946308724825,50.041946308724825,3,SVAG,-8,NEDTREND,True,0,0.0,LÅG,EJ AKTUELL,-8.4
SMIN.L,Smiths Group plc,Industrials,Specialty Industrial Machinery,United Kingdom,GBp,9850603322492.395,10.243248500000004,5.681530499999997,0.833,1.7905127250000006,2.6122396,3.157,4.832,-0.029575009999999985,0.010545001500000005,-0.002149996000000008,0.0001274970000000042,-0.024534979999999984,-0.0785,-0.254,-0.222,-19.814999999999998,1.8659999999999999,0.766,-1424612544.0,345000000.0,1228000000.0,9173982208.0,4232000000.0,,,,,,,,418000000.0,1.83,0.6199,0.47,2.37,0.15,1775088000.0,0.732,34195.00429916382,26012.338482278734,33232.561361312866,2790.0,1.81818,10.0,,,0.00728,0.84935,False,False,,0.5,879635.0,1039308.0,0.9592960724045776,1.01,1.51,3.21,7.98,-0.02814571770281915,0.232969272361517,55.68765923033256,0.03814196827616989,0.06822114703555848,False,0.6617143272476078,,0.5,UK,True,True,24.77446513138008,48.5876809935797,57.739993262247424,21.964386872051556,74.76850143197287,6.972789115646258,66.65268456375838,8.41683366733467,50.0,,50.0,35.02418456941269,standard,919,34538866883,False,38.6,False,27.936241610738254,6.879194630872483,53.7751677852349,50.041946308724825,50.041946308724825,50.041946308724825,3,SVAG,-8,UPPTREND,False,2,0.2857142857142857,LÅG,EJ AKTUELL,-2.5
0083.HK,Sino Land Company Limited,Real Estate,Real Estate - Development,Hong Kong,HKD,101229655590.82495,2.031553500000001,0.9368240000000014,0.34,0.027699370000000112,10.640073,5.525,-1.0184999999999977,-0.02339500600000001,0.0034199969999999975,0.10877003200000002,-0.08347000000000002,0.11496498,0.2895,-0.398,-0.158,-45.315,6.2059999999999995,5.673,-3083357696.0,53209001984.0,5155999744.0,52568260608.0,183613000000.0,,8183000000.0,,,2647000000.0,,4019000000.0,3839000000.0,5.49,1.4146,0.58,6.1,0.15,1773273600.0,0.559,13.279999732971191,8.18892892432797,10.5600004196167,13.34,1.5,10.0,,,0.60333,0.118879996,False,False,,0.5,9105285.0,5721283.0,0.40450105632484257,-5.04,-10.66,1.01,,-0.20481922952162102,0.22928870807775367,57.14286598955788,-0.07287090257974549,-0.04296125499661052,True,0.6612325569094344,,0.5,Asia,True,True,,52.9354779208885,35.1978366068887,38.740467945107156,83.42011892028519,38.775510204081634,28.355704697986578,18.637274549098194,50.0,,50.0,42.939953065263786,standard,692,7706513,False,36.9,False,27.936241610738254,38.25503355704698,10.906040268456376,50.041946308724825,50.041946308724825,50.041946308724825,4,NEUTRAL,0,NEDTREND,True,1,0.14285714285714285,LÅG,EJ AKTUELL,-5.6
TROAX.ST,Troax Group AB (publ),Industrials,Metal Fabrication,Sweden,SEK,8378346480.0,291.4809265,183.5802695,,43.286535175,29.769566,30.428,172.5755,-0.14025001099999998,-0.0012599969999999988,-0.059285001,-0.012967496999999995,-0.061450000000000005,0.1575,,,68.543,0.2875000000000001,1.317,-864870242.0,15000000.0,200200000.0,8563546624.0,398997000.0,,262440000.0,,,33142000.0,,13453000.0,34546000.0,1.81,6.0,2.6,1.81,0.24,1776902400.0,1.183,163.65773798126023,88.4150972366662,140.0,157.75555,1.5,4.0,,,0.05954,0.84071,False,False,,0.5,72333.0,120409.0,2.2557561697088233,31.58,26.39,-5.59,,-0.1445561833682999,0.5681854543446927,75.77904403663797,0.28683567541641364,0.15399704235306322,True,1.0801173301658575,,0.165,Nordic,True,True,9.07295037001377,33.99482261416038,59.72103615143752,45.480798563852254,34.574872615582265,83.078231292517,28.355704697986578,11.923847695390782,50.0,,50.0,34.92400536156806,standard,922,1747757,False,42.4,False,27.936241610738254,83.30536912751678,2.5587248322147653,50.041946308724825,50.041946308724825,50.041946308724825,2,SVAG,-8,UPPTREND,False,0,0.0,LÅG,EJ AKTUELL,3.1
BX,Blackstone Inc.,Financial Services,Asset Management,United States,USD,94190160050.61703,15.103767,4.228025499999999,1.5156,9.0848393,10.773949,8.721,,0.16035252300000002,0.11072000300000001,-0.042640010000000006,0.005652509999999972,0.54794,-0.006999999999999999,-0.094,0.057,5.001000000000005,-0.7979999999999998,0.847,,2605123072.0,15424749568.0,125552992256.0,47708975000.0,,12410012000.0,,,,,3019214000.0,4663161000.0,3.85,1.2154,4.97,3.38,1.16,1777852800.0,1.58,184.5430839688078,100.79603809633919,126.91000366210938,140.8,2.04545,20.0,3.99,0.0313,0.0107700005,0.73739,False,False,,0.693,5201766.0,3834030.0,0.9593808591059116,-0.75,-0.03,-18.36,,-0.3123014911598626,0.3493029365602891,70.2855255773077,0.05726617808219947,-0.03804196148577266,True,0.8260240788840564,,0.998,US,True,True,,72.67602221345808,29.348135496726446,53.81206560610923,37.83249643642153,40.30612244897959,28.355704697986578,,50.0,63.862332695984705,69.3,34.90361189272706,holding,923,486576761,False,37.1,False,27.936241610738254,39.76510067114094,10.654362416107382,50.041946308724825,50.041946308724825,50.041946308724825,2,SVAG,-8,NEDTREND,True,1,0.14285714285714285,LÅG,EJ AKTUELL,-4.8
PEN,"Penumbra, Inc.",Healthcare,Medical Devices,United States,USD,12519979494.07196,44.529905,34.522221,4.0936,4.694046999999999,8.609039,8.334,45.5025,0.0015600000000000058,0.005789997499999994,-0.0016400000000000026,-0.091175005,0.22178999999999993,0.076,-0.2975,-0.169,-44.63175,3.9937500000000004,3.773,-674637632.0,615660032.0,216175008.0,12120494080.0,1826519000.0,,1403665000.0,,,189249000.0,,177687000.0,238663000.0,,0.0,,,,,0.699,362.4100036621094,221.25999450683594,318.32000732421875,362.53845,2.6875,13.0,4.9,0.0596,0.02898,0.87084,False,False,,0.1,444854.0,364840.0,1.2433879541133714,-0.04,-3.97,1.56,,-0.12165777956559287,0.33222285070859126,55.752219743145496,-0.0053861207295339275,0.018830397533783794,True,0.7113785161032069,,0.703,US,True,True,17.127999014789356,51.43404058604824,46.313692001138634,42.36359067122009,66.65752135945115,77.29591836734694,11.703020134228188,19.839679358717436,50.0,37.2848948374761,10.0,34.87878432912143,standard,925,116135871,False,43.3,False,27.936241610738254,77.6006711409396,14.513422818791947,50.041946308724825,50.041946308724825,50.041946308724825,3,SVAG,-8,VARNING,False,1,0.14285714285714285,LÅG,EJ AKTUELL,-6.1
TCS.NS,Tata Consultancy Services Limited,Technology,Information Technology Services,India,INR,8209440578342.0,-18.240174000000003,-9.2156845,2.8762,1.1491711499999995,2.9759552,2.858,-10.16575,0.30928750000000005,0.175039997,0.06377000899999999,0.08622750500000002,-0.010319990000000001,-0.003999999999999976,-0.16999999999999998,0.046,4.1335,0.6914999999999998,2.045,379007428608.0,450310012928.0,113090002944.0,7883430821888.0,1823720000000.0,,2670210000000.0,,,670220000000.0,,492100000000.0,520940000000.0,2.95,0.38509998,65.0,1.53,12.0,1784073600.0,0.241,3287.1613923698505,1966.0205187179013,2269.0,2481.0476,2.04762,42.0,,,0.71795,0.17536,False,False,,0.5,5118659.0,5967760.0,1.0684182333125474,3.55,-11.42,-26.25,,-0.30973879004943405,0.2640498301186484,65.84597308267465,0.042516911778000877,-0.14387086149844985,True,1.094917329705774,,0.684,India,True,True,,78.14587963409876,18.104184457728437,42.7193035455069,81.30847260660799,7.653061224489796,66.65268456375838,90.48096192384769,50.0,,50.0,42.80428304780541,standard,696,140640291,False,53.1,False,89.01006711409396,7.550335570469799,47.73489932885906,50.041946308724825,50.041946308724825,50.041946308724825,4,NEUTRAL,0,NEDTREND,True,3,0.42857142857142855,LÅG,EJ AKTUELL,12.3
TLN,Talen Energy Corporation,Utilities,Utilities - Independent Power Producers,United States,USD,17797425778.475952,,-4.680031,,13.078801529999998,5.499822,7.014,21.405250000000002,-0.116395,-0.014389998999999997,-0.1386849985,-0.05098251000000002,-0.05064000000000002,0.888,,,480.3945,0.32250000000000023,0.979,570437504.0,1026000000.0,6817999872.0,22695739392.0,10905000000.0,,2626000000.0,,,16000000.0,,-219000000.0,704000000.0,,0.0,,,,,1.619,451.2799987792969,300.0,372.3699951171875,473.66,1.58824,16.0,2.56,0.059499998,0.014400001,1.09136,False,False,,0.455,802553.0,620640.0,0.6055347371731951,-8.4,2.75,-0.66,,-0.17485818976147693,0.5324560311144135,38.73579160302515,-0.01636444172813778,0.005019146411962883,False,0.28514025054382863,,0.482,US,True,True,60.319633680769364,25.295691403463906,47.18189581554227,58.843337870183504,23.292820821472088,71.68367346938776,11.703020134228188,76.75350701402806,50.0,37.476099426386234,45.5,34.77780494537363,standard,927,231107714,False,57.9,False,82.21476510067114,72.06375838926175,26.845637583892618,50.041946308724825,50.041946308724825,50.041946308724825,2,SVAG,-8,VARNING,False,1,0.14285714285714285,LÅG,EJ AKTUELL,-7.9
AMPL,"Amplitude, Inc.",Technology,Software - Application,United States,USD,997124065.2221489,,52.11437299999999,,0.4628413,3.5687013,3.087,-28.62825,-0.5002624999999999,-0.20511999999999997,-0.357879998,-0.402837495,0.28364,0.026000000000000023,,,-45.19,-0.1665000000000001,1.283,-763554380.0,181924992.0,10148000.0,1101367808.0,420684000.0,,343214000.0,,,-96005000.0,,-88541000.0,29824000.0,,0.0,,,,,1.447,14.489999771118164,5.510000228881836,9.600000381469727,10.86364,1.75,11.0,3.17,0.090500005,0.05489,0.80958,False,False,,0.803,2514504.0,1891500.0,0.49749164761922854,44.36,41.38,-6.16,,-0.33747408329124395,0.6226885055919977,81.37540216957059,0.2852782584790565,0.1125307905507722,True,0.7635329000294759,,0.497,US,True,True,,19.065434233762822,50.02846569883291,41.03712981649223,21.379009501319373,96.85374149659864,11.703020134228188,,50.0,24.282982791587,90.30000000000001,34.724814162432295,standard,929,18158401,False,50.3,False,27.936241610738254,97.5251677852349,41.442953020134226,50.041946308724825,50.041946308724825,50.041946308724825,2,SVAG,-8,UPPTREND,False,0,0.0,LÅG,EJ AKTUELL,-4.2
DIM.PA,Sartorius Stedim Biotech S.A.,Healthcare,Medical Instruments & Supplies,France,EUR,18066855952.292786,42.919021,15.808774,1.6457,1.8107106999999996,6.0537653,6.737,13.387,-0.05089500100000002,-0.005060003500000004,0.010614988999999991,0.03412000000000001,0.07151002000000001,-0.057,-0.08349999999999999,0.029,8.925250000000002,-0.8862500000000001,0.512,-334868192.0,521200000.0,2614599936.0,20106209280.0,7984000000.0,,2967500000.0,,,539400000.0,,265600000.0,692200000.0,0.37,0.25,0.69,0.39,0.69,1774915200.0,1.153,223.09188746111425,150.0,185.6999969482422,232.2143,1.57143,14.0,,,0.715,0.117419995,False,False,,0.5,91437.0,65508.0,1.3840687762052222,12.21,-0.54,-9.62,6.55,-0.16760757613559396,0.39032797132215585,59.29646333907902,0.06498897577688245,0.004283348586912261,True,0.71356557223554,,0.296,Europe,True,True,34.81661647316981,49.68975494562166,41.35990958876206,27.804992128641295,36.99063028835395,71.25850340136054,66.65268456375838,35.77154308617235,50.0,,50.0,34.67943195336256,standard,930,13923355,False,43.7,False,27.936241610738254,71.64429530201343,22.90268456375839,50.041946308724825,50.041946308724825,50.041946308724825,2,SVAG,-8,UPPTREND,False,1,0.14285714285714285,LÅG,EJ AKTUELL,
ELISA.HE,Elisa Oyj,Communication Services,Telecom Services,Finland,EUR,5655434191.673798,-0.45670199999999816,-0.7497879999999988,5.07,1.0813601,2.5172179,3.18,-2.5974999999999984,0.10736000500000002,0.028399999499999995,0.06706999999999999,0.05867999999999998,0.024370000000000003,-0.061,-0.088,-0.014,60.3935,0.15100000000000013,1.324,-731249992.0,114700000.0,1596999936.0,7144010752.0,3515700000.0,,2257100000.0,,,462600000.0,,342000000.0,688600000.0,6.81,0.831,2.4,4.4,0.6,1792713600.0,,51.90353012084961,33.40977239614927,35.220001220703125,41.10526,2.68421,19.0,,,0.11387999,0.51453996,False,False,,0.5,304627.0,534394.0,1.195545019538444,-5.81,-13.33,-1.92,,-0.3214334142841804,0.34505342506430536,42.13614318734883,-0.07583475329868872,-0.09569218329673568,True,0.4026334152924998,,0.145,Nordic,True,True,,71.25384300184724,25.732991744947338,23.95658435781015,48.212396022045766,87.84013605442176,66.65268456375838,11.823647294589177,50.0,,50.0,34.6065925832687,standard,932,21542127,False,51.0,False,27.936241610738254,88.00335570469798,55.11744966442953,50.041946308724825,50.041946308724825,50.041946308724825,3,SVAG,-8,NEDTREND,True,2,0.2857142857142857,LÅG,EJ AKTUELL,-12.7
SBIN.NS,State Bank of India,Financial Services,Banks - Regional,India,INR,9639534395773.549,-8.847544000000001,-6.307850999999999,0.53,-2.1512925500000004,2.5590885,4.296,,-0.0016374970000000086,-0.014610001000000004,-0.043610003000000036,-0.09383251000000004,-0.41420999000000003,0.006999999999999992,-0.164,0.002,,,,,2256107732992.0,8610153758720.0,16181263073280.0,83215685742000.0,,3817091770000.0,,,,,832987824000.0,380973900000.0,1.66,0.1744,17.35,1.51,17.35,1778803200.0,0.362,1212.8384373028666,772.62337460265,1044.300048828125,1200.079,1.48718,38.0,,,0.57004,0.2944,False,False,,0.5,14890767.0,10079046.0,0.8265289066990367,0.15,-4.38,3.38,,-0.13896194521138405,0.2261151165384316,52.92860014003221,0.04314885664361445,0.04020339119157024,False,0.7303208795175601,,1.0,India,True,True,,26.12090644722012,45.886706518645035,52.271758264841125,82.63893663979061,7.142857142857142,66.65268456375838,,50.0,,50.0,34.36324169869363,standard,936,109322269,False,38.7,False,27.936241610738254,7.046979865771812,54.446308724832214,50.041946308724825,50.041946308724825,50.041946308724825,1,SVAG,-8,UPPTREND,False,2,0.2857142857142857,LÅG,EJ AKTUELL,-5.6
1818.HK,Zhaojin Mining Industry Company Limited,Basic Materials,Gold,China,HKD,50484855378.511475,1.382635999999998,-3.114245499999999,0.68,1.1705141499999998,3.1868246,3.776,-1.795,0.090190005,0.033260000000000005,0.08042501200000002,0.20153,0.06481500000000001,0.36200000000000004,0.459,0.804,41.73350000000001,-0.6620000000000001,0.635,-7090760576.0,9684997120.0,16349121536.0,73544982528.0,53567945000.0,,11550680000.0,,,3034796000.0,,1450799000.0,2597165000.0,0.66,0.052199997,0.11,0.74,0.114769,1780444800.0,0.86,42.138617502341724,15.819999694824219,17.520000457763672,34.332066,1.2,9.0,,,0.42804,0.17764,False,False,,0.5,20366759.0,13604570.0,1.2555124026038353,-18.89,-46.57,-48.47,,-0.5842293483693419,0.5552282145305576,54.97738152107167,-0.16589154414523966,-0.3944151241877163,True,0.33699800721172596,,0.0,Asia,True,True,,76.65636757340909,2.277255906632508,63.679738577996076,30.87836915030814,52.46598639455783,66.65268456375838,12.324649298597194,50.0,,50.0,42.28403847806256,commodity,713,30403211,False,44.3,False,27.936241610738254,53.104026845637584,45.63758389261745,50.041946308724825,50.041946308724825,50.041946308724825,5,NEUTRAL,0,NEDTREND,True,3,0.42857142857142855,LÅG,EJ AKTUELL,-11.6
SMHN.DE,SUSS MicroTec SE,Technology,Semiconductor Equipment & Materials,Germany,EUR,1515862221.7359924,15.128544999999995,4.281844000000001,4.2,0.5959822999999993,3.2613285,3.105,13.373249999999999,-0.022057505000000005,0.0012699970000000019,0.002044995000000001,-0.07031249199999999,-0.027729979999999987,-0.44999999999999996,-1.068,-0.852,-29.406999999999996,1.4734999999999998,1.519,-594472188.0,121613000.0,48879000.0,1443128192.0,507448000.0,,503180000.0,,,60416000.0,,46107000.0,-1001000.0,0.05,0.16219999,0.04,,0.04,1780531200.0,2.298,118.4000015258789,23.990199211608104,79.30000305175781,107.6875,1.625,8.0,,,0.076469995,0.76392996,False,False,,0.5,119107.0,103329.0,1.0118302392683758,-22.78,18.41,67.86,85.18,-0.33023646934307627,0.7135435177450479,35.477390001766636,-0.1276871826873912,0.37089811135778405,False,0.21873313618943224,,0.499,Europe,True,True,10.568875180528654,43.01353389637705,74.18686686671002,6.4082196057706895,31.17510722047228,95.23809523809523,23.573825503355707,1.0521042084168337,50.0,,50.0,34.16319963024988,standard,940,9378494,False,50.9,False,27.936241610738254,97.5251677852349,44.79865771812081,50.041946308724825,50.041946308724825,50.041946308724825,3,SVAG,-8,VARNING,False,1,0.14285714285714285,LÅG,EJ AKTUELL,-1.0
1299.HK,AIA Group Limited,Financial Services,Insurance - Life,Hong Kong,HKD,778555292982.1697,7.860963499999999,2.8857505000000003,1.01,1.3044239999999998,29.698847,30.624,73.26124999999999,0.03585249799999999,0.018829999999999996,-0.040745008,-0.06937247000000002,0.08103500000000002,-0.0040000000000000036,-0.03900000000000001,0.051,23.8695,0.22000000000000008,0.976,-4158482432.0,8771999744.0,20580999168.0,802813181952.0,345423000000.0,,39604000000.0,,,,,6234000000.0,6970000000.0,2.56,0.3893,1.93,2.22,1.4408,1779926400.0,0.641,90.57969287387601,65.89819765849207,75.55000305175781,104.09742,1.3,17.0,,,0.00042,0.57642,False,False,,0.5,36210668.0,26604610.0,0.7197943144780411,0.47,-8.34,-8.34,,-0.16592780727403966,0.3229392614528658,67.3992946292332,-0.02902707873785182,-0.04877856348913212,True,0.8854896053926196,,0.5,Asia,True,True,32.49364651089889,51.12411196493599,34.64275547964703,40.856882280470536,59.415839723854454,18.112244897959183,66.65268456375838,43.38677354709419,50.0,,50.0,34.10060799487855,standard,941,256384583,False,32.6,False,27.936241610738254,17.869127516778523,2.5587248322147653,50.041946308724825,50.041946308724825,50.041946308724825,2,SVAG,-8,NEDTREND,True,1,0.14285714285714285,LÅG,EJ AKTUELL,-6.0
AXISBANK.NS,Axis Bank Limited,Financial Services,Banks - Regional,India,INR,4132919222423.5,-4.6792120000000015,-5.4147739999999995,0.54,-1.8480647500000003,5.543909,8.658,,-0.024887497,-0.010960000000000004,0.08918002699999997,0.009447509999999992,-0.41420999000000003,-0.174,-0.069,0.017,,,,,946491883520.0,3263375343616.0,6454072836096.0,19460502900000.0,,880673100000.0,,,,,263848500000.0,-86367100000.0,0.08,0.0117999995,1.0,1.03,1.0,1783641600.0,0.422,1417.2070248903838,1041.6966606316682,1328.5,1594.75,1.25641,40.0,,,0.02831,0.71023005,False,False,,0.5,6923490.0,6274648.0,1.8800423683405163,-2.25,-3.5,2.37,,-0.06259284870341719,0.23671387769481073,42.07794567121856,0.01402800962565709,0.03586631254734374,False,0.3800811142767962,,0.46,India,True,True,,41.09139696232553,52.803871335041265,25.23167651092137,79.26728551835299,11.139455782312925,32.718120805369125,,50.0,,50.0,34.003911591426316,standard,942,86579453,False,35.1,False,27.936241610738254,10.98993288590604,26.51006711409396,50.041946308724825,50.041946308724825,50.041946308724825,0,SVAG,-8,UPPTREND,False,1,0.14285714285714285,LÅG,EJ AKTUELL,-7.4
HUBS,"HubSpot, Inc.",Technology,Software - Application,United States,USD,11480027894.881042,85.300435,-5.140067999999999,0.3572,0.4405492999999998,3.480775,3.045,97.51275000000001,-0.09660249999999998,-0.052629999,-0.076369998,-0.11167749499999997,0.38449,0.09100000000000003,,,-37.476,-0.07250000000000001,1.348,-160254144.0,1691052032.0,247291008.0,10042329088.0,3854151000.0,,3131266000.0,,,11415000.0,,45911000.0,760717000.0,,0.0,,,,,1.222,568.1599731445312,169.6300048828125,224.25999450683594,275.7221,1.78788,33.0,3.12,0.157,0.0361,0.98838997,False,False,,0.622,1839541.0,1258540.0,0.8345823504111981,22.65,0.57,-35.05,,-0.6052872340414104,0.6477576257293658,75.54998262255322,0.11793053168573864,-0.24663855337295926,True,0.9130747963226298,,0.894,US,True,True,26.983576090728942,31.260524884033806,19.32820950754341,78.32446496456564,25.774427013340613,78.91156462585033,11.703020134228188,36.47294589178357,50.0,11.47227533460803,62.2,41.954814717395614,standard,723,282240173,False,47.8,False,27.936241610738254,79.19463087248322,42.78523489932886,50.041946308724825,50.041946308724825,50.041946308724825,4,NEUTRAL,0,NEDTREND,True,1,0.14285714285714285,LÅG,EJ AKTUELL,-1.0
COF,Capital One Financial Corporation,Financial Services,Credit Services,United States,USD,128150531880.4531,47.38622999999999,-4.2476804999999995,0.2267,-1.6247811000000003,3.5292482,3.067,,-0.102387497,-0.014689997000000003,-0.16601001,-0.08880749000000002,-0.45206,0.399,-0.165,0.548,,,,,79386001408.0,55874998272.0,111351570432.0,669009000000.0,,53434000000.0,,,,,2453000000.0,27718000000.0,1.51,0.86120003,3.2,1.65,0.8,1779148800.0,1.022,257.5448295944663,174.23209732202199,208.02999877929688,257.5909,1.54167,22.0,2.3,0.0214,0.018919999,0.88045,False,False,,0.702,4699364.0,4485400.0,0.857215143034514,3.69,4.09,-10.54,,-0.1922571340031799,0.32255006658524643,54.22520294924316,0.07810144820586573,0.007988924187576352,True,0.7864661772302486,,0.675,US,True,True,,15.101828948123165,42.75547964702534,63.49838026324315,42.20513048010913,34.94897959183674,66.65268456375838,,50.0,78.58508604206502,70.19999999999999,33.94485188689678,standard,944,933097757,False,41.0,False,27.936241610738254,34.47986577181208,42.197986577181204,50.041946308724825,50.041946308724825,50.041946308724825,0,SVAG,-8,UPPTREND,False,2,0.2857142857142857,LÅG,EJ AKTUELL,-7.8
CEVI.ST,CellaVision AB (publ),Healthcare,Medical Devices,Sweden,SEK,3510947645.610855,1.8197469999999996,2.028877999999999,,0.7271052999999998,4.80562,4.175,0.26700000000000035,0.02532000000000001,0.03789999849999999,0.100264997,0.009830000000000005,0.25792003,-0.22599999999999998,-0.5755,-0.458,-38.290749999999996,1.62725,2.818,-775201240.0,230220992.0,22430000.0,3050330368.0,1094888000.0,,758968000.0,,,202073000.0,,153078000.0,200532000.0,2.01,0.4448,2.75,1.02,2.75,1777420800.0,0.962,188.0184306205176,117.3892388974217,147.1999969482422,171.25,1.5,4.0,,,0.1692,0.72013,False,False,,0.5,56834.0,23942.0,3.014564843364053,4.25,-5.72,-6.07,,-0.21709804479040828,0.42977802400022785,62.13992312206186,0.12558877575623795,-0.006975461801293603,True,1.0766424720044196,,0.0,Nordic,True,True,32.136451674298314,71.89465353379012,34.32963279248506,4.827378222451,50.73390172951947,91.49659863945578,66.65268456375838,4.408817635270541,50.0,,50.0,41.84153097855264,standard,727,365395,False,47.9,False,27.936241610738254,91.61073825503355,30.70469798657718,50.041946308724825,50.041946308724825,50.041946308724825,4,NEUTRAL,0,NEDTREND,True,2,0.2857142857142857,LÅG,EJ AKTUELL,1.2
CINT.ST,Cint Group AB (publ),Technology,Software - Application,Sweden,SEK,2123577809.8732495,,47.671383,,4.963812899999999,14.297781,14.224,137.07325,-0.7040725,-0.110470003,-1.253075001,-0.08973249399999998,0.45378,-0.19599999999999998,,,-7.457000000000001,-0.39800000000000013,1.273,-824098116.0,61880000.0,51711000.0,2112589824.0,367372000.0,,150442000.0,,,-192300000.0,,-177240000.0,43267000.0,,0.0,,,,,1.409,8.1899995803833,2.1519999504089355,5.980000019073486,5.8429003,3.0,2.0,,,0.14107001,0.24686001,False,False,,0.5,2117026.0,826094.0,0.13501734089377374,4.0,33.33,104.79,,-0.2698412301025276,0.8306991092759588,65.3846435999105,0.027314898634569706,0.39970461516616096,False,0.7068549442187184,,0.516,Nordic,True,True,1.6303276944951355,25.025108500219655,74.82208938229434,24.450151358708407,14.604266647739545,93.79251700680273,11.703020134228188,1.0521042084168337,50.0,,50.0,33.73463081617325,standard,948,512183,False,44.8,False,27.936241610738254,93.8758389261745,8.053691275167784,50.041946308724825,50.041946308724825,50.041946308724825,2,SVAG,-8,UPPTREND,False,1,0.14285714285714285,LÅG,EJ AKTUELL,-7.9
ACI,"Albertsons Companies, Inc.",Consumer Defensive,Grocery Stores,United States,USD,7400551803.377923,12.009289749999997,-10.260824,1.3233,0.2043775499999998,0.08897835,0.271,-6.4895,-0.0917325,-0.024657496000000004,-0.082454993,-0.11089000000000002,-0.18026000000000003,0.041,,,726.316,-0.1995,0.15,709100032.0,238300000.0,15296900096.0,22531020800.0,26765900000.0,,83172500000.0,,,715400000.0,,217400000.0,2366700000.0,4.53,1.5,0.68,2.32,0.17,1784851200.0,0.25,20.20954719007569,13.164999961853027,15.109999656677246,20.25,2.10526,16.0,5.95,0.1515,0.01176,0.98772,False,False,,0.692,6877880.0,6380950.0,0.5959663934091929,0.2,-6.76,-13.05,,-0.25233358696441655,0.305595544276848,79.0076253908882,-0.0065485213991941515,-0.09628374150354968,True,0.9630529460294492,,0.92,US,True,True,,19.377207065047816,28.707657272986054,74.53727061529075,46.329080571269245,84.8639455782313,28.355704697986578,83.06613226452906,50.0,13.575525812619501,69.19999999999999,33.72771757940697,standard,949,96416152,False,74.3,True,97.5251677852349,85.06711409395973,97.5251677852349,50.041946308724825,50.041946308724825,50.041946308724825,2,SVAG,-8,NEDTREND,True,1,0.14285714285714285,LÅG,EJ AKTUELL,2.1
0003.HK,The Hong Kong and China Gas Company Limited,Utilities,Utilities - Regulated Gas,Hong Kong,HKD,126887120225.48778,9.746749499999998,7.908303999999999,2.83,1.2585056300000002,2.335648,3.534,4.58575,0.020725004999999998,0.017449997999999998,-0.05126999649999999,-0.10205750000000001,0.028595000000000037,-0.121,-0.03899999999999999,0.02,-25.795000000000016,-0.3435,0.43,-6644532736.0,8012899840.0,61059100672.0,191971524608.0,163555100000.0,,54326300000.0,,,8132100000.0,,5688200000.0,10533000000.0,5.15,1.1589,0.35,4.92,0.23,1780444800.0,0.552,7.511074330032385,6.400000095367432,6.800000190734863,7.34,2.25,10.0,,,0.41854,0.13088,False,False,,0.5,24576654.0,24096367.0,1.2786902280571952,1.34,-3.37,-2.02,,-0.09467009751911959,0.15198486485801277,58.53659954898218,-0.00434471106114831,-0.02412731911152599,True,0.9017098141748143,,0.5,Asia,True,True,38.80005821699264,46.18342826881498,47.59464844861942,31.024046376774756,65.56993019617349,35.034013605442176,28.355704697986578,27.655310621242485,50.0,,50.0,33.64222606533701,standard,952,20900709,False,43.3,False,27.936241610738254,34.56375838926174,57.63422818791947,50.041946308724825,50.041946308724825,50.041946308724825,3,SVAG,-8,NEDTREND,True,1,0.14285714285714285,LÅG,EJ AKTUELL,-7.2
ONCO.ST,Oncopeptides AB (publ),Healthcare,Biotechnology,Sweden,SEK,612460538.9812984,,-18.1406347,,5.049848599999999,7.358209,6.83,-18.273,-6.3609397,-0.6324000015,-2.739585103,-1.6399399000000001,0.5438100000000001,0.8330000000000001,,,140.02325,2.3782499999999995,4.383,-985235368.0,205154000.0,138802000.0,568478912.0,135399000.0,,71118000.0,,,-225888000.0,,-249585000.0,-222884000.0,,0.0,,,,,-1.314,6.960000038146973,1.2549999952316284,1.6059999465942383,2.5,,3.0,,,0.09047,0.09161,False,False,,0.5,6051077.0,1176074.0,0.793327815913743,-1.77,15.46,-63.04,,-0.7692528825011589,0.9802901610944257,47.71929692473588,-0.037354973254988044,-0.47684146461247934,False,0.31377995985154516,,0.5,Nordic,True,True,,20.923871249293157,27.042413891261035,64.54099591683485,52.12817331899686,97.87414965986395,11.703020134228188,,50.0,,50.0,33.53654236256293,standard,954,195828,False,46.8,False,27.936241610738254,97.5251677852349,17.533557046979865,50.041946308724825,50.041946308724825,50.041946308724825,3,SVAG,-8,NEDTREND,True,1,0.14285714285714285,LÅG,EJ AKTUELL,-9.5
KR,The Kroger Co.,Consumer Defensive,Grocery Stores,United States,USD,36035912940.27489,8.43196575,-5.8282454999999995,0.569,2.4514759500000003,0.24242938,0.459,-4.306499999999998,-0.037202490000000005,-0.008317496000000004,-0.077984993,-0.09560000000000002,-0.21226999000000002,-0.013999999999999999,0.068,0.043,266.69100000000003,-0.26649999999999996,0.277,2178062592.0,2872999936.0,24192000000.0,68229169152.0,49953000000.0,,147642000000.0,,,1890000000.0,,1016000000.0,7311000000.0,2.46,0.80120003,1.44,2.01,0.35,1786665600.0,0.435,76.17869785654563,54.150001525878906,58.81999969482422,70.63636,2.08333,22.0,2.9,0.0446,0.08488,0.81689,False,False,,0.286,7441554.0,9000970.0,0.636190064483591,-8.28,-12.75,-4.86,,-0.22786813965250607,0.2811604540099642,54.052044947057965,-0.0507718654777215,-0.09717242239376989,True,0.6618823613848348,,0.703,US,True,True,,25.938224240960615,29.71818958155423,50.826986154918124,46.0709894747417,58.75850340136054,66.65268456375838,83.66733466933867,50.0,50.2868068833652,28.599999999999998,41.52470350617563,standard,743,529437053,False,69.2,False,92.4496644295302,59.312080536912745,97.5251677852349,50.041946308724825,50.041946308724825,50.041946308724825,4,NEUTRAL,0,NEDTREND,True,1,0.14285714285714285,LÅG,EJ AKTUELL,-0.7
058470.KQ,LEENO Industrial Inc.,Technology,Semiconductor Equipment & Materials,South Korea,KRW,5487251880000.0,,5.045919,,,36.58007,6.305,-0.5152499999999991,0.03957750000000003,0.05692,0.18546000199999998,0.18455250499999998,-0.05076997,-0.173,-0.45199999999999996,-0.236,,5.8775,7.192,13571744512.0,146558238720.0,0.0,945744379904.0,791928165320.0,,372534084600.0,,,176997188360.0,,151960670400.0,179468846370.0,1.11,0.32569999,800.0,1.44,800.0,1766966400.0,0.321,129000.0,43423.894817073175,72300.0,121153.84,1.92308,13.0,,,0.34668,0.3523,False,False,,0.5,1315931.0,863806.0,0.3689714548939165,-23.65,-35.22,15.31,,-0.4395348837209302,0.6765851478590045,35.507246376811594,-0.2209891175519879,-0.13187130582718565,True,0.2598662966277634,,1.0,US,True,True,,74.56784262417086,27.569029319669806,31.94125451713993,63.29133319798965,9.098639455782314,66.65268456375838,65.7314629258517,50.0,,50.0,41.4669513182075,standard,745,45590817,False,39.2,False,59.89932885906041,8.976510067114093,2.5587248322147653,50.041946308724825,50.041946308724825,50.041946308724825,4,NEUTRAL,0,NEDTREND,True,3,0.42857142857142855,LÅG,EJ AKTUELL,7.8
Z74.SI,Singapore Telecommunications Limited,Communication Services,Telecom Services,Singapore,SGD,72678030698.31744,-0.2829359999999994,3.9300460000000044,1.4907,0.1473456500000001,5.0964217,5.688,12.997499999999999,0.06868000500000002,-0.0198600005,-0.006854999999999972,-0.275220005,0.126315,-0.015,-0.877,-0.788,-29.687500000000004,0.36650000000000016,0.919,704537536.0,3658899968.0,11678699520.0,81108852736.0,50696900000.0,,14260600000.0,,,1249000000.0,,5606100000.0,4920300000.0,3.02,0.38959998,0.13,3.42,0.103,1785456000.0,0.251,5.269999980926514,3.814535140991211,4.440000057220459,5.324,1.5625,15.0,,,0.05732,0.73643994,False,False,,0.5,38393337.0,27155620.0,1.2543889976600926,2.54,-7.69,-1.11,11.08,-0.15749524225996925,0.21452215939003255,50.0,-0.0068002713244395,-0.036854305156152956,True,0.6971516367197974,,0.5,Singapore,True,True,50.80736892779973,43.05189926846068,41.59112810347934,20.31347897393028,80.6494275599261,45.83333333333333,66.65268456375838,58.21643286573146,50.0,,50.0,41.44531784993173,standard,747,93378986,False,50.2,False,66.10738255033557,45.218120805369125,29.110738255033556,50.041946308724825,50.041946308724825,50.041946308724825,4,NEUTRAL,0,NEDTREND,True,2,0.2857142857142857,LÅG,EJ AKTUELL,-4.5
UBER,"Uber Technologies, Inc.",Technology,Software - Application,United States,USD,147499502618.33344,-13.722313000000003,-3.2128700000000006,5.9969,0.5674342999999995,2.747397,2.885,5.40275,0.20638750000000006,0.005820000000000006,0.05230000199999999,0.0010125050000000108,-0.05571000000000004,0.0020000000000000018,-1.062,-0.852,-1.7469999999999999,-0.6125,0.833,5720187648.0,6090999808.0,12419000320.0,154888503296.0,61802000000.0,,52017000000.0,,,5565000000.0,,10053000000.0,10099000000.0,,0.0,,,,,1.113,101.98999786376953,67.19000244140625,72.45999908447266,104.01167,1.46,48.0,2.38,0.0286,0.00448,0.86139,False,False,,0.386,19435209.0,14496080.0,0.8937872405247216,-1.08,-5.26,-14.4,,-0.2895381841142971,0.3391230624855112,39.55307948336643,-0.007046338258532736,-0.0933359818010463,False,0.37621138060647785,,0.507,US,True,True,78.6601695010132,62.21611774297914,26.95701679476231,24.05192237950702,29.40272882641551,32.73809523809524,11.703020134228188,86.67334669338678,50.0,67.87762906309752,38.6,41.10868843294955,standard,758,1050385944,False,56.7,False,86.0738255033557,32.29865771812081,52.43288590604027,50.041946308724825,50.041946308724825,50.041946308724825,4,NEUTRAL,0,NEDTREND,True,2,0.2857142857142857,LÅG,EJ AKTUELL,-3.1
ANZ.AX,ANZ Group Holdings Limited,Financial Services,Banks - Diversified,Australia,AUD,108577757906.9409,0.6433089999999968,-4.5614615,2.13,-0.9881732000000001,5.046373,4.494,,-0.060032493,-0.011330001,-0.09505501799999999,-0.04154749000000002,-0.377795,-0.085,-0.126,0.002,,,,,284675014656.0,272083992576.0,96689750016.0,1297108000000.0,,22307000000.0,,,,,5891000000.0,26110000000.0,4.6,0.84139997,1.66,5.55,0.83,1778457600.0,0.566,40.07502154105189,28.347575452713524,36.060001373291016,35.47597,2.5,14.0,,,0.00013,0.36387002,False,False,,0.5,4790671.0,3431311.0,0.7952911378600211,2.62,-2.74,-1.67,25.45,-0.1001875984931907,0.21270111200853503,59.18807006675741,0.024973464891852704,0.011779212459583244,True,0.7470736380375689,,0.5,Australia,True,True,,22.698729247703568,52.88988867039072,28.897563894002467,78.73372002321618,37.67006802721088,66.65268456375838,,50.0,,50.0,33.05190701629403,standard,965,86423888,False,39.5,False,27.936241610738254,37.164429530201346,29.53020134228188,50.041946308724825,50.041946308724825,50.041946308724825,0,SVAG,-8,UPPTREND,False,2,0.2857142857142857,LÅG,EJ AKTUELL,-14.9
SE,Sea Limited,Consumer Cyclical,Internet Retail,Singapore,USD,58991849382.66463,14.608620249999996,3.2463450000000016,1.5247,1.4122237749999997,2.5294454,2.255,7.304500000000003,0.0,-0.018469996999999988,-0.020479999999999998,-0.027120000000000005,-0.00939000000000001,0.393,-0.076,0.062,-51.18,0.21250000000000013,0.761,68804096.0,10540638208.0,3584398080.0,56807280640.0,29370979000.0,,22938469000.0,,,1985306000.0,,1578149000.0,5024523000.0,,0.0,,,,,1.552,199.3000030517578,77.05000305175781,104.05000305175781,142.25642,1.34483,28.0,5.17,0.056199998,0.26048002,0.69741994,False,False,,0.396,4411245.0,5228020.0,1.283862097845025,19.86,15.1,-16.93,,-0.4779227222353015,0.5173154144912895,69.5211885561845,0.11238692005556605,-0.09238956559766798,True,0.6004044757595509,,0.252,US,True,True,49.1589323899195,40.33236657704516,35.226302305721596,45.995404110662946,29.786759707466867,49.65986394557823,11.703020134228188,48.99799599198397,50.0,40.53537284894838,39.6,40.7671680038125,standard,777,543975497,False,52.9,False,58.9765100671141,48.99328859060403,54.9496644295302,50.041946308724825,50.041946308724825,50.041946308724825,4,NEUTRAL,0,NEDTREND,True,0,0.0,LÅG,EJ AKTUELL,-0.6
ARQQ,Arqit Quantum Inc.,Technology,Software - Infrastructure,United Kingdom,USD,303150000.9476986,,-35.923981,,4.739410299999999,279.14365,241.391,-21.910249999999998,-2.3488125,-1.01875,-0.106769998,-49.460847495,0.04517998000000001,8.155999999999999,,,-42.24,3.1985,4.609,-836140380.0,28860000.0,2172000.0,262150496.0,42851000.0,,530000.0,,,-35171000.0,,-35343000.0,-29553000.0,,0.0,,,,,2.209,62.0,11.520000457763672,17.420000076293945,,,,2.25,0.254,0.69253,0.24861,False,False,,0.606,871964.0,558150.0,0.2987199543053951,-12.64,10.46,-34.54,,-0.7190322568339687,1.135205163632655,34.608456063499105,-0.04276772581603716,-0.2510933169103141,False,0.19799561370113145,,0.5,US,True,True,,15.177920695158457,25.804155992029607,65.45882808466702,32.372330016088306,98.89455782312925,11.703020134228188,,50.0,14.780114722753346,60.6,32.59063377059484,standard,970,9722973,False,44.5,False,27.936241610738254,97.5251677852349,2.5587248322147653,50.041946308724825,50.041946308724825,50.041946308724825,3,SVAG,-8,NEDTREND,True,1,0.14285714285714285,LÅG,EJ AKTUELL,-13.9
RADL3.SA,Raia Drogasil S.A.,Healthcare,Pharmaceutical Retailers,Brazil,BRL,32435345862.32272,5.129201500000001,6.026864,0.27,2.461758299999999,0.7121436,0.891,3.6689999999999996,0.052520010000000006,-0.0026600035000000043,-0.05064500300000001,-0.126450002,-0.0015999999999999903,0.06000000000000001,-0.1515,-0.031,41.27725,-0.67725,0.43,-1149447488.0,537736000.0,8693282816.0,40590893056.0,25170475000.0,,44250449000.0,,,2648975000.0,,1296861000.0,1509470000.0,2.37,0.5089,0.44,1.16,0.115582,1783296000.0,0.027,27.12717517771307,12.532900773534864,18.549999237060547,25.58667,1.86667,15.0,,,0.25069,0.56618,False,False,,0.5,10865540.0,10681630.0,0.9332045493684344,12.85,-19.67,-22.84,,-0.31618389620233267,0.39665143461334934,67.03851670800731,0.031803683737231525,-0.13170634318386532,True,0.8283867392268001,,0.787,LatAm,True,True,41.78138399704437,41.4590477741765,15.528038713350412,49.04533639020718,48.07400731421351,60.37414965986394,66.65268456375838,29.759519038076153,50.0,,50.0,32.5286005814399,standard,971,38769711,False,51.7,False,27.936241610738254,60.90604026845637,87.08053691275168,50.041946308724825,50.041946308724825,50.041946308724825,2,SVAG,-8,NEDTREND,True,1,0.14285714285714285,LÅG,EJ AKTUELL,-5.5
WBC.AX,Westpac Banking Corporation,Financial Services,Banks - Diversified,Australia,AUD,124849017295.98158,0.34859199999999824,-1.8787174999999987,1.25,-0.7518753,5.606908,11.251,,-0.04444249699999999,-0.009680001,-0.05427499800000002,-0.025227490000000075,-0.377795,-0.049,-0.07900000000000001,0.056,,,,,132742995968.0,258104000512.0,250520010752.0,1077544000000.0,,21587000000.0,,,,,6990000000.0,-19767000000.0,4.21,0.7541,1.54,5.0,0.77,1778198400.0,0.729,42.47209761283912,31.13830454782302,36.560001373291016,33.30826,4.0,14.0,,,0.00093999994,0.34135,False,False,,0.5,5043036.0,3365670.0,1.0860765043112919,3.98,-6.82,-4.85,14.96,-0.13919953503216909,0.21704134707618514,66.17648983774424,0.02060760124215899,-0.035162374858450196,True,0.7712726383198687,,0.5,Australia,True,True,,27.221870996492374,42.98891796394519,35.24525705339945,71.70973489931646,35.204081632653065,66.65268456375838,,50.0,,50.0,32.418399238089165,standard,974,85946009,False,38.6,False,27.936241610738254,34.73154362416108,26.006711409395972,50.041946308724825,50.041946308724825,50.041946308724825,0,SVAG,-8,NEDTREND,True,2,0.2857142857142857,LÅG,EJ AKTUELL,-15.0
CEMEXCPO.MX,"CEMEX, S.A.B. de C.V.",Basic Materials,Building Materials,Mexico,MXN,337443454976.0,24.575329999999997,14.379776500000002,0.39,0.5581862499999999,20.405514,20.268,103.816,-0.08648998799999999,-0.017130002,-0.040905003,-0.03298000000000002,0.02755000000000002,0.007000000000000006,-1.098,-0.69,-27.237999999999992,-1.07,0.529,-609937664.0,686971008.0,6236120064.0,335162671104.0,28945000000.0,,16132000000.0,,,1789000000.0,,960000000.0,1975000000.0,0.94,0.258,0.21,3.42,0.053619,1781654400.0,0.837,23.473574741764047,13.599097777646637,22.690000534057617,26.126183,1.85714,7.0,,,0.00274,0.26101,False,False,,0.5,32330310.0,19960528.0,0.437291548109924,2.44,9.45,1.8,,-0.033381119677195925,0.32959338329827753,76.74422730881773,0.035066279386520405,0.10887198777711071,True,0.9886672990677862,,0.331,LatAm,True,True,33.04418893653228,33.32760303027059,66.38200967833761,17.716867026048725,33.137189198400335,23.554421768707485,66.65268456375838,45.29058116232465,50.0,,50.0,32.296657665803686,standard,975,23551028,False,33.4,False,27.936241610738254,23.23825503355705,2.5587248322147653,50.041946308724825,50.041946308724825,50.041946308724825,2,SVAG,-8,UPPTREND,False,2,0.2857142857142857,LÅG,EJ AKTUELL,1.2
RMBS,Rambus Inc.,Technology,Semiconductors,United States,USD,10969414196.486267,16.191588999999997,8.192248999999999,3.8,2.4789428,15.210897,14.153,17.10675,0.033467500000000025,0.047480004000000006,0.212180002,0.198102475,0.35205005,-0.061999999999999986,-0.23399999999999999,-0.007,-48.17999999999999,8.137500000000001,9.038,-566646384.0,786139008.0,23404000.0,10206679040.0,1529545000.0,,707630000.0,,,260218000.0,,230455000.0,360019000.0,,0.0,,,,,1.84,174.10000610351562,62.810001373291016,101.44000244140625,149.0,1.44444,8.0,1.32,0.0612,0.0076200003,0.9893,False,False,,0.721,3096606.0,2921780.0,1.026252333893511,-23.43,-15.49,0.81,,-0.417346359074264,0.8013306549380241,40.63424943053751,-0.22863771942931543,-0.07181788312176773,False,0.19268720139730916,,0.48,US,True,True,22.058474490881203,83.87344601281431,22.459436379163108,24.717137745813528,36.42556683606615,79.8469387755102,11.703020134228188,19.939879759519037,50.0,36.137667304015295,72.1,32.23275569461205,standard,976,296385370,False,42.5,False,27.936241610738254,80.11744966442953,6.795302013422819,50.041946308724825,50.041946308724825,50.041946308724825,3,SVAG,-8,NEDTREND,True,1,0.14285714285714285,LÅG,EJ AKTUELL,-15.1
BAH,Booz Allen Hamilton Holding Corporation,Industrials,Consulting Services,United States,USD,7820898703.807106,-21.802452499999998,-10.563104500000001,1.09,2.869148775,0.6972362,0.999,-7.955000000000001,0.65403999,0.04001999900000001,-0.028159997,-0.041342503,-0.22847001000000003,-0.1335,0.022999999999999993,0.062,296.86899999999997,0.397,1.678,-31062528.0,728000000.0,4121999872.0,11202644992.0,7118000000.0,,11217000000.0,,,1033000000.0,,851000000.0,1041000000.0,3.62,0.32459998,2.36,1.79,0.59,1781049600.0,0.361,116.89950358883758,59.5,65.20999908447266,86.91667,2.85714,12.0,3.42,0.0792,0.012519999,1.00609,False,False,,0.583,2045187.0,1994760.0,1.0503103856900058,-11.85,-20.55,-31.29,,-0.44217043629345754,0.39473112022318413,62.124873152983696,-0.08468630745522077,-0.1983449030221206,True,0.8237799702148826,,0.838,US,True,True,,53.55850594076342,8.9666951323655,44.927858027596734,47.19222565465772,84.01360544217688,66.65268456375838,44.789579158316634,50.0,27.246653919694076,58.3,32.21165669711984,standard,978,130078298,False,55.3,False,27.936241610738254,84.22818791946308,87.58389261744966,50.041946308724825,50.041946308724825,50.041946308724825,2,SVAG,-8,NEDTREND,True,1,0.14285714285714285,LÅG,EJ AKTUELL,-12.1
SUZB3.SA,Suzano S.A.,Basic Materials,Paper & Paper Products,Brazil,BRL,51762028630.19545,-8.745432000000005,-2.547919499999998,,0.19887984999999997,1.0450394,2.567,-0.6109999999999998,0.13812001000000002,-0.02378999999999999,0.161265007,0.029039999999999982,0.015390000000000015,-0.156,-0.742,-0.321,128.72700000000003,1.58,2.479,-3510046976.0,22349596672.0,97499521024.0,127126175744.0,167935519000.0,,50115679000.0,,,10082147000.0,,13408189000.0,18152175000.0,2.69,0.12149999,1.12,,0.004552,1777507200.0,0.099,59.64394441638101,39.16999816894531,41.93000030517578,64.84118,1.41176,17.0,,,0.44597,0.38813,False,False,,0.5,6158560.0,4394860.0,1.4467970836945954,-3.79,-11.77,-19.62,,-0.2969948464095905,0.26753848910214373,82.42088044008813,0.005838807629373166,-0.12297971806150976,True,0.7657795824462452,,0.509,LatAm,True,True,,61.53052074304944,20.267577569029324,16.551077304948656,67.6696451090692,51.955782312925166,66.65268456375838,30.460921843687377,50.0,,50.0,32.176461921833805,standard,979,36056291,False,49.4,False,27.936241610738254,52.60067114093959,79.86577181208054,50.041946308724825,50.041946308724825,50.041946308724825,3,SVAG,-8,NEDTREND,True,3,0.42857142857142855,LÅG,EJ AKTUELL,0.3
IBM,International Business Machines Corporation,Technology,Information Technology Services,United States,USD,199885400776.61865,-12.726666000000002,-3.4669860000000003,2.0842,0.6675212999999998,2.9006314,3.744,-1.18025,0.21100750000000001,-0.0097,0.049290002000000006,-0.006547495,0.13151999999999997,-0.04799999999999999,-0.07400000000000001,0.153,161.30900000000003,-0.8855,0.644,12298062592.0,11783000064.0,69802000384.0,257985396736.0,151880000000.0,,67536000000.0,,,12492000000.0,,10593000000.0,13193000000.0,3.09,0.59470004,6.76,3.91,1.69,1778198400.0,0.675,332.4599914550781,204.44000244140625,212.6699981689453,283.8,2.125,22.0,3.26,0.0405,0.00117,0.65516996,False,False,,0.728,10875853.0,17542260.0,0.9711327035032021,-21.47,-14.65,-30.28,,-0.3603140118058952,0.48459254767458043,30.21476892619225,-0.18702579178943124,-0.21646527788503234,False,0.06434194451047676,,0.911,US,True,True,,62.023719243429284,13.222317107884997,51.475651404775505,25.36469199589866,27.976190476190478,66.65268456375838,90.28056112224448,50.0,53.91969407265774,72.8,32.15737684194729,standard,980,3730712402,False,57.1,False,92.61744966442953,27.600671140939596,48.40604026845637,50.041946308724825,50.041946308724825,50.041946308724825,2,SVAG,-8,NEDTREND,True,2,0.2857142857142857,LÅG,EJ AKTUELL,-15.5
NAB.AX,National Australia Bank Limited,Financial Services,Banks - Diversified,Australia,AUD,121994195078.7735,2.2637389999999993,-2.4742024999999988,2.34,-0.5019132000000002,5.9306855,11.084,,-0.043392496999999995,-0.010370001000000004,-0.072574998,-0.004857489999999964,-0.377795,,,,,,,,186704003072.0,292010000384.0,227988193280.0,1080248000000.0,,,,,,,,-35781000000.0,4.27,0.85,1.7,4.6,0.85,1778112000.0,0.716,48.39997655664054,35.41658373790548,39.849998474121094,37.90425,3.14286,14.0,,,0.00026,0.38775003,False,False,,0.5,6002069.0,3432105.0,0.9423798996866622,6.72,-0.74,-4.58,8.58,-0.17665252528611763,0.2223093472195291,66.49832320147142,0.05404314967999202,-0.029255621442240587,True,0.8046828726052121,,0.5,Australia,True,True,,27.54504525003565,43.088906995510776,31.879194630872483,71.4378135385821,35.96938775510204,66.65268456375838,,50.0,,50.0,32.02509124374358,standard,988,95529357,False,38.4,False,27.936241610738254,35.48657718120805,23.657718120805367,50.041946308724825,50.041946308724825,50.041946308724825,0,SVAG,-8,NEDTREND,True,2,0.2857142857142857,LÅG,EJ AKTUELL,-15.2
DNP.WA,Dino Polska S.A.,Consumer Defensive,Grocery Stores,Poland,PLN,28578659626.00708,-3.05552025,-13.3210373,,0.51599255,0.8231356,0.828,0.2810000000000006,0.024642494999999986,0.040422501,0.0,-0.04691500000000001,-0.14098000000000002,0.11199999999999999,-0.056,0.015,-91.505,-0.10150000000000015,0.223,-266440064.0,755224000.0,910614976.0,28752091136.0,15171280000.0,,33634155000.0,,,2057987000.0,,1558360000.0,2697445000.0,,0.0,,,,,0.457,52.29999923706055,26.889999389648438,29.149999618530273,38.35882,2.6875,17.0,,,0.51163,0.19262,False,False,,0.5,3407393.0,4310442.0,1.3715177251624018,0.17,-18.23,-28.08,,-0.44263862249018626,0.3519460948486896,48.87347436913706,-0.016352518169335584,-0.21779615474661929,True,0.7420821116217795,,0.216,Europe,True,True,57.471367315636854,51.07621791163507,10.162254483347567,40.92278341214455,54.1899897029265,62.755102040816325,11.703020134228188,40.6813627254509,50.0,,50.0,31.98500838266783,standard,990,125649383,False,51.7,False,27.936241610738254,63.25503355704698,84.98322147651007,50.041946308724825,50.041946308724825,50.041946308724825,3,SVAG,-8,NEDTREND,True,0,0.0,LÅG,EJ AKTUELL,0.7
AIXA.DE,AIXTRON SE,Technology,Semiconductor Equipment & Materials,Germany,EUR,4450529853.421463,46.71651599999999,12.447418999999998,2.08,0.9618040999999993,8.841029,8.518,29.140249999999998,-0.07083750500000001,0.0009299990000000008,0.048904995,-0.4886424949999999,0.019669999999999965,-0.615,,,-44.433,2.9905,2.347,-411163312.0,272673984.0,2770000.0,4287695360.0,1039783000.0,,556552000.0,,,106678000.0,,85227000.0,208360000.0,0.37,0.283,0.15,1.25,0.15,1778716800.0,0.917,62.65999984741211,11.641035044555371,39.459999084472656,51.80667,2.53333,15.0,,,0.01625,0.63535,False,False,,0.5,806430.0,683914.0,1.6047130238665595,-34.34,-8.83,104.89,142.49,-0.3702521675620085,0.6694865327857648,28.151262356192532,-0.24434125251401573,0.2643650907286741,False,0.12696433623678674,,0.495,Europe,True,True,13.669461828685302,39.91406879749653,59.69805466981095,11.32565002111982,47.26159481611548,89.45578231292517,66.65268456375838,12.424849699398797,50.0,,50.0,31.76275642352587,standard,994,30888457,False,45.1,False,27.936241610738254,89.59731543624162,14.177852348993289,50.041946308724825,50.041946308724825,50.041946308724825,3,SVAG,-8,VARNING,False,1,0.14285714285714285,LÅG,EJ AKTUELL,-12.0
MQG.AX,Macquarie Group Limited,Financial Services,Capital Markets,Australia,AUD,98489979215.92056,8.951509,2.296008500000001,0.8,0.21796809999999978,5.5359435,9.585,,-0.03040250299999999,-0.007390001,-0.15799501800000001,-0.24594749000000005,-0.377795,-0.005999999999999998,-0.07200000000000001,0.027,,,,,95800999936.0,194255994880.0,170518347776.0,540101000000.0,,7216000000.0,,,-6354000000.0,,4847000000.0,,3.43,0.6699,6.7,3.31,4.2,1763337600.0,0.879,260.57000732421875,184.07200965178643,258.4100036621094,240.0323,2.15385,13.0,,,0.08745,0.37018,False,False,,0.5,743532.0,521564.0,1.579994279622455,2.23,9.72,24.12,18.97,-0.008289532952354572,0.23972416727721452,66.92184027468255,0.0572645642335059,0.19355367161755432,True,1.0135474113291292,,0.5,Australia,True,True,,19.022657109155915,76.28222956933226,38.729507840198,62.52172820063512,39.37074829931973,66.65268456375838,,50.0,,50.0,31.758239469489254,holding,995,94137987,False,39.3,False,27.936241610738254,38.84228187919463,26.677852348993287,50.041946308724825,50.041946308724825,50.041946308724825,1,SVAG,-8,UPPTREND,False,3,0.42857142857142855,LÅG,EJ AKTUELL,-13.7
DASH,"DoorDash, Inc.",Consumer Cyclical,Internet Retail,United States,USD,75743523114.34006,61.35032025,7.141011000000002,4.2635,4.333156074999999,5.4502573,5.299,42.423500000000004,-0.049339999999999995,-0.03410999699999999,-0.021210000000000007,-0.05814000200000001,0.06557000000000002,0.258,-0.16799999999999998,-0.047,-46.59799999999999,0.0605,1.123,1479187456.0,5533000192.0,3287000064.0,77999243264.0,19659000000.0,,13717000000.0,,,725000000.0,,935000000.0,2431000000.0,,0.0,,,,,1.779,285.5,143.3000030517578,184.13999938964844,245.2,1.61364,42.0,4.08,0.0523,0.0064999997,0.93364996,False,False,,0.38,4822087.0,3754310.0,0.5383805502959947,8.3,2.68,-13.6,,-0.3550262718401106,0.4620674702131195,51.2315300910838,0.08764090905214617,-0.057621046222652406,False,0.4682558881419458,,0.6,US,True,True,53.44515847337132,34.1604058702285,31.682322801024764,48.48852519248044,28.77676863398219,44.89795918367347,11.703020134228188,71.24248496993988,50.0,43.49904397705545,38.0,31.703805903631647,standard,996,691318641,False,52.1,False,75.25167785234899,44.29530201342282,27.265100671140942,50.041946308724825,50.041946308724825,50.041946308724825,3,SVAG,-8,NEDTREND,True,0,0.0,LÅG,EJ AKTUELL,-11.2
HEXA-B.ST,Hexagon AB (publ),Technology,Scientific & Technical Instruments,Sweden,SEK,202738317957.81042,-18.193256000000005,-3.996321,0.6852,12.753013900000001,38.95952,39.201,148.54425,0.03029750000000002,-0.027170003000000005,0.30441497900000003,0.128537505,0.23855997,-0.141,7.221,7.501,-4.3210000000000015,1.617,0.903,-6943862400.0,1978099968.0,3254000128.0,212729495552.0,17108300000.0,,5424600000.0,,,1015400000.0,,617400000.0,1466900000.0,1.89,0.1847,1.52,1.21,0.14,1777248000.0,0.871,121.9326510983536,71.57263946533203,78.76000213623047,92.17879,2.5,14.0,,,0.25674,0.67907,False,False,,0.5,5063200.0,3015019.0,0.6312277617243092,-5.38,-20.51,-26.77,,-0.35406963248341994,0.3833778725708703,43.74139790165207,-0.05167123243878735,-0.2073171499336346,True,0.017475921356178224,,0.212,Nordic,True,True,20.898109067296605,67.94262297774897,12.524907486478794,52.935120412509484,55.75937191462915,27.721088435374146,66.65268456375838,28.65731462925852,50.0,,50.0,39.59368689283394,standard,804,24620108,False,34.0,False,27.936241610738254,27.348993288590606,2.5587248322147653,50.041946308724825,50.041946308724825,50.041946308724825,4,NEUTRAL,0,NEDTREND,True,2,0.2857142857142857,LÅG,EJ AKTUELL,2.5
BTE.TO,Baytex Energy Corp.,Energy,Oil & Gas E&P,Canada,CAD,4190050073.2298584,,2.512349999999998,18.45,0.07534295000000035,2.8172476,2.448,-1.9337499999999999,-0.2077775075,-0.055877499250000004,-0.5865450000000001,-0.43545750000000005,0.16418002999999998,-0.0325,,,-32.92399999999999,0.9704999999999998,2.046,-1258968960.0,757868992.0,145820000.0,3641542912.0,3345414000.0,,1684648000.0,,,226287000.0,,-603779000.0,1485962000.0,1.56,0.3214,0.09,9.39,0.023,1781481600.0,0.574,7.343800657236623,2.4596642401980673,5.880000114440918,7.5,2.27273,11.0,3.63,,0.00602,0.54672,False,False,,0.5,5388050.0,3786860.0,1.4372214663788585,2.26,5.75,28.54,,-0.1993246564166019,0.4452608036528953,57.480317325746995,-0.06432342344191455,0.14932474653229577,True,0.777058564113217,,0.197,Canada,True,True,,18.6631334290933,62.85226302305722,21.296258271929414,57.50503595872403,90.3061224489796,66.65268456375838,2.7054108216432864,50.0,,50.0,31.53068185582935,commodity,999,15882124,False,50.9,False,27.936241610738254,90.43624161073825,51.929530201342274,50.041946308724825,50.041946308724825,50.041946308724825,2,SVAG,-8,VARNING,False,2,0.2857142857142857,LÅG,EJ AKTUELL,2.1
KOTAKBANK.NS,Kotak Mahindra Bank Limited,Financial Services,Banks - Regional,India,INR,3878624128669.3086,-0.700705000000001,-0.3555159999999997,0.94,-1.62809055,5.7417955,6.313,,-0.042517496999999994,-0.00521999900000001,0.020779996999999967,-0.34192249,-0.41420999000000003,-0.189,-0.036000000000000004,0.099,,,,,729322225664.0,1115291254784.0,4264592932864.0,10033527910000.0,,757885305000.0,,,,,192878925000.0,417265124000.0,0.17,0.025799999,0.65,0.06,0.65,1784246400.0,0.287,452.4189269358333,344.9045390549985,389.95001220703125,464.6865,1.7027,37.0,,,0.28253,0.48626,False,False,,0.5,17870149.0,19331271.0,1.0187042623433875,-3.06,2.22,-7.22,,-0.1380775891757996,0.2200296289234127,46.878810361208544,0.004711451432445557,-0.03577367413024457,False,0.5032068585745291,,0.287,India,True,True,,28.21564562391735,46.39908909763735,27.038134813497635,86.69163884791553,11.30952380952381,66.65268456375838,,50.0,,50.0,31.455022895500328,standard,1000,78294861,False,34.9,False,27.936241610738254,11.15771812080537,24.748322147651006,50.041946308724825,50.041946308724825,50.041946308724825,1,SVAG,-8,NEDTREND,True,2,0.2857142857142857,LÅG,EJ AKTUELL,-12.7
CCO.TO,Cameco Corporation,Energy,Uranium,Canada,CAD,52233470184.45412,59.856781,32.505047000000005,1.92,5.454912950000001,14.764118,14.736,49.95125,-0.00471750650000001,-0.011087499249999997,0.095365,0.006222499999999992,-0.020119979999999982,0.022499999999999992,0.59,0.874,-25.449999999999996,1.8975,1.837,-114396224.0,1109720064.0,1010993984.0,52134756352.0,10301282000.0,,3481933000.0,,,621259000.0,,589577000.0,1408432000.0,0.2,0.1611,0.24,0.23,0.24,1764547200.0,1.0,182.72000122070312,95.41489544708372,119.93000030517578,178.77779,1.76,18.0,3.19,,0.0014399999,0.68321997,False,False,,0.5,972122.0,1091590.0,0.9777429306152546,-19.67,-27.42,-26.0,,-0.34364054562195845,0.545239362034824,14.30752643436243,-0.17853688346825736,-0.1723547944509427,False,0.03883215208399467,,0.712,Canada,True,True,34.52402010725361,51.60876613835201,11.585539424992882,71.17056079174289,46.07539445038294,51.78571428571429,66.65268456375838,45.09018036072144,50.0,,50.0,31.405188777887993,commodity,1001,93376886,False,38.5,False,27.936241610738254,52.43288590604027,7.2147651006711415,50.041946308724825,50.041946308724825,50.041946308724825,3,SVAG,-8,NEDTREND,True,2,0.2857142857142857,LÅG,EJ AKTUELL,-8.0
DOCS,"Doximity, Inc.",Healthcare,Health Information Services,United States,USD,2773001257.146023,-6.332477999999998,-3.0916069999999998,0.5895,0.3437733999999999,5.998633,4.958,0.05149999999999988,0.06705,0.05490000149999999,0.18476002,0.02262501,0.43887999999999994,-0.029000000000000005,-0.8074999999999999,-0.694,-58.22875,4.062749999999999,5.813,-561173760.0,748601024.0,10185000.0,3196990464.0,1123687000.0,,644863000.0,,,214920000.0,,196051000.0,326458000.0,,0.0,,,,,1.293,76.51000213623047,17.149999618530273,21.520000457763672,24.55556,2.42857,18.0,5.39,0.1528,0.02775,1.00349,False,False,,0.556,4032562.0,2502430.0,0.6584346510109369,3.02,-11.26,-46.56,,-0.7187295797032385,0.5467193751994807,54.923085455355874,0.006529362021127971,-0.40240729720846313,True,0.5269956420932443,,0.771,US,True,True,34.70063031090113,80.70699129984577,7.728437233134073,27.90504869040649,42.974599183093,92.68707482993197,11.703020134228188,7.114228456913827,50.0,12.810707456978967,55.60000000000001,31.39125204259505,standard,1002,53852295,False,46.9,False,27.936241610738254,92.78523489932886,23.322147651006713,50.041946308724825,50.041946308724825,50.041946308724825,3,SVAG,-8,NEDTREND,True,1,0.14285714285714285,LÅG,EJ AKTUELL,-10.5
SOFI,"SoFi Technologies, Inc.",Financial Services,Credit Services,United States,USD,22165768816.788483,20.367993999999996,8.506008500000002,0.8224,-0.7756452,5.6712766,5.25,,-0.069007497,-0.006939998000000003,-0.10716001000000003,-0.19183749000000003,0.38300999999999996,0.361,0.879,1.344,-49.297,-0.5779999999999997,0.492,,3564402944.0,1916210944.0,20517576704.0,50660478000.0,,3613354000.0,,,,,481320000.0,-3742458000.0,,0.0,,,,,2.149,32.72999954223633,14.920000076293945,17.280000686645508,20.57895,2.73913,19.0,2.25,0.1487,0.01432,0.56921,False,False,,0.838,76637082.0,83223700.0,1.062933504272119,-2.43,-9.2,-35.21,,-0.4720439679705286,0.5584390662243512,44.93245028333121,0.01509726674709877,-0.20795797479067413,False,0.1998238166573958,,0.838,US,True,True,,35.5023474773973,12.781098775974952,85.27995838248371,11.375752921924338,68.36734693877551,11.703020134228188,,50.0,13.957934990439771,93.8,31.26022595338582,standard,1004,1438105593,False,43.6,False,27.936241610738254,68.79194630872483,25.25167785234899,50.041946308724825,50.041946308724825,50.041946308724825,3,SVAG,-8,NEDTREND,True,1,0.14285714285714285,LÅG,EJ AKTUELL,-3.2
2318.HK,"Ping An Insurance (Group) Company of China, Ltd.",Financial Services,Insurance - Life,China,HKD,406637688031.0995,-1.9607518000000024,-3.2957004999999997,0.4,-0.1892332000000001,1.037539,-0.183,-8.010749999999998,0.0001724980000000001,0.009909999999999995,-0.139195008,0.10589750999999997,0.0029349800000000315,-0.097,-0.265,-0.074,117.2165,1.9339999999999997,3.437,518457133056.0,3594554966016.0,2015781978112.0,-174115749888.0,13898471000000.0,,927890000000.0,,,,,134778000000.0,658632000000.0,5.59,0.3547,3.05,5.75,2.01129,1780358400.0,0.647,72.20425974107576,48.63662664172719,54.599998474121094,82.74467,1.25,15.0,,,0.12951,0.40985,False,False,,0.5,36572537.0,30881371.0,0.777756788934458,-3.11,-9.69,-19.53,,-0.24381194863133404,0.28436002503242475,71.65774462913197,-0.03569820224902476,-0.07793385543776055,True,0.8183483730256543,,0.5,Asia,True,True,,50.58832968963493,24.6512951892969,23.024203325180114,58.874139007871605,21.768707482993197,66.65268456375838,,50.0,,50.0,39.141225638289285,standard,811,215074899,False,62.1,False,97.5251677852349,21.476510067114095,80.11744966442953,50.041946308724825,50.041946308724825,50.041946308724825,5,NEUTRAL,0,NEDTREND,True,1,0.14285714285714285,LÅG,EJ AKTUELL,-7.3
COLO-B.CO,Coloplast A/S,Healthcare,Medical Instruments & Supplies,Denmark,DKK,87674678817.46704,20.75183,0.18973300000000037,1.0564,4.184100599999999,3.3975782,4.22,-1.5509999999999993,0.013760000000000022,0.03736999849999999,-0.008145002999999998,0.09550998,0.25271000000000005,-0.058,,,147.90425,-0.4267500000000001,1.01,3338250112.0,1067000000.0,24227999744.0,118361522176.0,48073000000.0,,27030000000.0,,,7286000000.0,,5052000000.0,2766000000.0,5.56,2.4625,23.0,2.81,5.0,1779062400.0,0.534,618.8637324020452,369.70001220703125,422.79998779296875,458.0,3.09524,21.0,,,0.29795,0.31561002,False,False,,0.5,382643.0,352547.0,1.9718932457633802,12.06,-1.28,-25.38,,-0.3168124650770512,0.2647920629377291,73.06119360364616,0.07689025373741631,-0.12063427716525366,True,1.0047708015952663,,0.333,Nordic,True,True,,68.43806779276981,25.619128949615714,20.03830900642981,45.531884095455155,42.09183673469388,28.355704697986578,79.45891783567134,50.0,,50.0,38.8453212925158,standard,819,22814245,False,56.7,False,85.57046979865773,41.52684563758389,43.45637583892618,50.041946308724825,50.041946308724825,50.041946308724825,4,NEUTRAL,0,NEDTREND,True,1,0.14285714285714285,LÅG,EJ AKTUELL,0.4
CCJ,Cameco Corporation,Energy,Uranium,Canada,USD,37290334772.58705,61.445993,32.673662500000006,1.92,4.7757517499999995,10.540347,10.512,32.51175,-0.0198025015,-0.014892496249999995,0.07409000299999999,0.004117499999999996,-0.08423997999999999,0.022499999999999992,0.59,0.874,-42.7845,1.8834999999999997,1.837,-191658752.0,1109720064.0,1010993984.0,37191622656.0,10301282000.0,,3481933000.0,,,621259000.0,,589577000.0,1408432000.0,0.2,0.1611,0.17,0.23,0.172,1764547200.0,1.0,135.24000549316406,68.82599337595263,85.62000274658203,132.1587,1.76,12.0,1.99,,0.0014399999,0.68321997,False,False,,0.461,3326991.0,3776530.0,1.5040065689515842,-20.63,-28.81,-22.72,,-0.36690328845845954,0.5564454037070734,13.947274670466683,-0.18341106500441973,-0.18030500819540507,False,0.053153727956112326,,0.712,US,True,True,34.81269802174181,46.028723840671745,11.614005123825791,71.17056079174289,45.615936214558936,58.24829931972789,66.65268456375838,43.587174348697395,50.0,,46.1,30.749604196131067,commodity,1011,323346509,False,40.0,False,27.936241610738254,58.808724832214764,11.241610738255034,50.041946308724825,50.041946308724825,50.041946308724825,3,SVAG,-8,NEDTREND,True,2,0.2857142857142857,LÅG,EJ AKTUELL,-8.8
6506.T,YASKAWA Electric Corporation,Industrials,Electrical Equipment & Parts,Japan,JPY,1326926478244.0,13.228854000000005,2.3044344999999993,1.8341,0.32327457500000034,2.38887,2.521,6.945499999999998,-0.036955009999999996,-0.004070000000000004,0.005995,-0.000567502999999997,0.055035029999999985,0.03749999999999999,-0.297,-0.217,-14.527499999999996,0.48850000000000016,1.112,-28759938176.0,57619001344.0,121160998912.0,1400447434752.0,812365000000.0,,542122000000.0,,,47308000000.0,,35240000000.0,52170000000.0,1.41,0.5011,72.0,1.28,36.0,1787875200.0,1.275,7915.0,2782.4224850134174,5116.0,6905.8823,1.94118,17.0,,,0.016970001,0.61817,False,False,,0.5,5936411.0,10346000.0,1.6443740958929958,-29.46,-3.05,4.62,,-0.35363234365129503,0.617016806925188,29.923561151079127,-0.24373226111636714,-0.003950012958571336,False,-0.018764758522319444,,0.224,Japan,True,True,38.86012247959606,47.44025435764212,35.32593225163678,26.202181175736296,33.108482675299264,16.071428571428573,66.65268456375838,33.567134268537075,50.0,,50.0,30.5954687275108,standard,1013,326018846,False,40.5,False,27.936241610738254,15.855704697986578,57.130872483221474,50.041946308724825,50.041946308724825,50.041946308724825,1,SVAG,-8,NEDTREND,True,1,0.14285714285714285,LÅG,EJ AKTUELL,-16.1
0101.HK,Hang Lung Properties Limited,Real Estate,Real Estate Services,Hong Kong,HKD,39387335630.12831,-3.265086499999999,-8.250097,0.4405,-0.2756341,3.9573328,9.699,-1.1264999999999983,-0.029035005000000003,0.009219996999999997,-0.10203997799999998,0.19524,0.298165,-0.0845,-0.42200000000000004,-0.181,-10.627000000000002,0.7379999999999998,0.56,-5529107712.0,5952000000.0,54470000640.0,96533815296.0,222912000000.0,,9950000000.0,,,5890000000.0,,1806000000.0,5864000000.0,6.87,1.4053999,0.52,7.18,0.4,1778025600.0,0.744,9.856513080827808,6.849999904632568,7.570000171661377,10.43695,1.71429,13.0,,,0.66769,0.12841,False,False,,0.5,9114680.0,5837158.0,0.9768925921221933,-1.56,-16.02,-10.31,,-0.23197989901864935,0.27781113323332,71.75574853117662,-0.029760816203425078,-0.10609189424456666,True,1.0201919898071867,,0.5,Asia,True,True,,57.31612991143375,25.33447196128665,20.116826484284164,64.60170298441936,57.14285714285714,28.355704697986578,19.138276553106213,50.0,,50.0,30.478050313421285,standard,1017,5636349,False,43.7,False,27.936241610738254,57.71812080536913,37.24832214765101,50.041946308724825,50.041946308724825,50.041946308724825,3,SVAG,-8,NEDTREND,True,1,0.14285714285714285,LÅG,EJ AKTUELL,-16.1
AXFO.ST,Axfood AB (publ),Consumer Defensive,Grocery Stores,Sweden,SEK,49696479796.97453,-0.682775249999998,2.6829375000000013,4.89,4.78540115,0.5527297,0.729,-1.7319999999999975,0.1856875,-0.0030374990000000095,-0.021999995999999994,-0.054364997,-0.2744,-0.026999999999999996,-0.028999999999999998,0.033,136.247,-0.556,0.196,2511536000.0,337000000.0,15873000448.0,65569480704.0,36913000000.0,,89152000000.0,,,3620000000.0,,2339000000.0,6751000000.0,3.94,0.77989995,9.0,3.07,4.5,1789603200.0,0.607,334.2624263763428,226.10000610351562,230.1999969482422,260.83334,2.85714,6.0,,,0.51752996,0.25361001,False,False,,0.5,419008.0,700388.0,2.1160970462319124,-10.36,-28.71,-22.95,,-0.31131955378956566,0.2658067930229285,28.832642896585142,-0.12607059471154658,-0.1953716753686563,False,-0.02673313213593413,,0.282,Nordic,True,True,,43.33467467712843,13.862795331625392,32.86263895280214,42.759162020989955,52.89115646258503,66.65268456375838,87.0741482965932,50.0,,50.0,30.453466027910665,standard,1018,16716224,False,67.0,False,90.52013422818791,53.5234899328859,91.86241610738254,50.041946308724825,50.041946308724825,50.041946308724825,3,SVAG,-8,NEDTREND,True,1,0.14285714285714285,LÅG,EJ AKTUELL,-8.7
G.TO,Augusta Gold Corp.,,,Canada,CAD,146165600.0,,,,1.5282295000000001,,,-42.551,-0.11514999999999997,-0.020317498500000003,0.015495001999999994,0.020589999999999997,-0.38794,,,,85.37825,-0.7829999999999999,0.064,-741937119.0,2714810.0,39043524.0,181550000.0,,,,,,,,,,,,,,,,0.884,1.71,0.82,1.69,,,,,,0.17284,0.00135,False,False,,0.5,41832.0,77775.0,,,,,,,,,,,,,,0.5,Canada,True,True,,31.248740456483517,,31.879194630872483,27.767770924220553,99.23469387755102,11.703020134228188,,50.0,,50.0,30.37830454165531,standard,1020,93752,False,51.6,False,27.936241610738254,97.5251677852349,50.041946308724825,50.041946308724825,50.041946308724825,50.041946308724825,2,SVAG,-8,UPPTREND,False,0,0.0,LÅG,EJ AKTUELL,-6.7
012330.KS,"Hyundai Mobis Co.,Ltd",Consumer Cyclical,Auto Parts,South Korea,KRW,42985041006000.0,,-2.9876199999999997,0.09,,0.6941289,0.553,-6.3249999999999975,-0.053929999000000006,-0.017819999999999992,-0.05126499799999999,-0.068085,-0.21392499999999998,-0.017999999999999995,-0.242,-0.145,-27.567499999999995,0.8434999999999997,1.721,1494572009472.0,12600156880896.0,3813206917120.0,34245154177024.0,70400532000000.0,,61118127000000.0,,,3357582000000.0,,3655790000000.0,4472515000000.0,1.35,0.16530001,6500.0,1.83,5000.0,1773878400.0,1.369,822000.0,274353.64046052634,482000.0,695866.7,1.5,30.0,,,0.34228,0.36465,False,False,,0.5,693640.0,360283.0,0.6191013619895801,-23.61,19.01,22.07,,-0.4136253041362531,0.6661494353462738,48.710601719197705,-0.1597517606861446,0.13726052044332127,True,0.3439714830306891,,0.0,Asia,True,True,,24.4501194673125,58.76743524053515,20.94529302269064,33.53364158794602,2.5510204081632653,66.65268456375838,89.37875751503006,50.0,,50.0,38.1257800227954,standard,838,126769176,False,57.0,False,83.7248322147651,2.5587248322147653,87.66778523489933,50.041946308724825,50.041946308724825,50.041946308724825,4,NEUTRAL,0,VARNING,False,1,0.14285714285714285,LÅG,EJ AKTUELL,8.4
TM,Toyota Motor Corporation,Consumer Cyclical,Auto Manufacturers,Japan,USD,210320199267.1192,-17.32772575,-5.314712999999999,1.56,11.349326075,0.0041495594,0.688,-9.143499999999998,-0.04622999999999999,-0.04351999699999999,-0.008190000000000003,-0.06501,-0.28496,-0.05399999999999999,0.125,0.229,28.269000000000013,-0.09149999999999991,1.016,-1205652543744.0,13867543429120.0,43916481003520.0,34853928042496.0,105522331000000.0,,50684952000000.0,,,3766216000000.0,,3848098000000.0,5472920000000.0,3.49,0.314,6.27,2.77,3.457,1774915200.0,0.321,248.89999389648438,166.10000610351562,177.61000061035156,239.02434,1.5,4.0,1.69,0.00090000004,0.0,0.021710001,False,False,,0.466,524067.0,469830.0,0.7875733489541777,-0.33,-16.56,-21.86,,-0.2864202291454526,0.29686407345208915,59.91590134056304,-0.012107667049702231,-0.1297771622946401,True,0.7272444119987583,,0.675,US,True,True,,25.142289098996596,17.84799316823228,52.15336819291261,62.319761729767826,27.125850340136054,66.65268456375838,27.75551102204409,50.0,96.74952198852772,46.6,30.119176577026543,standard,1024,83446507,False,48.1,False,27.936241610738254,26.76174496644295,97.5251677852349,50.041946308724825,50.041946308724825,50.041946308724825,2,SVAG,-8,NEDTREND,True,2,0.2857142857142857,LÅG,EJ AKTUELL,-7.4
TOM.OL,Tomra Systems ASA,Industrials,Waste Management,Norway,NOK,32615752595.80594,9.1107965,-3.505886500000001,1.7,1.2321886750000002,24.226215,22.099,126.9615,-0.017490009999999973,-0.0026600020000000016,-0.007845004000000003,-0.050527503,0.19566,0.023499999999999993,,,49.153999999999996,0.01750000000000007,1.014,-604012496.0,91000000.0,679000000.0,29752029184.0,1778200000.0,,1318300000.0,,,148000000.0,,93000000.0,170900000.0,2.18,0.6732,2.15,1.22,2.15,1776988800.0,1.157,155.77957054960632,89.80000305175781,110.30000305175781,130.9654,1.88889,9.0,,,0.00091,0.89427,False,False,,0.5,1024698.0,468190.0,4.577694099644418,15.56,-8.1,-15.88,,-0.2919482146304032,0.4255607216607356,81.58916814720362,0.14129032258166374,-0.05003126484542575,True,1.4473850911439934,,0.325,Nordic,True,True,24.839007624186916,48.066016546425956,23.82578992314261,36.07778546956399,38.167000411316984,60.204081632653065,66.65268456375838,33.967935871743485,50.0,,50.0,29.993357013955688,standard,1026,5361437,False,39.0,False,27.936241610738254,60.738255033557046,2.5587248322147653,50.041946308724825,50.041946308724825,50.041946308724825,1,SVAG,-8,NEDTREND,True,1,0.14285714285714285,LÅG,EJ AKTUELL,3.6
HUT,Hut 8 Corp.,Financial Services,Capital Markets,United States,USD,10296731198.79004,,-62.054634500000006,,4.6354499,36.21529,38.231,-34.862249999999996,-0.408937497,-0.18174999700000002,-1.3525100099999998,-5.58989749,0.14464999999999995,2.191,,,-41.999,-0.8359999999999999,0.662,-1117035872.0,160016000.0,422911008.0,10869963776.0,2753720000.0,,235118000.0,,,-97364000.0,,-226149000.0,-139226000.0,,0.0,,,,,6.071,140.8000030517578,18.68000030517578,91.44999694824219,134.875,1.3125,16.0,3.0,0.1243,0.08559,0.73272,False,False,,0.358,4539738.0,3592390.0,1.073665033398221,-24.72,28.95,56.67,,-0.3504971948429195,1.0396769167490945,28.43873781612983,-0.17514450190037945,0.3682279668823656,False,0.11552201488250836,,0.63,US,True,True,,15.727091886011275,68.97238827213208,74.77090862157976,2.849417421877717,80.35714285714286,11.703020134228188,11.422845691382765,50.0,17.01720841300191,35.8,29.969329915530935,holding,1028,328524055,False,42.0,False,27.936241610738254,80.62080536912751,2.5587248322147653,50.041946308724825,50.041946308724825,50.041946308724825,2,SVAG,-8,VARNING,False,2,0.2857142857142857,LÅG,EJ AKTUELL,-6.2
CAMT,Camtek Ltd.,Technology,Semiconductor Equipment & Materials,Israel,USD,6818850259.381195,118.55691499999998,12.80954,3.0449,4.465288299999999,13.662484,13.118,30.598749999999995,-0.07106249999999999,0.007220000000000004,-0.010479997999999997,0.07948250500000002,0.05763004999999999,-0.118,-0.316,-0.078,21.611000000000004,6.668499999999999,7.144,,670260992.0,487811008.0,6546950144.0,1259833000.0,,496072000.0,,,128203000.0,,50722000.0,141871000.0,,0.0,,,1.33,1712102400.0,1.567,215.99000549316406,75.75,146.14999389648438,187.58333,2.0,12.0,5.04,0.0934,0.37467,0.49238998,False,False,,0.366,504411.0,511600.0,0.9736724104797899,-19.8,-19.09,9.95,,-0.3233483486294465,0.6782934281270976,45.14929678159418,-0.12956527395834583,-0.001163926093082579,True,0.37192801088625177,,0.512,US,True,True,,51.62926576368591,30.35866780529462,24.25083418898342,45.69732703621723,86.30952380952381,11.703020134228188,,50.0,23.32695984703633,36.6,37.88703794777994,standard,844,74770337,False,43.7,False,27.936241610738254,86.49328859060402,8.473154362416107,50.041946308724825,50.041946308724825,50.041946308724825,4,NEUTRAL,0,NEDTREND,True,0,0.0,LÅG,EJ AKTUELL,-3.4
TSLA,"Tesla, Inc.",Consumer Cyclical,Auto Manufacturers,United States,USD,1430329865277.7683,322.21594025,132.539171,4.9005,13.853572074999999,14.613246,14.325,111.0355,-0.09955,-0.044869995999999995,-0.04465000000000001,-0.06864,-0.26141000000000003,0.085,-0.023999999999999994,0.166,-60.053999999999995,0.6775000000000002,1.43,4435562240.0,44743000064.0,15889999872.0,1402162905088.0,137806000000.0,,94827000000.0,,,4849000000.0,,3794000000.0,14747000000.0,,0.0,,,,,1.802,498.8299865722656,297.82000732421875,380.8399963378906,425.61,2.38298,40.0,1.66,0.023699999,0.18737,0.45597,False,False,,0.718,49394937.0,34629790.0,0.7470204672029556,-5.89,-2.07,-13.29,,-0.23653347515282497,0.44710271380372807,50.326723335888666,-0.0706681710097492,-0.08682018910440681,False,0.21415421946267063,,0.558,US,True,True,37.1967398484119,19.426309475286835,33.418730429832046,56.35869372231479,35.46881973294499,15.476190476190476,11.703020134228188,51.302605210420836,50.0,75.52581261950286,71.8,37.684325318588805,standard,848,13188409097,False,41.0,False,60.486577181208055,15.268456375838927,7.38255033557047,50.041946308724825,50.041946308724825,50.041946308724825,4,NEUTRAL,0,NEDTREND,True,0,0.0,LÅG,EJ AKTUELL,2.1
000270.KS,Kia Corporation,Consumer Cyclical,Auto Manufacturers,South Korea,KRW,58181809637100.0,,-5.731744299999999,0.42,,0.5031927,0.321,-10.463999999999997,-0.007350005000000007,0.0037700000000000095,-0.047345,-0.04492500000000001,-0.16647500999999998,-0.019999999999999997,-0.332,-0.235,-30.776499999999995,0.027499999999999858,0.93,1569717946368.0,23729899831296.0,2662490963968.0,37107926040576.0,98979055000000.0,,114140919000000.0,,,9078148000000.0,,7560983000000.0,9054140000000.0,4.54,0.3774,6800.0,3.0,6800.0,1774310400.0,1.014,203563.70609032846,93495.61375255624,149700.0,232733.33,1.36667,30.0,,,0.39367,0.33060002,False,False,,0.5,1403458.0,1209074.0,0.8436137221627129,-9.98,0.34,17.32,,-0.26460368169180026,0.534839800899211,59.80926430517711,-0.04663040847779287,0.07739087533818623,True,0.6346410943989246,,0.024,Asia,True,True,,37.45710234622927,50.68317677198976,18.142462077741865,34.05497506881971,1.9557823129251701,66.65268456375838,88.67735470941884,50.0,,50.0,37.580787178103165,standard,851,132128816,False,56.6,False,79.19463087248322,2.5587248322147653,92.61744966442953,50.041946308724825,50.041946308724825,50.041946308724825,5,NEUTRAL,0,VARNING,False,1,0.14285714285714285,LÅG,EJ AKTUELL,-3.1
MELI,"MercadoLibre, Inc.",Consumer Cyclical,Internet Retail,Uruguay,USD,91960127134.43384,21.846067249999997,14.511659000000002,1.1449,9.091424074999999,2.891555,3.103,9.6835,0.16402000000000003,-0.01611999699999999,-0.023739998000000005,-0.04159,0.042669999999999986,0.417,-0.263,-0.156,91.185,-0.2044999999999999,0.438,-4921062400.0,5664000000.0,12376000512.0,98672123904.0,42667000000.0,,28893000000.0,,,3201000000.0,,1997000000.0,12116000000.0,,0.0,,0.34,0.15,1514419200.0,1.345,2548.5,1495.0,1813.9100341796875,2214.875,1.54167,24.0,2.0,0.0198,0.06961,0.84053004,False,False,,0.655,537670.0,374540.0,0.7347015275044513,8.35,-0.45,-13.7,,-0.2882440517246665,0.39883644830667714,73.23023330497817,0.07489041009237041,-0.0507278311674082,True,0.6637920600810248,,0.243,US,True,True,27.735638875516393,48.43145444754501,31.668089951608312,35.107563166854405,28.61577704057651,40.7312925170068,11.703020134228188,22.14428857715431,50.0,81.83556405353728,65.5,29.473987374183388,standard,1039,679381864,False,42.8,False,27.936241610738254,40.18456375838927,48.65771812080537,50.041946308724825,50.041946308724825,50.041946308724825,2,SVAG,-8,NEDTREND,True,0,0.0,LÅG,EJ AKTUELL,-11.9
4568.T,"Daiichi Sankyo Company, Limited",Healthcare,Drug Manufacturers - General,Japan,JPY,5078652164930.0,-2.345989499999998,0.21589499999999973,1.8297,1.0727347,2.3921547,2.304,5.981000000000001,0.07361500000000001,-0.010820001500000006,0.05244499700000001,-0.154560003,0.38979500999999994,0.05700000000000001,-0.6214999999999999,-0.513,-1.1052500000000007,0.09924999999999973,1.395,-293843442688.0,449806991360.0,350051008512.0,4891249475584.0,4005390000000.0,,2123045000000.0,,,229089000000.0,,259874000000.0,77655000000.0,3.58,0.5557,100.0,1.23,50.0,1790640000.0,-0.158,4122.388652456052,2390.0,2791.0,4205.294,1.41176,17.0,,,0.01753,0.54158,False,False,,0.5,8278985.0,6344340.0,1.247978282378145,3.14,-1.45,-20.09,,-0.3229653399280614,0.373622112890924,70.02262443438914,0.06532410128785493,-0.09066884158495081,True,0.9072742768877493,,0.33,Japan,True,True,29.58117352022481,56.745575031318324,26.843153999430687,23.80867996018896,64.66544783905061,9.35374149659864,66.65268456375838,18.236472945891784,50.0,,50.0,29.382822459796337,standard,1041,109065145,False,39.4,False,27.936241610738254,9.228187919463087,56.87919463087249,50.041946308724825,50.041946308724825,50.041946308724825,2,SVAG,-8,NEDTREND,True,2,0.2857142857142857,LÅG,EJ AKTUELL,-10.5
BURE.ST,Bure Equity AB (publ),Financial Services,Asset Management,Sweden,SEK,20418545814.504272,,,1.16,-1.1208896000000004,-5.4893928,-5.331,-15.536750000000001,-0.327457497,-0.13909000000000002,-0.21874501300000002,0.6702374099999999,-0.42188,,,,-48.448,29.4555,31.294,-3284125056.0,521000000.0,3000000.0,19909543936.0,20091000000.0,,268000000.0,,,-4675000000.0,,-4678000000.0,296000000.0,0.97,1.7361,2.75,0.84,2.75,1778630400.0,1.285,312.58589104575225,188.26420330932774,275.20001220703125,,,,,,0.28947002,0.41491002,False,False,,0.5,159902.0,87837.0,1.8039907310105092,3.46,11.57,13.76,,-0.11960193952979448,0.3101360684659338,59.07861258242956,0.012283998430519638,0.11504489642464732,True,0.8444600542867354,,0.5,Nordic,True,True,,23.354814011828505,66.79476231141474,31.879194630872483,57.40542766221221,69.21768707482994,28.355704697986578,7.715430861723446,50.0,,50.0,37.199540063487206,holding,859,2506225,False,47.5,False,27.936241610738254,69.63087248322147,50.041946308724825,50.041946308724825,50.041946308724825,50.041946308724825,4,NEUTRAL,0,UPPTREND,False,1,0.14285714285714285,LÅG,EJ AKTUELL,-2.4
BN.TO,Brookfield Corporation,Financial Services,Asset Management,Canada,CAD,136623835642.12006,67.429552,,1.27,0.1527482,1.7270112,6.472,7.958249999999999,-0.09486250200000002,0.010664999999999994,-0.216605013,-0.08334249000000005,-0.06521003000000003,0.015,1.455,0.397,111.78650000000002,-0.7879999999999998,0.529,-2957924928.0,15029999616.0,267466997760.0,512011042816.0,518971000000.0,,75100000000.0,,,18049000000.0,,1307000000.0,10958000000.0,0.64,0.4902,0.4,0.85,0.098,1781481600.0,1.837,68.21149200452439,51.95930598732121,61.16999816894531,78.0484,1.81818,3.0,2.28,,0.17645,0.59021,False,False,,0.5,2597225.0,2340300.0,0.7162576079875321,-3.24,-4.03,-6.88,,-0.10323031543001615,0.27726898531121613,51.65774122558287,-0.019049721728706115,-0.012458099424904612,True,0.3737952697714801,,0.5,Canada,True,True,44.069703653116285,30.06938164837021,43.83717620267578,62.93333353407147,26.234108382446593,33.92857142857143,66.65268456375838,42.68537074148296,50.0,,50.0,29.19844906093759,holding,1043,102108525,False,44.6,False,27.936241610738254,33.47315436241611,67.36577181208054,50.041946308724825,50.041946308724825,50.041946308724825,3,SVAG,-8,NEDTREND,True,2,0.2857142857142857,LÅG,EJ AKTUELL,-9.5
042700.KS,"HANMI Semiconductor Co., Ltd.",Technology,Semiconductor Equipment & Materials,South Korea,KRW,23001852985000.0,,29.613218000000003,1.3219,,47.901073,47.54,98.13525,0.18368751500000002,0.122319997,0.240745034,0.012497505000000006,0.19846503000000004,-0.798,-0.868,-0.652,-5.810500000000001,2.408499999999999,2.459,72752007168.0,175668494336.0,2251916544.0,22828436946944.0,813331626120.0,,576684619520.0,,,251390142150.0,,214007548410.0,228626759780.0,0.33,0.4271,800.0,1.76,800.0,1772668800.0,2.033,426000.0,81148.56669861963,242500.0,260625.0,2.75,8.0,,,0.55786,0.23969,False,False,,0.5,1335438.0,1039209.0,1.2377281661950663,-24.1,-14.61,37.98,,-0.43075117370892024,0.9814382165368957,46.52133580705009,-0.17442311751448591,0.1143158465493439,True,0.4930382960399275,,0.0,Asia,True,True,37.37861197254845,82.04942429816697,38.471391972672926,2.157442875764062,31.828606017154062,4.166666666666666,66.65268456375838,51.40280561122245,50.0,,50.0,36.80635981188824,standard,873,183965973,False,38.5,False,60.65436241610739,2.5587248322147653,2.5587248322147653,50.041946308724825,50.041946308724825,50.041946308724825,5,NEUTRAL,0,VARNING,False,2,0.2857142857142857,LÅG,EJ AKTUELL,6.8
XVIVO.ST,Xvivo Perfusion AB (publ),Healthcare,Medical Devices,Sweden,SEK,7515773734.257507,60.79518,24.49359,,0.32765049999999984,9.005975,10.46,48.163,-0.09298999999999999,-0.0354400005,0.0052749970000000035,-0.028840000000000005,0.30924999999999997,0.021999999999999992,,,-35.08875,2.3442499999999997,3.102,-951613488.0,308143008.0,122682000.0,8728889344.0,2374112000.0,,812165000.0,,,92122000.0,,25163000.0,101066000.0,,0.0,,,,,1.458,310.3999938964844,160.0,238.60000610351562,337.4,1.25,5.0,,,0.07848,0.61776,False,False,,0.5,71354.0,90942.0,0.6996682712794697,-6.43,-20.47,10.36,,-0.2313143982113396,0.48934020685133417,42.722999874156734,-0.12395357137071827,0.09391837189656327,False,0.12479326252372702,,0.336,Nordic,True,True,10.732190638259759,42.019563168356214,35.48249359521776,36.20171774534191,40.810909873711864,84.60884353741497,11.703020134228188,11.022044088176353,50.0,,50.0,36.75748654162536,standard,875,2249723,False,44.3,False,27.936241610738254,84.81543624161074,13.758389261744966,50.041946308724825,50.041946308724825,50.041946308724825,4,NEUTRAL,0,VARNING,False,0,0.0,LÅG,EJ AKTUELL,-4.3
CHWY,"Chewy, Inc.",Consumer Cyclical,Internet Retail,United States,USD,4875559390.629471,8.90768025,-5.182410999999998,0.432,16.683457075,0.66724664,0.668,6.115500000000003,0.4895999999999999,-0.007119996999999989,-0.06424,-0.07239,-0.15294000000000002,0.0040000000000000036,0.42000000000000004,0.519,44.59300000000001,-0.5814999999999999,0.321,-353162496.0,520100000.0,523400000.0,8572548608.0,3366400000.0,,12601500000.0,,,254300000.0,,222800000.0,691600000.0,,0.0,,,,,1.445,43.5,17.399999618530273,20.93000030517578,31.04762,1.72,21.0,2.22,0.1078,0.02634,1.00184,False,False,,0.571,9475206.0,7814510.0,0.5505967906719106,10.92,-22.4,-34.74,,-0.5188505676971085,0.4750390139564889,69.31817900332423,0.017392421344208264,-0.25519326523003183,True,0.70038492401032,,0.509,US,True,True,34.632505233931546,42.061787202825656,6.575576430401366,61.99814142677393,24.945522944125113,88.5204081632653,11.703020134228188,25.851703406813627,50.0,20.84130019120459,57.099999999999994,28.676384203438396,standard,1048,163557697,False,56.1,False,27.936241610738254,88.6744966442953,88.6744966442953,50.041946308724825,50.041946308724825,50.041946308724825,2,SVAG,-8,NEDTREND,True,1,0.14285714285714285,LÅG,EJ AKTUELL,-12.5
7012.T,"Kawasaki Heavy Industries, Ltd.",Industrials,Conglomerates,Japan,JPY,2176966272270.0,-4.3868139999999975,-18.0999279,1.0517,0.06678767500000027,0.94189304,1.295,1.1795,0.02527500000000002,-0.015340002000000005,-0.007934999999999998,0.018672493,-0.09824499000000003,-0.029500000000000005,-0.114,-0.035,51.79350000000001,-0.6094999999999999,0.613,-92148562944.0,115413999616.0,861188980736.0,2993115627520.0,3324623000000.0,,2311267000000.0,,,120962000000.0,,108157000000.0,148943000000.0,1.54,0.2643,40.0,2.46,20.0,1790640000.0,0.906,3742.2069628878003,1704.8237555267613,2604.5,3782.8572,1.71429,14.0,,,0.074039996,0.45775002,False,False,,0.5,14391822.0,15428510.0,1.2117330626140734,-17.58,-21.69,-2.35,,-0.30402032120902533,0.545926839834263,36.206896551724135,-0.11681327102930505,-0.04155460512341569,False,0.11018299996794406,,0.394,Japan,True,True,46.919817288207696,45.15276998811717,23.427270139481923,28.600234894521645,29.282805366584977,13.350340136054422,66.65268456375838,29.358717434869742,50.0,,50.0,28.32084004636757,standard,1051,247507318,False,43.8,False,27.936241610738254,13.171140939597315,82.13087248322147,50.041946308724825,50.041946308724825,50.041946308724825,3,SVAG,-8,NEDTREND,True,1,0.14285714285714285,LÅG,EJ AKTUELL,-4.3
0012.HK,Henderson Land Development Company Limited,Real Estate,Real Estate - Diversified,Hong Kong,HKD,131976210809.88554,0.18773450000000125,-4.348053,1.0776,-0.15047816999999997,5.1270814,11.345,47.3635,-0.026215006,-0.002300003000000002,-0.06387998799999997,-0.25895,-0.042464999999999975,0.14450000000000002,-0.356,-0.121,0.0,2.327,0.771,-1314607616.0,23119998976.0,164753997824.0,292032217088.0,539381000000.0,,25741000000.0,,,4347000000.0,,5653000000.0,12325000000.0,4.62,1.5789,1.26,6.91,0.76,1780531200.0,1.15,34.751161462960866,24.579999923706055,27.260000228881836,32.444,2.0,10.0,,,0.72547996,0.100209996,False,False,,0.5,9399319.0,8220908.0,0.8704114691619281,2.1,-8.7,-4.72,,-0.21556578021322825,0.25506454029243214,70.588222094484,-0.04004183929375593,-0.06234749394693051,True,1.057417318421882,,0.5,Asia,True,True,33.79406858409556,31.40294193965167,33.162539140335895,37.641207634063406,72.259159576801,34.43877551020408,28.355704697986578,43.8877755511022,50.0,,50.0,28.24338478008704,standard,1052,28585525,False,39.0,False,27.936241610738254,33.9765100671141,29.026845637583893,50.041946308724825,50.041946308724825,50.041946308724825,3,SVAG,-8,NEDTREND,True,1,0.14285714285714285,LÅG,EJ AKTUELL,-5.7
MP,MP Materials Corp.,Basic Materials,Other Industrial Metals & Mining,United States,USD,8053724536.324348,,30.207421500000002,,1.3634327499999996,23.171585,22.375,-1910.0775,-0.15619,-0.071069995,-0.31342998999999994,-0.240235,-0.07986000000000004,1.081,,,-11.754999999999995,5.356999999999999,6.512,-991281008.0,1738334976.0,1047953984.0,7776954368.0,3864160000.0,,224441000.0,,,-145088000.0,,-85874000.0,-155755000.0,,0.0,,,,,1.863,100.2509994506836,43.81999969482422,45.2400016784668,79.21875,1.27778,16.0,4.77,0.16379999,0.19624001,0.70504,False,False,,0.447,6009601.0,4884780.0,1.413796184140268,-20.7,-27.38,-34.72,,-0.5487326617554403,0.7389722798930219,29.841705987247764,-0.2310803673434988,-0.2555990213297945,False,0.024147136829422565,,0.851,US,True,True,,13.250274238234073,5.436948477085113,87.14506969540527,36.851369328478384,83.58843537414967,11.703020134228188,10.120240480961924,50.0,10.803059273422562,44.7,27.646016884567047,standard,1058,220987455,False,42.5,False,27.936241610738254,83.80872483221476,2.5587248322147653,50.041946308724825,50.041946308724825,50.041946308724825,3,SVAG,-8,NEDTREND,True,1,0.14285714285714285,LÅG,EJ AKTUELL,-11.3
NUVL,"Nuvalent, Inc.",Healthcare,Biotechnology,United States,USD,9118827390.211372,,-45.936447,,4.5267,,,,-0.53766,-0.2863299985,-0.11926,-0.193195,-0.45206,,,,,14.10675,15.885,-996865248.0,1287475968.0,0.0,8505105408.0,1412705000.0,,0.0,,,-414307000.0,,-425377000.0,-275209000.0,,0.0,,,,,1.138,123.95999908447266,71.12999725341797,123.95999908447266,124.0,3.0,9.0,0.56,0.0617,0.02781,1.13302,False,False,,0.1,2354408.0,1624350.0,0.0,0.41,19.55,18.0,,0.0,0.5805189096135469,87.14237447003302,0.10950001956617461,0.20115609212666885,False,0.9260384723340533,,0.0,US,True,True,,5.593468625610229,86.15143751779107,1.0486577181208054,45.96884640496486,82.0578231292517,11.703020134228188,10.721442885771543,50.0,35.75525812619503,10.0,27.41291428761466,standard,1062,201354425,False,49.4,False,27.936241610738254,82.29865771812081,50.041946308724825,50.041946308724825,50.041946308724825,50.041946308724825,1,SVAG,-8,UPPTREND,False,1,0.14285714285714285,LÅG,EJ AKTUELL,-7.8
RBLX,Roblox Corporation,Communication Services,Electronic Gaming & Multimedia,United States,USD,34708070735.51477,,-55.652865000000006,8.18,81.8391215,6.984696,6.714,-47.264,-3.291419995,-0.14394999749999998,-0.328164997,-0.351295,-0.21106000000000003,0.332,,,357.8725,-0.24449999999999983,0.711,387423104.0,3199000064.0,1788000000.0,35569782784.0,9557118000.0,,4890551000.0,,,-1232342000.0,,-1065057000.0,1796358000.0,,0.0,,,,,1.414,150.58999633789062,40.150001525878906,51.68000030517578,65.96774,1.82353,31.0,2.44,0.044699997,0.05483,0.83049005,False,False,,0.738,11669487.0,6801500.0,0.7356626634152984,4.74,-14.49,-37.64,,-0.6568165113091755,0.6331621081616436,57.431456200266666,0.07702119291134646,-0.30071585724572214,False,0.4049161060778751,,0.764,US,True,True,,6.428445234778313,6.974096214062055,80.12346294644954,16.27719471559098,59.183673469387756,11.703020134228188,61.923847695390776,50.0,50.09560229445506,73.8,27.33185211510694,standard,1063,351501522,False,51.4,False,68.03691275167785,59.73154362416108,19.630872483221477,50.041946308724825,50.041946308724825,50.041946308724825,3,SVAG,-8,NEDTREND,True,1,0.14285714285714285,LÅG,EJ AKTUELL,-14.0
1024.HK,Kuaishou Technology,Communication Services,Internet Content & Information,China,HKD,158471414183.7876,-3.148908499999999,-2.157940999999999,1.5902,0.028609400000000118,1.3014488,1.087,-2.2384999999999993,0.08766,0.0281999955,-0.023119991000000006,-0.09120000500000001,0.18423500000000004,-0.026999999999999996,-0.34500000000000003,-0.27,13.183999999999997,-0.0655,1.016,-6097107712.0,68232998912.0,38357000192.0,156385837056.0,164504000000.0,,142776000000.0,,,18656000000.0,,18617000000.0,26716000000.0,1.59,0.0,0.69,,0.69,1782691200.0,1.254,91.03703122437223,39.720001220703125,43.279998779296875,69.79537,1.26471,31.0,,,0.15664,0.36105,False,False,,0.5,67490213.0,126499230.0,0.9328092230270136,-0.94,-3.59,-38.77,,-0.5245890798808248,0.5295024633003146,56.10912658368758,-0.04223565452433753,-0.28059150371847874,True,0.5155540648332493,,0.74,Asia,True,True,,57.46259206254897,15.82692855109593,32.6367938118248,39.57872358579688,31.547619047619047,66.65268456375838,26.252505010020037,50.0,,50.0,27.307446161029297,standard,1064,698354033,False,45.3,False,27.936241610738254,31.1241610738255,74.49664429530202,50.041946308724825,50.041946308724825,50.041946308724825,3,SVAG,-8,NEDTREND,True,1,0.14285714285714285,LÅG,EJ AKTUELL,0.7
BOUV.OL,Bouvet ASA,Technology,Information Technology Services,Norway,NOK,4509092362.503189,-13.909404000000002,-7.126982,,4.6354574,1.1637473,1.109,-8.998749999999998,0.5047975,0.08024999699999999,0.015694999000000008,0.009647505000000015,-0.11202999999999996,-0.178,-0.41400000000000003,-0.196,39.81399999999999,-0.577,1.181,-639512736.0,551203008.0,339040992.0,4296930304.0,1728816000.0,,3912343000.0,,,473432000.0,,358673000.0,347111000.0,6.81,0.9288,3.0,4.24,3.0,1778803200.0,0.341,73.59229122375591,41.17421124106959,44.04999923706055,55.0,,3.0,,,0.14877,0.47932997,False,False,,0.5,144769.0,69812.0,1.0133401818790955,2.2,-10.61,-20.98,,-0.40143188227245985,0.240055866821635,56.77965718142901,-0.019642306832405976,-0.1444613198023429,True,0.7085122415947852,,0.279,Nordic,True,True,,66.61468751177487,16.851693709080557,11.065172564512645,57.088799824711884,89.28571428571429,66.65268456375838,8.917835671342687,50.0,,50.0,27.07552357935397,standard,1067,319271,False,54.5,False,27.936241610738254,89.42953020134227,77.26510067114094,50.041946308724825,50.041946308724825,50.041946308724825,3,SVAG,-8,NEDTREND,True,2,0.2857142857142857,LÅG,EJ AKTUELL,-14.7
FOUR,"Shift4 Payments, Inc.",Technology,Software - Infrastructure,United States,USD,3991038275.3816986,27.075060999999998,-12.0321203,0.3703,0.7642602999999992,1.1199703,2.073,-5.813249999999999,-0.04728250499999999,-0.026909999999999996,-0.08049999799999999,-0.09467749499999999,-0.10106002000000003,0.17900000000000002,,-0.118,207.55599999999998,-0.4595,0.692,-327987520.0,473000000.0,4582000128.0,9232037888.0,8713000000.0,,4180000000.0,,,337000000.0,,119000000.0,634000000.0,,0.0,,,,,1.4,108.5,34.560001373291016,50.310001373291016,60.66667,2.16667,21.0,7.86,0.2016,0.30355,0.92714995,False,False,,0.742,1663308.0,1126740.0,0.5392891621360704,21.82,3.84,-25.03,,-0.5363133513982394,0.5867298564883202,58.51472064680827,0.14498607362118587,-0.10555147958390387,True,0.6552780584692844,,0.31,US,True,True,,24.218555631003852,24.736692285795616,39.5056010785075,15.379464595949353,90.9013605442177,11.703020134228188,27.354709418837675,50.0,17.648183556405353,74.2,26.51777975197986,standard,1074,56686291,False,54.9,False,27.936241610738254,91.02348993288591,78.02013422818791,50.041946308724825,50.041946308724825,50.041946308724825,1,SVAG,-8,NEDTREND,True,0,0.0,LÅG,EJ AKTUELL,-2.2
035420.KS,NAVER Corporation,Communication Services,Internet Content & Information,South Korea,KRW,28420157630000.0,,1.9492860000000007,23.1956,,2.2755632,2.123,-0.6464999999999996,-0.09251,-0.0031100005000000014,0.0001800049999999831,-0.028780000000000028,0.642085,0.10200000000000001,-0.392,-0.328,-16.300000000000004,0.01749999999999996,0.963,1447670253568.0,8963419537408.0,5310200152064.0,26510750646272.0,41084496327310.0,,12035007218970.0,,,2208138388970.0,,1953214734950.0,3095806604670.0,1.38,0.2187,2630.0,0.5,2630.0,1772064000.0,1.155,304000.0,181100.0,190000.0,301962.97,1.66667,27.0,,,0.00154,0.32399,False,False,,0.5,1906652.0,901472.0,0.6789754183883486,-21.97,-5.71,-24.41,,-0.375,0.5277069048992508,44.366197183098585,-0.11463187325256285,-0.18599745321630812,False,0.32195725131748326,,0.544,Asia,True,True,,50.36142848885636,19.75519499003701,37.0701314698985,31.432320222132518,3.741496598639456,66.65268456375838,92.28456913827655,50.0,,50.0,34.1908551486664,standard,939,125034166,False,54.4,False,90.68791946308725,2.5587248322147653,58.55704697986577,50.041946308724825,50.041946308724825,50.041946308724825,4,NEUTRAL,0,NEDTREND,True,1,0.14285714285714285,LÅG,EJ AKTUELL,-4.5
NAVI,Navient Corporation,Financial Services,Credit Services,United States,USD,813008421.1958828,,-3.667389,0.13,-2.48205855,2.4711502,137.863,,-0.159537497,-0.020789997000000005,-0.44018002,-0.11866749000000001,0.54794,-0.07200000000000001,,,1832.979,6.169000000000001,7.601,,657000000.0,45200998400.0,45356924928.0,48681000000.0,,610000000.0,,,,,-80000000.0,441000000.0,7.38,2.0,0.64,4.31,0.16,1780617600.0,1.211,13.634534223915123,7.179060135004698,8.649999618530273,9.1875,3.25,8.0,7.18,0.24239999,0.02286,1.03179,False,False,,0.393,1129448.0,797910.0,0.672943691212008,4.98,5.39,-27.48,,-0.3655815830248107,0.39007790449509616,48.5875648377487,0.05616900425577387,-0.12095848042926549,True,0.7599552368515526,,0.314,US,True,True,,30.05136475875642,29.020779960148023,16.95994860843854,39.47721361282625,97.3639455782313,28.355704697986578,,50.0,15.353728489483748,39.300000000000004,25.724454234348002,standard,1086,6901921,False,52.5,False,27.936241610738254,97.5251677852349,56.04026845637584,50.041946308724825,50.041946308724825,50.041946308724825,1,SVAG,-8,NEDTREND,True,0,0.0,LÅG,EJ AKTUELL,-11.8
8028.T,8028.T,Unknown,Unknown,Unknown,USD,,,,,,,,,,,,,,,,,,,,,,,,,,,,,,,,,,,,,,,,,,,,,,,,,,False,False,,0.5,,,,,,,,,,,,,,,,0.5,Japan,True,True,,,,31.879194630872483,,,11.703020134228188,,50.0,,50.0,25.09456795302014,standard,1093,,True,44.5,False,27.936241610738254,50.041946308724825,50.041946308724825,50.041946308724825,50.041946308724825,50.041946308724825,1,SVAG,-8,UPPTREND,False,0,0.0,LÅG,EJ AKTUELL,-1.6
CHK,CHK,Unknown,Unknown,Unknown,USD,,,,,,,,,,,,,,,,,,,,,,,,,,,,,,,,,,,,,,,,,,,,,,,,,,False,False,,0.5,,,,,,,,,,,,,,,,0.5,US,True,True,,,,31.879194630872483,,,11.703020134228188,,50.0,,50.0,25.09456795302014,standard,1093,,True,44.5,False,27.936241610738254,50.041946308724825,50.041946308724825,50.041946308724825,50.041946308724825,50.041946308724825,1,SVAG,-8,UPPTREND,False,0,0.0,LÅG,EJ AKTUELL,-1.6
MOR.DE,MOR.DE,Unknown,Unknown,Unknown,USD,,,,,,,,,,,,,,,,,,,,,,,,,,,,,,,,,,,,,,,,,,,,,,,,,,False,False,,0.5,,,,,,,,,,,,,,,,0.5,Europe,True,True,,,,31.879194630872483,,,11.703020134228188,,50.0,,50.0,25.09456795302014,standard,1093,,True,44.5,False,27.936241610738254,50.041946308724825,50.041946308724825,50.041946308724825,50.041946308724825,50.041946308724825,1,SVAG,-8,UPPTREND,False,0,0.0,LÅG,EJ AKTUELL,-1.6
GKN.L,8072713,Unknown,Unknown,Unknown,USD,,,,,,,,,,,,,,,,,,,,,,,,,,,,,,,,,,,,,,,,,,,,,,,,,,False,False,,0.5,,,,,,,,,,,,,,,,0.5,UK,True,True,,,,31.879194630872483,,,11.703020134228188,,50.0,,50.0,25.09456795302014,standard,1093,,True,44.5,False,27.936241610738254,50.041946308724825,50.041946308724825,50.041946308724825,50.041946308724825,50.041946308724825,1,SVAG,-8,UPPTREND,False,0,0.0,LÅG,EJ AKTUELL,-1.6
MSY.L,2719985,Unknown,Unknown,Unknown,USD,,,,,,,,,,,,,,,,,,,,,,,,,,,,,,,,,,,,,,,,,,,,,,,,,,False,False,,0.5,,,,,,,,,,,,,,,,0.5,UK,True,True,,,,31.879194630872483,,,11.703020134228188,,50.0,,50.0,25.09456795302014,standard,1093,,True,44.5,False,27.936241610738254,50.041946308724825,50.041946308724825,50.041946308724825,50.041946308724825,50.041946308724825,1,SVAG,-8,UPPTREND,False,0,0.0,LÅG,EJ AKTUELL,-1.6
UN01.DE,UN01.DE,Unknown,Unknown,Unknown,USD,,,,,,,,,,,,,,,,,,,,,,,,,,,,,,,,,,,,,,,,,,,,,,,,,,False,False,,0.5,,,,,,,,,,,,,,,,0.5,Europe,True,True,,,,31.879194630872483,,,11.703020134228188,,50.0,,50.0,25.09456795302014,standard,1093,,True,44.5,False,27.936241610738254,50.041946308724825,50.041946308724825,50.041946308724825,50.041946308724825,50.041946308724825,1,SVAG,-8,UPPTREND,False,0,0.0,LÅG,EJ AKTUELL,-1.6
SPD.L,SPD.L,Unknown,Unknown,Unknown,USD,,,,,,,,,,,,,,,,,,,,,,,,,,,,,,,,,,,,,,,,,,,,,,,,,,False,False,,0.5,,,,,,,,,,,,,,,,0.5,UK,True,True,,,,31.879194630872483,,,11.703020134228188,,50.0,,50.0,25.09456795302014,standard,1093,,True,44.5,False,27.936241610738254,50.041946308724825,50.041946308724825,50.041946308724825,50.041946308724825,50.041946308724825,1,SVAG,-8,UPPTREND,False,0,0.0,LÅG,EJ AKTUELL,-1.6
MGGT.L,MGGT.L,Unknown,Unknown,Unknown,USD,,,,,,,,,,,,,,,,,,,,,,,,,,,,,,,,,,,,,,,,,,,,,,,,,,False,False,,0.5,,,,,,,,,,,,,,,,0.5,UK,True,True,,,,31.879194630872483,,,11.703020134228188,,50.0,,50.0,25.09456795302014,standard,1093,,True,44.5,False,27.936241610738254,50.041946308724825,50.041946308724825,50.041946308724825,50.041946308724825,50.041946308724825,1,SVAG,-8,UPPTREND,False,0,0.0,LÅG,EJ AKTUELL,-1.6
SAND,SAND,Unknown,Unknown,Unknown,USD,,,,,,,,,,,,,,,,,,,,,,,,,,,,,,,,,,,,,,,,,,,,,,,,,,False,False,,0.5,,,,,,,,,,,,,,,,0.5,US,True,True,,,,31.879194630872483,,,11.703020134228188,,50.0,,50.0,25.09456795302014,standard,1093,,True,44.5,False,27.936241610738254,50.041946308724825,50.041946308724825,50.041946308724825,50.041946308724825,50.041946308724825,1,SVAG,-8,UPPTREND,False,0,0.0,LÅG,EJ AKTUELL,-1.6
COB.L,COB.L,Unknown,Unknown,Unknown,USD,,,,,,,,,,,,,,,,,,,,,,,,,,,,,,,,,,,,,,,,,,,,,,,,,,False,False,,0.5,,,,,,,,,,,,,,,,0.5,UK,True,True,,,,31.879194630872483,,,11.703020134228188,,50.0,,50.0,25.09456795302014,standard,1093,,True,44.5,False,27.936241610738254,50.041946308724825,50.041946308724825,50.041946308724825,50.041946308724825,50.041946308724825,1,SVAG,-8,UPPTREND,False,0,0.0,LÅG,EJ AKTUELL,-1.6
SHG.L,SHG.L,Unknown,Unknown,Unknown,USD,,,,,,,,,,,,,,,,,,,,,,,,,,,,,,,,,,,,,,,,,,,,,,,,,,False,False,,0.5,,,,,,,,,,,,,,,,0.5,UK,True,True,,,,31.879194630872483,,,11.703020134228188,,50.0,,50.0,25.09456795302014,standard,1093,,True,44.5,False,27.936241610738254,50.041946308724825,50.041946308724825,50.041946308724825,50.041946308724825,50.041946308724825,1,SVAG,-8,UPPTREND,False,0,0.0,LÅG,EJ AKTUELL,-1.6
DARK.L,DARK.L,Unknown,Unknown,Unknown,USD,,,,,,,,,,,,,,,,,,,,,,,,,,,,,,,,,,,,,,,,,,,,,,,,,,False,False,,0.5,,,,,,,,,,,,,,,,0.5,UK,True,True,,,,31.879194630872483,,,11.703020134228188,,50.0,,50.0,25.09456795302014,standard,1093,,True,44.5,False,27.936241610738254,50.041946308724825,50.041946308724825,50.041946308724825,50.041946308724825,50.041946308724825,1,SVAG,-8,UPPTREND,False,0,0.0,LÅG,EJ AKTUELL,-1.6
6714.T,6714.T,Unknown,Unknown,Unknown,USD,,,,,,,,,,,,,,,,,,,,,,,,,,,,,,,,,,,,,,,,,,,,,,,,,,False,False,,0.5,,,,,,,,,,,,,,,,0.5,Japan,True,True,,,,31.879194630872483,,,11.703020134228188,,50.0,,50.0,25.09456795302014,standard,1093,,True,44.5,False,27.936241610738254,50.041946308724825,50.041946308724825,50.041946308724825,50.041946308724825,50.041946308724825,1,SVAG,-8,UPPTREND,False,0,0.0,LÅG,EJ AKTUELL,-1.6
LANC,Lancaster Colony Corporation,Unknown,Unknown,Unknown,USD,,,,,,,,,,,,,,,,,,,,,,,,,,,,,,,,,,,,,,,,,,172.77,,,,,,,,False,False,,0.5,,,,,,,,,,,,,,,,0.5,US,True,True,,,,31.879194630872483,,,11.703020134228188,,50.0,,50.0,25.09456795302014,standard,1093,,True,44.5,False,27.936241610738254,50.041946308724825,50.041946308724825,50.041946308724825,50.041946308724825,50.041946308724825,1,SVAG,-8,UPPTREND,False,0,0.0,LÅG,EJ AKTUELL,-1.6
HMED.ST,Hansa Medical AB (publ),Unknown,Unknown,Unknown,USD,,,,,,,,,,,,,,,,,,,,,,,,,,,,,,,,,,,,,,,,,,,,,,,,,,False,False,,0.5,,,,,,,,,,,,,,,,0.5,Nordic,True,True,,,,31.879194630872483,,,11.703020134228188,,50.0,,50.0,25.09456795302014,standard,1093,,True,44.5,False,27.936241610738254,50.041946308724825,50.041946308724825,50.041946308724825,50.041946308724825,50.041946308724825,1,SVAG,-8,UPPTREND,False,0,0.0,LÅG,EJ AKTUELL,-1.6
HOLX,HOLX,Unknown,Unknown,Unknown,USD,,,,,,,,,,,,,,,,,,,,,,,,,,,,,,,,,,,,,,,,,,,,,,,,,,False,False,,0.5,,,,,,,,,,,,,,,,0.5,US,True,True,,,,31.879194630872483,,,11.703020134228188,,50.0,,50.0,25.09456795302014,standard,1093,,True,44.5,False,27.936241610738254,50.041946308724825,50.041946308724825,50.041946308724825,50.041946308724825,50.041946308724825,1,SVAG,-8,UPPTREND,False,0,0.0,LÅG,EJ AKTUELL,-1.6
RKLB,Rocket Lab Corporation,Industrials,Aerospace & Defense,United States,USD,39143020249.407005,,2233.9649695,,12.960194575,62.171295,55.756,-246.735,-0.28885001,-0.120609997,-0.372749997,-0.359762503,-0.08650000000000002,0.5665,,,-70.03899999999999,3.0909999999999997,3.874,-1031436880.0,1383351040.0,138670000.0,37890465792.0,2324478000.0,,601799000.0,,,-228838000.0,,-198209000.0,-165521000.0,,0.0,,,,,2.553,151.0,37.56999969482422,67.62000274658203,116.57143,1.5625,14.0,1.41,0.074099995,0.00829,0.59839,False,False,,0.479,27012032.0,20180850.0,0.8401939033861374,-35.37,-18.46,-26.34,,-0.5521854122742912,0.9497605583976639,35.058283620542824,-0.3649523308901519,-0.12658168009723136,False,0.07847128465468106,,0.838,US,True,True,,10.785783025906548,8.824366638200969,84.33422701459615,32.31448754124259,57.48299319727891,11.703020134228188,30.66132264529058,50.0,29.82791586998088,47.9,24.97836475398472,standard,1109,1364629132,False,38.6,False,27.936241610738254,58.053691275167786,2.5587248322147653,50.041946308724825,50.041946308724825,50.041946308724825,2,SVAG,-8,NEDTREND,True,1,0.14285714285714285,LÅG,EJ AKTUELL,-10.1
UPST,"Upstart Holdings, Inc.",Financial Services,Credit Services,United States,USD,2824448423.0966396,57.634663999999994,-4.066418499999999,,1.0287137,2.4064195,3.688,34.95375,-0.064897497,-0.0018199970000000038,-0.21268000800000003,-0.36571749000000003,0.37500999999999995,0.382,,,202.82299999999998,9.953999999999999,2.836,-1129019872.0,474663008.0,1978401024.0,4328186368.0,2974805000.0,,1023985000.0,,,,,53601000.0,-147725000.0,,0.0,,,,,2.267,87.30000305175781,23.96500015258789,29.510000228881836,41.06667,2.13333,15.0,5.47,0.3096,0.1301,0.61656,False,False,,0.649,4530450.0,3714810.0,1.0274452180430367,-8.47,-10.82,-36.47,,-0.6619702268350878,0.6969264931424135,32.21937345824746,-0.05616324009242957,-0.2072691568327455,False,0.003758474962280141,,0.815,US,True,True,7.0383784328433405,34.25401997182785,9.350982066609737,82.12309921622003,30.303555131801534,92.60204081632652,11.703020134228188,4.308617234468938,50.0,13.059273422562141,64.9,24.95899546110701,standard,1110,109624044,False,51.9,False,27.936241610738254,92.70134228187919,56.54362416107382,50.041946308724825,50.041946308724825,50.041946308724825,3,SVAG,-8,NEDTREND,True,1,0.14285714285714285,LÅG,EJ AKTUELL,-11.2
EDIT,"Editas Medicine, Inc.",Healthcare,Biotechnology,United States,USD,457316280.16705227,,-19.777853699999998,,62.42275099999999,11.819097,4.792,-16.0995,-3.3865000000000003,-0.3306599985,-2.93512,-9.025055,-1.5444300000000002,-0.47200000000000003,,,333.10024999999996,1.1887499999999998,3.174,-890253504.0,123648000.0,17297000.0,185409728.0,186534000.0,,40520000.0,,,-99336000.0,,-160060000.0,-165241000.0,,0.0,,,,,2.1,4.5370001792907715,1.659999966621399,2.9800000190734863,5.77778,,9.0,8.12,0.1467,0.00171,0.49295,False,False,,0.753,2505862.0,2395560.0,0.6112879236729009,26.27,-11.04,34.23,,-0.3431783334116326,0.9296396080881486,53.475939101516346,0.007982688546640748,0.10719959153659264,False,0.37948739095046563,,0.838,US,True,True,,1.0943742330953703,42.840876743524056,36.91289834326748,24.07838781337646,98.3843537414966,11.703020134228188,,50.0,14.531548757170173,75.3,24.927592298470792,standard,1111,7138769,False,45.6,False,27.936241610738254,97.5251677852349,9.479865771812081,50.041946308724825,50.041946308724825,50.041946308724825,0,SVAG,-8,UPPTREND,False,0,0.0,LÅG,EJ AKTUELL,-14.8
NRG,"NRG Energy, Inc.",Utilities,Utilities - Independent Power Producers,United States,USD,27240463270.47592,122.60734,-5.836597999999999,0.6135,3.82840853,0.84117043,1.577,9.320249999999998,-0.035274996999999995,-0.011370001000000001,-0.1248149985,-0.1870525,-0.28760001,0.116,-0.9159999999999999,-0.833,324.2165,-0.08649999999999991,0.334,-384812512.0,178000000.0,23357999104.0,51070464000.0,29140000000.0,,30713000000.0,,,1944000000.0,,864000000.0,1913000000.0,1.43,1.9725,1.9,2.6,0.475,1777593600.0,1.201,189.3800421561953,120.11000061035156,129.11000061035156,198.35294,1.58824,17.0,2.94,0.0513,0.044109996,0.95342004,False,False,,0.719,2699656.0,1993910.0,1.0639771230925446,-2.26,-23.14,-13.3,,-0.3182491716636894,0.45397914272941775,20.963574941800417,-0.0487116133472395,-0.16172320025626352,False,-0.0282172033970353,,0.796,US,True,True,41.55204263275154,19.73840730695814,17.762596071733558,38.35057589586188,25.277732786544757,63.60544217687075,28.355704697986578,41.48296593186373,50.0,44.45506692160612,71.89999999999999,24.874913900642795,standard,1112,257433721,False,51.8,False,27.936241610738254,64.09395973154362,84.31208053691275,50.041946308724825,50.041946308724825,50.041946308724825,1,SVAG,-8,NEDTREND,True,0,0.0,LÅG,EJ AKTUELL,-9.7
GOLD,"Gold.com, Inc.",Financial Services,Capital Markets,United States,USD,1111157607.7714462,-5.4300315,-2.268077,,-1.5363384000000004,0.0482683,0.116,6.53375,-0.026787497,0.008030003999999997,-0.25127001010000005,-0.36601749000000006,-0.43362,2.376,,,115.385,-0.5179999999999999,0.126,-1560348032.0,143607008.0,1654208000.0,2661006336.0,2215431000.0,,10978614000.0,,,48803000.0,,17320000.0,152347000.0,2.07,0.2606,0.8,,0.2,1779235200.0,0.609,66.13757836786306,20.221587479551662,38.310001373291016,65.8,,5.0,7.01,0.1475,0.33103,0.59977,False,False,,0.773,498517.0,404640.0,0.824220473172204,-12.39,-17.44,-2.97,,-0.4207528863514264,0.5180633086730281,36.51979839930805,-0.07738578954676256,-0.03525177200698182,False,0.09826971342305009,,0.488,US,True,True,,21.70306010774859,19.968687731283804,59.79607640681466,30.846074923351715,96.68367346938776,66.65268456375838,,50.0,14.149139579349903,77.3,24.87194832271399,holding,1113,15501759,False,58.8,False,27.936241610738254,97.5251677852349,97.5251677852349,50.041946308724825,50.041946308724825,50.041946308724825,2,SVAG,-8,NEDTREND,True,1,0.14285714285714285,LÅG,EJ AKTUELL,-10.6
TMDX,"TransMedics Group, Inc.",Healthcare,Medical Devices,United States,USD,2556816311.798683,-12.056045999999998,10.150193999999999,,1.3739575999999998,4.020847,4.653,9.6795,0.32647,-0.009249998499999999,0.15111,-0.116745,0.13883,0.132,-0.8325,-0.715,115.47824999999999,4.7067499999999995,6.01,-707615256.0,461739008.0,863414976.0,2958492160.0,1068373000.0,,605494000.0,,,108583000.0,,190291000.0,192840000.0,,0.0,,,,,1.882,156.0,60.10499954223633,73.9800033569336,114.0,1.72727,9.0,6.58,0.355,0.03654,1.09612,False,False,,0.137,1340396.0,760340.0,0.518687664537314,-2.43,-32.2,-47.89,,-0.5257692092504257,0.5894017504188475,64.26364382445485,0.045167736096780375,-0.33400982989538197,True,0.5847258678784664,,0.669,US,True,True,15.72737654079108,60.67064816112109,3.842869342442357,35.55577605095089,34.336096088834275,93.28231292517006,11.703020134228188,4.909819639278557,50.0,11.147227533460804,13.700000000000001,24.74915184594193,standard,1115,56249956,False,49.0,False,27.936241610738254,93.37248322147651,36.49328859060403,50.041946308724825,50.041946308724825,50.041946308724825,2,SVAG,-8,NEDTREND,True,1,0.14285714285714285,LÅG,EJ AKTUELL,-0.4
COIN,"Coinbase Global, Inc.",Financial Services,Financial Data & Stock Exchanges,United States,USD,34947709513.931274,41.035659,20.2874635,1.5398,0.2463624999999996,6.5852985,6.192,30.02375,-0.068117497,-0.00029999700000000323,-0.12741001000000002,-0.44563749,0.40269,-0.372,,,-7.939999999999998,0.4470000000000002,1.176,1591125248.0,10438001664.0,7964423168.0,38921375744.0,29671832000.0,,7181325000.0,,,1456145000.0,,1260327000.0,2426383000.0,,0.0,,,,,3.351,444.6499938964844,139.17999267578125,157.1199951171875,222.53568,1.94118,30.0,2.83,0.113199994,0.01337,0.68671,False,False,,0.466,8811796.0,6019560.0,0.8525435659261501,-7.18,-21.37,-38.59,,-0.6466434335456992,0.6782160557532202,56.35445904452379,-0.08638204827715856,-0.29455941364384763,True,0.4627358695817617,,0.376,US,True,True,66.51364180875719,35.718051845036236,4.924565898092799,8.284542638569485,25.372472296147276,59.09863945578231,11.703020134228188,88.07615230460922,50.0,19.311663479923517,46.6,24.630637731860766,standard,1117,945793238,False,56.8,False,88.75838926174497,59.64765100671141,20.889261744966444,50.041946308724825,50.041946308724825,50.041946308724825,3,SVAG,-8,NEDTREND,True,1,0.14285714285714285,LÅG,EJ AKTUELL,-15.8
SBILIFE.NS,SBI Life Insurance Company Limited,Financial Services,Insurance - Life,India,INR,1835365789363.678,54.206562999999996,36.075316,,5.848268750000001,1.6344712,1.606,51.82025000000001,-0.01943749699999999,-0.022180000000000005,-0.24275000300000005,-0.17171249000000002,-0.33045999000000004,-0.8859999999999999,-0.14400000000000002,-0.011,,-0.04699999999999982,0.392,-8162361344.0,32079400960.0,0.0,1803342577664.0,5000459400000.0,,1122911100000.0,,,,,24703000000.0,,0.15,0.1097,2.7,0.17,2.7,1772755200.0,0.341,2129.040438508761,1700.4000244140625,1829.4000244140625,2334.027,1.13889,37.0,,,0.587,0.30943,False,False,,0.5,1284508.0,932758.0,0.9900417363257601,1.21,-4.3,-11.45,,-0.14073965373084918,0.19974397995956597,61.958623943918695,0.009918125822719226,-0.04639467353592852,True,0.6806459836448816,,0.0,India,True,True,33.500464616383596,17.403466200250634,38.64218616567036,15.45125420301488,73.56257521576622,14.285714285714285,66.65268456375838,43.7875751503006,50.0,,50.0,24.34574984327012,standard,1120,17723177,False,41.9,False,27.936241610738254,14.093959731543624,68.8758389261745,50.041946308724825,50.041946308724825,50.041946308724825,1,SVAG,-8,NEDTREND,True,2,0.2857142857142857,LÅG,EJ AKTUELL,-15.1
BBAS3.SA,Banco do Brasil S.A.,Financial Services,Banks - Regional,Brazil,BRL,116974813552.88258,1.8310254999999973,-1.6204814999999995,0.3,-0.35174000000000016,1.6906134,13.235,,-0.05304748699999998,-0.023220002000000003,-0.010355012999999996,-0.20507249000000002,-0.29882,-0.28200000000000003,-0.677,-0.544,,,,,328655175680.0,1122359181312.0,915722993664.0,2455143253000.0,,147119627000.0,,,,,13698124000.0,159254089000.0,1.15,0.1254,0.24,4.61,0.141262,1780358400.0,0.247,27.542484353543653,17.70464728955629,20.489999771118164,25.09231,2.84615,13.0,,,0.5,0.2447,False,False,,0.5,22391283.0,17685540.0,1.8811903343448562,4.92,-15.01,-2.97,,-0.25605840387881007,0.28802230917923305,53.257781490410856,0.018578050435728466,-0.0683515231832097,True,0.7741777712731938,,0.59,LatAm,True,True,,21.979385889644895,27.597495018502702,15.509987838184308,75.80020036894503,36.734693877551024,66.65268456375838,,50.0,,50.0,24.132999479751568,standard,1127,70904110,False,45.1,False,27.936241610738254,36.241610738255034,68.03691275167785,50.041946308724825,50.041946308724825,50.041946308724825,1,SVAG,-8,NEDTREND,True,2,0.2857142857142857,LÅG,EJ AKTUELL,-14.4
KKR,KKR & Co. Inc.,Financial Services,Asset Management,United States,USD,90631296856.61261,16.895328,0.8418065000000006,0.5478,0.38801909999999973,3.7121956,6.073,,-0.05834749299999999,-0.004929995999999999,-0.13796001600000002,-0.26454749,0.10336000000000001,-0.13,,,2.0079999999999956,-0.8369999999999999,0.814,,45299539968.0,55780061184.0,153965314048.0,410144072000.0,,19207544000.0,,,490198000.0,,2370463000.0,477760000.0,0.73,0.2517,0.75,0.83,0.195,1778803200.0,1.794,152.8544403620755,82.5080917879704,100.94000244140625,124.13579,1.57143,19.0,3.08,0.0226,0.2305,0.62199,False,False,,0.477,4595470.0,3739640.0,0.7479866241998255,1.99,-0.86,-23.29,,-0.3396331686387154,0.3712002130970678,74.3359141385047,0.05341597480059557,-0.06683248835863498,True,0.8892418878251876,,0.736,US,True,True,,29.821792188418044,25.875320239111872,37.721758107664144,36.87485229309582,41.156462585034014,66.65268456375838,,50.0,76.8642447418738,47.699999999999996,23.829294860267435,holding,1128,377479271,False,41.6,False,27.936241610738254,40.604026845637584,39.848993288590606,50.041946308724825,50.041946308724825,50.041946308724825,2,SVAG,-8,NEDTREND,True,1,0.14285714285714285,LÅG,EJ AKTUELL,-9.3
006400.KS,"Samsung SDI Co., Ltd.",Industrials,Electrical Equipment & Parts,South Korea,KRW,33566923395500.0,,9.4364435,12.2945,,2.501955,3.404,79.6965,-0.156710017,-0.05994,-0.161244995,-0.211197503,-0.22297499999999998,0.057499999999999996,,,15.035500000000003,-0.558,0.418,-1495047403520.0,1839690940416.0,11833014484992.0,46517083701248.0,42255338580910.0,,13266730679490.0,,,-1722360788050.0,,-649468657550.0,792385760870.0,,0.0,,0.25,977.12604,1735257600.0,1.58,723000.0,174600.0,434500.0,720822.56,1.96774,31.0,,,0.22959,0.32712,False,False,,0.5,748580.0,568024.0,0.8383304852470108,-21.0,-7.65,62.43,,-0.39903181189488246,0.6974020686640747,46.23853211009174,-0.20714572460859093,0.07653427813978841,True,0.3000343851279198,,0.496,Asia,True,True,22.16998242294645,10.78002812184721,45.43125533731853,45.935754681560056,26.872695246318624,3.4013605442176873,11.703020134228188,28.95791583166333,50.0,,50.0,23.404067412847326,standard,1130,180168692,False,38.2,False,27.936241610738254,2.5587248322147653,55.62080536912751,50.041946308724825,50.041946308724825,50.041946308724825,3,SVAG,-8,VARNING,False,0,0.0,LÅG,EJ AKTUELL,-9.9
KINV-B.ST,Kinnevik AB,Financial Services,Asset Management,Sweden,SEK,12022352267.294777,,-2.7074985,4.76,-1.7829232300000002,-1.7265675,-0.821,,-0.35324749699999997,-0.16421999,-0.21874501300000002,0.6120875100000001,-0.42188,1.5799999999999998,1.61,1.743,-41.528000000000006,4.4965,6.233,-6157311104.0,9354999808.0,2055000064.0,6619588096.0,38117000000.0,,-4223000000.0,,,,,-3346000000.0,-215000000.0,,0.0,,2.71,7.0,1717718400.0,1.379,94.13999938964844,46.779998779296875,49.43000030517578,76.42857,1.71429,7.0,,,0.028989999,0.55978,False,False,,0.5,1313857.0,1232100.0,1.3872222439221,-10.94,-10.49,-40.94,,-0.47493094725246976,0.3558052385701178,38.25717313381769,-0.09041391963524548,-0.26673252564146255,False,-0.07081768802081828,,0.5,Nordic,True,True,,23.145470377264065,11.500142328494164,78.44410962964056,51.23710043336856,78.06122448979592,11.703020134228188,,50.0,,50.0,31.131181350499702,holding,1005,6314380,False,48.8,False,27.936241610738254,78.35570469798657,50.041946308724825,50.041946308724825,50.041946308724825,50.041946308724825,4,NEUTRAL,0,NEDTREND,True,1,0.14285714285714285,LÅG,EJ AKTUELL,-5.4
005380.KS,Hyundai Motor Company,Consumer Cyclical,Auto Manufacturers,South Korea,KRW,86026828050000.0,,-3.309263999999999,4.13,,0.59258795,1.186,2.1830000000000016,-0.05080000500000001,-0.029739999999999992,-0.06196499799999999,-0.06492500000000001,-0.180835,-0.03899999999999999,-0.538,-0.26,104.4145,-0.10250000000000004,1.027,-3835371124736.0,86041566380032.0,184470237872128.0,222795724226560.0,368844849000000.0,,186254472000000.0,,,11467851000000.0,,9445987000000.0,-5991270000000.0,2.35,0.3039,10000.0,4.01,2500.0,1779926400.0,1.676,783000.0,198636.20698395884,425000.0,733391.25,1.64516,31.0,,,0.3367,0.28129,False,False,,0.5,1605062.0,932200.0,0.7208547347715683,-31.23,-13.21,17.06,,-0.45721583652618136,0.6522353665211281,33.81924198250729,-0.2737002983795116,-0.02281648898170341,False,0.17478601894532764,,0.163,Asia,True,True,48.50253579785269,23.62297729309151,33.02021064617136,14.86487449123975,21.726777835759382,1.1054421768707483,66.65268456375838,35.37074148296593,50.0,,50.0,22.873465868172065,standard,1137,289215050,False,43.5,False,27.936241610738254,2.5587248322147653,90.77181208053692,50.041946308724825,50.041946308724825,50.041946308724825,1,SVAG,-8,NEDTREND,True,1,0.14285714285714285,LÅG,EJ AKTUELL,-15.4
SOUN,"SoundHound AI, Inc.",Technology,Software - Application,United States,USD,2527680092.750738,,-71.740017,,0.40579629999999955,14.847201,13.61,-32.54825,-0.5407325000000001,-0.26033,-1.025129998,-1.537627495,-0.04618998000000002,0.374,,,-48.507999999999996,2.2595,3.8,-833128129.0,215642000.0,6226000.0,2504049664.0,688173000.0,,168920000.0,,,-186399000.0,,-14006000.0,-98222000.0,,0.0,,,,,2.81,22.170000076293945,5.829999923706055,6.269999980926514,13.14286,1.28571,7.0,6.15,0.4107,0.01116,0.44631,False,False,,0.747,29246664.0,31582870.0,1.572155207165861,-10.81,-18.57,-44.41,,-0.717185387489875,0.7910081814180349,46.875003326151685,-0.16346462041077503,-0.3800442498281593,True,0.18194696861817475,,0.379,US,True,True,,10.119579549633249,4.568744662681469,55.00129065565307,31.335177547105975,93.36734693877551,11.703020134228188,2.80561122244489,50.0,11.147227533460804,74.7,22.31355784659212,standard,1141,198024594,False,44.6,False,27.936241610738254,93.45637583892618,7.130872483221476,50.041946308724825,50.041946308724825,50.041946308724825,3,SVAG,-8,NEDTREND,True,0,0.0,LÅG,EJ AKTUELL,-3.0
035720.KS,Kakao Corp.,Communication Services,Internet Content & Information,South Korea,KRW,15820551040700.0,,9.709159,1.2,,1.9076213,1.548,-1.5945,-0.11120999999999999,-0.0182100005,-0.085799995,-0.08708000000000002,0.5819150000000001,0.05,-0.073,-0.001,-13.577000000000005,-0.0045000000000000595,1.122,3124710148096.0,9990610878464.0,3067317321728.0,12842145153024.0,27783524545810.0,,8099147815080.0,,,733633380080.0,,491491558180.0,1404762595720.0,0.21,0.0646,75.0,0.11,75.0,1773014400.0,1.182,69602.46697285821,32250.0,35900.0,64185.184,1.55556,27.0,,,0.29853,0.21741,False,False,,0.5,2175882.0,1952733.0,1.4430186601937842,-11.47,-25.36,-38.23,,-0.48421368435116874,0.4870601161175945,61.22448979591836,-0.0824750172515143,-0.3148187777956264,True,0.704836989037258,,0.691,Asia,True,True,,35.768304764502524,6.00626245374324,49.297046345677344,31.59601757851351,5.272108843537415,66.65268456375838,99.04809619238478,50.0,,50.0,30.215406049830396,standard,1022,51175274,False,57.3,False,97.5251677852349,5.201342281879195,64.09395973154362,50.041946308724825,50.041946308724825,50.041946308724825,5,NEUTRAL,0,NEDTREND,True,1,0.14285714285714285,LÅG,EJ AKTUELL,-4.8
HIVE,HIVE Digital Technologies Ltd.,Financial Services,Capital Markets,United States,USD,762177814.3458095,,-0.9467964999999996,,-1.4273924,2.5594385,2.688,4.763750000000001,-0.438397477,-0.135549997,-0.75327001,-1.19651749,-0.08974002000000003,1.2409999999999999,,,-53.596000000000004,-0.5949999999999999,0.752,-673834128.0,32854000.0,71066000.0,800389824.0,639146000.0,,297791000.0,,,-116462000.0,,-148448000.0,62337000.0,,0.0,,,,,3.717,7.840000152587891,1.7300000190734863,2.8499999046325684,7.07143,,7.0,1.61,,0.00417,0.36526,False,False,,0.672,27556788.0,14983020.0,0.414698556964274,-29.98,30.14,-16.91,,-0.6364796110760511,0.9776659105748806,18.279563965777456,-0.22220405738969018,-0.14135939371084905,False,0.17197464876370538,,0.32,US,True,True,,9.290723086796607,38.37176202675776,55.32879452762003,6.036873155634446,97.61904761904762,11.703020134228188,,50.0,,67.2,21.827817730256864,holding,1142,42701606,False,52.3,False,27.936241610738254,97.5251677852349,54.36241610738255,50.041946308724825,50.041946308724825,50.041946308724825,1,SVAG,-8,NEDTREND,True,0,0.0,LÅG,EJ AKTUELL,-11.8
REAL.TO,Real Matters Inc.,Real Estate,Real Estate Services,Canada,CAD,381835170.08161545,,-3.5210285,,1.3942081000000002,2.0615,1.843,-517.1154999999999,-0.304450005,-0.04290500400000001,-0.37358999299999995,-0.38832,-0.11652998000000003,0.21050000000000002,,,-73.286,3.132,3.722,-740071601.0,41650000.0,1252000.0,341452608.0,111562000.0,,169749000.0,,,-7928000.0,,-22657000.0,-7183000.0,,0.0,,,,,1.272,8.0,4.900000095367432,5.139999866485596,7.7345953,,6.0,15.0,,0.0016,0.37147,False,False,,0.5,39912.0,12250.0,0.2561333127603765,0.98,-13.61,-29.2,,-0.35750001668930054,0.46149747811147085,33.33333333333333,-0.034125096515708386,-0.15640901610428792,True,0.40628199125232917,,0.156,Canada,True,True,,11.090554476439,14.26131511528608,46.38059088562444,45.547298594772826,98.63945578231292,11.703020134228188,,50.0,,50.0,21.46860876679671,standard,1144,44911,True,53.3,False,27.936241610738254,97.5251677852349,61.241610738255034,50.041946308724825,50.041946308724825,50.041946308724825,2,SVAG,-8,NEDTREND,True,0,0.0,LÅG,EJ AKTUELL,-14.0
RGTI,"Rigetti Computing, Inc.",Technology,Computer Hardware,United States,USD,4690147052.649926,,-89.65062700000001,,2.6409182999999987,468.2655,427.185,-70.12925,-0.7176325,-0.18452999999999997,-0.106769998,-6.042587194999999,-0.15254,1.846,,-0.223,-48.69799999999999,5.3035000000000005,6.83,-822647379.0,418246016.0,6783000.0,4278684160.0,666574000.0,,7088000.0,,,-84660000.0,,-216210000.0,-58543000.0,,0.0,,,,,1.957,58.150001525878906,12.529999732971191,14.109999656677246,30.06818,1.75,11.0,1.38,0.17709999,0.017070001,0.56373,False,False,,0.721,39550737.0,21874840.0,0.8368056545849832,-31.64,-27.46,-45.14,,-0.7573516889694702,1.054038627273252,25.988693624508983,-0.2915173090642421,-0.39393810845099286,False,0.08819368187578126,,0.659,US,True,True,,9.034711440291833,2.604611443210931,55.05864856204702,34.925202696931734,89.03061224489795,11.703020134228188,6.613226452905812,50.0,8.98661567877629,72.1,21.311496515836435,standard,1145,308653985,False,43.3,False,27.936241610738254,89.1778523489933,2.5587248322147653,50.041946308724825,50.041946308724825,50.041946308724825,2,SVAG,-8,NEDTREND,True,0,0.0,LÅG,EJ AKTUELL,-16.7
VKTX,"Viking Therapeutics, Inc.",Healthcare,Biotechnology,United States,USD,4305197455.035782,,-24.717709,,4.762065,,,,-0.8261300599999999,-0.4865499985,-0.11926,-0.193195,-0.45206,,,,,3.68975,5.671,-993792256.0,602963968.0,0.0,3702233344.0,715729000.0,,0.0,,,-393342000.0,,-359639000.0,-278685000.0,,0.0,,,,,0.655,43.150001525878906,22.958999633789062,37.08000183105469,92.57895,1.45,19.0,8.48,0.214,0.02786,0.64468,False,False,,0.616,2407811.0,2173130.0,0.6408469024954806,25.06,4.42,7.98,,-0.14067206211299388,0.7445114452659032,47.196266055364774,0.11636314409317117,0.10351811652218568,False,0.45128108238293124,,0.0,US,True,True,,5.237596739489232,56.23398804440649,1.0486577181208054,53.20426616879437,89.96598639455783,11.703020134228188,4.108216432865731,50.0,17.074569789674953,61.6,21.161795697100704,standard,1147,80579664,False,50.5,False,27.936241610738254,90.1006711409396,50.041946308724825,50.041946308724825,50.041946308724825,50.041946308724825,1,SVAG,-8,UPPTREND,False,0,0.0,LÅG,EJ AKTUELL,-13.0
HAPV3.SA,Hapvida Participações e Investimentos S.A.,Financial Services,Insurance - Life,Brazil,BRL,5406500697.769499,,1.2099895000000007,,-0.8690373100000002,0.1697546,0.417,2.8522500000000006,-0.154137487,-0.018090002,-0.22797501200000003,-0.28493249000000004,-0.18357999999999997,-0.028999999999999998,,,-51.201,-0.019000000000000017,1.585,-2198717120.0,8330386944.0,16215185408.0,13292585984.0,72289824000.0,,31577240000.0,,,1908017000.0,,-141747000.0,2088566000.0,,0.0,,,0.08058,1640649600.0,0.307,42.65999984741211,7.0,11.380000114440918,13.80769,2.92308,13.0,,,0.39776,0.56074,False,False,,0.5,7617219.0,3805870.0,1.3841316429140569,7.56,-7.85,-18.07,,-0.7332395650458197,0.6861671797065416,63.95663032109349,0.004359888983643145,-0.28150668073646024,True,1.0811567663664503,,0.621,LatAm,True,True,27.67703003772909,13.601432086103676,14.830629091944205,43.96237152109635,46.84709545240631,88.09523809523809,11.703020134228188,7.615230460921844,50.0,,50.0,21.149409186022847,standard,1148,8474369,False,57.4,False,27.936241610738254,88.25503355704699,97.5251677852349,50.041946308724825,50.041946308724825,50.041946308724825,2,SVAG,-8,NEDTREND,True,0,0.0,LÅG,EJ AKTUELL,-13.7
ASTS,"AST SpaceMobile, Inc.",Technology,Communication Equipment,United States,USD,17267540709.474598,,-241.626847,,2.9018642999999993,264.12668,209.699,-72.95425,-0.52422248,-0.12664,-0.106769998,-10.284577494999999,-0.003829970000000016,19.378999999999998,,,62.56400000000001,16.7875,17.909,-2229185920.0,3029591040.0,2991408128.0,17810810880.0,5014387000.0,,70918000.0,,,-287713000.0,,-341940000.0,-71517000.0,,0.0,,,,,2.677,133.86000061035156,36.08000183105469,57.79999923706055,79.775,2.8,8.0,2.6,0.2173,0.07813,0.48158002,False,False,,0.614,23001211.0,17436600.0,1.4642250502033283,-29.73,-36.44,-39.3,,-0.5682055955960394,1.09598420843696,38.23478873803485,-0.32435750620615034,-0.3055067504880643,False,0.07133736340554268,,0.16,US,True,True,,14.493341296196487,3.3731853116994017,51.49070727929789,35.23567773747831,72.1938775510204,11.703020134228188,10.32064128256513,50.0,16.692160611854685,61.4,20.79737965572447,standard,1151,1007835467,False,40.8,False,27.936241610738254,72.56711409395973,2.5587248322147653,50.041946308724825,50.041946308724825,50.041946308724825,3,SVAG,-8,NEDTREND,True,0,0.0,LÅG,EJ AKTUELL,-13.6
3690.HK,Meituan,Consumer Cyclical,Internet Retail,China,HKD,467828374456.1649,,5.722068,28.7188,1.1783210749999997,1.3965161,1.199,-24.86,-0.367140005,-0.13253001,-0.216734998,-0.19504500000000002,-0.07411499999999999,-0.016999999999999994,,,40.1655,0.5845,1.558,-40013606912.0,180370161664.0,112803880960.0,443364081664.0,346910280000.0,,364854746000.0,,,-29840115000.0,,-23355015000.0,-13815001000.0,,0.0,,,,,0.203,136.10000610351562,63.650001525878906,83.6500015258789,107.220924,1.73684,36.0,,,0.018480001,0.39456,False,False,,0.5,51535000.0,69209698.0,1.2203533054018703,11.09,-3.07,-17.18,,-0.38537841458834343,0.4274745378445101,79.5731771850368,0.07187250228881337,-0.06964585947047475,True,0.8446206016531831,,0.5,Asia,True,True,,12.53015174382003,23.654995730145174,37.749037874876805,60.462702821031755,20.493197278911566,11.703020134228188,13.326653306613226,50.0,,50.0,20.503517718463826,standard,1155,738470976,False,43.4,False,27.936241610738254,20.21812080536913,72.73489932885906,50.041946308724825,50.041946308724825,50.041946308724825,2,SVAG,-8,NEDTREND,True,1,0.14285714285714285,LÅG,EJ AKTUELL,-12.3
ARBK,Argo Blockchain plc,Financial Services,Capital Markets,United Kingdom,USD,46099926.94569254,-17.421540829999998,-25.4217965,,0.4371027999999999,2.9701648,1.655,-12.797250000000002,,-0.30466999699999997,0.07278999,-4.29360749,-0.27185000000000004,,,,,-1.1879999999999997,0.354,-820392379.0,16389443.0,0.0,25694664.0,22730000.0,,15521000.0,,,-9774000.0,,5084000.0,-25006000.0,,0.0,,,,,1.893,205.1999969482422,2.630000114440918,3.1500000953674316,,,,0.69,0.00090000004,0.97045,0.00448,False,False,,0.5,26632.0,13310.0,0.5951186894015379,-17.65,7.51,-32.98,,-0.9846491221139639,1.667769206243696,28.87931149652249,-0.12572368199000006,-0.8635060405565571,False,0.24763146388202256,,0.5,US,True,True,,22.445906161518447,24.039282664389408,31.879194630872483,2.8129994421324978,99.82993197278913,11.703020134228188,,50.0,96.74952198852772,50.0,20.459214078792783,holding,1156,41927,True,51.3,False,27.936241610738254,97.5251677852349,47.90268456375839,50.041946308724825,50.041946308724825,50.041946308724825,1,SVAG,-8,NEDTREND,True,0,0.0,LÅG,EJ AKTUELL,-10.8
WULF,TeraWulf Inc.,Financial Services,Capital Markets,United States,USD,8998872757.587719,,80.30640749999999,,-100.98592670000001,53.54496,69.523,-90.01925,-22.294447497,-0.053759997,-0.25477001,-4.03646749,0.18812995,-0.075,,,,-0.4919999999999999,1.105,-1099781120.0,2629995008.0,5314066944.0,11684099072.0,6558182000.0,,168455000.0,,,-170309000.0,,-661416000.0,-123180000.0,,0.0,,,5.0,,4.261,29.84000015258789,4.639999866485596,18.15999984741211,38.58824,1.29412,17.0,3.72,0.24870001,0.22933,0.84819,False,False,,0.553,31382783.0,44042680.0,0.9881224973301074,-35.17,-5.96,27.8,,-0.3914209197536759,1.0574722657568294,26.046221215982982,-0.2478400294583526,0.05250955264371027,False,0.13005749125511978,,0.534,US,True,True,,18.01076593057184,42.8266438941076,33.83717792274839,7.450270560208003,82.31292517006803,11.703020134228188,12.925851703406813,50.0,14.97131931166348,55.300000000000004,20.335749097084076,holding,1157,799815062,False,42.3,False,27.936241610738254,82.5503355704698,2.5587248322147653,50.041946308724825,50.041946308724825,50.041946308724825,1,SVAG,-8,VARNING,False,0,0.0,LÅG,EJ AKTUELL,-13.0
FLNC,"Fluence Energy, Inc.",Utilities,Utilities - Renewable,United States,USD,1868657623.7691498,,54.940332000000005,3.18,2.4008670299999997,1.0033671,0.764,-120.24475,-0.22493501000000002,-0.047059999000000005,-0.14836499849999998,-0.3077625,-0.33498,-0.0020000000000000018,,,-67.28950000000002,0.5105000000000002,0.716,-950109632.0,387299008.0,401968000.0,1973390720.0,2357000000.0,,2262830000.0,,,-46337000.0,,-48314000.0,-145538000.0,,0.0,,,,,2.751,33.5099983215332,6.6020002365112305,14.069999694824219,18.77778,2.7619,18.0,1.9,0.39040002,0.14453,0.85460997,False,False,,0.786,11717964.0,8526750.0,0.9745898503556756,-41.18,-6.07,-37.88,,-0.5801253237967794,1.2916175763053275,28.333326710593965,-0.31524850983189556,-0.25671768823038277,False,0.18164903845504912,,0.508,US,True,True,,8.30577785922568,13.03729006547111,45.58669099357019,23.75130651389478,94.13265306122449,11.703020134228188,1.0521042084168337,50.0,11.147227533460804,78.60000000000001,19.082923209011447,standard,1164,119971370,False,55.8,False,27.936241610738254,94.21140939597315,80.95637583892618,50.041946308724825,50.041946308724825,50.041946308724825,2,SVAG,-8,NEDTREND,True,0,0.0,LÅG,EJ AKTUELL,-10.3
SBB-B.ST,Samhällsbyggnadsbolaget i Norden AB (publ),Real Estate,Real Estate Services,Sweden,SEK,4443208041.421988,,-17.027475,,-1.31799723,4.0813017,32.252,73.91250000000001,-0.04868499999999999,-0.023280003,-2.792659993,0.15181000000000003,0.15106000000000003,-0.4865,,,82.6675,-0.4255,0.392,-1609624960.0,2066000000.0,39542001664.0,48636719104.0,69409000000.0,,1871000000.0,,,584000000.0,,-2326000000.0,1202000000.0,,0.0,,17.77,1.2,1719360000.0,,5.823999881744385,2.950000047683716,3.1530001163482666,3.35,,1.0,,,0.30080998,0.24259001,False,False,,0.5,13685745.0,10320385.0,1.5773216178416198,1.38,-14.71,-37.66,,-0.4586194745244585,0.47368163657255635,42.417460728304164,-0.07564303060246458,-0.2399002648506512,False,0.1357074144569052,,0.5,Nordic,True,True,21.805006661367425,40.801032499897154,9.393680614859095,16.464072839911765,25.581226064609094,89.54081632653062,11.703020134228188,28.35671342685371,50.0,,50.0,18.972013002120605,standard,1165,3373759,False,48.4,False,27.936241610738254,89.68120805369128,36.07382550335571,50.041946308724825,50.041946308724825,50.041946308724825,2,SVAG,-8,NEDTREND,True,0,0.0,LÅG,EJ AKTUELL,-14.7
RIOT,"Riot Platforms, Inc.",Financial Services,Capital Markets,United States,USD,6905041546.351948,,-38.9653985,,0.0659310999999998,10.570014,11.598,-31.992250000000002,-0.459837497,-0.140649997,-1.5823899099999998,-3.17960749,-0.1286,-0.028000000000000004,,,-30.391,-0.6159999999999998,0.667,-1262286144.0,205666000.0,877185024.0,7576560640.0,3936767000.0,,647435000.0,,,-343298000.0,,-663181000.0,-572928000.0,,0.0,,,1.0,1507766400.0,3.812,30.31999969482422,10.59000015258789,18.260000228881836,29.498,1.4,20.0,3.4,0.1552,0.076409996,0.80898005,False,False,,0.47,17164722.0,14843910.0,1.0001577952382676,-33.41,7.92,5.49,,-0.39775724232612997,0.8453420689995855,9.313340947673765,-0.2649101194256468,-0.01254729038426583,False,0.13562749482510242,,0.518,US,True,True,,7.906977312646552,43.80871050384287,41.01043671094007,5.945881794739862,85.96938775510205,11.703020134228188,7.515030060120241,50.0,11.663479923518166,47.0,18.94718750018558,holding,1167,271049800,False,44.1,False,27.936241610738254,86.15771812080537,11.073825503355705,50.041946308724825,50.041946308724825,50.041946308724825,3,SVAG,-8,NEDTREND,True,0,0.0,LÅG,EJ AKTUELL,-12.8
1211.HK,BYD Company Limited,Consumer Cyclical,Auto Manufacturers,China,HKD,326717568759.1553,8.071767749999998,2.3828080000000007,0.7478,1.2589992749999996,1.0317231,1.063,-6.3089999999999975,-0.01472999500000001,-0.024519999999999993,-0.072734995,-0.071895,-0.18555499999999997,-0.191,-0.6759999999999999,-0.554,19.973500000000005,-0.5975000000000001,0.376,-126326175744.0,129541152768.0,144350314496.0,832857047040.0,883729883000.0,,803964958000.0,,,38516936000.0,,32619022000.0,59135544000.0,0.46,0.44189999,0.41,0.66,0.41141,1781136000.0,0.311,135.65248677758285,71.4000015258789,88.69999694824219,124.347374,1.48276,28.0,,,0.00122,0.42363,False,False,,0.5,27801755.0,26971414.0,0.8407449872486267,5.53,-16.94,-5.84,,-0.34612332545237023,0.38800335025622207,75.84539436584765,0.012173453981519922,-0.08670427632166222,True,0.8341216324825047,,0.0,Asia,True,True,,26.26778115626225,21.235411329348135,4.173026162047985,50.581795737025,23.72448979591837,66.65268456375838,8.817635270541082,50.0,,50.0,17.06996313860008,standard,1170,305160167,False,45.1,False,27.936241610738254,23.406040268456376,80.62080536912751,50.041946308724825,50.041946308724825,50.041946308724825,1,SVAG,-8,NEDTREND,True,1,0.14285714285714285,LÅG,EJ AKTUELL,-15.9
OPEN,Opendoor Technologies Inc.,Real Estate,Real Estate Services,United States,USD,4341314844.0,,-404.246699,,2.1900005,1.1024163,1.189,-32.652,-1.8037949999999998,-0.11060000000000002,-0.61217499,-0.60184499,-0.37004000000000004,-0.4315,,,48.22550000000001,6.3469999999999995,3.151,468937472.0,999000000.0,1338000000.0,4680314880.0,2407000000.0,,4371000000.0,,,-277000000.0,,-1300000000.0,1049000000.0,,0.0,,,,,3.564,10.869999885559082,1.7000000476837158,4.5,4.87857,3.0,7.0,3.68,0.21260001,0.049250003,0.49398,False,False,,0.806,53490527.0,98870010.0,1.2699633036235614,-5.26,-14.61,-32.23,,-0.5860165549791494,1.467611919703248,52.21088589840322,-0.03665011698475662,-0.2227207382694164,False,0.38995612067344426,,0.838,US,True,True,,3.3710086985508467,8.326216908625106,36.91289834326748,36.70202507835037,89.79591836734694,11.703020134228188,96.9939879759519,50.0,17.265774378585085,90.60000000000001,24.491759568432318,standard,1118,444915045,False,72.1,True,97.5251677852349,89.93288590604027,78.35570469798657,50.041946308724825,50.041946308724825,50.041946308724825,5,NEUTRAL,0,NEDTREND,True,0,0.0,LÅG,EJ AKTUELL,-9.8
BRNK.DE,Branicks Group AG,Real Estate,Real Estate Services,Germany,EUR,92339890.14388561,,-9.653554,6.12,-0.9706691900000002,0.4116216,9.774,-113.5685,-0.380540005,-0.073200007,-1.509249897,-3.1489802,0.42082996,-0.2595,,,108.6725,-0.31700000000000017,0.24,-290993824.0,97065000.0,1859616000.0,2192584960.0,3741591000.0,,251631000.0,,,-297988000.0,,-281113000.0,54844000.0,,0.0,,4.14,0.75,1680220800.0,0.917,2.1549999713897705,0.7559999823570251,1.1050000190734863,1.85,,2.0,,,0.38667,0.21761999,False,False,,0.5,63436.0,47188.0,1.1161200642464548,34.76,-27.78,-42.21,-43.39,-0.4872389634600013,0.5934083196249923,57.10900319972022,0.05966744335081198,-0.30215887689186693,True,0.8285272045992227,,0.5,Europe,True,True,,21.647932103890277,5.189734328849333,17.513023888862815,27.00329478958588,99.57482993197279,11.703020134228188,9.719438877755511,50.0,,50.0,15.780623570805894,standard,1175,59680,False,58.2,False,27.936241610738254,97.5251677852349,93.8758389261745,50.041946308724825,50.041946308724825,50.041946308724825,1,SVAG,-8,NEDTREND,True,0,0.0,LÅG,EJ AKTUELL,-15.0
051910.KS,"LG Chem, Ltd.",Basic Materials,Chemicals,South Korea,KRW,18389304830500.0,,-0.12571149999999953,1.13,,0.44716287,1.307,1.7990000000000013,-0.151500005,-0.0363599996,-0.177554998,-0.17452999970000002,-0.19022499999999998,-0.131,,,62.12949999999999,-0.796,0.658,-5951972374528.0,9686781788160.0,35687030063104.0,59620651433984.0,101061661000000.0,,45932167000000.0,,,1180900000000.0,,-1819449000000.0,8233859000000.0,0.77,0.0,2000.0,1.29,2000.0,1774828800.0,1.392,437500.0,248500.0,260500.0,431840.0,1.72,25.0,,,0.34978,0.2465,False,False,,0.5,343739.0,215869.0,0.7162937482924484,-27.84,-23.72,-16.1,,-0.4045714285714286,0.6197688177257965,46.00760456273764,-0.2090721399076998,-0.2336612959307266,True,0.29358853055131456,,0.388,Asia,True,True,32.94197333213914,13.064906672071654,12.852263023057214,13.516977988454498,18.418671723439942,4.846938775510204,66.65268456375838,12.024048096192384,50.0,,50.0,15.538884287733673,standard,1176,41050728,False,43.9,False,27.936241610738254,2.5587248322147653,93.37248322147651,50.041946308724825,50.041946308724825,50.041946308724825,2,SVAG,-8,NEDTREND,True,1,0.14285714285714285,LÅG,EJ AKTUELL,-14.2
BTBT,"Bit Digital, Inc.",Financial Services,Capital Markets,United States,USD,494759991.5742874,,,,-1.8151212,4.3104944,8.03,-15.187250000000002,-0.480937517,-0.15759999700000002,-1.72952991,-5.577617490000001,0.09748999999999997,0.045,,,-7.241,4.668,2.286,-1511823808.0,79529568.0,363872736.0,921737792.0,1174418132.0,,113560320.0,,,-56609654.0,,-80316584.0,-288924437.0,,0.0,,,,,4.026,4.550000190734863,1.25,1.399999976158142,4.125,1.0,4.0,1.88,0.1522,0.01748,0.46948,False,False,,0.478,26299104.0,25865990.0,0.9109731669428092,-31.37,-7.89,-40.93,,-0.692307710446045,0.8678694277616207,16.091961582830365,-0.24385634596973949,-0.34690831974535896,False,0.0765657933861001,,0.297,US,True,True,,14.613678839475572,10.119555935098205,38.57197751912517,33.43313077489245,98.29931972789116,11.703020134228188,,50.0,13.193116634799235,47.8,15.077707576342075,holding,1177,36212385,False,49.3,False,27.936241610738254,97.5251677852349,34.47986577181208,50.041946308724825,50.041946308724825,50.041946308724825,2,SVAG,-8,NEDTREND,True,0,0.0,LÅG,EJ AKTUELL,-16.7
MARA,"MARA Holdings, Inc.",Financial Services,Capital Markets,United States,USD,4075781517.08253,,-28.542384499999997,0.1,-0.9995347000000001,4.6965585,7.061,-17.025250000000003,-0.8083074969999999,-0.175449997,-2.60306001,-5.955927190000001,0.0012800000000000034,-0.248,,,38.581,0.15000000000000024,1.627,-1347502240.0,513652992.0,2463960064.0,6127354880.0,7286899000.0,,907093000.0,,,-822169000.0,,-1311480000.0,-802725000.0,,0.0,,,,,5.371,23.450000762939453,6.659999847412109,10.6899995803833,18.40182,2.15385,11.0,2.53,0.3214,0.00907,0.69566,False,False,,0.619,43351472.0,44685160.0,0.938510950815044,-25.87,-7.45,-3.78,,-0.54413649327987,0.8001265459734612,24.704335921913497,-0.19815781865688065,-0.12286822952908005,False,-0.009767944174815241,,0.587,US,True,True,,11.286234261630325,23.057216054654138,26.014191345567184,28.96353879719527,90.64625850340136,11.703020134228188,5.7114228456913825,50.0,12.676864244741875,61.9,14.98856711815655,holding,1178,477684342,False,47.8,False,27.936241610738254,90.77181208053692,31.3758389261745,50.041946308724825,50.041946308724825,50.041946308724825,1,SVAG,-8,NEDTREND,True,0,0.0,LÅG,EJ AKTUELL,-18.9
MIGI,Big Digital Energy Inc,Financial Services,Capital Markets,United States,USD,25842498.0,,39.5115355,,,0.6500589,1.004,-11.596250000000001,,-0.228619997,-0.84984001,-4.93688709,-0.015800020000000026,-0.849,,,,-1.2269999999999999,0.389,-816854532.0,13271256.0,28482320.0,39901348.0,57441666.0,,39754085.0,,,-19883217.0,,-23656569.0,-6899676.0,,0.0,,,,,4.23,40.0,1.695,4.71,,,,0.33,0.1102,0.41764,0.0039,False,False,,0.5,559358.0,325218.0,,,,,,,,,,,,,,0.496,US,True,True,,12.673953902353912,,11.451488947294317,1.0667196910341334,99.91496598639455,11.703020134228188,,50.0,20.26768642447419,50.0,13.113742176086806,holding,1183,1531777,False,57.5,False,27.936241610738254,97.5251677852349,89.1778523489933,50.041946308724825,50.041946308724825,50.041946308724825,1,SVAG,-8,UPPTREND,False,0,0.0,LÅG,EJ AKTUELL,-6.7
LEU,Centrus Energy Corp.,Energy,Uranium,United States,USD,2957708401.5417786,31.761553000000003,27.263669500000002,2.87,1.3243569500000003,6.7873964,5.263,60.506750000000004,0.006757502499999998,-0.042652496250000005,0.02417999299999999,-0.1804325,-0.19537000000000004,0.0005000000000000004,-1.004,-0.632,94.94250000000001,4.5255,4.76,-827312504.0,1868199936.0,1178599936.0,2380339456.0,2445900000.0,,448700000.0,,,50200000.0,,77800000.0,51000000.0,,0.0,,5.94,37.912086,1132617600.0,1.359,464.25,142.1300048828125,156.0500030517578,264.73334,1.70588,15.0,4.61,0.2328,0.04318,0.84470004,False,False,,0.641,926043.0,993920.0,0.9856737722244896,-5.69,-22.76,-49.26,,-0.6638664446919595,0.918991631470435,44.701798717762664,-0.11209001425735976,-0.3482698650970464,False,0.23063726381753516,,0.513,US,True,True,4.281747853248396,31.643377932818026,2.9035012809564478,24.7804504444044,35.39038006507471,92.17687074829932,11.703020134228188,2.6052104208416833,50.0,16.309751434034418,64.1,12.92002647005813,commodity,1184,155101219,False,46.4,False,27.936241610738254,92.28187919463086,20.385906040268456,50.041946308724825,50.041946308724825,50.041946308724825,3,SVAG,-8,NEDTREND,True,0,0.0,LÅG,EJ AKTUELL,-1.5
IREN,IREN Limited,Financial Services,Capital Markets,Australia,USD,12015070638.158394,27.400423999999994,-48.5877535,3.11,1.4787669,15.870405,18.184,84.73675,-0.057687497,-0.04957999700000001,-0.04600001000000001,-1.0193474900000001,0.23191003,-0.064,,,81.783,2.028,3.504,-3127481856.0,2213274112.0,3964912896.0,13766710272.0,2940323000.0,,501023000.0,,,22122000.0,,86941000.0,245886000.0,,0.0,,,,,4.279,76.87000274658203,14.720000267028809,33.619998931884766,80.93333,1.625,15.0,1.76,0.2197,0.035150003,0.49076998,False,False,,0.224,46648579.0,39620400.0,1.188050512290847,-43.19,-29.52,-36.42,,-0.562638249894174,1.0536121692006313,27.462690306229675,-0.36221878586043565,-0.31403051704530816,False,0.12374189798181424,,0.656,US,True,True,5.420729727611648,28.632488918665793,4.526046114432109,38.211327263340685,30.176715925765585,78.14625850340136,11.703020134228188,5.110220440881764,50.0,16.50095602294455,22.400000000000002,11.936540288741718,holding,1186,1332037806,False,42.2,False,27.936241610738254,78.43959731543623,6.375838926174497,50.041946308724825,50.041946308724825,50.041946308724825,3,SVAG,-8,NEDTREND,True,0,0.0,LÅG,EJ AKTUELL,-28.8
QBTS,D-Wave Quantum Inc.,Technology,Computer Hardware,United States,USD,6144411439.89756,,-61.768452,,0.11252329999999944,498.035,453.8,-57.34224999999999,-0.6994125,-0.18145001,-0.106769998,-19.293347495000003,0.21067004,-0.9520000000000001,,,-45.695,19.7285,21.126,-879944752.0,588395008.0,46820000.0,5647080960.0,915813000.0,,24587000.0,,,-100368000.0,,-355062000.0,-71982000.0,,0.0,,,,,2.1,46.75,12.75,16.729999542236328,37.55571,1.21429,14.0,1.92,0.19450001,0.02173,0.49051997,False,False,,0.722,31835738.0,16905520.0,0.7815439383092602,-30.12,-22.26,-44.51,,-0.6421390472248913,1.0936121818216546,20.35397914744705,-0.28325395128561504,-0.3000351625409349,False,0.03144166794191444,,0.42,US,True,True,,19.265553044786753,4.1275263307714205,9.123468813066129,34.593312365041406,87.41496598639455,11.703020134228188,8.316633266533065,50.0,8.221797323135755,72.2,11.657314439891575,standard,1187,282829342,False,43.0,False,27.936241610738254,87.58389261744966,2.5587248322147653,50.041946308724825,50.041946308724825,50.041946308724825,3,SVAG,-8,NEDTREND,True,0,0.0,LÅG,EJ AKTUELL,-8.7
NXE.TO,NexGen Energy Ltd.,Energy,Uranium,Canada,CAD,8174581601.848406,,-59.921276000000006,,2.8720183500000003,,,-90.37775,-0.39681750250000003,-0.07718749925,-0.08852499999999999,-0.1757175,-0.38794,,,,2.7050000000000054,0.1855000000000001,1.346,-1019673728.0,1018352000.0,721040000.0,7876960768.0,2472933000.0,,0.0,,,-89836000.0,,-309676000.0,-47512000.0,,0.0,,,,,1.653,18.90999984741211,8.675000190734863,12.350000381469727,21.17875,1.5,16.0,8.78,,0.06468,0.55328,False,False,,0.5,1623796.0,1201660.0,0.9787574772737977,-16.72,-28.78,-25.33,,-0.3469063732880008,0.5627250865743157,35.65737328051269,-0.15442230914699628,-0.15868779878942418,False,0.08551506302188316,,0.163,Canada,True,True,,9.18987739256285,11.500142328494164,5.033557046979865,44.03039980797477,83.41836734693877,11.703020134228188,9.919839679358718,50.0,,50.0,10.828079955210555,commodity,1190,10585237,False,49.6,False,27.936241610738254,83.64093959731544,50.041946308724825,50.041946308724825,50.041946308724825,50.041946308724825,2,SVAG,-8,NEDTREND,True,0,0.0,LÅG,EJ AKTUELL,-16.2
OKLO,Oklo Inc.,Utilities,Utilities - Independent Power Producers,United States,USD,7152769581.765671,,-66.014433,,0.0339921299999999,,,-42.03975,-0.18642499,-0.105629999,-0.1321949985,-0.22342250000000002,-0.45206,,,,-154.9215,59.0085,59.735,-916437632.0,2208609024.0,2620000.0,4946780672.0,1528457000.0,,0.0,,,-139294000.0,,-105663000.0,-82174000.0,,0.0,,,,,1.159,193.83999633789062,39.529998779296875,41.11000061035156,86.5,2.04,20.0,1.93,0.1604,0.1604,0.55379003,False,False,,0.48,13148637.0,8488640.0,0.943582284566174,-28.44,-35.98,-57.16,,-0.7879178632530977,1.012468927784803,27.193431595561407,-0.3038315400827669,-0.4884974042208199,False,0.049411150399931325,,0.0,US,True,True,,7.009038107478186,1.067463706233988,1.0486577181208054,41.793889565618606,85.37414965986395,11.703020134228188,6.813627254509018,50.0,11.089866156787762,48.0,16.585205216236073,standard,1172,348967996,False,49.8,False,27.936241610738254,85.57046979865773,50.041946308724825,50.041946308724825,50.041946308724825,50.041946308724825,4,NEUTRAL,0,NEDTREND,True,0,0.0,LÅG,EJ AKTUELL,-3.2
RACE.MI,Ferrari N.V.,Consumer Cyclical,Auto Manufacturers,Italy,EUR,58259936359.39526,8.647623375000002,12.77264275,4.3156,6.803058850000001,8.088184,8.27,0.04449999999999932,0.16448000749999997,0.05700374807499998,0.06980247700000002,0.11790873849999997,0.14638001500000003,-0.040999999999999995,-0.10200000000000001,0.003,5.479250000000011,1.3245000000000002,1.907,21149376.0,1816348032.0,2928934912.0,59571077120.0,9628352000.0,,7145768000.0,,,2097144000.0,,1596919000.0,2349306000.0,1.09,0.3321,3.62,0.66,3.615,1776643200.0,0.591,442.46194963327827,265.9715457815944,331.1499938964844,371.03888,1.72222,18.0,,,0.3049,0.42986,False,False,,0.5,601753.0,605919.0,1.17,6.94,6.32,14.81,,-3.09,0.3611,54.4,6.49,,True,0.9747792182512331,,0.677,Europe,True,True,65.05288985823336,74.94376069614005,61.917891207171834,33.402977845947945,70.63558394891294,62.299465240641716,67.77777777777779,50.38167938931297,50.0,,50.0,59.97737985877501,standard,37,229497961,False,48.6,False,63.939899833055094,51.25208681135225,16.026711185308848,50.04173622704508,50.04173622704508,50.04173622704508,5,NEUTRAL,0,UPPTREND,False,5,0.7142857142857143,HÖG,VÄNTA,0.0
PHIA.AS,PHIA.AS,Unknown,Unknown,Unknown,USD,,,,,,,,,,,,,,,,,,,,,,,,26944000000.0,,17834000000.0,,,1449000000.0,,895000000.0,1172000000.0,,,,,,,,26.672283596444757,19.903108891793273,24.059999465942383,,,,,,,,False,False,,0.5,,,1.08,0.68,0.7,0.95,,-10.88,0.3045,48.1,2.05,,False,0.6222965039250578,,1.0,Europe,True,True,,,35.7908219120791,95.30864197530863,56.315789473684205,,12.222222222222221,,50.0,,50.0,53.65818829946736,standard,134,,True,44.6,False,28.17195325542571,50.04173622704508,50.04173622704508,50.04173622704508,50.04173622704508,50.04173622704508,1,SVAG,-8,UPPTREND,False,1,0.14285714285714285,LÅG,EJ AKTUELL,0.0
SBRY.L,SBRY.L,Unknown,Unknown,Unknown,USD,,,,,,,,,,,,,,,,,,,,,,,,18943000000.0,,33647000000.0,,,953000000.0,,393000000.0,1774000000.0,,,,,,,,4603.91672889974,3603.3770511790867,4419.8637890815735,,,,,,,,False,False,,0.5,,,1.55,18.69,0.97,12.29,,-0.83,0.2104,87.9,12.78,,True,0.8618631552544763,,0.5,UK,True,True,,,58.99022458724804,27.530864197530864,90.0,,12.222222222222221,,50.0,,50.0,50.74247978635413,standard,193,,True,44.6,False,28.17195325542571,50.04173622704508,50.04173622704508,50.04173622704508,50.04173622704508,50.04173622704508,1,SVAG,-8,UPPTREND,False,1,0.14285714285714285,LÅG,EJ AKTUELL,0.0
TXT,TXT,Unknown,Unknown,Unknown,USD,,,,,,,,,,,,,,,,,,,,,,,,18129000000.0,,14799000000.0,,,1001000000.0,,921000000.0,1312000000.0,,,,,,,,101.52614824798137,75.73140431373872,90.91000366210938,,,,,,,,False,False,,0.296,,,0.62,-0.94,0.25,,,-8.84,0.2931,52.0,0.94,,True,0.4944123326339471,,0.917,US,True,True,,,33.59748904617459,79.62962962962963,59.473684210526315,,12.222222222222221,,50.0,,29.599999999999998,48.986407297310414,standard,210,,True,44.6,False,28.17195325542571,50.04173622704508,50.04173622704508,50.04173622704508,50.04173622704508,50.04173622704508,1,SVAG,-8,UPPTREND,False,1,0.14285714285714285,LÅG,EJ AKTUELL,0.0
PUM.DE,PUM.DE,Unknown,Unknown,Unknown,USD,,,,,,,,,,,,,,,,,,,,,,,,6454600000.0,,7296200000.0,,,-357400000.0,,-645500000.0,-319300000.0,,,,,,,,30.309999465942383,15.300000190734863,28.18000030517578,,,,,,,,False,False,,0.5,,,0.7,1.59,9.47,33.46,,-4.4,0.5607,64.1,4.29,,True,0.7407796811025666,,0.641,Europe,True,True,,,67.9608110136071,49.629629629629626,18.421052631578945,,12.222222222222221,,50.0,,50.0,47.188733967735175,standard,242,,True,44.6,False,28.17195325542571,50.04173622704508,50.04173622704508,50.04173622704508,50.04173622704508,50.04173622704508,1,SVAG,-8,UPPTREND,False,1,0.14285714285714285,LÅG,EJ AKTUELL,0.0
6701.T,6701.T,Unknown,Unknown,Unknown,USD,,,,,,,,,,,,,,,,,,,,,,,,4466784000000.0,,3582733000000.0,,,359913000000.0,,270228000000.0,438463000000.0,,,,,,,,6159.847439939296,3586.1172275143363,4333.0,,,,,,,,False,False,,0.5,,,1.44,,,,,,0.5509,66.5,,,True,0.8339715706809439,,0.832,Japan,True,True,,,,66.91358024691358,19.210526315789473,,12.222222222222221,,50.0,,50.0,43.34817273413765,standard,287,,True,44.6,False,28.17195325542571,50.04173622704508,50.04173622704508,50.04173622704508,50.04173622704508,50.04173622704508,1,SVAG,-8,UPPTREND,False,1,0.14285714285714285,LÅG,EJ AKTUELL,0.0
LDOS,LDOS,Unknown,Unknown,Unknown,USD,,,,,,,,,,,,,,,,,,,,,,,,13493000000.0,,17174000000.0,,,2100000000.0,,1448000000.0,1750000000.0,,,,,,,,204.07501521051967,98.86000061035156,107.0199966430664,,,,,,,,False,False,,0.747,,,0.26,-11.8,-31.01,,,-44.53,0.3632,52.9,-9.91,,True,0.46394928239502825,,0.988,US,True,True,,,1.1611054937647456,89.13580246913581,42.368421052631575,,12.222222222222221,,50.0,,74.7,39.5094557567795,standard,329,,True,44.6,False,28.17195325542571,50.04173622704508,50.04173622704508,50.04173622704508,50.04173622704508,50.04173622704508,1,SVAG,-8,VARNING,False,1,0.14285714285714285,LÅG,EJ AKTUELL,0.0
CRH.L,CRH plc,Basic Materials,Building Materials,Ireland,GBp,58734817280.0,-5.004238375,1267.92136075,2.2984,325.55896065000013,1.5684786,2.025,-8.529125,-0.06023187937500005,-0.009734999250000004,-0.16928748574999994,-0.19377382250000003,-0.45665000000000006,-0.025999999999999995,0.067,0.458,76.239375,-1.1117499999999996,1.091,1615687440.0,4096000000.0,19704999936.0,75823243264.0,58329000000.0,,37447000000.0,,,5323000000.0,,3730000000.0,5625000000.0,0.0127,0.26860002,1.11,2.21,0.39,1772668800.0,1.241,9758.0,6340.0,8790.0,10476.811,1.33333,11.0,,,0.00139,0.90112996,False,False,,0.5,425571.0,576326.0,,,,,,,,,,,,,,0.525,UK,True,True,,19.259484069659745,,50.29073415487105,26.55792168632581,62.03208556149733,24.444444444444443,79.77099236641222,50.0,,50.0,35.696033951777274,standard,352,5065905540,False,59.2,False,75.6463719766472,48.790658882402,69.89157631359465,50.0417014178482,50.0417014178482,50.0417014178482,5,NEUTRAL,0,UPPTREND,False,0,0.0,LÅG,EJ AKTUELL,0.0
BITF,Bitfarms Ltd,Financial Services,Capital Markets,United States,USD,3701505900.6906896,,-245.83712,,-33.72352338750001,,,,,,-0.28178377600000004,-0.369527445,-0.751369935,,,,,,,,,,,,,,,,,,,,,0.0,,,,,,6.599999904632568,0.699999988079071,6.139999866485596,,,,2.29,0.1155,0.04605,0.40001,False,False,,0.5,32660486.0,32421308.0,1.1138113700200658,98.71,208.54,76.44,,-0.06969697648390827,1.0975704601611582,85.3242231949193,0.8115834730700242,1.118611126689414,True,0.9813241351275993,,0.5,US,True,True,,4.768270944741533,95.89111409609517,27.530864197530864,1.1842105263157896,95.45454545454545,12.222222222222221,,50.0,14.0625,50.0,31.040264644209564,holding,376,199066827,False,,,,,,,,,1,SVAG,-8,UPPTREND,False,1,0.14285714285714285,LÅG,EJ AKTUELL,0.0
CRAYN.OL,CRAYN.OL,Unknown,Unknown,Unknown,USD,,,,,,,,,,,,,,,,,,,,,,,,,,,,,,,,,,,,,,,,,,,,,,,,,,False,False,,0.5,,,,,,,,,,,,,,,,0.5,Nordic,True,True,,,,27.530864197530864,,,12.222222222222221,,50.0,,50.0,26.74325925925926,standard,383,,True,44.6,False,28.17195325542571,50.04173622704508,50.04173622704508,50.04173622704508,50.04173622704508,50.04173622704508,1,SVAG,-8,UPPTREND,False,0,0.0,LÅG,EJ AKTUELL,0.0
JBSS3.SA,JBSS3.SA,Unknown,Unknown,Unknown,USD,,,,,,,,,,,,,,,,,,,,,,,,,,,,,,,,,,,,,,,,,,,,,,,,,,False,False,,0.5,,,,,,,,,,,,,,,,0.5,LatAm,True,True,,,,27.530864197530864,,,12.222222222222221,,50.0,,50.0,26.74325925925926,standard,383,,True,44.6,False,28.17195325542571,50.04173622704508,50.04173622704508,50.04173622704508,50.04173622704508,50.04173622704508,1,SVAG,-8,UPPTREND,False,0,0.0,LÅG,EJ AKTUELL,0.0
X,X,Unknown,Unknown,Unknown,USD,,,,,,,,,,,,,,,,,,,,,,,,,,,,,,,,,,,,,,,,,,,,,,,,,,False,False,,0.5,,,,,,,,,,,,,,,,0.5,US,True,True,,,,27.530864197530864,,,12.222222222222221,,50.0,,50.0,26.74325925925926,standard,383,,True,44.6,False,28.17195325542571,50.04173622704508,50.04173622704508,50.04173622704508,50.04173622704508,50.04173622704508,1,SVAG,-8,UPPTREND,False,0,0.0,LÅG,EJ AKTUELL,0.0
ALTM,ALTM,Unknown,Unknown,Unknown,USD,,,,,,,,,,,,,,,,,,,,,,,,,,,,,,,,,,,,,,,,,,,,,,,,,,False,False,,0.5,,,,,,,,,,,,,,,,0.5,US,True,True,,,,27.530864197530864,,,12.222222222222221,,50.0,,50.0,26.74325925925926,standard,383,,True,44.6,False,28.17195325542571,50.04173622704508,50.04173622704508,50.04173622704508,50.04173622704508,50.04173622704508,1,SVAG,-8,UPPTREND,False,0,0.0,LÅG,EJ AKTUELL,0.0
RWI.L,RWI.L,Unknown,Unknown,Unknown,USD,,,,,,,,,,,,,,,,,,,,,,,,,,,,,,,,,,,,,,,,,,,,,,,,,,False,False,,0.5,,,,,,,,,,,,,,,,0.5,UK,True,True,,,,27.530864197530864,,,12.222222222222221,,50.0,,50.0,26.74325925925926,standard,383,,True,44.6,False,28.17195325542571,50.04173622704508,50.04173622704508,50.04173622704508,50.04173622704508,50.04173622704508,1,SVAG,-8,UPPTREND,False,0,0.0,LÅG,EJ AKTUELL,0.0
SQ,SQ,Unknown,Unknown,Unknown,USD,,,,,,,,,,,,,,,,,,,,,,,,,,,,,,,,,,,,,,,,,,,,,,,,,,False,False,,,,,,,,,,,,,,,,,,0.5,US,True,,,,,27.530864197530864,,,12.222222222222221,,50.0,,50.0,26.74325925925926,standard,383,,True,,,,,,,,,1,SVAG,-8,UPPTREND,False,0,0.0,LÅG,EJ AKTUELL,0.0
TTE.PA,TotalEnergies SE,Energy,Oil & Gas Integrated,France,EUR,152026610613.7901,-4.7199670000000005,-2.308201499999999,0.6382,0.05253144999999959,0.8309994,0.995,-1.8152499999999998,0.015125002000000005,0.00910750175,0.009334999999999996,0.05682501000000002,0.017120029999999953,-0.014499999999999999,0.2859999999999999,0.509,0.6427499999999995,0.006500000000000061,0.507,9491148224.0,29866000384.0,64250998784.0,182969548800.0,291055000000.0,,182344000000.0,,,19925000000.0,,13127000000.0,27343000000.0,5.23,0.5884,3.6,5.3,0.9,1790726400.0,0.05,80.24880369637981,47.39776520555711,68.37999725341797,84.590294,2.0,22.0,,,0.08834,0.57578,False,False,,0.5,4475032.0,3618752.0,0.4684471666971595,-11.24,-13.09,26.5,35.05,-0.14790010437871814,0.22115961778901772,41.45666087664116,-0.06979770052225309,0.07544188135088192,True,0.4302911018034532,,0.493,Europe,True,True,,59.373584805136,55.41143501268122,53.67784812484776,82.728633747603,32.41852487135506,67.15358931552588,91.25628140703517,50.0,,50.0,55.9063976419177,standard,247,282574225,False,63.2,False,92.48747913188647,31.552587646076795,85.47579298831386,50.04173622704508,50.04173622704508,50.04173622704508,5,NEUTRAL,0,VARNING,False,2,0.2857142857142857,LÅG,VÄNTA,0.0
COHR,Coherent Corp.,Technology,Scientific & Technical Instruments,United States,USD,63484959664.5,118.75075399999999,18.443138500000003,0.92,0.1544977000000003,9.497366,9.819,30.558999999999997,-0.09472,-0.027970001,-0.035749998,-0.00804249999999998,-0.08215998000000002,0.07549999999999998,,11.183,-18.123499999999996,1.3639999999999999,1.709,-1038888928.0,2423729920.0,3425114880.0,64825049088.0,14910936000.0,,5810115000.0,,,534947000.0,,49364000.0,633600000.0,,0.0,,,,,2.037,440.0,84.3499984741211,324.5,387.36176,1.63636,22.0,1.37,0.0514,0.04508,0.8947,False,False,,0.5,6018226.0,5197010.0,0.7212924425365098,-8.83,14.19,69.35,,-0.26249999999999996,0.7698662901323486,36.863569310266136,-0.11916012728761483,0.33986073222569413,False,0.15856952507974043,,0.923,US,True,True,30.1483356632788,29.820980731321477,65.74232081911263,85.82054427682546,30.906557024153614,48.113207547169814,12.186978297161936,35.97989949748744,50.0,43.953934740882914,50.0,47.839272717573884,standard,529,1686429745,False,38.5,False,28.17195325542571,46.828046744574294,12.93823038397329,50.04173622704508,50.04173622704508,50.04173622704508,3,SVAG,-8,VARNING,False,2,0.2857142857142857,LÅG,EJ AKTUELL,0.0
9984.T,SoftBank Group Corp.,Communication Services,Telecom Services,Japan,JPY,36302143975370.0,-7.898704,2.1315205000000024,1244.7685,0.08856130000000029,4.6549263,7.59,56.6805,0.19683500499999998,-0.041535001502,0.5695999549999999,-0.31507500600000005,0.21861999999999998,0.009999999999999995,2.4935,2.538,84.0425,-0.7409999999999998,0.59,-2467710427136.0,5362149752832.0,25404310028288.0,59191297310720.0,45013756000000.0,,7243752000000.0,,,729794000000.0,,1153332000000.0,203580000000.0,0.17,0.0126,11.0,0.58,5.5,1790640000.0,1.009,9074.0,2544.719840292605,6370.0,7627.9473,1.84211,19.0,,,0.3473,0.36106998,False,False,,0.5,74365355.0,52237880.0,1.2604980085258313,-0.06,66.67,38.22,,-0.29799426934097417,0.8295727505594425,38.829243353783234,-0.022745333877445817,0.26179154270575133,False,0.46411260667771825,,0.72,Japan,True,True,20.181924660898474,56.58585871975198,69.36860068259386,76.29010002899666,19.489957996436836,3.0017152658662094,67.15358931552588,25.125628140703515,50.0,,50.0,53.618517904957656,standard,312,2058212309,False,34.7,False,28.17195325542571,2.5459098497495827,31.969949916527547,50.04173622704508,50.04173622704508,50.04173622704508,4,NEUTRAL,0,VARNING,False,3,0.42857142857142855,LÅG,EJ AKTUELL,0.0
KIT.OL,Kitron ASA,Technology,Electronic Components,Norway,NOK,20055015923.273026,-0.9747210000000024,-1.3219744999999978,2.11,0.06640730000000028,23.694489,24.128,210.847,0.057895,0.006469995000000006,-0.004345000999999994,-0.018097499999999975,-0.08892,0.5275000000000001,1.048,1.632,5.049499999999998,-0.3540000000000001,1.012,-783237488.0,80800000.0,125200000.0,20422176768.0,741300000.0,,738300000.0,,,63100000.0,,43800000.0,93600000.0,0.68,0.1096,0.7,1.82,0.7,1777248000.0,0.984,116.30000305175781,55.38965973101164,91.69999694824219,111.45528,2.4,5.0,,,0.02678,0.61649,False,False,,0.5,493045.0,334016.0,7.400168842015903,-15.17,-10.48,19.87,,-0.21152197298367836,0.4264909319274267,27.331609801991547,-0.1418919826975501,0.06249197260091033,False,-0.23247004999992651,,0.656,Nordic,True,True,18.629803151093814,50.964835673463696,43.23094425483504,81.32345440395848,45.33281638282561,69.72555746140652,67.15358931552588,26.13065326633166,50.0,,50.0,45.45905707010381,standard,604,3134936,False,40.5,False,28.17195325542571,70.53422370617696,2.5459098497495827,50.04173622704508,50.04173622704508,50.04173622704508,3,SVAG,-8,VARNING,False,2,0.2857142857142857,LÅG,EJ AKTUELL,0.0
CRL,"Charles River Laboratories International, Inc.",Healthcare,Diagnostics & Research,United States,USD,11242830035.695496,,2.41235,0.1222,0.02931600000000012,2.7941043,3.517,2.09,-0.186815,-0.018620000000000005,-0.170384997,-0.028035019999999994,-0.10749000000000003,-0.07250000000000001,,,44.05775,-0.667,0.816,-331233440.0,191830000.0,3064531968.0,14163251200.0,7135422000.0,,4015382000.0,,,401136000.0,,-144338000.0,737646000.0,,0.0,,,,,1.399,237.86000061035156,144.25999450683594,233.41000366210938,220.66667,1.70588,15.0,5.13,0.1043,0.00636,1.23365,False,False,,0.571,874431.0,989820.0,0.9927183224288175,22.94,32.96,7.68,,-0.018708471104109337,0.4621022826054364,84.27985675190212,0.25345439206059384,0.28008328992812714,True,0.7924635232957629,,0.943,US,True,True,45.957248649261345,22.435395393918526,78.95335608646188,54.63104807572091,24.711058341498124,79.58833619210978,12.186978297161936,32.06030150753769,50.0,21.30518234165067,57.099999999999994,41.324349850693466,standard,746,231033890,False,49.5,False,28.17195325542571,80.13355592654425,52.75459098497496,50.04173622704508,50.04173622704508,50.04173622704508,2,SVAG,-8,UPPTREND,False,1,0.14285714285714285,LÅG,EJ AKTUELL,0.0
AG,First Majestic Silver Corp.,Basic Materials,Silver,Canada,USD,8369394554.316284,5.415308,-0.5894010000000005,,0.10900785000000013,5.660568,5.346,-3.146000000000001,0.0,0.030659997,0.08654999,0.33953,0.14527999999999996,0.854,50.266999999999996,55.605,-46.733000000000004,0.9090000000000003,2.506,-193061536.0,1140796032.0,314040992.0,7964744192.0,4694915000.0,,1265157000.0,,,349931000.0,,164923000.0,526010000.0,0.21,0.038599998,0.04,0.26,0.017,1779235200.0,2.111,32.011027862003594,7.7310114785584405,16.950000762939453,26.875,2.0,2.0,1.42,,0.01089,0.54927,False,False,,0.5,12692386.0,10586240.0,0.710171412709061,2.48,-17.6,-5.41,,-0.4704949545509989,0.7463367483514212,42.95302417212736,-0.10655486334700448,-0.0863188887401789,True,0.4135645575647361,,0.322,US,True,True,,74.15538641095311,16.609783845278724,76.7530931973768,29.02449287123972,83.53344768439108,67.15358931552588,31.35678391959799,50.0,,50.0,49.24887446115866,commodity,481,179436776,False,46.1,False,28.17195325542571,83.97328881469114,26.04340567612688,50.04173622704508,50.04173622704508,50.04173622704508,4,NEUTRAL,0,NEDTREND,True,3,0.42857142857142855,LÅG,EJ AKTUELL,0.0
MRCY,"Mercury Systems, Inc.",Industrials,Aerospace & Defense,United States,USD,6483473899.901314,,50.3630165,2.79,0.08433850000000076,6.7051044,7.041,54.0835,-0.162297505,-0.049554999,-0.11878499600000002,-0.10507998800000001,-0.16523000000000004,0.05,,,-31.447999999999997,1.8014999999999999,1.988,-743918184.0,331800000.0,656472000.0,6808145920.0,2434764000.0,,912020000.0,,,-10414000.0,,-37904000.0,138851000.0,,0.0,,,,,0.932,128.4499969482422,49.86000061035156,107.9800033569336,101.5,,8.0,5.35,0.0896,0.01636,1.13121,False,False,,0.59,667627.0,844230.0,0.6516348098126741,-0.77,36.29,27.33,,-0.15936157320079036,0.5864763705606338,44.30136333476302,0.03707462871141809,0.25164094339816834,False,0.21886670197340333,,0.851,US,True,True,10.501851362073525,15.285928595798831,74.37428896473266,71.71170011693498,46.5354636693188,87.13550600343054,12.186978297161936,11.055276381909549,50.0,24.56813819577735,59.0,39.002456070613476,standard,824,91159958,False,45.8,False,28.17195325542571,87.47913188647746,20.45075125208681,50.04173622704508,50.04173622704508,50.04173622704508,3,SVAG,-8,UPPTREND,False,2,0.2857142857142857,LÅG,EJ AKTUELL,0.0
SNAP,Snap Inc.,Communication Services,Internet Content & Information,United States,USD,6566089839.837252,,-9.5819929,508.87,0.11665720000000035,1.2774527,1.498,-48.572,-0.358594995,-0.0897350015,-0.188665002,-0.23535999700000002,0.10587999999999997,0.06,,,124.42150000000002,2.3810000000000002,3.303,-167851296.0,2822883072.0,4201579008.0,9134209024.0,7677802000.0,,5931447000.0,,,-532167000.0,,-460489000.0,656170000.0,,0.0,,,,,1.049,10.40999984741211,3.809999942779541,4.679999828338623,7.48333,2.69767,36.0,2.37,0.1029,0.22577,0.4632,False,False,,0.5,47681411.0,39929470.0,0.6189057262653246,-16.28,-5.45,-45.71,,-0.5504322865574244,0.5655324448805962,50.79365019294879,-0.1300468833139704,-0.27268774196581536,True,0.44725925769238883,,0.672,US,True,True,,18.24532774376187,12.101820250284414,62.394023078111104,39.22773717225243,86.79245283018868,12.186978297161936,34.37185929648241,50.0,21.497120921305182,50.0,27.79648920945909,standard,1066,186869913,False,53.9,False,28.17195325542571,87.14524207011685,75.37562604340567,50.04173622704508,50.04173622704508,50.04173622704508,3,SVAG,-8,NEDTREND,True,1,0.14285714285714285,LÅG,EJ AKTUELL,0.0
BA.L,BAE Systems plc,Industrials,Aerospace & Defense,United Kingdom,GBp,74819174892070.05,1.6861534999999979,3.3671572500000044,2.9987,0.0,2.0504675,2.3,2.888874999999999,0.0,-0.012882504750000006,-0.06173999999999999,-0.11747000500000002,-0.3424400000000001,0.0020000000000000018,0.016999999999999987,0.084,2.155374999999996,-0.4340000000000001,0.783,1046256256.0,3468999936.0,9159000064.0,65159036928.0,37679000000.0,,28336000000.0,,,2681000000.0,,2062000000.0,3432000000.0,1.83,0.5015,0.36,2.67,0.228,1776902400.0,-0.066,29226.388978078572,19302.860919952393,25516.17205095291,2304.889,2.16667,18.0,,,0.0442,0.67902,False,False,,0.5,6690852.0,8793336.0,0.67,-0.77,-15.15,-4.83,,-17.41,0.337,60.0,-0.15,,True,1.0087916808899697,,0.5,UK,True,True,77.3294964028777,30.564586203761053,17.952102337069654,39.67352303241885,66.40288180489588,2.5510204081632653,67.2289156626506,75.89928057553958,50.0,,50.0,43.14287385113163,standard,297,224372274278,False,46.3,False,56.42737896494157,2.5459098497495827,62.270450751252085,50.04173622704508,50.04173622704508,50.04173622704508,5,NEUTRAL,0,VARNING,False,3,0.42857142857142855,LÅG,EJ AKTUELL,0.0
MTX.DE,MTU Aero Engines AG,Industrials,Aerospace & Defense,Germany,EUR,20380557389.160614,-8.981257500000003,-1.277458249999997,1.6211,0.5002827750000003,2.2943325,2.499,-1.6849999999999987,0.07401247500000001,0.007202497749999998,0.026429993999999964,-0.019344995000000004,-0.18387999,-0.008,-0.179,-0.107,-12.612999999999994,0.19225000000000003,1.092,,1420999936.0,2532000000.0,22202920960.0,12721000000.0,,8763000000.0,,,1272000000.0,,1016000000.0,848000000.0,0.95,0.118999995,3.6,0.92,3.6,1778198400.0,0.896,400.20867511616916,265.20001220703125,378.6000061035156,386.1,2.45,20.0,,,0.0,0.72883004,False,False,,0.5,208856.0,223055.0,0.9991382177371783,28.78,18.85,3.16,3.14,-0.053993504779428325,0.34139291555214585,85.12655609741023,0.2188620397584684,0.09523563056631246,True,0.9242538829431043,,0.752,Europe,True,True,,52.0043180853919,53.8687292183773,35.534783344352974,53.4166031019578,77.03412073490814,67.13375796178343,,50.0,,50.0,52.2262714005199,standard,301,96601036,False,48.8,False,27.963272120200333,70.20033388981636,58.59766277128548,50.04173622704508,50.04173622704508,50.04173622704508,2,SVAG,-8,UPPTREND,False,1,0.14285714285714285,LÅG,EJ AKTUELL,0.0
ELG.DE,Elmos Semiconductor SE,Technology,Semiconductors,Germany,EUR,3007474105.332672,-1.7026284999999994,1.8077795000000023,9.81,0.0,4.9445515,4.859,0.7924999999999986,0.038480000000000014,0.05902749325,0.11082498299999999,0.1224400025,0.055239979999999966,0.07600000000000001,0.20499999999999996,0.412,-27.9715,3.16375,2.85,-497452696.0,152992992.0,100670000.0,2955162112.0,829189000.0,,582632000.0,,,135421000.0,,101116000.0,119953000.0,0.86,0.1582,1.5,1.14,1.5,1779926400.0,1.759,204.32064819335938,75.182068427713,174.60000610351562,180.0,2.0,5.0,,,0.48313,0.30629,False,False,,0.5,47440.0,53829.0,0.48781310008969364,-6.43,17.83,77.1,91.55,-0.14546078603723667,0.468014240064253,50.0,-0.025809540228042382,0.371238449659933,False,0.43846980337005437,,0.838,Europe,True,True,32.835431779649234,75.15865557266946,77.24848391407133,72.51175108570733,40.97748284021344,92.50425894378195,66.86143572621035,7.5621890547263675,50.0,,50.0,67.63630805666276,standard,40,10752252,False,47.9,False,27.963272120200333,92.65442404006677,30.05008347245409,50.04173622704508,50.04173622704508,50.04173622704508,6,NEUTRAL,0,VARNING,False,4,0.5714285714285714,MEDEL,OK,0.0
MRNA,"Moderna, Inc.",Healthcare,Biotechnology,United States,USD,31647672865.466896,,-36.0267505,,0.4797410000000002,14.223674,12.468,-26.0385,-0.4910749775,-0.19219,-1.5547699000000001,-1.5023999,-1.14966,2.5189999999999997,,,-41.88375,0.3859999999999999,2.235,-860764352.0,5205000192.0,1298000000.0,27740672000.0,12338000000.0,,1922000000.0,,,-3074000000.0,,-2822000000.0,-1873000000.0,,0.0,,,,,0.942,81.4000015258789,22.280000686645508,79.76000213623047,45.85,3.0,20.0,10.94,0.18090001,0.0731,0.78883004,False,False,,0.64,7516693.0,11548520.0,1.528198908429351,74.76,59.42,162.28,,-0.020147412271571574,0.6819514847370647,85.98566767595872,0.5148551630908631,0.9397418395426511,True,1.0423160118110741,,1.0,US,True,True,,2.0311117660266325,93.0354609929078,97.38984121229487,37.972849339489564,60.81771720613288,11.853088480801336,28.855721393034827,50.0,8.492366412213741,64.0,50.11048647789406,standard,441,921109980,False,40.0,False,27.963272120200333,61.602671118530886,8.263772954924875,50.04173622704508,50.04173622704508,50.04173622704508,3,SVAG,-8,UPPTREND,False,2,0.2857142857142857,LÅG,EJ AKTUELL,0.0
NOD.OL,Nordic Semiconductor ASA,Technology,Semiconductors,Norway,NOK,35977324725.798004,112.46520600000001,19.647948000000003,1.389,0.2581618999999997,51.032104,51.001,803.9635000000001,-0.10548499799999997,-0.04276250075,-0.032885002999999996,-0.057669999499999985,0.09773999999999994,0.11499999999999999,7.646,8.254,-6.4375,1.77875,2.514,-864138922.0,279664992.0,166548992.0,35955560448.0,983361000.0,,667620000.0,,,23192000.0,,16385000.0,115696000.0,,0.0,,,0.4,1308268800.0,0.99,211.0,123.69999694824219,182.1999969482422,192.25081,2.4375,16.0,,,0.14989,0.57759,False,False,,0.5,732278.0,580561.0,0.48478638914508776,-8.99,22.61,37.82,,-0.13649290545856785,0.423726690458895,39.84063369610976,-0.050527382176788094,0.15690250506740266,False,0.37445922961564054,,0.67,Nordic,True,True,22.345145779482472,30.64961060565538,73.13475177304964,82.25178996707183,50.363874342422754,59.11413969335605,11.853088480801336,31.44278606965174,50.0,,50.0,58.02114293228363,standard,197,10772261,False,38.9,False,27.963272120200333,59.933222036727884,2.5459098497495827,50.04173622704508,50.04173622704508,50.04173622704508,5,NEUTRAL,0,VARNING,False,2,0.2857142857142857,LÅG,VÄNTA,0.0
IMG.TO,IAMGOLD Corporation,Basic Materials,Gold,Canada,CAD,14080080352.783203,-13.402770500000004,-8.064311000000002,12.65,0.010770924999999876,4.1341476,4.191,-4.412,0.180259995,0.125175,0.20732997400000003,0.37322,0.09232999999999997,1.059,7.808999999999999,8.564,-24.22799999999999,0.08800000000000008,1.064,232462528.0,551200000.0,651000000.0,14272079872.0,5852500000.0,,2852800000.0,,,1110400000.0,,664400000.0,1142600000.0,,0.0,,2.0,0.131,1372377600.0,2.25,34.09000015258789,9.260000228881836,24.360000610351562,36.30896,1.83333,7.0,3.08,,0.0012800001,0.73436,False,False,,0.5,1664932.0,1663580.0,0.3095699284913272,4.1,-8.39,9.53,,-0.28542092985287626,0.6091203112591377,56.14799367233364,0.03762898426240846,0.046623311385896704,True,0.7593286343485989,,0.838,Canada,True,True,,87.6928613570389,32.0,91.85837574849327,22.95915562011214,75.29812606473595,11.853088480801336,68.75621890547264,50.0,,50.0,54.493270964354714,commodity,290,28542618,False,57.6,False,72.87145242070116,75.79298831385643,36.56093489148581,50.04173622704508,50.04173622704508,50.04173622704508,5,NEUTRAL,0,UPPTREND,False,2,0.2857142857142857,LÅG,EJ AKTUELL,0.0
AEM,Agnico Eagle Mines Limited,Basic Materials,Gold,Canada,USD,76935575730.0179,-10.073448,-4.527064999999999,28.15,0.0676687250000001,5.682435,5.475,-4.926000000000001,0.10846001000000001,0.10748500149999998,0.28596999999999995,0.47268995999999996,0.28792002999999994,0.561,0.6660000000000001,1.081,-55.2655,1.3270000000000002,2.034,3442153024.0,3122657024.0,319219008.0,74132135936.0,34471291000.0,,11907851000.0,,,6327961000.0,,4461461000.0,6817113000.0,1.17,0.1554,1.8,2.33,0.45,1788220800.0,0.595,255.24000549316406,114.4020125429066,153.86000061035156,240.64285,1.90909,14.0,1.69,0.0092,0.00065,0.73252,False,False,,0.656,2505404.0,3129210.0,1.5834333879824716,-14.02,-26.76,-10.3,,-0.3971948076357791,0.44634355172710827,46.15233611712771,-0.1257875080568872,-0.1672965509194716,False,0.24797751783642477,,0.914,US,True,True,,91.11168944768266,12.368794326241135,86.92439256618714,58.18331708358573,44.71890971039183,66.86143572621035,90.14925373134328,50.0,94.08396946564885,65.60000000000001,54.29104072985828,commodity,299,481460253,False,55.0,False,88.06343906510851,43.82303839732889,26.12687813021703,50.04173622704508,50.04173622704508,50.04173622704508,5,NEUTRAL,0,NEDTREND,True,3,0.42857142857142855,LÅG,EJ AKTUELL,0.0
TSCO.L,Tesco PLC,Consumer Defensive,Grocery Stores,United Kingdom,GBp,37448816001131.03,-1.2397655000000025,1.8111759999999997,2.0103,0.0,0.39452857,0.55,1.3659999999999997,-0.020869999999999972,-0.01542249950000001,-0.046004996,-0.136345,-0.318195,0.03699999999999999,0.467,0.456,15.99774999999999,-0.25150000000000017,0.385,1601137536.0,4164000000.0,15079999488.0,40533422080.0,39474000000.0,,73712000000.0,,,3103000000.0,,1787000000.0,3906000000.0,3.11,0.5258,0.15,3.76,0.097,1778716800.0,0.575,6564.0504021569795,5002.3812004276715,6008.501657690125,513.667,1.86667,15.0,,,0.02116,0.51425,False,False,,0.5,20031420.0,23212452.0,0.628426651240459,6.34,1.5,9.67,13.38,-0.08463505159623674,0.23305095037422813,57.77471845626115,0.03444079482257578,0.0556630176955184,True,0.8056782368460587,,0.5,UK,True,True,87.10358820423025,23.544664774163216,53.14672628224895,62.232138708878225,64.03896359732242,2.8960817717206133,66.86143572621035,87.56218905472637,50.0,,50.0,52.82349212012025,standard,340,139472056321,False,51.4,False,57.512520868113526,2.5459098497495827,94.24040066777964,50.04173622704508,50.04173622704508,50.04173622704508,4,NEUTRAL,0,UPPTREND,False,4,0.5714285714285714,MEDEL,EJ AKTUELL,0.0
NG.L,National Grid plc,Utilities,Utilities - Regulated Electric,United Kingdom,GBp,79709770083456.89,3.377806999999997,-0.4320730000000026,1.0173,0.011008225000000094,3.4997416,6.039,6.5405000000000015,-0.014139999999999979,-0.0018900000000000028,0.06573749699999998,0.05330499999999998,0.605545,-0.059,0.08399999999999999,0.164,-50.52850000000001,0.06649999999999989,0.651,-3770987648.0,2828000000.0,47705001984.0,106805026816.0,108281000000.0,,17687000000.0,,,5690000000.0,,3241000000.0,7829000000.0,3.9,0.72110003,0.48,4.95,0.3214,1779926400.0,0.599,17350.082034469666,12706.185464400654,16019.236957550049,1362.0,2.53333,15.0,,,0.01035,0.54025,False,False,,0.5,14315097.0,17850197.0,0.41318878461210135,5.98,-1.01,11.71,17.08,-0.07670540544278737,0.20856189646410886,63.747294304946905,0.020273677352614206,0.05782844788460095,True,0.8095618569938952,,0.5,UK,True,True,35.02015064343088,66.07583625409505,53.928923835954365,43.58905130866461,69.30047986526644,1.2776831345826234,66.86143572621035,27.363184079601986,50.0,,50.0,42.8672268091617,standard,695,285946535482,False,36.2,False,27.963272120200333,2.5459098497495827,42.15358931552588,50.04173622704508,50.04173622704508,50.04173622704508,3,SVAG,-8,UPPTREND,False,3,0.42857142857142855,LÅG,EJ AKTUELL,0.0
PLUG,Plug Power Inc.,Industrials,Electrical Equipment & Parts,United States,USD,3682982522.828571,,-35.993861499999994,0.84,0.4701582749999995,4.9786315,6.058,-24.296,-1.4406925050000001,-0.19077250075000002,-2.3751451,-0.770264955,-0.76317,0.158,,,54.66550000000001,0.9730000000000001,0.895,-1248172480.0,233388992.0,1010172992.0,4481238528.0,2594568000.0,,709919000.0,,,-679570000.0,,-1631594000.0,,,0.0,,,,,2.166,4.579999923706055,1.350000023841858,2.640000104904175,3.61562,2.8,16.0,4.73,0.2743,0.0454,0.69207,False,False,,0.5,74533093.0,55834050.0,1.0958733735143356,-35.45,17.33,36.08,,-0.423580753519329,1.0218036298615831,40.594063846637766,-0.18251064955270435,0.006769036233853942,False,0.3376252125843869,,0.5,US,True,True,,1.759253684944778,55.26241134751772,58.31439000786483,31.495061616668153,91.396933560477,11.853088480801336,3.880597014925373,50.0,14.389312977099237,50.0,32.33346929513652,standard,983,147401898,False,47.7,False,27.963272120200333,91.56928213689483,29.883138564273793,50.04173622704508,50.04173622704508,50.04173622704508,3,SVAG,-8,VARNING,False,0,0.0,LÅG,EJ AKTUELL,0.0
RAA.DE,RATIONAL Aktiengesellschaft,Industrials,Specialty Industrial Machinery,Germany,EUR,7549680000.0,-2.753408000000003,1.5911828750000026,3.1893,0.08051530000000007,5.8894405,5.434,-4.297749999999999,0.021747495000000006,0.1123850005,0.03870125025,0.04274873374999996,0.19288498499999998,0.015,-0.029000000000000005,0.042,-48.6145,3.6657499999999996,4.108,-574597856.0,567017984.0,17644000.0,6966196224.0,1183080000.0,,1259558000.0,,,334177000.0,,253847000.0,253079000.0,2.42,0.66550004,16.0,1.52,20.0,1777507200.0,1.255,752.2153927478927,585.1102655540334,664.0,796.5,,14.0,,,0.552,0.29332,False,False,,0.5,12489.0,10415.0,1.28,0.31,6.31,1.91,,-12.42,0.3491,52.1,0.8,,True,0.7474435574719956,,0.866,Europe,True,True,,71.75258225679677,33.71175958927359,48.62890186893756,54.26536045455606,90.31657355679702,67.41071428571429,15.347721822541965,50.0,,50.0,55.04194011195636,standard,134,7909825,False,45.9,False,28.065054211843204,85.57130942452044,23.352793994995828,50.0417014178482,50.0417014178482,50.0417014178482,5,NEUTRAL,0,UPPTREND,False,2,0.2857142857142857,LÅG,VÄNTA,0.0
5333.T,NGK Corporation,Industrials,Specialty Industrial Machinery,Japan,JPY,2112760488858.0,11.284336000000005,14.26385325,0.15,0.0908066999999999,3.1527858,3.118,-0.772000000000002,-0.033190003999999995,0.008790000999999999,0.034850000000000006,0.05273499499999999,-0.005130000000000023,0.05,0.308,0.35,-8.942999999999994,2.6245,2.792,28544124928.0,322919989248.0,244633993216.0,2089499230208.0,1243330000000.0,,670125000000.0,,,94998000000.0,,59936000000.0,137989000000.0,1.41,0.38830003,106.0,2.89,53.0,1790640000.0,0.661,7894.0,1725.546071005509,7509.0,6325.7144,1.85714,7.0,,,0.027309999,0.6026,False,False,,0.5,1647750.0,2123550.0,1.4162121497084823,22.7,82.27,130.22,,-0.04877121864707368,0.36952116657383166,73.32894303589069,0.28126812954305014,0.8992495726833976,True,0.7967273056769867,,0.398,Japan,True,True,,55.48026513348225,91.63120567375887,57.273389836153065,63.10665134171848,13.617021276595745,67.01417848206839,65.16966067864271,50.0,,50.0,64.48292458381876,standard,75,98622242,False,48.9,False,69.97497914929107,13.344453711426189,46.205170975813175,50.0417014178482,50.0417014178482,50.0417014178482,5,NEUTRAL,0,UPPTREND,False,3,0.42857142857142855,LÅG,VÄNTA,0.0
6674.T,GS Yuasa Corporation,Consumer Cyclical,Auto Parts,Japan,JPY,678760681504.0,0.3968660000000028,3.4436234999999984,2.3,0.0,1.1145587,1.303,-3.9270000000000014,0.00853000999999999,0.00151000099999999,0.03618499749999999,0.088590005,-0.04176000000000002,0.0725,0.535,0.646,-19.265499999999992,-0.007999999999999896,0.845,-31529125632.0,36747001856.0,102348996608.0,793797591040.0,693738000000.0,,580340000000.0,,,50029000000.0,,30416000000.0,39296000000.0,1.45,0.2709,98.0,2.2,68.0,1790640000.0,0.696,7899.0,2549.2812932618863,6766.0,7088.8887,1.55556,9.0,,,0.08139,0.45452,False,False,,0.5,1118385.0,885380.0,0.9208737602018031,5.09,31.3,81.77,,-0.1434358779592353,0.4208468057961276,51.7971758664955,0.028708352211738175,0.425192177853011,True,0.45774070044725346,,0.596,Japan,True,True,,58.69384651066271,78.46808510638299,70.53844984037423,45.53969714398236,18.553191489361705,67.01417848206839,25.54890219560878,50.0,,50.0,64.23709460579788,standard,78,37050321,False,44.0,False,27.981651376146786,18.181818181818183,78.23185988323603,50.0417014178482,50.0417014178482,50.0417014178482,4,NEUTRAL,0,UPPTREND,False,3,0.42857142857142855,LÅG,VÄNTA,0.0
5332.T,TOTO LTD.,Industrials,Building Products & Equipment,Japan,JPY,1402965115601.0,9.876379000000002,11.59554425,0.49,0.07802180000000014,1.9024779,1.822,0.7049999999999983,-0.039459996,0.0003499989999999967,0.0,0.006404999999999994,0.059709979999999996,-0.016,,,-26.176999999999996,-0.1885,0.989,15610750976.0,132854996992.0,67784998912.0,1343577915392.0,827483000000.0,,737441000000.0,,,53759000000.0,,40257000000.0,71240000000.0,1.41,0.45279998,120.0,2.18,60.0,1790640000.0,1.012,9500.0,3435.3905388568505,8533.0,6858.8887,,9.0,,,0.08432,0.53911996,False,False,,0.5,1563464.0,1679900.0,0.8208179444054733,15.61,46.17,104.75,,-0.10178947368421054,0.4476350549765702,62.94310396187071,0.20999075455324068,0.6380494036770175,True,0.6914824370577358,,0.844,Japan,True,True,70.96700453840921,48.938264913758374,84.62411347517731,58.98175809669027,32.89703062290524,15.914893617021278,67.01417848206839,61.876247504990026,50.0,,50.0,61.51087353742626,standard,114,88657494,False,51.5,False,67.63969974979149,15.59633027522936,64.55379482902418,50.0417014178482,50.0417014178482,50.0417014178482,5,NEUTRAL,0,UPPTREND,False,3,0.42857142857142855,LÅG,VÄNTA,0.0
4578.T,"Otsuka Holdings Co., Ltd.",Healthcare,Drug Manufacturers - General,Japan,JPY,5732059346985.0,-6.305182999999998,0.727819000000002,1.04,0.003652900000000292,2.2778862,2.173,-2.2162500000000005,0.044942502499999995,0.02825000099999999,0.07975,0.067,0.41888,-0.0010000000000000009,0.061999999999999986,0.157,-16.253249999999998,-0.05600000000000005,1.568,161708746752.0,538295992320.0,194626994176.0,5467293614080.0,4197562000000.0,,2468892000000.0,,,472106000000.0,,363150000000.0,403579000000.0,1.28,0.2044,140.0,1.88,70.0,1782691200.0,-0.059,11910.0,6461.454436428787,10895.0,12900.0,1.58333,12.0,,,0.15668,0.34573,False,False,,0.5,1167743.0,984460.0,0.8032077680787295,-2.2,-0.68,18.96,,-0.08522250209907645,0.2969599521049338,59.94236311239193,-0.0017774682987612422,0.1321174560495315,True,0.6694851916751863,,1.0,Japan,True,True,,77.35780447016027,57.39007092198582,64.57942814784234,67.88164251844863,8.936170212765958,67.01417848206839,80.33932135728543,50.0,,50.0,61.30322647052148,standard,120,66336963,False,52.4,False,79.48290241868223,8.757297748123436,58.29858215179316,50.0417014178482,50.0417014178482,50.0417014178482,5,NEUTRAL,0,VARNING,False,4,0.5714285714285714,MEDEL,VÄNTA,0.0
TGT,Target Corporation,Consumer Defensive,Discount Stores,United States,USD,63763889936.463745,-6.707627000000002,-0.7115674999999992,2.6068,0.0,0.5994142,0.747,-3.1479999999999997,0.036950000000000024,-0.009197496000000003,-0.05741999999999999,-0.08061000000000001,-0.16939000000000004,0.032,-0.311,-0.246,18.457749999999997,-0.14400000000000002,0.182,2312649120.0,3534000128.0,19271999488.0,79501893632.0,59490000000.0,,104780000000.0,,,5117000000.0,,3705000000.0,6562000000.0,3.31,0.59970003,4.64,2.98,1.14,1786492800.0,0.991,142.82000732421875,81.82682928909779,140.38999938964844,133.07794,2.5,34.0,3.37,0.0434,0.00278,0.87584,False,False,,0.452,5175071.0,5242750.0,1.4344808969617981,9.4,21.13,51.81,,-0.017014478434060676,0.3072459038159957,73.20313290072266,0.10060985403218536,0.31181417945242096,True,0.933862204127045,,0.948,US,True,True,,34.915992236422895,86.32624113475178,45.15550400730895,50.96357389275305,48.255319148936174,67.01417848206839,80.03992015968065,50.0,51.908396946564885,45.2,46.601883746385724,standard,567,736029669,False,64.2,False,84.23686405337781,47.289407839866556,90.24186822351959,50.0417014178482,50.0417014178482,50.0417014178482,3,SVAG,-8,UPPTREND,False,2,0.2857142857142857,LÅG,EJ AKTUELL,0.0
JOBY,"Joby Aviation, Inc.",Industrials,Airports & Air Services,United States,USD,8685566308.114006,,-34.44100575,,0.01957939999999958,111.825096,89.7,-26.3,-0.8320900499999999,-0.30061999,-0.10446,-9.770005009999998,-0.07046000000000002,,,,-37.6995,20.670499999999997,21.757,-1209231296.0,2466189056.0,747726016.0,6967103488.0,1795069000.0,,53425000.0,,,-719591000.0,,-929842000.0,-509893000.0,,0.0,,,,,2.669,20.950000762939453,7.75,8.829999923706055,11.12,,9.0,3.32,0.15359999,0.32586,0.41244,False,False,,0.68,31424469.0,45338610.0,1.507291526818127,-23.08,4.25,-38.08,,-0.5785203053869896,0.7783718566847573,41.780819084285426,-0.10996876289337199,-0.2874837677059431,False,0.2389632103203783,,0.416,US,True,True,,11.568337788845351,17.858156028368796,16.59716430358632,34.62691868412682,82.97872340425532,11.843202668890743,7.285429141716566,50.0,13.16793893129771,68.0,23.79189685443503,standard,1138,400339923,False,42.4,False,27.981651376146786,83.31943286071727,2.543786488740617,50.0417014178482,50.0417014178482,50.0417014178482,4,NEUTRAL,0,NEDTREND,True,0,0.0,LÅG,EJ AKTUELL,0.0
PSTG,Everpure Inc,Technology,Computer Hardware,United States,USD,23895629041.51062,81.607165,-5.694262499999999,1.532,0.6248054499999984,6.116902,5.954,56.33775,-0.09084499349999996,-0.062087500000000004,-0.06527751150000002,-0.32672249499999995,0.17410755000000006,,,,71.79400000000001,-0.09474999999999989,1.436,-1320035424.0,1234183936.0,911254016.0,21808037888.0,4674259000.0,,3662843000.0,,,114816000.0,,188181000.0,880085000.0,,0.0,,,,,1.343,100.58989715576172,50.20000076293945,72.30999755859375,89.89474,1.85714,19.0,3.5,0.037100002,0.05836,0.86261004,False,False,,0.5,2894515.0,2475883.0,0.729651704216844,-14.36,17.58,-1.82,,-0.2811405558291509,0.6837071572169183,36.40678986996735,-0.015633367729953496,-0.047126486689395564,False,0.27762757476814964,,0.782,US,True,True,16.611848411903797,26.597680263513745,60.4731236066386,66.05080831408776,32.430529901459636,78.29268292682927,11.085450346420323,17.725752508361204,50.0,42.89772727272727,50.0,45.47135647343896,standard,271,179031094,False,42.9,False,28.059950041631975,67.11074104912574,21.981681931723564,50.041631973355535,50.041631973355535,50.041631973355535,2,SVAG,-8,NEDTREND,True,2,0.2857142857142857,LÅG,EJ AKTUELL,0.0
HO.PA,Thales S.A.,Industrials,Aerospace & Defense,France,EUR,47753896092.24054,-0.14051450000000543,-1.3696134999999998,1.8391,0.2190480999999993,2.1572566,2.232,-2.924999999999997,0.007344994999999993,-0.0192224985,-0.03762875375000001,-0.04668875525000003,-0.10951501500000002,0.009999999999999995,1.441,1.513,17.017999999999994,-0.43775000000000014,0.603,1356685184.0,4491100160.0,6129500160.0,49410654208.0,39155400000.0,,22136400000.0,,,2218700000.0,,1674500000.0,3321800000.0,1.68,0.4674,3.9,1.99,2.95,1779062400.0,0.107,274.3520460677412,213.29303173093376,232.39999389648438,294.72223,2.11111,18.0,,,0.56198,0.23602,False,False,,0.5,279194.0,266260.0,0.76,-3.39,-7.17,,,-15.51,0.3408,43.2,-3.16,,True,0.5146060556351619,,0.5,Europe,True,True,,36.92611952935972,13.8283378746594,64.54637529080756,62.984819457211835,66.34146341463415,67.32101616628175,85.95317725752508,50.0,,50.0,43.295205617587754,standard,309,70501109,False,60.4,False,82.48540450375313,54.79566305254379,59.966638865721436,50.0417014178482,50.0417014178482,50.0417014178482,5,NEUTRAL,0,VARNING,False,3,0.42857142857142855,LÅG,EJ AKTUELL,0.0
WAT,Waters Corporation,Healthcare,Diagnostics & Research,United States,USD,34908016908.29422,11.160778500000005,-0.13880200000000276,1.5783,0.5211080500000005,9.2587185,10.622,15.672000000000002,-0.14867249299999996,-0.043057500000000005,-0.006792488500000048,-0.1596124925,0.03937753000000006,0.8310000000000001,,,-18.45074999999998,-0.41675000000000006,0.974,-1894152192.0,462000000.0,5601999872.0,40048017408.0,5076550000.0,,3165286000.0,,,802588000.0,,642629000.0,652555000.0,,0.0,,,,848966400.0,1.202,414.1499938964844,275.04998779296875,355.5299987792969,400.27274,1.86957,22.0,3.66,0.0456,0.00103,0.99646,False,False,,0.869,1030861.0,870650.0,0.8251703915042004,6.15,24.06,-10.18,,-0.14154290952818271,0.39033997115383146,56.09259600959948,0.05566868178926643,0.034692445036186736,False,0.482734162409115,,0.906,US,True,True,25.238102316363182,27.504534620998164,61.00118014129364,89.0592067103913,30.421384714269994,67.02127659574468,12.193548387096774,21.4170692431562,50.0,43.07228915662651,96.9,47.59721318864257,standard,496,309542193,False,40.6,False,28.059950041631975,60.03330557868443,13.655287260616152,50.041631973355535,50.041631973355535,50.041631973355535,1,SVAG,-8,UPPTREND,False,2,0.2857142857142857,LÅG,EJ AKTUELL,0.0
ENS,EnerSys,Industrials,Electrical Equipment & Parts,United States,USD,8324226243.906601,-1.590359000000003,-2.7633639999999993,1.2295,0.04326675000000013,2.2189794,2.408,-1.3854999999999986,0.0011100099999999946,0.018439998,-0.025697501500000004,-0.0012549975000000005,-0.15632499500000002,-0.048,-0.221,-0.199,-13.088000000000001,1.2790000000000001,1.311,-411813760.0,438675008.0,1189683968.0,9033176064.0,4003324000.0,,3751376000.0,,,476612000.0,,293557000.0,547596000.0,0.46,0.13340001,1.05,0.87,0.263,1781740800.0,1.181,244.01780648008378,80.25649726579068,227.9499969482422,247.286,1.66667,5.0,2.63,0.044899996,0.014579999,1.02249,False,False,,0.5,401551.0,551080.0,1.5850579601292225,4.97,35.37,57.83,,-0.06584687307708015,0.370927063060865,50.23751557546328,0.03877817371996173,0.38853895443453057,False,0.3994575724297317,,0.89,US,True,True,,46.14553236792705,84.9673202614379,37.110367516808935,48.57248163908836,83.63171355498721,67.13928273561301,23.446893787575153,50.0,47.60994263862332,50.0,51.12518017526301,standard,405,125618684,False,51.0,False,28.065054211843204,83.98665554628857,58.882402001668055,50.0417014178482,50.0417014178482,50.0417014178482,2,SVAG,-8,UPPTREND,False,2,0.2857142857142857,LÅG,EJ AKTUELL,0.0
ON,ON Semiconductor Corporation,Technology,Semiconductors,United States,USD,47286245157.29986,55.899902999999995,8.341458249999999,0.4024,0.42093399999999903,7.79915,7.786,4.638499999999999,-0.071862504,0.004679999999999997,-0.013272498500000007,0.04418000000000001,-0.02285499499999999,-0.0855,,,-5.140499999999996,3.178,2.797,470318720.0,2403599872.0,3245799936.0,47203852288.0,12524100000.0,,5995400000.0,,,751100000.0,,121000000.0,1759800000.0,,0.0,,,,,1.977,134.9199981689453,44.560001373291016,121.62000274658203,107.14815,2.19355,27.0,2.38,0.1104,0.00337,1.08903,False,False,,0.45,11397811.0,13406040.0,1.6379972100931894,14.71,105.13,122.91,,-0.09857690188899337,0.5541419558882633,50.61154602934592,0.15172202386113964,0.775282710344362,False,0.5342653239373262,,0.707,US,True,True,60.10655639637484,46.46076199666082,86.57289002557546,39.9576902837895,37.23646204893648,53.87894288150042,11.884904086738949,60.120240480961925,50.0,20.076481835564053,45.0,56.42510708614869,standard,236,1630442622,False,49.9,False,66.72226855713093,54.8790658882402,16.263552960800666,50.0417014178482,50.0417014178482,50.0417014178482,4,NEUTRAL,0,UPPTREND,False,2,0.2857142857142857,LÅG,VÄNTA,0.0
KER.PA,Kering SA,Consumer Cyclical,Luxury Goods,France,EUR,33346334001.26825,,13.411744,1.2639,0.038079000000000196,2.2723227,3.299,5.182249999999998,-0.13464499500000002,-0.026290000000000004,-0.037470009500000005,0.036375005000000016,0.35079,,,,46.528000000000006,0.10799999999999998,0.698,1734023616.0,4312999936.0,18563999744.0,48406605824.0,41182000000.0,,14675000000.0,,,1631000000.0,,72000000.0,3100000000.0,1.1,1.0101,3.0,2.95,2.75,1780358400.0,0.976,348.8751930543694,170.61591163514677,271.95001220703125,282.13043,2.875,23.0,,,0.42529,0.2583,False,False,,0.5,300000.0,341625.0,1.8977657286420468,12.43,18.23,-11.79,52.98,-0.2204948427942538,0.3988028694553362,69.26378200094236,0.1000626820060484,-0.0016164541930577814,True,0.9044028713906387,,0.5,Europe,True,True,77.88180839290521,42.6957635590422,53.631987298309824,31.609674728940785,43.51826184725486,59.7612958226769,29.02418682235196,86.47294589178357,50.0,,50.0,48.671877627711474,standard,473,106554555,False,63.0,False,90.65888240200167,60.633861551292746,58.13177648040033,50.0417014178482,50.0417014178482,50.0417014178482,5,NEUTRAL,0,NEDTREND,True,1,0.14285714285714285,LÅG,EJ AKTUELL,0.0
HEI.DE,Heidelberg Materials AG,Basic Materials,Building Materials,Germany,EUR,32609899442.05307,-4.764484499999998,-1.4148032500000003,1.9691,0.08510795000000004,1.513066,1.832,-1.6240000000000006,0.002607497499999993,0.019464998,0.0207624905,0.05198749749999999,0.26621999999999996,-0.09699999999999999,-0.365,0.039,-7.344999999999999,-0.47250000000000003,0.772,948698560.0,2639399936.0,8386699776.0,39493500928.0,36139000000.0,,21460200000.0,,,3058700000.0,,1940900000.0,3254800000.0,1.95,0.29540002,3.6,3.1,3.6,1778716800.0,0.91,237.06012981725166,156.56947442581472,184.89999389648438,225.10526,1.84211,19.0,,,0.284,0.45806,False,False,,0.5,416455.0,382313.0,1.8268084761786947,7.28,13.58,-15.65,6.19,-0.22002913759043852,0.3635373603896967,49.00661945728361,0.017731498375167964,-0.05292158670559166,True,0.6234200544275272,,0.5,Europe,True,True,,66.6465728951003,41.80119195663906,25.550361010554322,34.24129390940961,60.187553282182435,67.13928273561301,75.75150300601202,50.0,,50.0,47.663186288234286,standard,517,81075429,False,62.3,False,80.15012510425355,61.05087572977481,70.55879899916597,50.0417014178482,50.0417014178482,50.0417014178482,4,NEUTRAL,0,NEDTREND,True,2,0.2857142857142857,LÅG,EJ AKTUELL,0.0
ENPH,"Enphase Energy, Inc.",Technology,Solar,United States,USD,6890410780.713501,18.235808,1.547494249999997,1.3831,0.14365499999999898,4.922422,4.695,18.268499999999996,-0.005672499999999983,-0.041340001,-0.011452498500000005,-0.22938999999999998,-0.17771501500000003,-0.3385,,,6.051500000000004,2.104,2.714,-720242008.0,930641024.0,612126976.0,6571896832.0,3509792000.0,,1472985000.0,,,164657000.0,,172133000.0,136540000.0,,0.0,,,,,1.572,73.73999786376953,25.780000686645508,52.279998779296875,47.93462,2.51613,26.0,2.68,0.24430001,0.03049,1.0109401,False,False,,0.767,7839243.0,7862070.0,1.6151476708422587,11.8,17.11,64.09,,-0.2910225075422268,0.8447164530352257,34.71482893042864,0.13021218203758345,0.33274527456993974,False,0.2531415936838097,,1.0,US,True,True,15.760962222953369,26.558828250544394,62.94401818698494,48.35876704517971,47.423119118976906,86.35976129582268,11.884904086738949,10.92184368737475,50.0,15.353728489483748,76.7,46.407674757741056,standard,568,411029010,False,47.0,False,28.065054211843204,86.65554628857382,29.941618015012512,50.0417014178482,50.0417014178482,50.0417014178482,4,NEUTRAL,0,UPPTREND,False,1,0.14285714285714285,LÅG,EJ AKTUELL,0.0
ENI.MI,Eni S.p.A.,Energy,Oil & Gas Integrated,Italy,EUR,63312339697.52898,6.156337000000001,-0.10004349999999995,0.3951,0.008692949999999922,0.7494447,1.073,0.7352499999999997,-0.046675003000000014,-0.014122498249999994,-0.04128500500000001,-0.1050975055,-0.16762001,-0.1745,-0.275,-0.086,15.924,0.09399999999999986,0.773,-1500351424.0,14782999552.0,36569001984.0,90623623168.0,137069000000.0,,82151000000.0,,,4506000000.0,,2608000000.0,13330000000.0,4.94,1.0348,1.07,6.16,0.27,1789948800.0,0.225,24.727837727226394,12.8359823518734,21.639999389648438,25.4,2.36364,22.0,,,0.36299,0.22757,False,False,,0.5,11999435.0,12183092.0,1.6671436789836604,-9.04,-7.52,39.41,60.64,-0.12487296186751162,0.2403223357943791,35.56482717727269,-0.0589124896344142,0.17711888559797306,False,0.09838005211678207,,0.838,Europe,True,True,52.12892202315078,25.737419272730563,62.365670240972335,30.354700152460886,74.6257344191025,48.08184143222506,29.02418682235196,35.37074148296593,50.0,,50.0,36.96950508314713,standard,867,302376518,False,49.6,False,28.065054211843204,47.039199332777315,86.90575479566304,50.0417014178482,50.0417014178482,50.0417014178482,3,SVAG,-8,VARNING,False,2,0.2857142857142857,LÅG,EJ AKTUELL,0.0
FM.TO,First Quantum Minerals Ltd.,Basic Materials,Copper,Canada,CAD,35620284319.27707,,-1.4741907499999982,0.96,0.0,6.5346327,8.148,14.1175,-0.12288250249999999,-0.022025001000000002,-0.12493750149999999,-0.053722502500000005,-0.13019000000000003,0.092,,,26.09750000000001,-0.05149999999999999,0.85,-737125016.0,770000000.0,7495000064.0,44414750720.0,25238000000.0,,5237000000.0,,,1092000000.0,,-28000000.0,2082000000.0,,0.0,,0.42,0.08,1692921600.0,1.979,46.36000061035156,21.020000457763672,43.0099983215332,46.664932,1.86364,22.0,3.22,,0.18541001,0.52962,False,False,,0.5,3264488.0,2975330.0,1.0022146158665788,18.58,47.34,27.06,,-0.0722606178756251,0.4822132386379896,48.706235007813255,0.11648162257108363,0.2387672303812376,False,0.5482347284972523,,0.32,Canada,True,True,34.14833398139562,20.69805714905379,80.98891730605284,43.86470638244231,34.13317795506922,58.99403239556692,11.884904086738949,35.27054108216433,50.0,,50.0,32.05766110113784,commodity,979,90424630,False,41.7,False,28.065054211843204,59.883236030025024,20.934111759799833,50.0417014178482,50.0417014178482,50.0417014178482,3,SVAG,-8,UPPTREND,False,1,0.14285714285714285,LÅG,EJ AKTUELL,0.0
0836.HK,China Resources Power Holdings Company Limited,Utilities,Utilities - Independent Power Producers,Hong Kong,HKD,101522105441.22528,-6.751373250000004,-6.0510100499999995,1.1866,0.006244224999999992,0.99521834,3.132,-5.212500000000002,0.05307499499999999,0.021900000000000003,-0.013970008000000006,-0.04565750250000003,0.16000500000000006,-0.124,0.19,0.323,52.07199999999999,-0.44100000000000006,0.451,-18503554048.0,11674565632.0,218231259136.0,319502548992.0,409364215000.0,,102009878000.0,,,21405429000.0,,14787213000.0,44650887000.0,5.75,0.3739,1.13,4.12,0.771,1781049600.0,0.637,21.351033107130835,16.283053425937,19.610000610351562,20.91643,2.375,14.0,,,0.61751,0.081149995,False,False,,0.5,16459498.0,26818291.0,1.0861612565014196,-1.39,8.32,9.25,,-0.08154324374110966,0.20996311819239352,51.66748650322599,0.022249111385559628,0.08869510975270756,False,0.3632731814052138,,0.5,Asia,True,True,,58.05629389319567,61.92296799773436,45.36538532795176,54.408329168575364,39.1156462585034,67.02747710241465,18.956870611835505,50.0,,50.0,55.68226837741601,standard,254,67123602,False,47.5,False,28.059950041631975,38.30141548709409,81.3488759367194,50.041631973355535,50.041631973355535,50.041631973355535,4,NEUTRAL,0,UPPTREND,False,2,0.2857142857142857,LÅG,VÄNTA,0.0
ACCON.ST,Acconeer AB (publ),Technology,Electronic Components,Sweden,SEK,1480191422.7439651,,175.1036345,,0.11827464999999915,23.663754,22.59,-109.87349999999999,-0.22616999999999998,-0.10738,-0.42094498300000005,-0.616885005,0.12597999999999998,0.21149999999999997,,,,4.648000000000001,3.919,-908792796.0,67177000.0,0.0,1413014400.0,274535000.0,,57873000.0,,,-18606000.0,,-20149000.0,-20329000.0,,0.0,,,,,1.337,26.899999618530273,4.599999904632568,19.440000534057617,6.5,,1.0,,,0.40527,0.10679,False,False,,0.5,511239.0,711152.0,0.2294887524075612,29.43,77.05,73.57,,-0.2773233899726072,0.8692608614984468,43.80040558076362,0.23848480305095499,0.8056301085386688,False,0.4664318906720772,,0.5,Nordic,True,True,,17.099709905864444,72.5007080147267,60.40682472208832,39.04017862909453,95.66326530612244,11.823480432972524,,50.0,,50.0,46.98827481312499,standard,546,1464994,False,44.5,False,28.059950041631975,97.50208159866777,2.5811823480432974,50.041631973355535,50.041631973355535,50.041631973355535,3,SVAG,-8,UPPTREND,False,2,0.2857142857142857,LÅG,EJ AKTUELL,0.0
9988.HK,Alibaba Group Holding Limited,Consumer Cyclical,Internet Retail,Hong Kong,HKD,2349232036945.5034,0.8613649999999993,-0.7213304999999988,0.4447,0.13692950000000037,2.2949114,2.262,5.836499999999999,-0.031590001000000006,-0.024280000000000006,-0.0047449975000000075,-0.11026500549999999,0.040195000000000036,-0.043,0.9259999999999999,1.034,-10.411499999999997,-0.1110000000000001,0.863,-53306107904.0,316819996672.0,281721995264.0,2315480203264.0,,,,,,,,,,0.84,0.1712,1.03,,0.13125,1781049600.0,0.46,186.1999969482422,101.80000305175781,122.4000015258789,183.9612,1.3,26.0,,,0.04853,0.31469,False,False,,0.5,88371071.0,91554653.0,0.8495998186957652,-8.79,-9.2,-20.93,,-0.3426423011172105,0.46378046916216575,36.363632542251196,-0.046684407636475855,-0.15748317777101495,False,0.19558377637887192,,0.0,Asia,True,True,38.86025690494964,35.23929990198807,18.081494057724957,51.46362180289064,46.99878145623892,13.5089209855565,66.98584512905911,31.73173173173173,50.0,,50.0,37.009257586433975,standard,871,1430669318,False,,,,,,,,,4,NEUTRAL,0,NEDTREND,True,1,0.14285714285714285,LÅG,EJ AKTUELL,0.0
AMBU-B.CO,Ambu A/S,Healthcare,Medical Devices,Denmark,DKK,15176080722.0,14.070832499999998,6.479609,2.85,0.017850500000000102,2.8573399,2.821,6.442000000000002,-0.04554499499999998,-0.006400003000000001,-0.005770001000000004,-0.05402249999999999,0.17342000000000002,-0.07,-0.46399999999999997,-0.356,-31.185500000000005,0.7429999999999999,1.618,-576592672.0,691000000.0,551000000.0,17220870144.0,,,,,,,,,,0.62,0.2291,0.41,0.24,0.41,1764806400.0,1.34,111.27313107706824,60.45000076293945,66.0,88.8,2.0,8.0,,,0.41208,0.32709998,False,False,,0.5,964021.0,841112.0,0.7287933754212527,0.84,-17.19,-24.77,,-0.406864897561945,0.3524953610219664,61.07593653123702,-0.000968764721545945,-0.2150648098615393,True,0.6419305065237534,,0.0,Nordic,True,True,35.093529283473416,43.94623141963852,10.130164119977364,11.237630411367858,44.00741997373215,75.02124044180118,66.98584512905911,27.627627627627625,50.0,,50.0,23.404447670489105,standard,1151,8559617,False,,,,,,,,,3,SVAG,-8,NEDTREND,True,1,0.14285714285714285,LÅG,EJ AKTUELL,0.0
6723.T,Renesas Electronics Corporation,Technology,Semiconductors,Japan,JPY,8164326294000.0,,-8.918330499999998,2.5544,0.033824325000000155,5.8621116,6.51,6.503000000000001,-0.14077000500000003,-0.00066,-0.1084475,0.09579498625000005,0.26244500000000004,0.232,1.585,1.621,19.4045,-0.5298749999999998,0.865,136445749248.0,307907002368.0,1205048967168.0,9067115315200.0,,,,,,,,,,0.62,0.3081,28.0,,28.0,1766966400.0,1.192,4689.0,1635.0516868465108,4500.0,3489.2307,1.84615,13.0,,,0.09187,0.54263,False,False,,,15272030.0,18729040.0,0.66,,,,,,0.6837,75.1,,,True,0.8916164869651736,,0.512,Japan,True,,67.12272925963953,46.52047854438909,,77.86015629837036,32.33817597411071,9.581646423751687,67.60471204188482,70.86743044189852,50.0,,50.0,55.098424643703495,standard,153,525722552,False,,,,,,,,,7,STARK,8,UPPTREND,False,3,0.42857142857142855,LÅG,VÄNTA,0.0
ESTC,Elastic N.V.,Technology,Software - Application,Netherlands,USD,7080151473.68866,-21.131134999999997,-8.375108000000004,1.37,0.06895451250000084,4.0706177,7.694,-695.021,0.14930998050000005,-0.07773000000000001,0.09951625174999995,-0.1734224975,0.278702515,0.025999999999999995,,,-1.330999999999996,-0.13149999999999973,1.523,-637587392.0,1370262016.0,591563008.0,13381604352.0,,,,,,,,,,,0.0,,,,,0.885,96.06999969482422,42.04999923706055,67.58999633789062,72.01379,2.0,26.0,3.24,0.060900003,0.12251,0.88629997,False,False,,0.5,2118165.0,3135680.0,0.23,20.88,17.18,,,-21.3,0.578,69.5,20.93,,True,1.062245789957526,,1.0,US,True,True,,53.17079177239684,40.843023255813954,72.57395104638714,35.945974611139356,90.14844804318489,12.172774869109947,21.112929623567922,50.0,30.091185410334347,50.0,52.91788818444239,standard,214,211940600,False,,,,,,,,,3,SVAG,-8,UPPTREND,False,1,0.14285714285714285,LÅG,EJ AKTUELL,0.0
7014.T,"Namura Shipbuilding Co., Ltd.",Industrials,Aerospace & Defense,Japan,JPY,259453635030.0,-14.576212,,,-0.6637412000000004,1.6314248,1.004,-10.5595,0.0469500099999999,0.0295599980000001,0.0569550099999998,0.0752599975,-0.1109500049999999,0.136,0.671,0.674,-14.185,0.0660000000000001,1.741,-36500873216.0,121724002304.0,21482000384.0,159670714368.0,,,,,,,,,,1.61,0.1609,60.0,2.79,30.0,1790640000.0,0.012,6009.756206921408,1996.7174127833607,3735.0,5750.0,1.0,2.0,,,0.18179001,0.48379,False,False,,,1361180.0,1458570.0,0.96,,,,,,0.7159,30.2,,,True,0.1767094172600928,,0.838,Japan,True,,,59.59864750234342,,77.56072019725869,52.767173688041055,29.1497975708502,67.60471204188482,4.241435562805873,50.0,,50.0,59.025258292544784,standard,79,35410433,False,,,,,,,,,5,NEUTRAL,0,NEDTREND,True,3,0.4285714285714285,LÅG,EJ AKTUELL,0.0
AMKR,"Amkor Technology, Inc.",Technology,Semiconductor Equipment & Materials,United States,USD,17242011746.922485,6.754044999999998,6.059322,0.76,-4.629865500000001,2.4383752,2.411,-5.372999999999999,-0.1086600099999998,-0.02619,-0.0628600009999999,-0.1042499999999999,-0.354255,0.275,2.856,2.945,-32.14099999999999,0.4109999999999997,1.698,-1109590244.0,1848499968.0,1617483008.0,17046626304.0,,,,,,,,,,0.48,0.191,0.33,0.99,0.084,1780444800.0,2.306,79.2300033569336,17.58089519827977,69.55999755859375,75.5,2.2,8.0,1.43,0.122200005,0.49805,0.51129,False,False,,,4317722.0,4849820.0,0.74,-2.25,81.75,,,-3.35,0.7051,55.7,15.45,,False,0.3743826562184806,,1.0,US,True,,,15.694986139535647,69.054441260745,93.5473792891843,25.340060296410616,79.75708502024291,67.60471204188482,13.70309951060359,50.0,15.80547112462006,50.0,55.61329610821446,standard,139,337353467,False,,,,,,,,,3,SVAG,-8,UPPTREND,False,3,0.4285714285714285,LÅG,VÄNTA,0.0
2382.HK,Sunny Optical Technology (Group) Company Limited,Technology,Electronic Components,China,HKD,90015851518.12134,-3.595419,0.9528900000000012,1.1026,0.0751647000000002,2.0822964,1.708,-3.523,0.057350002,0.00043,-0.014245004,-0.06538,-0.1796099899999999,0.213,0.838,0.847,1.0870000000000033,0.126,1.273,-9938504704.0,23019640832.0,6244099072.0,73855975424.0,,,,,,,,,,1.44,0.115100004,1.21,0.75,1.206,1780617600.0,1.029,91.4000015258789,51.5,83.80000305175781,81.09749,1.83333,23.0,,,0.39202,0.32641998,False,False,,,14808574.0,27609006.0,0.44,,,,,,0.4335,79.2,,,True,1.235739899418182,,0.5,Asia,True,,,39.2109257493091,,71.2345654492549,55.24762533897666,47.233468286099864,67.60471204188482,7.177814029363784,50.0,,50.0,54.22186249544891,standard,175,296145253,False,,,,,,,,,4,NEUTRAL,0,UPPTREND,False,3,0.4285714285714285,LÅG,VÄNTA,0.0
S58.SI,SATS Ltd.,Industrials,Airports & Air Services,Singapore,SGD,5686837504.082701,3.8558470000000007,0.0,0.6952,-0.5219624000000002,0.8962,1.459,-7.609,-0.04927,0.0092949999999999,-0.348170003,-0.00389,0.09529998,0.089,0.235,0.241,50.08650000000001,-0.037,0.9,-162268736.0,752499968.0,4136100096.0,9256838144.0,,,,,,,,,,1.82,0.2926,0.07,3.67,0.05,1784678400.0,0.521,4.0,2.8721846536222984,3.849999904632568,4.42333,1.22222,9.0,,,0.0070499997,0.53153,False,False,,,6524941.0,8709400.0,0.78,,,,,,0.2611,93.5,,,True,1.1983231661230165,,0.5,Singapore,True,,,36.86907035939622,,56.74989022022601,60.6117959830144,92.03778677462888,67.60471204188482,29.526916802610113,50.0,,50.0,53.2412482585311,standard,206,24813080,False,,,,,,,,,3,SVAG,-8,UPPTREND,False,3,0.4285714285714285,LÅG,VÄNTA,0.0
3008.TW,"Largan Precision Co., Ltd.",Technology,Electronic Components,Taiwan,TWD,459755662455.0,1.7088070000000002,2.4309769999999995,4.4246,-0.0885644999999999,7.401955,5.331,-5.606,-0.002869998,0.0263299999999999,0.215824996,0.2232899999999999,0.11528001,0.066,-0.034,-0.05,-19.806999999999995,2.584,3.811,0.0,140231655424.0,156467008.0,331123163136.0,,,,,,,,,,2.28,0.5439,80.0,4.07,52.0,1773878400.0,0.881,3875.0,1976.9507957175929,3515.0,2896.8333,,18.0,,,0.28937998,0.34227002,False,False,,,1444722.0,1914565.0,1.74,,,,,,0.542,63.4,,,True,0.7215172351786712,,0.594,Asia,True,,,70.54056023127139,,43.17974861864818,52.293555501102674,23.88663967611336,67.60471204188482,44.37194127243067,50.0,,50.0,52.326416123262796,standard,231,208620575,False,,,,,,,,,6,NEUTRAL,0,UPPTREND,False,3,0.4285714285714285,LÅG,VÄNTA,0.0
IONQ,"IonQ, Inc.",Technology,Computer Hardware,United States,USD,26901565038.44705,151.57191500000002,-91.447793,,-3.0274333000000007,143.76791,133.137,-57.247,-0.0958599999999998,-0.1985300099999999,1.624269895,-4.18135,-0.1374149699999999,7.547,,,-66.931,12.453,13.123,-1153804120.0,2033469952.0,30443000.0,24912271360.0,,,,,,,,,,,0.0,,,,,3.052,84.63999938964844,25.88999938964844,72.06999969482422,67.63692,1.38462,13.0,1.89,0.1974,0.00748,0.55818003,False,False,,,29369060.0,33943530.0,0.76,26.76,86.51,,,-7.53,0.967,60.8,42.77,,True,1.0213729128679212,,0.649,US,True,,,28.32698512852637,61.60458452722063,73.59357355507649,33.79278564296869,71.7948717948718,12.172774869109947,18.270799347471453,50.0,5.167173252279635,50.0,51.387684542951746,standard,264,2446310197,False,,,,,,,,,3,SVAG,-8,UPPTREND,False,2,0.2857142857142857,LÅG,VÄNTA,0.0
FLRY3.SA,Fleury S.A.,Healthcare,Diagnostics & Research,Brazil,BRL,8333770901.9247055,-2.8623414999999994,2.4972907500000003,,0.0,0.98053277,1.369,-0.9029999999999987,-0.017224984999999957,-0.011394999000000006,-0.007590003000000012,-0.008342487499999995,-0.03267999999999999,0.024999999999999994,0.015,0.122,24.877500000000005,-0.003750000000000142,2.011,-1097674112.0,2150204928.0,5357033984.0,11635619840.0,,,,,,,,,,12.32,1.0424,1.89,5.14,0.899059,1764720000.0,0.319,18.100000381469727,11.528991332521437,15.329999923706055,17.5,2.36364,11.0,,,0.55372,0.67844003,False,False,,0.5,2678050.0,2091170.0,0.9229687846437619,-5.89,-9.29,8.03,,-0.1530386960985659,0.28899504904005324,38.36734773317348,-0.04582290956811608,-0.0032260879443841706,False,0.1740475434266476,,0.733,LatAm,True,True,,37.13140423308612,56.05741613690592,51.67887937381275,66.5978833489904,88.93387314439946,29.581151832460733,10.277324632952691,50.0,,50.0,51.270924214043156,standard,270,5770374,False,,,,,,,,,3,SVAG,-8,NEDTREND,True,1,0.14285714285714285,LÅG,EJ AKTUELL,0.0
8001.T,ITOCHU Corporation,Industrials,Conglomerates,Japan,JPY,13528976003753.0,-11.467335,-20.5380897,2.3237,-0.6765760000000001,0.9126963,1.22,0.0195000000000007,0.00707,-0.0167900019999999,-0.0180650019999999,-0.0757800024999999,-0.1710900049999998,0.041,-0.03,-0.043,36.377,-0.4719999999999998,0.866,477399384064.0,801460977664.0,4758068789248.0,18083878010880.0,,,,,,,,,,2.27,0.32810003,44.0,2.59,22.0,1790640000.0,0.539,2262.110620762493,1415.5348683254356,1935.5,2457.6924,1.69231,13.0,,,0.09472,0.40054,False,False,,,15674941.0,16227610.0,2.185501890248811,-0.23,-10.77,8.43,,-0.1443831339478888,0.2585137632184318,43.44827586206897,-0.0308812546348878,0.0311931362044539,False,0.2789155893153496,,0.271,Japan,True,,85.34792641838885,30.16470450253707,55.41280257982356,32.189905392585906,56.37225458754388,7.152496626180836,67.60471204188482,79.44535073409462,50.0,,50.0,50.618137170082356,standard,308,204155505,False,,,,,,,,,4,NEUTRAL,0,VARNING,False,2,0.2857142857142857,LÅG,VÄNTA,0.0
8002.T,Marubeni Corporation,Industrials,Conglomerates,Japan,JPY,8510732103984.0,-10.84768,-6.811807000000002,2.9168,-0.7786586,1.0296268,1.273,7.029499999999999,0.0029899999999999,-0.0280600019999999,-0.0130050039999999,-0.0899500025,-0.1953500049999998,0.011,0.449,0.434,23.576,-0.4149999999999998,0.647,170404626432.0,551271989248.0,2409977085952.0,10521893928960.0,,,,,,,,,,2.21,0.32569999,115.0,3.49,57.5,1790640000.0,0.7,6264.731023597445,2729.8932999882777,5196.0,6263.077,2.14286,13.0,,,0.10301,0.48423,False,False,,,5404885.0,4948640.0,1.6536949667334928,-12.47,-9.48,38.45,,-0.1705948778282485,0.3367369986078684,41.74107142857142,-0.088350190789141,0.133385753476722,False,0.1966448189301485,,0.587,Japan,True,,64.54150852139982,27.713482820873462,60.59821028163759,60.07650550530829,51.798436847679504,9.176788124156547,67.60471204188482,68.18923327895595,50.0,,50.0,50.5770387106733,standard,309,167135367,False,,,,,,,,,5,NEUTRAL,0,VARNING,False,2,0.2857142857142857,LÅG,VÄNTA,0.0
6594.T,Nidec Corporation,Industrials,Specialty Industrial Machinery,Japan,JPY,3200497059320.0,2.10000000002708e-05,-8.800273,1.1817,-0.9104997,1.223289,1.37,-0.9194999999999992,-0.0688999999999999,-0.0200199999999999,-0.0329449999999999,-0.0499800024999999,-0.1447000049999998,0.029,1.087,1.082,10.283,-0.1799999999999998,0.965,-7254622208.0,344454987776.0,712031993856.0,3584853803008.0,,,,,,,,,,1.92,0.1907,40.0,1.01,20.0,1774828800.0,1.009,3296.0,1797.0,2792.0,2622.111,2.22222,9.0,,,0.13307999,0.45598,False,False,,,7794208.0,7966300.0,0.9529815883060738,13.27,18.81,36.66,,-0.1529126213592233,0.5375952847597097,51.278928136419005,0.1687485348782693,0.1639043739167862,True,0.7714911286552021,,0.202,Japan,True,,,24.67949369528435,79.70015028430778,58.01357193577327,43.60915194835653,13.765182186234817,67.60471204188482,41.598694942903755,50.0,,50.0,50.54507153377528,standard,311,144572412,False,,,,,,,,,5,NEUTRAL,0,UPPTREND,False,3,0.4285714285714285,LÅG,VÄNTA,0.0
PAAS,Pan American Silver Corp.,Basic Materials,Gold,Canada,USD,23258520321.46454,-9.6536655,-6.545651749999998,7.02,0.09627659999999993,5.8146305,5.623,-2.555999999999999,0.09078999700000001,0.0587799995,0.206955,0.3270324955,0.10518996000000003,0.405,0.899,1.704,-45.623,1.009,2.065,479867104.0,1614000000.0,845000000.0,22490519552.0,,,,,,,,,,1.12,0.1703,0.62,1.88,0.18,1779148800.0,1.486,69.57894264347738,25.40988615906131,55.20000076293945,73.125,1.77778,8.0,0.7,,0.00065,0.61180997,False,False,,0.5,6070890.0,4004540.0,0.79,5.91,-10.75,,,-21.91,0.6201,29.1,-3.69,,False,0.39915661366540445,,0.776,US,True,True,,81.36714941147198,11.389684813753583,84.46555100518343,33.98372021295142,74.49392712550608,67.60471204188482,73.2463295269168,50.0,,50.0,50.34193235558134,commodity,323,221050611,False,,,,,,,,,5,NEUTRAL,0,VARNING,False,3,0.42857142857142855,LÅG,VÄNTA,0.0
TECHM.NS,Tech Mahindra Limited,Technology,Information Technology Services,India,INR,1314317748290.9875,-13.758166999999998,-10.380888000000002,1.86,-2.3925097,2.3133125,2.214,-19.142000000000003,-0.0312199999999999,0.0,-0.036869988,-0.0500899999999999,-0.0817000199999999,0.126,0.159,0.16,-7.734000000000002,0.3339999999999999,1.504,27357906944.0,84408999936.0,21862000640.0,1257657597952.0,,,,,,,,,,3.44,0.8304,51.0,2.32,36.0,1782950400.0,0.178,1854.0,1304.0999755859375,1483.9000244140625,1584.15,2.25,40.0,,,0.36967,0.45154998,False,False,,,2402923.0,3047211.0,1.824482722862417,1.65,2.98,-0.72,,-0.199622424803634,0.2530871928715078,52.89875610140136,0.0369947122649889,-0.00349701780671,True,0.8081640185352194,,0.098,India,True,,,32.645833996277815,60.9257376426246,48.81556385401279,76.7116146783846,17.813765182186234,67.60471204188482,73.89885807504079,50.0,,50.0,50.15000163153933,standard,335,54261078,False,,,,,,,,,5,NEUTRAL,0,NEDTREND,True,2,0.2857142857142857,LÅG,EJ AKTUELL,0.0
QTCOM.HE,Qt Group Oyj,Technology,Software - Application,Finland,EUR,744470298.7712173,-0.4489249999999991,3.608034499999999,,-1.7913464,3.4585798,2.902,-6.432499999999999,-0.0150299999999998,0.00862,0.052399994,0.18085,0.00842,0.126,-0.356,-0.349,11.902,-0.101,1.447,-829290264.0,40124000.0,143224000.0,627682432.0,,,,,,,,,,,0.0,,,,,1.385,63.95000076293945,18.040000915527344,29.31999969482422,28.5,,3.0,,,0.30773002,0.4064,False,False,,,209072.0,183367.0,0.7223129551063331,57.8,20.16,-6.21,,-0.5415168202497371,0.5048132112601565,85.78869015941406,0.3942915689258504,-0.0764292670889844,True,0.879275879147539,,0.163,Nordic,True,,,57.04214629752706,60.159082272956006,25.277017731487334,39.80265214408912,98.78542510121457,12.172774869109947,,50.0,,50.0,50.07824202499307,standard,337,5806426,False,,,,,,,,,4,NEUTRAL,0,NEDTREND,True,1,0.1428571428571428,LÅG,EJ AKTUELL,0.0
6963.T,"ROHM Co., Ltd.",Technology,Semiconductors,Japan,JPY,2106979406602.0,,39.286715,8.67,0.0497785999999998,4.379067,4.309,14.9725,,,-0.408065,-0.1110900024999999,-0.0989500049999999,,,,22.913000000000004,2.0,2.629,,434193006592.0,399999991808.0,2073077219328.0,,,,,,,,,,0.92,2.2183,50.0,2.12,25.0,1774828800.0,0.657,5550.0,1501.707378372569,5458.0,3280.0,2.9,10.0,,,0.16138001,0.44935,False,False,,,5814720.0,5533510.0,1.01,47.41,92.25,,,-2.12,0.5653,77.6,38.49,,True,0.981501456978028,,0.713,Japan,True,,,17.903733693207375,71.70487106017191,58.83507853403142,59.38490841409655,15.24966261808367,29.581151832460733,,50.0,,50.0,49.84934066082201,standard,352,196312334,False,,,,,,,,,3,SVAG,-8,UPPTREND,False,2,0.2857142857142857,LÅG,VÄNTA,0.0
6479.T,MINEBEA MITSUMI Inc.,Technology,Electronic Components,Japan,JPY,1832078757678.0,-8.110918000000002,-2.288990000000002,1.07,-0.6915699000000001,1.100753,1.261,-3.5265000000000004,-0.01288,-0.006090002,-0.0193050019999999,0.0258800074999999,-0.1623800149999999,0.153,2.142,2.142,23.146,-0.0799999999999999,0.97,-97354997760.0,227522002944.0,482491006976.0,2099107725312.0,,,,,,,,,,1.32,0.2028,60.0,1.51,30.0,1790640000.0,0.941,4617.0,1861.3820131373789,4562.0,3696.0,1.73333,15.0,,,0.062319998,0.60813,False,False,,,2431498.0,2727570.0,0.89,,,,,,0.461,76.7,,,True,0.9427720790907343,,0.34,Japan,True,,,37.076444241596064,,70.00941851989255,46.144260707413025,16.194331983805668,67.60471204188482,18.107667210440457,50.0,,50.0,49.40325425990439,standard,374,80880633,False,,,,,,,,,4,NEUTRAL,0,UPPTREND,False,3,0.4285714285714285,LÅG,VÄNTA,0.0
2317.TW,"Hon Hai Precision Industry Co., Ltd.",Technology,Electronic Components,Taiwan,TWD,4046554857458.0,0.8884499999999993,-2.053048999999999,1.2817,-0.3531426,0.47171867,0.467,-5.587,0.0008799979999999,-0.0014299999999999,-0.098575004,-0.11494,-0.31497999,0.289,0.181,0.186,46.729,0.011,1.002,27957302272.0,1578088923136.0,1324930564096.0,4009132032000.0,,,,,,,,,,2.01,0.4328,5.8,3.81,5.799984,1751414400.0,0.721,289.0,145.7081769099001,289.0,312.77777,1.55,18.0,,,0.1311,0.28958,False,False,,,76248400.0,90021361.0,0.9,15.58,30.8,,,-5.18,0.3906,72.4,26.24,,True,1.2627025381423658,,0.698,Asia,True,,,25.399921143701214,60.24355300859599,66.69649401806987,50.28801114454613,12.415654520917679,67.60471204188482,53.67047308319739,50.0,,50.0,49.35239347171922,standard,376,806501373,False,,,,,,,,,5,NEUTRAL,0,UPPTREND,False,3,0.4285714285714285,LÅG,VÄNTA,0.0
CHKP,Check Point Software Technologies Ltd.,Technology,Software - Infrastructure,Israel,USD,14048955652.817673,-19.3289325,-10.485005999999998,1.2942,-3.408231000000001,5.097589,4.842,-4.356,0.17152,0.00767,0.2591999950000001,0.11313,0.37811501,0.048,0.058,0.004,2.5829999999999984,0.2539999999999999,1.754,-332156256.0,2768800000.0,1973500032.0,13344435200.0,,,,,,,,,,,0.0,,,,,0.428,233.77999877929688,112.2300033569336,135.0500030517578,144.32259,2.23684,31.0,1.92,0.048499998,0.23913,0.78522,False,False,,,1432471.0,1569530.0,1.07,21.43,-12.93,,,-29.94,0.44,80.8,4.22,,True,0.9057551049764704,,1.0,US,True,,,79.37831627558246,6.948424068767908,58.38617102911477,65.76181144550998,81.64642375168691,12.172774869109947,25.774877650897228,50.0,40.577507598784194,50.0,49.214788701355396,standard,384,211965031,False,,,,,,,,,6,NEUTRAL,0,NEDTREND,True,2,0.2857142857142857,LÅG,EJ AKTUELL,0.0
NOKIA.HE,Nokia Oyj,Technology,Communication Equipment,Finland,EUR,70228279445.26645,60.97291100000001,11.6317575,1.3984,-2.0632647,3.4869897,3.373,8.9065,-0.1416400029999999,-0.041659999,-0.0547599979999999,-0.0801399999999998,0.0,0.024,,,-40.825,0.0,1.288,724374976.0,5830000128.0,3324999936.0,67439972352.0,,,,,,,,,,1.11,1.0,0.14,2.45,0.04,1777248000.0,0.765,14.225000381469728,3.365849256515503,12.579999923706056,9.37455,2.56522,22.0,,,0.06509,0.39359,False,False,,,18291358.0,13868564.0,0.5,18.91,92.7,,,-8.14,0.5227,60.6,33.39,,True,0.6617052328157493,,0.716,Nordic,True,,56.53401591972916,23.01821968419295,60.95988538681948,53.913594233504924,42.217356003613396,53.57624831309041,67.60471204188482,60.1957585644372,50.0,,50.0,49.10701287585492,standard,390,188423857,False,,,,,,,,,4,NEUTRAL,0,UPPTREND,False,2,0.2857142857142857,LÅG,VÄNTA,0.0
CRM,"Salesforce, Inc.",Technology,Software - Application,United States,USD,156510904998.7793,-11.104910000000004,-9.963799,0.9313,-3.860751500000001,3.654321,4.371,-5.116999999999999,-0.0396399999999999,-0.0131900000000001,0.0627899950000001,0.0542,0.27792497,0.133,0.522,0.367,56.74100000000001,-0.813,0.615,15490556192.0,11836999680.0,42547998720.0,187221901312.0,,,,,,,,,,0.92,0.19559999,1.76,,0.44,1775692800.0,1.139,275.1853299694128,163.52000427246094,191.1000061035156,255.54654,1.62264,52.0,5.01,0.088599995,0.029849999,0.94214,False,False,,,13634031.0,16787530.0,1.4,14.0,7.16,,,-21.09,0.4466,72.6,15.79,,True,0.9778850700042876,,1.0,US,True,,,51.8091035081355,34.02578796561605,80.58432969030436,28.420022831751574,36.30229419703104,67.60471204188482,96.90048939641109,50.0,22.492401215805472,50.0,49.06134316549331,standard,393,3208097085,False,,,,,,,,,6,NEUTRAL,0,NEDTREND,True,3,0.4285714285714285,LÅG,EJ AKTUELL,0.0
STMPA.PA,STMicroelectronics N.V.,Technology,Semiconductors,Netherlands,EUR,52394414641.59611,394.2627075,8.138608,0.7104,-1.4029170000000004,4.232866,4.121,3.9730000000000016,-0.1581099999999999,-0.0433600009999999,-0.0868100009999999,-0.1129050029999999,-0.0681299899999999,0.23,-0.333,-0.339,-43.421,1.989,2.223,-836000000.0,4570999808.0,2783000064.0,51009413120.0,,,,,,,,,,0.53,2.25,0.31,0.81,0.09,1782086400.0,1.513,61.630001068115234,18.06617474464244,58.95000076293945,50.90115,2.04762,21.0,,,0.27526,0.32657,False,False,,,3444570.0,3580592.0,2.8196556495959584,31.82,104.98,203.18,166.8,-0.043485319791148,0.4809232071748497,66.77657970396874,0.4132456357216814,1.0938112874768988,True,0.8193460293426683,,0.163,Europe,True,,42.30877060670399,18.3439410511284,95.89113192815873,28.657030452322648,40.781561440530744,58.83940620782726,29.581151832460733,30.505709624796083,50.0,,50.0,49.059816757398956,standard,394,227961973,False,,,,,,,,,4,NEUTRAL,0,UPPTREND,False,1,0.1428571428571428,LÅG,VÄNTA,0.0
STN.TO,Stantec Inc.,Industrials,Engineering & Construction,Canada,CAD,11882358660.287094,-9.481154999999998,-6.719283000000001,1.39,-1.13813695,1.7905636,2.127,-3.5540000000000003,-0.00461,-0.0016049999999999,-0.028199994,-0.038265005,0.1549549899999999,0.091,0.105,0.107,19.607499999999995,-0.0199999999999999,1.29,114396224.0,357700000.0,2588000000.0,14112658432.0,,,,,,,,,,0.9,0.21450001,0.94,0.85,0.245,1782777600.0,0.721,159.44182683388075,99.66999816894533,104.16999816894533,148.54546,1.63636,11.0,6.49,,0.00071999995,0.80129,False,False,,,410787.0,623720.0,1.705703654437274,-14.97,-17.35,-22.63,,-0.3466582750743445,0.2748645197050377,28.93080803170757,-0.1156428469213823,-0.224952784232512,False,0.2933356189449725,,0.683,Canada,True,,,42.82310338024404,31.571343966204854,56.73683159462694,61.978677732662355,84.61538461538461,67.60471204188482,54.97553017944535,50.0,,50.0,49.0068964549411,standard,396,47430225,False,,,,,,,,,3,SVAG,-8,NEDTREND,True,1,0.1428571428571428,LÅG,EJ AKTUELL,0.0
8015.T,Toyota Tsusho Corporation,Industrials,Conglomerates,Japan,JPY,7316528622480.0,-6.832787,-3.832449,1.38,-0.4123663000000002,0.6328118,0.704,-4.3775,0.0,-0.0001200019999998,-0.0467549999999998,-0.0750100024999999,-0.2290700049999999,0.195,-0.013,-0.013,35.881,-0.1919999999999997,1.036,114282758144.0,1485702037504.0,2168735006720.0,8143189311488.0,,,,,,,,,,1.82,0.3419,126.0,2.95,63.0,1790640000.0,0.798,7559.0,2871.244403749285,6930.0,7698.75,1.625,8.0,,,0.34899,0.35083,False,False,,,2711530.0,2887660.0,2.436285530516266,13.16,0.45,48.21,,-0.0832120650879746,0.3714970822004288,48.45569620253165,0.0650665613695129,0.3005596246446831,False,0.5053546645693496,,0.5,Japan,True,,,30.09815124104722,74.32894119741333,45.81490701006297,48.656945422723695,9.986504723346828,67.60471204188482,65.25285481239804,50.0,,50.0,48.988449957623665,standard,400,130074645,False,,,,,,,,,5,NEUTRAL,0,UPPTREND,False,2,0.2857142857142857,LÅG,VÄNTA,0.0
RENT3.SA,Localiza Rent a Car S.A.,Industrials,Rental & Leasing Services,Brazil,BRL,44328764885.25523,2.1050739999999983,-5.351914000000001,0.58,-1.2469766,1.0479499,1.822,0.1105,-0.1065099999999999,-0.0065599999999999,-0.0254900000000001,0.0111999999999998,-0.0806599999999999,0.212,0.394,0.449,58.2805,-0.3189999999999999,0.931,6030320256.0,9664792576.0,43697315840.0,80050249728.0,,,,,,,,,,4.97,0.9949,2.09,2.79,0.522119,1774828800.0,0.27,53.34999847412109,31.53084182739257,42.02000045776367,59.06,1.6,15.0,,,0.17875,0.82526,False,False,,,9758911.0,8475330.0,0.85,-15.13,-18.76,,,-22.56,0.4395,35.8,-12.7,,False,0.191300663290483,,0.217,LatAm,True,,96.8813685064802,32.90600250388447,5.873925501432665,60.429929960093865,48.56165635008947,62.34817813765182,67.60471204188482,95.92169657422512,50.0,,50.0,48.71477819501454,standard,417,64104007,False,,,,,,,,,5,NEUTRAL,0,NEDTREND,True,2,0.2857142857142857,LÅG,EJ AKTUELL,0.0
S,"SentinelOne, Inc.",Technology,Software - Infrastructure,United States,USD,5547256117.976692,,11.145357,,-4.542871600000001,5.388022,4.783,-38.969,-0.42228001,-0.1496499999999999,-0.4283900049999999,-0.4518299999999999,0.23395505,0.208,,,,-0.162,1.246,-794049488.0,656787008.0,0.0,5016614400.0,,,,,,,,,,,0.0,,,,,0.785,21.39999961853028,11.8100004196167,16.549999237060547,19.33333,1.81081,33.0,3.34,0.069,0.0063899998,0.84556997,False,False,,,8668138.0,12317560.0,3.14551270851788,12.59,26.14,1.97,,-0.2266355358843141,0.4678833617632491,49.67319507754371,0.1092938879000682,0.0590779429235646,False,0.4366811091470199,,0.163,US,True,,,17.939120937135286,72.10137857609898,45.3021653687653,39.766616561885506,92.3076923076923,12.172774869109947,6.525285481239804,50.0,27.659574468085108,50.0,48.43413219956638,standard,435,203855609,False,,,,,,,,,1,SVAG,-8,UPPTREND,False,0,0.0,LÅG,VÄNTA,0.0
6367.T,"Daikin Industries,Ltd.",Industrials,Building Products & Equipment,Japan,JPY,6818816935420.0,-1.7817439999999998,-0.0140780000000009,2.9119,-0.6344434000000001,1.3596746,1.404,-5.374499999999999,-0.03941,0.0030899980000001,-0.0239249999999999,-0.0421100024999998,0.0070300249999999,0.164,0.023,0.023,3.1889999999999983,0.144,1.137,60746252288.0,933483970560.0,1094585024512.0,7041801781248.0,,,,,,,,,,1.55,0.36200002,360.0,1.17,180.0,1790640000.0,0.589,25900.0,15666.866979389928,23285.0,23905.998,2.17647,16.0,,,0.04559,0.58824,False,False,,,1310336.0,1062340.0,1.0,-4.25,23.0,,,-7.89,0.4206,38.4,8.04,,False,0.3537910338422551,,0.666,Japan,True,,,37.69654811249478,52.93696275071633,53.32846527791253,63.175810754317396,10.39136302294197,67.60471204188482,56.443719412724306,50.0,,50.0,48.26891221363431,standard,444,160787815,False,,,,,,,,,5,NEUTRAL,0,UPPTREND,False,3,0.4285714285714285,LÅG,VÄNTA,0.0
INFY.NS,Infosys Limited,Technology,Information Technology Services,India,INR,4698985685883.025,-26.142389,-13.605787,2.1314,-2.181235,233.10774,232.93,1027.3270000000002,0.1170900000000001,0.055680004,0.0427999959999999,0.0209399999999999,-0.14272002,0.066,0.118,0.132,-5.176000000000002,0.41,1.716,-17595218688.0,3705999872.0,967000000.0,4695408508928.0,,,,,,,,,,4.31,0.6465,50.0,2.4,25.0,1780963200.0,0.127,1728.0,1089.0,1160.9000244140625,1460.95,1.9,40.0,,,0.16356,0.55056,False,False,,,13755716.0,18615155.0,4.966964642308714,-1.77,-8.98,-24.15,,-0.3281828562418619,0.2546450358606417,46.372245647910525,-0.0497262479944549,-0.1882569908064704,True,0.5011278120807425,,0.901,India,True,,27.859587497028368,60.97353919615671,34.81786158096353,62.416077229262115,77.7437365975806,11.740890688259109,67.60471204188482,39.31484502446982,50.0,,50.0,48.098434494743444,standard,456,259324007,False,,,,,,,,,4,NEUTRAL,0,NEDTREND,True,3,0.4285714285714285,LÅG,EJ AKTUELL,0.0
2347.TW,Synnex Technology International Corporation,Technology,Electronics & Computer Distribution,Taiwan,TWD,143276647096.2851,-3.7531810000000014,-6.198963999999999,0.95,-0.8075091000000001,0.32116666,0.435,0.0,0.0117200019999999,-0.0066300019999999,-0.100045004,-0.123069999,-0.33413999,0.383,0.616,0.617,84.53399999999999,-0.119,0.814,-31451825152.0,37798125568.0,85392302080.0,194047803392.0,,,,,,,,,,4.89,0.7874,4.2,5.85,4.2,1783900800.0,0.156,88.19999694824219,54.59999847412109,85.9000015258789,102.5,,2.0,,,0.25415,0.21454,False,False,,,5629214.0,4276722.0,1.79,,,,,,0.3028,87.2,,,True,0.8526946110700622,,0.396,Asia,True,,,24.724576041322884,,66.92627226455554,56.41043625716979,37.7867746288799,67.60471204188482,5.872756933115824,50.0,,50.0,48.09604643248569,standard,457,11388483,False,,,,,,,,,3,SVAG,-8,UPPTREND,False,3,0.4285714285714285,LÅG,VÄNTA,0.0
SMCI,"Super Micro Computer, Inc.",Technology,Computer Hardware,United States,USD,27719377927.149178,-8.96507,-7.996402,0.91,-4.773605500000001,0.8225285,1.055,2.8930000000000007,-0.0299499999999999,-0.0149800000000001,-0.0875300049999999,-0.1026999979999999,-0.41457499,1.227,3.26,3.444,53.257000000000005,1.0559999999999998,1.2,-8510827232.0,1305032960.0,9151156224.0,35565662208.0,,,,,,,,,,,0.0,,,,,1.684,62.36000061035156,19.479999542236328,46.09000015258789,37.125,2.83333,16.0,2.2,0.18049999,0.13838,0.58496,False,False,,,40180131.0,42936560.0,1.0,70.39,47.08,,,-5.48,0.912,79.8,57.54,,True,1.178729003641591,,0.675,US,True,,26.14401534589751,17.995279835304892,61.67621776504298,85.58959934952402,34.5646734842579,71.12010796221323,12.172774869109947,3.7520391517128875,50.0,6.990881458966565,50.0,48.08236338988067,standard,459,1978946057,False,,,,,,,,,4,NEUTRAL,0,UPPTREND,False,2,0.2857142857142857,LÅG,EJ AKTUELL,0.0
DSG.TO,The Descartes Systems Group Inc.,Technology,Software - Application,Canada,CAD,8742215543.420067,5.670904000000002,0.8833579999999976,1.5251,-0.7015242499999998,11.992197,11.528,9.368,-0.0483799999999999,0.0098749999999999,0.1225999999999998,0.164624995,0.38335499,0.151,0.21,0.22,-56.54750000000001,0.794,2.006,-388529760.0,356526016.0,8363000.0,8403948544.0,,,,,,,,,,,0.0,,,,,0.178,159.58999633789062,85.26000213623047,101.73999786376952,129.84131,1.57143,1.0,4.98,,0.00061,0.92741996,False,False,,,321782.0,311860.0,0.84,4.0,5.1,,,-22.33,0.4599,64.9,4.7,,True,0.8511372309915763,,0.0,Canada,True,,26.773098772820056,65.64339799731671,31.44699140401146,51.63022455537644,64.42118005902854,88.12415654520917,12.172774869109947,18.43393148450245,50.0,,50.0,48.052213162410105,standard,462,23161904,False,,,,,,,,,5,NEUTRAL,0,NEDTREND,True,2,0.2857142857142857,LÅG,EJ AKTUELL,0.0
AKAM,"Akamai Technologies, Inc.",Technology,Software - Infrastructure,United States,USD,21740939366.44139,17.297302,-1.4847239999999982,1.7714,-3.998445400000001,5.095557,6.253,3.6240000000000014,-0.117039995,-0.03629,-0.0225400049999998,-0.0576899999999999,0.08432501,0.058,-0.134,-0.137,51.99300000000001,0.4579999999999999,1.749,-361720352.0,930444992.0,5867704832.0,26678200320.0,,,,,,,,,,,0.0,,,,,0.454,165.4499969482422,69.77999877929688,149.5399932861328,157.89261,2.08,23.0,3.12,0.1468,0.02113,1.10873,False,False,,,5604214.0,6525170.0,0.6,48.27,50.87,,,-4.42,0.6817,50.9,28.5,,False,0.6428337339460132,,0.938,US,True,,44.473919352062104,29.446809426267397,64.14756446991404,46.98318077712894,50.73067450460597,76.24831309041835,12.172774869109947,32.95269168026101,50.0,10.94224924012158,50.0,48.042962583888595,standard,463,975773878,False,,,,,,,,,2,SVAG,-8,UPPTREND,False,1,0.1428571428571428,LÅG,EJ AKTUELL,0.0
BEIJ-B.ST,Beijer Ref AB (publ),Industrials,Industrial Distribution,Sweden,SEK,61641523254.54495,-0.2021659999999983,3.0367004999999985,4.88,-2.518008,1.776751,2.066,2.3405000000000005,-0.0751899999999999,-0.023129997,-0.0312499999999999,-0.0531699999999999,-0.1316999999999999,-0.039,0.0,-0.002,1.5960000000000036,-0.0640000000000001,0.656,1186750016.0,2867000064.0,13376000000.0,75845738496.0,,,,,,,,,,1.17,0.305,1.5,0.73,0.75,1792972800.0,1.011,172.58928858341616,121.27993907601434,128.6999969482422,161.77779,1.66667,9.0,,,0.0013600001,0.73032,False,False,,,1026162.0,1966630.0,7.890557341624413,0.31,-5.33,-11.42,,-0.2542990471506655,0.2604939874255192,57.74646979242669,-0.0231811163746827,-0.1019697656268574,True,0.5653284657050939,,0.503,Nordic,True,,71.62017264134703,24.238375439020775,45.66263740401831,34.258147887425224,62.269061327443694,55.60053981106613,67.60471204188482,67.21044045676999,50.0,,50.0,48.018383107467116,standard,466,24045001,False,,,,,,,,,3,SVAG,-8,NEDTREND,True,2,0.2857142857142857,LÅG,EJ AKTUELL,0.0
8058.T,Mitsubishi Corporation,Industrials,Conglomerates,Japan,JPY,18545490768615.0,-2.440815000000001,0.3586619999999989,1.8638,-0.7650958000000001,0.9804132,1.269,13.8405,-0.0421800099999999,-0.0328600009999999,-0.0364849999999999,-0.1039400024999998,-0.2509300049999999,0.12,0.683,0.561,33.673,-0.3769999999999999,0.839,-27868000256.0,1858730983424.0,6507851153408.0,24004618354688.0,,,,,,,,,,2.47,0.5244,125.0,3.14,63.0,1790640000.0,0.497,6012.0,2696.4303117722475,5065.0,5206.4814,2.42857,14.0,,,0.12845999,0.3575,False,False,,,12727515.0,13244680.0,1.601436690558031,2.32,-0.35,42.21,,-0.1575182967398536,0.319110258040753,44.08602150537634,-0.0436534856038425,0.2150076059556718,False,0.2402104899273522,,0.578,Japan,True,,39.74948150212727,19.98384112607522,70.22145539568592,69.64245261507858,54.615428763645426,6.612685560053981,67.60471204188482,41.92495921696574,50.0,,50.0,47.74544256536416,standard,481,436047977,False,,,,,,,,,5,NEUTRAL,0,VARNING,False,2,0.2857142857142857,LÅG,VÄNTA,0.0
SWEC-B.ST,Sweco AB (publ),Industrials,Engineering & Construction,Sweden,SEK,45083124633.2422,-3.5878215000000004,0.0,4.61,0.0,1.5486389,1.66,-4.1240000000000006,0.01805499499999999,0.020020003499999998,0.002929996000000004,0.002039984999999994,-0.08856002000000002,-0.027999999999999997,-0.156,-0.082,-11.326,-0.45999999999999996,0.044,1910282368.0,553000000.0,6150000128.0,52866232320.0,,,,,,,,,,2.82,0.5491,3.7,2.05,3.7,1776902400.0,0.876,175.3201393383192,122.0,136.6999969482422,182.0,,5.0,,,0.09834,0.75422996,False,False,,0.5,379694.0,447840.0,0.2953895975725216,8.32,-3.05,-10.99,,-0.22028354834666686,0.27159762321504044,74.50201419312363,0.02880287600875553,-0.06338191511032032,True,0.892071459183753,,0.541,Nordic,True,True,,48.78162502769214,48.59968573805342,28.94614752680049,46.33092806001846,62.2132253711201,67.60471204188482,87.92822185970635,50.0,,50.0,47.47144914275219,standard,494,5815874,False,,,,,,,,,5,NEUTRAL,0,NEDTREND,True,1,0.14285714285714285,LÅG,EJ AKTUELL,0.0
DHL.DE,Deutsche Post AG,Industrials,Integrated Freight & Logistics,Germany,EUR,57305254690.71483,-10.2391525,-7.1839770000000005,2.6381,-2.4074417,0.69005895,0.949,-6.439999999999999,-0.01154001,-0.0115900009999999,-0.0562199999999999,-0.0771349999999999,-0.2324499999999999,-0.019,0.072,0.033,63.08599999999999,-0.229,0.904,4718499872.0,7793999872.0,29056000000.0,78830231552.0,,,,,,,,,,3.71,0.5987,1.9,4.23,1.9,1778025600.0,1.15,51.7599983215332,35.61457732798433,51.5,49.75,2.75,18.0,,,0.17733999,0.41382998,False,False,,,2377428.0,1697210.0,0.59,10.52,18.85,,,-1.25,0.301,82.4,11.18,,True,0.9127119446397256,,0.805,Europe,True,,,25.09986777477647,63.180515759312314,47.10500494679461,41.479062743820066,56.68016194331984,67.60471204188482,93.4747145187602,50.0,,50.0,47.14798697120168,standard,507,94398820,False,,,,,,,,,6,NEUTRAL,0,UPPTREND,False,2,0.2857142857142857,LÅG,VÄNTA,0.0
8053.T,Sumitomo Corporation,Industrials,Conglomerates,Japan,JPY,8484122691216.0,-12.350512,-7.513994,0.9,-0.9003117000000002,1.1563067,1.672,4.032499999999999,0.0031499999999998,-0.0246200019999999,0.003015,-0.0615999994999999,-0.1326800049999999,-0.009,0.338,0.32,69.58299999999998,-0.4129999999999998,0.718,321564868608.0,1032960999424.0,4706642952192.0,12264403894272.0,,,,,,,,,,0.56,0.3008,40.0,4.1,20.0,1790640000.0,0.568,7775.0,3454.46209557664,7099.0,7785.0,1.75,12.0,,,0.12887,0.40283,False,False,,,4092525.0,3686330.0,0.68,-8.45,8.53,,,-12.0,0.4577,25.2,4.57,,False,0.4918779558198332,,0.443,Japan,True,,76.18738062252535,32.2533551051877,40.04297994269341,48.919338915291036,40.97063064506065,9.31174089068826,67.60471204188482,79.11908646003263,50.0,,50.0,47.09050841672942,standard,510,170100168,False,,,,,,,,,5,NEUTRAL,0,UPPTREND,False,3,0.4285714285714285,LÅG,VÄNTA,0.0
4911.T,"Shiseido Company, Limited",Consumer Defensive,Household & Personal Products,Japan,JPY,1122948532128.5,,-0.8593630000000019,4.11,-0.8788004,1.153269,1.434,1.721499999999999,-0.18786,-0.0323900019999999,-0.115775,-0.0683400024999999,0.4296899950000001,0.016,1.269,1.271,25.65300000000001,-0.517,0.658,0.0,91786002432.0,346880016384.0,1396652507136.0,,,,,,,,,,2.13,12.0482,60.0,1.14,30.0,1782691200.0,0.523,3535.0,2116.8607033040685,2810.5,3258.353,2.35294,17.0,,,0.00211,0.61085,False,False,,,3213815.0,5140210.0,1.9003612037789488,-10.86,-12.01,20.44,,-0.2049504950495049,0.4322529651898909,25.44540886249429,-0.0968220863233059,0.0387106176219407,False,0.3358751349174644,,0.56,Japan,True,,57.140760900751715,30.628432878045793,54.483367737827486,67.23913316078153,48.69721669757939,18.89338731443995,29.581151832460733,44.37194127243067,50.0,,50.0,46.747073564907886,standard,525,93902641,False,,,,,,,,,5,NEUTRAL,0,VARNING,False,2,0.2857142857142857,LÅG,VÄNTA,0.0
ERIC-A.ST,Telefonaktiebolaget LM Ericsson (publ),Technology,Communication Equipment,Sweden,SEK,31358367562.215862,-12.352783999999998,,1.93,-1.4629194,1.7237499,1.629,-7.187499999999998,0.0911799999999999,0.0,0.014380008,-0.0254000039999999,0.0268900200000001,-0.103,-0.785,-0.786,-18.358,-0.446,0.908,28613375040.0,63089999872.0,39289999360.0,376256495616.0,,,,,,,,,,2.5,0.38729998,3.0,3.36,1.5,1790553600.0,0.49,127.5999984741211,67.8315200805664,119.8000030517578,,,,,,0.32875,0.5736,False,False,,,35854.0,35123.0,2.25,12.77,20.69,,,-1.72,0.3108,63.2,11.22,,False,0.5982266598359479,,0.5,Nordic,True,,,52.05760631432266,62.7865329512894,11.122614801725502,51.40749938130957,68.9608636977058,67.60471204188482,96.24796084828712,50.0,,50.0,46.598292542492786,standard,526,399735,False,,,,,,,,,5,NEUTRAL,0,UPPTREND,False,3,0.4285714285714285,LÅG,VÄNTA,0.0
EMR,Emerson Electric Co.,Industrials,Specialty Industrial Machinery,United States,USD,80553586102.29492,0.1459449999999975,-2.2075049999999994,1.8382,-4.464855000000001,4.39799,5.069,-3.834,-0.0854399999999998,-0.00344,0.008999995,0.0786399999999999,0.0281849699999999,0.029,0.279,0.274,1.6410000000000051,-0.7310000000000001,0.588,2209806368.0,1791000064.0,14056999936.0,92835586048.0,,,,,,,,,,1.54,0.50119996,2.22,2.02,0.555,1778803200.0,1.255,163.855572986617,115.28471780673472,143.82000732421875,163.72444,1.96429,27.0,4.58,0.0241,0.00227,0.85064006,False,False,,,2985928.0,3091220.0,0.54,3.47,-2.97,,,-11.7,0.3525,55.1,3.26,,True,0.867185404542753,,0.842,US,True,,,44.74455226320911,27.793696275071632,64.60336998785681,43.58349384145763,50.742240215924426,67.60471204188482,76.6721044045677,50.0,65.65349544072949,50.0,46.48249665306622,standard,535,444579283,False,,,,,,,,,4,NEUTRAL,0,UPPTREND,False,2,0.2857142857142857,LÅG,VÄNTA,0.0
TOTS3.SA,TOTVS S.A.,Technology,Software - Application,Brazil,BRL,19167805767.65612,4.302152,0.7035990000000005,0.85,0.8103390000000001,3.1512516,3.773,8.105500000000001,-0.0226699999999999,-0.0022699999999998,0.0754199999999999,0.0188699999999999,0.40791,0.224,0.173,0.176,-16.148500000000006,0.07,0.975,-3952320352.0,1432828032.0,4862867968.0,22946977792.0,,,,,,,,,,1.97,0.4415,0.65,1.15,0.18,1774483200.0,0.388,47.97710725180929,30.290000915527344,33.06999969482422,52.0,1.5,12.0,,,0.08631,0.75149,False,False,,,6827724.0,17033510.0,8.776395828204622,5.99,-12.89,-22.92,,-0.3107129297884649,0.3314474216839055,47.64512456259466,-0.0097560577543223,-0.1750711093373694,True,0.6192748232980199,,0.494,LatAm,True,,19.182925229737595,56.56048978186626,33.409844820326384,56.57285553362672,61.80817305289285,77.86774628879893,67.60471204188482,5.383360522022838,50.0,,50.0,46.37475618621342,standard,538,101393671,False,,,,,,,,,5,NEUTRAL,0,NEDTREND,True,3,0.4285714285714285,LÅG,EJ AKTUELL,0.0
AA,Alcoa Corporation,Basic Materials,Aluminum,United States,USD,22111332867.848396,-5.5823005000000006,-4.235834749999998,8.36,0.17221529999999996,1.7472409,1.847,-0.3309999999999995,0.03709999699999999,-0.0049400005,-0.027835004000000003,-0.014537494500000019,-0.28952,-0.13999999999999999,-0.644,-0.224,-20.093000000000004,-0.34699999999999986,0.72,267117024.0,1352999936.0,2551000064.0,23374331904.0,,,,,,,,,,0.48,0.1026,0.4,,0.1,1779148800.0,1.514,84.37999725341797,25.698784994971057,83.79000091552734,75.63846,1.78571,13.0,1.35,0.0225,0.00545,0.84233004,False,False,,0.5,5347649.0,4537840.0,1.5278546409311853,34.0,31.68,101.39,,-0.006992135068678573,0.5255744774405969,76.32354595872908,0.24749091708962134,0.62809990271814,True,1.092924788237132,,0.838,US,True,True,,36.256330854602865,92.42964195362754,23.38701882996563,19.98563906758781,75.97840755735493,67.60471204188482,61.337683523654164,50.0,69.90881458966565,50.0,46.22529553133175,commodity,546,380225618,False,,,,,,,,,3,SVAG,-8,UPPTREND,False,2,0.2857142857142857,LÅG,EJ AKTUELL,0.0
6728.T,"ULVAC, Inc.",Industrials,Specialty Industrial Machinery,Japan,JPY,467347700160.0,10.857193000000002,-9.032802,0.36,-0.6942800000000002,1.8320968,1.648,-2.115500000000001,-0.07117,-0.0112000019999999,-0.0290549999999999,-0.0290499925,-0.035100005,0.282,0.082,0.08,-11.03,0.6870000000000002,1.676,-51413623808.0,98984001536.0,44522000384.0,420270211072.0,,,,,,,,,,1.6,0.6473,152.0,1.99,152.0,1782691200.0,1.373,11420.0,4724.988966543309,9504.0,10662.5,1.44444,8.0,,,0.0034599998,0.71309996,False,False,,,413020.0,628560.0,1.2640484803719962,-2.75,-10.3,46.17,,-0.1677758318739054,0.4306165091120852,35.684647302904565,-0.0049084482267601,0.210188811865555,False,0.345279059784066,,0.0,Japan,True,,,31.230080677691394,61.339276238989704,47.585378854623755,40.141817255306414,23.751686909581647,67.60471204188482,7.6672104404567705,50.0,,50.0,46.19810518522579,standard,547,38829923,False,,,,,,,,,2,SVAG,-8,VARNING,False,1,0.1428571428571428,LÅG,VÄNTA,0.0
ERIC-B.ST,Telefonaktiebolaget LM Ericsson (publ),Technology,Communication Equipment,Sweden,SEK,367725700623.3192,-12.312997,-1.3948675,1.93,-1.453157,1.7280662,1.633,-7.1595,0.0911799999999999,0.0,0.014380008,-0.0254000039999999,0.0268900200000001,-0.103,-0.785,-0.786,-18.358,-0.446,0.908,28613375040.0,63089999872.0,39289999360.0,377256574976.0,,,,,,,,,,2.5,0.38729998,3.0,3.46,1.5,1790553600.0,0.49,127.4499969482422,67.64900615351834,120.0999984741211,98.61905,3.3,21.0,,,0.00098,0.70692,False,False,,,8503152.0,8581592.0,0.77,11.79,20.04,,,-2.47,0.2925,60.6,10.14,,False,0.6181294685046661,,0.838,Nordic,True,,,52.05760631432266,61.03151862464183,21.36476139858414,53.429062723627624,26.045883940620783,67.60471204188482,96.08482871125612,50.0,,50.0,46.12284277897488,standard,550,97911673,False,,,,,,,,,4,NEUTRAL,0,UPPTREND,False,3,0.4285714285714285,LÅG,VÄNTA,0.0
LDO.MI,Leonardo S.p.a.,Industrials,Aerospace & Defense,Italy,EUR,31399771125.22055,-2.514091500000001,-1.7140480000000018,1.3727,-1.6348632000000003,1.5864881,1.802,-1.871999999999999,-0.03645,-0.006210001,-0.0477099999999999,-0.0929850049999999,-0.01262001,0.069,-0.571,-0.57,-17.057000000000002,-0.4910000000000001,0.693,801249952.0,1492999936.0,4568999936.0,35665436672.0,,,,,,,,,,1.16,0.2325,0.63,4.7,0.63,1782086400.0,0.368,66.26000213623047,43.150001525878906,54.41999816894531,68.31111,,18.0,,,0.30204,0.30371,False,False,,,3157654.0,2227432.0,1.3302401602147182,4.37,-3.48,21.01,1.68,-0.1786900631687594,0.4109529490983556,63.0016639869152,-0.0158473845255332,0.0233165201491309,True,0.8060186488996023,,0.838,Europe,True,,,29.893926155713007,53.069938329854665,36.07291090862683,45.78322550443081,68.82591093117408,67.60471204188482,74.87765089722676,50.0,,50.0,45.29385444532838,standard,572,130914193,False,,,,,,,,,5,NEUTRAL,0,VARNING,False,2,0.2857142857142857,LÅG,VÄNTA,0.0
DOV,Dover Corporation,Industrials,Specialty Industrial Machinery,United States,USD,28462036545.230804,-6.835949000000003,-4.057615999999998,1.7596,-4.632341000000001,3.4373877,3.636,-3.4989999999999988,-0.05873999,0.0003399999999998,0.008499995,0.00015001,-0.0981049899999999,0.101,0.053,0.033,-23.614,0.2659999999999999,1.247,-221679392.0,1641916032.0,3290113024.0,30110232576.0,,,,,,,,,,0.98,0.2594,2.08,1.25,0.52,1780012800.0,1.213,236.41626104348825,157.77607840645635,211.3600006103516,249.207,1.85,20.0,3.08,0.026500002,0.01255,0.94578004,False,False,,,1021887.0,815520.0,0.67,-7.84,-5.74,,,-10.61,0.2576,32.6,-3.47,,False,0.3353267708492744,,0.853,US,True,,,37.94374048579965,25.214899713467048,57.85559857832864,52.8789890293692,70.58029689608637,67.60471204188482,36.7047308319739,50.0,64.13373860182371,50.0,45.25179494366578,standard,574,172368308,False,,,,,,,,,4,NEUTRAL,0,VARNING,False,2,0.2857142857142857,LÅG,VÄNTA,0.0
RTO.L,Rentokil Initial plc,Industrials,Specialty Business Services,United Kingdom,GBp,14037168607660.664,26.395235,0.0,0.9031,-2.0238057,1.6347544,2.18,0.2219999999999991,-0.11022999,-0.03324,-0.03218,-0.07321,-0.25116,0.058,0.952,0.958,35.26700000000001,-0.2810000000000001,1.071,-955750016.0,2382000128.0,6152999936.0,15061884928.0,,,,,,,,,,2.05,1.0341,0.09,1.73,0.061,1775692800.0,0.423,6344.78444480896,4329.316232454544,5578.628926176752,527.994,2.05556,18.0,,,0.02765,0.95976996,False,False,,,8742711.0,10852649.0,2.719415789482216,-8.59,1.87,9.21,23.12,-0.1207535930174971,0.2947725263651015,13.933028924503349,-0.0724444645481109,0.0260970236345485,False,-0.019126353521271,,0.5,UK,True,,39.14216268946691,19.275470326908152,68.26037932596807,65.3739272849305,58.20275590223531,7.017543859649122,29.581151832460733,14.02936378466558,50.0,,50.0,45.038297038188915,standard,580,60542901637,False,,,,,,,,,4,NEUTRAL,0,VARNING,False,3,0.4285714285714285,LÅG,VÄNTA,0.0
VOLV-A.ST,AB Volvo (publ),Industrials,Farm & Heavy Construction Machinery,Sweden,SEK,143417919844.7154,-8.117693,,1.3776,-1.891049,1.4133863,1.809,-1.8734999999999984,-0.0094399999999999,-0.02719,-0.0243299959999999,-0.0342699999999999,-0.2183199899999999,-0.091,-0.158,-0.159,78.58200000000001,-0.3739999999999999,0.895,28982625344.0,72573001728.0,257632993280.0,846864318464.0,,,,,,,,,,2.61,0.0,8.5,2.95,13.0,1775692800.0,0.981,339.7625587116969,235.6045653428253,325.3999938964844,,,,,,0.57875,0.26184,False,False,,,140187.0,97567.0,1.870919925470765,1.62,-3.08,27.12,,-0.04227235887813,0.2636775248508566,51.98020886446472,0.0419838446260443,0.1198498108961829,True,0.7506566910400219,,0.5,Nordic,True,,,27.896459891631686,69.64659224341266,20.215038042536516,43.84884736584057,37.51686909581646,67.60471204188482,87.11256117455139,50.0,,50.0,44.43157705634377,standard,591,3016089,False,,,,,,,,,4,NEUTRAL,0,UPPTREND,False,2,0.2857142857142857,LÅG,VÄNTA,0.0
GD,General Dynamics Corporation,Industrials,Aerospace & Defense,United States,USD,93790599436.02985,-11.382915,-3.197096,2.579,-4.841437500000001,1.7430604,1.855,-4.247,-0.0289799899999999,-0.0101700000000001,-0.0438600049999998,-0.0583899999999999,-0.3461049899999999,0.103,0.12,0.132,-29.84,-0.2150000000000001,0.795,4227056416.0,3654000128.0,9831999488.0,99827441664.0,,,,,,,,,,1.76,0.3833,6.09,2.05,1.59,1775779200.0,0.345,367.9907385051606,263.2613072063946,346.82000732421875,392.21524,2.16667,21.0,1.81,0.0115,0.00526,0.87893,False,False,,,1352200.0,941660.0,0.75,-1.93,-6.57,,,-7.25,0.245,45.3,-0.32,,True,0.6765945179059429,,0.905,US,True,,,24.166274961185547,27.793696275071632,65.0381081199172,65.07729668247832,46.42375168690958,67.60471204188482,89.88580750407831,50.0,89.51367781155015,50.0,44.38855938392767,standard,592,326586528,False,,,,,,,,,4,NEUTRAL,0,UPPTREND,False,4,0.5714285714285714,MEDEL,VÄNTA,0.0
NOTE.ST,NOTE AB (publ),Technology,Electronic Components,Sweden,SEK,5378556065.753174,-8.325947,-3.3664885000000027,0.89,-2.2595428,1.4255383,1.85,-3.2555,-0.02026,-0.01532,-0.0235399959999999,-0.0457399999999999,-0.3144399999999999,-0.041,-0.198,-0.2,55.367,-0.4150000000000001,0.668,-662375008.0,338000000.0,1939000064.0,6979631616.0,,,,,,,,,,3.63,0.7407,7.0,3.65,7.0,1745539200.0,0.561,205.1999969482422,147.10000610351562,188.3999938964844,209.5,,2.0,,,0.4372,0.26611,False,False,,,62671.0,34840.0,2.228981684080185,9.34,-4.51,6.56,,-0.0818713611189541,0.3583830714076826,67.91443326645032,0.0375134539356236,0.035739577928284,True,0.9389659985214204,,0.475,Nordic,True,,,26.237127133506863,63.00558345571748,19.238817337121315,47.17532311843163,92.57759784075573,67.60471204188482,10.114192495921696,50.0,,50.0,43.96982773285082,standard,601,623566,False,,,,,,,,,3,SVAG,-8,UPPTREND,False,1,0.1428571428571428,LÅG,VÄNTA,0.0
INTU,Intuit Inc.,Technology,Software - Application,United States,USD,90685721276.09251,-12.983038,-10.176027,0.8606,-3.604470000000001,4.3338456,4.34,-5.469999999999999,0.01624,0.0244299999999999,0.094529995,0.30594,0.30941501,0.104,0.107,0.087,-34.093,-0.146,0.624,4169556256.0,6780000256.0,6899999744.0,90805723136.0,,,,,,,,,,1.45,0.2831,4.8,0.63,1.2,1783555200.0,1.035,808.2248144461021,300.5,331.5299987792969,502.01593,1.52941,32.0,4.18,0.0462,0.02352,0.92191005,False,False,,,4102715.0,8527410.0,0.73,-11.35,-18.11,,,-47.45,0.571,41.3,-9.13,,False,0.2543953688145824,,0.916,US,True,,,74.42883855460829,3.8323782234957013,64.02445835818014,30.092504885520935,46.82860998650472,67.60471204188482,91.02773246329528,50.0,42.24924012158054,50.0,43.61587622921313,standard,611,2827092227,False,,,,,,,,,7,STARK,8,NEDTREND,True,2,0.2857142857142857,LÅG,EJ AKTUELL,0.0
VOLV-B.ST,AB Volvo (publ),Industrials,Farm & Heavy Construction Machinery,Sweden,SEK,518426656461.0,-8.123950999999998,-7.206226500000001,1.378,-1.8899823,1.4138207,1.809,-1.8694999999999984,-0.0094399999999999,-0.02719,-0.0243299959999999,-0.0342699999999999,-0.2183199899999999,-0.091,-0.158,-0.159,78.58200000000001,-0.3739999999999999,0.895,28982625344.0,72573001728.0,257632993280.0,847067676672.0,,,,,,,,,,2.61,0.0,8.5,3.0,13.0,1775692800.0,0.981,340.1635605405801,235.3278327972169,325.5,340.26572,2.38095,21.0,,,0.01681,0.68454003,False,False,,,3488201.0,3229110.0,2.557463417235551,1.56,-3.16,27.3,,-0.0431073819820003,0.2640897630968811,52.35458515579166,0.0424523554675366,0.1202948173356193,True,0.7612515744511924,,0.436,Nordic,True,,,27.896459891631686,69.50341135108674,17.05731552944751,43.74776919872467,22.941970310391362,67.60471204188482,86.94942903752039,50.0,,50.0,43.03163787614203,standard,625,99852154,False,,,,,,,,,3,SVAG,-8,UPPTREND,False,3,0.4285714285714285,LÅG,VÄNTA,0.0
DSV.CO,DSV A/S,Industrials,Integrated Freight & Logistics,Denmark,DKK,383971128793.5,17.007427000000003,-1.6140524999999997,1.0492,-2.2149655,1.3908621,1.698,1.9964999999999988,-0.1173500039999999,-0.0205399999999999,-0.069499996,-0.0620700039999999,-0.1821599999999999,0.689,-0.429,-0.419,20.708,-0.652,0.887,20807500864.0,10314000384.0,94455996416.0,468676182016.0,,,,,,,,,,0.43,0.19709998,7.0,0.47,7.0,1773964800.0,0.98,1905.057176264512,1227.559678148465,1610.5,2044.05,1.3,20.0,,,0.177,0.49521,False,False,,,393357.0,426800.0,0.5,-0.75,-0.71,,,-16.13,0.3354,61.6,0.14,,True,0.8645667336469639,,0.254,Nordic,True,,88.70346840237073,19.691419422470045,27.148997134670488,30.015070771917646,44.49377806660629,25.506072874493928,67.60471204188482,90.53833605220228,50.0,,50.0,42.886845650583666,standard,631,98292680,False,,,,,,,,,4,NEUTRAL,0,UPPTREND,False,2,0.2857142857142857,LÅG,VÄNTA,0.0
LATO-B.ST,Investment AB Latour (publ),Industrials,Conglomerates,Sweden,SEK,118080100455.32242,0.2657640000000008,,,-2.3817421000000003,4.5569353,5.162,14.560500000000005,-0.0758299999999999,-0.03313,0.066060004,-0.0099699999999998,-0.0560700199999999,-0.022,-0.528,-0.526,-10.814999999999998,0.0769999999999997,1.067,1669375040.0,2811000064.0,19608000512.0,144518955008.0,,,,,,,,,,2.56,0.65620005,5.1,1.55,5.1,1778544000.0,1.299,261.1827241886983,179.92263443579347,199.5500030517578,241.66667,3.0,3.0,,,0.77252996,0.10033,False,False,,,411280.0,497009.0,2.855679853645696,-4.75,-8.42,-9.91,,-0.235975489299255,0.2524306310769246,49.672390920158286,-0.0179691834155468,-0.0872747580069048,True,0.5832314330991628,,0.5,Nordic,True,,53.07795092919737,35.698666504226324,44.254706226699945,17.945963436888903,48.79120691567889,41.16059379217274,67.60471204188482,61.82707993474714,50.0,,50.0,42.740531947244556,standard,635,9421924,False,,,,,,,,,4,NEUTRAL,0,NEDTREND,True,1,0.1428571428571428,LÅG,EJ AKTUELL,0.0
INPST.AS,InPost S.A.,Industrials,Integrated Freight & Logistics,Luxembourg,EUR,7679118302.598327,39.9738775,-1.4717640000000003,,-2.3523889,,,,-0.01632999,-0.001689999,-0.0677799999999999,-0.149415005,-0.1795800099999999,0.308,-0.378,-0.376,263.688,-0.7030000000000001,0.593,473962528.0,,,,,,,,,,,,,,0.0,,,,,1.088,15.390000343322754,9.1899995803833,15.359999656677246,17.271626,,13.0,,,0.41292,0.40263999,False,False,,,1738377.0,1136668.0,2.697357330581624,0.99,1.25,57.22,6.74,-0.0019493623116469,0.4443991047940249,57.14279226706508,0.0110717408652274,0.2010368057507712,True,0.824892348702357,,0.163,Europe,True,,,25.990318131523946,68.4781689691764,28.532772803489678,21.36791866872261,89.60863697705803,12.172774869109947,,50.0,,50.0,42.343929568505956,standard,641,18855958,False,,,,,,,,,3,SVAG,-8,UPPTREND,False,1,0.1428571428571428,LÅG,VÄNTA,0.0
INTC,Intel Corporation,Technology,Semiconductors,United States,USD,576381681533.8135,,52.17113700000001,1.36,-3.261290000000001,10.720787,11.201,22.852000000000004,-0.2378299999999999,-0.0639100004,-0.1835800049999999,-0.0950099999999999,-0.1265149899999999,0.072,,,-31.513,0.7129999999999999,1.657,-9363693792.0,32789000192.0,45030998016.0,602218692608.0,,,,,,,,,,,0.0,,2.69,0.125,1722988800.0,2.19,132.75,18.96999931335449,114.68000030517578,87.76098,2.6875,41.0,0.94,0.028099999,0.1472,0.64053,False,False,,,120641211.0,127137090.0,1.05,9.75,153.67,,,-15.54,0.8178,30.6,30.6,,False,0.4857137778072841,,0.804,US,True,,29.19995573298794,14.258284684573288,55.98137535816619,66.0008506020209,26.58302459766836,22.267206477732792,12.172774869109947,31.484502446982056,50.0,62.00607902735562,50.0,41.6230232045561,standard,651,14580081520,False,,,,,,,,,3,SVAG,-8,UPPTREND,False,1,0.1428571428571428,LÅG,EJ AKTUELL,0.0
MNDY,monday.com Ltd.,Technology,Software - Application,Israel,USD,4278068076.1573935,3.2923199999999966,-6.811631499999999,0.2834,-3.140008000000001,3.3133695,2.291,139.133,-0.08038001,-0.06732,-0.0328000049999998,-0.1075599999999999,0.39201501,0.245,0.096,0.022,-44.136,0.1229999999999999,1.593,-813962496.0,1212275968.0,177572992.0,2980564736.0,,,,,,,,,,,0.0,,,,,1.158,316.9800109863281,57.5,83.62000274658203,113.56,1.65385,25.0,4.0,0.17639999,0.15353,0.86588997,False,False,,,1776885.0,2152120.0,1.66,31.25,29.79,,,-41.25,0.6838,69.3,34.21,,True,1.0448170569399706,,1.0,US,True,,2.7316025478124715,32.609904072312624,43.087392550143264,68.49680271803048,31.068060823059415,93.79217273954116,12.172774869109947,2.6101141924959217,50.0,7.29483282674772,50.0,40.56522385481047,standard,665,179960280,False,,,,,,,,,4,NEUTRAL,0,NEDTREND,True,1,0.1428571428571428,LÅG,EJ AKTUELL,0.0
GMAB.CO,Genmab A/S,Healthcare,Biotechnology,Denmark,DKK,104614360416.0,-8.039836999999999,-4.1458425000000005,1.7603,-2.4942004,26.81732,27.794,63.84550000000001,-0.0293199999999999,0.0156199999999999,0.115889994,0.11806,0.4795000000000001,0.253,-0.728,-0.728,37.72,0.6170000000000001,2.166,-42375040.0,1524999936.0,5351000064.0,108423774208.0,,,,,,,,,,,0.0,,,,,0.695,2257.0,1275.0,1671.0,2313.127,1.64706,15.0,,,0.0,0.46047002,False,False,,,151891.0,204648.0,0.92,-0.97,-11.48,,,-27.19,0.3611,36.4,-4.72,,True,0.4981709126657098,,0.717,Nordic,True,,32.82382548960135,67.94520941923638,8.667621776504298,38.238274422021426,59.27277347565139,44.39946018893387,12.172774869109947,43.2300163132137,50.0,,50.0,40.22625185548754,standard,669,48901254,False,,,,,,,,,4,NEUTRAL,0,NEDTREND,True,1,0.1428571428571428,LÅG,EJ AKTUELL,0.0
KPITTECH.NS,KPIT Technologies Limited,Technology,Software - Infrastructure,India,INR,210145805030.13617,-8.039927999999994,-6.614755000000002,,-1.2386033000000003,3.255586,3.171,-17.850000000000005,0.0,0.011050008,-0.022809994,-0.0297699999999999,-0.0710300199999999,0.12,-0.335,-0.334,8.620999999999997,-0.538,0.877,-9042356224.0,13899740160.0,8383869952.0,204709445632.0,,,,,,,,,,1.07,0.35439998,8.25,,2.25,1770163200.0,-0.037,1424.2414281315198,624.9000244140625,771.9500122070312,838.2857,2.14286,21.0,,,0.47530997,0.29973,False,False,,,2269927.0,1981253.0,0.5103148983451936,1.7,1.51,-33.98,,-0.4579921655419319,0.329258349530717,65.5492668881943,0.0700112863952346,-0.2422749823711284,True,0.7733564165285004,,0.014,India,True,,,41.74125648208171,37.96698537894582,24.900176167119195,62.65919024735928,32.25371120107962,67.60471204188482,18.92332789559543,50.0,,50.0,39.81178736606149,standard,673,18353139,False,,,,,,,,,4,NEUTRAL,0,NEDTREND,True,2,0.2857142857142857,LÅG,EJ AKTUELL,0.0
ACN,Accenture plc,Technology,Information Technology Services,Ireland,USD,114849623361.3855,-17.889357000000004,-9.759262,1.3154,-4.747175800000001,1.5965738,1.6,-10.578,0.03891,0.0414099999999999,-0.0184800049999999,-0.0256099999999998,-0.1782549699999999,0.083,0.04,0.021,-42.072,-0.2629999999999999,1.2,11101869344.0,9405595648.0,8347366912.0,115355729920.0,,,,,,,,,,3.49,0.5098,6.52,1.64,1.63,1775692800.0,1.071,317.47641093074964,155.82000732421875,187.07000732421875,247.54884,1.82143,26.0,4.27,0.043899998,0.00072999997,0.85233,False,False,,,6370725.0,5273840.0,1.13,9.31,-5.55,,,-31.3,0.4176,70.3,6.41,,True,0.9434091395247108,,0.881,US,True,,,47.65077236441308,15.293696275071634,57.05977854568518,33.841147119096995,41.43049932523617,67.60471204188482,97.38988580750407,50.0,43.161094224924014,50.0,39.75811121344209,standard,674,986577287,False,,,,,,,,,4,NEUTRAL,0,NEDTREND,True,1,0.1428571428571428,LÅG,EJ AKTUELL,0.0
RTX,RTX Corporation,Industrials,Aerospace & Defense,United States,USD,241945149606.182,0.4212309999999988,1.4603100000000016,2.4726,-4.782048100000001,2.677184,3.052,-1.5649999999999975,-0.09301,-0.0297099969999999,-0.0442499999999999,-0.0319799899999999,-0.2963849999999999,0.087,0.325,0.341,-10.311999999999996,-0.575,0.646,6170931488.0,6817999872.0,38934999040.0,275816153088.0,,,,,,,,,,1.54,0.5103,2.77,2.13,0.73,1779408000.0,0.301,213.6102078060541,132.26207389640462,179.66000366210938,215.27182,1.91304,22.0,2.37,0.0107,0.00084,0.81581,False,False,,,5604071.0,5871250.0,0.82,0.66,-15.19,,,-17.45,0.2493,44.3,-5.36,,True,0.8991201857824029,,1.0,US,True,,,20.636118791165067,9.742120343839542,76.32046742572365,59.178037769983696,29.959514170040485,67.60471204188482,74.71451876019576,50.0,91.03343465045593,50.0,39.35566900250098,standard,678,1054828797,False,,,,,,,,,4,NEUTRAL,0,VARNING,False,4,0.5714285714285714,MEDEL,EJ AKTUELL,0.0
6758.T,Sony Group Corporation,Technology,Consumer Electronics,Japan,JPY,20347362597156.0,-6.515058,-4.729213000000001,1.953,-0.2235723999999999,1.6304474,1.619,-8.0595,-0.00836,-0.0072500019999999,-0.104995,-0.0459900024999999,-0.030380005,0.154,-0.575,-0.581,-10.203,-0.606,0.801,-345629982720.0,2208879083520.0,1669669060608.0,20201374482432.0,,,,,,,,,,1.02,0.1458,35.0,0.58,17.5,1790640000.0,0.719,4757.396194480884,3043.0,3444.0,4676.304,1.34783,23.0,,,0.00071999995,0.48866,False,False,,,21871136.0,22595380.0,1.565589279042464,7.36,4.58,-21.58,,-0.2760745880287565,0.3420935540521898,52.99500831946756,0.0273878382447263,-0.1039068188877081,False,0.5037947097411412,,0.567,Japan,True,,,31.81440918539504,48.81133328540668,33.530153938508974,42.152262456402134,5.802968960863698,67.60471204188482,30.0163132137031,50.0,,50.0,38.88671607431727,standard,686,505820177,False,,,,,,,,,1,SVAG,-8,NEDTREND,True,1,0.1428571428571428,LÅG,EJ AKTUELL,0.0
1833.HK,Ping An Healthcare and Technology Company Limited,Healthcare,Health Information Services,China,HKD,19990283231.556576,26.052125500000002,16.08304475,4.0033,0.006277150000000065,3.655751,2.512,43.19500000000001,-0.04521499999999998,-0.032805,-0.07022500300000001,-0.14932749750000002,-0.033804999999999974,0.015,3.671,8.901,-14.569,0.6012499999999998,2.42,-19434178560.0,6295327232.0,50290000.0,13733937152.0,,,,,,,,,,,0.0,,,9.7,1733443200.0,1.109,24.399999618530273,6.699999809265137,9.399999618530273,15.609858,,14.0,,,0.53714,0.13161,False,False,,0.5,9805130.0,11221612.0,1.1015585453473162,-12.56,-27.91,-34.27,,-0.6147541079717247,0.5409186567939344,25.266901499033267,-0.14736139088278744,-0.3556392110662744,False,0.33798414807553784,,0.5,Asia,True,True,,22.356901426292847,20.72716722638157,67.29080020960022,39.70618605087768,77.7327935222672,12.172774869109947,,50.0,,50.0,38.76960737186518,standard,688,13501843,False,,,,,,,,,4,NEUTRAL,0,NEDTREND,True,1,0.14285714285714285,LÅG,EJ AKTUELL,0.0
0268.HK,Kingdee International Software Group Company Limited,Technology,Software - Application,China,HKD,25484829144.308304,221.67071,13.816109,0.95,0.058812,3.6375535,3.135,124.745,-0.1082399979999998,-0.0355700000999999,-0.108295005,-0.08738,0.2948499699999999,0.126,1.518,1.516,-19.384,-0.4070000000000001,0.798,-8863632704.0,3639378944.0,41613000.0,21967237120.0,,,,,,,,,,,0.0,,1.2,0.012,1589414400.0,0.96,19.0,6.940000057220459,7.269999980926514,15.590097,1.5,18.0,,,0.19896999,0.51895,False,False,,,43003966.0,57359845.0,2.064135549378032,-11.66,-27.08,-48.98,,-0.6173684220564992,0.5269581622549576,14.186858404648504,-0.1582530536167502,-0.4373435199145662,False,0.107876530792439,,0.5,Asia,True,,2.0053776222056445,28.7228701147053,20.08178341943015,71.94058527569563,28.883285118148535,72.46963562753037,12.172774869109947,1.1419249592169658,50.0,,50.0,34.909087990022336,standard,713,53376777,False,,,,,,,,,4,NEUTRAL,0,NEDTREND,True,1,0.1428571428571428,LÅG,EJ AKTUELL,0.0
HHFA.DE,Hamburger Hafen und Logistik Aktiengesellschaft,Industrials,Marine Shipping,Germany,EUR,1566322688.4622536,513.1912675000001,-2.702532000000001,1.32,-2.4874127,0.9120052,1.713,-5.518999999999999,-0.1385399999999998,-0.030030001,-0.0971399999999999,-0.084215005,-0.1624700199999998,0.069,-0.9,-0.891,89.388,-0.288,0.809,-550848624.0,124738000.0,1257976960.0,3050841088.0,,,,,,,,,,0.46,2.5,0.1,2.9,0.1,1751587200.0,,23.5,17.60659727340659,21.600000381469727,,,,,,0.9378,0.0021,False,False,,,3529.0,1193.0,0.96,0.0,-6.47,,,-6.87,0.1696,54.5,-1.04,,True,0.2763926410714231,,0.5,Europe,True,,,17.54625594718022,28.58166189111748,24.01091488049245,52.915121969284534,97.30094466936572,29.581151832460733,4.893964110929853,50.0,,50.0,34.39728163654536,standard,720,27830,True,,,,,,,,,2,SVAG,-8,NEDTREND,True,0,0.0,LÅG,EJ AKTUELL,0.0
1810.HK,Xiaomi Corporation,Technology,Consumer Electronics,China,HKD,598635347261.2592,-5.0848510000000005,0.1611479999999994,2.3335,-0.2839290000000001,1.6253805,1.483,3.391000000000002,0.022690002,-0.0030899999999999,-0.041935008,-0.10604,-0.1559699999999999,-0.109,-0.581,-0.568,-6.596999999999996,-0.073,0.66,-1528410624.0,98225414144.0,35367235584.0,659969933312.0,,,,,,,,,,,0.0,,,,,0.725,61.45000076293945,27.5,28.040000915527344,41.760784,1.81818,30.0,,,0.20422001,0.27541,False,False,,,172659172.0,160536767.0,1.5595901911117092,-6.28,-21.54,-27.77,,-0.5436940509781362,0.3534002165992149,16.044785679514234,-0.109196469042568,-0.3138995064254093,False,-0.0026782330999068,,0.733,Asia,True,,50.97612860386762,32.00948215171625,24.477513838822645,20.364239991423855,50.439678597943875,21.86234817813765,12.172774869109947,41.272430668841764,50.0,,50.0,33.788984486483784,standard,723,576185740,False,,,,,,,,,3,SVAG,-8,NEDTREND,True,0,0.0,LÅG,EJ AKTUELL,0.0
