ticker,name,sector,industry,country,currency,market_cap,pe_trailing,pe_forward,peg_ratio,price_to_book,price_to_sales,ev_to_revenue,ev_to_ebitda,roe,roa,profit_margin,operating_margin,gross_margin,revenue_growth,earnings_growth,earnings_quarterly_growth,debt_to_equity,current_ratio,quick_ratio,free_cash_flow,total_cash,total_debt,enterprise_value,total_assets,total_assets_prev,revenue_ttm,revenue_prev,revenue_2y_ago,operating_income_ttm,operating_income_prev,net_income_ttm,operating_cashflow_ttm,dividend_yield,payout_ratio,dividend_rate,div_yield_5y_avg,last_dividend_value,ex_dividend_date,beta,52_week_high,52_week_low,current_price,target_mean_price,recommendation_mean,number_of_analysts,short_ratio,short_pct_float,insider_pct,institution_pct,insider_cluster,insider_executive_buy,earnings_revision_rate,options_flow_signal,avg_volume,avg_volume_10d,volume_ratio,return_1m,return_3m,return_6m,return_12m,pct_from_52w_high,volatility,rsi_14,price_vs_ma50,price_vs_ma200,macd_above_signal,bb_position,insider_recent_date,earnings_surprise,exchange_group,_fundamentals_neutralized,_sector_neutralized,score_value,score_quality,score_momentum,score_growth,score_risk,score_size,score_dividend,score_fcf_yield,score_sentiment,score_short_interest,score_options_flow,score_total,company_type,rank,est_daily_turnover_usd,low_liquidity,mews_score,mews_flag,mews_fcf_yield,mews_small_size,mews_low_ps,mews_operating_leverage,mews_revenue_accel,mews_clean_accruals,piotroski_f,piotroski_label,piotroski_boost,trend_signal,trend_capped,factors_positive,confidence_pct,confidence_label,entry_signal,score_delta_4w
000660.KS,SK hynix Inc.,Technology,Semiconductors,South Korea,KRW,1962038918724000.0,,-9.80766625,3.7829,,14.8545,14.576,2.383000000000001,0.48736749500000004,0.23464000000000002,0.4372325035,0.565315025,0.32550500000000004,1.8485,3.774,3.975,7.5,0.8769999999999999,2.174,25799822215168.0,54361531088896.0,21832415576064.0,1925292507529216.0,176107659000000.0,,97146675000000.0,,,47206319000000.0,,42919287000000.0,53373126000000.0,0.11,0.028399998,3000.0,1.08,375.0,1779926400.0,2.027,2891000.0,240992.95782520325,2764000.0,2712489.0,1.36842,38.0,,,0.20716,0.45636,False,False,,0.5,4972172.0,4918556.0,1.4139914569007621,58.42,161.79,371.82,,-0.04392943618125211,0.727980853014561,62.91192330736968,0.5901394394799035,2.0370697773234188,True,1.053336159168717,,1.0,Asia,True,True,68.48297340950558,96.07283643479794,93.69138959931799,96.4551742954396,42.80511275255687,0.17050298380221654,33.77814845704754,65.13026052104209,50.0,,50.0,88.71244213209623,standard,1,9924268812,False,41.5,False,69.80817347789825,2.543786488740617,7.839866555462886,50.0417014178482,50.0417014178482,50.0417014178482,7,STARK,8,UPPTREND,False,4,0.5714285714285714,MEDEL,OK,16.3
MU,"Micron Technology, Inc.",Technology,Semiconductors,United States,USD,1278839125480.4622,19.938311,-10.448578750000003,0.3569,11.547025299999998,22.003803,21.939,16.2325,0.25142752000000007,0.13785999999999998,0.3069675015,0.5381,0.13486498499999994,1.8305,7.367999999999999,7.708,-34.5755,1.202,2.232,2081643648.0,14588999680.0,10798000128.0,1275048099840.0,82798000000.0,,37378000000.0,,,9809000000.0,,8539000000.0,17525000000.0,0.05,0.0217,0.6,0.33,0.15,1774828800.0,2.173,1149.4300537109375,103.23021586705363,1133.989990234375,945.6,1.47727,40.0,0.7,0.0334,0.0025499999,0.81588,False,False,,0.276,50692645.0,56199970.0,1.187340108355289,62.29,155.36,388.12,,-0.01343279952243659,0.7136887893271113,59.346936558263316,0.5474771131011558,1.830574305757282,True,0.9161483110866999,,1.0,US,True,True,43.85674333742111,90.93260751404209,97.38562091503269,97.48342133271377,30.654643328319143,16.197783461210573,24.228523769808174,49.69939879759519,50.0,59.65583173996176,27.6,77.71898605071293,standard,6,63730203431,False,40.1,False,59.38281901584654,15.846538782318598,2.543786488740617,50.0417014178482,50.0417014178482,50.0417014178482,5,NEUTRAL,0,UPPTREND,False,3,0.42857142857142855,LÅG,OK,5.0
005930.KS,"Samsung Electronics Co., Ltd.",Technology,Consumer Electronics,South Korea,KRW,2040523933662000.0,,-10.391080250000002,0.414,,5.985915,5.738,-2.771000000000001,0.06419749500000001,0.05812,0.08292250350000001,0.277474995,0.11886503000000004,0.5594999999999999,4.729,4.867,0.0,0.799,1.959,67558971344896.0,147378078220288.0,28138794909696.0,2228158166204416.0,566942110000000.0,,333605938000000.0,,,43601051000000.0,,44260956000000.0,85315148000000.0,0.42,0.1344,1488.0,2.24,372.0,1774828800.0,1.487,374500.0,56601.68663793103,354000.0,428075.53,1.37838,36.0,,,0.0967,0.48738,False,False,,0.5,29203720.0,26471372.0,1.437221320850845,28.49,70.14,230.05,,-0.05473965287049398,0.5808687767381554,58.04347826086956,0.2984154929577465,1.1762737801289345,True,0.8040782133746385,,0.838,Asia,True,True,,79.48272478904838,91.37539073600455,90.46870553166931,49.63321630880088,0.08525149190110827,67.13928273561301,81.1623246492986,50.0,,50.0,77.12202257498289,standard,7,6840731952,False,47.1,False,83.06922435362803,2.543786488740617,22.93577981651376,50.0417014178482,50.0417014178482,50.0417014178482,6,NEUTRAL,0,UPPTREND,False,4,0.5714285714285714,MEDEL,STARK,13.0
6857.T,Advantest Corporation,Technology,Semiconductor Equipment & Materials,Japan,JPY,23005585822320.0,34.173402,109.13385875,2.3519,24.494466799999998,20.384,20.12,27.187000000000005,0.4707175,0.25822,0.2743024985,0.398324995,0.34699995999999994,0.27949999999999997,2.012,2.171,-10.130999999999997,0.4720000000000001,1.722,208686755840.0,339966001152.0,20192000000.0,22708096073728.0,854210000000.0,,779707000000.0,,,228161000000.0,,161177000000.0,285971000000.0,0.19,0.1149,60.0,0.82,30.0,1774828800.0,1.199,32400.0,9399.3046875,31740.0,33945.0,1.75,20.0,,,0.00279,0.66051,False,False,,0.5,9789170.0,9190970.0,1.1348678547078985,18.68,34.99,57.73,,-0.020370370370370372,0.6724015575534014,70.48294495103005,0.1581743610701618,0.44648828191365797,True,1.0486061456380895,,1.0,Japan,True,True,46.61490892232225,95.35588145100158,90.50866723500992,93.27965707843735,33.32238963648491,4.3478260869565215,67.13928273561301,58.517034068136276,50.0,,50.0,76.75571851507836,standard,8,1808844498,False,40.1,False,65.47122602168474,2.543786488740617,5.337781484570475,50.0417014178482,50.0417014178482,50.0417014178482,6,NEUTRAL,0,UPPTREND,False,4,0.5714285714285714,MEDEL,VÄNTA,9.6
2330.TW,Taiwan Semiconductor Manufacturing Company Limited,Technology,Semiconductors,Taiwan,TWD,62497011861470.0,7.7193380000000005,3.102753749999997,1.1879,6.207412399999999,15.228673,14.681,2.4799999999999986,0.23774749499999998,0.12898001,0.33338250350000004,0.43101499499999996,0.260815,0.21849999999999997,0.39199999999999996,0.583,12.665,0.7479999999999999,2.187,709926586368.0,3383596154880.0,1094369804288.0,60249214025728.0,7932842500000.0,,3809054300000.0,,,1936095600000.0,,1697604000000.0,2274975600000.0,1.0,0.2785,24.0,1.71,7.0,1789516800.0,1.25,2433.5076957152064,1001.648473702225,2410.0,2647.5757,1.33333,33.0,,,0.00022,0.43613,False,False,,0.5,34537778.0,33683670.0,1.3730317274814576,10.59,26.85,66.6,,-0.009660004674157174,0.29825891582752245,56.80268826356954,0.08284611752032589,0.40832250539719994,True,0.8555728495840133,,0.927,Asia,True,True,66.25336493883289,93.4126980873871,90.28132992327365,82.44965634514686,57.18627892047084,1.7902813299232736,67.13928273561301,62.4248496993988,50.0,,50.0,76.59044166555182,standard,9,2563234778,False,41.1,False,68.22351959966639,2.543786488740617,7.589658048373645,50.0417014178482,50.0417014178482,50.0417014178482,5,NEUTRAL,0,UPPTREND,False,5,0.7142857142857143,HÖG,OK,7.8
CRDO,Credo Technology Group Holding Ltd,Technology,Semiconductors,Cayman Islands,USD,50690284509.36432,75.20542800000001,11.215268249999998,,18.2208143,37.966953,32.345,71.62150000000001,0.1972775,0.11557,0.2458475015,0.21847998000000002,0.23084505500000002,1.4375,3.2399999999999998,3.622,-48.244499999999995,8.458000000000002,8.507,-561046128.0,1443286016.0,25448000.0,43183943680.0,2295619000.0,,1335116000.0,,,445005000.0,,472279000.0,464292000.0,,0.0,,,,,3.229,274.8999938964844,81.72000122070312,271.8299865722656,256.30304,1.33333,18.0,1.65,0.0627,0.10953,0.75894,False,False,,0.297,7722946.0,10868080.0,0.9501804394035976,60.86,153.83,93.69,,-0.011167724235653487,0.8634970829101307,60.28498794394403,0.37755195847045964,0.7696708802089114,True,1.0051340089898337,,1.0,US,True,True,28.864482696736758,89.71384244993034,96.2915601023018,96.2648222394146,34.21600377205818,52.77067348678602,11.884904086738949,38.276553106212425,50.0,34.608030592734224,29.7,76.47258271756881,standard,10,2954270040,False,38.0,False,28.065054211843204,53.79482902418682,2.543786488740617,50.0417014178482,50.0417014178482,50.0417014178482,6,NEUTRAL,0,UPPTREND,False,3,0.42857142857142855,LÅG,OK,-1.7
WDC,Western Digital Corporation,Technology,Computer Hardware,United States,USD,257212139884.05713,11.104413000000001,21.270986249999996,0.6639,29.572980299999998,21.84021,21.712,46.6845,0.7124074499999999,0.08288999999999999,0.44496750150000003,0.23194998,0.004775004999999999,0.3225,4.637,5.163,-31.667499999999997,-0.20499999999999996,1.107,1263143808.0,3236999936.0,1724000000.0,255699140608.0,14002000000.0,,9520000000.0,,,2130000000.0,,1861000000.0,1691000000.0,0.08,0.0269,0.6,3.23,0.15,1780617600.0,2.2,799.8699951171875,58.501455851660694,746.22998046875,554.13043,1.56,23.0,4.01,0.1043,0.00542,1.01199,False,False,,0.421,7860895.0,9674840.0,2.08425908979895,63.76,135.52,327.76,,-0.06706091611872356,0.6766032389405229,73.73199982227032,0.5550085987189541,1.8058064288822209,True,1.1002775372734503,,0.997,US,True,True,40.1683964944815,86.30826861641434,90.93492469451549,94.32922060867253,16.00519104729415,25.66069906223359,33.40283569641368,52.90581162324649,50.0,21.223709369024856,42.1,73.18699813846492,standard,15,7219655664,False,42.2,False,62.2185154295246,25.10425354462052,2.543786488740617,50.0417014178482,50.0417014178482,50.0417014178482,6,NEUTRAL,0,UPPTREND,False,3,0.42857142857142855,LÅG,VÄNTA,12.6
FTNT,"Fortinet, Inc.",Technology,Software - Infrastructure,United States,USD,106036198499.21837,22.788607,22.18329125,3.2652,101.2602643,14.91472,14.767,26.0465,1.1771175,0.07227001,0.1670175015,0.17468,0.35353498499999997,0.0685,0.09399999999999997,0.233,7.832500000000003,-0.5419999999999999,1.034,1001193728.0,3294899968.0,567200000.0,104986263552.0,10389200000.0,,6799600000.0,,,2084700000.0,,1853400000.0,2590600000.0,,0.0,,,,,1.109,150.07000732421875,70.12000274658203,144.72999572753906,113.78378,2.70455,37.0,2.61,0.0279,0.17386,0.72516,False,False,,0.475,6398746.0,7552620.0,2.6161468785748148,13.39,74.12,75.49,,-0.03558346995441175,0.453985464899808,57.54800400585681,0.26898476137812555,0.6099866975687733,False,0.6199001053169813,,1.0,US,True,True,47.37157150121138,91.00738205782879,92.24211423699914,73.33105606527303,38.18469953628608,38.02216538789428,11.884904086738949,59.118236472945895,50.0,67.97323135755258,47.5,80.91073192722111,standard,2,1093090660,False,45.8,False,66.05504587155964,37.1976647206005,7.756463719766472,50.0417014178482,50.0417014178482,50.0417014178482,8,STARK,8,UPPTREND,False,3,0.42857142857142855,LÅG,OK,19.4
LRCX,Lam Research Corporation,Technology,Semiconductor Equipment & Materials,United States,USD,486522152526.0315,40.155249,28.712624249999998,2.2581,39.8578893,22.43915,21.256,40.313500000000005,0.5208174999999999,0.16419,0.20149748150000002,0.21228998,0.050284985000000004,0.10549999999999998,0.21599999999999997,0.372,-14.195500000000003,0.8410000000000001,1.695,3540485248.0,4750936064.0,3734479104.0,460869435392.0,21345260000.0,,18435591000.0,,,5900968000.0,,5358217000.0,6173264000.0,0.28,0.1909,1.04,0.99,0.26,1781654400.0,1.868,401.0,87.26701897146924,389.0400085449219,335.74194,1.51429,31.0,3.47,0.0287,0.0028,0.8807,False,False,,0.443,9926993.0,13666880.0,2.0153604318083795,42.41,66.38,138.75,,-0.029825415099945407,0.533837008628448,67.43531519619819,0.3056757613850336,0.855205945928375,True,0.9640581632752075,,0.931,US,True,True,43.29423772918972,86.96160159830205,93.86189258312021,76.82325106188796,32.62098581674047,20.886615515771524,67.13928273561301,56.01202404809619,50.0,66.92160611854685,44.3,72.39273347483841,standard,16,5316963112,False,42.0,False,64.0533778148457,20.43369474562135,2.543786488740617,50.0417014178482,50.0417014178482,50.0417014178482,6,NEUTRAL,0,UPPTREND,False,4,0.5714285714285714,MEDEL,OK,4.5
STX,Seagate Technology Holdings plc,Technology,Computer Hardware,Singapore,USD,242141797687.69336,68.206313,19.445119249999994,0.7404,213.2032243,21.992897,21.28,48.26050000000001,17.7328975,0.18305,0.10809750149999998,0.21854,-0.033795014999999984,0.3085,0.891,1.2,332.0755,-0.3689999999999999,0.772,798143744.0,1146000000.0,4177999872.0,234288332800.0,8023000000.0,,9097000000.0,,,1915000000.0,,1469000000.0,1083000000.0,0.29,0.277,2.96,3.02,0.74,1782259200.0,2.083,1145.0,128.661753884569,1070.22998046875,898.0909,1.54167,22.0,1.96,0.0458,0.00241,0.88245004,False,False,,0.458,4035404.0,4322770.0,2.2362762794648545,45.94,146.69,273.06,,-0.06530132710152836,0.6499159468363835,69.10297823525255,0.4067487694140892,1.5411536777566042,True,0.9956609657873928,,0.969,US,True,True,39.2707429784943,82.82593267936268,91.1622620062518,89.1495999781404,11.477571300448199,26.17220801364024,67.13928273561301,51.703406813627254,50.0,46.27151051625239,45.800000000000004,72.30264860243298,standard,18,4626358053,False,42.0,False,60.88407005838199,25.604670558798997,2.543786488740617,50.0417014178482,50.0417014178482,50.0417014178482,5,NEUTRAL,0,UPPTREND,False,4,0.5714285714285714,MEDEL,VÄNTA,5.2
ADI,"Analog Devices, Inc.",Technology,Semiconductors,United States,USD,211619831236.2793,31.029152999999994,9.345981249999998,0.9508,0.16551129999999947,16.610409,17.024,16.8575,-0.050412499999999985,-0.008690002000000002,0.1521874815,0.24262,0.19540498499999998,0.2395,0.913,1.065,-23.667499999999997,0.05700000000000005,1.232,3057098368.0,3439308032.0,8708730880.0,216889262080.0,47992712000.0,,11019707000.0,,,3002476000.0,,2267342000.0,4812202000.0,1.01,0.6057,4.4,1.66,1.1,1780358400.0,1.183,439.70001220703125,215.47747752249086,434.4599914550781,450.73334,1.54545,30.0,2.14,0.0217,0.00243,0.93533,False,False,,0.422,4113954.0,5386500.0,2.2622442133512246,5.15,40.33,56.97,,-0.01191726314868935,0.3228738675588879,56.52007976479125,0.08613052686463352,0.4063535492688761,True,0.8817164726875827,,0.892,US,True,True,54.77170759429306,63.46369250964368,91.90110826939473,85.97001354684684,42.90304039643348,27.621483375959077,67.13928273561301,65.93186372745491,50.0,77.82026768642447,42.199999999999996,72.09597731780839,standard,20,2340218744,False,45.3,False,70.80900750625521,27.022518765638033,6.672226855713094,50.0417014178482,50.0417014178482,50.0417014178482,5,NEUTRAL,0,UPPTREND,False,4,0.5714285714285714,MEDEL,OK,1.0
NVDA,NVIDIA Corporation,Technology,Semiconductors,United States,USD,5103122549133.301,-1.2616370000000003,-3.5080437500000015,0.6484,20.0016113,20.131376,19.955,12.1485,0.9960775,0.46368000000000004,0.5217675015,0.51782,0.291944935,0.7195,1.953,2.106,-42.9225,1.7459999999999996,2.139,45524016768.0,53171998720.0,12814000128.0,5058340061184.0,206803000000.0,,215938000000.0,,,130387000000.0,,120067000000.0,102718000000.0,0.47,0.0061000003,1.0,0.05,0.25,1780531200.0,2.202,236.26463268418732,141.84108794116847,210.69000244140625,298.9322,1.29032,59.0,1.71,0.012200001,0.039839998,0.70869005,False,False,,0.66,162813875.0,161664870.0,1.37333743845519,-4.39,18.13,18.7,,-0.10824569869907885,0.35357179179090803,49.86935417835268,0.007503015220439169,0.11073979140383017,False,0.4608904432429429,,0.889,US,True,True,51.077640355337536,96.09680150389417,67.91702188121626,90.33144239391765,43.75278335102353,9.548167092924126,67.13928273561301,58.016032064128254,50.0,91.10898661567877,66.0,79.88734231468402,standard,3,34061171855,False,41.1,False,65.22101751459549,9.341117597998332,5.67139282735613,50.0417014178482,50.0417014178482,50.0417014178482,7,STARK,8,UPPTREND,False,4,0.5714285714285714,MEDEL,STARK,15.3
EXEL,"Exelixis, Inc.",Healthcare,Biotechnology,United States,USD,13047842320.176258,-9.598327999999999,-2.7405120000000007,2.56,3.3757551,5.492693,5.257,-0.8012500000000005,0.28434250250000004,0.159365,0.23135500299999998,0.22119500500000003,0.514934985,0.017,0.323,0.319,-50.54175,1.2440000000000002,3.01,-182736896.0,777206976.0,169540992.0,12487933952.0,2844423000.0,,2320126000.0,,,892701000.0,,782570000.0,884267000.0,,0.0,,,,,0.435,53.93000030517578,33.7599983215332,51.90999984741211,49.0,2.15789,16.0,10.39,0.1607,0.01821,1.07366,False,False,,0.229,2539479.0,2463110.0,2.6393212574802005,6.66,25.81,24.78,,-0.03745596970763987,0.40429212291179945,56.00336180317693,0.06973581060358036,0.19366673438140247,False,0.5666656065692725,,1.0,US,True,True,,94.6896404265554,80.80420574026714,74.18793510538859,63.22482583878724,76.64109121909634,11.884904086738949,37.17434869739479,50.0,10.707456978967496,22.900000000000002,71.51462420284635,standard,22,127860040,False,45.0,False,28.065054211843204,77.14762301918266,25.85487906588824,50.0417014178482,50.0417014178482,50.0417014178482,5,NEUTRAL,0,UPPTREND,False,4,0.5714285714285714,MEDEL,OK,7.1
LLY,Eli Lilly and Company,Healthcare,Drug Manufacturers - General,United States,USD,979640308493.1531,12.210797999999997,9.128999999999998,1.4727,28.034671399999997,13.559222,14.086,14.63375,0.9490625024999999,0.14644501000000001,0.230375003,0.30356500500000005,0.37881498499999994,0.47200000000000003,1.586,1.681,79.71524999999998,-0.5169999999999998,0.721,8344743552.0,5281999872.0,43370000384.0,1017728335872.0,112476000000.0,,65179000000.0,,,29696000000.0,,20640000000.0,16813000000.0,0.63,0.22129999,6.92,0.89,1.73,1778803200.0,0.517,1182.72998046875,619.398328525751,1098.5699462890625,1218.7241,1.74194,29.0,2.75,0.011,0.00155,0.85355,False,False,,0.207,3176633.0,3263820.0,1.3674662033503764,7.55,19.94,4.55,,-0.07115743709002154,0.37979917069957614,48.57483605541676,0.0874202607845116,0.14023977033402923,False,0.43187368181713864,,1.0,US,True,True,49.467255406335056,95.21604164070953,65.24580846831486,93.37142659574435,39.83399726126984,17.476555839727194,67.13928273561301,57.31462925851704,50.0,92.54302103250478,20.7,78.91961379211583,standard,4,3585534562,False,42.6,False,64.72060050041702,17.097581317764803,8.84070058381985,50.0417014178482,50.0417014178482,50.0417014178482,7,STARK,8,UPPTREND,False,4,0.5714285714285714,MEDEL,STARK,12.8
2881.TW,"Fubon Financial Holding Co., Ltd.",Financial Services,Insurance - Life,Taiwan,TWD,1885869622890.0,7.131640000000001,3.7862219999999986,1.36,0.9043223499999998,1.8013148,1.319,-5.379,0.07455999999999999,0.020065000000000003,-0.09869500499999997,0.10414005000000004,0.13686500000000001,1.695,,,57.257999999999996,-0.4600000000000001,1.007,1155170764800.0,1336526110720.0,836762796032.0,1380792401920.0,12875478154000.0,,379304535000.0,,,,,120943979000.0,14407546000.0,3.22,0.4954,4.25,3.8,4.25,1782864000.0,0.68,141.0,77.5903690252046,138.0,109.075,2.0,10.0,,,0.40671003,0.24034001,False,False,,0.5,39794848.0,57514395.0,0.6370888625058463,44.05,54.19,45.42,,-0.021276595744680882,0.234070778990977,81.11111111111111,0.35925773239619696,0.47659487714337967,True,0.9519122864128636,,1.0,Asia,True,True,,62.206832189186095,91.44643364592214,97.34822222971398,50.419856450570535,14.663256606990622,67.13928273561301,99.04809619238478,50.0,,50.0,70.48779954169088,standard,24,250615301,False,59.0,False,97.5396163469558,14.345287739783153,66.13844870725605,50.0417014178482,50.0417014178482,50.0417014178482,6,NEUTRAL,0,UPPTREND,False,4,0.5714285714285714,MEDEL,VÄNTA,4.5
CPRX,"Catalyst Pharmaceuticals, Inc.",Healthcare,Biotechnology,United States,USD,3841532185.721243,-8.648343,-5.698953000000001,,0.35854410000000003,6.4351797,5.171,-3.374250000000001,0.11943251250000002,0.10173499999999999,0.251265003,0.299915005,0.390855035,-0.027000000000000003,-0.0020000000000000018,0.123,-59.034749999999995,5.0889999999999995,6.701,-640046384.0,755859008.0,2681000.0,3087137536.0,1103979000.0,,588989000.0,,,257778000.0,,214326000.0,208670000.0,,0.0,,,,,0.74,32.560001373291016,19.049999237060547,31.3799991607666,31.66667,3.0,3.0,2.63,0.0829,0.05574,0.89801,False,False,,0.5,2191882.0,1815910.0,1.7372366734426994,0.54,40.53,29.72,,-0.03624085266447108,0.3277604095669088,75.8617514551613,0.05655850784547001,0.28447310727141173,False,0.8449127932643001,,1.0,US,True,True,,91.85503085014955,85.30832622904234,58.39901116866292,66.8359167176035,90.96334185848252,11.884904086738949,5.911823647294589,50.0,26.95984703632887,50.0,70.27766460349798,standard,25,56983254,False,46.4,False,28.065054211843204,91.15929941618015,21.3511259382819,50.0417014178482,50.0417014178482,50.0417014178482,4,NEUTRAL,0,UPPTREND,False,3,0.42857142857142855,LÅG,VÄNTA,-0.3
ANET,"Arista Networks, Inc.",Technology,Computer Hardware,United States,USD,213643276239.8519,24.779273000000003,18.06867325,2.182,9.7345283,22.002623,20.516,28.600499999999997,0.16840748,0.07999999999999999,0.2752775015,0.28924998,0.18586498499999998,0.21849999999999997,0.057999999999999996,0.257,,1.1340000000000003,2.176,3550381184.0,12353200128.0,0.0,199205421056.0,19448600000.0,,9005700000.0,,,3856100000.0,,3511400000.0,4371900000.0,,0.0,,,,,1.611,179.8000030517578,85.58000183105469,169.6699981689453,190.0881,1.3,27.0,1.68,0.020399999,0.1727,0.72877,False,False,,0.477,9242258.0,7341010.0,1.2764037212769312,19.84,24.52,34.52,,-0.05634040439863863,0.5322165850908406,57.29404835194381,0.07023685084540587,0.19344592176731346,True,0.7635635580435379,,0.941,US,True,True,54.47133072114379,88.7904405939502,80.7899971582836,74.84805377773591,35.423195910314675,27.365728900255753,11.884904086738949,70.14028056112225,50.0,79.54110898661568,47.699999999999996,70.22919134090199,standard,26,1245549153,False,45.1,False,72.64386989157632,26.772310258548792,2.543786488740617,50.0417014178482,50.0417014178482,50.0417014178482,6,NEUTRAL,0,UPPTREND,False,3,0.42857142857142855,LÅG,OK,9.7
6098.T,"Recruit Holdings Co., Ltd.",Communication Services,Internet Content & Information,Japan,JPY,15125590202405.0,16.264863000000005,16.455673,2.8978,7.504742299999999,4.090926,3.917,12.024000000000001,0.178742505,0.099665011,0.062569995,0.02616999999999997,0.29546999999999995,0.054000000000000006,0.5085,0.522,-28.677,0.2660000000000001,1.559,369640747008.0,725499969536.0,186199998464.0,14481193172992.0,2789018000000.0,,3697351000000.0,,,630567000000.0,,496912000000.0,610363000000.0,0.24,0.0719,26.0,0.37,13.0,1790640000.0,0.912,11755.0,6028.418262645158,10865.0,12181.25,1.625,16.0,,,0.03449,0.53857,False,False,,0.5,6180122.0,4738720.0,0.8274048181119039,13.6,65.82,34.44,,-0.075712462781795,0.48121965064900074,49.43639291465379,0.21367628298931884,0.33954894481663556,False,0.6080122403540424,,0.943,Japan,True,True,64.7124846708342,80.39003188593684,83.46121057118499,77.93252023551753,41.71361259227695,5.3708439897698215,67.13928273561301,77.25450901803607,50.0,,50.0,69.93764898326639,standard,27,319244733,False,48.1,False,77.4812343619683,5.254378648874062,36.11342785654712,50.0417014178482,50.0417014178482,50.0417014178482,6,NEUTRAL,0,UPPTREND,False,5,0.7142857142857143,HÖG,OK,7.0
CACC,Credit Acceptance Corporation,Financial Services,Credit Services,United States,USD,6064016756.531738,-3.3707680000000018,-2.2692475000000005,1.77,1.2635701499999996,4.753482,9.711,,0.14594000499999998,0.031155000000000002,0.10489999300000002,0.158495035,0.49452498500000003,0.066,0.299,0.278,355.9535,2.1759999999999997,3.634,,25700000.0,6408600064.0,12388026368.0,8631700000.0,,2287900000.0,,,619900000.0,,423900000.0,1054600000.0,,0.0,,,,,1.388,588.7100219726562,401.8999938964844,579.72998046875,536.6667,,3.0,5.78,0.2521,0.53068,0.69416,False,False,,0.724,161691.0,260480.0,5.178400476079588,5.8,28.89,27.45,,-0.015253760202375788,0.4074417793898118,52.1520854812201,0.08615046221368905,0.1919431575831274,True,0.9705235218907429,,0.708,US,True,True,,85.62324832574218,85.25149190110827,68.39337468617443,34.99765959185384,88.06479113384485,11.884904086738949,,50.0,14.780114722753346,72.39999999999999,69.8483793807352,standard,28,151008065,False,47.5,False,28.065054211843204,88.32360300250208,31.27606338615513,50.0417014178482,50.0417014178482,50.0417014178482,6,NEUTRAL,0,UPPTREND,False,3,0.42857142857142855,LÅG,OK,9.1
AVGO,Broadcom Inc.,Technology,Semiconductors,United States,USD,1957030643485.2651,34.69068300000001,1.1954742499999975,0.7476,16.213392299999995,25.932959,24.349,25.250499999999995,0.22600747999999998,0.057600004,0.2805875015,0.35174,0.31333498499999995,0.3465,0.6619999999999999,0.875,24.5405,0.543,1.929,26400392832.0,19627999232.0,64907001856.0,1837507018752.0,171092000000.0,,63887000000.0,,,26075000000.0,,23126000000.0,27537000000.0,0.69,0.41259998,2.6,1.87,0.65,1782086400.0,1.433,495.0,242.7775893178268,411.3500061035156,523.84,1.33333,45.0,3.01,0.0125,0.0194,0.79914004,False,False,,0.628,25691456.0,37530350.0,1.2768138528727115,0.07,28.88,21.01,,-0.16898988665956438,0.4632286418121384,42.821826695505315,-0.0007870192438076407,0.1453202121442947,False,0.481478037817822,,0.857,US,True,True,52.449301588251124,91.5172181680469,67.33447001989201,84.11682904231894,43.0428504409806,14.407502131287298,67.13928273561301,66.13226452905812,50.0,90.43977055449331,62.8,77.74884363903318,standard,5,15438109702,False,42.5,False,69.97497914929107,14.09507923269391,2.543786488740617,50.0417014178482,50.0417014178482,50.0417014178482,7,STARK,8,VARNING,False,4,0.5714285714285714,MEDEL,STARK,15.5
BESI.AS,BE Semiconductor Industries N.V.,Technology,Semiconductor Equipment & Materials,Netherlands,EUR,24535756912.81897,132.63378000000003,32.09289575,2.5533,48.815129799999994,38.818405,38.694,100.769,0.17495249499999999,0.05221,0.1721724945,0.23598499500000003,0.25711,0.15049999999999997,0.443,0.637,70.3365,3.16,4.008,-409495824.0,611438016.0,519112992.0,24456972288.0,1113747000.0,,591331000.0,,,173056000.0,,131641000.0,178141000.0,0.51,1.1414,1.58,2.74,1.58,1777248000.0,1.365,328.3999938964844,104.73968512608042,309.79998779296875,281.56522,2.13636,23.0,,,0.108909994,0.62938,False,False,,0.5,455892.0,523104.0,1.9424948895484475,14.57,69.57,141.11,141.86,-0.056638265679683775,0.5024230710686299,63.41255469460398,0.17544856555127253,0.7259124146062619,True,0.7904885678816119,,0.481,Europe,True,True,26.0043220769898,87.21134673473388,91.73471143543178,65.37383646269839,40.871918981866926,64.9616368286445,29.02418682235196,35.07014028056113,50.0,,50.0,69.7070715753682,standard,30,185867189,False,39.8,False,28.065054211843204,65.72143452877398,2.543786488740617,50.0417014178482,50.0417014178482,50.0417014178482,6,NEUTRAL,0,UPPTREND,False,3,0.42857142857142855,LÅG,OK,12.0
HWM,Howmet Aerospace Inc.,Industrials,Aerospace & Defense,United States,USD,111093845195.01736,33.377834,26.376792,0.8,15.843581749999997,12.883434,13.152,27.3465,0.18592999999999998,0.064370002,0.0983024985,0.14639500250000004,-0.09904499500000002,0.13,0.643,0.686,12.381999999999998,1.059,1.458,380893696.0,2435000064.0,4848000000.0,113410818048.0,11179000000.0,,8252000000.0,,,2115000000.0,,1508000000.0,1884000000.0,0.17,0.1067,0.48,,0.12,1778198400.0,1.193,290.6300048828125,168.6787646232831,277.6600036621094,305.128,1.45455,20.0,3.35,0.0222,0.0086900005,0.94504,False,False,,0.817,2382724.0,2705190.0,1.6865622645877332,9.7,19.25,42.4,,-0.044627192660072645,0.31797037783612425,62.79836944426446,0.08341085927444425,0.24320809170030855,True,0.9235242898850405,,0.922,US,True,True,41.649119133789966,75.59417231785608,81.86984938903099,82.45044497688055,58.12787109081325,37.084398976982094,67.13928273561301,51.503006012024045,50.0,76.48183556405354,91.69999999999999,69.50254406332688,standard,32,751123065,False,44.7,False,61.217681401167646,36.28023352793995,9.341117597998332,50.0417014178482,50.0417014178482,50.0417014178482,5,NEUTRAL,0,UPPTREND,False,4,0.5714285714285714,MEDEL,OK,11.4
TXN,Texas Instruments Incorporated,Technology,Semiconductors,United States,USD,293832545170.82263,21.757672999999997,14.20928125,1.5407,11.4053283,15.936249,16.421,16.530499999999996,0.17666749999999998,0.058019999999999995,0.18318750150000002,0.24010002000000003,0.12371498499999994,0.05349999999999999,0.121,0.31,34.2635,2.761,2.827,256393728.0,5103000064.0,14049999872.0,302779564032.0,34585000000.0,,17682000000.0,,,6140000000.0,,5001000000.0,7153000000.0,1.76,0.9504,5.68,2.71,1.42,1777939200.0,1.309,331.510009765625,150.9724502444009,322.8599853515625,294.40625,2.22222,32.0,2.46,0.0232,0.00279,0.92623,False,False,,0.161,7920770.0,9539930.0,2.4165301168176154,6.8,72.34,83.95,,-0.026092800094265622,0.41011099687711355,56.61278121299829,0.14829975538364826,0.5480231308542105,False,0.8978307389633097,,0.588,US,True,True,43.197850925732055,85.01915281644844,93.60613810741688,62.28713264335581,49.236134394638256,24.381926683716966,67.13928273561301,48.99799599198397,50.0,74.28298279158699,16.1,69.02123173559029,standard,35,3080061660,False,41.9,False,58.882402001668055,23.853211009174313,7.25604670558799,50.0417014178482,50.0417014178482,50.0417014178482,6,NEUTRAL,0,UPPTREND,False,4,0.5714285714285714,MEDEL,OK,9.7
AMAT,"Applied Materials, Inc.",Technology,Semiconductor Equipment & Materials,United States,USD,489960292217.0349,24.636488,17.889691249999995,2.0523,14.386266299999997,16.88121,16.848,34.308499999999995,0.25011753,0.08498999999999998,0.18524750150000002,0.18082000000000004,0.04005498499999999,-0.018500000000000003,0.14300000000000002,0.313,-19.0785,0.8130000000000001,1.624,2228518784.0,8240999936.0,7267999744.0,488987295744.0,36299000000.0,,28368000000.0,,,8470000000.0,,6998000000.0,7958000000.0,0.34,0.1731,2.12,0.79,0.53,1787184000.0,1.672,638.9000244140625,153.78458584516943,617.1099853515625,527.2,1.48718,35.0,2.66,0.0252,0.0030500002,0.85130996,False,False,,0.433,7537466.0,11564250.0,1.801742991903473,51.85,72.97,139.01,,-0.034105553654476206,0.49393389278380306,77.48165009569061,0.38562212543311225,0.9455618709166578,True,0.9910970805416304,,0.906,US,True,True,41.37068913947297,83.97739126701143,93.66297243535097,64.73758055654051,34.37560974702898,20.801364023870416,67.13928273561301,52.30460921843687,50.0,71.1281070745698,43.3,68.96651513524753,standard,36,7136414148,False,42.0,False,61.80150125104254,20.350291909924938,6.505421184320268,50.0417014178482,50.0417014178482,50.0417014178482,4,NEUTRAL,0,UPPTREND,False,4,0.5714285714285714,MEDEL,VÄNTA,4.2
6871.T,"Micronics Japan Co., Ltd.",Technology,Semiconductor Equipment & Materials,Japan,JPY,598132038040.0,21.940039000000006,46.07444875,,3.6394177999999995,7.7685537,7.652,7.025,0.1365675,0.074349996,0.1337124885,0.12752498499999998,0.17234998,0.1255,0.817,1.014,-7.690999999999995,-0.344,1.092,,13397000192.0,1300999936.0,589137182720.0,99026000000.0,,70173000000.0,,,16542000000.0,,12063000000.0,12903000000.0,0.61,0.3049,95.0,2.5,95.0,1766966400.0,1.666,17890.0,4190.132899571132,15430.0,12400.0,1.5,2.0,,,0.18466,0.41803002,False,False,,0.5,1035837.0,1125740.0,1.2283125915080526,2.59,44.88,134.72,,-0.13750698714365572,0.7453661829211736,55.32646048109966,0.10801533843657096,0.6447554899887522,True,0.6471584718684992,,0.5,Japan,True,True,,83.41743645499648,80.47740835464622,70.99516581682367,13.975892890018272,19.26683716965047,67.13928273561301,,50.0,,50.0,68.79097159406656,standard,37,107705278,False,34.8,False,28.065054211843204,18.84904086738949,16.34695579649708,50.0417014178482,50.0417014178482,50.0417014178482,5,NEUTRAL,0,UPPTREND,False,4,0.5714285714285714,MEDEL,OK,10.9
ABBN.SW,ABB Ltd,Industrials,Electrical Equipment & Parts,Switzerland,CHF,158082292216.80347,14.503948000000001,14.635351499999999,3.3859,10.313077250000001,4.572552,4.522,7.410000000000002,0.192304995,0.048880002000000006,0.0794474915,0.0987299975,0.028120019999999968,0.122,0.141,0.201,-9.483999999999995,0.11099999999999977,0.793,-85476448.0,5926000128.0,9176999936.0,156347301888.0,44885000000.0,,33220000000.0,,,5729000000.0,,4734000000.0,5469000000.0,1.12,0.44169998,0.94,2.2,0.94,1774224000.0,1.023,87.54000091552734,44.62955205058097,87.0999984741211,74.94255,2.78571,28.0,,,0.00028,0.59115005,False,False,,0.5,2550925.0,2928535.0,2.6983160092106018,7.08,32.76,50.22,,-0.005026301539919231,0.2723905481792439,61.03117577292215,0.08883708781046673,0.33838580102306004,True,0.9253115712354169,,0.722,Europe,True,True,47.22343941614572,77.08687428141415,91.10542767831771,67.31172343603423,52.26644830771675,31.45780051150895,67.13928273561301,46.59318637274549,50.0,,50.0,60.70211473943972,standard,127,316313742,False,39.1,False,28.065054211843204,30.775646371976645,33.02752293577982,50.0417014178482,50.0417014178482,50.0417014178482,3,SVAG,-8,UPPTREND,False,4,0.5714285714285714,MEDEL,VÄNTA,-4.4
MYCR.ST,Mycronic AB (publ),Industrials,Specialty Industrial Machinery,Sweden,SEK,59557393310.0,8.800809999999998,-0.394206500000001,0.42,3.93492465,7.176454,6.944,5.449,0.06825001,0.070580002,0.1339174855,0.2677499975,0.10491996999999997,0.10800000000000001,0.08099999999999999,0.153,-51.759,0.81,1.592,628032384.0,2721999872.0,401000000.0,57626890240.0,10922000000.0,,7938000000.0,,,1941000000.0,,1560000000.0,1407000000.0,1.06,0.3247,3.25,1.36,3.25,1778112000.0,0.718,318.79998779296875,176.65611157445193,305.0,260.25,3.25,4.0,,,0.002,0.85055,False,False,,0.5,282635.0,270377.0,1.6770042687986697,2.76,41.0,42.23,,-0.04328729084497507,0.35722708471794273,55.775579884577034,0.05881602206806935,0.33380221570023116,False,0.5352380337119733,,0.267,Nordic,True,True,60.108687524302326,81.5289420788528,86.70076726342711,50.811376448871876,57.630768545201256,49.275362318840585,67.13928273561301,61.32264529058116,50.0,,50.0,68.36695715486708,standard,38,8613359,False,49.3,False,67.13928273561301,48.20683903252711,18.181818181818183,50.0417014178482,50.0417014178482,50.0417014178482,5,NEUTRAL,0,UPPTREND,False,4,0.5714285714285714,MEDEL,OK,7.1
V,Visa Inc.,Financial Services,Credit Services,United States,USD,543123461939.5752,10.737907,9.1551525,1.4362,14.826608749999998,14.463629,14.836,12.6425,0.4682500049999999,0.17257501,0.26628002300000003,0.30484503500000004,0.5282749849999999,0.11000000000000001,0.22199999999999998,0.315,-0.07450000000000045,-0.6079999999999998,0.669,20027893376.0,13912999936.0,23975999488.0,638335320064.0,99627000000.0,,40000000000.0,,,26556000000.0,,20058000000.0,23059000000.0,0.8,0.2197,2.68,0.7,0.67,1778544000.0,0.765,357.1416263785221,293.2820187246287,327.239990234375,398.83362,1.33333,36.0,2.58,0.0128999995,0.00084,0.91674006,False,False,,0.496,7498995.0,7405720.0,1.8217649458144787,-0.81,9.41,-4.79,,-0.08372486973124604,0.21522209859353383,50.72896379752825,0.02028069881138328,-0.0021655278600423156,True,0.6484408595159096,,0.869,US,True,True,67.7724478808363,96.5135879454748,53.90736004546746,74.4223570371984,51.59024577895829,19.863597612958227,67.13928273561301,82.66533066132264,50.0,89.67495219885278,49.6,76.33537919037252,standard,11,2423447740,False,47.7,False,84.32026688907422,19.432860717264386,8.17347789824854,50.0417014178482,50.0417014178482,50.0417014178482,7,STARK,8,NEDTREND,True,4,0.5714285714285714,MEDEL,EJ AKTUELL,5.6
5802.T,"Sumitomo Electric Industries, Ltd.",Consumer Cyclical,Auto Parts,Japan,JPY,10517219514375.0,6.781407000000005,40.181312,0.53,2.0727702,2.0580952,2.151,3.929249999999998,0.044390009999999994,0.0054499999999999965,0.0394999945,0.07000499600000001,-0.09401000000000001,0.076,1.29,1.401,-20.635499999999997,0.08599999999999997,0.876,127098007552.0,236981993472.0,620541968384.0,10992344891392.0,4441629000000.0,,4679789000000.0,,,320663000000.0,,193771000000.0,402253000000.0,0.29,0.325,39.0,2.83,20.0,1790640000.0,0.892,14850.0,2725.0047584030117,13485.0,14998.0,1.5,10.0,,,0.04488,0.4672,False,False,,0.5,7573157.0,7518260.0,1.855394059582113,25.68,43.15,96.58,,-0.09191919191919196,0.6399653948359009,51.8362432269717,0.19627411842980713,0.7464632012450259,True,0.8214138545553961,,1.0,Japan,True,True,62.65639487931085,59.67623996501827,83.97271952259165,87.0376029585771,36.047916604062166,6.479113384484228,67.13928273561301,61.923847695390776,50.0,,50.0,68.20678594213209,standard,39,628638903,False,49.9,False,68.89074228523769,6.33861551292744,61.55129274395329,50.0417014178482,50.0417014178482,50.0417014178482,6,NEUTRAL,0,UPPTREND,False,4,0.5714285714285714,MEDEL,OK,10.4
CSCO,"Cisco Systems, Inc.",Technology,Communication Equipment,United States,USD,471159103462.5912,6.320103000000003,4.965165249999999,1.659,3.5333492999999994,7.7562165,8.027,10.260499999999999,0.10548750000000003,0.009780000000000004,0.0889575015,0.11178001,0.193464955,-0.012500000000000011,0.179,0.354,18.063499999999998,-0.7699999999999999,0.704,8476519040.0,16640000000.0,33001000960.0,487638335488.0,122291000000.0,,56654000000.0,,,12504000000.0,,10180000000.0,14193000000.0,1.41,0.55,1.68,2.79,0.42,1783296000.0,1.004,130.3699951171875,64.24132869408767,119.54000091552734,127.04667,1.88462,21.0,2.27,0.015700001,0.00055,0.82878,False,False,,0.65,23434951.0,25333910.0,2.0378613532903254,3.61,53.09,55.81,,-0.08307121736044587,0.31052162869366795,48.85833259923013,0.13807949680253961,0.45524102962700574,False,0.36959131601070677,,0.85,US,True,True,60.68330691233213,75.21381924141271,84.79681727763568,64.85884560229616,42.0576365125596,21.057118499573743,67.13928273561301,69.73947895791584,50.0,84.7036328871893,65.0,68.17542497469593,standard,41,3028415625,False,46.6,False,73.97831526271894,20.600500417014178,16.430358632193496,50.0417014178482,50.0417014178482,50.0417014178482,5,NEUTRAL,0,UPPTREND,False,5,0.7142857142857143,HÖG,OK,10.2
ROST,"Ross Stores, Inc.",Consumer Cyclical,Apparel Retail,United States,USD,74677835471.74615,4.878793000000002,10.6686085,2.7539,8.4313165,3.1408832,3.189,6.198749999999999,0.24361999000000004,0.05677999999999999,0.0149749925,0.030650005000000022,-0.122104985,0.133,0.263,0.356,-4.421999999999997,0.19299999999999995,0.884,1235727232.0,4130980096.0,4723149824.0,75812126720.0,15548737000.0,,22750559000.0,,,2707357000.0,,2145044000.0,3026883000.0,0.76,0.2318,1.78,1.03,0.445,1780963200.0,0.866,242.80999755859375,123.3705932715873,232.8000030517578,256.17648,,17.0,2.47,0.0305,0.021259999,0.94671994,False,False,,0.499,2805148.0,2972550.0,1.1833888781464337,9.67,10.73,28.15,,-0.04122562747615188,0.24559276593206528,51.762015878456005,0.03143704056195973,0.22293797481847588,True,0.5743441981270482,,0.946,US,True,True,63.92744444112105,65.9531204026226,75.41915316851377,78.6504746865236,60.540620533316265,44.84228473998295,67.13928273561301,68.5370741482966,50.0,63.862332695984705,49.9,68.04643101736056,standard,42,692009649,False,54.1,False,72.5604670558799,43.8698915763136,45.954962468723934,50.0417014178482,50.0417014178482,50.0417014178482,5,NEUTRAL,0,UPPTREND,False,6,0.8571428571428571,HÖG,OK,8.4
6861.T,Keyence Corporation,Technology,Scientific & Technical Instruments,Japan,JPY,18844203067200.0,14.796651000000004,17.229913749999994,2.9752,0.9833249999999998,16.11595,14.838,12.216,0.029567500000000024,0.05727999999999999,0.3224525285,0.467574995,0.53382994,0.046499999999999986,0.062,0.254,,8.479000000000001,9.963,276501377024.0,1493889056768.0,0.0,17350314164224.0,3670655000000.0,,1169289000000.0,,,595759000000.0,,445185000000.0,430680000000.0,0.71,0.2996,550.0,0.5,275.0,1789603200.0,1.002,84170.0,51271.96903921346,77700.0,84706.25,1.6875,16.0,,,0.22763,0.37553,False,False,,0.5,808416.0,668370.0,1.4715044485780238,0.96,31.17,40.8,,-0.07686824284186766,0.3851687653816131,43.780848963474824,0.06639364061573594,0.27049780060493456,False,0.5988619936925834,,0.75,Japan,True,True,57.937928094995954,89.0509406376037,81.04575163398692,64.01944142848573,56.12974072149964,4.859335038363171,67.13928273561301,68.13627254509018,50.0,,50.0,76.01962296105282,standard,12,322011164,False,41.8,False,71.22602168473729,2.543786488740617,7.089241034195163,50.0417014178482,50.0417014178482,50.0417014178482,7,STARK,8,UPPTREND,False,4,0.5714285714285714,MEDEL,STARK,12.0
ASML.AS,ASML Holding N.V.,Technology,Semiconductor Equipment & Materials,Netherlands,EUR,638945423856.2219,35.188643,22.126180749999996,2.8226,25.760243799999998,18.963911,18.033,31.456000000000003,0.38461249500000005,0.10747000000000001,0.2292824945,0.250415015,0.15041,-0.0005000000000000004,0.0,0.171,-30.27949999999999,-0.21499999999999997,0.691,7682298304.0,8376300032.0,2705600000.0,607577767936.0,50566600000.0,,32667300000.0,,,11301400000.0,,9609400000.0,,0.68,0.2568,10.8,0.86,2.7,1776988800.0,1.396,1691.4000244140625,584.6850467526177,1657.800048828125,1570.7921,1.47727,35.0,,,0.0001,0.46569002,False,False,,0.5,747826.0,1047442.0,3.2013635056881187,23.24,42.18,90.35,141.69,-0.01986518570471063,0.40615612258645784,78.46352669819666,0.2151412112814841,0.5191121837152377,True,0.8622133571041583,,0.732,Europe,True,True,49.98306314120778,89.1810366691733,93.06930789866804,54.99729628653779,27.325240600369465,18.925831202046037,67.13928273561301,64.12825651302605,50.0,,50.0,67.99874441266336,standard,43,1991569313,False,43.4,False,68.80733944954129,18.515429524603835,6.005004170141785,50.0417014178482,50.0417014178482,50.0417014178482,4,NEUTRAL,0,UPPTREND,False,3,0.42857142857142855,LÅG,VÄNTA,11.5
GOOGL,Alphabet Inc.,Communication Services,Internet Content & Information,United States,USD,2159289338231.6445,7.096441000000002,10.285656500000002,1.4491,5.5764028,10.629429,10.63,16.8725,0.21822247499999997,0.09047500100000001,0.25774499800000006,0.17717500499999997,0.154174985,0.157,0.7194999999999999,0.812,-57.1375,0.7760000000000001,1.707,27109893760.0,126839996416.0,95875997696.0,4491333074944.0,595281000000.0,,402836000000.0,,,129039000000.0,,132170000000.0,164713000000.0,0.24,0.0641,0.88,,0.22,1780876800.0,1.237,408.36608091552193,161.53916480969883,368.0299987792969,432.83453,1.44444,53.0,2.79,0.014199999,0.01175,0.80762,False,False,,0.468,29821472.0,30916600.0,1.3627540870272967,-5.01,19.9,20.2,,-0.0987743204474647,0.2926357532634095,42.68473567170125,0.002278336009689408,0.18439967744858343,False,0.42313871182685725,,1.0,US,True,True,46.439184338826905,87.55419540016867,70.03410059676045,86.72452660977548,52.212906857460496,13.725490196078432,67.13928273561301,54.10821643286573,50.0,87.38049713193116,46.800000000000004,67.99835336664579,standard,44,11378236260,False,43.6,False,69.47456213511259,13.427856547122602,11.509591326105086,50.0417014178482,50.0417014178482,50.0417014178482,5,NEUTRAL,0,UPPTREND,False,4,0.5714285714285714,MEDEL,OK,7.2
AFL,Aflac Incorporated,Financial Services,Insurance - Life,United States,USD,58772487486.19946,-4.620496000000001,2.325222499999999,1.18,-0.7597110500000003,3.2449474,3.641,2.682500000000001,0.029450005,0.011525000000000004,0.005450013000000031,-0.07294496499999997,0.05099494499999996,0.21800000000000003,38.467,34.138,-19.0315,-0.7609999999999998,0.814,4111268992.0,8270000128.0,14464000000.0,65953918976.0,116470000000.0,,17355000000.0,,,,,3646000000.0,2555000000.0,2.08,0.26860002,2.44,2.17,0.61,1779235200.0,0.61,119.1927847439948,94.92501795412419,115.47000122070312,112.42857,3.07143,14.0,3.67,0.023,0.108789995,0.59858,False,False,,0.808,2473487.0,3108730.0,2.0500190378878065,-1.98,8.3,6.57,,-0.03123329596911062,0.17120560905435261,59.21450053567049,0.006228877741027095,0.04547439070249992,False,0.4667637064202845,,0.621,US,True,True,87.4931205694972,53.06870379918617,65.70048309178743,84.52354051805881,56.42873382469646,49.70161977834612,67.13928273561301,93.48697394789579,50.0,74.95219885277247,90.80000000000001,67.9702743695984,standard,45,358965057,False,59.9,False,93.24437030859049,48.62385321100918,44.87072560467056,50.0417014178482,50.0417014178482,50.0417014178482,6,NEUTRAL,0,UPPTREND,False,4,0.5714285714285714,MEDEL,OK,12.7
PRY.MI,Prysmian S.p.A.,Industrials,Electrical Equipment & Parts,Italy,EUR,44771882398.94005,6.207675999999999,8.7130085,0.62,3.2358812500000003,2.1718109,2.234,3.3770000000000007,0.08376498499999999,0.024169997999999998,0.002357491499999996,-0.029270002499999996,0.007060029999999995,0.04000000000000001,0.463,0.64,7.027000000000008,-0.001000000000000112,0.771,604523584.0,1546000000.0,5423000064.0,46059884544.0,20190000000.0,,19650000000.0,,,1467000000.0,,1270000000.0,2162000000.0,0.61,0.1702,0.9,1.39,0.9,1776643200.0,0.954,157.25,54.75191407195797,153.1999969482422,146.4,1.95,20.0,,,0.0,0.62109,False,False,,0.5,1169520.0,1268862.0,1.7776533562720707,2.61,63.05,83.43,177.09,-0.025755186338682456,0.38300762390161797,54.06249622503676,0.09529777186715505,0.49377826570570105,False,0.8019461474808806,,0.263,Europe,True,True,65.50167499177459,58.96284699719938,94.63423981479309,57.75791323352321,52.631414419767644,54.5609548167093,67.13928273561301,64.62925851703407,50.0,,50.0,67.78238119594444,standard,46,222949469,False,57.3,False,70.05838198498749,55.54628857381151,59.71643035863219,50.0417014178482,50.0417014178482,50.0417014178482,5,NEUTRAL,0,UPPTREND,False,3,0.42857142857142855,LÅG,OK,8.7
GOOG,Alphabet Inc.,Communication Services,Internet Content & Information,United States,USD,2020897041989.1003,7.010170000000002,10.218653500000002,1.4468,5.561977799999999,10.612967,10.569,16.7105,0.21822247499999997,0.09047500100000001,0.25774499800000006,0.17717500499999997,0.154174985,0.157,0.7194999999999999,0.812,-57.1375,0.7760000000000001,1.707,27109893760.0,126839996416.0,95875997696.0,4465283825664.0,595281000000.0,,402836000000.0,,,129039000000.0,,132170000000.0,164713000000.0,0.24,0.0641,0.88,,0.22,1780876800.0,1.237,404.2267181336527,162.86491588680474,367.4599914550781,426.61847,1.43077,13.0,2.2,,0.06643,0.61105996,False,False,,0.473,20614993.0,20741560.0,1.2379061529493893,-4.47,20.26,19.57,,-0.09095570636282901,0.28701636960674354,44.821815211222805,0.008279759847765078,0.1843903218276013,False,0.47128526524550585,,1.0,US,True,True,46.78917536565669,87.55419540016867,70.82978118783745,86.72452660977548,52.89375792129028,14.23699914748508,67.13928273561301,54.208416833667336,50.0,,47.3,67.73686179478351,standard,47,7621693460,False,43.8,False,69.89157631359465,13.928273561301086,11.592994161801501,50.0417014178482,50.0417014178482,50.0417014178482,6,NEUTRAL,0,UPPTREND,False,4,0.5714285714285714,MEDEL,OK,7.1
KLAC,KLA Corporation,Technology,Semiconductor Equipment & Materials,United States,USD,339056790318.45154,39.795473,31.35270825,2.6847,52.0780693,25.888796,23.762,34.783500000000004,0.8029574599999999,0.14923000000000003,0.24872748150000001,0.27401000000000003,0.164954985,-0.0175,-0.07400000000000001,0.103,55.92250000000001,1.331,1.963,2078330752.0,4957938176.0,6145359872.0,311205724160.0,16067926000.0,,12156162000.0,,,5014227000.0,,4061643000.0,4081903000.0,0.39,0.2152,0.92,0.95,0.23,1779062400.0,1.504,267.1700134277344,82.87100394695247,259.55999755859375,200.57143,2.0,28.0,3.32,0.0299,0.00091,0.93793,False,False,,0.484,10629422.0,16218920.0,2.0494021894917553,49.12,71.94,112.71,,-0.02848379491210762,0.5065169376758745,72.96907936035731,0.34068439970578734,0.8010469160569227,True,0.9580232512090956,,0.877,US,True,True,43.082396135554696,91.15303306998503,93.83347541915316,51.89481335104119,39.00699150629428,23.614663256606992,67.13928273561301,54.90981963927856,50.0,65.00956022944551,48.4,67.65180176037855,standard,49,4209782836,False,42.0,False,62.63552960800667,23.102585487906588,2.543786488740617,50.0417014178482,50.0417014178482,50.0417014178482,4,NEUTRAL,0,UPPTREND,False,3,0.42857142857142855,LÅG,VÄNTA,4.7
BHP,BHP Group Limited,Basic Materials,Other Industrial Metals & Mining,Australia,USD,223220130211.30618,-4.265728500000002,-0.07165574999999968,5.95,1.5222054499999995,4.134625,4.516,-3.9815000000000005,0.1300024925,0.074905006,0.08038749149999999,0.25463250249999997,0.38134498499999997,0.020000000000000004,-0.14199999999999996,0.277,-4.366999999999997,-0.17949999999999988,1.232,7325268608.0,13509000192.0,29195999232.0,243802996736.0,108790000000.0,,51262000000.0,,,19078000000.0,,9019000000.0,18692000000.0,3.03,0.5464,2.66,7.08,1.46,1772755200.0,0.825,93.83000183105469,44.85666350667274,87.87000274658203,73.78571,3.125,7.0,6.29,0.0061000003,5e-05,0.04303,False,False,,0.714,2755912.0,3306000.0,1.315095818194771,7.33,30.43,52.85,,-0.06351911934525922,0.32410641374270194,48.40783748320705,0.046021649574018886,0.30655383415634163,False,0.4886866041699193,,0.5,US,True,True,,87.27606331868425,83.74538221085537,46.485165485593555,45.89433042817927,27.10997442455243,67.13928273561301,80.96192384769539,50.0,95.21988527724665,71.39999999999999,67.64445769327789,standard,50,290498229,False,52.6,False,82.81901584653878,26.522101751459548,35.696413678065056,50.0417014178482,50.0417014178482,50.0417014178482,5,NEUTRAL,0,UPPTREND,False,3,0.42857142857142855,LÅG,OK,-1.0
QCOM,QUALCOMM Incorporated,Technology,Semiconductors,United States,USD,238319940643.31055,-9.187491999999999,1.1344142499999998,0.9578,2.6720483,5.3571897,5.195,-0.634500000000001,0.21402749999999998,0.06333,0.11518751149999999,0.08245000000000001,0.09848498499999997,-0.1675,1.538,1.621,6.5015,0.6710000000000002,1.448,8777768576.0,9799000064.0,15269999616.0,231100776448.0,50143000000.0,,44284000000.0,,,12394000000.0,,5541000000.0,14012000000.0,1.72,0.38279998,3.68,2.12,0.92,1780531200.0,1.596,258.9635412258548,121.54109371821322,226.11000061035156,183.83333,2.60526,30.0,1.45,0.0478,0.0012800001,0.84818,False,False,,0.645,20726606.0,21542020.0,2.07614554780627,16.02,72.87,29.69,,-0.12686550570008637,0.4921482542042691,42.26406522187814,0.18446212242268145,0.3678135482553886,False,0.5150899501520562,,0.87,US,True,True,,80.70072045666468,77.46518897414039,66.5637425789183,47.051396728391246,26.427962489343564,67.13928273561301,87.5751503006012,50.0,44.168260038240916,64.5,67.45035439004776,standard,51,4870866155,False,51.5,False,84.23686405337781,25.85487906588824,26.772310258548792,50.0417014178482,50.0417014178482,50.0417014178482,5,NEUTRAL,0,UPPTREND,False,4,0.5714285714285714,MEDEL,OK,6.7
6674.T,GS Yuasa Corporation,Consumer Cyclical,Auto Parts,Japan,JPY,703841492728.0,0.6386760000000038,3.935008999999999,2.3,0.022571899999999978,1.1557426,1.271,-4.706750000000001,0.008630009999999994,0.0014699999999999921,0.0359299945,0.092765,-0.04176000000000002,0.073,0.535,0.646,-19.477499999999996,-0.007999999999999896,0.845,-34462875392.0,36747001856.0,102348996608.0,773934350336.0,693738000000.0,,580340000000.0,,,50029000000.0,,30416000000.0,39296000000.0,1.49,0.2709,98.0,2.2,68.0,1790640000.0,0.696,7600.0,2500.256610576923,7016.0,6600.0,,9.0,,,0.08139,0.45332,False,False,,0.5,1118459.0,888500.0,1.268801768715324,16.2,39.44,85.82,,-0.07684210526315793,0.40687811860667655,58.04826306019624,0.08238198087010185,0.5091011361208577,True,0.7510600637933249,,0.783,Japan,True,True,,58.75544668167267,85.02415458937197,75.32016197945376,45.969851337166936,18.414322250639387,67.13928273561301,24.148296593186373,50.0,,50.0,67.38868102350257,standard,52,38652712,False,43.8,False,28.065054211843204,18.015012510425354,77.23102585487906,50.0417014178482,50.0417014178482,50.0417014178482,4,NEUTRAL,0,UPPTREND,False,3,0.42857142857142855,LÅG,OK,-2.0
SPG,"Simon Property Group, Inc.",Real Estate,REIT - Retail,United States,USD,68530497056.737915,-16.175762500000005,8.267971249999999,4.58,11.98137385,12.077921,14.815,1.4839999999999982,1.0676,0.026967501250000005,0.4479525015000001,0.05396998999999997,0.366314985,0.136,-0.07150000000000001,0.159,365.4465,-0.4159999999999999,0.195,1682834304.0,542955008.0,28989048832.0,98496675840.0,40606466000.0,,6364505000.0,,,3175396000.0,,4627612000.0,4136551000.0,4.16,0.60150003,8.8,5.11,2.25,1780963200.0,1.346,220.44000244140625,148.8418314975237,211.3300018310547,215.25,2.19048,20.0,0.0,0.0,0.01799,0.95053,False,False,,0.461,1674762.0,2441800.0,1.7492379325360936,6.37,11.68,18.4,,-0.04132644034411603,0.19033880758324226,61.60181379145085,0.040403430756335235,0.13352456463440054,True,0.6620362716952983,,0.0,US,True,True,73.79378159303681,86.6849620076475,72.39272520602445,44.503023933082694,34.95471910863738,46.80306905370844,67.13928273561301,69.43887775551102,50.0,99.0,46.1,66.80172460177883,standard,55,516025598,False,50.3,False,77.56463719766472,45.78815679733111,9.841534612176813,50.0417014178482,50.0417014178482,50.0417014178482,4,NEUTRAL,0,UPPTREND,False,4,0.5714285714285714,MEDEL,OK,8.4
8306.T,"Mitsubishi UFJ Financial Group, Inc.",Financial Services,Banks - Diversified,Japan,JPY,36965588028776.0,3.5878945000000027,4.433919999999997,1.7549,0.5950777499999998,4.341612,-0.424,,0.02493000499999999,0.000625000000000004,0.08418499000000002,0.09646006000000001,-0.29636,,,,,,,,151902574608384.0,110384014950400.0,-3612057010176.0,431731548000000.0,,7521125000000.0,,,,,2427229000000.0,-23064420000000.0,2.97,0.405,96.0,3.25,48.0,1790640000.0,0.323,3394.0,1858.3302080312258,3278.0,3231.6667,1.83333,12.0,,,0.03566,0.40499002,False,False,,0.5,41708591.0,49034240.0,1.1579779156319474,6.88,25.62,35.36,,-0.03417796110783733,0.3117664403333372,69.28895612708018,0.09633940366895777,0.2543361040619394,True,0.8083921056196116,,1.0,Japan,True,True,,55.98507325371295,84.10059676044331,95.66305254378649,68.39868505159346,2.898550724637681,67.13928273561301,,50.0,,50.0,58.70285910814353,standard,169,996646991,False,35.1,False,28.065054211843204,2.543786488740617,34.445371142618846,50.0417014178482,50.0417014178482,50.0417014178482,2,SVAG,-8,UPPTREND,False,4,0.5714285714285714,MEDEL,VÄNTA,1.2
CAT,Caterpillar Inc.,Industrials,Farm & Heavy Construction Machinery,United States,USD,454060792054.53644,17.998354,13.015982000000005,2.3384,20.01554675,6.4173665,6.717,15.710500000000005,0.36106000000000005,0.030390005999999997,0.029332498500000005,0.04631501250000002,-0.163485035,0.161,0.23099999999999998,0.273,155.381,-0.03200000000000003,0.73,2964768640.0,3316000000.0,43065999360.0,475262877696.0,98585000000.0,,67589000000.0,,,11151000000.0,,8884000000.0,11739000000.0,0.69,0.2958,6.52,1.72,1.51,1784505600.0,1.603,994.489990234375,353.89987600155763,985.8200073242188,945.6404,2.10714,26.0,2.95,0.0196,0.00219,0.72885,False,False,,0.297,2581106.0,3171300.0,2.0822023125090623,14.61,43.43,68.1,,-0.008718019281534373,0.35411149364742517,67.05550311443452,0.12957836074161322,0.4744200579331763,True,1.0807033976014961,,0.783,US,True,True,47.335417102862436,65.50497469660657,93.23671497584542,72.92194026434281,28.887719777698216,21.312872975277067,67.13928273561301,54.50901803607214,50.0,80.87954110898661,29.7,66.53816651534414,standard,58,3126330989,False,44.7,False,63.13594662218516,20.85070892410342,21.51793160967473,50.0417014178482,50.0417014178482,50.0417014178482,4,NEUTRAL,0,UPPTREND,False,4,0.5714285714285714,MEDEL,OK,4.2
PUUILO.HE,Puuilo Oyj,Consumer Cyclical,Department Stores,Finland,EUR,1458398174.2135582,2.729216000000001,3.363579999999999,,12.130265999999999,3.3163211,3.621,2.8802499999999984,0.41063001,0.09274001000000001,0.0826299945,0.09879499000000001,-0.04426000000000002,0.083,0.02700000000000001,0.143,104.44000000000001,0.9979999999999999,0.667,-799880172.0,33000000.0,163400000.0,1601436672.0,316700000.0,,442300000.0,,,74700000.0,,56000000.0,74900000.0,3.81,0.69699997,0.66,,0.33,1791936000.0,0.608,17.360000610351562,11.00821617219834,17.34000015258789,17.26667,1.75,3.0,,,0.07625,0.48186,False,False,,0.5,140092.0,220693.0,0.41539847303240884,34.0,49.58,35.36,,-0.0011521000610879018,0.30628965698877064,90.07629933918071,0.29185641945903473,0.33454542923514774,True,0.93756224357815,,0.501,Nordic,True,True,22.28498040857835,77.76571829197665,92.04319408922989,56.006143974873,55.65096769073296,95.56692242114238,67.13928273561301,1.0521042084168337,50.0,,50.0,58.49539187669677,standard,173,4389054,False,50.7,False,28.065054211843204,97.5396163469558,43.8698915763136,50.0417014178482,50.0417014178482,50.0417014178482,3,SVAG,-8,UPPTREND,False,3,0.42857142857142855,LÅG,VÄNTA,-11.2
TIH.TO,Toromont Industries Ltd.,Industrials,Industrial Distribution,Canada,CAD,19486505305.0,7.661792999999999,8.647522000000002,1.32,2.0868534,3.648279,3.589,2.5054999999999996,0.025634994999999994,0.031260006,0.013717495500000003,-0.0198100025,-0.12658999999999998,0.066,0.17099999999999999,0.245,-32.8895,1.797,1.858,-211777152.0,1161606016.0,845280000.0,19170179072.0,5470319000.0,,5202837000.0,,,681281000.0,,496586000.0,742122000.0,0.9,0.337,2.16,1.4,0.56,1780617600.0,0.974,243.5,115.97561247701155,239.0,235.0,1.77778,9.0,4.02,,0.00037,0.44326,False,False,,0.5,243992.0,341550.0,1.1062023065006599,11.67,26.06,51.6,,-0.01848049281314168,0.3036017149419768,61.31369806180365,0.10215679767463359,0.3037536905450615,True,0.9632409844448157,,0.889,Canada,True,True,50.135270541082164,54.09787429376574,88.37737993748225,70.73115603773257,60.15795402081275,70.58823529411765,67.13928273561301,39.478957915831664,50.0,,50.0,66.48678399043077,standard,59,57681210,False,46.1,False,28.065054211843204,71.22602168473729,39.366138448707254,50.0417014178482,50.0417014178482,50.0417014178482,4,NEUTRAL,0,UPPTREND,False,4,0.5714285714285714,MEDEL,OK,9.6
NBIX,"Neurocrine Biosciences, Inc.",Healthcare,Drug Manufacturers - Specialty & Generic,United States,USD,15916056133.990768,-2.4721720000000005,-3.1527450000000012,0.4466,1.2456667000000001,5.13024,4.855,4.710749999999998,0.09947250250000002,0.055245,0.09602501299999999,0.03806500500000001,0.19419498500000004,0.33899999999999997,22.992,24.051,-45.696749999999994,0.9149999999999999,2.506,-221306240.0,1316199936.0,463500000.0,15063356416.0,4631500000.0,,2860500000.0,,,636500000.0,,478600000.0,782700000.0,,0.0,,,,820195200.0,0.396,169.57000732421875,122.13999938964844,158.2899932861328,194.38036,1.41379,28.0,4.28,0.0716,0.0107700005,1.03905,False,False,,0.75,1199166.0,1180420.0,2.2866661618838493,2.55,22.04,6.42,,-0.06652128059721374,0.31542742911498023,49.98850246741256,0.07280192869144875,0.12035316425759857,False,0.40079764771335713,,0.7,US,True,True,43.86235156880926,77.10736429957288,67.71810173344699,87.81667913239912,69.48870237441496,73.91304347826086,11.884904086738949,37.07414829659319,50.0,30.592734225621417,75.0,58.404234962489426,standard,175,186848674,False,44.9,False,28.065054211843204,74.47873227689742,28.27356130108424,50.0417014178482,50.0417014178482,50.0417014178482,3,SVAG,-8,UPPTREND,False,4,0.5714285714285714,MEDEL,VÄNTA,0.3
NTAP,"NetApp, Inc.",Technology,Software - Infrastructure,United States,USD,31290372856.55037,-8.414932,-3.864353750000002,1.7589,17.063688299999995,4.518465,4.396,-2.2554999999999996,0.9205374999999999,0.03464999999999999,0.0763675115,0.13445000000000001,0.25793498499999995,-0.007500000000000007,0.04200000000000001,0.188,152.8175,-0.259,1.211,483393792.0,3584000000.0,2732999936.0,30439370752.0,10744000000.0,,6925000000.0,,,1695000000.0,,1276000000.0,2067000000.0,1.3,0.32759997,2.08,2.29,0.52,1783641600.0,1.434,192.8300018310547,93.21255900816845,159.7100067138672,171.75,2.4,16.0,6.06,0.1268,0.00592,1.05938,False,False,,0.775,2922151.0,3196020.0,1.771548042588612,32.44,55.72,42.64,,-0.17175747965923438,0.4069754021307058,36.82214696421469,0.22619553826284533,0.39990929573808587,False,0.49561990682923,,0.893,US,True,True,,83.94536977854793,75.9874964478545,60.519789136972335,23.66924207943463,60.69906223358908,67.13928273561301,68.03607214428857,50.0,16.634799235181642,77.5,66.30073398561065,standard,60,510436376,False,54.6,False,71.55963302752293,61.55129274395329,33.19432860717264,50.0417014178482,50.0417014178482,50.0417014178482,4,NEUTRAL,0,UPPTREND,False,4,0.5714285714285714,MEDEL,OK,10.4
MFC.TO,Manulife Financial Corporation,Financial Services,Insurance - Life,Canada,CAD,94993413561.10596,-0.5226819999999996,-1.1849325000000004,0.776,-0.18215890000000023,2.9658566,2.886,1.147499999999999,0.005574999999999997,-0.011024999999999993,-0.028855009999999973,-0.17891997999999998,0.11523,0.06,1.483,1.142,-5.695,28.463,8.905,4682500160.0,30281000960.0,23491999744.0,92438822912.0,1025433000000.0,,53014000000.0,,,,,5782000000.0,32105000000.0,3.24,0.5202,1.85,4.58,0.485,1780012800.0,0.78,58.060001373291016,39.52700456455675,57.029998779296875,55.38,2.06667,15.0,2.73,,0.00016000001,0.54312,False,False,,0.5,6155315.0,5131430.0,0.9637603658472335,6.99,23.92,18.4,,-0.017740312945772052,0.19749529414351796,83.1024790244521,0.06942674245706382,0.17764121171224811,True,0.833701345593354,,0.543,Canada,True,True,89.95154488080638,39.50805868943936,80.29269678886048,73.78154243731356,80.80182546261916,40.32395566922421,67.13928273561301,91.08216432865731,50.0,,50.0,66.26270640251943,standard,61,206787340,False,58.0,False,89.82485404503753,39.44954128440367,47.62301918265221,50.0417014178482,50.0417014178482,50.0417014178482,5,NEUTRAL,0,UPPTREND,False,5,0.7142857142857143,HÖG,VÄNTA,7.5
AAPL,Apple Inc.,Technology,Consumer Electronics,United States,USD,4376979104991.211,2.5958579999999998,10.996499249999996,2.408,34.9420143,9.695551,9.771,9.161500000000002,1.2679074000000001,0.19870000000000004,0.16362752149999998,0.18461,0.029114984999999982,0.0335,0.025999999999999995,0.194,30.070500000000003,-0.6249999999999999,0.906,100278890112.0,68507000832.0,84710998016.0,4411248607232.0,359241000000.0,,416161000000.0,,,133050000000.0,,112010000000.0,111482000000.0,0.36,0.1259,1.08,0.5,0.27,1778457600.0,1.086,317.3999938964844,196.08209436431653,298.010009765625,314.4238,1.97872,42.0,3.12,0.0106,0.01632,0.65825,False,False,,0.703,47300354.0,56179060.0,1.6308597205317537,-0.32,19.81,8.72,,-0.06109005829780556,0.2262811523586691,39.069563152896485,0.032499047507957846,0.11283718311868096,False,0.33130071345477835,,0.911,US,True,True,64.59486136452009,85.85830065210544,69.08212560386472,64.71590773176503,46.86598008623346,10.3154305200341,67.13928273561301,74.04809619238478,50.0,93.49904397705545,70.3,66.13801992598268,standard,62,16741922219,False,45.1,False,76.8974145120934,10.091743119266056,12.593828190158465,50.0417014178482,50.0417014178482,50.0417014178482,6,NEUTRAL,0,UPPTREND,False,5,0.7142857142857143,HÖG,OK,2.8
KO,The Coca-Cola Company,Consumer Defensive,Beverages - Non-Alcoholic,United States,USD,341574076538.99316,0.05270649999999932,6.914418249999999,4.0588,6.498502,6.9307294,7.677,10.091750000000001,0.25055752249999996,0.02945,0.18840500300000002,0.22473999999999997,0.16793498499999998,0.086,0.11199999999999999,0.178,26.064749999999997,0.28200000000000003,0.782,2312393856.0,13820000256.0,44646998016.0,378331299840.0,104816000000.0,,47941000000.0,,,14911000000.0,,13107000000.0,7408000000.0,2.64,0.64779997,2.12,2.89,0.53,1781481600.0,0.354,83.50089550771385,64.03758462860179,79.38999938964844,85.97417,1.8,24.0,3.12,0.0109,0.09896,0.68268996,False,False,,0.655,15566679.0,20756490.0,2.570858837558716,-2.46,5.76,14.33,,-0.049231760846033645,0.16783021812641394,53.299101091450716,0.011934861283491305,0.09117945041978248,False,0.4208402124496698,,0.887,US,True,True,50.049614153680494,84.82517326126359,65.87098607558966,68.92857976082536,76.34740578336489,23.444160272804773,67.13928273561301,54.30861723446894,50.0,92.73422562141491,65.5,73.91187438433509,standard,13,1647857728,False,44.7,False,63.55296080066722,22.93577981651376,19.349457881567975,50.0417014178482,50.0417014178482,50.0417014178482,7,STARK,8,UPPTREND,False,5,0.7142857142857143,HÖG,OK,12.0
2303.TW,United Microelectronics Corporation,Technology,Semiconductors,Taiwan,TWD,1825506128085.0,11.957585000000002,10.43974575,1.7201,0.09861589999999953,7.5831428,7.126,-2.1220000000000017,0.0007975050000000178,0.004089999999999996,0.07649250350000002,0.034535004999999994,-0.06182499999999996,-0.07750000000000001,0.889,1.079,12.911999999999999,0.9789999999999998,2.178,25121937408.0,134263775232.0,76035743744.0,1715446480896.0,567274863000.0,,237553199000.0,,,43658935000.0,,40360314000.0,99864187000.0,2.02,0.72339994,2.85,5.75,2.850164,1750723200.0,1.591,155.5,40.099998474121094,145.5,88.77391,2.91667,23.0,,,0.07643,0.40512002,False,False,,0.5,238939448.0,315066219.0,0.9118355666930362,34.72,138.13,197.55,,-0.06430868167202575,0.5140882760115316,50.588235294117645,0.39917299843012244,1.2595448283628894,False,0.8067021941530289,,0.675,Asia,True,True,,57.11303190860623,91.2475134981529,62.24412345204316,45.44383662895891,14.919011082693947,67.13928273561301,66.43286573146293,50.0,,50.0,65.66695319631116,standard,65,1447494009,False,44.9,False,70.55879899916597,14.595496246872393,16.847372810675562,50.0417014178482,50.0417014178482,50.0417014178482,5,NEUTRAL,0,UPPTREND,False,3,0.42857142857142855,LÅG,OK,11.1
CDNS,"Cadence Design Systems, Inc.",Technology,Software - Application,United States,USD,106848364280.27344,56.35510899999999,21.215154249999994,3.6777,10.178222299999998,19.326433,19.627,35.460499999999996,0.059757500000000005,0.040299999999999996,0.10390751150000001,0.15885,0.41128498500000005,0.05449999999999999,0.038000000000000006,0.227,-2.485500000000002,-0.22399999999999987,1.211,687296000.0,1546153984.0,3083354112.0,108512436224.0,10153148000.0,,5296759000.0,,,1649781000.0,,1108888000.0,1728781000.0,,0.0,,,,,1.149,416.69000244140625,262.75,387.3900146484375,386.7796,1.5,25.0,2.24,0.0178,0.0029300002,0.91129,False,False,,0.416,2468809.0,2694720.0,2.6310068373975595,14.57,34.79,21.24,,-0.07031603259329178,0.391058315041764,54.48395773489024,0.09520690269837506,0.18713362364567132,False,0.48886649401521054,,0.902,US,True,True,42.8160051446176,82.7172340551577,77.3941460642228,67.19418003982646,32.01610377832626,37.76641091219096,11.884904086738949,54.60921843687375,50.0,82.88718929254301,41.6,73.62583304783071,standard,14,1043907620,False,44.7,False,62.96914095079232,36.94745621351126,5.838198498748957,50.0417014178482,50.0417014178482,50.0417014178482,7,STARK,8,UPPTREND,False,3,0.42857142857142855,LÅG,STARK,18.6
BEAN.SW,BELIMO Holding AG,Industrials,Building Products & Equipment,Switzerland,CHF,11752620379.5,38.347701,26.380241500000004,1.41,15.773699249999998,10.485799,10.391,29.747999999999998,0.15886499499999998,0.136820002,0.09814749149999999,0.08018000750000001,0.22840999999999995,0.128,0.08499999999999999,0.156,-61.702999999999996,1.1879999999999997,1.346,-489285952.0,115992000.0,46638000.0,11646366720.0,878803000.0,,1120813000.0,,,232852000.0,,181625000.0,184857000.0,1.05,0.6432,10.0,1.66,10.0,1774396800.0,1.117,969.5,598.9996380559579,955.5,962.3333,2.3,9.0,,,0.20236999,0.5048,False,False,,0.5,31743.0,30544.0,1.7533329276976282,24.98,43.8,19.83,,-0.014440433212996373,0.365245661705459,78.41584158415841,0.20671364704099404,0.21169907177195357,True,0.8516477768861339,,0.5,Europe,True,True,22.501532916579425,83.51503172439489,84.85365160556975,57.45762269152597,49.79774532785905,78.68712702472294,67.13928273561301,24.549098196392784,50.0,,50.0,65.59094381074411,standard,66,36191459,False,43.2,False,28.065054211843204,79.14929107589657,11.759799833194329,50.0417014178482,50.0417014178482,50.0417014178482,4,NEUTRAL,0,UPPTREND,False,3,0.42857142857142855,LÅG,VÄNTA,9.7
FRO.OL,Frontline plc,Energy,Oil & Gas Midstream,Cyprus,NOK,84752536559.86456,-6.660119,-1.5902624999999997,,1.3392116500000002,37.643032,38.602,64.20225,0.234030005,0.041367501749999994,0.32935502,0.37060249750000007,0.13190999999999997,0.6205,15.512,15.797,53.532999999999994,0.6939999999999997,1.0,-484129056.0,471672000.0,2631087104.0,86911475712.0,5753627000.0,,1965104000.0,,,592823000.0,,379081000.0,682460000.0,15.47,0.4335,58.89,10.92,1.55,1781136000.0,0.022,390.20001220703125,160.94856510083034,380.70001220703125,361.50815,,6.0,,,0.35786998,0.35794997,False,False,,0.5,1013482.0,1001790.0,1.3727749797300857,6.52,28.5,67.41,,-0.024346488218353834,0.40361758090933497,92.2113654833265,0.11708293630812716,0.3628491010475339,True,0.9471934436808791,,0.0,Nordic,True,True,32.272305805641125,87.50780572586544,89.22989485649332,73.8506342736929,61.20998685487551,41.94373401534527,67.13928273561301,42.58517034068136,50.0,,50.0,65.54382242457262,standard,67,39394110,False,36.1,False,28.065054211843204,41.03419516263553,2.543786488740617,50.0417014178482,50.0417014178482,50.0417014178482,5,NEUTRAL,0,UPPTREND,False,5,0.7142857142857143,HÖG,VÄNTA,3.6
ARM,Arm Holdings plc,Technology,Semiconductors,United Kingdom,USD,469377882742.95044,495.94333300000005,123.18680125000002,3.8194,50.3288843,95.402016,85.409,376.26450000000006,-0.027262493999999984,-0.005789997999999998,0.07584750149999998,0.15716000000000002,0.5259049849999999,0.0685,0.287,0.49,-43.5515,4.301,5.834,-61356288.0,3600999936.0,491000000.0,420212342784.0,10703000000.0,,4920000000.0,,,908000000.0,,904000000.0,1524000000.0,,0.0,,,,,3.786,452.70001220703125,100.0199966430664,439.4599914550781,275.00052,1.85366,38.0,1.58,0.1274,0.00071000005,0.9541,False,False,,0.413,11606303.0,14307380.0,2.4187455803977986,96.93,238.51,262.89,,-0.02924678682336357,0.6988635812288724,62.43111114476614,0.6612753490261034,1.6184294992944084,True,0.9251586252830429,,0.754,US,True,True,33.37189303981096,67.23325127281535,95.70900824097755,72.10043957734177,34.20012552254469,21.14236999147485,11.884904086738949,47.19438877755511,50.0,16.156787762906312,41.3,65.40295228112353,standard,68,6287521093,False,33.0,False,28.065054211843204,20.683903252710593,2.543786488740617,50.0417014178482,50.0417014178482,50.0417014178482,5,NEUTRAL,0,UPPTREND,False,3,0.42857142857142855,LÅG,OK,6.2
CABK.MC,"CaixaBank, S.A.",Financial Services,Banks - Regional,Spain,EUR,88022470409.03044,2.600232,1.4009709999999984,0.94,0.8484192499999997,5.694667,5.98,,0.03401499999999999,0.004255001000000005,0.177254986,0.22709005999999998,-0.37562,-0.034,-0.047000000000000014,0.069,,,,,47705001984.0,54319001600.0,92429320192.0,664040000000.0,,16762000000.0,,,,,5891000000.0,4410000000.0,4.06,0.96769994,0.5,4.99,0.3321,1775520000.0,0.132,12.710000038146973,6.872577950686457,12.645000457763672,11.92714,2.28571,21.0,,,0.49707,0.24622,False,False,,0.5,9068214.0,7167249.0,2.419591872288432,11.51,29.4,26.64,79.38,-0.005114050368860368,0.24354546450144174,77.05733027587083,0.13058254465574337,0.2763977577967194,True,0.9996381090605491,,0.974,Europe,True,True,,61.482492160830056,87.2656561627443,52.71385135389612,86.0639211030956,41.2617220801364,67.13928273561301,,50.0,,50.0,57.35631480173588,standard,207,103945247,False,39.3,False,28.065054211843204,40.36697247706422,24.520433694745623,50.0417014178482,50.0417014178482,50.0417014178482,2,SVAG,-8,UPPTREND,False,4,0.5714285714285714,MEDEL,VÄNTA,-7.3
NDX1.DE,Nordex SE,Industrials,Specialty Industrial Machinery,Germany,EUR,11303537092.030518,9.763447,2.831357500000003,1.5,5.35704725,1.4668435,1.066,-3.1889999999999983,0.131485015,0.019890002000000004,-0.022342508500000004,-0.0513500025,-0.10633999999999999,0.045,6.2620000000000005,5.769,-33.82899999999999,-0.15800000000000014,0.786,26722432.0,1829081984.0,472779008.0,8216413696.0,6752008000.0,,7553549000.0,,,581174000.0,,274452000.0,1016287000.0,,0.0,,,,,1.169,51.70000076293945,16.360000610351562,47.720001220703125,46.75,2.125,16.0,,,0.46995,0.38872,False,False,,0.5,628241.0,634324.0,2.6654531148547336,9.4,5.06,61.54,184.9,-0.07698258188594354,0.471526399060658,67.7595615600545,0.07806727741442598,0.4016969340047467,True,1.223284374444634,,1.0,Europe,True,True,,51.74112998822208,78.4577692265578,89.0300242694447,29.564050030215252,79.28388746803068,11.884904086738949,51.10220440881763,50.0,,50.0,65.32909758949276,standard,69,34717215,False,60.2,False,60.30025020850709,79.73311092577148,71.22602168473729,50.0417014178482,50.0417014178482,50.0417014178482,5,NEUTRAL,0,UPPTREND,False,2,0.2857142857142857,LÅG,OK,16.6
LAGR-B.ST,Lagercrantz Group AB (publ),Industrials,Conglomerates,Sweden,SEK,49960059145.36789,16.653435,27.824982500000004,3.02,8.18858025,4.9436245,5.341,6.8370000000000015,0.13663000000000003,0.032710002,0.047607495500000006,0.056230007500000005,-0.03432000000000002,0.068,0.12,0.19,45.579,-0.17300000000000004,0.832,144157312.0,331000000.0,4544000000.0,56659918848.0,12771000000.0,,10609000000.0,,,1694000000.0,,1200000000.0,1502000000.0,0.86,0.3787,2.2,1.02,2.2,1756252800.0,1.212,266.79998779296875,185.1999969482422,254.39999389648438,274.85715,,7.0,,,0.04654,0.64397,False,False,,0.5,225214.0,126276.0,1.2999952962205132,-1.09,23.38,22.31,,-0.04647674086891829,0.32458407864155775,48.81516621950955,0.04334129141836751,0.1596105192001418,False,0.5754844102344563,,0.88,Nordic,True,True,50.34999102682977,69.65712211995108,78.14720090934924,68.33450208007966,40.175654870336594,53.28218243819267,67.13928273561301,50.1002004008016,50.0,,50.0,65.08751214413655,standard,70,3355373,False,50.3,False,60.633861551292746,54.295246038365306,29.608006672226857,50.0417014178482,50.0417014178482,50.0417014178482,5,NEUTRAL,0,UPPTREND,False,4,0.5714285714285714,MEDEL,OK,9.0
VRT,Vertiv Holdings Co,Industrials,Electrical Equipment & Parts,United States,USD,127927436479.97168,52.48664399999999,17.891362000000004,1.6696,28.006456750000005,11.797723,10.683,31.674500000000002,0.29872,0.056689997000000006,0.03977249849999998,0.028164992500000006,-0.077995015,0.24,1.286,1.371,1.5009999999999977,0.10899999999999999,1.057,1152893696.0,2500499968.0,3264900096.0,115843399680.0,12212400000.0,,10229900000.0,,,1896200000.0,,1332800000.0,2113800000.0,0.08,0.050300002,0.25,0.07,0.063,1781481600.0,2.037,379.8559491193527,109.93889200565019,333.04998779296875,378.30768,1.48148,26.0,2.52,0.0373,0.00232,0.85806,False,False,,0.202,5837075.0,6388110.0,1.214818829307132,3.25,23.76,107.39,,-0.1232202929423577,0.5878077251342844,55.83365398797203,0.03600856309090861,0.4878417531796959,True,0.8226703492552377,,1.0,US,True,True,47.05134148894805,69.14948308447603,77.55044046604148,91.20138156324583,41.95207785421007,34.612105711849956,33.40283569641368,60.02004008016032,50.0,54.302103250478005,20.200000000000003,65.02537756255181,standard,71,2127559958,False,45.5,False,65.38782318598832,33.861551292743954,10.091743119266056,50.0417014178482,50.0417014178482,50.0417014178482,5,NEUTRAL,0,UPPTREND,False,3,0.42857142857142855,LÅG,OK,10.4
AMD,"Advanced Micro Devices, Inc.",Technology,Semiconductors,United States,USD,876235857417.5128,146.195843,20.947231249999998,1.2927,7.481939299999999,23.394987,21.859,91.7775,-0.0661725,-0.02712,0.025847501499999995,0.005820000000000006,0.08109498499999995,0.2455,0.72,0.951,-43.4725,1.0300000000000002,1.75,6361518720.0,12346999808.0,3871000064.0,818711429120.0,76926000000.0,,34639000000.0,,,3694000000.0,,4335000000.0,7709000000.0,,0.0,,,,798940800.0,2.492,558.3699951171875,126.81999969482422,537.3699951171875,487.89584,1.45098,48.0,1.1,0.0271,0.00397,0.72162,False,False,,0.359,37960051.0,33243780.0,1.3713319017581953,29.78,161.79,156.91,,-0.03760947075172372,0.6729848324246779,53.11612131920642,0.30731943559129005,1.0577043091929208,False,0.8132965767257728,,0.746,US,True,True,40.9576615918404,43.2583676065706,94.4018186984939,81.24718497074369,29.881958030719474,17.81756180733163,11.884904086738949,56.1122244488978,50.0,68.35564053537286,35.9,64.94215115039846,standard,73,17864209896,False,41.5,False,63.96997497914929,17.431192660550458,2.543786488740617,50.0417014178482,50.0417014178482,50.0417014178482,4,NEUTRAL,0,UPPTREND,False,2,0.2857142857142857,LÅG,VÄNTA,12.1
ENVA,"Enova International, Inc.",Financial Services,Credit Services,United States,USD,5040435760.742676,-1.336188,-2.491725500000001,,0.8735237499999996,3.1897233,6.06,,0.116100005,0.033595002000000006,-0.04386000699999998,-0.10256498499999994,0.378704985,0.197,0.15299999999999997,0.249,279.6975,21.017999999999997,21.561,,110445000.0,4864254976.0,9576503296.0,6468432000.0,,3151653000.0,,,406727000.0,,308389000.0,1819121000.0,,0.0,,,,,1.298,204.05999755859375,96.56500244140625,202.5500030517578,202.0,,7.0,9.2,0.0962,0.04581,0.97226,False,False,,0.436,255454.0,443160.0,1.666719750294614,26.03,47.88,27.92,,-0.007399757546318497,0.3863387110612955,88.8931017329539,0.20473545165843876,0.3997878576939564,True,0.982073713276794,,0.942,US,True,True,,60.466769017373814,89.25831202046034,76.37572246215792,40.25274840048476,88.40579710144928,11.884904086738949,,50.0,23.518164435946463,43.6,64.93249925490386,standard,74,89762059,False,49.6,False,28.065054211843204,88.65721434528774,45.37114261884904,50.0417014178482,50.0417014178482,50.0417014178482,5,NEUTRAL,0,UPPTREND,False,3,0.42857142857142855,LÅG,VÄNTA,12.2
ALK-B.CO,ALK-Abelló A/S,Healthcare,Biotechnology,Denmark,DKK,50331960500.0,20.227811000000003,18.4361005,9.87,5.688784900000001,8.443247,8.269,12.230249999999998,0.08231250250000001,0.06553500000000001,0.11405001000000001,0.16044000000000003,0.25281,0.081,0.12100000000000001,0.234,-34.50275,1.085,1.916,14657344.0,1544999936.0,410000000.0,54255661056.0,9057000000.0,,6312000000.0,,,1654000000.0,,1197000000.0,1817000000.0,0.64,0.2759,1.6,0.66,1.6,1773705600.0,0.698,271.3999938964844,171.10009130256813,250.0,297.5,1.4,4.0,,,0.0,0.64142996,False,False,,0.5,212819.0,138435.0,1.067394042112449,-0.48,19.72,11.46,,-0.07885038459008453,0.27465685315595006,31.404991506796463,0.01834652831938466,0.12630006677397532,False,-0.19879606318920515,,0.675,Nordic,True,True,43.9240421140789,83.22516226048629,68.28644501278772,64.22683363254548,67.92975920664914,53.02642796248934,67.13928273561301,48.19639278557114,50.0,,50.0,64.876466280504,standard,75,5311593,False,47.4,False,58.381984987489574,54.045037531276066,14.762301918265223,50.0417014178482,50.0417014178482,50.0417014178482,5,NEUTRAL,0,UPPTREND,False,5,0.7142857142857143,HÖG,VÄNTA,6.4
WSM,"Williams-Sonoma, Inc.",Consumer Cyclical,Specialty Retail,United States,USD,26719060752.519516,-2.269674000000002,5.603829499999998,2.9865,9.5196675,3.3898149,3.497,0.8087499999999981,0.39387001,0.10873000999999999,0.0556749975,0.058610005000000034,0.011115005000000011,-0.028999999999999998,-0.068,0.0,0.5450000000000017,-0.017000000000000015,0.449,73605888.0,651601024.0,1493564032.0,27561023488.0,5411912000.0,,7806816000.0,,,1415722000.0,,1088437000.0,1314889000.0,1.34,0.30719998,3.04,1.73,0.76,1784246400.0,1.512,234.4199981689453,151.8860759702398,226.9199981689453,210.52632,2.22727,19.0,5.3,0.0586,0.0115,0.98966,False,False,,0.604,1206887.0,1393960.0,1.9484534888658147,32.11,24.78,23.2,,-0.03199385742932559,0.34800758737341553,68.70094449078815,0.1658018129023986,0.17556674894710111,True,0.9091593556650839,,0.924,US,True,True,62.55219394011904,76.96849977178792,80.81841432225063,48.753221424873026,50.60858935248129,63.59761295822677,67.13928273561301,50.50100200400801,50.0,37.09369024856596,60.4,56.859558897908926,standard,222,316317401,False,53.7,False,60.550458715596335,64.38698915763136,42.7022518765638,50.0417014178482,50.0417014178482,50.0417014178482,3,SVAG,-8,UPPTREND,False,4,0.5714285714285714,MEDEL,VÄNTA,-5.2
PG,The Procter & Gamble Company,Consumer Defensive,Household & Personal Products,United States,USD,350174725681.7522,-2.9273215000000015,5.313285250000002,4.2242,2.8564480000000003,4.0381327,4.335,2.4677500000000006,0.12795750250000001,0.04360999,0.102025003,0.10466,0.06033498499999995,0.03899999999999999,-0.012000000000000004,0.043,-31.227250000000005,-0.3440000000000001,0.487,11921894016.0,12305999872.0,37026000896.0,375879729152.0,125231000000.0,,84284000000.0,,,20451000000.0,,15974000000.0,17817000000.0,2.83,0.618,4.26,2.47,1.089,1776988800.0,0.385,166.00000775715966,135.62849904935726,150.3800048828125,163.43478,2.08,23.0,3.26,0.0117,0.00066,0.71903,False,False,,0.647,8732556.0,8909550.0,1.907875919520196,6.43,4.61,5.08,,-0.09409639846039985,0.18783090904011282,64.72367496939677,0.036687736427596374,0.020482239163745808,True,0.7793303355436635,,0.869,US,True,True,80.72989262106302,77.49241275715363,54.47570332480817,57.24301688530596,67.22344203306011,23.273657289002557,67.13928273561301,82.86573146292585,50.0,91.58699808795411,64.7,64.83412458684516,standard,76,1339818173,False,52.2,False,83.31943286071727,22.768974145120936,36.36363636363637,50.0417014178482,50.0417014178482,50.0417014178482,5,NEUTRAL,0,UPPTREND,False,4,0.5714285714285714,MEDEL,VÄNTA,3.1
CSX,CSX Corporation,Industrials,Railroads,United States,USD,84786877983.98642,-3.2003900000000023,1.2949690000000018,2.0799,1.9256187500000002,5.9915824,7.453,-1.0174999999999983,0.08459,0.016030002,0.11158249849999999,0.22608500250000002,0.018655014999999997,-0.044,0.194,0.249,67.648,-0.41900000000000004,0.775,318018688.0,1108999936.0,19428999168.0,105472712704.0,43682000000.0,,14092000000.0,,,4718000000.0,,2889000000.0,4613000000.0,1.19,0.3252,0.56,1.31,0.14,1780012800.0,1.222,48.029998779296875,31.396512194184737,45.630001068115234,46.25,2.0,22.0,3.04,0.020599999,0.0022200001,0.82037,False,False,,0.1,12742237.0,12560630.0,1.7157963032404644,-0.67,18.91,24.78,,-0.04996872313509504,0.22464068941248688,52.833099661175375,0.010439442045936165,0.17433968247228182,False,0.2335380819403343,,0.714,US,True,True,,74.10821561447293,77.18101733447003,56.57564839652809,41.78256670915888,41.85848252344416,67.13928273561301,50.80160320641283,50.0,78.96749521988528,10.0,64.7331093248029,standard,77,573141560,False,47.4,False,61.38448707256047,40.950792326939116,22.85237698081735,50.0417014178482,50.0417014178482,50.0417014178482,4,NEUTRAL,0,UPPTREND,False,3,0.42857142857142855,LÅG,VÄNTA,8.4
NDSN,Nordson Corporation,Industrials,Specialty Industrial Machinery,United States,USD,16488055920.325806,0.38738999999999635,4.068274000000002,1.9688,0.8298642500000002,5.678415,6.323,3.2105000000000015,0.01915,0.024429995999999995,0.07793249849999997,0.09967501250000002,0.102674985,0.024000000000000007,-0.010000000000000009,0.044,-13.774999999999999,1.212,1.443,-237266752.0,103139000.0,1973748992.0,18358665216.0,5917681000.0,,2791687000.0,,,724270000.0,,484474000.0,719175000.0,1.11,0.3462,3.28,1.08,0.82,1781740800.0,0.98,303.4844518507871,204.39595458871634,295.9200134277344,319.125,2.0,8.0,3.56,0.03,0.0559,0.77139,False,False,,0.862,385732.0,509200.0,2.861256408928479,9.25,11.06,26.37,,-0.024925291483373524,0.21148874101178858,57.31701524299008,0.04761421594751303,0.1488789905937542,True,1.0397794052522498,,0.692,US,True,True,47.51671252953669,70.54988446403345,77.0957658425689,51.35741978034488,69.32276100430356,73.57203751065644,67.13928273561301,38.37675350701403,50.0,64.62715105162525,96.2,56.63001161997239,standard,231,150682471,False,44.4,False,28.065054211843204,74.14512093411176,24.68723936613845,50.0417014178482,50.0417014178482,50.0417014178482,3,SVAG,-8,UPPTREND,False,4,0.5714285714285714,MEDEL,VÄNTA,1.4
GLW,Corning Incorporated,Technology,Electronic Components,United States,USD,167755523273.12506,65.41759300000001,26.492196249999996,1.5258,8.861169299999998,10.278508,9.889,22.8985,0.020597500000000005,-0.009840000000000002,0.0030075014999999955,0.01847,-0.08567501500000002,0.0675,1.197,1.363,30.8855,-0.08499999999999985,0.749,-199856256.0,1755000064.0,9923999744.0,161400356864.0,30976000000.0,,15629000000.0,,,2279000000.0,,1596000000.0,2695000000.0,0.63,0.5385,1.12,2.58,0.28,1780012800.0,1.155,211.46588845889576,49.42966676930502,194.9199981689453,198.0,1.8125,15.0,1.43,0.028099999,0.081750005,0.73761004,False,False,,0.284,13014145.0,13069990.0,1.7913295340915303,11.03,46.69,126.66,,-0.0782437792238373,0.5793404269594217,55.183062354003205,0.08890624584817663,0.6212003964230011,False,0.7402459008161829,,0.857,US,True,True,38.840666407441745,47.901215176261545,86.58709860755896,81.61501468050999,35.67531644244356,30.69053708439898,67.13928273561301,45.89178356713427,50.0,67.59082217973231,28.4,56.6152358817327,standard,232,2547602427,False,35.9,False,28.065054211843204,30.025020850708923,12.093411175979982,50.0417014178482,50.0417014178482,50.0417014178482,3,SVAG,-8,UPPTREND,False,3,0.42857142857142855,LÅG,VÄNTA,6.2
PSA,Public Storage,Real Estate,REIT - Industrial,United States,USD,55855399309.39746,2.0257515,7.115450249999999,4.6322,9.15612585,11.465789,14.408,1.876999999999999,0.13345,0.04340750125,0.13262250150000002,0.08053001999999998,0.298174935,-0.024999999999999994,0.0925,0.291,15.619499999999999,-0.42399999999999993,0.091,1525475712.0,134608992.0,10032266240.0,70187655168.0,20208604000.0,,4824113000.0,,,2260491000.0,,1784348000.0,3186449000.0,3.77,1.2397,12.0,3.45,3.0,1781481600.0,0.963,328.73615430160856,251.61751865534993,318.1199951171875,328.25,2.42105,16.0,7.52,0.050300002,0.10170999,0.87267995,False,False,,0.384,996732.0,1053900.0,1.3363826826810818,7.94,15.77,21.26,,-0.032293859514706647,0.2305813716781148,66.07425709584322,0.04746589606485463,0.12160228029650333,True,0.7336722848927502,,0.863,US,True,True,75.29790925133848,82.76568757616475,76.64109121909634,61.49427226633549,54.344956411855,50.72463768115942,29.02418682235196,73.34669338677354,50.0,43.59464627151052,38.4,64.58121449650797,standard,78,335266663,False,51.6,False,78.89908256880734,51.79316096747289,10.42535446205171,50.0417014178482,50.0417014178482,50.0417014178482,6,NEUTRAL,0,UPPTREND,False,4,0.5714285714285714,MEDEL,VÄNTA,9.2
BKT.MC,"Bankinter, S.A.",Financial Services,Banks - Regional,Spain,EUR,13547846128.98729,-0.3428140000000006,0.175889999999999,10.15,0.63808455,4.8989077,2.199,,0.05075500999999999,0.0035950000000000044,0.19110500600000002,0.24416003000000008,-0.37562,0.0,-0.064,0.076,,,,,18238898176.0,10182617088.0,6080130048.0,131018892000.0,,3128426000.0,,,,,1089976000.0,-598882000.0,5.09,0.5096,0.77,5.24,0.160932,1782086400.0,0.059,15.114999771118164,10.505932065799259,15.074999809265137,15.37409,2.5,22.0,,,0.29933,0.44969,False,False,,0.5,1680799.0,1663920.0,2.128546968932991,7.95,16.11,8.05,39.63,-0.002646375286717517,0.2332755896268444,70.80290548091168,0.058682235473680455,0.10778370459715014,True,0.9745776659304524,,0.723,Europe,True,True,,62.689096922469105,75.30571263208117,49.5048923634333,88.47602958633914,75.95907928388746,67.13928273561301,,50.0,,50.0,56.47006983715518,standard,235,28768886,False,45.5,False,28.065054211843204,76.48040033361134,30.275229357798167,50.0417014178482,50.0417014178482,50.0417014178482,2,SVAG,-8,UPPTREND,False,4,0.5714285714285714,MEDEL,VÄNTA,-6.1
CL,Colgate-Palmolive Company,Consumer Defensive,Household & Personal Products,United States,USD,71600942144.98238,9.7694735,6.257330250000001,1.5987,490.705832,3.4431803,3.775,3.4087500000000013,3.4526073024999997,0.09533000000000001,0.010815012999999991,0.08343,0.151124985,0.049,-0.129,-0.064,1541.65675,-0.051000000000000156,0.557,2507643776.0,1419000064.0,7973000192.0,78495940608.0,16330000000.0,,20382000000.0,,,4233000000.0,,2132000000.0,4198000000.0,2.37,0.8062,2.12,2.32,0.53,1784505600.0,0.322,98.71650072566527,73.63862621710845,89.4800033569336,95.85,2.04762,20.0,4.0,0.0295,0.00145,0.88043,False,False,,0.59,5572950.0,5885180.0,2.0194493672825873,-0.6,5.31,14.74,,-0.09356589122217829,0.216570423250809,48.23082724753633,0.026601962553301828,0.06929112422868222,True,0.5414384583895719,,0.867,US,True,True,78.43582687763586,79.0743433841205,60.414890593918734,50.03994825963662,54.76710329801228,45.865302642796244,67.13928273561301,83.26653306613227,50.0,66.34799235181644,59.0,56.40378684427411,standard,237,526605926,False,56.5,False,83.81984987489575,44.87072560467056,41.70141784820684,50.0417014178482,50.0417014178482,50.0417014178482,3,SVAG,-8,UPPTREND,False,4,0.5714285714285714,MEDEL,VÄNTA,-6.5
ASM.AS,ASM International NV,Technology,Semiconductor Equipment & Materials,Netherlands,EUR,52136993655.0,24.181407,20.948707749999997,2.3598,7.243406800000001,16.310652,16.026,30.599000000000004,0.11161250499999999,0.06019,0.2422124945,0.212644995,0.14231999999999995,-0.10450000000000001,,,-41.589499999999994,0.67,1.702,-501526448.0,981600000.0,72000000.0,51227320320.0,5337000000.0,,3173200000.0,,,938100000.0,,723700000.0,1060900000.0,0.3,0.1489,3.25,0.62,3.25,1778630400.0,1.547,1080.5,398.4486910663275,1066.5,1018.2632,1.73684,19.0,,,0.047340002,0.62087,False,False,,0.5,161427.0,212355.0,1.7081658545523548,23.15,61.83,110.68,100.27,-0.012956964368348034,0.4411368053106673,79.08266830045199,0.22212373912214556,0.6195644832823737,True,0.9569530199036962,,0.757,Europe,True,True,33.40161666616816,84.5721638681699,94.21414158004646,40.74474041783502,36.4688316711266,52.17391304347826,67.13928273561301,40.28056112224449,50.0,,50.0,56.30864242080642,standard,239,259750651,False,38.5,False,28.065054211843204,53.21100917431193,6.755629691409508,50.0417014178482,50.0417014178482,50.0417014178482,3,SVAG,-8,UPPTREND,False,3,0.42857142857142855,LÅG,VÄNTA,1.5
6383.T,"Daifuku Co., Ltd.",Industrials,Specialty Industrial Machinery,Japan,JPY,2646407869617.0,10.363990000000001,26.0583095,5.5026,3.11624865,3.9312158,3.648,6.786,,,0.06559749549999999,0.08649999750000001,-0.047080010000000005,0.017,0.08499999999999999,0.156,-25.223499999999994,1.021,2.361,,251888992256.0,61326000128.0,2455857790976.0,754211000000.0,,660724000000.0,,,101443000000.0,,78096000000.0,116129000000.0,1.14,0.3852,82.0,1.35,46.0,1782691200.0,1.04,7857.0,3499.7975240617225,7197.0,7413.3335,1.66667,15.0,,,0.06687,0.62162,False,False,,0.5,1911259.0,1725620.0,1.091476308498042,7.4,24.95,43.83,,-0.08400152730049637,0.38154942099803696,49.37388193202147,0.05207300921824709,0.28412040484478873,True,0.7058600576821168,,1.0,Japan,True,True,,64.2816581487791,79.11338448422846,67.16604623135339,49.6394676643209,12.87297527706735,67.13928273561301,,50.0,,50.0,56.27923187832941,standard,241,77006898,False,37.0,False,28.065054211843204,12.593828190158465,37.11426188490409,50.0417014178482,50.0417014178482,50.0417014178482,3,SVAG,-8,UPPTREND,False,4,0.5714285714285714,MEDEL,VÄNTA,1.7
WWD,"Woodward, Inc.",Industrials,Aerospace & Defense,United States,USD,25625396058.81717,20.374088,20.225939999999998,2.7294,5.82958475,6.409983,6.577,19.436500000000002,0.05906,0.025250002000000007,0.02457249849999999,0.0185849925,-0.16405501500000003,0.17300000000000001,0.159,0.23,-29.256999999999998,0.347,1.142,-621313136.0,497568992.0,1165618944.0,26293446656.0,4630143000.0,,3567064000.0,,,478901000.0,,442111000.0,471294000.0,0.3,0.1389,1.28,0.58,0.32,1779321600.0,0.891,445.2900085449219,232.65900392654945,430.0799865722656,437.0909,,11.0,1.69,0.0248,0.00248,0.90856004,False,False,,0.677,760475.0,971180.0,2.1920825020572234,24.83,16.98,46.33,,-0.03415756401621983,0.36217974151516563,78.38451772859624,0.15592061802009982,0.32693609684557035,True,0.9977715962137598,,1.0,US,True,True,29.664328657314627,57.94361858304167,82.58027848820687,77.89816146201612,49.65341815303279,64.27962489343564,67.13928273561301,31.663326653306612,50.0,72.27533460803059,67.7,56.226641259118935,standard,242,417685081,False,42.5,False,28.065054211843204,65.05421184320267,21.601334445371144,50.0417014178482,50.0417014178482,50.0417014178482,3,SVAG,-8,UPPTREND,False,3,0.42857142857142855,LÅG,VÄNTA,2.5
B3SA3.SA,"B3 S.A. - Brasil, Bolsa, Balcão",Financial Services,Financial Data & Stock Exchanges,Brazil,BRL,72159464541.52142,8.025086499999999,5.192022,1.21,3.0604670499999997,6.8373666,7.2,8.274,0.12192001500000002,0.062134998,0.25939499000000005,0.32509003000000003,0.65486,0.14200000000000002,0.256,0.335,0.07450000000000045,0.28500000000000025,1.859,2865900160.0,14980616192.0,15579192320.0,75982774272.0,48487647000.0,,10067381000.0,,,6539094000.0,,4585619000.0,4358630000.0,4.03,0.66120005,0.61,3.01,0.22088,1775001600.0,0.145,20.329999923706055,11.671482586327329,14.40999984741211,20.10714,2.0,14.0,,,0.0,0.88212997,False,False,,0.5,37716558.0,46410110.0,1.6686306092578005,-14.18,-15.49,4.03,,-0.2911952827599794,0.3414092672770966,18.237088586753615,-0.16232620044629853,-0.05372116478063149,False,0.1277337736440125,,0.655,LatAm,True,True,74.6929306373942,92.20694263818079,26.484796817277637,69.45753966440111,75.27164091623632,45.52429667519181,67.13928273561301,87.2745490981964,50.0,,50.0,72.1130362079694,standard,19,129858186,False,53.6,False,85.73811509591326,44.5371142618849,19.599666388657212,50.0417014178482,50.0417014178482,50.0417014178482,7,STARK,8,NEDTREND,True,5,0.7142857142857143,HÖG,EJ AKTUELL,11.5
RY.TO,Royal Bank of Canada,Financial Services,Banks - Diversified,Canada,CAD,394775257466.7833,1.5249179999999996,3.4142525,2.5563,0.9174768999999997,6.0072017,1.389,,0.041965,-0.007355,0.10763499000000004,0.08346001000000003,-0.38794,0.1,0.14200000000000002,0.256,,,,,794214006784.0,483078995968.0,91295203328.0,2325006000000.0,,66532000000.0,,,,,20362000000.0,55220000000.0,2.5,0.41349998,7.04,3.51,1.64,1785110400.0,0.94,287.67999267578125,168.45704383034087,284.0799865722656,269.60715,2.0,14.0,2.15,,0.00027000002,0.49344003,False,False,,0.5,3647519.0,2762610.0,1.9940431816084119,9.01,30.9,26.42,,-0.012513925873089415,0.13832357098025505,92.33880213836422,0.10947525528424173,0.25382517132962135,True,0.8578199132787337,,0.945,Canada,True,True,,53.33748741301143,85.53566354077863,73.9754444556342,69.93982284722856,22.421142369991475,67.13928273561301,,50.0,,50.0,56.06847714869535,standard,248,554552150,False,36.2,False,28.065054211843204,21.9349457881568,22.768974145120936,50.0417014178482,50.0417014178482,50.0417014178482,1,SVAG,-8,UPPTREND,False,4,0.5714285714285714,MEDEL,VÄNTA,-4.9
AME,"AMETEK, Inc.",Industrials,Specialty Industrial Machinery,United States,USD,54417376315.15677,4.724047999999996,7.202395000000003,3.0748,0.66454905,7.1624603,7.256,5.839500000000003,-0.005980010000000008,0.025290002000000006,0.0971324985,0.12750500250000002,-0.08269501499999998,0.052000000000000005,0.07399999999999998,0.135,-52.922999999999995,-0.2470000000000001,0.608,573500288.0,481249984.0,2455633920.0,55126560768.0,16067543000.0,,7401116000.0,,,1910317000.0,,1480142000.0,1801763000.0,0.59,0.1918,1.36,0.62,0.34,1781481600.0,1.004,242.81593935621098,173.3388383185995,237.4199981689453,259.05,1.7619,20.0,2.88,0.02,0.00386,0.92406,False,False,,0.178,1214366.0,1352490.0,1.9432450088430713,7.45,12.42,18.03,,-0.022222351636273063,0.22275393110336741,64.97188104436682,0.032815580090111096,0.1239838553528323,True,1.1884393967850464,,0.895,US,True,True,59.03037418119821,63.96022991342613,75.10656436487638,65.29571672815214,51.271878896133025,51.57715260017051,67.13928273561301,60.82164328657315,50.0,80.11472275334609,17.8,63.94296294989862,standard,81,321108173,False,49.9,False,67.05587989991659,52.627189324437026,18.265221017514595,50.0417014178482,50.0417014178482,50.0417014178482,5,NEUTRAL,0,UPPTREND,False,4,0.5714285714285714,MEDEL,VÄNTA,2.6
KIT.OL,Kitron ASA,Technology,Electronic Components,Norway,NOK,24232234454.226974,7.765450000000001,3.209887749999999,2.11,1.5678837999999997,28.629765,28.749,255.922,0.05326750000000001,0.002349996,-0.003047501499999994,-0.015375004999999997,-0.08892,0.5245,1.058,1.632,4.788499999999999,-0.3610000000000001,1.012,-776205168.0,80800000.0,125200000.0,24333289472.0,741300000.0,,738300000.0,,,63100000.0,,43800000.0,93600000.0,0.64,0.1096,0.7,1.88,0.7,1777248000.0,0.995,116.30000305175781,55.38965973101164,110.80000305175781,111.85428,,5.0,,,0.02678,0.61592996,False,False,,0.5,594971.0,329944.0,0.7915307513733698,2.4,10.86,68.97,,-0.04729148629129698,0.4058188899360255,46.043175734383226,0.04355268122293254,0.334669608343791,False,0.49805202932206094,,0.699,Nordic,True,True,20.185520294319982,50.19614362968459,79.42597328786587,83.49255317150372,45.55311368583333,65.30264279624893,67.13928273561301,28.35671342685371,50.0,,50.0,55.94019057568161,standard,249,3776172,False,39.8,False,28.065054211843204,66.05504587155964,2.543786488740617,50.0417014178482,50.0417014178482,50.0417014178482,3,SVAG,-8,UPPTREND,False,3,0.42857142857142855,LÅG,VÄNTA,6.3
NOVO-B.CO,Novo Nordisk A/S,Healthcare,Drug Manufacturers - General,Denmark,DKK,982278534364.8901,-12.113742999999998,-1.1778955000000018,3.3001,3.6658199000000007,3.957176,4.179,-6.8297500000000015,0.5872725025,0.13179500999999996,0.29101002,0.45433,0.40560996000000005,0.15699999999999997,0.558,0.672,31.342249999999996,-1.38,0.541,-12897342592.0,21625999360.0,146381996032.0,1370000982016.0,542902000000.0,,309064000000.0,,,127658000000.0,,102434000000.0,119102000000.0,5.67,0.4269,15.9,1.81,7.95,1774569600.0,0.349,470.9126114256924,216.7734285890619,292.95001220703125,314.41,2.69231,24.0,,,0.05283,0.3352,False,False,,0.5,5914130.0,5214340.0,1.4347055409989007,1.9,22.69,1.36,,-0.37791003022806646,0.5455332812233634,50.0,0.07053200247642377,-0.03222257048839561,False,0.832490285992584,,0.56,Nordic,True,True,,96.44970434353615,44.65757317419722,73.41655061992991,39.279767111310235,17.391304347826086,67.13928273561301,40.5811623246493,50.0,,50.0,63.93324871021869,standard,82,234440035,False,37.6,False,28.065054211843204,17.01417848206839,36.94745621351126,50.0417014178482,50.0417014178482,50.0417014178482,6,NEUTRAL,0,NEDTREND,True,3,0.42857142857142855,LÅG,EJ AKTUELL,2.3
2308.TW,"Delta Electronics, Inc.",Technology,Electronic Components,Taiwan,TWD,5584718157350.0,68.53503500000002,16.60645975,3.392,14.242526400000001,9.381062,9.668,26.979,0.11844750500000002,0.05408000000000001,-0.013357492499999998,0.027954994999999996,-0.002934979999999976,0.20750000000000002,0.8180000000000001,1.009,13.588000000000001,0.21399999999999986,1.383,23290105856.0,164034822144.0,69202780160.0,5755405074432.0,639618600000.0,,554885168000.0,,,84350955000.0,,60108399000.0,98474281000.0,0.52,0.3033,11.6,1.91,11.6,1781654400.0,1.415,2571.553237672836,391.9504985833138,2150.0,2670.8948,1.52632,19.0,,,0.25931,0.38763002,False,False,,0.5,11128408.0,11532661.0,0.9491371830933943,12.86,47.53,120.76,,-0.1639294226917607,0.5269780083359296,34.96660140459511,0.013216837451108354,0.6343672467095054,False,0.20875140206056467,,0.526,Asia,True,True,42.04162055454191,64.38696143782416,78.85763000852513,76.17159068159835,41.676464778705046,9.036658141517478,67.13928273561301,51.903807615230455,50.0,,50.0,63.91936607348174,standard,83,782924578,False,41.2,False,61.634695579649716,8.84070058381985,13.261050875729774,50.0417014178482,50.0417014178482,50.0417014178482,6,NEUTRAL,0,UPPTREND,False,4,0.5714285714285714,MEDEL,VÄNTA,10.0
MNST,Monster Beverage Corporation,Consumer Defensive,Beverages - Non-Alcoholic,United States,USD,89331257185.82733,19.212901499999997,19.42297025,2.6531,6.576452,10.159273,10.01,18.64375,0.0833775025,0.11159999999999998,0.141485003,0.18438000000000002,0.10520501499999996,0.234,0.21899999999999997,0.286,-97.79625000000001,2.181,2.682,872484224.0,2984993024.0,94469000.0,88015331328.0,9988945000.0,,8294343000.0,,,2419354000.0,,1905432000.0,2098177000.0,,0.0,,,0.005208,,0.542,93.91999816894531,58.09000015258789,91.33999633789062,89.69333,2.07407,24.0,3.73,0.03,0.28293,0.70949996,False,False,,0.639,5280866.0,6114240.0,2.1688989983542486,5.78,23.87,21.24,,-0.027470207424980186,0.2641440142627484,63.67445819838964,0.09361451014134659,0.1996125113780438,False,0.6940150863226984,,0.729,US,True,True,49.7655385397661,82.33965795963165,80.29269678886047,73.10422751714705,75.94051366795338,41.00596760443308,11.884904086738949,59.81963927855711,50.0,64.62715105162525,63.9,71.88217790421422,standard,21,558474659,False,47.0,False,66.38865721434529,40.116763969974976,12.176814011676397,50.0417014178482,50.0417014178482,50.0417014178482,7,STARK,8,UPPTREND,False,4,0.5714285714285714,MEDEL,OK,13.7
FFIV,"F5, Inc.",Technology,Software - Infrastructure,United States,USD,21749054975.06079,-1.8511370000000014,1.7293332499999972,1.6668,0.09159159999999922,6.7446775,6.437,4.570500000000001,0.05659750000000001,0.017930006000000005,0.1117374915,0.08202000999999999,0.365914985,-0.022500000000000006,-0.152,0.015,-42.3575,-0.08399999999999996,1.422,-52673728.0,1442811008.0,259860992.0,20755675136.0,6319492000.0,,3088072000.0,,,791433000.0,,692380000.0,949666000.0,,0.0,,,,,1.046,411.5199890136719,223.75999450683594,385.489990234375,409.0,2.53846,10.0,1.93,0.0364,0.00504,1.1005,False,False,,0.309,709729.0,578680.0,2.397579346075145,0.52,32.79,49.26,,-0.06325330354349346,0.3360434840032395,51.37279835969018,0.08652145866324856,0.2877748397381845,False,0.2439103264087335,,1.0,US,True,True,49.514663655669544,77.53339250628542,83.8590508667235,49.75337159861066,41.26512202182585,68.54219948849105,11.884904086738949,44.589178356713425,50.0,55.16252390057361,30.9,55.88019414295876,standard,254,223075348,False,42.9,False,28.065054211843204,69.22435362802335,20.100083402835697,50.0417014178482,50.0417014178482,50.0417014178482,2,SVAG,-8,UPPTREND,False,2,0.2857142857142857,LÅG,VÄNTA,-1.2
HEI,HEICO Corporation,Industrials,Aerospace & Defense,United States,USD,18598129941.4368,29.002173999999997,29.486762000000006,3.0835,6.11810075,9.585889,10.151,19.3575,0.019809999999999994,0.027539992,0.0568324985,0.11924500250000003,-0.04890499500000001,0.192,0.411,0.491,-27.424,1.5330000000000001,1.192,-103701248.0,210335008.0,2587290112.0,49856344064.0,8500434000.0,,4485044000.0,,,1018998000.0,,690385000.0,934266000.0,0.07,0.0429,0.25,0.1,0.12,1782864000.0,1.035,361.69000244140625,256.1099853515625,337.1000061035156,386.1,1.82609,20.0,0.89,0.0155,0.22848,0.76606005,False,False,,0.756,691753.0,545830.0,0.9588250337948924,15.3,21.63,8.68,,-0.06798638660706191,0.3340955263398197,42.51959062122574,0.11829885704825682,0.07511073263842061,False,0.6685813647031851,,0.998,US,True,True,39.17506655101247,66.1991010571855,68.91162262006252,82.8147816378095,54.89212855331008,71.0997442455243,24.603836530442035,45.09018036072144,50.0,84.89483747609943,75.6,63.589143016162325,standard,85,183999296,False,42.2,False,28.065054211843204,71.72643869891576,12.760633861551293,50.0417014178482,50.0417014178482,50.0417014178482,6,NEUTRAL,0,UPPTREND,False,3,0.42857142857142855,LÅG,VÄNTA,8.7
MA,Mastercard Incorporated,Financial Services,Credit Services,United States,USD,429563582585.90607,10.494494999999997,8.640618499999999,1.507,61.922908750000005,12.751423,13.368,12.6895,2.185520005,0.230965,0.20824999300000002,0.23974503500000005,0.550494985,0.097,0.07899999999999999,0.184,214.75150000000002,-0.7149999999999999,0.564,15336268416.0,8218999808.0,18959998976.0,453711101952.0,54157000000.0,,32791000000.0,,,19514000000.0,,14968000000.0,17648000000.0,0.69,0.1823,3.48,0.54,0.87,1775692800.0,0.738,599.0458118803059,464.5199890136719,489.7900085449219,644.8889,1.30769,36.0,1.68,0.0074,0.00114,0.91550004,False,False,,0.22,3640501.0,3915360.0,1.7355726477058209,-1.98,-0.1,-13.19,,-0.18238305179439962,0.214020334651924,47.78470576010709,-0.018247957183358476,-0.08216753849286917,True,0.47135547108639775,,0.899,US,True,True,69.32970418448838,96.22456981735243,34.725774367718095,69.36203534536041,41.15781918761258,21.483375959079286,67.13928273561301,84.96993987975952,50.0,94.83747609942638,22.0,63.49310140463862,standard,86,1917704208,False,48.1,False,83.90325271059216,21.017514595496248,9.424520433694745,50.0417014178482,50.0417014178482,50.0417014178482,6,NEUTRAL,0,NEDTREND,True,4,0.5714285714285714,MEDEL,EJ AKTUELL,0.7
UCG.MI,UniCredit S.p.A.,Financial Services,Banks - Regional,Italy,EUR,119143011830.38235,-2.0727779999999996,-0.9973780000000012,1.2273,0.20474095000000003,4.6788807,5.354,,0.04365499999999997,0.008515000000000005,0.235734966,0.28227003000000006,-0.37562,0.0030000000000000027,0.068,0.161,,,,,113316003840.0,132993998848.0,136328085504.0,870238000000.0,,25039000000.0,,,,,10915000000.0,8525000000.0,4.05,0.3994,3.15,3.99,1.7208,1776643200.0,1.073,80.94999694824219,51.832612222999664,79.5199966430664,84.49235,2.0,17.0,,,0.0,0.5459,False,False,,0.5,6337906.0,7561223.0,2.124130617513674,12.51,31.39,18.02,50.62,-0.017665229883703337,0.31118498469611516,66.76299698572686,0.12236248163063834,0.19819004947890928,True,0.9625012334649552,,0.781,Europe,True,True,,64.51501283802148,82.07910008837999,58.537169182288814,42.282074696374764,35.97612958226769,67.13928273561301,,50.0,,50.0,55.44633103025621,standard,268,689607051,False,39.6,False,28.065054211843204,35.19599666388657,31.859883236030022,50.0417014178482,50.0417014178482,50.0417014178482,3,SVAG,-8,UPPTREND,False,3,0.42857142857142855,LÅG,VÄNTA,0.2
MUFG,"Mitsubishi UFJ Financial Group, Inc.",Financial Services,Banks - Diversified,Japan,USD,237716471271.0029,-1.9674430000000012,7.6051945,1.8105,-1.0156339500000002,0.027919823,-4.677,,-0.016129995000000008,-0.013245,0.03456999300000002,0.026705065000000028,-0.449505015,,,,,,,,151902574608384.0,110384014950400.0,-39819308695552.0,431731548000000.0,,7521125000000.0,,,,,2427229000000.0,-23064420000000.0,2.43,0.1574,0.49,3.25,0.269,1759190400.0,0.323,21.18000030517578,13.1899995803833,21.079999923706055,20.12341,2.5,2.0,2.75,0.00090000004,2.0000001e-05,0.03209,False,False,,0.872,3209670.0,3385740.0,1.1222762248804197,8.38,24.73,33.76,,-0.00472145325915263,0.25850464095227693,87.61906549593796,0.12342783785010014,0.23417396970589177,True,1.0377102818872763,,0.838,US,True,True,,39.424266528929635,87.04177323103154,73.01918265221018,77.71783398776367,26.51321398124467,67.13928273561301,,50.0,96.74952198852772,97.2,55.3997585219031,standard,269,71371399,False,48.1,False,28.065054211843204,25.938281901584652,97.5396163469558,50.0417014178482,50.0417014178482,50.0417014178482,0,SVAG,-8,UPPTREND,False,4,0.5714285714285714,MEDEL,VÄNTA,-5.5
SMFG,"Sumitomo Mitsui Financial Group, Inc.",Financial Services,Banks - Diversified,Japan,USD,160294630109.3342,-1.433949000000002,48.675757499999996,2.1548,-1.0870095500000003,0.026458682,-7.383,,-0.037479995,-0.014244999999999994,0.010779972999999998,-0.09944496499999994,-0.449505015,,,,,,,,102480427876352.0,57452091408384.0,-44727491624960.0,328511145000000.0,,5791563000000.0,,,,,1582973000000.0,-10283139000000.0,2.28,0.18040001,0.55,3.46,0.25,1759190400.0,0.396,25.350000381469727,14.399999618530273,25.229999542236328,25.83659,1.0,1.0,4.05,0.0019,3.0000001e-05,0.01958,False,False,,0.78,2137740.0,2288530.0,1.2526634854896312,12.68,29.12,31.68,,-0.0047337608452706625,0.28512519561777566,82.21344439682355,0.14076175300020788,0.2823672984126748,True,1.0535903275797012,,1.0,US,True,True,,27.382467355560145,87.9653310599602,95.66305254378649,70.59136151949593,31.202046035805626,67.13928273561301,,50.0,96.36711281070745,78.0,55.2716242654485,standard,270,57739611,False,48.7,False,28.065054211843204,30.525437864887405,97.5396163469558,50.0417014178482,50.0417014178482,50.0417014178482,0,SVAG,-8,UPPTREND,False,4,0.5714285714285714,MEDEL,VÄNTA,-4.2
LUN.TO,Lundin Mining Corporation,Basic Materials,Copper,Canada,CAD,31760219730.55324,-6.125536499999999,2.433445250000002,0.93,1.0139296,7.3991747,8.53,6.785499999999999,0.11984749750000001,0.039285005,0.24743249850000004,0.28131749749999996,0.13599,0.17200000000000001,0.865,1.264,-33.455499999999994,-0.007499999999999951,1.208,1004832960.0,565400000.0,511200000.0,36612628480.0,10820600000.0,,4053200000.0,,,1275100000.0,,1283000000.0,1342600000.0,0.27,0.0571,0.11,3.02,0.028,1780617600.0,2.058,45.66843141945938,13.311647895067123,37.130001068115234,41.80342,2.25,25.0,3.04,,0.20886,0.50693,False,False,,0.5,2651401.0,2884770.0,0.8175243355303661,-1.79,26.25,32.96,,-0.1869657022576412,0.5365367690579176,38.88324974554933,-0.035308046978273944,0.20065793575012925,False,0.2442399332098473,,0.838,Canada,True,True,70.59219184637932,84.37855702775832,68.99687411196363,83.25316167759941,23.12463988018116,60.52855924978687,67.13928273561301,78.85771543086172,50.0,,50.0,63.20437267732891,commodity,88,75686484,False,54.9,False,82.15179316096747,61.38448707256047,17.597998331943284,50.0417014178482,50.0417014178482,50.0417014178482,6,NEUTRAL,0,VARNING,False,5,0.7142857142857143,HÖG,VÄNTA,4.5
7167.T,"Mebuki Financial Group,Inc.",Financial Services,Banks - Regional,Japan,JPY,1324297545047.0,4.003340000000003,18.808349999999997,,0.1633572499999999,3.85369,1.368,,-0.011789994999999998,-0.0015349996999999976,0.04401498000000004,0.049320030000000015,-0.29636,0.031,1.11,1.138,,,,,2456853938176.0,1602583003136.0,470062530560.0,21173586000000.0,,341887000000.0,,,,,84163000000.0,-1119492000000.0,2.83,0.3145,40.0,2.96,20.0,1790640000.0,0.142,1456.5,712.8122732158299,1411.0,1506.0,,5.0,,,0.05113,0.40685,False,False,,0.5,2530600.0,2952160.0,1.1485162868663072,0.11,20.5,37.41,,-0.03123927222794365,0.3185311691888965,71.53996101364523,0.047062141023167525,0.2550135197534411,True,0.773820316815401,,1.0,Japan,True,True,,47.68440916480564,83.3759590792839,83.36052926504074,72.61528627522601,16.11253196930946,67.13928273561301,,50.0,,50.0,55.15079302964243,standard,276,25828541,False,37.5,False,28.065054211843204,15.763135946622187,37.53127606338615,50.0417014178482,50.0417014178482,50.0417014178482,2,SVAG,-8,UPPTREND,False,4,0.5714285714285714,MEDEL,VÄNTA,1.6
INGA.AS,ING Groep N.V.,Financial Services,Banks - Diversified,Netherlands,EUR,80141162493.72305,-0.2437579999999997,-0.6907700000000006,2.1094,0.04626904999999992,3.2559178,8.344,,0.03946500999999997,0.002905000000000005,0.13181498599999997,0.07650003000000005,-0.37562,-0.032,0.0040000000000000036,0.069,,,,,132432003072.0,256194002944.0,205383729152.0,1054405000000.0,,22903000000.0,,,,,6327000000.0,-6380000000.0,3.88,0.48400003,1.09,5.51,0.736,1776297600.0,0.902,27.959999084472656,17.215629476474295,27.959999084472656,28.3095,,20.0,,,0.00377,0.52131003,False,False,,0.5,8447562.0,10203586.0,2.1278310404125382,6.94,29.66,23.8,60.74,0.0,0.24256523650447281,64.57085402800948,0.0980383027273275,0.2160250093140137,True,0.970528159053849,,0.949,Europe,True,True,,57.112389696197226,86.06304308719899,54.452693375252835,60.65363893708337,43.052003410059676,67.13928273561301,,50.0,,50.0,54.96478709190386,standard,286,327207520,False,42.6,False,28.065054211843204,42.11843202668891,44.78732276897415,50.0417014178482,50.0417014178482,50.0417014178482,2,SVAG,-8,UPPTREND,False,3,0.42857142857142855,LÅG,EJ AKTUELL,-5.6
PANW,"Palo Alto Networks, Inc.",Technology,Software - Infrastructure,United States,USD,234540699005.12695,216.716913,49.846486250000005,4.6965,2.349963299999999,22.11292,22.02,139.02549999999997,-0.098492503,-0.045870001,-0.028422498500000004,-0.16279,0.27013494499999996,0.1785,,,-41.7795,-0.839,0.728,2767518848.0,3111000064.0,2130000000.0,233559703552.0,23576200000.0,,9221500000.0,,,1242900000.0,,1133900000.0,3716000000.0,,0.0,,,,,0.942,302.95001220703125,139.57000732421875,287.7799987792969,310.3208,1.6,50.0,3.16,0.0317,0.0076,0.83263,False,False,,0.3,8347640.0,7572880.0,1.326447312532054,19.84,69.54,53.82,,-0.05007431198704637,0.3912457427698547,53.195504193001355,0.28138566668495435,0.46723711155617664,False,0.7443178039043721,,0.924,US,True,True,44.803338019322226,31.45262131440966,89.17306052855925,85.88014909905883,26.781686916118513,26.683716965046887,11.884904086738949,62.725450901803605,50.0,61.75908221797323,30.0,54.95488099225394,standard,287,2179323397,False,44.0,False,68.55713094245203,26.10508757297748,2.543786488740617,50.0417014178482,50.0417014178482,50.0417014178482,3,SVAG,-8,UPPTREND,False,2,0.2857142857142857,LÅG,EJ AKTUELL,3.9
IMI.L,IMI plc,Industrials,Specialty Industrial Machinery,United Kingdom,GBp,9166239727777.883,-0.08911300000000466,4.882344000000003,2.3192,3.40936375,3.1371953,3.417,2.5330000000000013,0.12982000000000002,0.0591550015,0.04681749549999998,0.06300500250000002,0.09490000999999998,0.03,0.5780000000000001,0.576,-34.121,0.32499999999999996,0.853,-393912528.0,114900000.0,643699968.0,7872242688.0,2480100000.0,,2304000000.0,,,422400000.0,,309900000.0,415300000.0,1.15,0.2593,0.34,1.6,0.232,1775088000.0,1.042,38602.69026175514,26271.563226568353,38526.09410858154,3060.7139,1.73333,14.0,,,0.00413,0.79292,False,False,,0.5,1426133.0,1181062.0,1.58188565292708,12.17,14.54,25.71,44.44,-0.0019842180079734373,0.22196590113771295,86.80136209583156,0.09115250354745408,0.18862058878074062,True,1.0099058713445261,,0.5,UK,True,True,37.73461101307092,75.23774345182164,81.26363828339473,63.08230546274436,60.60317592182474,7.161125319693094,67.13928273561301,21.8436873747495,50.0,,50.0,54.94002397089435,standard,288,45501705760,False,37.5,False,28.065054211843204,7.005838198498749,46.038365304420346,50.0417014178482,50.0417014178482,50.0417014178482,3,SVAG,-8,UPPTREND,False,5,0.7142857142857143,HÖG,EJ AKTUELL,-4.7
INCY,Incyte Corporation,Healthcare,Biotechnology,United States,USD,19622603507.9747,-12.894566,-4.845566,0.3585,0.06511090000000008,3.6602373,2.976,-3.169250000000001,0.18270250250000003,0.077935,0.14758500299999996,0.06522500500000003,0.07815498500000001,0.126,0.725,0.917,-58.59875,1.6680000000000001,3.402,-252989248.0,4015824896.0,39430000.0,15951875072.0,6957973000.0,,5141242000.0,,,1342790000.0,,1286650000.0,1413498000.0,,0.0,,,,,0.79,112.29000091552734,66.73999786376953,98.22000122070312,109.34783,2.40741,23.0,8.37,0.0983,0.01885,1.06591,False,False,,0.569,1583104.0,2454250.0,2.0204152240522304,2.74,5.67,1.23,,-0.125300557307936,0.3327832487304681,52.139970510553965,0.0005378732797660657,0.014684633051226692,False,0.3999485864949795,,0.838,US,True,True,,80.33483882236031,49.90053992611538,80.75937609620055,61.3215936263249,70.33248081841433,11.884904086738949,35.97194388777555,50.0,22.848948374760994,56.89999999999999,62.92144002454672,standard,90,241056438,False,46.0,False,28.065054211843204,70.97581317764804,39.0325271059216,50.0417014178482,50.0417014178482,50.0417014178482,4,NEUTRAL,0,UPPTREND,False,3,0.42857142857142855,LÅG,VÄNTA,-6.1
CLAS-B.ST,Clas Ohlson AB (publ),Consumer Cyclical,Specialty Retail,Sweden,SEK,23387495111.407562,-1.5736479999999986,15.907209,3.14,5.416212000000001,2.055154,2.025,-2.280750000000003,0.27347000999999993,0.06858,0.0494299845,-0.0049849999999999756,0.05076999999999998,0.04100000000000001,0.631,0.736,-0.5410000000000039,0.007999999999999896,0.646,787969792.0,1836499968.0,1899900032.0,25336442880.0,7887300000.0,,12513900000.0,,,1528500000.0,,1168900000.0,2118800000.0,1.76,0.3827,7.0,5.03,3.5,1768176000.0,0.954,452.6000061035156,276.2021351088865,404.6000061035156,415.0,3.0,4.0,,,0.36146,0.36266,False,False,,0.5,88805.0,97934.0,0.7580212119478835,-6.82,2.12,36.98,,-0.10605390930777359,0.3654645283596766,44.35373824839446,-0.009934889843931427,0.12607357294077293,False,0.4555072503477212,,0.439,Nordic,True,True,,71.91314391310291,64.02387041773231,61.51857735409022,43.143463489374135,66.41091219096334,67.13928273561301,82.46492985971943,50.0,,50.0,62.85512209347082,standard,91,4138684,False,62.6,False,83.15262718932443,67.13928273561301,61.80150125104254,50.0417014178482,50.0417014178482,50.0417014178482,6,NEUTRAL,0,VARNING,False,4,0.5714285714285714,MEDEL,VÄNTA,11.3
SL.MI,Sanlorenzo S.p.A.,Consumer Cyclical,Recreational Vehicles,Italy,EUR,1325206423.0717163,-10.558670999999999,-2.355817,,0.22014520000000015,1.2711983,1.303,-6.016750000000002,0.08199500499999998,0.022310000000000003,0.0616999905,0.040325000000000014,-0.07734000000000002,-0.020999999999999998,-0.07,0.051,-46.211999999999996,0.19399999999999984,0.865,-470957448.0,120071000.0,147300000.0,1358415744.0,1240621000.0,,1112261000.0,,,114958000.0,,107421000.0,68769000.0,2.8,0.32840002,1.05,2.11,1.05,1779062400.0,0.749,39.36000061035156,27.285791982249027,37.439998626708984,46.375,,8.0,,,0.61007,0.22621,False,False,,0.5,55628.0,32711.0,0.7859841552463257,1.35,34.81,28.94,30.69,-0.04878053744586641,0.3004490333651031,58.495798788117064,0.05309317772191058,0.15771078655132365,False,0.4117411569029362,,0.5,Europe,True,True,,65.10692594460042,80.03824585278866,38.07381457386638,56.5638229198151,95.99317988064792,67.13928273561301,2.404809619238477,50.0,,50.0,54.762571039685746,standard,294,1404633,False,55.4,False,28.065054211843204,97.5396163469558,74.89574645537948,50.0417014178482,50.0417014178482,50.0417014178482,3,SVAG,-8,UPPTREND,False,3,0.42857142857142855,LÅG,EJ AKTUELL,0.3
PEP,"PepsiCo, Inc.",Consumer Defensive,Beverages - Non-Alcoholic,United States,USD,194108441935.76422,-2.6175675,-0.28909675000000057,1.5291,5.426924,2.033892,2.474,0.08975000000000044,0.2556275225,0.02525999499999999,0.0018950029999999993,0.04380998999999999,0.09432498500000003,0.05,0.20800000000000002,0.269,145.95874999999998,-0.17900000000000005,0.667,7934393984.0,10828000256.0,52728000512.0,236161433600.0,107399000000.0,,93925000000.0,,,13491000000.0,,8240000000.0,12087000000.0,4.17,0.8932,5.92,3.03,1.48,1780617600.0,0.359,168.19198174363117,122.74040181076684,142.02000427246094,168.27274,2.58333,22.0,3.7,0.020399999,0.00184,0.80912,False,False,,0.55,7206390.0,10668270.0,2.038364986276148,-4.56,-6.04,-3.71,,-0.15560775965564888,0.21898003691160026,48.17950115307676,-0.046962288116307316,-0.03678788859417559,True,0.3535353161581249,,0.862,US,True,True,89.05882660844075,70.06819719584662,35.56408070474567,70.00161153827824,55.96860987419964,29.07075873827792,67.13928273561301,84.76953907815631,50.0,79.54110898661568,55.00000000000001,62.747001168124136,standard,93,1515107751,False,57.7,False,86.32193494578816,28.440366972477065,62.05170975813178,50.0417014178482,50.0417014178482,50.0417014178482,4,NEUTRAL,0,NEDTREND,True,4,0.5714285714285714,MEDEL,EJ AKTUELL,8.6
2914.T,Japan Tobacco Inc.,Consumer Defensive,Tobacco,Japan,JPY,10784593114875.0,2.657579500000004,-0.01720025000000014,1.2244,0.6421365000000003,3.0042608,3.332,0.8712499999999999,-0.005922497499999992,0.01834,0.11316001,0.27119496499999995,0.26946,0.082,0.181,0.251,-13.77675,0.43999999999999995,0.833,96743247872.0,882317000704.0,1987193995264.0,11961562562560.0,8419240000000.0,,3467675000000.0,,,853707000000.0,,510175000000.0,514056000000.0,3.97,0.8325,242.0,5.41,121.0,1782691200.0,0.136,6474.0,4045.5689371451,6075.0,6524.5454,2.09091,11.0,,,0.34127998,0.20378,False,False,,0.5,4263581.0,4645810.0,1.0360882520263381,-2.53,3.35,6.83,,-0.061631139944392954,0.2190999796888194,50.34825870646766,0.005388551644699868,0.08899797527830855,False,0.37646419954030363,,0.66,Japan,True,True,66.95757186013819,74.81500848141499,58.11310031258881,64.9525464436468,82.54976771336953,6.3938618925831205,67.13928273561301,57.11422845691383,50.0,,50.0,62.71586630503866,standard,94,175001064,False,46.9,False,65.30442035029192,6.255212677231025,47.372810675562974,50.0417014178482,50.0417014178482,50.0417014178482,6,NEUTRAL,0,UPPTREND,False,5,0.7142857142857143,HÖG,VÄNTA,-0.4
GTT.PA,Gaztransport & Technigaz SA,Energy,Oil & Gas Equipment & Services,France,EUR,7205995767.761307,1.7774999999999999,6.7243215,,10.949887249999998,8.972725,8.917,6.57325,0.68105496,0.31444750175,0.444034996,0.6145324974999999,0.5992299999999999,0.14750000000000002,0.02899999999999997,0.316,-30.002000000000002,0.9339999999999999,1.916,-277501440.0,346700000.0,126400000.0,7160844800.0,1045800000.0,,803000000.0,,,521300000.0,,413600000.0,423200000.0,4.96,0.7054,9.88,3.68,4.94,1781654400.0,0.442,209.66549742538493,140.29102289837044,194.1999969482422,217.09091,2.0,11.0,,,0.01476,0.53425,False,False,,0.5,92251.0,98798.0,1.4289744957501942,-2.19,-6.15,28.56,22.54,-0.07376273477063888,0.24347679866505506,53.77427472664588,-0.01593636478735494,0.10618789216484692,False,0.3583589349707895,,0.5,Europe,True,True,33.6835237639458,98.75200709816436,59.52216147727539,59.85678518816993,77.17160098348099,85.6777493606138,67.13928273561301,25.651302605210418,50.0,,50.0,62.699885392479246,standard,95,22005471,False,44.5,False,28.065054211843204,85.9883236030025,13.761467889908257,50.0417014178482,50.0417014178482,50.0417014178482,5,NEUTRAL,0,VARNING,False,3,0.42857142857142855,LÅG,VÄNTA,5.4
CAST.ST,Castellum AB (publ),Real Estate,Real Estate - Development,Sweden,SEK,55276425217.384415,-0.2560514999999999,-9.20111825,0.92,-0.7051184799999997,5.5936475,11.969,-1.7475000000000023,-0.04100999999999999,-0.0023524987499999976,0.006627498500000023,0.30501498499999996,0.26430005,-0.056999999999999995,653.5975,648.5,4.3965,-0.43999999999999995,0.171,1920532352.0,104000000.0,60651999232.0,118279921664.0,155889000000.0,,9593000000.0,,,6189000000.0,,938000000.0,3921000000.0,2.04,0.407,2.48,3.44,0.62,1766966400.0,1.465,128.5500030517578,100.25,121.69999694824219,128.0,2.63636,12.0,,,0.30322,0.48581,False,False,,0.5,1714880.0,1602858.0,1.8019031836423014,-3.76,8.9,17.49,,-0.0532867051022754,0.23508166505007097,37.58170423515661,-0.007446215157811742,0.09213837546202419,False,0.1760632197047571,,0.531,Nordic,True,True,,61.40405205758096,68.94003978402957,67.66062128688931,51.20615692294695,51.150895140664964,67.13928273561301,68.43687374749499,50.0,,50.0,62.68325121568793,standard,96,20374575,False,55.1,False,83.65304420350293,52.21017514595496,25.27105921601334,50.0417014178482,50.0417014178482,50.0417014178482,5,NEUTRAL,0,VARNING,False,4,0.5714285714285714,MEDEL,VÄNTA,8.8
TJX,"The TJX Companies, Inc.",Consumer Cyclical,Apparel Retail,United States,USD,180961632602.22766,4.189003,11.931319499999999,3.5002,14.3756505,2.938452,3.123,5.872749999999998,0.46630001,0.07388998999999999,0.011594997500000002,0.014590005000000017,-0.13598503500000003,0.019000000000000003,0.182,0.286,56.97399999999999,-0.20899999999999996,0.489,3502393984.0,5580000256.0,14179999744.0,192334446592.0,35767000000.0,,60372000000.0,,,7178000000.0,,5494000000.0,6874000000.0,1.15,0.3307,1.92,1.33,0.48,1786579200.0,0.619,170.0,118.3926870008295,163.80999755859375,177.63158,1.38095,19.0,2.77,0.0159,0.00155,0.94008005,False,False,,0.1,5300029.0,6121600.0,1.455415484550111,8.71,6.25,6.27,,-0.036411779067095584,0.18102155406317363,68.73446829670934,0.03959088708923786,0.08052658056494888,True,0.6463717217528472,,0.985,US,True,True,65.66607094786588,65.37684451616067,63.171355498721226,71.02892279953547,59.599361677690126,29.752770673486783,67.13928273561301,70.54108216432866,50.0,84.32122370936902,10.0,62.61057075343663,standard,99,1002779281,False,52.8,False,74.9791492910759,29.107589658048372,47.78982485404504,50.0417014178482,50.0417014178482,50.0417014178482,5,NEUTRAL,0,UPPTREND,False,5,0.7142857142857143,HÖG,VÄNTA,3.5
NXT.L,NEXT plc,Consumer Cyclical,Apparel Retail,United Kingdom,GBp,20469175051192.332,-2.095638000000001,4.5778035,3.1151,7.5153965000000005,2.338849,2.637,1.195249999999998,0.36148996999999994,0.09935499949999999,0.06256999449999998,0.048790015000000006,0.06283000999999999,0.08,0.138,0.232,5.5660000000000025,0.6319999999999998,1.081,183262464.0,96200000.0,1809799936.0,18198724608.0,4915300000.0,,6901300000.0,,,1277200000.0,,888500000.0,1233600000.0,1.89,0.32869998,2.68,2.95,1.81,1782950400.0,1.047,184191.45900726318,141642.6736520485,179315.00022888184,14699.5,,20.0,,,0.062280003,0.71109,False,False,,0.5,534185.0,281852.0,3.0495265553581987,9.94,14.27,7.87,11.73,-0.026474945172072606,0.23389340149691462,77.1212957320588,0.07375186990349314,0.08774787474046786,True,0.7576427014807096,,0.5,UK,True,True,68.15279813358059,78.0868045762325,65.8146405750174,58.534979277056884,68.25049517698754,4.6888320545609545,67.13928273561301,60.42084168336673,50.0,,50.0,62.420499318996555,standard,100,50540291445,False,45.6,False,56.38031693077564,2.543786488740617,57.2977481234362,50.0417014178482,50.0417014178482,50.0417014178482,5,NEUTRAL,0,UPPTREND,False,5,0.7142857142857143,HÖG,VÄNTA,4.4
VACN.SW,VAT Group AG,Industrials,Specialty Industrial Machinery,Switzerland,CHF,20563304987.007202,69.71837599999999,30.7371215,3.5457,22.79913725,19.155098,19.255,55.14300000000001,0.13382499499999997,0.082960002,0.1357075015,0.11485998750000001,0.23454999999999998,-0.013999999999999999,-0.14800000000000002,-0.077,-37.89999999999999,0.04899999999999993,0.745,-423338192.0,140983008.0,248282000.0,20670603264.0,1262878000.0,,1073516000.0,,,261817000.0,,214280000.0,299172000.0,1.02,0.8754,7.0,1.66,7.0,1777507200.0,1.558,695.0,254.3879610883726,686.2000122070312,617.1111,2.27778,18.0,,,0.100889996,0.48588002,False,False,,0.5,89853.0,81925.0,2.05421727325485,13.53,34.93,76.92,,-0.012661852939523377,0.44108942679526136,77.84579387586174,0.1452820771837191,0.5112897788056863,True,0.9160045567917782,,0.5,Europe,True,True,26.02911045972542,84.50885462450071,91.84427394146064,32.15873161459205,29.89979539531097,69.82097186700767,67.13928273561301,33.26653306613226,50.0,,50.0,54.417334490797955,standard,300,69713464,False,41.0,False,28.065054211843204,70.47539616346955,5.921601334445372,50.0417014178482,50.0417014178482,50.0417014178482,3,SVAG,-8,UPPTREND,False,3,0.42857142857142855,LÅG,EJ AKTUELL,0.3
GE,GE Aerospace,Industrials,Aerospace & Defense,United States,USD,373139144008.6603,13.233073999999995,21.435902000000002,8.607,16.345394750000004,7.7344165,7.951,17.865499999999997,0.30203002,-0.006289995,0.0746825085,0.06658501250000001,-0.13801501500000002,0.186,-0.08900000000000001,-0.037,41.115,-0.377,0.65,4856143488.0,10581000192.0,21321000960.0,384119144448.0,130169000000.0,,45855000000.0,,,8680000000.0,,8704000000.0,8537000000.0,0.53,0.1925,1.88,0.4,0.47,1773014400.0,1.375,364.70001220703125,235.2647227735134,357.6400146484375,350.9524,1.5,21.0,2.46,0.013300001,0.00302,0.80977994,False,False,,0.486,5771056.0,4779120.0,1.5796381038808303,25.36,22.64,20.03,,-0.01935836940577329,0.31800504894439996,68.99529472153307,0.16218012130000425,0.17266721318699485,True,0.9879970280484358,,1.0,US,True,True,53.04725121885562,61.705546170487686,80.42057402671213,62.02351424053579,35.757384485105156,22.847399829497018,67.13928273561301,64.02805611222445,50.0,88.91013384321224,48.6,54.41386953886893,standard,302,1709204547,False,45.8,False,69.72477064220183,22.351959966638866,16.59716430358632,50.0417014178482,50.0417014178482,50.0417014178482,3,SVAG,-8,UPPTREND,False,4,0.5714285714285714,MEDEL,EJ AKTUELL,-7.0
BBVA.MC,"Banco Bilbao Vizcaya Argentaria, S.A.",Financial Services,Banks - Diversified,Spain,EUR,118446217891.68869,-1.2856059999999996,-0.9970340000000011,2.1304,0.6879532499999997,3.6320937,4.173,,0.06424498999999997,0.008775001000000004,0.12077498600000003,0.20835003000000007,-0.37562,0.057999999999999996,0.0,0.108,,,,,160842006528.0,168716992512.0,136071553024.0,859576000000.0,,39415000000.0,,,,,10511000000.0,14968000000.0,4.36,0.4011,0.92,4.99,0.6,1775606400.0,0.885,21.719999313354492,11.896416760839527,21.34000015258789,21.01087,2.43478,23.0,,,0.00102,0.44437,False,False,,0.5,12424623.0,14801501.0,3.626697460826933,10.97,23.03,14.85,71.18,-0.017495357862785887,0.3060805545670852,69.75229802222375,0.09618032675681398,0.16750814460880248,True,0.9133801539460076,,0.561,Europe,True,True,,62.44049556820439,81.37773058964311,54.215020185875595,49.85097251392567,36.14663256606991,67.13928273561301,,50.0,,50.0,54.34298723886585,standard,307,362270917,False,40.8,False,28.065054211843204,35.3628023352794,39.6163469557965,50.0417014178482,50.0417014178482,50.0417014178482,2,SVAG,-8,UPPTREND,False,3,0.42857142857142855,LÅG,EJ AKTUELL,0.7
SGSN.SW,SGS SA,Industrials,Consulting Services,Switzerland,CHF,17970760394.338486,-0.12795400000000257,3.1708515000000013,5.0862,16.35044625,2.5875823,2.882,1.17,0.622834945,0.043670002,0.0322774915,0.0427400075,0.06757999999999997,-0.041999999999999996,0.030999999999999986,0.127,422.95799999999997,0.17699999999999982,1.418,244523584.0,2331000064.0,4896999936.0,20014057472.0,7883000000.0,,6945000000.0,,,957000000.0,,668000000.0,1223000000.0,3.56,0.9249,3.2,3.59,3.2,1775088000.0,0.574,93.84353616048543,76.70755754062746,90.86000061035156,98.89474,2.31579,19.0,,,0.1407,0.45611998,False,False,,0.5,412551.0,395892.0,2.3748456113167684,3.27,6.07,7.72,,-0.03179265905998685,0.18572594506375278,62.47422129026474,0.04279045410942328,0.05208970272796187,True,0.8673925029851388,,0.5,Europe,True,True,70.42491699817545,74.53730448932099,64.84796817277636,42.373297237228066,56.64710844404884,71.86700767263427,67.13928273561301,63.426853707414836,50.0,,50.0,62.32198899609941,standard,101,44606583,False,59.2,False,70.22518765638031,72.47706422018348,55.04587155963303,50.0417014178482,50.0417014178482,50.0417014178482,5,NEUTRAL,0,UPPTREND,False,4,0.5714285714285714,MEDEL,VÄNTA,4.7
EME,"EMCOR Group, Inc.",Industrials,Engineering & Construction,United States,USD,37178293365.4845,-3.1019120000000022,5.872319000000001,0.445,5.29623625,2.099223,2.068,2.890500000000001,0.24004,0.062729996,-0.028577501499999998,-0.048224997499999984,-0.256565005,0.136,0.22899999999999998,0.269,-62.056999999999995,-0.125,1.215,79663744.0,916419968.0,516518016.0,36698546176.0,9291399000.0,,16986422000.0,,,1568542000.0,,1272817000.0,1302063000.0,0.16,0.038599998,1.3,0.3,0.4,1776297600.0,1.124,951.9600219726562,477.24540977458923,836.5900268554688,1000.1429,1.6,7.0,2.73,0.0233,0.0070499997,0.97009003,False,False,,0.606,367600.0,422020.0,2.8845051768271714,-2.08,11.4,34.1,,-0.12119205896705332,0.38821450993878753,52.38514153023834,-0.022080517057456395,0.1540465529316517,True,0.5519239538417967,,0.97,US,True,True,56.492537313432834,52.839697905851814,68.71270247229326,77.53977583369533,35.292394415376066,58.14151747655584,67.13928273561301,50.0,50.0,73.9961759082218,60.6,62.30148120596039,standard,102,353057723,False,55.6,False,60.133444537114265,59.04920767306089,60.9674728940784,50.0417014178482,50.0417014178482,50.0417014178482,4,NEUTRAL,0,VARNING,False,3,0.42857142857142855,LÅG,VÄNTA,9.4
VAIAS.HE,Vaisala Oyj,Technology,Scientific & Technical Instruments,Finland,EUR,1805491442.6426697,3.1971540000000047,4.032645749999996,1.6669,1.0110020999999998,3.335328,3.317,-1.513,0.058357510000000015,0.02812,0.03334250450000001,0.028704994999999997,0.12637995999999996,-0.12250000000000001,-0.064,0.143,-1.3595000000000006,-0.04000000000000015,1.399,-791930172.0,95400000.0,91700000.0,1984570496.0,588900000.0,,,,,,,,,1.57,0.5119,0.86,1.73,0.86,1774396800.0,0.829,56.0,40.076190390699956,54.400001525878906,55.2,,5.0,,,0.3811,0.33804,False,False,,0.5,16787.0,11436.0,1.9156539866783853,5.43,20.15,28.8,,-0.028571401323590928,0.24746908234802456,48.91305880196805,0.05678267262574499,0.19407456425242242,False,0.5305714638621482,,0.5,Nordic,True,True,,68.37319635231707,81.69934640522875,34.27868051348459,57.050928862113636,94.7144075021313,67.13928273561301,1.0521042084168337,50.0,,50.0,54.29537917965662,standard,308,713520,False,50.3,False,28.065054211843204,94.82902418682235,43.53628023352794,50.0417014178482,50.0417014178482,50.0417014178482,3,SVAG,-8,UPPTREND,False,3,0.42857142857142855,LÅG,EJ AKTUELL,0.8
2395.TW,"Advantech Co., Ltd.",Technology,Computer Hardware,Taiwan,TWD,428917476000.0,15.62661,11.26707575,2.5442,4.2435604,5.802739,5.392,11.449,0.104547495,0.05354,0.019752503500000004,0.03286500499999999,0.036445000000000005,0.04249999999999998,0.027999999999999997,0.22,-1.3780000000000001,-0.08600000000000019,1.108,-1732356608.0,20509259776.0,2189991936.0,398554234880.0,75717524000.0,,70882362000.0,,,11546311000.0,,10592508000.0,9902694000.0,1.75,0.6913,8.39,2.44,8.392371,1752710400.0,0.738,539.0,271.0,494.0,489.73334,2.0,15.0,,,0.48346,0.25716,False,False,,0.5,3814751.0,3080272.0,1.018059443124535,6.24,41.55,72.13,,-0.08348794063079779,0.3728682181728677,49.70588235294118,0.1288332343128742,0.44081082066426047,False,0.523856364363592,,0.52,Asia,True,True,41.396860885951,69.27684700136096,84.1716396703609,56.668163450483796,45.66134751079371,21.568627450980394,67.13928273561301,43.38677354709419,50.0,,50.0,62.284682798941994,standard,103,48047186,False,36.3,False,28.065054211843204,21.100917431192663,23.853211009174313,50.0417014178482,50.0417014178482,50.0417014178482,4,NEUTRAL,0,UPPTREND,False,3,0.42857142857142855,LÅG,VÄNTA,10.3
MRK,"Merck & Co., Inc.",Healthcare,Drug Manufacturers - General,United States,USD,281238912919.62537,5.288986999999999,-3.6573770000000003,5.295,2.7023004000000004,4.2762275,4.986,-2.3592500000000003,0.06391250250000001,0.064835,0.016375012999999994,0.195745005,0.31775494499999996,-0.034,,,47.63625000000001,-0.715,0.696,13237394048.0,5702000128.0,49116999680.0,327917666304.0,136866000000.0,,65011000000.0,,,22107000000.0,,18254000000.0,16472000000.0,2.95,0.9352,3.4,3.01,0.85,1781481600.0,0.218,123.33302108292563,74.18002420015823,113.87000274658203,129.74074,1.82759,27.0,3.28,0.0124,0.00061,0.82328004,False,False,,0.38,9962700.0,13840040.0,2.4054553291555205,0.39,0.43,17.57,,-0.0767273699553741,0.2719063051325289,40.736814187481876,-0.009181763816130117,0.0962781231203289,False,0.1351241153840364,,0.928,US,True,True,,79.11206208784827,59.76129582267689,60.13954584297694,53.574551405674946,24.637681159420293,67.13928273561301,88.27655310621243,50.0,90.63097514340345,38.0,62.19205114963291,standard,105,1575965393,False,53.6,False,89.0742285237698,24.103419516263553,34.862385321100916,50.0417014178482,50.0417014178482,50.0417014178482,4,NEUTRAL,0,VARNING,False,3,0.42857142857142855,LÅG,VÄNTA,7.6
RR.L,Rolls-Royce Holdings plc,Industrials,Aerospace & Defense,United Kingdom,GBp,148005808462651.25,-4.180418000000003,17.528632,2.4412,39.86954275,5.5034156,5.413,12.275000000000002,6.08239,0.017295001500000004,0.1877374955,0.026225002500000004,-0.10098999000000003,0.10500000000000001,-0.030000000000000006,0.039,66.286,0.031999999999999806,0.729,2944387456.0,6248999936.0,4361999872.0,114797035520.0,38115000000.0,,21207000000.0,,,4412000000.0,,5841000000.0,4565000000.0,0.68,0.1519,0.1,1.74,0.05,1776902400.0,1.22,18022.805485832505,11367.585052225028,17857.947281944565,1425.25,1.6,20.0,,,0.00051,0.73295,False,False,,0.5,33978891.0,25032228.0,1.151761109031584,15.83,14.85,30.97,56.45,-0.00914719986394641,0.3687005616778227,76.46823589601456,0.14272019068150543,0.19803176414935875,True,0.9753914957948453,,0.5,UK,True,True,64.36320401998026,70.44008633646882,82.52970115050408,48.746022715030286,38.043862157621504,0.5115089514066496,67.13928273561301,77.55511022044088,50.0,,50.0,54.14442904904178,standard,315,447024207974,False,41.0,False,56.88073394495413,2.543786488740617,25.771476230191826,50.0417014178482,50.0417014178482,50.0417014178482,3,SVAG,-8,UPPTREND,False,4,0.5714285714285714,MEDEL,EJ AKTUELL,-4.4
FIX,"Comfort Systems USA, Inc.",Industrials,Engineering & Construction,United States,USD,69221289718.047,25.618043999999998,17.076434000000003,0.932,102.86752175,6.8294625,6.896,23.3155,0.38069,0.117850012,0.0167824985,-0.056634997499999985,-0.198225015,-0.051,0.317,0.382,-29.923000000000002,-0.14500000000000002,1.183,287997312.0,70540000.0,303920992.0,69890752512.0,6441169000.0,,9101641000.0,,,1312615000.0,,1022558000.0,1186356000.0,0.14,0.065,2.6,0.38,0.8,1778803200.0,1.67,2073.1775510595326,488.8834931121021,1967.4100341796875,2048.1667,1.25,6.0,2.01,0.0271,0.011770001,0.96405,False,False,,0.445,425153.0,483580.0,1.5803660093630303,7.77,36.24,103.33,,-0.05101710503559653,0.5436317818157089,59.05095129174804,0.07482642388295924,0.5707205109877007,True,0.9577621738839582,,1.0,US,True,True,43.07742350372386,60.102006153976234,88.06479113384484,67.95139637812696,21.728049543974247,46.632566069906225,34.153461217681404,52.104208416833664,50.0,68.35564053537286,44.5,62.08755656977163,standard,106,951400144,False,47.7,False,61.55129274395329,45.62135112593828,19.849874895746456,50.0417014178482,50.0417014178482,50.0417014178482,5,NEUTRAL,0,UPPTREND,False,3,0.42857142857142855,LÅG,VÄNTA,10.9
AMT,American Tower Corporation,Real Estate,REIT - Specialty,United States,USD,82020476219.24281,-2.476705500000003,2.2503742499999975,1.846,21.048176849999997,7.5809407,12.216,0.3539999999999992,0.23122,0.020457501250000003,0.01008248149999999,0.07928002,0.29013498499999996,0.01100000000000001,0.5335,0.759,352.5235,-0.30799999999999983,0.264,3802506368.0,1608800000.0,45131198464.0,132172374016.0,63190400000.0,,10644600000.0,,,4929200000.0,,2529500000.0,5464000000.0,3.96,0.8226,6.98,2.93,1.79,1781222400.0,0.891,225.61456595211138,161.90145108607368,176.0500030517578,216.13635,1.68,22.0,3.1,0.0224,0.00083,0.96663004,False,False,,0.479,3130290.0,3007820.0,1.4342007159570167,-2.88,-1.78,1.19,,-0.2196868925159472,0.24477880466381746,38.72511327672037,-0.021947175146367126,-0.013232649354242954,False,-0.06773262815929715,,0.638,US,True,True,84.71297071755451,75.56829639369033,36.85706166524581,66.88177426271753,39.30351040101387,42.79624893435635,67.13928273561301,80.16032064128257,50.0,76.0038240917782,47.9,62.04756233788669,standard,108,529526720,False,53.5,False,88.74061718098415,41.86822351959967,16.930775646371977,50.0417014178482,50.0417014178482,50.0417014178482,4,NEUTRAL,0,NEDTREND,True,4,0.5714285714285714,MEDEL,EJ AKTUELL,8.6
SAN.MC,"Banco Santander, S.A.",Financial Services,Banks - Diversified,Spain,EUR,169352675688.6595,0.4004840000000005,-0.939527,3.8071,0.08397624999999997,3.5748022,5.495,,0.002674999999999983,0.0028250004000000065,0.13052496600000008,0.09231003000000004,-0.37562,-0.015,0.541,0.603,,,,,307914997760.0,392526004224.0,260313448448.0,1867515000000.0,,60023000000.0,,,,,14101000000.0,-14835000000.0,2.15,0.2545,0.25,3.15,0.125,1777507200.0,0.95,11.989999771118164,6.669868519429318,11.802000045776367,12.2145,1.65,20.0,,,0.01568,0.40222,False,False,,0.5,27872608.0,34973165.0,2.275113073469092,12.87,27.75,21.01,71.09,-0.015679710502968902,0.3049448873499968,75.78759741692254,0.11373174990713908,0.21589594796952216,True,0.9339236833691276,,0.672,Europe,True,True,,54.70591893225499,84.17225885168587,64.23585527270544,47.639211030956076,30.52003410059676,67.13928273561301,,50.0,,50.0,53.97583280018223,standard,318,473395192,False,40.0,False,28.065054211843204,29.858215179316094,40.116763969974976,50.0417014178482,50.0417014178482,50.0417014178482,2,SVAG,-8,UPPTREND,False,3,0.42857142857142855,LÅG,EJ AKTUELL,2.2
KIMBERA.MX,"Kimberly-Clark de México, S. A. B. de C. V.",Consumer Defensive,Household & Personal Products,Mexico,MXN,59889965276.83809,0.0,4.81471975,2.41,43.4402722,2.0496492,2.243,2.5722500000000004,2.7906875125,0.070879998,0.08970999000000002,0.12717500499999998,0.09709000000000001,0.000999999999999994,0.063,0.102,1123.10275,0.3579999999999999,1.353,3999137408.0,20361144320.0,31308175360.0,125320896512.0,45633156000.0,,55371444000.0,,,12091264000.0,,7581467000.0,9812087000.0,5.73,0.5907,2.2,5.19,0.55,1782864000.0,0.248,43.41503622733335,31.84013202076487,38.369998931884766,43.10833,2.41667,12.0,,,0.0,0.37545,False,False,,0.5,4328217.0,4147578.0,1.917706473275667,0.76,-7.19,1.11,,-0.1162048390108752,0.254270113002197,48.590584713664754,-0.016401029382515753,0.005816228954773184,True,0.7232625285997646,,0.512,LatAm,True,True,80.54852241797028,82.91472743134442,40.451832907075875,50.2557671163178,56.95583324754216,49.190110826939474,67.13928273561301,83.16633266533067,50.0,,50.0,61.95502721884581,standard,109,8275413,False,62.3,False,92.99416180150125,48.123436196830696,61.88490408673894,50.0417014178482,50.0417014178482,50.0417014178482,5,NEUTRAL,0,VARNING,False,3,0.42857142857142855,LÅG,VÄNTA,7.5
FCX,Freeport-McMoRan Inc.,Basic Materials,Copper,United States,USD,98731611966.90845,10.214684499999997,1.6263332500000018,4.6249,2.1573341499999996,3.736861,4.443,-1.2535000000000007,0.03918249250000002,0.030314993999999994,-0.005902498499999999,0.1580725025,-0.06314499499999998,0.0,1.1139999999999999,1.503,-23.997999999999998,0.5575000000000002,0.861,898018688.0,3736999936.0,10401000448.0,117401608192.0,58167000000.0,,25915000000.0,,,6502000000.0,,2204000000.0,5610000000.0,0.87,0.3175,0.6,1.28,0.15,1776211200.0,1.359,72.27999877929688,34.860561872262736,68.68000030517578,70.04091,1.69565,22.0,2.14,0.0198,0.00693,0.88306,False,False,,0.643,15009761.0,14888830.0,1.3672513329096438,17.0,28.37,45.15,,-0.049806288529604115,0.49018625330370774,55.51020541044294,0.06304417204921808,0.26792538353645123,True,0.6753453898806435,,1.0,US,True,True,,63.29548953849339,84.31372549019608,80.9176177350428,35.44414095539699,39.21568627450981,67.13928273561301,55.91182364729459,50.0,80.49713193116634,64.3,61.923661321299235,commodity,111,1022564849,False,50.4,False,65.55462885738115,38.36530442035029,38.4487072560467,50.0417014178482,50.0417014178482,50.0417014178482,4,NEUTRAL,0,UPPTREND,False,4,0.5714285714285714,MEDEL,VÄNTA,9.7
CPG.L,Compass Group PLC,Consumer Cyclical,Restaurants,United Kingdom,USD,694307654265.8893,5.983318999999998,7.865700500000001,1.6594,4.453540100000001,1.1292168,1.308,4.994249999999997,0.12223001000000003,0.009234999499999987,-0.024550005500000013,-0.07768999499999997,0.34440998,0.034,0.052000000000000005,0.163,17.025000000000006,-0.43500000000000016,0.622,1328262528.0,523000000.0,9130999808.0,63440801792.0,26715000000.0,,46070000000.0,,,3295000000.0,,1868000000.0,3366000000.0,2.13,0.5592,0.69,2.93,0.255,1781740800.0,0.666,434.53500869208733,240.39214640123015,408.34109930526756,38.2777,1.8,20.0,,,0.00121,0.76065004,False,False,,0.5,3887100.0,2700290.0,2.272688533349654,3.22,53.55,44.08,29.41,-0.06028032002682859,0.47537174218713363,60.797727224598425,0.06772778962633086,0.3016741267205998,False,0.5625625888083297,,0.5,UK,True,True,68.80466156192983,59.21869600379246,82.18781529364837,51.94612668897186,43.866665376941285,18.499573742540495,67.13928273561301,72.94589178356713,50.0,,50.0,61.89244238878443,standard,112,1102639387,False,51.9,False,59.79983319432861,18.09841534612177,77.81484570475396,50.0417014178482,50.0417014178482,50.0417014178482,5,NEUTRAL,0,UPPTREND,False,3,0.42857142857142855,LÅG,VÄNTA,7.5
VICI,VICI Properties Inc.,Real Estate,REIT - Diversified,United States,USD,28297784053.72628,-21.871868500000005,-14.287505750000001,,-1.24531525,7.003651,11.32,-7.094000000000001,0.045009999999999994,0.02515750125,0.5103125015000001,0.69511989,0.541904985,-0.021999999999999992,0.36549999999999994,0.605,-30.1735,10.508,11.119,473423744.0,486896000.0,17701677056.0,45739102208.0,46724168000.0,,4006116000.0,,,3655301000.0,,2775493000.0,2509991000.0,6.85,0.6104,1.8,5.15,0.45,1781740800.0,0.676,31.942069175980954,26.11123823134388,26.280000686645508,34.04348,1.79167,23.0,3.22,0.0298,0.0028400002,0.98177004,False,False,,0.5,8144025.0,9495770.0,2.142320302132855,-5.81,-4.5,-2.53,,-0.17726054183093043,0.17189416743956962,36.89844523421197,-0.054063607182949,-0.06991587599980009,False,-0.05026033956878278,,0.723,US,True,True,,87.9953678075405,35.990338164251206,64.48048244322979,84.55168087917168,62.23358908780904,67.13928273561301,60.72144288577155,50.0,65.48757170172084,50.0,61.887107534716,standard,113,249548842,False,53.1,False,72.89407839866556,63.05254378648875,19.01584653878232,50.0417014178482,50.0417014178482,50.0417014178482,5,NEUTRAL,0,NEDTREND,True,4,0.5714285714285714,MEDEL,EJ AKTUELL,-9.5
SAND.ST,Sandvik AB (publ),Industrials,Specialty Industrial Machinery,Sweden,SEK,510158770196.42816,7.141027999999999,10.8785635,2.8637,1.8411898500000003,4.1794367,4.288,1.8100000000000005,0.0,0.017920002000000004,0.055987495500000005,0.06709999750000001,-0.025670000000000026,-0.013999999999999999,-0.031000000000000007,0.037,-15.526000000000003,0.41999999999999993,1.047,14992882560.0,8226999808.0,41472999424.0,523408572416.0,169860000000.0,,120680000000.0,,,20979000000.0,,14690000000.0,19189000000.0,1.54,0.48650002,6.0,2.32,6.0,1777420800.0,1.333,408.79998779296875,203.86491337372303,406.70001220703125,386.0,2.6,20.0,,,0.18391001,0.496,False,False,,0.5,2087653.0,1907632.0,2.081373943437034,9.8,17.21,41.93,,-0.005136926733473879,0.26828389834901123,68.10551760578326,0.06647148060704655,0.2538768155331177,True,1.1127230394169385,,0.105,Nordic,True,True,80.20701851464122,61.7616256065012,85.47882921284456,32.815704918073585,50.77588587553945,20.460358056265985,67.13928273561301,79.95991983967936,50.0,,50.0,61.87032354417001,standard,114,81034830,False,51.0,False,80.40033361134279,20.016680567139282,35.52960800667223,50.0417014178482,50.0417014178482,50.0417014178482,5,NEUTRAL,0,UPPTREND,False,4,0.5714285714285714,MEDEL,VÄNTA,1.1
PKO.WA,Powszechna Kasa Oszczednosci Bank Polski Spólka Akcyjna,Financial Services,Banks - Regional,Poland,PLN,131599998474.1211,-0.7547689999999996,1.5085859999999993,1.45,0.6629971499999999,4.5138054,5.007,,0.06010499999999999,0.014145000000000005,0.15773498600000002,0.25413003,-0.37562,-0.06,-0.112,0.021,,,,,25447000064.0,39096999936.0,145987993600.0,583079000000.0,,31050000000.0,,,,,10682000000.0,11852000000.0,5.8,0.638,6.14,3.87,6.14,1785801600.0,0.65,108.08000183105469,63.72561311625651,105.27999877929688,106.328,1.73333,15.0,,,0.31393,0.36236,False,False,,0.5,2319739.0,2288804.0,1.8867703515160519,5.24,19.01,29.37,,-0.02590676354849286,0.30213377685039916,54.90111633222183,0.056699210459395966,0.22274078101990313,True,0.7619120075710784,,0.903,Europe,True,True,,64.76339243273979,81.86984938903096,44.31841172720327,58.66523605150215,34.271099744245525,67.13928273561301,,50.0,,50.0,53.83736699110647,standard,321,240965282,False,39.6,False,28.065054211843204,33.527939949958295,33.277731442869054,50.0417014178482,50.0417014178482,50.0417014178482,2,SVAG,-8,UPPTREND,False,3,0.42857142857142855,LÅG,EJ AKTUELL,-1.2
CNR.TO,Canadian National Railway Company,Industrials,Railroads,Canada,CAD,96892215408.3252,-9.262469000000003,-1.363946999999996,2.6916,0.8046617999999996,5.607188,7.075,-2.8004999999999995,0.08138500500000001,0.023259997999999997,0.18960749550000003,0.2478299975,0.17866999999999994,-0.066,-0.06000000000000001,-0.013,47.58650000000001,-0.701,0.403,1829750080.0,586000000.0,22666000384.0,122261086208.0,58555000000.0,,17304000000.0,,,6587000000.0,,4720000000.0,7049000000.0,2.22,0.4713,3.66,2.03,0.915,1780963200.0,1.002,169.22000122070312,123.7889156062949,159.72999572753906,162.10526,2.21429,19.0,1.49,,0.02668,0.73497003,False,False,,0.5,1639417.0,2209480.0,0.9273102921039517,2.01,18.57,20.32,,-0.05608087356521663,0.2117865531381881,38.51064391656362,0.017648928729530056,0.13564847187974416,False,0.1268351308505496,,0.528,Canada,True,True,,81.35797917517036,74.50980392156863,35.251580914197966,45.27707353109111,39.89769820971867,67.13928273561301,66.93386773547094,50.0,,50.0,53.797796486521776,standard,324,249378340,False,50.8,False,74.395329441201,39.0325271059216,25.18765638031693,50.0417014178482,50.0417014178482,50.0417014178482,3,SVAG,-8,UPPTREND,False,3,0.42857142857142855,LÅG,EJ AKTUELL,-1.5
ALL,The Allstate Corporation,Financial Services,Insurance - Property & Casualty,United States,USD,56933786616.7482,-12.923925700000002,-4.4455635000000004,2.6501,-0.7999274500000003,0.8351246,0.902,-4.390499999999999,0.31697000499999994,0.055855,-0.07238000699999997,-0.17907496499999997,-0.10522501500000003,-0.031,3.251,3.129,-43.5885,-1.3319999999999999,0.236,11617143424.0,5401999872.0,7491999744.0,61499035648.0,119758000000.0,,67069000000.0,,,,,10282000000.0,10110000000.0,1.94,0.090299994,4.32,2.34,1.08,1780272000.0,0.192,226.42716911219748,185.27840152623034,221.1699981689453,240.86365,2.2,22.0,0.01,0.0001,0.00504,0.85514,False,False,,0.424,1553119.0,1765320.0,2.892729460394586,-1.0,8.95,6.66,,-0.023217933447938655,0.23682975140091997,69.34867300354942,0.028322666586394485,0.07495128294910769,True,0.7410344164346571,,1.0,US,True,True,,49.25488784578821,67.46234725774367,80.53253294394555,57.44894171131807,50.29838022165388,67.13928273561301,99.04809619238478,50.0,98.47036328871893,42.4,61.78608488553638,standard,115,390435821,False,67.4,False,97.5396163469558,51.37614678899083,84.98748957464554,50.0417014178482,50.0417014178482,50.0417014178482,5,NEUTRAL,0,UPPTREND,False,3,0.42857142857142855,LÅG,VÄNTA,6.6
CW,Curtiss-Wright Corporation,Industrials,Aerospace & Defense,United States,USD,28515992455.954834,25.192158,25.543475000000004,2.0,6.51791575,7.907021,8.13,18.6535,0.044660000000000005,0.030970001999999996,0.0377624985,0.040085002500000015,-0.07779501500000002,0.07300000000000001,0.21999999999999997,0.265,-31.778,0.1379999999999999,0.985,-288660000.0,343447008.0,1148382976.0,29320929280.0,5221292000.0,,3498372000.0,,,638025000.0,,484228000.0,643402000.0,0.13,0.070300005,1.04,0.35,0.26,1781481600.0,0.863,800.0,458.01766743739125,771.9299926757812,788.1667,1.71429,6.0,2.56,0.0221,0.00368,0.88936996,False,False,,0.1,278677.0,334390.0,3.246665229044084,9.54,11.69,42.01,,-0.03508750915527348,0.33046169684967003,57.50233550742649,0.05495958027784997,0.2209937869254368,True,0.901685638572792,,0.877,US,True,True,35.962073400532404,62.91689427326962,79.62489343563512,72.1883433772347,50.33287791940569,61.97783461210571,33.986655546288574,40.18036072144289,50.0,76.76864244741873,10.0,53.689083194062356,standard,330,258125670,False,41.3,False,28.065054211843204,62.8023352793995,15.846538782318598,50.0417014178482,50.0417014178482,50.0417014178482,3,SVAG,-8,UPPTREND,False,3,0.42857142857142855,LÅG,EJ AKTUELL,2.5
INVE-B.ST,Investor AB (publ),Financial Services,Asset Management,Sweden,SEK,710708725959.4808,-7.5418494,12.684804999999999,5.08,-0.82605965,4.684467,5.053,-3.354000000000001,0.07559000499999999,0.09994499600000001,0.53313499,0.3557200300000001,0.44139004000000004,3.512,,,-36.355500000000006,1.6639999999999997,2.737,125266283392.0,28041000960.0,122116997120.0,1292723814400.0,1102807000000.0,,216578000000.0,,,,,157494000000.0,,1.43,0.0836,5.6,1.78,1.6,1793923200.0,0.776,391.1499938964844,267.7573998140343,391.1499938964844,379.2,3.0,5.0,,,0.00254,0.46255,False,False,,0.5,3096200.0,2432476.0,1.386302989858755,5.09,12.31,22.27,,0.0,0.17420289080138954,68.63794519753803,0.04374383356430789,0.16408425985605657,True,1.1710589365054611,,0.5,Nordic,True,True,,92.19345526381935,79.24126172208014,65.32153332229113,77.90305035765935,18.32907075873828,67.13928273561301,96.59318637274549,50.0,,50.0,69.58290919316124,holding,31,99379048,False,54.3,False,97.5396163469558,17.93160967472894,31.693077564637196,50.0417014178482,50.0417014178482,50.0417014178482,7,STARK,8,UPPTREND,False,5,0.7142857142857143,HÖG,VÄNTA,8.0
EA,Electronic Arts Inc.,Communication Services,Electronic Gaming & Multimedia,United States,USD,50689410960.1344,36.431522,5.9213965,1.2545,3.7553533999999997,6.730768,6.581,22.406499999999998,-0.035727495,0.0010250009999999976,-0.0036650020000000005,0.056055014999999986,0.340165035,0.057999999999999996,0.7525,0.815,-49.7535,-0.09999999999999976,0.951,1407268736.0,2980000000.0,1854000000.0,49563414528.0,13131000000.0,,7531000000.0,,,1162000000.0,,887000000.0,2553000000.0,0.38,0.2165,0.76,0.52,0.19,1779840000.0,0.645,204.50295520707493,146.39355127933436,202.14999389648438,202.8,2.89474,15.0,5.02,0.0438,0.00227,0.95202005,False,False,,0.428,1912414.0,2120730.0,2.792612356303536,0.32,0.82,-0.82,,-0.011505757010738527,0.21141858913992764,54.12661594062827,0.0007063717973891936,0.016224893891007675,False,0.4518562977849868,,0.808,US,True,True,62.64585140430114,57.90839549660613,57.91418016481955,76.73093609596474,64.66481532150856,52.85592497868713,67.13928273561301,79.65931863727455,50.0,48.37476099426386,42.8,61.53114586360241,standard,117,428705557,False,53.4,False,79.232693911593,53.87823185988324,20.18348623853211,50.0417014178482,50.0417014178482,50.0417014178482,6,NEUTRAL,0,UPPTREND,False,4,0.5714285714285714,MEDEL,VÄNTA,4.8
LIN,Linde plc,Basic Materials,Specialty Chemicals,United Kingdom,USD,236791186104.27612,7.8382654999999986,9.97910125,2.1676,3.24053345,6.8328147,7.606,6.141500000000001,0.06516250250000002,0.025025000000000002,0.09501751150000001,0.1320625225,0.038154984999999975,-0.0059999999999999915,-0.283,0.11,8.635999999999996,-1.0005,0.624,3882643584.0,3959000064.0,26317000704.0,263589199872.0,86817000000.0,,33986000000.0,,,9254000000.0,,6898000000.0,10350000000.0,1.24,0.4045,6.4,1.3,1.6,1780531200.0,0.732,525.8699951171875,385.263556835197,512.1500244140625,545.44,1.62963,25.0,3.05,0.0139999995,0.00252,0.89355004,False,False,,0.427,2251169.0,2739190.0,2.0075800768830847,1.52,4.89,21.72,,-0.026090042844272854,0.1724557840274548,61.9195712500034,0.014843720914066605,0.10234992957593159,True,0.5783149280509208,,0.839,US,True,True,62.65074925971346,73.25131497941432,71.21341290139243,47.50502638033649,58.93483528020986,26.598465473145783,67.13928273561301,66.63326653306613,50.0,88.24091778202677,42.699999999999996,61.517459031263,standard,118,1402876225,False,47.5,False,72.31025854879066,26.02168473728107,19.76647206005004,50.0417014178482,50.0417014178482,50.0417014178482,4,NEUTRAL,0,UPPTREND,False,4,0.5714285714285714,MEDEL,VÄNTA,0.6
DXCM,"DexCom, Inc.",Healthcare,Medical Devices,United States,USD,27964215114.22635,4.315936000000001,7.945892000000001,1.3511,6.0307124000000005,5.804233,5.59,7.3737499999999985,0.23071250250000003,0.035565,0.073625003,0.023905005000000007,0.16553498500000002,0.06699999999999999,0.809,0.893,-12.466750000000001,-0.06599999999999995,1.583,244781248.0,2415200000.0,1384800000.0,26933815296.0,6339900000.0,,4662000000.0,,,911800000.0,,836300000.0,1440700000.0,,0.0,,,,,1.443,89.9800033569336,54.11000061035156,72.47000122070312,85.20833,1.33333,24.0,2.38,0.0519,0.00279,1.02469,False,False,,0.801,5461900.0,5572360.0,1.454063998357929,8.24,7.73,9.19,,-0.19459881621443842,0.40990623457723435,46.55080170689325,0.08808914294397074,0.0733640882625044,False,0.36380151808746963,,0.962,US,True,True,55.48582239105075,75.77767317315633,51.30718954248366,82.5203330445714,29.970166433770988,62.48934356351236,11.884904086738949,58.31663326653307,50.0,42.54302103250478,90.10000000000001,61.51517476354285,standard,119,403828936,False,51.8,False,64.97080900750626,63.30275229357798,23.769808173477898,50.0417014178482,50.0417014178482,50.0417014178482,5,NEUTRAL,0,UPPTREND,False,2,0.2857142857142857,LÅG,VÄNTA,7.0
INVE-A.ST,Investor AB (publ),Financial Services,Asset Management,Sweden,SEK,479505202019.23975,-7.647171999999999,,4.91,-0.84643535,4.605994,4.975,-3.4540000000000006,0.07559000499999999,0.09994499600000001,0.53313499,0.3557200300000001,0.44139004000000004,3.512,,,-36.355500000000006,1.6639999999999997,2.737,125266283392.0,28041000960.0,122116997120.0,1272656429056.0,1102807000000.0,,216578000000.0,,,,,157494000000.0,,1.46,0.0836,5.6,1.75,1.6,1793923200.0,0.776,384.70001220703125,267.6073830755457,384.6000061035156,380.0,,1.0,,,0.49436,0.27832,False,False,,0.5,359736.0,349153.0,1.4581282455928417,4.31,11.5,20.79,,-0.0002599586699826295,0.17161405389678913,66.90910543645082,0.03833200991980701,0.15291458040537376,True,1.1183643559069256,,0.5,Nordic,True,True,,92.19345526381935,78.14720090934925,65.32153332229113,78.01652553496432,20.971867007672635,67.13928273561301,96.79358717434869,50.0,,50.0,69.49480515868397,holding,33,14025812,False,54.9,False,97.5396163469558,20.517097581317763,32.610508757297744,50.0417014178482,50.0417014178482,50.0417014178482,8,STARK,8,UPPTREND,False,5,0.7142857142857143,HÖG,OK,7.8
BNS.TO,The Bank of Nova Scotia,Financial Services,Banks - Diversified,Canada,CAD,151395868595.8557,0.07388500000000064,0.6052355000000009,1.2192,-0.38999750000000033,4.4247103,-0.831,,-0.009675010000000012,-0.010324999999999994,0.04981499000000006,0.02862003000000002,-0.38794,0.065,0.22099999999999997,0.313,,,,,531156008960.0,349912006656.0,-28427134976.0,1460042000000.0,,37097000000.0,,,,,7789000000.0,5407000000.0,3.69,0.6069,4.56,5.48,1.1,1783382400.0,1.217,124.79000091552734,70.48526573259518,123.4800033569336,114.35714,2.92857,14.0,6.45,,0.0002,0.50943,False,False,,0.5,4045546.0,3217020.0,2.028080186674629,12.74,33.41,28.15,,-0.010497616387393993,0.15275011477552272,93.74623806273077,0.1346219875233814,0.256028808228036,True,0.9951307255323996,,0.904,Canada,True,True,,42.75028554805071,86.91389599317988,73.32414100936197,61.14153958542599,32.395566922421146,67.13928273561301,,50.0,,50.0,53.446500271177676,standard,336,280693638,False,39.4,False,28.065054211843204,31.693077564637196,33.94495412844037,50.0417014178482,50.0417014178482,50.0417014178482,1,SVAG,-8,UPPTREND,False,4,0.5714285714285714,MEDEL,EJ AKTUELL,-4.9
ALGM,"Allegro MicroSystems, Inc.",Technology,Semiconductors,United States,USD,10987121954.0,,20.002774249999998,,5.3478902999999995,12.343749,11.305,76.4925,-0.1623324995,-0.046660001,-0.12463249850000001,-0.03386,0.015424985000000002,0.1285,,,-17.493499999999997,1.7560000000000002,1.944,-661894128.0,168752992.0,305912000.0,10062649344.0,1416175000.0,,890096000.0,,,25077000.0,,-14897000.0,163069000.0,,0.0,,,,,1.978,59.55500030517578,22.40999984741211,59.0,54.36364,1.27273,11.0,4.29,0.120699994,0.32972,0.76177,False,False,,0.493,2289664.0,2560680.0,1.9017730482122,41.66,90.88,124.85,,-0.009319121859320156,0.5654853012337597,64.7261235366685,0.27906346327928455,0.6987583209702359,True,1.0923223181998214,,0.894,US,True,True,13.39182095534352,24.652273551370975,96.73202614379085,81.34356251768097,34.66735030088035,79.53964194373401,11.884904086738949,16.33266533066132,50.0,17.208413001912046,49.3,53.446405558069245,standard,337,151080120,False,43.0,False,28.065054211843204,79.98331943286072,9.674728940783988,50.0417014178482,50.0417014178482,50.0417014178482,3,SVAG,-8,UPPTREND,False,2,0.2857142857142857,LÅG,EJ AKTUELL,12.1
UBSG.SW,UBS Group AG,Financial Services,Banks - Diversified,Switzerland,CHF,134390011724.0,5.374769999999998,2.117372999999999,0.9266,0.22341014999999997,2.6191266,3.33,,-0.024585000000000024,0.0007350000000000065,-0.032825013999999986,-0.025549949999999988,-0.37562,0.07700000000000001,0.711,0.797,,,,,528411983872.0,574302978048.0,170842030080.0,1617427000000.0,,47295000000.0,,,,,7767000000.0,21851000000.0,2.15,0.32259998,0.86,2.38,1.1,1776729600.0,0.836,41.060001373291016,23.845160515972243,41.0,39.86412,2.35294,17.0,,,0.00064000004,0.55483,False,False,,0.5,6415701.0,9096253.0,2.605871530933878,11.11,41.46,28.07,,-0.0014613095782808339,0.23175169701296025,79.79272836281102,0.14809961677207695,0.25573691998734227,True,1.0068081392143031,,1.0,Europe,True,True,,34.02238209911827,89.21568627450979,83.82785787382738,64.35330106839558,33.75959079283887,67.13928273561301,,50.0,,50.0,53.44407151989733,standard,339,462483116,False,42.7,False,28.065054211843204,33.02752293577982,54.46205170975813,50.0417014178482,50.0417014178482,50.0417014178482,2,SVAG,-8,UPPTREND,False,4,0.5714285714285714,MEDEL,EJ AKTUELL,-0.7
SOBI.ST,Swedish Orphan Biovitrum AB (publ),Healthcare,Drug Manufacturers - Specialty & Generic,Sweden,SEK,152241056419.54303,143.94097100000002,13.455833499999999,0.331,1.0272789000000002,5.278964,5.883,-0.10575000000000134,-0.10360749949999999,0.009654999999999993,-0.04923,0.10446,0.36044,0.027999999999999997,0.383,0.506,6.457249999999999,-1.463,0.471,3268657280.0,940000000.0,19061000192.0,170368057344.0,67434000000.0,,28238000000.0,,,922000000.0,,478000000.0,8565000000.0,,0.0,,,,,0.274,451.79998779296875,261.20001220703125,440.20001220703125,471.66666,1.69231,12.0,,,0.10054,0.74334997,False,False,,0.5,419303.0,301968.0,1.3726627959178357,0.87,15.05,33.47,,-0.025675024124288015,0.28764233151279883,48.13432963288973,0.02629863600257698,0.21977242599419133,False,0.5488553072679081,,0.773,Nordic,True,True,,54.88258770593323,81.07416879795396,70.0862155754688,59.09954206458464,32.22506393861892,11.884904086738949,71.34268537074149,50.0,,50.0,69.34795038872014,standard,34,13883978,False,50.4,False,76.31359466221852,31.526271893244374,27.27272727272727,50.0417014178482,50.0417014178482,50.0417014178482,8,STARK,8,UPPTREND,False,2,0.2857142857142857,LÅG,OK,17.7
UNP,Union Pacific Corporation,Industrials,Railroads,United States,USD,152513053054.4303,-10.051869000000003,-0.9881910000000005,3.1365,3.5346581499999994,6.1746173,7.408,-2.3984999999999985,0.25461,0.036569991999999996,0.1880724985,0.2680850025,0.11575498499999998,-0.028999999999999998,-0.009000000000000008,0.046,86.834,-0.469,0.656,3222518656.0,1035000000.0,31505000448.0,182983049216.0,69698000000.0,,24510000000.0,,,9846000000.0,,7138000000.0,9290000000.0,2.15,0.45099998,5.52,2.21,1.38,1780012800.0,0.974,278.2543792190796,207.4463147167709,256.8800048828125,291.72726,1.82609,22.0,9.69,0.0556,0.00074,0.90829,False,False,,0.811,2947796.0,2648990.0,1.1240228460989747,-4.91,10.26,10.04,,-0.07681594947851056,0.21989483478034597,43.87753778044201,-0.022864382622455826,0.07116107899439506,False,0.021688650925168345,,0.694,US,True,True,,85.05779189800636,63.55498721227622,45.96933107465141,43.43416279681504,32.05456095481671,67.13928273561301,69.93987975951904,50.0,39.38814531548757,91.10000000000001,61.30243499843342,standard,121,680472564,False,49.5,False,76.06338615512928,31.359466221851545,22.018348623853214,50.0417014178482,50.0417014178482,50.0417014178482,4,NEUTRAL,0,VARNING,False,3,0.42857142857142855,LÅG,VÄNTA,9.5
ATCO-B.ST,Atlas Copco AB (publ),Industrials,Specialty Industrial Machinery,Sweden,SEK,269797431658.03125,5.039499999999997,,2.5581,3.28767825,5.0752597,5.165,2.630000000000001,0.07073000000000002,0.05052000200000001,0.0914674955,0.09717000750000002,0.0,-0.11199999999999999,-0.123,-0.051,-27.781000000000002,0.1589999999999998,1.185,20576406400.0,20828000256.0,35472998400.0,858101579776.0,202454000000.0,,168343000000.0,,,34811000000.0,,26420000000.0,32566000000.0,1.74,0.5607,3.0,1.61,2.5,1792368000.0,1.069,172.85000610351562,123.33926429669968,172.85000610351562,,,,,,0.00016000001,0.54801,False,False,,0.5,1599153.0,1137341.0,1.2509257032924155,11.34,18.53,17.22,,0.0,0.27363285868072446,75.360009765625,0.0853975089638419,0.15010218409290288,True,1.0722732787055842,,0.5,Nordic,True,True,75.17606107737863,73.36122475693188,79.9943165672066,25.915698766617595,51.79077674281843,25.14919011082694,67.13928273561301,75.65130260521042,50.0,,50.0,61.226287589362194,standard,122,20533502,False,53.9,False,93.74478732276897,24.603836530442035,28.607172643869895,50.0417014178482,50.0417014178482,50.0417014178482,4,NEUTRAL,0,UPPTREND,False,4,0.5714285714285714,MEDEL,VÄNTA,-2.1
GILD,"Gilead Sciences, Inc.",Healthcare,Drug Manufacturers - General,United States,USD,153656690258.5194,-9.948972999999999,-2.761744,2.1441,3.109082,5.1673627,5.725,-1.9172500000000001,0.30807250249999996,0.07197500000000001,0.19044500299999997,0.202525005,0.344174935,-0.03900000000000001,0.43500000000000005,0.537,35.33525000000001,-0.04699999999999982,1.536,7122268800.0,9816999936.0,22173999104.0,170237935616.0,59023000000.0,,29442000000.0,,,11701000000.0,,8510000000.0,10019000000.0,2.58,0.43400002,3.28,3.62,0.82,1781481600.0,0.331,155.3805941192722,101.80783015217224,123.76000213623047,157.57143,1.66667,28.0,3.92,0.0207,0.00122,0.92247003,False,False,,0.613,6749953.0,9599270.0,1.6327550116440035,-4.54,-11.72,5.47,,-0.20350412586767008,0.26624061312781744,32.243584759641706,-0.055164476882144986,-0.03155717959766924,False,0.22189280003968984,,0.921,US,True,True,,90.55690876424039,34.029553850525716,67.95986507275182,63.88465944423258,31.88405797101449,67.13928273561301,88.57715430861724,50.0,78.58508604206502,61.3,61.19147426981754,standard,123,1188005676,False,53.5,False,88.65721434528774,31.19266055045872,27.773144286905755,50.0417014178482,50.0417014178482,50.0417014178482,5,NEUTRAL,0,NEDTREND,True,4,0.5714285714285714,MEDEL,EJ AKTUELL,4.2
PETR4.SA,Petróleo Brasileiro S.A. - Petrobras,Energy,Oil & Gas Integrated,Brazil,BRL,211324249349.8492,-5.491419500000003,-0.5938714999999988,3.794,0.47593264999999985,1.0643501,1.65,1.4042499999999993,0.13095001500000003,0.020357499749999997,0.14523499999999998,0.1637725175,0.17477002000000003,-0.0445,-0.35700000000000004,-0.072,7.773000000000003,-0.557,0.426,81246608512.0,47600001024.0,371690995712.0,822005792768.0,1218228890400.0,,488717244000.0,,,152091633600.0,,107578612800.0,197508722400.0,10.06,0.3117,3.88,22.06,0.700973,1780358400.0,-0.156,49.15793007385836,27.33796053489037,38.79999923706055,55.45,1.76923,12.0,,,0.0,0.61893004,False,False,,0.5,50576231.0,46745050.0,0.966829131437231,-11.54,-14.87,31.4,,-0.21070722101673778,0.24923282283319864,27.997601115012458,-0.11917839344054482,0.08040262899955519,False,0.12733632719652788,,0.671,LatAm,True,True,93.29206921305297,80.39517420628718,43.307757885763,31.149605242024457,68.17154398651496,27.706734867860188,67.13928273561301,96.8937875751503,50.0,,50.0,60.907894971379,standard,124,352176282,False,62.9,False,97.5396163469558,27.105921601334444,79.232693911593,50.0417014178482,50.0417014178482,50.0417014178482,4,NEUTRAL,0,VARNING,False,4,0.5714285714285714,MEDEL,VÄNTA,-1.8
O39.SI,Oversea-Chinese Banking Corporation Limited,Financial Services,Banks - Regional,Singapore,SGD,110580667221.56561,6.575125,0.0754760000000001,3.7592,0.4417463499999995,7.832602,5.758,,,,0.0029399900000000034,0.03984002500000006,-0.125975,-0.011999999999999997,,0.048,,,,,75255996416.0,44814000128.0,81295171584.0,675688000000.0,,14533000000.0,,,,,7422000000.0,9125000000.0,3.41,0.4967,0.84,4.75,0.58,1776902400.0,0.189,25.100000381469727,15.02501440123816,24.6299991607666,23.11188,2.0625,16.0,,,0.28120002,0.18823999,False,False,,0.5,6935504.0,7596702.0,1.59125534688717,5.98,17.58,30.04,62.9,-0.01872514795059954,0.14908532919727346,61.12114796810556,0.07707816735876483,0.247008049971718,True,0.8662091510885459,,0.836,Singapore,True,True,,48.864281658148776,83.40450659721407,51.96721762436513,95.88402885581226,37.34015345268542,67.13928273561301,,50.0,,50.0,52.845000924703555,standard,351,145010280,False,37.4,False,28.065054211843204,36.53044203502919,16.09674728940784,50.0417014178482,50.0417014178482,50.0417014178482,1,SVAG,-8,UPPTREND,False,3,0.42857142857142855,LÅG,EJ AKTUELL,-8.2
ISP.MI,Intesa Sanpaolo S.p.A.,Financial Services,Banks - Regional,Italy,EUR,107674916074.11974,-1.570139000000001,-0.8724035000000008,1.8216,0.030904249999999966,4.1887074,8.372,,0.01388499999999998,0.005035000000000005,0.157814986,0.33344006000000004,-0.37562,-0.0010000000000000009,-0.066,0.056,,,,,86656000000.0,196448993280.0,215210098688.0,959887000000.0,,28529000000.0,,,,,9321000000.0,8235000000.0,6.27,0.661,0.38,6.0,0.19,1779062400.0,0.843,6.205999851226807,4.42471451037787,6.177999973297119,6.83562,1.75,16.0,,,0.05623,0.38594002,False,False,,0.5,59787350.0,94317846.0,2.0148180304579086,10.4,25.83,10.38,39.13,-0.004511743248616473,0.24732181715535523,74.44443695205912,0.09045756341543743,0.13693004817556909,True,1.0112886609122202,,0.702,Europe,True,True,,60.686578873365896,78.55846766309236,47.54222361112414,61.45822299333395,37.59590792838875,67.13928273561301,,50.0,,50.0,52.69380155088069,standard,354,668305553,False,40.4,False,28.065054211843204,36.78065054211843,35.3628023352794,50.0417014178482,50.0417014178482,50.0417014178482,2,SVAG,-8,UPPTREND,False,4,0.5714285714285714,MEDEL,EJ AKTUELL,-8.2
OEM-B.ST,OEM International AB (publ),Industrials,Industrial Distribution,Sweden,SEK,17784488550.467407,8.356772,8.023056500000001,,3.7194582499999997,4.1086154,4.041,7.524000000000003,0.07327,0.072970012,0.0500174955,0.04692999750000001,-0.06434000000000001,0.010999999999999996,0.147,0.216,-50.643,1.7389999999999999,2.026,-520905184.0,607000000.0,188000000.0,21890230272.0,3596000000.0,,5316900000.0,,,752700000.0,,592700000.0,762500000.0,1.09,0.38889998,1.75,1.56,1.75,1776816000.0,0.995,167.39999389648438,113.05817461569153,160.39999389648438,154.0,1.0,2.0,,,0.18971,0.56148,False,False,,0.5,91713.0,112393.0,2.055182893872656,7.08,33.47,10.71,,-0.0418160110825847,0.3169752752982686,59.64911458821325,0.0676231472475195,0.1430493752076878,False,0.5728299779851246,,0.364,Nordic,True,True,36.47851673496246,68.50588534406431,76.15799943165672,49.15602618570417,57.65817196078074,72.29326513213982,67.13928273561301,31.563126252505008,50.0,,50.0,60.691869526164986,standard,128,1882984,False,45.9,False,28.065054211843204,72.89407839866556,36.03002502085071,50.0417014178482,50.0417014178482,50.0417014178482,5,NEUTRAL,0,UPPTREND,False,3,0.42857142857142855,LÅG,VÄNTA,7.0
PRU.L,Prudential plc,Financial Services,Insurance - Life,Hong Kong,GBp,31888702126995.535,-2.382977000000004,2.1637915000000003,4.5754,-0.030904249999999966,1.7429849,2.003,0.1689999999999996,0.07013998500000002,0.000759999499999997,0.04147498999999999,0.044645035000000055,0.03421001000000001,0.127,0.175,0.244,-55.8005,0.9109999999999999,1.012,2136637568.0,3851000064.0,6034999808.0,28895035392.0,212195000000.0,,27393000000.0,,,,,3978000000.0,2450000000.0,1.96,0.1538,0.2,1.66,0.139402,1774483200.0,0.908,15152.425788331884,11531.43204498291,12763.829401016235,1410.441,1.5,14.0,,,0.00299,0.63800997,False,False,,0.5,8789575.0,12053363.0,1.4241026092192157,-11.57,-3.72,-6.97,10.03,-0.15763788720582195,0.2497220990832449,43.90120127342866,-0.06192973104346222,-0.05862513281584936,True,0.4771501134821634,,0.5,UK,True,True,95.90565459276763,63.10156627169822,39.36233448305529,61.245260640512655,64.84363081299612,3.410059676044331,67.13928273561301,95.19038076152304,50.0,,50.0,60.61238513023304,standard,129,153847069041,False,47.4,False,57.881567973311085,2.543786488740617,67.13928273561301,50.0417014178482,50.0417014178482,50.0417014178482,4,NEUTRAL,0,NEDTREND,True,5,0.7142857142857143,HÖG,EJ AKTUELL,15.9
0005.HK,HSBC Holdings plc,Financial Services,Banks - Diversified,United Kingdom,HKD,2555083216245.0,6.361485,1.1497639999999993,0.9403,0.8468039499999999,40.064655,33.196,,0.0033200000000000035,0.007215000000000003,0.07548499500000005,0.12633002999999998,-0.357915,-0.027999999999999997,-0.10700000000000001,0.003,,,,,1162820976640.0,773452988416.0,2117026971648.0,3233034000000.0,,66224000000.0,,,,,22285000000.0,29766000000.0,4.01,0.6191,5.86,5.04,0.783188,1778716800.0,0.579,149.10000610351562,86.79446008897949,149.0,162.96234,1.63636,10.0,,,0.00208,0.51634,False,False,,0.5,16111600.0,20200663.0,1.5748459112254753,6.2,20.54,40.56,,-0.0006707317197974794,0.27043545430201466,56.79441878863214,0.051996257008749325,0.23049459454767107,True,0.8500894826143807,,1.0,Asia,True,True,,55.22606039970308,87.36857061665246,50.17495350422823,67.05268925212309,13.128729752770674,67.13928273561301,,50.0,,50.0,52.490371567663985,standard,362,384072412,False,31.8,False,28.065054211843204,12.844036697247708,2.543786488740617,50.0417014178482,50.0417014178482,50.0417014178482,1,SVAG,-8,UPPTREND,False,3,0.42857142857142855,LÅG,EJ AKTUELL,-5.3
6954.T,Fanuc Corporation,Industrials,Specialty Industrial Machinery,Japan,JPY,6973492603632.0,16.619661999999998,19.1159825,3.7208,1.0815374500000001,8.129215,7.192,12.031,-0.01766999999999999,0.016090002,0.13980749550000002,0.1733099875,0.08654,0.045,0.03899999999999999,0.11,,5.142999999999999,5.14,127217872896.0,753871028224.0,0.0,6169580011520.0,1937031000000.0,,,,,,,,255273000000.0,1.45,0.6,107.09,2.1,55.76,1774828800.0,0.937,8880.0,3571.371976260481,7473.0,7379.5,2.4,20.0,,,0.0072899996,0.53634,False,False,,0.5,6733131.0,6422230.0,0.9480378892532458,-2.53,25.11,23.11,,-0.15844594594594597,0.4891925563614094,39.993416721527325,0.03966387957539763,0.27429032026792677,False,0.435319316951927,,0.75,Japan,True,True,61.50020189632997,68.74910489124463,67.76072747939756,59.442923295980094,52.98208297334878,8.35464620630861,67.13928273561301,72.74549098196393,50.0,,50.0,60.47766105098488,standard,130,297586893,False,44.6,False,74.14512093411176,8.17347789824854,15.42952460383653,50.0417014178482,50.0417014178482,50.0417014178482,6,NEUTRAL,0,UPPTREND,False,4,0.5714285714285714,MEDEL,VÄNTA,2.3
DOL.TO,Dollarama Inc.,Consumer Defensive,Discount Stores,Canada,CAD,50605913122.43953,14.401255499999998,16.34832325,2.0453,33.87523965,6.675684,7.383,17.56775,0.8266724974999999,0.08700000999999999,0.10818,0.07978499499999997,0.06303999999999998,0.179,0.063,0.104,369.70624999999995,0.508,0.666,291935104.0,823004032.0,6183026176.0,55965933568.0,7558352000.0,,7255754000.0,,,1746323000.0,,1309438000.0,1761156000.0,0.24,0.09,0.45,0.27,0.12,1783641600.0,0.398,209.7031109052769,165.88509333564406,186.88999938964844,209.17647,2.0,17.0,2.22,,0.020399999,0.45855,False,False,,0.5,779257.0,847120.0,2.102526616875894,4.71,3.53,-6.48,,-0.108787663745881,0.23024097606545696,63.082972775377385,0.05863382109858439,0.00038942584612433606,True,0.7027043680631494,,0.878,Canada,True,True,45.56987108545448,81.71268372627647,46.31997726626883,68.10568819432038,58.73828688048212,52.94117647058824,67.13928273561301,53.106212424849694,50.0,,50.0,60.471435682141085,standard,131,111869880,False,49.3,False,62.46872393661385,53.961634695579654,20.517097581317763,50.0417014178482,50.0417014178482,50.0417014178482,4,NEUTRAL,0,UPPTREND,False,3,0.42857142857142855,LÅG,VÄNTA,2.7
FEMSAUBD.MX,"Fomento Económico Mexicano, S.A.B. de C.V.",Consumer Defensive,Beverages - Brewers,Mexico,MXN,439728991111.18677,1.325844,13.026236749999999,2.28,1.6340332000000002,1.0447112,1.127,2.7692499999999995,-0.06901248749999997,-0.014710000000000004,-0.01598,0.020674994999999974,0.10773000000000005,0.025999999999999995,1.6079999999999999,1.554,-29.149250000000002,-0.03400000000000025,0.827,157642177664.0,115761553408.0,257757872128.0,960827555840.0,795877000000.0,,840954000000.0,,,72155000000.0,,19431000000.0,71080000000.0,2.19,1.0623001,4.75,2.56,3.202925,1784073600.0,0.174,224.57000732421875,147.22689931119945,217.39999389648438,235.66154,1.61538,13.0,,,0.0,0.22543,False,False,,0.5,2457815.0,2963031.0,2.3509015161272533,3.48,17.66,23.13,,-0.03192774277013222,0.22465300709196076,68.80088133248833,,,True,0.6792457395815423,,0.341,LatAm,True,True,91.2179956928783,42.64329693170656,78.33191247513498,63.91285591957826,74.92639034226134,21.398124467178175,29.02418682235196,99.04809619238478,50.0,,50.0,60.418416750802805,standard,132,33496472,False,62.0,False,97.5396163469558,20.934111759799833,79.64970809007507,50.0417014178482,50.0417014178482,50.0417014178482,4,NEUTRAL,0,UPPTREND,False,4,0.5714285714285714,MEDEL,VÄNTA,1.7
MYRG,MYR Group Inc.,Industrials,Engineering & Construction,United States,USD,7179804794.638062,19.587683999999996,15.248267000000002,3.41,5.89467775,1.8772454,1.851,10.150500000000003,0.07453000000000001,0.020770001999999996,-0.06684749950000002,-0.07170500249999998,-0.32888501000000003,0.139,0.9910000000000001,1.008,-66.658,-0.07400000000000007,1.25,-584033632.0,163192000.0,61522000.0,7078134784.0,1644079000.0,,3657889000.0,,,162611000.0,,118416000.0,326567000.0,,0.0,,,,,1.321,484.7099914550781,165.0,461.1000061035156,455.0,,6.0,2.14,0.0539,0.01849,1.04454,False,False,,0.664,288225.0,288620.0,2.3142152042009165,4.63,68.49,111.34,,-0.048709508299357274,0.4577169819382625,48.623281847555106,0.11814781230838411,0.660280853057787,False,0.7062483550066098,,1.0,US,True,True,21.530860227918524,40.84522828713288,91.04859335038363,87.97406919503949,29.144640301382854,85.84825234441603,11.884904086738949,13.72745490981964,50.0,41.491395793499045,66.4,52.34199122151787,standard,366,133082684,False,52.2,False,28.065054211843204,86.15512927439532,65.05421184320267,50.0417014178482,50.0417014178482,50.0417014178482,3,SVAG,-8,UPPTREND,False,2,0.2857142857142857,LÅG,EJ AKTUELL,4.7
AMGN,Amgen Inc.,Healthcare,Drug Manufacturers - General,United States,USD,182205516596.51788,-3.3100200000000015,-1.1830480000000012,2.2313,16.3985174,4.8953657,6.261,0.3047499999999994,0.8876525024999999,0.02253499,0.09007499299999999,0.147714985,0.26492501500000004,-0.025,-0.069,0.051,564.4542500000001,-0.753,0.849,6624768640.0,12037999616.0,57322999808.0,233017131008.0,90586000000.0,,36751000000.0,,,9080000000.0,,7711000000.0,9958000000.0,2.9,0.6722,10.08,3.07,2.52,1778803200.0,0.416,388.35733457222824,260.01452823261184,337.6000061035156,352.76666,2.45714,30.0,4.38,0.022,0.0021799998,0.85449,False,False,,0.441,2751216.0,3929400.0,2.6883841198956455,2.07,-2.79,4.83,,-0.13069748901387768,0.279027344503379,50.52754851927851,-0.0039167219451640145,0.029652746518153528,False,0.3741555602950752,,0.988,US,True,True,84.6003200430712,83.58657489427802,44.40181869849389,52.447427834898335,38.51585164115983,29.66751918158568,67.13928273561301,79.75951903807615,50.0,77.05544933078394,44.1,52.21695630156354,standard,369,1326565464,False,52.5,False,84.1534612176814,29.02418682235196,30.35863219349458,50.0417014178482,50.0417014178482,50.0417014178482,3,SVAG,-8,VARNING,False,3,0.42857142857142855,LÅG,EJ AKTUELL,-5.9
HMS.ST,HMS Networks AB (publ),Technology,Communication Equipment,Sweden,SEK,25849918240.0,24.049064,24.329378749999997,0.7156,1.5346113,7.066008,7.559,7.912000000000001,-0.0123225,0.013519996,0.0622324985,0.134824995,0.20173995999999994,-0.04150000000000001,0.21799999999999997,0.409,27.927499999999995,-0.33100000000000007,0.823,-105210944.0,59000000.0,2188000000.0,27654658048.0,6600064000.0,,3577348000.0,,,789704000.0,,434746000.0,877277000.0,0.94,0.0,4.8,1.02,4.8,1776988800.0,1.094,593.5,371.7366102015162,515.0,594.4,1.4,5.0,,,0.122530006,0.79725,False,False,,0.5,56157.0,34687.0,1.8082903925924427,-8.85,17.5,16.39,,-0.1322662173546757,0.3496930939312862,42.34354256632899,-0.025110651932895967,0.12759321061694595,False,0.288235349023808,,0.838,Nordic,True,True,44.71398019920437,68.25518797830168,64.40750213128729,62.30131578710194,41.16993774826129,64.10912190963342,67.13928273561301,43.8877755511022,50.0,,50.0,60.20616031640361,standard,134,1865851,False,42.1,False,28.065054211843204,64.88740617180983,18.682235195996665,50.0417014178482,50.0417014178482,50.0417014178482,4,NEUTRAL,0,VARNING,False,4,0.5714285714285714,MEDEL,VÄNTA,9.0
RNR,RenaissanceRe Holdings Ltd.,Financial Services,Insurance - Reinsurance,Bermuda,USD,12754527448.43515,-12.7745927,-5.5679268,3.62,-1.5329334500000003,1.1006956,-0.64,,0.09843001500000001,0.036235,-0.008380006999999967,-0.10108496499999997,0.008424984999999996,-0.427,0.8759999999999999,0.726,-54.73650000000001,-0.33399999999999974,1.195,1711442560.0,30354900992.0,2332781056.0,-7413078528.0,53800390000.0,,12776742000.0,,,,,2682334000.0,3693107000.0,0.55,0.0271,1.64,0.75,0.41,1781481600.0,0.192,317.7664148136603,230.3863204823629,299.1700134277344,325.46667,2.64706,15.0,3.55,0.0467,0.02258,0.9796,False,False,,0.635,341490.0,371420.0,1.726271103601402,-0.81,2.71,10.12,,-0.05852223683497493,0.2299979134609558,66.88251474911215,0.0022223418952720397,0.0733883417097716,True,0.7466721830930109,,1.0,US,True,True,,55.456366721929115,60.08809320829781,66.07061460465026,67.72877646373762,77.15260017050298,67.13928273561301,,50.0,45.69789674952199,63.5,60.12338704594114,standard,135,111117726,False,70.3,True,97.5396163469558,77.64804003336113,78.39866555462885,50.0417014178482,50.0417014178482,50.0417014178482,5,NEUTRAL,0,UPPTREND,False,4,0.5714285714285714,MEDEL,VÄNTA,6.7
FORTUM.HE,Fortum Oyj,Utilities,Utilities - Renewable,Finland,EUR,17380013440.06431,2.9922330000000024,4.495613000000001,13.9,0.1903442000000004,3.2628565,3.556,0.15474999999999994,-0.007405000000000002,0.0033200000000000035,0.060069997000000014,0.06795249749999999,-0.02196999999999999,0.134,0.1,0.16,-88.26650000000001,1.0114999999999998,1.619,447282304.0,2523000064.0,4009999872.0,18987388928.0,16444000000.0,,4989000000.0,,,924000000.0,,765000000.0,840000000.0,3.82,0.8043,0.74,6.75,0.74,1775001600.0,0.096,22.920000076293945,13.912978761743922,19.3700008392334,17.67,3.9,20.0,,,0.5298,0.22267,False,False,,0.5,890491.0,431528.0,1.3215293320356345,-5.93,-9.49,12.28,,-0.15488652815199133,0.28683112486982454,41.521225534473274,-0.0775004020390383,0.037822012117563863,False,-0.06937946379562909,,0.197,Nordic,True,True,81.65300750755242,58.26405102386923,42.31315714691673,51.73067504758808,78.94253873800035,72.80477408354646,67.13928273561301,74.74949899799599,50.0,,50.0,60.10468947715417,standard,136,9586761,False,59.7,False,77.89824854045038,73.39449541284404,44.5371142618849,50.0417014178482,50.0417014178482,50.0417014178482,6,NEUTRAL,0,VARNING,False,3,0.42857142857142855,LÅG,VÄNTA,-2.5
7186.T,"Yokohama Financial Group, Inc.",Financial Services,Banks - Regional,Japan,JPY,1945641333991.5,6.777090000000001,6.4524919999999995,,0.31984484999999985,5.042155,1.023,,-0.014539995,-0.0012049999999999977,0.07516500000000004,0.01678003,-0.29636,0.151,-0.038000000000000006,0.073,,,,,4153681117184.0,2588399894528.0,394846404608.0,24793138000000.0,,,,,,,,376257000000.0,2.74,0.4042,48.0,3.21,24.0,1790640000.0,0.229,1822.0,885.7575051918388,1750.5,1767.7778,2.0,9.0,,,0.07467,0.47957,False,False,,0.5,3550701.0,4189410.0,1.842524291634624,3.73,26.56,41.48,,-0.039242590559824375,0.33903885757430874,68.75712656784492,0.09988501630506486,0.2905604469883962,True,0.8042648630450094,,0.977,Japan,True,True,,46.84153828033837,84.48422847399829,65.66917670366124,67.91726782942197,14.492753623188406,67.13928273561301,,50.0,,50.0,51.98530954748269,standard,373,45472407,False,36.0,False,28.065054211843204,14.178482068390325,28.85738115095913,50.0417014178482,50.0417014178482,50.0417014178482,1,SVAG,-8,UPPTREND,False,4,0.5714285714285714,MEDEL,EJ AKTUELL,2.3
SU.PA,Schneider Electric S.E.,Industrials,Specialty Industrial Machinery,France,EUR,162677478070.25,9.858801,7.7002295000000025,2.1051,3.5936717499999995,4.0515413,4.437,7.581000000000001,0.012934994999999977,0.027410002000000003,0.03977749149999999,0.06912999750000001,0.04515999999999998,-0.018999999999999996,-0.133,-0.057,12.208000000000006,-0.07400000000000007,0.844,3423023552.0,4633999872.0,19908999168.0,178153963520.0,62504000000.0,,40152000000.0,,,7010000000.0,,4163000000.0,6131000000.0,1.45,0.4889,4.2,1.78,4.2,1778457600.0,1.153,291.8500061035156,205.58298415658774,289.25,300.78262,1.43478,23.0,,,0.03477,0.52566004,False,False,,0.5,1009876.0,1103899.0,1.956214748074567,9.32,20.7,27.18,34.48,-0.008908706695703983,0.3236570436624224,58.3280101208551,0.0727763048090706,0.17670102353950456,True,0.9037710234052363,,0.5,Europe,True,True,64.33837824903537,65.86681912709453,81.37381997074857,32.36888805058633,49.863575165020436,31.031543052003407,67.13928273561301,71.44288577154309,50.0,,50.0,59.94822300644036,standard,138,366214892,False,51.5,False,75.97998331943286,30.35863219349458,36.28023352793995,50.0417014178482,50.0417014178482,50.0417014178482,5,NEUTRAL,0,UPPTREND,False,4,0.5714285714285714,MEDEL,VÄNTA,4.9
HUBB,Hubbell Incorporated,Industrials,Electrical Equipment & Parts,United States,USD,27672710326.138245,-0.24331100000000205,3.588832,2.5343,3.0238457499999996,4.615118,4.987,3.451500000000001,0.10597002,0.047140002,0.047102498499999985,0.042005012500000015,-0.09265498500000002,0.05,0.05399999999999999,0.114,-2.9439999999999955,0.19399999999999995,0.84,-270406272.0,516900000.0,2738700032.0,29905111040.0,8228800000.0,,5844600000.0,,,1208800000.0,,887100000.0,1029800000.0,1.08,0.32389998,5.68,1.54,1.42,1780012800.0,0.911,563.8055092962444,381.30738336244343,523.6900024414062,552.3077,2.07143,13.0,3.62,0.0598,0.0034400001,0.99424005,False,False,,0.1,620792.0,737943.0,1.2568973783112034,13.82,6.62,20.13,,-0.07115132114425649,0.29062524694338404,69.85726676676241,0.043987622412696936,0.11584488498426371,True,1.1744321278458876,,0.888,US,True,True,48.6545479017737,67.04482288593191,66.24040920716112,63.54890834649355,54.26541084188147,62.745098039215684,67.13928273561301,40.88176352705411,50.0,35.94646271510516,10.0,51.91800443684808,standard,377,386453371,False,43.9,False,28.065054211843204,63.55296080066722,32.27689741451209,50.0417014178482,50.0417014178482,50.0417014178482,3,SVAG,-8,UPPTREND,False,4,0.5714285714285714,MEDEL,EJ AKTUELL,-0.9
NEM,Newmont Corporation,Basic Materials,Gold,United States,USD,110801302352.93375,-12.6622005,-6.8968317500000005,2.7807,0.2859214499999996,4.438088,4.514,-6.3575,0.1411925025,0.101525,0.2293575015,0.46114254250000003,0.22405498500000004,0.37,0.36900000000000005,0.725,-41.244,0.6145000000000002,1.89,8993018496.0,8778999808.0,5532000256.0,112690421760.0,57121000000.0,,22669000000.0,,,11023000000.0,,7085000000.0,10334000000.0,0.96,0.131,1.04,3.15,0.26,1779840000.0,0.455,134.29401312235842,54.787474273304476,103.79000091552734,140.6457,1.63636,21.0,2.67,0.020599999,0.0029300002,0.81358004,False,False,,0.446,8452396.0,10362800.0,2.1646117282677193,-1.01,4.87,6.34,,-0.22714350027680053,0.47762920589072244,42.781779397819456,-0.056172260503430826,0.016836499254361703,True,0.4474846598376073,,1.0,US,True,True,,90.13406091681479,44.98437055981813,86.73181853610444,55.79025692776205,37.254901960784316,67.13928273561301,95.59118236472945,50.0,78.96749521988528,44.6,59.82302267537725,commodity,140,1075555021,False,56.6,False,94.07839866555463,36.44703919933278,33.861551292743954,50.0417014178482,50.0417014178482,50.0417014178482,5,NEUTRAL,0,VARNING,False,3,0.42857142857142855,LÅG,VÄNTA,2.4
UGPA3.SA,Ultrapar Participações S.A.,Energy,Oil & Gas Refining & Marketing,Brazil,BRL,26841618023.538826,-1.5223065000000027,4.842453500000001,0.78,1.0648886499999999,0.1841092,0.294,3.1632499999999997,0.06675001500000002,0.021057495750000006,-0.05020499900000001,-0.10587750250000001,-0.22754999999999997,0.05449999999999999,1.3889999999999998,1.631,38.617,0.3659999999999999,1.166,1201547904.0,7158525952.0,21122043904.0,42829041664.0,49348994000.0,,142369540000.0,,,4852933000.0,,2453853000.0,5452502000.0,6.97,0.4557,1.75,3.37,1.0,1765152000.0,0.311,30.809999465942383,14.617030266408266,25.100000381469727,32.2375,2.375,16.0,,,0.32734,0.42981,False,False,,0.5,6103743.0,6313210.0,0.9997026832644308,-13.51,-4.27,19.07,,-0.185329411991212,0.3138992428104791,42.43614504243008,-0.10422405444153648,0.04369353773043372,True,0.4036433426944633,,0.666,LatAm,True,True,76.45630813866539,41.562166092005114,46.80306905370844,75.6090696114585,63.88627060449255,63.42710997442455,67.13928273561301,79.55911823647295,50.0,,50.0,59.80612371443819,standard,141,30769237,False,68.7,False,87.8231859883236,64.22018348623854,97.5396163469558,50.0417014178482,50.0417014178482,50.0417014178482,6,NEUTRAL,0,VARNING,False,4,0.5714285714285714,MEDEL,VÄNTA,9.6
8316.T,"Sumitomo Mitsui Financial Group, Inc.",Financial Services,Banks - Diversified,Japan,JPY,24709389088370.0,3.883941000000002,3.2184659999999994,2.0705,0.5011812499999998,4.0786014,-3.37,,0.0035800049999999972,-0.00037500000000000033,0.06039496999999999,-0.029689969999999954,-0.29636,,,,,,,,102480427876352.0,57452091408384.0,-20418951905280.0,328511145000000.0,,5791563000000.0,,,,,1582973000000.0,-10283139000000.0,1.4,0.3812,90.0,3.82,45.0,1790640000.0,0.396,6733.0,3433.229209494764,6482.0,6590.0,1.66667,12.0,,,0.053049996,0.42881,False,False,,0.5,13905739.0,17182620.0,1.2992409305833983,7.48,28.39,35.41,,-0.037279073221446635,0.32884010170092415,68.60395446375075,0.10709930417732716,0.2911058522890393,True,0.7955484482428343,,0.838,Japan,True,True,,44.92753609983162,84.47001989201478,73.01918265221018,63.272212583325725,4.092071611253197,67.13928273561301,,50.0,,50.0,51.749013168469,standard,382,690607634,False,35.3,False,28.065054211843204,2.543786488740617,36.19683069224354,50.0417014178482,50.0417014178482,50.0417014178482,1,SVAG,-8,UPPTREND,False,4,0.5714285714285714,MEDEL,EJ AKTUELL,2.5
EGIE3.SA,Engie Brasil Energia S.A.,Utilities,Utilities - Renewable,Brazil,BRL,38701085783.78679,3.1402385000000006,2.3692660000000005,1.38,2.0574766999999996,2.919589,4.963,2.0207499999999996,0.09406501,0.019739998,0.101279987,0.30362249750000003,0.16885,0.052000000000000005,-0.08199999999999999,-0.022,45.944500000000005,0.5095,1.407,-1247210496.0,6536088064.0,32421304320.0,65783742464.0,55312909000.0,,12860075000.0,,,5560612000.0,,2582841000.0,3345511000.0,5.41,0.598,1.83,5.33,0.48829,1777939200.0,0.302,38.813228805087284,26.720942174643397,33.880001068115234,34.23857,3.71429,14.0,,,0.68711996,0.19042999,False,False,,0.5,2424776.0,2815320.0,0.7821851724998694,4.7,8.73,13.68,,-0.12710170961931022,0.26630216292775355,55.10472687727715,-0.00938092093877907,0.08100247109137149,True,0.5929267263454343,,0.531,LatAm,True,True,47.382787963987674,79.4788343371051,59.07928388746803,45.19141238455974,67.70447314513207,57.11849957374254,67.13928273561301,33.86773547094188,50.0,,50.0,59.690461345805915,standard,144,18520979,False,45.5,False,28.065054211843204,58.04837364470392,48.29024186822352,50.0417014178482,50.0417014178482,50.0417014178482,4,NEUTRAL,0,VARNING,False,3,0.42857142857142855,LÅG,VÄNTA,1.3
APP,AppLovin Corporation,Communication Services,Advertising Agencies,United States,USD,143605375107.54395,19.811408000000004,6.292471500000001,1.2913,63.0965788,25.598513,25.776,21.642500000000002,2.4938125049999997,0.386425001,0.5214549980000001,0.597475005,0.43416498499999995,0.5289999999999999,1.0305,1.092,85.7245,2.0980000000000003,3.156,2368241024.0,2758671104.0,3849840128.0,158885543936.0,7259610000.0,,5480717000.0,,,4151914000.0,,3333764000.0,3971094000.0,,0.0,,,,,2.455,745.6099853515625,320.0,469.7099914550781,648.1,1.46875,30.0,2.49,0.043899998,0.18297,0.75039,False,False,,0.65,4794311.0,5829550.0,1.7705338709094263,-1.51,6.77,-30.65,,-0.37003258984842424,0.71248414908914,20.39559188753458,-0.04512984143120602,-0.13376904182827531,False,0.1663929340870548,,0.953,US,True,True,53.94774623874614,98.12405874409862,26.15799943165672,89.50055729383355,31.75962184604361,33.248081841432224,11.884904086738949,66.83366733466933,50.0,48.18355640535373,65.0,67.6525375919347,standard,48,2738197881,False,45.9,False,72.47706422018348,32.52710592160133,2.543786488740617,50.0417014178482,50.0417014178482,50.0417014178482,9,STARK,8,NEDTREND,True,2,0.2857142857142857,LÅG,EJ AKTUELL,1.8
COHR,Coherent Corp.,Technology,Scientific & Technical Instruments,United States,USD,76215211714.87518,151.103773,27.580971249999994,0.92,1.0286552999999996,11.544115,11.747,40.6215,-0.09962249999999999,-0.032170000000000004,-0.0368724985,-0.0024199999999999916,-0.07960499500000001,0.07249999999999998,,11.183,-18.384499999999996,1.355,1.709,-1009488000.0,2423729920.0,3425114880.0,77555294208.0,14910936000.0,,5810115000.0,,,534947000.0,,49364000.0,633600000.0,,0.0,,,,,2.054,440.0,77.83999633789062,389.57000732421875,384.45267,1.57143,22.0,1.21,0.047,0.04522,0.89497,False,False,,0.258,6240753.0,6168160.0,1.2588242481761476,10.16,41.37,122.36,,-0.11461361971768469,0.7445609922910236,54.66560435162723,0.09050733797616894,0.7399157486174255,False,0.5598433400905185,,0.923,US,True,True,30.753297640056232,29.348083874682004,82.2108553566354,85.64169094090477,31.10549889911806,44.3307757885763,11.884904086738949,38.17635270541082,50.0,45.124282982791584,25.8,51.63385984305454,standard,384,2402930136,False,37.6,False,28.065054211843204,43.36947456213511,10.341951626355296,50.0417014178482,50.0417014178482,50.0417014178482,3,SVAG,-8,UPPTREND,False,2,0.2857142857142857,LÅG,EJ AKTUELL,-0.4
DDOG,"Datadog, Inc.",Technology,Software - Application,United States,USD,73774152954.0,538.268333,58.000226250000004,1.3891,13.7903063,21.617226,21.457,2256.2605,-0.10750249799999999,-0.06575000010000001,-0.0709424985,-0.13017,0.349554985,0.1895,0.8480000000000001,1.134,-17.256500000000003,1.702,3.285,124870272.0,4758617088.0,1285052032.0,78792392704.0,6643844000.0,,3427158000.0,,,-44373000.0,,107741000.0,1050135000.0,,0.0,,,,,1.553,278.7049865722656,98.01000213623047,223.0,241.35548,1.38298,46.0,2.03,0.0493,0.00621,0.91941,False,False,,0.427,5790769.0,5329100.0,1.3910278433517305,3.65,71.62,59.23,,-0.1998707926161265,0.6566945355895393,38.38373882706045,0.19855485225737612,0.4725109241219443,False,0.3103282797497474,,1.0,US,True,True,34.98511949271678,29.67626589005119,75.87382779198636,88.82962716344458,34.85761176807569,45.26854219948849,11.884904086738949,49.498997995991985,50.0,43.977055449330784,42.699999999999996,59.63030893936654,standard,146,1188389300,False,44.4,False,59.466221851542954,44.28690575479566,2.543786488740617,50.0417014178482,50.0417014178482,50.0417014178482,6,NEUTRAL,0,UPPTREND,False,2,0.2857142857142857,LÅG,VÄNTA,11.0
NVMI,Nova Ltd.,Technology,Semiconductor Equipment & Materials,Israel,USD,18298402407.25824,38.38718299999999,24.408875249999998,1.46,7.763379799999999,20.274586,19.934,44.966499999999996,0.07571751,0.020370000000000006,0.1842375015,0.1629,0.12359501499999997,-0.029500000000000012,-0.187,0.068,8.188499999999998,-0.11599999999999999,1.351,-689440384.0,1098544000.0,800171008.0,17990731776.0,2360546000.0,,880577000.0,,,253468000.0,,259223000.0,245613000.0,,0.0,,,,,1.749,615.989990234375,224.0,575.3099975585938,597.625,1.5,8.0,4.59,0.055999998,0.00096000003,0.749,False,False,,0.473,397916.0,575320.0,1.2085170878548348,21.76,21.87,80.8,,-0.06604002227423067,0.5472070555860328,60.58417860240684,0.11093260059587284,0.4127607161189697,True,0.8523826656149538,,0.873,US,True,True,21.468571471300805,78.07187230553764,82.4381926683717,45.741316736573694,36.87338459683987,71.27024722932651,11.884904086738949,25.951903807615228,50.0,38.718929254302104,47.3,51.58299562511892,standard,385,330987348,False,41.1,False,28.065054211843204,71.8932443703086,5.421184320266889,50.0417014178482,50.0417014178482,50.0417014178482,2,SVAG,-8,UPPTREND,False,2,0.2857142857142857,LÅG,EJ AKTUELL,4.8
MCO,Moody's Corporation,Financial Services,Financial Data & Stock Exchanges,United States,USD,78721432658.96881,14.465882999999998,11.3710105,2.0524,23.56616575,9.998912,11.16,14.5025,0.5783700049999999,0.12882500000000002,0.06639999300000005,0.08881503500000004,0.294814985,0.020000000000000004,-0.05500000000000001,0.058,168.23149999999998,-0.5389999999999998,0.99,1454268800.0,1510000000.0,7402999808.0,87862190080.0,15830000000.0,,7718000000.0,,,3462000000.0,,2459000000.0,2901000000.0,0.88,0.2762,4.12,0.8,1.03,1778803200.0,1.339,544.4014999183522,400.45682926644145,450.6700134277344,536.5,1.78261,20.0,3.53,0.0249,0.14247,0.81119,False,False,,0.81,1049311.0,1025380.0,1.9207227643389326,3.72,3.66,-8.17,,-0.1721734537922387,0.26769401670121684,48.67611488318034,0.002763224216618454,-0.044097230644642105,True,0.46419214923070296,,0.895,US,True,True,57.58935782011784,85.70748095073355,40.409207161125316,55.629204638287916,29.698119059228226,43.47826086956522,67.13928273561301,68.8376753507014,50.0,71.79732313575525,91.0,59.562766842221656,standard,148,462108018,False,49.3,False,74.22852376980818,42.53544620517097,12.343619683069225,50.0417014178482,50.0417014178482,50.0417014178482,4,NEUTRAL,0,NEDTREND,True,2,0.2857142857142857,LÅG,EJ AKTUELL,3.1
AMZN,"Amazon.com, Inc.",Consumer Cyclical,Internet Retail,United States,USD,2628929968498.4214,3.7723769999999988,8.2741405,1.8344,2.5251975,3.539331,3.687,1.67375,0.09665001000000001,0.0036199999999999913,0.0398149975,0.02828000500000001,0.05653498500000004,0.09300000000000001,0.637,0.767,-26.033,-0.17099999999999993,0.974,8994768512.0,143088992256.0,235540004864.0,2738699894784.0,818042000000.0,,716924000000.0,,,79975000000.0,,77670000000.0,139514000000.0,,0.0,,,,,1.444,278.55999755859375,196.0,244.38999938964844,312.98715,1.34328,63.0,2.12,0.0094,0.08899,0.68021005,False,False,,0.305,44954648.0,46234910.0,1.7141282803717326,-5.76,17.07,9.81,,-0.12266656543805365,0.30628591004580313,31.123240701584066,-0.04943676078858472,0.049768761150832175,False,0.3210133229921191,,0.838,US,True,True,60.6088295994975,64.31384347231128,62.06308610400682,78.45699477052916,36.11229165048662,12.958226768968457,11.884904086738949,51.40280561122245,50.0,94.26386233269598,30.5,59.553009797062764,standard,149,11299349627,False,45.8,False,61.13427856547122,12.67723102585488,40.36697247706422,50.0417014178482,50.0417014178482,50.0417014178482,6,NEUTRAL,0,VARNING,False,4,0.5714285714285714,MEDEL,VÄNTA,9.1
EICHERMOT.NS,Eicher Motors Limited,Consumer Cyclical,Auto Manufacturers,India,INR,2089200700830.0,7.327043,8.692804500000003,,3.8325446999999997,8.925324,8.68,16.33325,0.06722501,0.02881999999999999,0.14321500449999996,0.09607500000000001,0.03789001000000003,0.11800000000000001,0.0040000000000000036,0.116,-33.5025,0.4969999999999998,1.287,19955855872.0,61139701760.0,5139500032.0,2031770796032.0,321635600000.0,,229775700000.0,,,49447000000.0,,55152300000.0,48048400000.0,0.92,0.3487,70.0,0.45,70.0,1754006400.0,0.272,8230.0,5284.478673610159,7611.0,7824.4165,2.08108,36.0,,,0.49795,0.29442,False,False,,0.5,578945.0,496714.0,1.2674772177492315,10.43,8.3,7.78,,-0.07521263669501821,0.2610316516651589,75.41065206570433,0.056619594733422485,0.06475995685560765,True,0.8796709570646467,,0.72,India,True,True,50.81480124427961,74.13111120416507,61.111111111111114,60.95245662049347,75.81763853408381,13.981244671781756,67.13928273561301,59.719438877755515,50.0,,50.0,59.48642732794384,standard,150,40085786,False,43.2,False,66.13844870725605,13.678065054211844,13.844870725604672,50.0417014178482,50.0417014178482,50.0417014178482,6,NEUTRAL,0,UPPTREND,False,5,0.7142857142857143,HÖG,VÄNTA,5.7
TTC,The Toro Company,Industrials,Tools & Accessories,United States,USD,8819207201.863495,-4.505496000000004,-1.4558629999999972,1.46,2.00630975,1.893143,2.098,-2.426499999999999,0.08664999000000001,0.032650005999999995,-0.0310075015,0.008965002500000006,-0.113834995,0.020000000000000004,0.023999999999999994,0.063,7.696000000000005,0.17100000000000004,0.668,-141318784.0,180400000.0,1136999936.0,9775807488.0,3438800000.0,,4510400000.0,,,491000000.0,,316100000.0,662000000.0,1.68,0.4438,1.56,1.5,0.39,1781568000.0,0.707,104.28570315686929,66.72180388114886,92.61000061035156,109.25,2.2,4.0,5.6,0.0543,0.01685,0.9594,False,False,,0.74,829688.0,1171550.0,1.0695841551962415,4.26,-0.41,29.23,,-0.11195880348962917,0.25166169274277794,58.294461231863515,0.004791419968649624,0.0903557065758942,True,0.9622708734811546,,0.92,US,True,True,,55.14593126620035,59.548167092924125,59.58613418179026,68.09716778460961,82.94970161977835,67.13928273561301,37.27454909819639,50.0,40.82217973231357,74.0,51.45900579958527,standard,388,108497246,False,51.7,False,28.065054211843204,83.31943286071727,64.6371976647206,50.0417014178482,50.0417014178482,50.0417014178482,3,SVAG,-8,UPPTREND,False,2,0.2857142857142857,LÅG,EJ AKTUELL,1.7
OMF,"OneMain Holdings, Inc.",Financial Services,Credit Services,United States,USD,6721590822.617249,-9.146426000000002,-6.1642250999999995,0.75,-0.7352447500000004,2.2110496,9.304,,0.103910005,0.010655000000000001,0.011329993000000038,0.0051350350000000655,0.48437501499999996,0.03,-0.049,0.061,595.8845,,,,834000000.0,22396000256.0,28283590656.0,27388000000.0,,4970000000.0,,,,,783000000.0,3132000000.0,7.22,0.62299997,4.2,8.75,1.05,1778457600.0,1.206,69.2812040118039,44.92300197881704,58.18000030517578,67.78571,1.9375,14.0,3.74,0.039100002,0.0023100001,0.93455005,False,False,,0.798,1122791.0,899420.0,0.9488851691989808,9.98,16.25,-10.84,,-0.16023398936220457,0.28977389032685197,61.79128374729217,0.047432330377614296,0.018315423037001288,True,0.9507479056896123,,0.982,US,True,True,,69.57288996489987,47.68400113668656,59.12487130373292,29.15292443965451,86.61551577152599,67.13928273561301,,50.0,52.96367112810707,79.80000000000001,51.4352168630734,standard,389,52328256,False,51.4,False,28.065054211843204,86.90575479566304,59.1326105087573,50.0417014178482,50.0417014178482,50.0417014178482,2,SVAG,-8,UPPTREND,False,2,0.2857142857142857,LÅG,EJ AKTUELL,-6.2
DB1.DE,Deutsche Börse AG,Financial Services,Financial Data & Stock Exchanges,Germany,EUR,44433848140.0,8.736,7.6995439999999995,3.0543,2.7027035499999994,5.8938656,6.66,8.940999999999999,0.06586499999999998,0.001614999600000007,0.06211498600000001,0.09530003000000004,0.43669003999999995,0.024000000000000007,-0.009000000000000008,0.114,7.673500000000004,-0.5650000000000001,,,2875000064.0,8135000064.0,50210848768.0,297156000000.0,,7381000000.0,,,2978000000.0,,1995000000.0,2810000000.0,1.72,0.35650003,4.2,1.87,4.2,1778716800.0,0.28,274.31934144755627,196.67251329895487,244.0,286.08334,1.75,12.0,,,0.0,0.68072,False,False,,0.5,433511.0,373157.0,2.245395428238742,-5.43,-0.38,14.72,-8.73,-0.11052571534899458,0.21864625325743653,42.36641577035883,-0.02713983256085606,0.06792198269409755,False,0.29630529435103187,,0.684,Europe,True,True,,74.18484037799283,48.11909007719562,53.697042496830605,68.0843496277524,54.6462063086104,67.13928273561301,,50.0,,50.0,51.35260056210379,standard,394,104427460,False,41.4,False,28.065054211843204,55.62969140950792,23.269391159299417,50.0417014178482,50.0417014178482,50.0417014178482,3,SVAG,-8,VARNING,False,3,0.42857142857142855,LÅG,EJ AKTUELL,-3.6
MPC,Marathon Petroleum Corporation,Energy,Oil & Gas Refining & Marketing,United States,USD,70914329076.95389,-4.506459000000003,-1.6159049999999997,1.205,1.7687797499999998,0.521636,0.807,1.85675,0.159740005,0.0004574997500000032,-0.07693999700000001,-0.14081249749999997,-0.342115015,0.03949999999999999,,,88.881,-0.010000000000000009,0.687,2706893696.0,2151000064.0,34325999616.0,109763330048.0,83955000000.0,,132699000000.0,,,5768000000.0,,4047000000.0,8253000000.0,1.61,0.2515,3.91,2.34,1.0,1779235200.0,0.522,272.4599914550781,154.96715175961967,242.91000366210938,268.16666,2.31579,18.0,2.61,0.025,0.00322,0.78461,False,False,,0.737,2392980.0,2658050.0,1.9671611261307689,-7.29,3.42,38.62,,-0.10845624575981394,0.3208618688283382,45.61770622824064,-0.007021620590590749,0.1802629649625611,False,0.09555717841871125,,0.669,US,True,True,77.51405796667963,36.39754984785308,64.8763853367434,59.0032554955726,49.77403441833773,46.20630861040068,67.13928273561301,76.35270541082164,50.0,71.51051625239006,73.7,59.31745781789476,standard,154,645666935,False,64.3,False,84.7372810675563,45.20433694745621,91.90992493744787,50.0417014178482,50.0417014178482,50.0417014178482,4,NEUTRAL,0,VARNING,False,3,0.42857142857142855,LÅG,VÄNTA,-2.7
VRTX,Vertex Pharmaceuticals Incorporated,Healthcare,Biotechnology,United States,USD,114626141718.99426,0.0,5.470497999999999,1.697,2.5008844000000003,9.381743,8.983,8.565749999999998,0.1164425025,0.060475,0.235585003,0.190965005,0.09440495499999996,-0.0050000000000000044,0.501,0.596,-49.03975,1.0090000000000003,2.382,1971368832.0,7246700032.0,1986499968.0,109756801024.0,25643000000.0,,12001300000.0,,,4554400000.0,,3953200000.0,3631400000.0,,0.0,,,,,0.31,507.9200134277344,362.5,451.6300048828125,548.68964,1.60606,29.0,3.46,0.02,0.0020299999,0.98017,False,False,,0.366,1267943.0,1429800.0,2.144679326406306,3.99,-1.4,-0.73,,-0.11082455319105211,0.3415406211895556,52.22790933497353,0.030971854656992592,0.02728891703860792,True,0.7709822305849848,,0.707,US,True,True,62.55937247629588,83.33502343835755,44.71440750213129,66.4374746826857,69.24657788189988,36.74339300937766,11.884904086738949,70.34068136272545,50.0,80.11472275334609,36.6,59.31745437837556,standard,155,645740581,False,48.2,False,73.2276897414512,35.9466221851543,13.17764804003336,50.0417014178482,50.0417014178482,50.0417014178482,4,NEUTRAL,0,UPPTREND,False,4,0.5714285714285714,MEDEL,VÄNTA,1.7
MOD,Modine Manufacturing Company,Consumer Cyclical,Auto Parts,United States,USD,15705829727.560425,103.89900299999998,9.6908735,1.112,9.7231235,4.937232,4.893,18.808750000000003,-0.029929990000000004,0.03555999499999999,-0.0442350025,0.015170015000000023,-0.21927501500000002,0.40199999999999997,0.363,0.478,-31.104,0.5950000000000001,1.167,-913306256.0,73500000.0,580099968.0,15565813760.0,2674600000.0,,3181100000.0,,,371000000.0,,121500000.0,248700000.0,,0.0,,4.37,0.1,1227052800.0,1.66,323.25,86.4800033569336,297.3699951171875,340.85715,,7.0,2.24,0.0635,0.02122,1.08262,False,False,,0.339,1155450.0,1237840.0,1.1496482979377853,21.63,48.04,114.57,,-0.08006188672177106,0.6707566671701165,57.35575343401933,0.11595128528184606,0.5510830383508531,False,0.7710023185624484,,0.998,US,True,True,20.910253342505907,43.62395521497297,86.33134413185564,84.31159944833152,29.169345473376183,74.16879795396419,11.884904086738949,18.837675350701403,50.0,34.03441682600382,33.900000000000006,51.314127918484914,standard,398,368096475,False,45.2,False,28.065054211843204,74.72894078398666,29.774812343619683,50.0417014178482,50.0417014178482,50.0417014178482,3,SVAG,-8,UPPTREND,False,2,0.2857142857142857,LÅG,EJ AKTUELL,4.3
ICE,"Intercontinental Exchange, Inc.",Financial Services,Financial Data & Stock Exchanges,United States,USD,75710815591.89148,1.6705619999999968,2.3385444999999994,2.0752,-0.15669005000000025,7.2554684,9.192,5.945500000000001,0.0032900049999999847,0.0017450000000000035,0.126200023,0.20444503500000005,0.550494985,0.143,0.664,0.773,3.6784999999999997,-0.6849999999999999,0.026,2931268736.0,863000000.0,20984999936.0,95916810240.0,136887000000.0,,12640000000.0,,,4999000000.0,,3315000000.0,4662000000.0,1.55,0.28530002,2.08,1.23,0.52,1789516800.0,0.922,186.96015767707453,132.83999633789062,133.8800048828125,197.66667,1.4375,15.0,2.41,0.016900001,0.0081400005,0.96367997,False,False,,0.196,3707033.0,4838290.0,1.2230884113504141,-12.8,-15.22,-15.77,,-0.2839115748176909,0.22399227182003498,28.520696882624236,-0.11538777756470853,-0.15242334524389078,False,0.09137076687760487,,0.877,US,True,True,73.39567194089672,75.31975118422247,18.357487922705314,81.74723697924182,57.42442988651082,44.586530264279624,67.13928273561301,81.66332665330661,50.0,83.74760994263862,19.6,67.30729426572745,standard,53,647750289,False,53.0,False,85.15429524603837,43.61968306922435,17.848206839032528,50.0417014178482,50.0417014178482,50.0417014178482,7,STARK,8,NEDTREND,True,4,0.5714285714285714,MEDEL,EJ AKTUELL,7.2
4578.T,"Otsuka Holdings Co., Ltd.",Healthcare,Drug Manufacturers - General,Japan,JPY,5532134376645.0,-5.477875499999996,0.3729914999999977,1.04,0.01750710000000022,2.1984375,2.061,-2.4227500000000015,0.0449625025,0.028074999999999992,0.07975,0.067,0.41888,-0.0010000000000000009,0.061999999999999986,0.157,-16.35925,-0.04700000000000004,1.568,158774996992.0,538295992320.0,194626994176.0,5185184727040.0,4197562000000.0,,2468892000000.0,,,472106000000.0,,363150000000.0,403579000000.0,1.35,0.2044,140.0,1.88,70.0,1782691200.0,-0.059,11910.0,6461.454436428787,10515.0,12900.0,1.58333,12.0,,,0.15668,0.34327,False,False,,0.5,1193872.0,1233730.0,1.2348274711959435,-10.05,-4.84,13.75,,-0.11712846347607053,0.2972196208645059,29.370629370629374,-0.03727305188562646,0.10096745164586673,False,0.35177680918005344,,1.0,Japan,True,True,,77.32613808107484,49.658994032395576,64.36727256469672,68.01063409417954,9.121909633418584,67.13928273561301,81.76352705410822,50.0,,50.0,59.28538671447164,standard,157,80438204,False,52.8,False,79.98331943286072,8.924103419516264,59.38281901584654,50.0417014178482,50.0417014178482,50.0417014178482,5,NEUTRAL,0,VARNING,False,4,0.5714285714285714,MEDEL,VÄNTA,-0.5
ITW,Illinois Tool Works Inc.,Industrials,Specialty Industrial Machinery,United States,USD,75978691946.41113,-6.6733660000000015,1.9612949999999998,2.6127,19.21206275,4.683971,5.197,0.8925000000000001,0.81623,0.11564000199999999,0.08926248849999999,0.12123500250000002,-0.008284995000000017,-0.015,0.046999999999999986,0.097,207.80800000000002,-0.19700000000000006,0.789,1403893632.0,827000000.0,9148000256.0,84300693504.0,16148000000.0,,16044000000.0,,,4216000000.0,,3066000000.0,3126000000.0,2.44,0.5877,6.44,2.26,1.61,1782777600.0,1.03,301.254835355375,233.64813626962462,264.0899963378906,274.54187,3.38889,16.0,6.46,0.0336,0.0037599998,0.86487,False,False,,0.5,1351461.0,1525930.0,1.8179074411373504,6.76,1.97,6.71,,-0.12336678006725743,0.20629530305638868,70.74795545082534,0.022518711323989082,0.023353379789024853,True,0.946924558982312,,0.5,US,True,True,75.19232494840426,80.6462647814362,50.809889173060526,44.88982011123759,43.450496243395875,44.41602728047741,67.13928273561301,69.03807615230461,50.0,59.36902485659655,50.0,59.25668331922918,standard,160,402982848,False,52.4,False,74.31192660550458,43.45287739783152,31.77648040033361,50.0417014178482,50.0417014178482,50.0417014178482,4,NEUTRAL,0,UPPTREND,False,3,0.42857142857142855,LÅG,VÄNTA,6.8
ENS,EnerSys,Industrials,Electrical Equipment & Parts,United States,USD,8324226243.906601,-1.590359000000003,-2.7633639999999993,1.2295,0.04326675000000013,2.2189794,2.408,-1.3854999999999986,0.0011100099999999946,0.018439998,-0.025697501500000004,-0.0012549975000000005,-0.15632499500000002,-0.048,-0.221,-0.199,-13.088000000000001,1.2790000000000001,1.311,-411813760.0,438675008.0,1189683968.0,9033176064.0,4003324000.0,,3751376000.0,,,476612000.0,,293557000.0,547596000.0,0.46,0.13340001,1.05,0.87,0.263,1781740800.0,1.181,244.01780648008378,80.25649726579068,227.9499969482422,247.286,1.66667,5.0,2.63,0.044899996,0.014579999,1.02249,False,False,,0.5,401551.0,551080.0,1.5850579601292225,4.97,35.37,57.83,,-0.06584687307708015,0.370927063060865,50.23751557546328,0.03877817371996173,0.38853895443453057,False,0.3994575724297317,,0.89,US,True,True,,46.14553236792705,84.9673202614379,37.110367516808935,48.57248163908836,83.63171355498721,67.13928273561301,23.446893787575153,50.0,47.60994263862332,50.0,51.12518017526301,standard,405,125618684,False,51.0,False,28.065054211843204,83.98665554628857,58.882402001668055,50.0417014178482,50.0417014178482,50.0417014178482,2,SVAG,-8,UPPTREND,False,2,0.2857142857142857,LÅG,EJ AKTUELL,-1.2
META,"Meta Platforms, Inc.",Communication Services,Internet Content & Information,United States,USD,1267601369968.087,0.0,0.7953755000000005,0.834,2.2743824999999998,6.81619,7.114,3.0205,0.15867252500000004,0.10801501100000001,0.206924998,0.22213500499999997,0.36990498499999996,0.27,0.5235,0.609,-41.55550000000001,1.202,2.11,24746393216.0,81180000256.0,86769000448.0,1529175998464.0,366021000000.0,,200966000000.0,,,83276000000.0,,60458000000.0,115800000000.0,0.35,0.0764,2.1,,0.525,1781481600.0,1.229,793.6488143059948,519.7782492802263,577.219970703125,827.3183,1.3125,59.0,1.91,0.0147,0.00103,0.79337,False,False,,0.619,17483667.0,19390040.0,1.5055866789901016,-4.12,-4.77,-12.01,,-0.272701023048999,0.36252353803985116,36.413514390266826,-0.0710468209799473,-0.11699513529656425,False,0.26358221542683424,,0.667,US,True,True,68.92224748003468,91.1078516118683,25.504404660414888,75.8867661159264,48.08349305284963,16.28303495311168,67.13928273561301,68.23647294589178,50.0,86.23326959847036,61.9,59.11728270987109,standard,161,11192318321,False,46.7,False,75.14595496246872,15.929941618015011,19.93327773144287,50.0417014178482,50.0417014178482,50.0417014178482,6,NEUTRAL,0,NEDTREND,True,4,0.5714285714285714,MEDEL,EJ AKTUELL,4.7
PLD,"Prologis, Inc.",Real Estate,REIT - Industrial,United States,USD,131030776260.4065,4.439689499999995,18.618884249999997,109.3271,0.20986614999999986,14.045496,18.129,7.352999999999998,0.00014000000000000123,-0.0038324967499999973,0.13847250149999998,0.005120010000000008,0.306494985,0.02600000000000001,0.4165,0.656,-31.092500000000005,-0.08099999999999985,0.317,4042454144.0,871209984.0,35310190592.0,169978806272.0,98724256000.0,,8790127000.0,,,3414302000.0,,3328231000.0,5008434000.0,3.05,1.0302,4.28,2.75,1.07,1781568000.0,1.334,149.0978957023848,100.16504024195463,140.5399932861328,152.1,2.08333,20.0,4.24,0.0166,0.00263,0.98102,False,False,,0.564,3573232.0,4213360.0,1.7291656721443878,-0.62,7.99,11.82,,-0.057397875241206986,0.21834270576883474,46.633735296141246,-0.008546578446822606,0.08901250579672637,False,0.2165960550637135,,0.668,US,True,True,67.32535967457302,63.71144170572681,65.01847115657857,67.7164383974417,49.742257748189694,34.44160272804774,29.02418682235196,75.1503006012024,50.0,83.93881453154876,56.39999999999999,58.98192921877826,standard,162,592145586,False,49.2,False,81.65137614678899,33.694745621351124,8.423686405337781,50.0417014178482,50.0417014178482,50.0417014178482,5,NEUTRAL,0,VARNING,False,4,0.5714285714285714,MEDEL,VÄNTA,4.6
2388.HK,BOC Hong Kong (Holdings) Limited,Financial Services,Banks - Regional,Hong Kong,HKD,508973635552.1271,3.346032000000001,2.2157199999999992,2.6697,0.3969650499999998,7.4056234,-0.245,,0.003940004999999996,0.009485,0.309474995,0.31090003,-0.357915,-0.088,-0.14500000000000002,-0.012,,,,,689727012864.0,150518005760.0,-16830134272.0,4489809000000.0,,88921000000.0,,,,,40121000000.0,-87083000000.0,7.24,0.6032,3.54,5.59,1.255,1782691200.0,0.227,49.36000061035156,32.500096835769426,48.13999938964844,48.31583,2.14286,12.0,,,0.0,0.76712996,False,False,,0.5,12184097.0,15071383.0,1.2570213694624977,2.51,18.33,29.6,,-0.024716393954972382,0.2275070511234547,51.453493691057254,0.047738608936582105,0.18424972356666602,False,0.632855877792302,,0.5,Asia,True,True,,62.71333825111801,81.84143222506394,27.434825920933886,86.53593279152588,20.545609548167093,67.13928273561301,,50.0,,50.0,50.9773340197213,standard,412,92580689,False,35.2,False,28.065054211843204,20.100083402835697,17.514595496246873,50.0417014178482,50.0417014178482,50.0417014178482,1,SVAG,-8,UPPTREND,False,4,0.5714285714285714,MEDEL,EJ AKTUELL,-3.4
MASI,Masimo Corporation,Healthcare,Medical Devices,United States,USD,9423816865.882233,17.645024999999997,11.308004999999998,4.83,8.5172524,6.046723,6.278,13.141749999999998,0.12434250250000002,0.041035,-0.070524997,0.045825005,0.16679498499999995,0.0020000000000000018,,,2.29225,0.6609999999999999,1.271,-483931264.0,124600000.0,485900000.0,9784526848.0,1698900000.0,,1526900000.0,,,312800000.0,,-151500000.0,217800000.0,,0.0,,,1.0,1353628800.0,1.098,179.99000549316406,125.94000244140625,179.9499969482422,180.0,3.0,3.0,3.84,0.0734,0.06215,1.04782,False,False,,0.5,946426.0,854373.0,0.0,0.86,2.54,28.75,,-0.00022228203622887133,0.4454836574218324,75.44669922819638,0.0070946990549169975,0.15047575564302007,True,0.9124138391110872,,0.956,US,True,True,25.113697544342415,65.47562920413864,74.52401250355216,69.96568977369836,55.15602062206513,81.84143222506394,11.884904086738949,22.044088176352705,50.0,30.019120458891013,50.0,50.93848861614064,standard,413,153744419,False,45.3,False,28.065054211843204,82.23519599666389,22.602168473728106,50.0417014178482,50.0417014178482,50.0417014178482,3,SVAG,-8,UPPTREND,False,3,0.42857142857142855,LÅG,EJ AKTUELL,-1.9
RILBA.CO,Ringkjøbing Landbobank A/S,Financial Services,Banks - Regional,Denmark,DKK,37414905500.0,3.1949080000000016,1.6954969999999978,2.15,1.2679037499999999,9.059656,11.298,,0.067280005,0.007955000000000004,0.34077499,0.4003300300000001,-0.42635,-0.08499999999999999,-0.161,-0.049,,,,,4618790912.0,13522581504.0,46657503232.0,86308719000.0,,4114420000.0,,,,,2313411000.0,,0.76,0.1302,12.0,0.81,12.0,1772668800.0,0.298,1695.301061709065,1308.2007237965474,1570.0,1803.3334,,3.0,,,0.00558,0.37506,False,False,,0.5,24525.0,25182.0,1.4489055619768274,0.77,3.02,10.46,,-0.0739108023578694,0.1872141846624503,48.660714285714285,0.0027848036585675917,0.036421733978694304,True,0.6864793814526324,,0.956,Nordic,True,True,,66.32948915657303,58.8235294117647,40.55880664364474,90.15213222536754,57.971014492753625,67.13928273561301,,50.0,,50.0,50.89731078218041,standard,416,6067765,False,40.4,False,28.065054211843204,58.882402001668055,13.678065054211844,50.0417014178482,50.0417014178482,50.0417014178482,1,SVAG,-8,UPPTREND,False,3,0.42857142857142855,LÅG,EJ AKTUELL,-5.3
CFR.SW,Compagnie Financière Richemont SA,Consumer Cyclical,Luxury Goods,Switzerland,CHF,98102537384.46127,11.134799999999998,10.634379999999998,2.5922,2.6436470000000005,4.8160224,4.656,5.627249999999998,0.012465004999999973,0.019110003999999993,0.1130199905,0.11954500000000003,0.26826999999999995,-0.030999999999999993,-0.383,-0.271,-17.142999999999994,1.8699999999999997,2.027,2031023552.0,17234999296.0,13514999808.0,104394694656.0,42623000000.0,,22420000000.0,,,4635000000.0,,3484000000.0,4880000000.0,1.25,0.5459,2.3,1.81,3.3,1789516800.0,1.063,186.0,125.46450898117243,183.64999389648438,185.65842,1.76923,26.0,,,0.0058399998,0.52321,False,False,,0.5,967031.0,1273817.0,2.0531039545931633,16.79,33.95,8.51,,-0.01263444141675063,0.2891629692920427,81.4881831630497,0.1460504089121415,0.16923413151300015,True,0.8765536260335902,,0.5,Europe,True,True,66.82940507881435,74.3342548277065,78.51662404092072,23.62548154857788,59.89397021471381,39.47144075021313,67.13928273561301,71.6432865731463,50.0,,50.0,58.85238626703732,standard,163,290099816,False,51.9,False,75.72977481234362,38.61551292743953,30.94245204336947,50.0417014178482,50.0417014178482,50.0417014178482,5,NEUTRAL,0,UPPTREND,False,4,0.5714285714285714,MEDEL,VÄNTA,3.0
TRV,"The Travelers Companies, Inc.",Financial Services,Insurance - Property & Casualty,United States,USD,65454162433.17792,-8.658781000000001,-2.0825525000000003,2.3596,-0.6813994500000001,1.3373823,1.38,-2.1494999999999997,0.117480005,0.025065000000000004,-0.09514000699999997,-0.18117496499999997,-0.12072501499999999,-0.051,3.443,3.332,-38.3325,-1.3609999999999998,0.204,12492519040.0,7141000192.0,9267999744.0,67517370368.0,143708000000.0,,48828000000.0,,,,,6288000000.0,10606000000.0,1.63,0.1313,5.0,1.9,1.25,1781049600.0,0.495,311.25,245.2876223279301,307.80999755859375,312.91302,2.60714,23.0,4.37,0.0318,0.0026699998,0.87921995,False,False,,0.806,1502154.0,2136530.0,3.1959947834928495,1.17,4.13,7.12,,-0.011052216679216853,0.1860827964918475,70.06447951835472,0.025798676252511088,0.07072115524414402,True,0.7968955348123499,,1.0,US,True,True,,43.078787253276936,65.08951406649616,78.69662775569772,56.501630963441166,47.911338448422846,67.13928273561301,99.04809619238478,50.0,61.47227533460803,90.60000000000001,58.83857430798408,standard,164,657645294,False,64.9,False,97.5396163469558,46.872393661384486,73.39449541284404,50.0417014178482,50.0417014178482,50.0417014178482,5,NEUTRAL,0,UPPTREND,False,3,0.42857142857142855,LÅG,VÄNTA,8.0
2412.TW,"Chunghwa Telecom Co., Ltd.",Communication Services,Telecom Services,Taiwan,TWD,1117072302480.0,16.149059,14.999509000000002,1.69,0.7857806,4.6487646,4.684,2.0589999999999993,-0.048317499999999985,0.020145001000000003,0.017179990000000006,0.022489979999999993,0.008774980000000043,0.013999999999999999,-0.0685,0.032,-23.806000000000004,0.45299999999999996,1.281,33482622976.0,65680625664.0,39751520256.0,1125657346048.0,535680000000.0,,234751000000.0,,,48661000000.0,,38705000000.0,77446000000.0,3.55,0.996,5.2,3.8,5.2,1783555200.0,0.109,147.0,128.0,144.0,129.4,3.0,5.0,,,0.41261002,0.24333,False,False,,0.5,12527933.0,12879364.0,0.6594029400431581,3.6,4.73,10.77,,-0.020408163265306145,0.12021137130794911,67.5,0.04053761109906806,0.07095046854082998,True,0.7028105140589602,,0.553,Asia,True,True,80.15246911733915,53.93459525132399,67.0787155441887,45.06235607618919,87.44184271468544,16.624040920716112,67.13928273561301,80.7615230460922,50.0,,50.0,58.81864053143452,standard,165,58561049,False,50.0,False,80.81734778982485,16.263552960800666,32.02668890742285,50.0417014178482,50.0417014178482,50.0417014178482,5,NEUTRAL,0,UPPTREND,False,4,0.5714285714285714,MEDEL,VÄNTA,4.2
ATCO-A.ST,Atlas Copco AB (publ),Industrials,Specialty Industrial Machinery,Sweden,SEK,649780322878.5067,9.398845000000001,11.527975500000002,2.8985,4.20878365,5.750591,5.84,5.35,0.07073000000000002,0.05052000200000001,0.0914674955,0.09717000750000002,0.0,-0.11199999999999999,-0.123,-0.051,-27.781000000000002,0.1589999999999998,1.185,20576406400.0,20828000256.0,35472998400.0,970309894144.0,202454000000.0,,168343000000.0,,,34811000000.0,,26420000000.0,32566000000.0,1.53,0.5607,3.0,1.54,2.5,1792368000.0,1.069,196.39999389648438,139.96713196756255,195.85000610351562,196.09525,2.04762,21.0,,,0.00029,0.69271004,False,False,,0.5,4725676.0,3825535.0,1.6054027860645557,11.91,18.12,19.33,,-0.0028003452650748883,0.28962199555257473,74.66490979103625,0.08755165756112593,0.1509399168708805,True,1.06392739063689,,0.093,Nordic,True,True,68.44121077976848,73.36122475693188,80.49161693662974,18.70135347887781,50.14538667189644,18.84057971014493,67.13928273561301,73.14629258517033,50.0,,50.0,58.81668437446668,standard,166,78256192,False,49.5,False,82.23519599666389,18.432026688907424,24.186822351959965,50.0417014178482,50.0417014178482,50.0417014178482,4,NEUTRAL,0,UPPTREND,False,4,0.5714285714285714,MEDEL,VÄNTA,-1.6
BAJFINANCE.NS,Bajaj Finance Limited,Financial Services,Credit Services,India,INR,5980353384062.989,10.825520999999998,3.0784345,,1.4546041500000002,13.643004,21.628,,0.019515005000000002,0.007814999999999996,0.17334998000000001,0.22619003,0.5127100099999999,0.20700000000000002,0.08099999999999999,0.22,289.882,5.4479999999999995,7.198,,181471805440.0,3666413092864.0,9480761769984.0,5599523600000.0,,496654500000.0,,,,,190173900000.0,-657898000000.0,0.56,0.1442,5.4,0.24,6.0,1782691200.0,0.364,1102.5,787.9000244140625,961.7999877929688,1063.8572,1.94286,35.0,,,0.56486,0.26874,False,False,,0.5,10057876.0,8494753.0,1.2158237988109164,5.97,9.28,-3.67,,-0.12761905869118484,0.2913713211635071,70.9231979103765,0.043929014376407505,-0.0037587050344238815,True,0.8613272153106775,,0.461,India,True,True,,79.34087681996309,49.98579141801648,57.38337635200791,61.937848429546115,8.780903665814153,67.13928273561301,,50.0,,50.0,58.750515694809685,standard,168,86631893,False,32.1,False,28.065054211843204,8.590492076730609,8.673894912427023,50.0417014178482,50.0417014178482,50.0417014178482,6,NEUTRAL,0,NEDTREND,True,3,0.42857142857142855,LÅG,EJ AKTUELL,2.2
SWED-A.ST,Swedbank AB (publ),Financial Services,Banks - Regional,Sweden,SEK,399592941732.61,-1.2349169999999994,1.8278719999999993,6.9395,-0.2723850499999999,5.858533,17.546,,0.02327000500000001,-0.008955000499999997,0.25579497000000007,0.21362003000000007,-0.42635,-0.093,-0.238,-0.104,,,,,316877996032.0,1122453028864.0,1196764037120.0,3062782000000.0,,67899000000.0,,,,,32762000000.0,-46342000000.0,5.87,0.72470003,20.45,5.9,29.8,1774396800.0,0.553,359.29998779296875,220.63634575882423,355.6000061035156,344.0625,2.9375,16.0,,,0.17117001,0.53074,False,False,,0.5,2338774.0,2285220.0,2.2603536374481195,5.8,15.52,27.25,,-0.010297750668405437,0.16901350939680237,68.02030889346739,0.06800258178646801,0.20012141996176291,True,1.0376565106367328,,0.981,Nordic,True,True,,56.76391879706365,81.24467178175618,37.69859821191022,82.9541594374943,22.25063938618926,67.13928273561301,,50.0,,50.0,50.70819455961637,standard,422,84877527,False,36.3,False,28.065054211843204,21.76814011676397,23.519599666388658,50.0417014178482,50.0417014178482,50.0417014178482,1,SVAG,-8,UPPTREND,False,3,0.42857142857142855,LÅG,EJ AKTUELL,-8.5
NDAQ,"Nasdaq, Inc.",Financial Services,Financial Data & Stock Exchanges,United States,USD,46510074019.394516,6.954016999999997,5.675890499999998,2.0039,1.1324630499999997,8.582779,10.978,9.963500000000002,0.026760005000000003,0.036194998000000006,0.10232001300000004,0.11539503500000003,0.550494985,0.07600000000000001,0.20500000000000002,0.314,11.750500000000002,-0.6999999999999998,0.345,747768704.0,531000000.0,9516999680.0,59488137216.0,31053000000.0,,8262000000.0,,,2433000000.0,,1788000000.0,2255000000.0,1.25,0.32529998,1.12,1.28,0.31,1781222400.0,0.974,101.10603805405401,76.57199855851961,82.23999786376953,106.53333,1.70588,15.0,2.36,0.0187,0.10882,0.86471003,False,False,,0.1,3322303.0,4152460.0,2.249092881956016,-10.27,-4.33,-10.9,,-0.18659657280011488,0.2579767755121612,29.72014269674453,-0.07204224551010852,-0.07655507713385101,False,-0.057488664443365985,,0.881,US,True,True,56.83905123680196,80.81488739610768,31.45780051150895,72.87985851274402,49.824518760233076,54.305200341005964,67.13928273561301,63.92785571142284,50.0,81.64435946462714,10.0,66.7033771192715,standard,56,341498302,False,50.9,False,71.8932443703086,55.29608006672226,14.178482068390325,50.0417014178482,50.0417014178482,50.0417014178482,7,STARK,8,NEDTREND,True,3,0.42857142857142855,LÅG,EJ AKTUELL,9.9
QSR,Restaurant Brands International Inc.,Consumer Cyclical,Restaurants,United States,USD,25482503824.24884,-4.066497000000002,0.02559549999999966,1.2789,3.3924677999999995,3.4949818,4.451,-1.024250000000002,0.13516001,-0.00047000000000000514,0.017164993499999996,0.15570998500000005,-0.11036498500000003,0.0,0.889,1.126,217.07599999999996,-0.359,0.82,838143744.0,1018000000.0,15683000320.0,42684407808.0,25615000000.0,,9434000000.0,,,2493000000.0,,776000000.0,1714000000.0,3.41,0.8071,2.6,3.41,0.65,1782172800.0,0.522,81.95999908447266,59.679646871626424,73.44000244140625,85.92308,1.86207,26.0,4.98,0.0585,0.013049999,0.92939,False,False,,0.784,3345620.0,3742350.0,0.7992661004251844,-3.08,-0.93,6.07,,-0.10395310808001856,0.23253229288557092,45.76614887979195,-0.040837514184421386,0.0462049830675344,True,0.42235029070388924,,0.681,US,True,True,,62.217218128101976,49.47428246660983,69.94042113874369,47.39788179257037,64.45012787723785,67.13928273561301,71.7434869739479,50.0,37.2848948374761,78.4,50.64577862167193,standard,425,274838193,False,59.2,False,82.98582151793161,65.22101751459549,41.03419516263553,50.0417014178482,50.0417014178482,50.0417014178482,3,SVAG,-8,VARNING,False,3,0.42857142857142855,LÅG,EJ AKTUELL,0.6
NOD.OL,Nordic Semiconductor ASA,Technology,Semiconductors,Norway,NOK,37241074514.40399,123.792394,21.68174175,1.4425,0.3549799999999994,52.82467,52.798,833.311,-0.10628250299999999,-0.04295,-0.032757501499999994,-0.056805007000000005,0.09773999999999994,0.10849999999999999,7.656,8.254,-6.4375,1.774,2.514,-864138922.0,279664992.0,166548992.0,37222518784.0,983361000.0,,667620000.0,,,23192000.0,,16385000.0,115696000.0,,0.0,,,0.4,1308268800.0,0.993,211.0,123.69999694824219,188.60000610351562,191.50081,,16.0,,,0.14989,0.58887,False,False,,0.5,755417.0,573588.0,0.8406052357697543,-5.32,19.29,45.19,,-0.10616110851414395,0.4193878842610289,40.695647420320526,-0.006427106153490736,0.20746120247325184,False,0.3197755484209134,,0.67,Nordic,True,True,22.57028983339814,30.624101828474817,75.41915316851377,82.21102346773452,50.177609212008484,58.05626598465473,11.884904086738949,31.763527054108216,50.0,,50.0,58.61146291574697,standard,170,11174124,False,38.8,False,28.065054211843204,58.965804837364466,2.543786488740617,50.0417014178482,50.0417014178482,50.0417014178482,5,NEUTRAL,0,VARNING,False,2,0.2857142857142857,LÅG,VÄNTA,-1.1
ABX.TO,Barrick Mining Corporation,Basic Materials,Gold,Canada,CAD,94146812447.43942,-14.159968500000002,-7.159790749999999,2.0445,0.1575460999999998,4.943647,5.646,-3.541500000000001,0.1498074975,0.07501500000000001,0.2333424985,0.4090375275,0.16314999999999996,0.5790000000000001,2.125,2.38,-26.81949999999999,1.2515,2.266,4503374912.0,7130999808.0,4726000128.0,107525988352.0,51577000000.0,,16956000000.0,,,8005000000.0,,4993000000.0,7689000000.0,1.63,0.2334,0.98,2.36,0.241,1780012800.0,1.065,73.07496219542206,27.267430375586734,56.189998626708984,72.93647,1.95833,12.0,3.28,,0.00414,0.67256,False,False,,0.5,5326241.0,5887150.0,1.2074342251223762,-0.8,10.73,-5.16,,-0.23106359635955953,0.45348897905340607,45.04201774955401,-0.012883100793338653,0.008919661841264137,True,0.3892004137309676,,0.789,Canada,True,True,,88.1632636858412,42.58312020460358,87.82573907064729,46.09251731304062,40.49445865302643,67.13928273561301,88.67735470941884,50.0,,50.0,58.500078810567636,commodity,172,233747136,False,55.2,False,89.40783986655546,39.6163469557965,29.524603836530446,50.0417014178482,50.0417014178482,50.0417014178482,5,NEUTRAL,0,VARNING,False,3,0.42857142857142855,LÅG,VÄNTA,2.0
RAA.DE,RATIONAL Aktiengesellschaft,Industrials,Specialty Industrial Machinery,Germany,EUR,7549680000.0,3.0706689999999988,8.352048500000002,3.1893,4.89833925,5.8894405,5.434,4.383000000000001,0.12455499499999997,0.13929000200000002,0.1359774915,0.1319600075,0.21086999999999995,0.015,-0.029000000000000005,0.042,-67.43799999999999,3.6999999999999997,4.108,-366985568.0,567017984.0,17644000.0,6966196224.0,1183080000.0,,1259558000.0,,,334177000.0,,253847000.0,253079000.0,2.42,0.66550004,16.0,1.52,20.0,1777507200.0,1.255,752.2153927478927,585.1102655540334,664.0,796.5,,14.0,,,0.552,0.29332,False,False,,0.5,12489.0,10415.0,1.8657778957922253,2.15,4.49,6.27,-0.44,-0.11727411270545263,0.30581129993764244,59.863945578231295,0.01932813630311636,0.028771079849861048,True,0.7474435574719956,,0.866,Europe,True,True,33.19889779559118,85.24038274026809,49.528183830372996,54.5542058732656,56.48204741537959,85.25149190110827,67.13928273561301,20.64128256513026,50.0,,50.0,58.433519470560384,standard,174,7931597,False,45.9,False,28.065054211843204,85.57130942452044,23.352793994995828,50.0417014178482,50.0417014178482,50.0417014178482,5,NEUTRAL,0,UPPTREND,False,2,0.2857142857142857,LÅG,VÄNTA,
DANSKE.CO,Danske Bank A/S,Financial Services,Banks - Regional,Denmark,DKK,284866977745.51056,-1.2528740000000003,-1.0852580000000014,6.4476,-0.33181395,5.0273013,21.175,,-8.999500000000937e-05,-0.013025000299999999,0.19323499,0.20274007000000005,-0.42635,-0.052,-0.11900000000000001,-0.012,,,,,629637971968.0,1549290045440.0,1199887351808.0,3753911000000.0,,56845000000.0,,,,,23037000000.0,22555000000.0,4.92,0.605,16.94,5.27,6.14,1777852800.0,0.593,352.20001220703125,227.51571341331132,352.20001220703125,364.5625,1.9375,16.0,,,0.22231,0.33462003,False,False,,0.5,1165205.0,947159.0,2.2705464431353115,7.51,21.9,27.49,,0.0,0.19831505814412562,69.78612396503371,0.07664971997698045,0.22524920496940792,True,1.0666913268788394,,0.719,Nordic,True,True,,52.27759464484792,85.0383631713555,38.42040505688156,78.66313578668614,24.55242966751918,67.13928273561301,,50.0,,50.0,50.41618506882139,standard,434,51197785,False,37.5,False,28.065054211843204,24.02001668056714,29.02418682235196,50.0417014178482,50.0417014178482,50.0417014178482,1,SVAG,-8,UPPTREND,False,3,0.42857142857142855,LÅG,EJ AKTUELL,-7.9
GSK.L,GSK plc,Healthcare,Drug Manufacturers - General,United Kingdom,GBp,97860825149946.98,-6.622068000000002,-0.8313499999999987,19.1996,1.9003837,2.3541424,2.826,-1.1247500000000015,0.2831324725,0.0404199995,0.07458999999999999,0.13095500499999999,0.34900997,-0.068,-0.028999999999999998,0.07,33.65325000000001,-1.0070000000000001,0.507,2373387392.0,3443000064.0,19111999488.0,92644098048.0,61118000000.0,,32667000000.0,,,8338000000.0,,5716000000.0,7741000000.0,3.53,0.4645,0.68,4.37,0.17,1778716800.0,0.294,27740.083570055423,16623.751459801642,24418.036275863647,2076.6318,2.80952,19.0,,,0.01746,0.46653998,False,False,,0.5,7804795.0,6601234.0,1.9175573298143036,2.16,-0.04,8.09,34.24,-0.11975621074832754,0.25345722764972145,66.34828252728644,-0.006357952981056125,0.04950735386363769,True,0.6165662238529394,,0.975,UK,True,True,,84.69016360050763,56.46415526721259,50.72450589723108,54.9892299367808,1.0230179028132993,67.13928273561301,77.35470941883767,50.0,,50.0,50.38237774090468,standard,435,161189171277,False,45.7,False,57.21434528773979,2.543786488740617,56.88073394495413,50.0417014178482,50.0417014178482,50.0417014178482,3,SVAG,-8,VARNING,False,2,0.2857142857142857,LÅG,EJ AKTUELL,1.3
4063.T,"Shin-Etsu Chemical Co., Ltd.",Basic Materials,Chemicals,Japan,JPY,13593301552560.0,8.832811500000002,1.8479377499999998,2.0322,1.79866445,5.2810664,4.893,3.4109999999999996,0.030732507500000013,0.03680499999999999,0.12460249849999999,0.13145749750000002,0.045830029999999966,-0.075,-0.48,-0.112,-14.957499999999996,3.7495000000000003,4.188,197112492032.0,1667094937600.0,243294994432.0,12595011518464.0,5661907000000.0,,2573969000000.0,,,635205000000.0,,474459000000.0,712651000000.0,1.42,0.41979998,106.0,2.04,53.0,1774828800.0,1.078,7930.0,4196.224482642085,7310.0,7958.125,1.5625,16.0,,,0.00942,0.56023,False,False,,0.5,8403483.0,7093850.0,1.0297076119638393,6.61,14.62,53.65,,-0.0781841109709962,0.3774523499830934,42.15144621384465,0.02806288200763385,0.3031349051581067,True,0.49222843967661595,,0.618,Japan,True,True,67.36783268028594,74.14005601932283,76.8400113668656,25.93988628334721,53.705331012228974,5.541346973572037,67.13928273561301,67.53507014028057,50.0,,50.0,58.362471663143815,standard,176,321538025,False,45.1,False,70.89241034195163,5.421184320266889,27.18932443703086,50.0417014178482,50.0417014178482,50.0417014178482,4,NEUTRAL,0,UPPTREND,False,4,0.5714285714285714,MEDEL,VÄNTA,0.5
OR.PA,L'Oréal S.A.,Consumer Defensive,Household & Personal Products,France,EUR,202891658571.86472,13.119010499999998,12.098819749999999,3.2628,3.3383499,4.605731,4.727,10.54625,0.005922497499999992,0.042730000000000004,0.08953999599999998,0.09453498499999999,0.36756004000000003,-0.025,-0.066,0.002,-58.62725,0.4889999999999999,1.058,5352311232.0,9864999936.0,11916000256.0,208221913088.0,61821200000.0,,44052000000.0,,,8891900000.0,,6127200000.0,8656900000.0,1.86,0.6119,7.2,1.52,7.2,1777420800.0,0.889,400.48242186158393,332.3214587819333,380.1000061035156,408.41666,2.04,24.0,,,0.57256,0.16700001,False,False,,0.5,456133.0,429339.0,2.831121684464954,5.74,12.24,3.16,6.61,-0.05089465765644252,0.2582523236544068,50.664148819368194,0.036357275025598934,0.03841544414187292,False,0.4871651189747466,,0.5,Europe,True,True,66.05647862889958,76.71237216899522,58.87026130755454,36.01915030767828,61.82201353777764,28.303495311167946,67.13928273561301,77.65531062124249,50.0,,50.0,58.35349844716611,standard,177,187167962,False,51.2,False,78.39866555462885,27.689741451209343,32.69391159299416,50.0417014178482,50.0417014178482,50.0417014178482,5,NEUTRAL,0,UPPTREND,False,4,0.5714285714285714,MEDEL,VÄNTA,1.5
AZN.L,AstraZeneca PLC,Healthcare,Drug Manufacturers - General,United Kingdom,GBp,260274459695029.84,6.553425999999998,4.43774,1.3356,3.3892624000000007,3.3958392,3.841,2.366249999999998,0.10890249250000002,0.025099999499999994,0.06865998999999998,0.04755500500000001,0.43537996,0.041999999999999996,-0.060000000000000005,0.056,-4.231750000000001,-0.89,0.701,5913012608.0,7674999808.0,34029000704.0,232174157824.0,114074000000.0,,58739000000.0,,,13327000000.0,,10225000000.0,14575000000.0,1.78,0.477,2.36,2.09,1.595,1771459200.0,0.214,193207.77797317505,131086.0974384807,167825.65155792236,16697.799,1.6087,21.0,,,0.00046,0.68773,False,False,,0.5,2084489.0,2034869.0,1.996531153022942,-4.44,-5.08,0.07,24.49,-0.1313721770496048,0.25388295271417444,51.29209421741979,-0.03696451990610172,-0.010285375264825758,False,0.3005405194264156,,0.86,UK,True,True,76.94160709478658,78.45454479781593,46.42892059097273,56.154379751875986,56.51333942716182,0.3410059676044331,67.13928273561301,77.05410821643287,50.0,,50.0,58.34003277298186,standard,178,341503215760,False,43.5,False,57.04753961634695,2.543786488740617,42.45204336947456,50.0417014178482,50.0417014178482,50.0417014178482,4,NEUTRAL,0,NEDTREND,True,3,0.42857142857142855,LÅG,EJ AKTUELL,3.8
SUNPHARMA.NS,Sun Pharmaceutical Industries Limited,Healthcare,Drug Manufacturers - Specialty & Generic,India,INR,4410697592506.027,8.799916,9.362154,1.04,0.7924381000000009,7.54455,7.08,8.74125,-0.0026424974999999934,0.01288499999999999,0.06689499999999998,-0.013619999999999993,0.39870001000000005,0.045,0.14300000000000002,0.262,-10.000250000000001,0.7529999999999998,2.124,37757618688.0,325365301248.0,46273200128.0,4139226759168.0,1087852200000.0,,582201100000.0,,,135533700000.0,,114794200000.0,124191800000.0,0.87,0.3452,16.0,0.93,5.0,1783382400.0,0.08,1916.5999755859375,1538.0094080385923,1838.300048828125,2047.3529,1.64706,34.0,,,0.55611,0.31458,False,False,,0.5,3898640.0,2135457.0,0.8152784819763791,-2.8,3.37,3.87,,-0.04085355721340589,0.1959260288722595,69.31606902713973,0.026170355451249572,0.0659855811040222,True,0.827501511441247,,0.574,India,True,True,54.044768641761124,64.86649074073351,58.851946575731745,61.46586600172883,87.64056101291071,10.230179028132993,67.13928273561301,58.416833667334664,50.0,,50.0,58.3131411211536,standard,179,41624546,False,42.8,False,64.80400333611342,10.008340283569641,17.097581317764803,50.0417014178482,50.0417014178482,50.0417014178482,6,NEUTRAL,0,UPPTREND,False,4,0.5714285714285714,MEDEL,VÄNTA,4.6
CRWD,"CrowdStrike Holdings, Inc.",Technology,Software - Infrastructure,United States,USD,174341258896.22314,,89.51816125,5.5736,31.5131393,34.223484,33.499,2858.4275000000002,-0.1492924999,-0.0736200005,-0.1138724985,-0.160219999,0.301854985,0.1235,,,-31.9095,-0.16400000000000003,1.333,1114508800.0,4552800768.0,821342976.0,170651254784.0,11086684000.0,,4812005000.0,,,-293292000.0,,-162502000.0,1612349000.0,,0.0,,,,,1.244,785.6599731445312,342.7200012207031,684.8599853515625,712.371,1.66667,51.0,2.4,0.03,0.01538,0.74862,False,False,,0.637,3458200.0,3285680.0,1.4882338945725968,11.02,59.95,40.19,,-0.1282997622871459,0.455779937870535,41.53829002174646,0.21095376103388963,0.3993695311571328,False,0.47273735514973625,,0.89,US,True,True,38.702554362456254,26.015601428951264,78.57345836885479,80.78579689284129,28.78973797286723,30.179028132992325,11.884904086738949,54.809619238476955,50.0,64.62715105162525,63.7,58.312220546717185,standard,180,2250230757,False,43.1,False,62.88573811509591,29.524603836530446,2.543786488740617,50.0417014178482,50.0417014178482,50.0417014178482,4,NEUTRAL,0,UPPTREND,False,2,0.2857142857142857,LÅG,VÄNTA,11.8
NCAB.ST,NCAB Group AB (publ),Technology,Electronic Components,Sweden,SEK,14976396038.704529,36.11478400000001,15.474379749999997,1.7923,4.0496978,3.881151,4.103,16.876000000000005,0.007497500000000004,0.0010599999999999984,-0.010217501499999997,-0.005785004999999996,-0.07691999999999999,-0.012500000000000011,0.24,0.432,42.4245,-0.02300000000000002,1.483,-639645920.0,397000000.0,1159900032.0,15832981504.0,3520957000.0,,3743451000.0,,,332613000.0,,206040000.0,286848000.0,1.36,0.0,1.1,,1.1,1778198400.0,1.056,86.80000305175781,37.545589748234136,80.0999984741211,79.0,,3.0,,,0.05395,0.8333,False,False,,0.5,440109.0,243051.0,0.8910000510345845,2.82,63.37,55.65,,-0.07718899011606695,0.5603214403426443,45.8333274464565,0.07156799017846249,0.4240735214186586,False,0.35088482710566005,,0.429,Nordic,True,True,26.112673107408845,46.92687380270177,85.70616652458085,52.17088961416157,36.03380006254762,74.85080988917306,67.13928273561301,25.150300601202403,50.0,,50.0,58.30709373063458,standard,181,2033447,False,46.4,False,28.065054211843204,75.39616346955796,37.36447039199333,50.0417014178482,50.0417014178482,50.0417014178482,4,NEUTRAL,0,UPPTREND,False,2,0.2857142857142857,LÅG,VÄNTA,11.9
IBE.MC,"Iberdrola, S.A.",Utilities,Utilities - Diversified,Spain,EUR,137277349106.39488,8.747037000000002,4.649674999999999,3.4488,1.4056664,3.1550252,4.763,3.5187500000000007,0.010989994999999982,0.017080000000000005,0.045229992999999996,0.022022497499999988,0.16345000000000004,-0.124,-0.246,-0.146,-54.1935,0.02949999999999986,0.535,,4872000000.0,59747000320.0,207235465216.0,160762000000.0,,44076000000.0,,,10677000000.0,,6285000000.0,11635000000.0,3.3,0.828,0.68,4.09,0.427,1783296000.0,0.584,20.93000030517578,14.889136373794157,20.829999923706055,19.93591,2.43478,22.0,,,0.0023700001,0.46613997,False,False,,0.5,11787597.0,13455303.0,2.739627852704658,5.79,6.52,17.68,29.66,-0.0047778490211008995,0.14833354886654007,90.58162905165364,0.04893296975279027,0.12770529326507063,True,0.9270972803051895,,0.924,Europe,True,True,,64.54673253351623,72.55185480654168,34.17563173037679,72.64642589967558,33.50383631713555,67.13928273561301,,50.0,,50.0,50.2623093582158,standard,438,321451935,False,41.3,False,28.065054211843204,32.77731442869057,45.78815679733111,50.0417014178482,50.0417014178482,50.0417014178482,2,SVAG,-8,UPPTREND,False,4,0.5714285714285714,MEDEL,EJ AKTUELL,-7.5
SAF.PA,Safran SA,Industrials,Aerospace & Defense,France,EUR,136813833105.55026,-7.1922640000000015,9.3004435,2.3675,6.12838025,4.3866053,4.374,8.211,0.41328499499999993,0.008400002000000004,0.16620748149999998,0.0251899975,0.10474,0.064,,,-34.754999999999995,-0.3360000000000001,0.596,-2264851392.0,6848000000.0,5326000128.0,136431542272.0,61814000000.0,,31189000000.0,,,4592000000.0,,7177000000.0,5721000000.0,1.02,0.1689,3.35,0.75,3.35,1779753600.0,0.974,346.9021998728238,259.6822067309178,329.3999938964844,341.74545,1.86364,22.0,,,0.16744,0.45821,False,False,,0.5,763704.0,731351.0,1.7784481229724194,19.09,13.61,13.42,26.61,-0.05045285380939024,0.3177588620978826,73.54650092550742,0.13020791365669715,0.10456799620295087,True,0.9693969507625343,,0.5,Europe,True,True,38.275954894864356,74.07893412524588,69.63810155095146,51.437526292414155,39.51532454131677,33.58908780903666,67.13928273561301,35.170340681362724,50.0,,50.0,50.259818916773206,standard,439,276301180,False,39.6,False,28.065054211843204,32.86071726438699,34.195162635529606,50.0417014178482,50.0417014178482,50.0417014178482,3,SVAG,-8,UPPTREND,False,3,0.42857142857142855,LÅG,EJ AKTUELL,-2.5
ETN,Eaton Corporation plc,Industrials,Specialty Industrial Machinery,Ireland,USD,163773286734.0088,10.115241999999995,7.090728000000002,3.1859,3.985442749999999,5.7419987,6.483,12.2125,0.056199990000000005,0.015410002000000006,0.03591249850000001,0.025564992500000015,-0.07845501500000002,0.10700000000000001,-0.165,-0.102,35.050999999999995,-0.19199999999999995,0.686,1834643840.0,751000000.0,21833000960.0,184899289088.0,41251000000.0,,27448000000.0,,,5209000000.0,,4087000000.0,4472000000.0,1.04,0.4129,4.4,1.55,1.1,1778198400.0,1.192,434.2300046670608,310.09348561011313,421.7699890136719,451.73297,1.72414,27.0,3.28,0.0252,0.00056,0.87997,False,False,,0.5,2551162.0,2542820.0,1.5008977675983657,13.42,17.41,28.59,,-0.028694506412431098,0.3349577246533781,57.982043399796474,0.04236881357447797,0.1491945086815698,True,0.8916999020170251,,0.5,US,True,True,52.2983653874914,59.945793393063596,80.33532253481103,39.83790885843672,41.385234778376514,30.861040068201195,67.13928273561301,59.919839679358724,50.0,71.1281070745698,50.0,58.2435614210692,standard,182,1072485163,False,47.7,False,67.88990825688074,30.19182652210175,24.27022518765638,50.0417014178482,50.0417014178482,50.0417014178482,4,NEUTRAL,0,UPPTREND,False,2,0.2857142857142857,LÅG,VÄNTA,6.4
DIOS.ST,Diös Fastigheter AB (publ),Real Estate,Real Estate - Diversified,Sweden,SEK,8862819321.015759,-16.807258500000003,-13.620184250000001,1.37,-0.8122767499999997,3.326884,,,0.0058,0.004777503250000002,0.11604747850000005,0.25844498499999996,0.25909000000000004,-0.05399999999999999,0.3075,0.531,73.5905,-0.673,0.093,-149842688.0,,17489999872.0,,33364000000.0,,2662000000.0,,,1737000000.0,,808000000.0,897000000.0,3.76,0.4423,2.4,3.29,0.6,1783382400.0,1.223,71.41940293696872,58.87973465674523,63.79999923706055,77.75,,4.0,,,0.29591,0.43647,False,False,,0.5,240959.0,215207.0,3.4845004320143946,-4.2,-2.47,2.11,,-0.10668534581047517,0.20930933375437527,25.42370105169327,-0.02576085263019645,-0.012457800385731299,False,0.2894786324795593,,0.5,Nordic,True,True,,73.26822927500719,45.609548167092925,52.6448783322881,39.50597116846703,82.86445012787725,67.13928273561301,,50.0,,50.0,58.16566459214945,standard,183,1434102,False,48.6,False,28.065054211843204,83.23603002502085,43.61968306922435,50.0417014178482,50.0417014178482,50.0417014178482,4,NEUTRAL,0,NEDTREND,True,2,0.2857142857142857,LÅG,EJ AKTUELL,5.9
CHD,"Church & Dwight Co., Inc.",Consumer Defensive,Household & Personal Products,United States,USD,22658916008.47496,6.5445354999999985,7.507235249999999,2.9842,1.7528237000000004,3.6514835,3.953,5.1327500000000015,-0.015372497499999992,0.01575000999999999,0.028525003,0.07652998999999999,0.005195004999999975,-0.033,-0.04800000000000001,-0.017,-42.084250000000004,0.14100000000000001,0.764,316968704.0,503400000.0,2377400064.0,24532916224.0,8912400000.0,,6203200000.0,,,1077600000.0,,736800000.0,1215400000.0,1.29,0.3923,1.23,1.16,0.308,1778803200.0,0.47,105.69493513987881,80.53498983463383,95.62999725341797,102.52632,2.2381,19.0,5.06,0.0519,0.0019699999,0.94315004,False,False,,0.745,2035361.0,2136460.0,2.628488328841811,-0.13,1.44,13.82,,-0.09522630269029164,0.2201044382395156,50.0,0.0025014598534132126,0.045497403673572245,True,0.3499591723649824,,0.911,US,True,True,62.43677653815092,59.476797381422344,57.00483091787439,47.77764731087335,72.48843558559425,67.34867860187553,67.13928273561301,64.32865731462925,50.0,42.54302103250478,74.5,58.106704034501945,standard,184,204309664,False,56.3,False,70.64220183486239,68.05671392827357,39.28273561301084,50.0417014178482,50.0417014178482,50.0417014178482,4,NEUTRAL,0,UPPTREND,False,3,0.42857142857142855,LÅG,VÄNTA,-0.5
EW,Edwards Lifesciences Corporation,Healthcare,Medical Devices,United States,USD,50301888351.44043,20.434552000000004,10.377302,2.099,1.4530671000000002,7.9799933,7.62,11.76575,-0.02092749749999999,0.021744999999999997,0.05441500299999999,0.121904985,0.329154985,0.084,-0.031,0.063,-52.49375,2.407,3.296,90281216.0,3671500032.0,702899968.0,48035762176.0,13697200000.0,,6067600000.0,,,1636200000.0,,1073500000.0,1595200000.0,,0.0,,,,,0.866,89.5999984741211,72.30000305175781,87.36000061035156,96.92308,1.68966,26.0,2.48,0.024,0.00184,0.9414,False,False,,0.79,5101567.0,4694030.0,1.0561630124108954,6.33,5.94,2.39,,-0.024999976583889194,0.24362731281342923,52.60690980602485,0.0492206534918016,0.06587019932695659,False,0.679734454856721,,0.737,US,True,True,45.6619582448479,70.54209027128313,62.347257743677176,57.16534400698063,70.84358736096355,53.11167945439045,11.884904086738949,49.79959919839679,50.0,73.23135755258127,79.0,58.10287677955662,standard,185,410070464,False,47.9,False,59.549624687239366,54.12844036697248,15.679733110925772,50.0417014178482,50.0417014178482,50.0417014178482,6,NEUTRAL,0,UPPTREND,False,3,0.42857142857142855,LÅG,VÄNTA,1.2
DIVISLAB.NS,Divi's Laboratories Limited,Healthcare,Drug Manufacturers - Specialty & Generic,India,INR,1790054634940.0,40.27537999999999,28.74106,,6.181369100000001,16.951275,16.54,34.40025,0.012027502500000023,0.02924499999999999,0.11371500999999998,0.08557000000000001,0.20857001000000003,0.011999999999999997,0.023000000000000007,0.134,-15.475249999999999,3.36,3.132,-19033006080.0,34140000256.0,70000000.0,1746603737088.0,200330000000.0,,105600000000.0,,,29780000000.0,,25680000000.0,27380000000.0,0.45,0.3101,30.0,1.14,30.0,1784764800.0,0.217,7039.446635250951,5636.5,6743.0,7059.467,2.56667,30.0,,,0.52018,0.29784,False,False,,0.5,345825.0,373228.0,1.0225557839520656,-1.68,10.79,6.23,,-0.04211220719629516,0.22158213010083394,60.48699501936912,0.023721865867081693,0.061486482497791206,True,0.7138252819959299,,0.728,India,True,True,32.40690335895672,73.65184449338165,65.40210287013356,56.00415202282693,89.66252992772617,15.089514066496163,67.13928273561301,39.57915831663327,50.0,,50.0,58.04249782581251,standard,186,26685151,False,32.7,False,28.065054211843204,14.762301918265223,6.422018348623854,50.0417014178482,50.0417014178482,50.0417014178482,5,NEUTRAL,0,UPPTREND,False,4,0.5714285714285714,MEDEL,VÄNTA,5.0
ENR.DE,Siemens Energy AG,Industrials,Specialty Industrial Machinery,Germany,EUR,143725338379.68976,40.115871,10.6483265,0.6377,10.398993249999998,3.580423,3.159,19.610999999999997,0.08994498499999998,-0.010489997999999997,-0.008472505500000005,0.011389997500000006,-0.18734001,-0.027999999999999997,0.736,0.765,-35.653999999999996,-0.3530000000000001,0.584,4111898560.0,11694999552.0,3729999872.0,126800887808.0,56637000000.0,,39077000000.0,,,1569000000.0,,1414000000.0,5821000000.0,0.45,0.2756,0.7,,0.7,1772150400.0,1.9,191.66000366210938,82.96619587932783,168.9199981689453,195.0784,1.8,25.0,,,0.120670006,0.55584997,False,False,,0.5,2699098.0,2888442.0,2.0163487729124494,-2.71,15.94,41.6,94.05,-0.11864763152803637,0.49059917209000387,57.987102718900324,-0.0017303726997800473,0.24222032358877432,True,0.684926103829224,,0.352,Europe,True,True,66.15144468040558,46.32588334478216,77.15572866561861,54.373344038367755,17.58115231738208,33.07757885763001,67.13928273561301,83.86773547094188,50.0,,50.0,57.88816762484224,standard,188,559600396,False,53.4,False,79.8999165971643,32.36030025020851,40.033361134278564,50.0417014178482,50.0417014178482,50.0417014178482,5,NEUTRAL,0,VARNING,False,3,0.42857142857142855,LÅG,VÄNTA,4.7
SUBC.OL,Subsea 7 S.A.,Energy,Oil & Gas Equipment & Services,Luxembourg,NOK,101104844822.0575,4.841391999999999,3.5753565,1.28,0.5619870499999999,13.762877,13.74,66.89225,-0.007229989999999999,0.018107501750000008,-0.005454999999999995,-0.034257502499999995,-0.2583,0.12150000000000001,4.382,4.272,-19.842000000000006,-0.236,1.073,500939776.0,1073169984.0,875400000.0,100938022912.0,8030500000.0,,7086300000.0,,,735100000.0,,411400000.0,1470700000.0,5.71,0.7725,19.5,,13.0,1779235200.0,0.599,358.20001220703125,168.2371918420105,341.3999938964844,344.51562,,16.0,,,0.23692,0.53257,False,False,,0.5,492887.0,495943.0,2.0741862584395303,5.24,37.77,79.87,,-0.046901222049196556,0.29889668124331664,64.75247811948756,0.08582709242439313,0.44879772806553864,True,0.7279489031879794,,0.367,Nordic,True,True,39.39898453623665,42.93576923759039,88.29212844558113,71.95908581751044,52.33301815348784,38.87468030690537,67.13928273561301,53.0060120240481,50.0,,50.0,57.87955553200918,standard,189,17489081,False,45.1,False,62.30191826522101,38.03169307756464,8.507089241034196,50.0417014178482,50.0417014178482,50.0417014178482,5,NEUTRAL,0,UPPTREND,False,3,0.42857142857142855,LÅG,VÄNTA,-1.1
ALV.DE,Allianz SE,Financial Services,Insurance - Diversified,Germany,EUR,151866220193.02032,-0.07388500000000064,1.6332999999999984,2.795,0.7697685499999999,1.314916,1.108,0.0,0.060874999999999985,0.006565000000000005,-0.10620501399999997,-0.14739997999999996,-0.13220001,0.026999999999999996,0.391,0.523,,173.297,87.927,,27517999104.0,0.0,127972220928.0,1024276000000.0,,137450000000.0,,,,,10775000000.0,33209000000.0,4.27,0.49740002,17.1,4.8,17.1,1778198400.0,0.667,402.70001220703125,319.4020080566406,400.3999938964844,413.8957,2.27778,18.0,,,6.0000002e-05,0.42513,False,False,,0.5,657169.0,560585.0,2.3824686095728085,3.76,18.58,9.27,23.11,-0.005711493024153191,0.1928196023894776,80.28500928574431,0.06054029056963284,0.1223949528103141,True,0.8790063128844788,,0.95,Europe,True,True,,37.66635181806369,72.64580742548316,75.4380368399861,83.64534051451702,32.310315430520035,67.13928273561301,,50.0,,50.0,49.819662504644995,standard,444,257435733,False,45.4,False,28.065054211843204,31.609674728940785,74.22852376980818,50.0417014178482,50.0417014178482,50.0417014178482,3,SVAG,-8,UPPTREND,False,4,0.5714285714285714,MEDEL,EJ AKTUELL,-8.8
UU.L,United Utilities Group PLC,Utilities,Utilities - Regulated Water,United Kingdom,GBp,12143096821728.654,-0.5031350000000021,-0.6815914999999988,1.0102,2.2936642000000003,3.6599462,7.089,2.438749999999999,0.17855500000000002,0.0072149975000000005,0.108020007,0.1478175025,0.60577001,0.15000000000000002,1.089,1.146,340.6185,1.8524999999999996,2.524,-1159337536.0,1794300032.0,11490599936.0,18547361792.0,16769500000.0,,,,,,,,918100000.0,4.13,0.6113,0.54,4.39,0.3578,1782345600.0,0.578,18788.248277664185,13570.359314136242,16346.32498550415,1479.5,2.30769,14.0,,,0.00044,0.75136,False,False,,0.5,2402899.0,1755180.0,3.682277827170193,-3.61,-1.58,12.23,12.1,-0.1299707804619038,0.2430962526698159,49.86323253878609,-0.030573495153813024,0.04189833550059907,False,0.3245288823182882,,0.5,UK,True,True,35.1946804055873,82.72628623859126,50.562738058925206,72.87111472093444,59.586792926276864,5.967604433077579,67.13928273561301,17.73547094188377,50.0,,50.0,57.80335060748934,standard,190,28690742688,False,36.3,False,28.065054211843204,5.838198498748957,39.11592994161801,50.0417014178482,50.0417014178482,50.0417014178482,5,NEUTRAL,0,VARNING,False,3,0.42857142857142855,LÅG,VÄNTA,5.7
CME,CME Group Inc.,Financial Services,Financial Data & Stock Exchanges,United States,USD,89021928015.19592,3.5886679999999984,6.2134255,4.3195,0.6214817499999997,13.201065,14.239,11.5005,0.023950004999999996,-0.0038549999999999973,0.3827299930000001,0.329445035,0.550494985,0.08299999999999999,0.07999999999999999,0.207,-53.24850000000001,-0.6779999999999998,0.021,2218381184.0,2515399936.0,3742200064.0,96020004864.0,198424200000.0,,6520600000.0,,,4229500000.0,,4072200000.0,4277100000.0,1.99,0.95559996,5.2,3.49,1.3,1780963200.0,0.244,319.81669858888057,243.29852476822896,246.3800048828125,305.93332,2.4375,15.0,1.86,0.014099999,0.00414,0.92651004,False,False,,0.628,2878116.0,4090680.0,1.6927758505264439,-18.09,-20.29,-7.1,,-0.22962119873693587,0.21289718220131984,33.9586105935587,-0.11761134826359154,-0.10621547588681779,False,0.16107870981433392,,0.677,US,True,True,62.95826728083031,79.68567966634059,22.620062517760726,63.07636579522243,63.00507620185173,41.091219096334186,67.13928273561301,74.34869739478958,50.0,87.76290630975143,62.8,57.767482308377524,standard,191,1007861758,False,49.3,False,77.64804003336113,40.200166805671394,9.174311926605505,50.0417014178482,50.0417014178482,50.0417014178482,6,NEUTRAL,0,NEDTREND,True,5,0.7142857142857143,HÖG,EJ AKTUELL,-7.8
ASIANPAINT.NS,Asian Paints Limited,Basic Materials,Specialty Chemicals,India,INR,2619878900187.893,31.6416715,27.145946250000005,,8.29989015,7.3626146,7.254,24.828999999999997,0.06745749250000002,0.04774500999999999,0.0022275024999999712,-0.0028825025000000087,0.029190010000000044,0.018000000000000002,0.27499999999999997,0.693,4.6235,0.3235,1.485,31846955520.0,86016401408.0,39289298944.0,2581098397696.0,345344900000.0,,355409000000.0,,,56071900000.0,,43253500000.0,70881800000.0,1.01,0.5553,27.5,0.87,23.0,1782172800.0,0.303,2985.699951171875,2115.0,2732.89990234375,2848.1428,2.54286,35.0,,,0.52884996,0.28254,False,False,,0.5,1346079.0,1163685.0,0.6326105648681044,5.16,20.81,-2.08,,-0.08467027931889204,0.23786745405833,67.56378288985259,0.056733099611868454,0.06945096770874448,False,0.7566529694503668,,0.717,India,True,True,50.863705021984266,62.75597902990139,60.45751633986928,68.41273179619299,79.43897283468438,13.043478260869565,67.13928273561301,63.62725450901804,50.0,,50.0,57.759447133624775,standard,192,33721077,False,44.4,False,69.05754795663053,12.760633861551293,17.764804003336113,50.0417014178482,50.0417014178482,50.0417014178482,6,NEUTRAL,0,UPPTREND,False,5,0.7142857142857143,HÖG,VÄNTA,0.8
HARVIA.HE,Harvia Oyj,Consumer Cyclical,Leisure,Finland,EUR,759750642.3187561,4.201525,3.437746999999998,,2.6586166,3.6787324,3.924,0.503249999999996,0.05418001,0.025120005999999993,0.0895099945,0.14571500000000004,0.20765999999999996,0.054000000000000006,0.006000000000000005,0.119,12.052999999999997,2.312,2.289,-844392797.0,53449000.0,102811000.0,806344640.0,271283000.0,,198900000.0,,,38301000.0,,26437000.0,34957000.0,1.89,0.5172,0.77,1.81,0.38,1792108800.0,1.258,51.28123299220312,30.710798057913102,40.650001525878906,47.5,1.25,4.0,,,0.13687,0.59426,False,False,,0.5,32192.0,18185.0,1.018842816841433,3.17,15.28,-0.37,,-0.20731232160390145,0.43955470224931736,47.25275370192445,0.06715055583499985,0.07075633378029256,False,0.868687360441865,,0.408,Nordic,True,True,,76.82713766862665,48.55072463768116,46.56223094257097,53.315898489063414,97.52770673486786,67.13928273561301,,50.0,,50.0,57.68967977185046,standard,195,847827,False,50.0,False,28.065054211843204,97.5396163469558,38.78231859883236,50.0417014178482,50.0417014178482,50.0417014178482,6,NEUTRAL,0,UPPTREND,False,2,0.2857142857142857,LÅG,VÄNTA,0.8
CVE.TO,Cenovus Energy Inc.,Energy,Oil & Gas Integrated,Canada,CAD,66499445255.4512,-5.442037000000001,-1.2870319999999982,15.91,0.17209049999999992,1.3640072,1.64,-0.8102500000000008,0.04865500000000001,0.008117501750000002,0.005454999999999995,0.007842497500000004,-0.13923999,-0.1195,0.495,0.828,1.9635000000000034,0.39600000000000013,1.003,2899625024.0,2575000064.0,13752000512.0,79933267968.0,63424000000.0,,52751000000.0,,,4627000000.0,,3930000000.0,8228000000.0,2.4,0.31870002,0.88,2.11,0.22,1781481600.0,0.512,43.88402736637787,17.931626201858762,35.65999984741211,45.84375,1.47059,16.0,1.91,,0.2895,0.54994,False,False,,0.5,7169785.0,7970100.0,1.171481173015386,-14.11,4.0,54.14,,-0.18740366398701758,0.3495396130507492,36.648282654510034,-0.07203101455022598,0.21543093783412903,False,0.03490724227888614,,0.836,Canada,True,True,,52.62263034658147,60.642227905655005,61.51588541363857,68.91418436100741,47.31457800511509,67.13928273561301,86.67334669338678,50.0,,50.0,57.536308017086675,standard,200,200829396,False,62.3,False,87.40617180984154,46.28857381150959,73.06088407005838,50.0417014178482,50.0417014178482,50.0417014178482,5,NEUTRAL,0,VARNING,False,4,0.5714285714285714,MEDEL,VÄNTA,-4.4
AMX,"América Móvil, S.A.B. de C.V.",Communication Services,Telecom Services,Mexico,USD,79467646000.38528,-5.340648,-2.4286455,1.1262,0.0,0.08378736,0.843,-8.8415,0.040652505000000005,0.010475000999999998,-0.02917500199999999,0.029265004999999983,-0.015905015000000022,-0.039999999999999994,0.1575,0.251,93.7045,-0.4259999999999998,0.623,139473211008.0,92901253120.0,745425928192.0,799403343872.0,1799615605000.0,,943638406000.0,,,190539136000.0,,82819082000.0,272399022000.0,2.11,0.36060002,0.56,2.68,0.277,1762473600.0,0.228,28.459999084472656,16.61478330696606,26.459999084472656,29.10467,2.07143,15.0,4.35,0.0044,0.0,0.06273,False,False,,0.774,1470350.0,1221590.0,0.5257503525146042,-1.01,10.94,26.78,,-0.07027407112922812,0.2726615662274136,59.34257111564519,0.0038697555027842334,0.13770481446418703,True,0.6347164492937535,,0.225,US,True,True,,54.692994102389186,71.46916737709576,42.84154209261439,51.531988614674916,43.22250639386189,67.13928273561301,99.04809619238478,50.0,95.60229445506691,77.4,57.53368509466202,standard,201,32323270,False,67.9,False,97.5396163469558,42.28523769808174,97.5396163469558,50.0417014178482,50.0417014178482,50.0417014178482,5,NEUTRAL,0,UPPTREND,False,2,0.2857142857142857,LÅG,VÄNTA,-4.2
DLR,"Digital Realty Trust, Inc.",Real Estate,REIT - Specialty,United States,USD,66117049925.68756,19.035291499999992,42.45011025,12.6869,0.65816315,10.658943,13.599,11.169,-0.01142,-0.01610249875,-0.03975749849999999,-0.20788001,0.10392494499999999,0.11000000000000001,0.4405,0.63,-15.434500000000003,0.6150000000000002,1.119,2466145408.0,2464262912.0,19452149760.0,85864890368.0,49410468000.0,,6112692000.0,,,922135000.0,,1308589000.0,2412136000.0,2.59,1.2944,4.88,3.4,1.22,1781481600.0,1.046,206.7614403055562,144.27911912668085,188.14999389648438,218.72414,1.71875,29.0,0.02,0.0001,0.00013,1.00702,False,False,,0.5,2156161.0,2910710.0,2.034344609221027,1.68,5.31,26.89,,-0.09001410699000478,0.23109702998141093,49.339890333022446,-0.01634586365494939,0.093974532956147,True,0.6039073965373298,,1.0,US,True,True,67.3480543175904,34.57831582887555,65.4447286160841,83.19933767537076,61.85613426023233,47.3998294970162,29.02418682235196,80.06012024048096,50.0,98.47036328871893,50.0,57.5115579857208,standard,202,547650069,False,52.3,False,84.48707256046706,46.371976647206004,11.426188490408675,50.0417014178482,50.0417014178482,50.0417014178482,4,NEUTRAL,0,VARNING,False,4,0.5714285714285714,MEDEL,VÄNTA,5.3
NOVN.SW,Novartis AG,Healthcare,Drug Manufacturers - General,Switzerland,CHF,225727285282.53455,-0.6270910000000001,1.9734874999999992,4.0148,5.112188300000001,3.9896653,4.753,0.30824999999999836,0.23281749749999997,0.05888500000000001,0.159769996,0.14285,0.37992,-0.09000000000000001,-0.20600000000000002,-0.125,67.64325,-1.046,0.526,11463773632.0,6892000256.0,46997999616.0,268919603200.0,110949000000.0,,56674000000.0,,,17644000000.0,,13984000000.0,19144000000.0,3.09,0.66260004,3.7,3.59,3.7,1773100800.0,0.488,127.13168165418837,88.50694029549845,118.30000305175781,124.89386,2.63636,21.0,,,0.02111,0.45848998,False,False,,0.5,2785790.0,3448600.0,3.6355258683680387,-0.2,-2.86,15.63,,-0.0694687467947892,0.18881760164986314,62.11452393445956,0.007882467913207902,0.07366755095091482,True,0.512806982283705,,0.322,Europe,True,True,91.06739598600184,88.77868611092522,56.80591077010515,18.42406179468638,52.157617169337485,27.024722932651322,67.13928273561301,89.07815631262524,50.0,,50.0,57.50431655109237,standard,203,505914438,False,54.5,False,90.15846538782318,26.438698915763137,36.78065054211843,50.0417014178482,50.0417014178482,50.0417014178482,4,NEUTRAL,0,UPPTREND,False,3,0.42857142857142855,LÅG,VÄNTA,10.6
POW.TO,Power Corporation of Canada,Financial Services,Insurance - Life,Canada,CAD,51215222686.19998,4.441198,0.6299124999999997,0.8811,0.30992459999999966,1.42163,-2.458,-21.0875,-0.015405000000000002,-0.012354999999999998,-0.15916501,-0.18178998999999998,0.13708000000000004,0.012999999999999998,0.07699999999999999,0.197,-2.4399999999999977,77.51899999999999,64.623,-27125500352.0,196672995328.0,21473599488.0,-97005461504.0,925735000000.0,,37649000000.0,,,,,2627000000.0,4780000000.0,3.0,0.60220003,2.67,4.92,0.668,1782777600.0,0.938,90.69999694824219,50.21641590568314,89.0199966430664,82.55556,2.88889,9.0,3.93,,0.00616,0.42876998,False,False,,0.5,2388544.0,2194680.0,1.7229138681548979,8.18,38.6,25.76,,-0.018522605972461803,0.1849537698190802,73.30535358026745,0.1180551348565757,0.2865233749633671,True,0.8795722945687094,,0.622,Canada,True,True,,32.19260850994975,85.99033816425121,56.48155561138151,78.11659123743426,52.514919011082696,67.13928273561301,,50.0,,50.0,49.49868848643349,standard,449,138051444,False,48.3,False,28.065054211843204,53.544620517097584,71.80984153461218,50.0417014178482,50.0417014178482,50.0417014178482,3,SVAG,-8,UPPTREND,False,3,0.42857142857142855,LÅG,EJ AKTUELL,-1.8
SU.TO,Suncor Energy Inc.,Energy,Oil & Gas Integrated,Canada,CAD,92475962842.14517,-4.759475000000002,-0.9344579999999976,11.41,0.1457926999999999,1.8109107,2.037,-1.6202500000000013,0.040034999999999994,0.010897501750000007,0.03420499999999999,0.031312497499999994,0.19990999999999998,0.1265,0.013999999999999957,0.243,-7.9495000000000005,0.2470000000000001,0.888,5907124800.0,3271000064.0,14812000256.0,104016961536.0,89913000000.0,,52377000000.0,,,7995000000.0,,5918000000.0,12781000000.0,3.06,0.4449,2.4,3.87,0.6,1780531200.0,0.564,95.89465222997927,49.24954190967598,78.31999969482422,98.78947,2.2,19.0,2.24,,0.00014999999,0.75097,False,False,,0.5,6209231.0,8579430.0,0.809956861304,-15.55,-9.89,34.71,,-0.18327041317180703,0.24514155274369265,28.309096071319075,-0.10878999589994531,0.09631357787415595,False,0.01573080888338895,,0.618,Canada,True,True,,66.49850101224722,48.28076157999431,62.00740954176257,68.73518919017759,40.750213128729754,67.13928273561301,92.48496993987976,50.0,,50.0,57.39229386564252,standard,205,474802818,False,61.6,False,92.74395329441201,39.86655546288574,65.97164303586321,50.0417014178482,50.0417014178482,50.0417014178482,4,NEUTRAL,0,VARNING,False,4,0.5714285714285714,MEDEL,VÄNTA,-4.8
MS,Morgan Stanley,Financial Services,Capital Markets,United States,USD,352002649721.7952,2.397606999999997,4.694943500000001,2.6831,0.6449674499999994,4.810488,3.763,,0.028640004999999996,-0.006654999999999994,-0.002980006999999979,0.03754503500000006,0.424374985,0.10200000000000001,0.186,0.29,434.9385,0.26500000000000024,1.53,,663304994816.0,579511975936.0,275366805504.0,1420270000000.0,,65966000000.0,,,,,16861000000.0,-17889000000.0,1.81,0.35549998,4.0,2.98,1.0,1777507200.0,1.221,230.47000122070312,127.81498797553063,223.1699981689453,203.66667,2.32,21.0,0.0,0.0,0.24311,0.62775004,False,False,,0.695,6013667.0,6500980.0,1.8805945686981518,17.72,41.51,27.81,,-0.031674417551493694,0.25897019857792414,64.51118047833805,0.12794212036922348,0.28163001664286735,True,0.9025941288677418,,1.0,US,True,True,,61.931913036453444,85.53566354077861,77.57779983333357,40.30320626542975,23.18840579710145,67.13928273561301,,50.0,99.0,69.5,49.360679659821436,holding,451,1450823695,False,37.6,False,28.065054211843204,22.68557130942452,31.02585487906589,50.0417014178482,50.0417014178482,50.0417014178482,3,SVAG,-8,UPPTREND,False,4,0.5714285714285714,MEDEL,EJ AKTUELL,2.5
GAW.L,Games Workshop Group PLC,Consumer Cyclical,Leisure,United Kingdom,GBp,8531905240496.362,11.500495999999998,21.006088500000004,,18.6076595,10.349006,10.133,10.802249999999997,0.53234996,0.3539649995,0.2513199945,0.27806000500000005,0.34283001,0.036000000000000004,-0.0040000000000000036,0.108,-80.478,2.6989999999999994,3.059,-459300032.0,171100000.0,49800000.0,6587238912.0,383000000.0,,617500000.0,,,261300000.0,,196100000.0,247400000.0,1.7,0.8969,3.45,2.92,0.9,1776297600.0,0.936,274731.11572265625,177349.80218100137,258193.31008911133,20283.332,1.66667,3.0,,,0.00537,0.72079,False,False,,0.5,90073.0,76210.0,1.7934270801742989,8.8,20.93,6.58,22.12,-0.060196332658001506,0.2719569890457958,66.7256156450518,0.05234966812125075,0.17309739998716234,True,0.8081656319223313,,0.5,UK,True,True,22.500074776418508,94.56100973371679,66.61123364383647,48.26340974887733,66.01043020814161,7.41687979539642,67.13928273561301,15.831663326653306,50.0,,50.0,57.34811811087286,standard,208,19676912162,False,32.4,False,28.065054211843204,7.25604670558799,11.843202668890743,50.0417014178482,50.0417014178482,50.0417014178482,5,NEUTRAL,0,UPPTREND,False,4,0.5714285714285714,MEDEL,VÄNTA,5.0
PH,Parker-Hannifin Corporation,Industrials,Specialty Industrial Machinery,United States,USD,120194374504.65479,4.0207440000000005,8.221024,3.7274,3.90834175,5.727087,6.161,6.663500000000001,0.09616999000000001,0.04060000600000001,0.06187249849999999,0.07979500250000002,-0.07508499499999999,0.045,-0.11300000000000002,-0.059,-9.857999999999997,-0.256,0.604,1962625664.0,476000000.0,9582000128.0,129308368896.0,,,,,,,,,,0.84,0.26569998,8.0,1.23,2.0,1778198400.0,1.138,1032.6259315247044,640.9397573029136,953.27001953125,1032.24,1.66667,25.0,1.86,0.0127,0.00187,0.91371,False,False,,0.5,762117.0,731960.0,1.2158706885761796,11.81,6.16,9.46,,-0.07684865309965916,0.251712815874951,75.72455348058531,0.05078412551291467,0.091493430217366,True,0.9853529965836684,,0.5,US,True,True,62.62382974905034,69.44301090209771,60.485933503836314,39.019767429862405,44.72459627276456,35.63512361466326,67.13928273561301,67.23446893787575,50.0,90.05736137667304,50.0,57.31812196488418,standard,210,697755523,False,49.5,False,72.22685571309424,34.862385321100916,24.353628023352794,50.0417014178482,50.0417014178482,50.0417014178482,4,NEUTRAL,0,UPPTREND,False,4,0.5714285714285714,MEDEL,VÄNTA,-1.3
VLO,Valero Energy Corporation,Energy,Oil & Gas Refining & Marketing,United States,USD,70165217292.76694,-3.260258000000004,-0.5615829999999988,4.0843,0.4978133499999995,0.5954228,0.69,-0.008249999999998536,0.04366000500000001,0.01386750175,-0.075319997,-0.11586249549999998,-0.303875015,0.0175,,,-14.978000000000002,0.3900000000000001,1.084,3974768768.0,5733000192.0,11491000320.0,81312202752.0,57988000000.0,,122687000000.0,,,4312000000.0,,2348000000.0,5826000000.0,1.97,0.3353,4.8,3.36,1.2,1779321600.0,0.553,265.6099853515625,128.55970013213417,236.3000030517578,261.6842,2.4,19.0,2.97,0.036,0.0041,0.8789,False,False,,0.799,3203354.0,3250590.0,2.046275440163137,-9.59,-1.92,46.71,,-0.11034970037368841,0.35168019763013797,43.07091685477476,-0.03454112497903139,0.18602466151912722,False,0.07469302045634843,,1.0,US,True,True,,36.461646424067666,61.45211707871554,76.4123698571305,59.117768077190114,46.3768115942029,67.13928273561301,90.5811623246493,50.0,56.21414913957935,79.9,57.279530017427014,standard,211,768114427,False,65.8,False,91.99332777314429,45.37114261884904,89.99165971643036,50.0417014178482,50.0417014178482,50.0417014178482,4,NEUTRAL,0,VARNING,False,3,0.42857142857142855,LÅG,VÄNTA,-10.7
KGC,Kinross Gold Corporation,Basic Materials,Gold,Canada,USD,31846899469.313324,-14.775001500000002,-8.23989535,1.12,0.5977478499999997,4.0002136,3.836,-7.0975,0.2375425025,0.156145,0.2505375015,0.3982125025,0.23770498499999998,0.52,0.9219999999999999,1.291,-48.802,1.0135,1.79,2034656128.0,2184999936.0,756499968.0,30540746752.0,12411100000.0,,7051100000.0,,,3228100000.0,,2390100000.0,3760500000.0,0.54,0.0574,0.15,1.8,0.04,1779321600.0,1.348,39.007696964686524,14.64845366950159,26.670000076293945,40.90909,1.66667,11.0,2.18,,0.0018000001,0.69055,False,False,,0.772,8529751.0,10690200.0,0.9490336601625654,-2.67,-2.6,-3.85,,-0.31628878012362116,0.5207553614180982,36.53108194967616,-0.10550386653921817,-0.074591366930988,True,0.382404268122497,,0.838,US,True,True,,92.51447755788823,28.672918442739416,85.9963627950897,37.6474344252363,60.35805626598465,67.13928273561301,94.48897795591182,50.0,,77.2,57.26250617190722,commodity,212,285107635,False,60.4,False,92.82735613010841,61.217681401167646,36.69724770642202,50.0417014178482,50.0417014178482,50.0417014178482,5,NEUTRAL,0,NEDTREND,True,3,0.42857142857142855,LÅG,EJ AKTUELL,2.3
POWL,"Powell Industries, Inc.",Industrials,Electrical Equipment & Parts,United States,USD,10827486527.522278,26.852624,23.495682,3.2836,10.95092175,9.564452,9.085,27.4225,0.14673999999999998,0.075540002,0.061182498499999995,0.05864500250000001,-0.148475015,0.0040000000000000036,-0.08700000000000001,-0.01,-75.136,0.869,2.004,-669674624.0,544889024.0,1955000.0,10284552192.0,1108984000.0,,1104318000.0,,,217860000.0,,180747000.0,167937000.0,0.12,0.0698,0.36,1.91,0.09,1779235200.0,1.128,327.8871434238099,56.54966787730062,297.20001220703125,316.25,,4.0,3.89,0.1145,0.20836,0.95432,False,False,,0.356,658675.0,631950.0,2.0180438900758606,13.66,69.76,168.25,,-0.09359052903490661,0.5952612915693742,55.018061546580284,0.07727843135472856,0.7571375956929882,False,0.6828146785543578,,0.757,US,True,True,17.184331349265694,69.33699448754172,86.82864450127879,46.65111744138292,38.57058384520577,79.96589940323956,33.861551292743954,16.63326653306613,50.0,18.738049713193117,35.6,49.16896036230423,standard,454,187815548,False,43.5,False,28.065054211843204,80.40033361134279,12.844036697247708,50.0417014178482,50.0417014178482,50.0417014178482,3,SVAG,-8,UPPTREND,False,2,0.2857142857142857,LÅG,EJ AKTUELL,5.7
KMB,Kimberly-Clark Corporation,Consumer Defensive,Household & Personal Products,United States,USD,34043802203.518738,-5.0751785,-2.327167749999999,2.0719,15.295115000000001,2.0562818,2.494,-0.2182499999999994,0.9341075025,0.03598999,0.038394992999999995,0.07067999999999999,-0.07803501499999999,-0.008000000000000004,0.10899999999999999,0.173,272.38575,-0.31000000000000005,0.368,242768768.0,542000000.0,7105999872.0,41296740352.0,17098000000.0,,16447000000.0,,,2351000000.0,,2021000000.0,2777000000.0,4.91,0.97870004,5.12,3.75,1.28,1780617600.0,0.302,131.04398086810104,91.16777681423233,102.55999755859375,114.66667,2.5625,15.0,9.66,0.1486,0.00708,0.9303,False,False,,0.454,4650669.0,4441850.0,1.9045293168370092,7.77,5.47,2.65,,-0.21736201175220038,0.2592456761016049,64.65927799520335,0.05451557597096568,-0.005636963740400236,True,0.7858405984435469,,0.912,US,True,True,,71.2039328645661,43.790849673202615,62.14632022924144,49.0836302287847,59.67604433077579,67.13928273561301,53.707414829659314,50.0,12.619502868068832,45.4,57.165914899040175,standard,214,455556125,False,56.8,False,63.719766472060044,60.550458715596335,61.634695579649716,50.0417014178482,50.0417014178482,50.0417014178482,4,NEUTRAL,0,NEDTREND,True,3,0.42857142857142855,LÅG,EJ AKTUELL,2.2
LOTB.BR,Lotus Bakeries NV,Consumer Defensive,Packaged Foods,Belgium,EUR,9086880400.0,27.7188785,25.821755249999995,9.38,6.902710000000001,6.705883,6.84,22.492749999999997,0.025557502500000003,0.03354,0.03752500300000001,0.05001999999999998,-0.05342499500000003,0.06799999999999999,0.08399999999999999,0.154,-62.55325,0.40900000000000003,0.937,-781882132.0,121885000.0,312249984.0,9269117952.0,1536521000.0,,1355061000.0,,,233186000.0,,172258000.0,205878000.0,0.81,0.35869998,90.0,0.69,90.0,1778803200.0,0.617,11860.0,7169.525848143222,11180.0,11129.3,2.1,10.0,,,0.5,0.13387999,False,False,,0.5,619.0,656.0,1.4858274916184089,2.19,16.11,47.38,35.18,-0.05733558178752107,0.2646791179673001,59.09090909090909,0.05354369468005715,0.22167263921844338,False,0.5176590907861912,,0.5,US,True,True,16.36743636526785,63.5044236343158,78.4087887249036,54.93280731738365,66.57778317552282,82.09718670076727,67.13928273561301,13.627254509018035,50.0,,50.0,57.135950070052836,standard,215,8411606,False,44.9,False,28.065054211843204,82.48540450375313,20.266889074228526,50.0417014178482,50.0417014178482,50.0417014178482,4,NEUTRAL,0,UPPTREND,False,4,0.5714285714285714,MEDEL,VÄNTA,8.9
GLE.PA,Société Générale Société anonyme,Financial Services,Banks - Regional,France,EUR,56701817113.26599,-1.9782100000000007,-1.9189560000000014,2.1708,-0.7360849500000001,2.1986823,-15.369,,-0.03734500000000002,-0.0004549999999999971,0.02568498600000002,0.029460030000000026,-0.37562,-0.059,0.00799999999999998,0.055,,,,,760943017984.0,298519003136.0,-396354191360.0,1546641000000.0,,52597000000.0,,,,,6002000000.0,-19648000000.0,2.07,0.24139999,1.61,4.4,1.0,1780272000.0,0.993,78.45999908447266,45.79417212568673,77.66999816894531,81.6435,1.95,20.0,,,0.09405,0.51237,False,False,,0.5,1986572.0,1999873.0,1.299509760662173,15.16,23.7,17.74,65.97,-0.010068836665124148,0.3493117997910397,72.9096868785171,0.11048617517980652,0.2091783449850173,True,0.9256323520999291,,1.0,Europe,True,True,,42.18277700906153,82.61084649256593,53.43288842854851,39.644233403342156,50.38363171355499,67.13928273561301,,50.0,,50.0,49.065157006512784,standard,457,178151304,False,46.1,False,28.065054211843204,51.45954962468724,59.299416180150125,50.0417014178482,50.0417014178482,50.0417014178482,2,SVAG,-8,UPPTREND,False,2,0.2857142857142857,LÅG,EJ AKTUELL,1.1
FPH.NZ,Fisher & Paykel Healthcare Corporation Limited,Healthcare,Medical Instruments & Supplies,New Zealand,NZD,22534278648.037663,21.78255,20.125815000000003,43.64,7.218850399999999,9.76186,9.62,15.772749999999998,0.10838251250000001,0.08624499999999999,0.08346500299999998,0.09685500500000002,0.18734498500000002,0.05700000000000001,0.029999999999999985,0.141,-52.39375,0.30100000000000005,1.615,-412443744.0,461100000.0,146100000.0,22205765632.0,2853600000.0,,2308400000.0,,,477800000.0,,468500000.0,,1.36,0.5422,0.52,1.47,0.33,1782086400.0,0.886,41.400001525878906,32.15999984741211,38.369998931884766,39.5625,,12.0,,,0.0366,0.42383,False,False,,0.5,524611.0,545721.0,1.9638676443808298,14.54,-0.83,2.48,,-0.0731884657564591,0.2637928772274059,59.44053379038523,0.046410763947577705,0.023105333440978537,True,0.6455319081660416,,0.5,US,True,True,33.04096999970089,80.86853314250072,50.83830633702757,52.26874720833384,59.316478328742704,67.77493606138107,67.13928273561301,34.168336673346694,50.0,,50.0,56.942361707252374,standard,220,20939314,False,41.7,False,28.065054211843204,68.47372810675563,12.51042535446205,50.0417014178482,50.0417014178482,50.0417014178482,4,NEUTRAL,0,UPPTREND,False,2,0.2857142857142857,LÅG,VÄNTA,6.4
AEM,Agnico Eagle Mines Limited,Basic Materials,Gold,Canada,USD,83336041089.60739,-10.4309065,-4.50559775,28.15,0.2689855499999996,6.1551704,5.948,-4.8155,0.10585251250000002,0.10767499999999999,0.2852275015,0.4755724625,0.28919501499999994,0.5730000000000001,0.669,1.081,-55.791,1.3195000000000001,2.034,3471061120.0,3122657024.0,319219008.0,80532602880.0,34471291000.0,,11907851000.0,,,6327961000.0,,4461461000.0,6817113000.0,1.08,0.1554,1.8,2.33,0.45,1788220800.0,0.566,254.6128673094245,113.53639266384602,166.66000366210938,243.85715,1.90909,14.0,2.14,0.01,0.00065,0.73318,False,False,,0.607,2534974.0,3696110.0,1.6484578638649188,-3.65,-9.58,0.5,,-0.3454376229164736,0.4467996084099586,39.67294013765916,-0.10520134798635628,-0.09477685154310744,True,0.37526219086432316,,0.914,US,True,True,,91.10083800280032,24.921852799090647,86.97088736807785,58.7348293096779,42.45524296675192,67.13928273561301,89.47895791583166,50.0,93.88145315487571,60.699999999999996,56.886432051042185,commodity,221,615993706,False,53.7,False,86.65554628857382,41.534612176814015,22.185154295246036,50.0417014178482,50.0417014178482,50.0417014178482,5,NEUTRAL,0,NEDTREND,True,3,0.42857142857142855,LÅG,EJ AKTUELL,1.7
HSBA.L,HSBC Holdings plc,Financial Services,Banks - Diversified,United Kingdom,GBp,311320468063192.6,4.348944999999997,2.017737500000001,0.9342,0.14153125,3.8494334,-2.305,,-0.01952999499999998,-0.010960000500000004,0.11551499000000004,0.09664503499999999,-0.37966999,-0.027999999999999997,-0.10700000000000001,0.003,,,,,1162820976640.0,773452988416.0,-146973261824.0,3233034000000.0,,66224000000.0,,,,,22285000000.0,29766000000.0,3.95,0.6082,0.56,5.02,0.074489,1778716800.0,0.579,18289.114892113023,11185.166771270335,18154.692358547356,1445.2681,2.29412,17.0,,,0.00208,0.51634,False,False,,0.5,23376437.0,22823979.0,2.6754662133289684,6.03,21.34,30.38,62.5,-0.007349865445026804,0.2586445166099774,61.9204462831123,0.06889440329356677,0.21927689128476846,True,0.9082810295365809,,0.956,UK,True,True,,47.60519809859387,85.5276793605356,48.423493954603536,69.52077435850607,0.2557544757033248,67.13928273561301,,50.0,,50.0,48.85526741244018,standard,466,414362317143,False,35.6,False,28.065054211843204,2.543786488740617,37.69808173477898,50.0417014178482,50.0417014178482,50.0417014178482,0,SVAG,-8,UPPTREND,False,3,0.42857142857142855,LÅG,EJ AKTUELL,1.8
SHB-A.ST,Svenska Handelsbanken AB (publ),Financial Services,Banks - Diversified,Sweden,SEK,274310825058.2389,-2.2128300000000003,0.21184799999999804,19.4311,-0.4212332499999999,5.074515,23.974,,-0.001509995000000014,-0.012634999599999995,0.21437499000000004,0.17944003000000008,-0.42635,-0.154,-0.127,0.006,,,,,593015996416.0,1649639030784.0,1335910072320.0,3387566000000.0,,56805000000.0,,,,,23727000000.0,-46294000000.0,5.67,0.65900004,8.0,5.48,17.5,1774483200.0,0.498,142.25,99.54871368408203,141.0500030517578,130.13937,3.76471,16.0,,,0.27364,0.43238997,False,False,,0.5,5930006.0,4880003.0,1.9008281974970023,4.48,15.09,22.65,,-0.008435830919101495,0.19312345223362887,70.00002653702445,0.06000032426618196,0.17896969893320902,True,1.0026947115503562,,0.795,Nordic,True,True,,52.221429979962366,79.82381358340437,35.41935872606348,82.94986759200073,24.893435635123616,67.13928273561301,,50.0,,50.0,48.833177098054335,standard,467,71894576,False,37.5,False,28.065054211843204,24.353628023352794,28.690575479566306,50.0417014178482,50.0417014178482,50.0417014178482,1,SVAG,-8,UPPTREND,False,3,0.42857142857142855,LÅG,EJ AKTUELL,-9.0
D05.SI,DBS Group Holdings Ltd,Financial Services,Banks - Regional,Singapore,SGD,187170382280.02783,8.869783000000002,2.143936,4.3287,1.3190079499999996,8.398187,13.478,,,,-0.037180029999999975,0.05672002500000006,-0.125975,-0.028999999999999998,,0.011,,,,,70002999296.0,183164993536.0,300376326144.0,897488000000.0,,22895000000.0,,,,,10934000000.0,11024000000.0,4.91,0.79800004,3.24,4.55,0.81,1778457600.0,0.279,66.25,40.656901152036056,65.95999908447266,61.65933,2.2,15.0,,,0.006,0.54223,False,False,,0.5,5354294.0,6229037.0,1.27117362364854,7.6,18.04,22.26,59.06,-0.004377372309846694,0.1501060390712287,63.40205357812933,0.09708092847767658,0.19686898209653725,True,0.9668165857747697,,0.686,Singapore,True,True,,43.356047700170365,81.99433742384069,43.017070466497536,93.02995160259337,29.411764705882355,67.13928273561301,,50.0,,50.0,48.8131109421224,standard,468,318427712,False,36.1,False,28.065054211843204,28.77397831526272,14.845704753961636,50.0417014178482,50.0417014178482,50.0417014178482,0,SVAG,-8,UPPTREND,False,3,0.42857142857142855,LÅG,EJ AKTUELL,-8.6
SPGI,S&P Global Inc.,Financial Services,Financial Data & Stock Exchanges,United States,USD,121632323974.60938,8.174076999999997,5.6360615,1.4448,1.1745542499999995,7.7325063,9.241,9.929499999999999,0.004159995,0.049835000000000004,0.05310997300000003,0.07420503500000003,0.255194985,0.043,0.192,0.28,-28.9155,-1.0189999999999997,0.568,4487018624.0,1810000000.0,13900000256.0,145363992576.0,61200000000.0,,15336000000.0,,,6177000000.0,,4471000000.0,5651000000.0,0.9,0.24350001,3.88,0.82,0.97,1780012800.0,1.076,574.2335475243839,379.8408011799742,410.9200134277344,532.8095,1.29167,21.0,2.18,0.0154,0.00275,0.91018,False,False,,0.658,1979524.0,2054610.0,1.3415386347272809,0.36,-3.35,-17.41,,-0.28440263513116093,0.2804469371048417,43.76549698126151,-0.029083866067662556,-0.11984597009839781,False,0.15352515491853172,,0.713,US,True,True,69.73069272874106,72.70705917159536,24.32509235578289,65.88368292950622,32.53555462565617,35.54987212276215,67.13928273561301,82.26452905811624,50.0,85.18164435946463,65.8,56.77296638247704,standard,224,844280369,False,51.3,False,84.40366972477065,34.778982485404505,16.680567139282733,50.0417014178482,50.0417014178482,50.0417014178482,4,NEUTRAL,0,NEDTREND,True,4,0.5714285714285714,MEDEL,EJ AKTUELL,1.5
CRH.L,CRH plc,Basic Materials,Building Materials,Ireland,GBp,58734817280.0,2.0782564999999984,1276.45589125,2.2984,330.40980945,1.5684786,2.025,1.0959999999999983,0.039312502500000034,0.015149999499999994,0.007132498499999994,-0.0436374975,-0.018409989999999987,-0.025999999999999995,0.067,0.458,3.587999999999994,0.12950000000000006,1.091,1190887424.0,4096000000.0,19704999936.0,75823243264.0,58329000000.0,,37447000000.0,,,5323000000.0,,3730000000.0,5625000000.0,0.0127,0.26860002,1.11,2.21,0.39,1772668800.0,1.241,9758.0,6340.0,8790.0,10476.811,1.33333,11.0,,,0.00139,0.90112996,False,False,,0.5,425571.0,576326.0,,,,,,,,,,,,,,0.525,UK,True,True,73.72079980857237,53.69410913727158,,54.476866423299654,57.239385933168,49.87212276214834,23.769808173477898,67.73547094188376,50.0,,50.0,56.74196985993382,standard,225,5065905540,False,59.2,False,75.6463719766472,48.790658882402,69.89157631359465,50.0417014178482,50.0417014178482,50.0417014178482,5,NEUTRAL,0,UPPTREND,False,1,0.14285714285714285,LÅG,VÄNTA,20.7
MONC.MI,Moncler S.p.A.,Consumer Cyclical,Apparel Manufacturing,Italy,EUR,14371737903.701763,0.0,6.020943999999998,2.9322,1.4984777,4.58849,4.566,0.5332499999999971,0.031395004999999976,0.04835999999999999,0.1576999805,0.28249502000000004,0.40537996000000004,-0.057999999999999996,-0.082,0.031,-43.812,1.194,1.855,48411456.0,1461304960.0,1128457984.0,14300964864.0,5959504000.0,,3132128000.0,,,913356000.0,,626670000.0,960515000.0,2.6,0.5628,1.4,1.72,1.4,1779062400.0,1.069,57.72709756062137,44.17969211361888,52.84000015258789,62.024,2.12,25.0,,,0.18226999,0.56566,False,False,,0.5,965411.0,1180866.0,2.150521083109708,1.73,5.09,-3.77,11.69,-0.08465863718336708,0.3248483447960784,38.46153846153846,-0.0005010551928218421,0.020646056903981025,False,0.14077684046351902,,0.5,Europe,True,True,64.16328926509735,84.81544910254337,51.19655161625879,33.037608620140226,54.10554881623594,75.36231884057972,67.13928273561301,51.60320641282566,50.0,,50.0,56.69966630297389,standard,227,71564349,False,54.1,False,61.05087572977481,75.89658048373644,32.9441201000834,50.0417014178482,50.0417014178482,50.0417014178482,4,NEUTRAL,0,VARNING,False,3,0.42857142857142855,LÅG,VÄNTA,6.1
TTE.PA,TotalEnergies SE,Energy,Oil & Gas Integrated,France,EUR,157998235468.7729,-3.4698900000000013,-0.8710294999999988,0.6622,0.13937354999999996,0.8588681,1.049,-1.5347499999999998,0.019334999999999998,0.012337501750000004,0.011044995999999994,0.055512507500000016,0.008860029999999963,-0.014499999999999999,0.2859999999999999,0.509,-0.12899999999999778,0.010000000000000009,0.507,9491148224.0,29866000384.0,64250998784.0,192932986880.0,291055000000.0,,182344000000.0,,,19925000000.0,,13127000000.0,27343000000.0,4.93,0.5884,3.6,5.34,0.9,1782777600.0,0.045,81.25,47.98910563062345,71.06999969482422,86.37951,2.04762,21.0,,,0.08856,0.57354,False,False,,0.5,5068310.0,4631347.0,2.990450270730243,-11.45,-8.61,32.27,41.22,-0.12529231144831732,0.22156569431026493,28.46719303022053,-0.07482380768366348,0.12872690475678494,False,0.025464314367115982,,0.493,Europe,True,True,,60.15207653025855,59.17744042172113,53.528164143269066,77.45164039885857,31.54305200341006,67.13928273561301,90.98196392785572,50.0,,50.0,56.66688174191966,standard,228,377508669,False,62.9,False,92.41034195162635,30.85904920767306,84.32026688907422,50.0417014178482,50.0417014178482,50.0417014178482,5,NEUTRAL,0,VARNING,False,3,0.42857142857142855,LÅG,VÄNTA,-4.7
TELIA.ST,Telia Company AB (publ),Communication Services,Telecom Services,Sweden,SEK,189960205006.59036,23.928849000000003,10.355361,2.5641,0.6665256000000004,2.3476224,3.412,-1.7190000000000012,-0.08045749499999999,-0.023244999000000002,-0.02517000499999999,0.00039000000000000146,0.07408000000000003,-0.064,2.1625,2.263,94.55149999999999,-0.5609999999999999,0.572,20799282048.0,10220000256.0,89617997824.0,276090290176.0,189251000000.0,,80982000000.0,,,10167000000.0,,3525000000.0,27602000000.0,4.24,1.6949,2.08,6.07,0.52,1784678400.0,0.234,51.68000030517578,31.403522492329554,48.310001373291016,45.62,3.15,19.0,,,0.42033002,0.30448,False,False,,0.5,6664975.0,6258404.0,1.6704114703939767,-4.79,1.84,31.68,,-0.06520895727524323,0.19034055992051122,43.27355832639104,-0.00956158881506719,0.16513992267077926,False,0.12247111775435285,,0.802,Nordic,True,True,,37.47967006826683,67.2492185279909,69.94314989422895,56.71284484390519,29.15601023017903,29.02418682235196,95.39078156312625,50.0,,50.0,56.66564346177395,standard,229,31579379,False,59.8,False,97.5396163469558,28.523769808173476,57.130942452043364,50.0417014178482,50.0417014178482,50.0417014178482,5,NEUTRAL,0,VARNING,False,2,0.2857142857142857,LÅG,VÄNTA,12.4
AQ.ST,AQ Group AB (publ),Industrials,Electrical Equipment & Parts,Sweden,SEK,21282007280.0,3.6424299999999974,-4.913926499999999,,0.9254780499999999,2.328702,,,-0.0046199899999999905,0.024180002000000006,0.009887495500000003,-0.0372500025,0.08606999999999998,-0.192,-0.07400000000000001,-0.003,,1.1079999999999997,1.746,-257092672.0,,,,6909000000.0,,9071000000.0,,,851000000.0,,676000000.0,921000000.0,0.78,0.21280001,1.8,1.47,1.8,1776988800.0,0.722,244.8000030517578,164.70940461029144,232.0,214.0,3.0,2.0,,,0.39154,0.46685,False,False,,0.5,114260.0,60108.0,1.1137040598541175,1.31,25.11,24.18,,-0.052287593513842934,0.3198783088007655,41.54589870528883,0.028594020390999786,0.18542810112808938,False,0.4216519007730091,,0.342,Nordic,True,True,,55.378595147738736,78.65870986075589,22.33328123651755,62.456006551212454,69.13895993179881,67.13928273561301,,50.0,,50.0,48.63392884520683,standard,475,1456543,False,48.6,False,28.065054211843204,69.80817347789825,57.38115095913261,50.0417014178482,50.0417014178482,50.0417014178482,2,SVAG,-8,UPPTREND,False,3,0.42857142857142855,LÅG,EJ AKTUELL,0.8
9999.HK,"NetEase, Inc.",Communication Services,Electronic Gaming & Multimedia,China,HKD,610281484413.0,2.989472000000003,0.0,1.2857,1.1655836,5.3351626,4.111,0.5109999999999992,0.07310251000000001,0.07344500100000001,0.15317,0.21780999999999998,0.29896500000000004,0.0,-0.0695,0.036,-26.999000000000002,2.0940000000000003,3.089,24916981760.0,170903830528.0,10955459584.0,470231711744.0,221415060000.0,,112625807000.0,,,35834867000.0,,33759800000.0,50739800000.0,2.31,0.3966,4.51,1.89,0.144,1780531200.0,0.801,247.3736598862898,168.6753483990376,190.5,248.9738,1.29167,21.0,,,0.44055998,0.26950002,False,False,,0.5,6613538.0,7681845.0,0.9526539002369327,6.98,2.0,-10.22,,-0.2299099261919515,0.32600566158864663,45.284391157169196,0.03292794220825557,-0.06627908610422273,False,0.44143233684018973,,0.506,Asia,True,True,92.33134178805372,85.47323211763614,34.271099744245525,42.521451741184734,62.39667060870388,19.18158567774936,67.13928273561301,91.68336673346693,50.0,,50.0,56.60326191439038,standard,233,186733287,False,50.9,False,86.23853211009175,18.765638031693076,26.93911592994162,50.0417014178482,50.0417014178482,50.0417014178482,5,NEUTRAL,0,NEDTREND,True,4,0.5714285714285714,MEDEL,EJ AKTUELL,-1.1
JYSK.CO,Jyske Bank A/S,Financial Services,Banks - Regional,Denmark,DKK,54147904355.5,-2.3892889999999998,-1.9263760000000012,0.6,-0.8558588500000001,3.822115,30.525,,-0.033570005,-0.012324999999999996,0.15547498999999998,0.11713003,-0.42635,-0.14200000000000002,-0.259,-0.165,,,,,101490999296.0,479152996352.0,432448831488.0,777056000000.0,,14437000000.0,,,,,5414000000.0,5391000000.0,2.63,0.301,25.0,,25.0,1773792000.0,0.348,958.5,600.0070842261454,950.5,984.0,2.5,6.0,,,0.30672002,0.24587,False,False,,0.5,91432.0,87883.0,1.7618450802400847,5.79,11.54,20.54,,-0.008346374543557689,0.19798133845041171,67.01570680628272,0.049093838988101934,0.14975403241318652,True,0.8966330939677744,,1.0,Nordic,True,True,,46.88025428849192,77.18101733447003,35.527008400888235,86.83837092502968,51.747655583972715,67.13928273561301,,50.0,,50.0,48.5075644988909,standard,482,12820233,False,43.2,False,28.065054211843204,52.79399499582986,38.03169307756464,50.0417014178482,50.0417014178482,50.0417014178482,1,SVAG,-8,UPPTREND,False,3,0.42857142857142855,LÅG,EJ AKTUELL,-5.9
ADSK,"Autodesk, Inc.",Technology,Software - Application,United States,USD,40924174095.29401,-5.231676,-6.467397750000003,0.7431,6.7176773,5.4514685,5.634,1.3585000000000012,0.35715749999999996,0.049659995000000005,0.08698751149999999,0.15710000000000002,0.47483498500000004,0.05149999999999999,2.122,2.23,35.9415,-0.86,0.669,2249143680.0,2924000000.0,2724000000.0,42291179520.0,12467000000.0,,7206000000.0,,,1794000000.0,,1124000000.0,2452000000.0,,0.0,,0.48,0.015,1111449600.0,1.295,329.0899963378906,190.86000061035156,193.82000732421875,318.53183,1.38235,33.0,2.95,0.0345,0.00215,0.97287005,False,False,,0.446,2359212.0,3687760.0,2.744677459957131,-20.62,-21.74,-34.07,,-0.4110425431309205,0.3392612389621286,28.37199467747041,-0.166435116636648,-0.28153942545988664,False,0.09018686432145474,,0.919,US,True,True,89.8268552029432,87.92525407818064,7.331628303495311,84.35660957548819,31.474443474948217,56.26598465473146,11.884904086738949,91.78356713426854,50.0,58.030592734225614,44.6,64.4916270367142,standard,79,714761670,False,57.9,False,91.4929107589658,57.21434528773979,26.02168473728107,50.0417014178482,50.0417014178482,50.0417014178482,7,STARK,8,NEDTREND,True,3,0.42857142857142855,LÅG,EJ AKTUELL,15.3
CBK.DE,Commerzbank AG,Financial Services,Banks - Regional,Germany,EUR,42073605715.636536,4.671146,-0.4287530000000004,0.9563,-0.31127665000000004,3.6279736,-3.356,,-0.04384500000000002,9.50000000000048e-05,0.022694986000000028,0.10122001000000003,-0.37562,-0.018000000000000002,0.017999999999999988,0.095,,,,,100426997760.0,20475000832.0,-38914355200.0,590092000000.0,,12934000000.0,,,,,2625000000.0,-6727000000.0,3.03,0.29950002,1.1,2.92,1.1,1779321600.0,0.691,38.86000061035156,25.453337141604344,38.369998931884766,39.95385,,13.0,,,0.42490003,0.33051,False,False,,0.5,3090841.0,3293260.0,3.517931117552982,6.97,26.9,12.4,39.77,-0.012609409952923922,0.38232327549130957,58.74212949234326,0.07954889658395814,0.16407589579857085,True,1.0102750350694032,,0.502,Europe,True,True,,45.233071659070184,78.7878254612575,45.90157809181252,47.09980823669071,55.83972719522592,67.13928273561301,,50.0,,50.0,48.46530074123059,standard,484,144927600,False,44.0,False,28.065054211843204,56.79733110925771,39.69974979149291,50.0417014178482,50.0417014178482,50.0417014178482,3,SVAG,-8,UPPTREND,False,2,0.2857142857142857,LÅG,EJ AKTUELL,-6.4
SO,The Southern Company,Utilities,Utilities - Regulated Electric,United States,USD,104940455084.52008,1.7115319999999983,1.9162764999999995,2.6454,0.20675969999999988,3.4777284,6.102,-0.2157499999999999,0.012155004000000004,-0.0009799999999999948,0.012064989999999998,0.03621750249999997,0.030524954999999965,0.0010000000000000009,-0.068,0.016,35.1435,-0.26249999999999996,0.317,-4761856384.0,981000000.0,76004999168.0,184129765376.0,155720000000.0,,29553000000.0,,,7285000000.0,,4341000000.0,9802000000.0,3.22,0.75699997,3.04,3.64,0.76,1779062400.0,0.339,98.76226797530093,82.46411931543987,93.08999633789062,101.28947,2.58333,19.0,5.23,0.026400002,0.00098,0.72586995,False,False,,0.861,5503601.0,7703560.0,3.1195430680439613,-1.12,-2.46,10.37,,-0.05743359031435835,0.1625205305256723,53.425536042587886,-0.001463647467862761,0.020286054924379515,True,0.5586208049385106,,0.726,US,True,True,,56.06577728069478,56.010230179028135,47.40739654850039,67.45481419220283,38.448422847399826,67.13928273561301,30.561122244488974,50.0,69.40726577437859,96.1,48.44541491591296,standard,485,717124372,False,41.4,False,28.065054211843204,37.61467889908257,41.367806505421186,50.0417014178482,50.0417014178482,50.0417014178482,1,SVAG,-8,VARNING,False,2,0.2857142857142857,LÅG,EJ AKTUELL,-0.3
CARL-A.CO,Carlsberg A/S,Consumer Defensive,Beverages - Brewers,Denmark,DKK,36395192160.0,3.1103115000000017,,3.78,2.159588500000001,1.6021758,2.319,-1.9567499999999995,0.04332750250000001,-0.006770000000000002,0.015690000000000003,0.03489500499999998,0.025260000000000005,,,,149.89975,-0.6270000000000002,0.426,4747907456.0,9585000448.0,70623002624.0,206655832064.0,153955000000.0,,89095000000.0,,,12612000000.0,,5955000000.0,12431000000.0,2.69,0.6013,29.0,2.4,29.0,1773705600.0,0.641,1080.0,835.1781274968928,1080.0,,,,,,0.98330003,0.00205,False,False,,0.5,710.0,463.0,0.7179026985449651,4.35,15.87,21.96,,0.0,0.2680419574354775,63.41463414634146,0.07009095773140728,0.13956032651872774,False,0.8271846193560495,,0.5,Nordic,True,True,,56.74126659721977,80.74737141233305,31.609674728940785,40.13604145710364,58.65302642796249,67.13928273561301,74.24849699398798,50.0,,50.0,48.440676759336654,standard,486,76744,False,66.2,False,97.5396163469558,59.549624687239366,69.22435362802335,50.0417014178482,50.0417014178482,50.0417014178482,3,SVAG,-8,UPPTREND,False,2,0.2857142857142857,LÅG,EJ AKTUELL,-5.2
ON,ON Semiconductor Corporation,Technology,Semiconductors,United States,USD,47286245157.29986,55.899902999999995,8.341458249999999,0.4024,0.42093399999999903,7.79915,7.786,4.638499999999999,-0.071862504,0.004679999999999997,-0.013272498500000007,0.04418000000000001,-0.02285499499999999,-0.0855,,,-5.140499999999996,3.178,2.797,470318720.0,2403599872.0,3245799936.0,47203852288.0,12524100000.0,,5995400000.0,,,751100000.0,,121000000.0,1759800000.0,,0.0,,,,,1.977,134.9199981689453,44.560001373291016,121.62000274658203,107.14815,2.19355,27.0,2.38,0.1104,0.00337,1.08903,False,False,,0.45,11397811.0,13406040.0,1.6379972100931894,14.71,105.13,122.91,,-0.09857690188899337,0.5541419558882633,50.61154602934592,0.15172202386113964,0.775282710344362,False,0.5342653239373262,,0.707,US,True,True,60.10655639637484,46.46076199666082,86.57289002557546,39.9576902837895,37.23646204893648,53.87894288150042,11.884904086738949,60.120240480961925,50.0,20.076481835564053,45.0,56.42510708614869,standard,236,1630442622,False,49.9,False,66.72226855713093,54.8790658882402,16.263552960800666,50.0417014178482,50.0417014178482,50.0417014178482,4,NEUTRAL,0,UPPTREND,False,2,0.2857142857142857,LÅG,VÄNTA,0.7
JPM,JPMorgan Chase & Co.,Financial Services,Banks - Diversified,United States,USD,871430706632.8479,-2.2413960000000017,0.9397404999999992,1.7264,-0.19402085000000013,5.0209475,3.632,,0.02941001500000001,-0.006634999999999995,0.08884999300000002,0.06879503500000006,-0.449505015,0.066,0.03899999999999998,0.126,,,,,1582246002688.0,1321104965632.0,630334685184.0,4424900000000.0,,181847000000.0,,,,,57048000000.0,-147782000000.0,1.84,0.2824,6.0,2.39,1.5,1783296000.0,1.0,338.0899963378906,266.9189068142398,325.2200012207031,342.0,2.16667,21.0,3.36,0.0107,0.0038299998,0.75653,False,False,,0.275,9008248.0,10297060.0,2.0773090321264505,9.98,13.51,4.06,,-0.038066772920205216,0.2212205077070656,71.4664465962664,0.052953303775639116,0.06564218042419534,True,0.8366059028596613,,0.727,US,True,True,,51.03141607759166,65.92782040352374,60.57241020907,60.32289288649439,17.902813299232736,67.13928273561301,,50.0,93.30783938814533,27.500000000000004,48.4136022476037,standard,487,3348809866,False,36.5,False,28.065054211843204,17.514595496246873,29.107589658048372,50.0417014178482,50.0417014178482,50.0417014178482,1,SVAG,-8,UPPTREND,False,4,0.5714285714285714,MEDEL,EJ AKTUELL,-1.4
BNP.PA,BNP Paribas SA,Financial Services,Banks - Regional,France,EUR,111748089619.402,-3.427862000000001,-2.7455605000000007,3.1154,-0.6758495000000001,2.2799168,,,-0.030435000000000018,-0.0003749999999999934,0.044034986000000026,0.016100050000000032,-0.37562,0.032,-0.013000000000000012,0.09,,,,,1143160045568.0,653543014400.0,,2792981000000.0,,68804000000.0,,,,,12225000000.0,46571000000.0,9.8,0.6961,9.95,6.83,2.57,1779062400.0,1.051,101.81999969482422,63.2448373359118,101.58000183105469,,,,,,0.11287,0.46493,False,False,,0.5,2243821.0,2056250.0,2.340503632592608,13.93,23.79,30.61,43.49,-0.0023570797926620868,0.2831259119428774,77.77778301055965,0.11587168975851525,0.24985024000668798,True,0.9730832472616221,,0.5,Europe,True,True,,42.817060352476695,84.96904745144968,46.928750534690444,47.90640124189572,36.99914748508099,67.13928273561301,,50.0,,50.0,48.34435547729746,standard,489,239561721,False,43.6,False,28.065054211843204,36.19683069224354,57.798165137614674,50.0417014178482,50.0417014178482,50.0417014178482,1,SVAG,-8,UPPTREND,False,2,0.2857142857142857,LÅG,EJ AKTUELL,-4.4
ABNB,"Airbnb, Inc.",Consumer Cyclical,Travel Services,United States,USD,59517446012.036224,7.5693529999999996,6.9740445,1.316,7.6742635,6.6830897,5.877,12.48475,0.17705000999999998,-0.002380000000000007,0.11659499749999999,-0.07100999499999998,0.379624985,0.106,-0.051000000000000004,0.039,-46.147999999999996,0.09399999999999997,0.745,2379143808.0,12005000192.0,2534000128.0,74331897856.0,22208000000.0,,12241000000.0,,,2544000000.0,,2511000000.0,4646000000.0,,,,,,,1.159,147.25,110.80999755859375,142.41000366210938,156.47298,2.11628,37.0,3.64,0.0357,0.011390001,0.88568,False,False,,0.622,3705125.0,4028930.0,1.9178748460670785,8.58,8.88,7.88,,-0.03286924507905353,0.29401406766667976,65.16667683919272,0.04352301491373356,0.10262032945710398,True,1.0341304061040317,,0.25,US,True,True,68.51565070439386,67.17980659554715,66.86558681443593,41.98119906800791,47.03544523252817,49.445865302642794,11.884904086738949,83.56713426853707,50.0,56.69216061185468,62.2,56.341031110627505,standard,238,573759936,False,54.3,False,85.82151793160968,48.37364470391993,20.43369474562135,50.0417014178482,50.0417014178482,50.0417014178482,4,NEUTRAL,0,UPPTREND,False,3,0.42857142857142855,LÅG,VÄNTA,1.1
GMG.AX,GOOD GROUP STAPLED [GMG],Real Estate,REIT - Diversified,Australia,AUD,,6.917652499999997,-7.522959250000002,2.72,0.7718091000000005,,21.667,16.885499999999997,0.003585000000000005,0.013447500250000001,0.17303749349999994,0.02143998499999994,0.444885,-0.216,-0.2695,0.031,-38.060500000000005,2.135,2.375,2029862656.0,2963399936.0,4179800064.0,67181424640.0,31565300000.0,,2068600000.0,,,503900000.0,,1666400000.0,,0.92,0.35759997,0.3,1.2,0.15,1782691200.0,1.03,37.131314258752575,24.559999465942383,31.5,34.66286,1.46154,14.0,,,0.02533,0.63071996,False,False,,0.5,4277244.0,5189484.0,1.7863381260311857,5.0,23.09,7.51,-8.09,-0.15165943816344085,0.27498068872403564,48.44036594503545,0.034870197501976286,0.03575523656114821,False,0.5454975346039658,,0.5,Australia,True,True,65.19497951126132,72.19376317906423,52.97334131099588,23.07589222260607,62.4712169823862,,67.13928273561301,81.06212424849699,50.0,,50.0,56.299047718973334,standard,240,114682718,False,44.5,False,28.065054211843204,50.0417014178482,50.0417014178482,50.0417014178482,50.0417014178482,50.0417014178482,4,NEUTRAL,0,UPPTREND,False,4,0.5714285714285714,MEDEL,VÄNTA,0.0
FRES.L,Fresnillo plc,Basic Materials,Other Precious Metals & Mining,Mexico,GBp,27772872147549.094,1.7097744999999982,1.4231142500000011,1.56,4.44717345,4.8014402,4.481,-1.0980000000000008,0.22147252250000005,0.15278999949999997,0.21033247849999998,0.3523125025,0.20306000999999996,0.219,14.484,14.901,-56.983999999999995,2.7325,3.846,1142708224.0,2756475904.0,850972992.0,20436766720.0,7279268000.0,,4561231000.0,,,2291228000.0,,1383988000.0,2289707000.0,3.2,0.25100002,0.95,2.14,0.797486,1776902400.0,0.732,54391.81200144534,17570.936133736315,37689.12168884277,3867.468,2.76923,13.0,,,0.74994004,0.14608,False,False,,0.5,1123885.0,848624.0,1.8198663147581127,-9.91,-8.38,3.82,106.52,-0.3070809685869397,0.5537588038356511,42.425713451925944,-0.09841632596910821,-0.02244188671571412,True,0.2774000753003271,,0.5,UK,True,True,,90.81063173538003,44.62720070078291,79.8667600434102,53.56307599435856,3.8363171355498724,67.13928273561301,92.18436873747495,50.0,,50.0,64.26178841612253,commodity,80,31983893204,False,42.0,False,57.54795663052544,2.543786488740617,31.19266055045872,50.0417014178482,50.0417014178482,50.0417014178482,7,STARK,8,NEDTREND,True,3,0.42857142857142855,LÅG,EJ AKTUELL,14.5
BIOG-B.ST,BioGaia AB (publ),Healthcare,Drug Manufacturers - Specialty & Generic,Sweden,SEK,11642365429.810486,13.235134000000002,12.445074499999999,,5.7818599,7.742144,7.027,9.806249999999999,0.08193250250000002,0.082125,0.13391001,0.09456998,0.30335999999999996,-0.066,-0.126,-0.01,,2.7699999999999996,3.271,-523079936.0,871782016.0,0.0,10852931584.0,1597807000.0,,1538168000.0,,,451971000.0,,332764000.0,306566000.0,1.42,0.5945,1.64,1.26,4.0,1778198400.0,0.304,136.3000030517578,90.34547824468368,118.19999694824219,165.0,,1.0,,,0.16997999,0.57919997,False,False,,0.5,188770.0,142736.0,0.7089407561213359,-12.38,5.57,24.17,,-0.13279534628214518,0.29073622948300315,26.459115322091293,-0.032502260220190315,0.09527118221856856,False,0.14358473708587813,,0.548,Nordic,True,True,28.221106391888256,83.48519942612265,60.528559249786866,33.33824221053112,78.79944819803228,79.02813299232737,67.13928273561301,22.645290581162325,50.0,,50.0,48.24100396113331,standard,495,1762195,False,43.9,False,28.065054211843204,79.48290241868223,16.51376146788991,50.0417014178482,50.0417014178482,50.0417014178482,3,SVAG,-8,VARNING,False,4,0.5714285714285714,MEDEL,EJ AKTUELL,-1.3
MLM,"Martin Marietta Materials, Inc.",Basic Materials,Building Materials,United States,USD,36575158314.80713,12.0414745,10.582157250000002,2.9543,0.33546264999999975,5.759867,6.56,6.4895,-0.022427497499999983,0.0004049999999999991,0.2897174815,-0.0256274975,-0.15202501499999999,0.08399999999999999,11.791,12.043,-6.655999999999999,0.4505,1.018,29893760.0,273000000.0,5688000000.0,41658904576.0,18711000000.0,,6150000000.0,,,1455000000.0,,1137000000.0,1785000000.0,0.55,0.2056,3.32,0.6,0.83,1780272000.0,1.102,709.0844562455912,524.6303081162255,609.1199951171875,683.087,2.0,23.0,3.85,0.0421,0.0080699995,1.01375,False,False,,0.491,507827.0,592540.0,1.9309543738576382,14.52,7.49,-2.98,,-0.14097680501655374,0.258975612530407,58.32206275758005,0.0327839218811985,-0.011929487557448826,True,0.9762746353919545,,0.675,US,True,True,49.857588310950256,50.5608796803845,47.82608695652174,82.24977803878126,56.173422722432996,58.48252344416027,67.13928273561301,48.59719438877755,50.0,50.09560229445506,49.1,56.19990329730777,standard,243,360927962,False,49.7,False,58.798999165971644,59.38281901584654,24.103419516263553,50.0417014178482,50.0417014178482,50.0417014178482,4,NEUTRAL,0,NEDTREND,True,2,0.2857142857142857,LÅG,EJ AKTUELL,2.1
SLM,SLM Corporation,Financial Services,Credit Services,United States,USD,4343296804.346533,-11.419844500000004,-6.054626500000001,0.51,-0.6416282500000005,2.6079097,3.273,,0.17406000500000002,0.006315000000000001,0.19877999300000004,0.331974985,0.550494985,-0.036,-0.033,0.011,185.7735,-0.3949999999999999,1.279,,5203270144.0,6169181184.0,5450664448.0,29746295000.0,,1984393000.0,,,,,744847000.0,-398581000.0,2.32,0.1444,0.52,2.01,0.13,1780531200.0,0.987,34.23573617590247,17.54623391365214,23.030000686645508,28.81818,2.0,11.0,11.24,0.135,0.01265,1.13325,False,False,,0.652,2959451.0,3312960.0,1.958771079960035,7.97,18.27,-13.1,,-0.3273110714395664,0.38414959428258244,58.076568151231605,0.037624301892359435,-0.06761331125774317,True,0.9638841645532685,,0.464,US,True,True,,86.63650000160955,38.306337027564645,33.16611834039727,27.5503528038008,89.51406649616368,67.13928273561301,,50.0,14.91395793499044,65.2,48.1888828961348,standard,496,76297471,False,51.2,False,28.065054211843204,89.74145120934112,54.79566305254379,50.0417014178482,50.0417014178482,50.0417014178482,1,SVAG,-8,NEDTREND,True,2,0.2857142857142857,LÅG,EJ AKTUELL,-7.3
NESTE.HE,Neste Oyj,Energy,Oil & Gas Refining & Marketing,Finland,EUR,20228882405.514687,11.961056,2.1704974999999997,0.32,0.8488186500000001,1.0620921,1.261,3.15325,-0.020189998999999993,-0.00775249825,-0.035144999999999996,-0.01442750249999998,-0.26222,-0.0195,,,28.564,0.246,0.742,330282368.0,1642000000.0,5207000064.0,24170110976.0,15749000000.0,,19016000000.0,,,396000000.0,,144000000.0,1747000000.0,0.74,0.2151,0.2,3.66,0.2,1774483200.0,0.575,31.010000228881836,10.69463344560275,26.329999923706055,29.36667,2.29412,18.0,,,0.46219003,0.3186,False,False,,0.5,1353383.0,604700.0,0.6092823106390867,-7.45,-7.71,38.97,,-0.15091906709555458,0.42510094914171814,41.8032818210212,-0.04280999455726542,0.21924370137097493,False,0.09512571681472312,,1.0,Nordic,True,True,66.67846887805462,33.70975415056318,52.088661551577154,68.67950518226232,54.81862268488345,70.076726342711,67.13928273561301,65.4308617234469,50.0,,50.0,56.141339360317694,standard,244,18260982,False,63.1,False,72.14345287739783,70.7256046705588,79.31609674728941,50.0417014178482,50.0417014178482,50.0417014178482,4,NEUTRAL,0,VARNING,False,3,0.42857142857142855,LÅG,VÄNTA,6.4
HO.PA,Thales S.A.,Industrials,Aerospace & Defense,France,EUR,47753896092.24054,2.197415999999997,1.3970824999999998,1.8391,2.8662709499999997,2.1572566,2.232,1.5180000000000025,0.06783499499999998,-0.006039997999999998,0.011737491499999995,-0.0023099965000000014,-0.11120000000000002,0.009999999999999995,1.441,1.513,7.533999999999999,-0.42000000000000015,0.603,1515886016.0,4491100160.0,6129500160.0,49410654208.0,39155400000.0,,22136400000.0,,,2218700000.0,,1674500000.0,3321800000.0,1.68,0.4674,3.9,1.99,2.95,1779062400.0,0.107,274.3520460677412,213.29303173093376,232.39999389648438,294.72223,2.11111,18.0,,,0.56198,0.23602,False,False,,0.5,279194.0,266260.0,2.615738381871133,2.47,-5.43,3.55,-0.51,-0.15291321049925133,0.3122226403581633,53.50876175417118,-0.009689941503108757,-0.03840172157602173,True,0.5146060556351619,,0.5,Europe,True,True,82.50534651392337,50.29455528959582,39.57761405320006,66.30257718157547,63.685327516210805,53.79369138959932,67.13928273561301,81.96392785571143,50.0,,50.0,56.13953557825631,standard,245,70970086,False,60.4,False,82.48540450375313,54.79566305254379,59.966638865721436,50.0417014178482,50.0417014178482,50.0417014178482,5,NEUTRAL,0,NEDTREND,True,4,0.5714285714285714,MEDEL,EJ AKTUELL,
STAN.L,Standard Chartered PLC,Financial Services,Banks - Diversified,United Kingdom,GBp,56437423128770.586,1.890640999999997,1.7165175000000001,1.024,-0.34240404999999996,2.148918,-7.283,,-0.03456999499999999,-0.012320000099999999,0.026244970000000034,0.029695035000000036,-0.37966999,0.024999999999999994,0.174,0.195,,,,,386666987520.0,189356998656.0,-150823862272.0,919955000000.0,,20553000000.0,,,,,5085000000.0,36841000000.0,2.27,0.2969,0.45,2.18,0.49,1773878400.0,0.613,26123.684616088867,15102.315596511973,25920.78221130371,2145.2966,,14.0,,,0.01206,0.73387,False,False,,0.5,8507678.0,5954800.0,1.1815645628646714,6.81,28.39,19.04,69.59,-0.007766990291262155,0.30015143895902263,56.18079147728328,0.09839537301084178,0.22406378585947007,True,0.8404312896254091,,0.792,UK,True,True,,38.461170784564004,84.33464730128189,63.85791709836594,60.25139256688887,1.9607843137254901,67.13928273561301,,50.0,,50.0,48.07921048645936,standard,498,154353073912,False,38.9,False,28.065054211843204,2.543786488740617,60.05004170141785,50.0417014178482,50.0417014178482,50.0417014178482,1,SVAG,-8,UPPTREND,False,4,0.5714285714285714,MEDEL,EJ AKTUELL,-2.8
KXS.TO,Kinaxis Inc.,Technology,Software - Application,Canada,CAD,4001293974.1231537,2.967696,0.249624250000001,,1.8924356499999995,6.8891616,6.843,18.5135,0.07810249500000001,0.02785,0.0583624985,0.10450499499999998,0.26933997000000004,0.11449999999999999,0.6990000000000001,0.849,-19.989999999999995,0.038000000000000145,1.625,-610449024.0,327628000.0,47662000.0,3974584576.0,724714000.0,,548030000.0,,,79482000.0,,70699000.0,117800000.0,,0.0,,,,,0.781,212.4499969482422,117.22000122070312,146.4600067138672,209.90854,1.7,10.0,2.35,,0.00239,0.62261003,False,False,,0.5,120887.0,94660.0,0.5611885941315234,0.28,6.35,-16.5,,-0.3106142206744852,0.3489161407686834,23.096109630883902,-0.018159252694546546,-0.07460846323109815,False,0.20717147731288993,,1.0,Canada,True,True,13.839544761164118,77.21975195414113,31.4151747655584,85.6330392893167,49.265945335178735,90.7928388746803,11.884904086738949,8.41683366733467,50.0,,50.0,56.07167277294782,standard,247,9796427,False,46.1,False,28.065054211843204,90.99249374478731,19.432860717264386,50.0417014178482,50.0417014178482,50.0417014178482,4,NEUTRAL,0,NEDTREND,True,2,0.2857142857142857,LÅG,EJ AKTUELL,5.3
WMB,"The Williams Companies, Inc.",Energy,Oil & Gas Midstream,United States,USD,89425636495.86505,11.561739999999997,16.858636000000004,2.2665,4.51618375,7.3850555,9.991,8.893749999999999,0.08172000500000001,-0.002142496249999997,0.119559993,0.1597175025,0.18555498499999995,0.041499999999999995,-0.03500000000000003,0.252,142.213,-0.357,0.623,-1002106256.0,950000000.0,30301999104.0,120982634496.0,58573000000.0,,11950000000.0,,,4408000000.0,,2618000000.0,5898000000.0,2.87,0.8882,2.1,4.55,0.525,1781222400.0,0.601,79.49299040577026,54.103766929854714,73.12000274658203,82.89957,1.52,23.0,3.15,0.02,0.00447,0.89093,False,False,,0.75,6334400.0,6267630.0,2.3299872603643843,-7.23,-0.54,27.02,,-0.08017043548943681,0.23043577149764916,61.81996018752046,0.0034448155288204774,0.11374006167414397,True,0.588207179048762,,0.351,US,True,True,41.81272993748691,73.29947557104643,61.7362887183859,47.25291014284578,47.79247442269259,40.92071611253197,67.13928273561301,41.18236472945892,50.0,80.11472275334609,75.0,47.97194571163639,standard,500,458289123,False,38.2,False,28.065054211843204,40.033361134278564,17.6814011676397,50.0417014178482,50.0417014178482,50.0417014178482,1,SVAG,-8,UPPTREND,False,3,0.42857142857142855,LÅG,EJ AKTUELL,-5.7
MRNA,"Moderna, Inc.",Healthcare,Biotechnology,United States,USD,25378448762.37133,,-30.776844,,0.0,11.406045,8.124,-21.33025,-0.4910974775,-0.191875,-1.554994897,-1.501344895,-1.148385015,2.5189999999999997,,,-41.77775,0.3949999999999999,2.235,-831856256.0,5205000192.0,1298000000.0,18074957824.0,12338000000.0,,1922000000.0,,,-3074000000.0,,-2822000000.0,-1873000000.0,,0.0,,,,,1.03,67.73999786376953,22.280000686645508,63.959999084472656,43.3,3.08696,20.0,7.48,0.17819999,0.07308,0.78944,False,False,,0.553,6878045.0,8657190.0,3.446724482339309,39.9,22.13,113.98,,-0.05580157807059205,0.662243725287848,76.49289363430032,0.2740731166006267,0.6308296971569349,True,1.197185990983444,,1.0,US,True,True,,2.050615551267015,84.45581131003127,97.34822222971398,36.05803338042856,64.53537936913895,11.884904086738949,23.246492985971944,50.0,8.795411089866157,55.300000000000004,47.919361031612056,standard,502,553713864,False,40.9,False,28.065054211843204,65.30442035029192,10.592160133444537,50.0417014178482,50.0417014178482,50.0417014178482,3,SVAG,-8,UPPTREND,False,2,0.2857142857142857,LÅG,EJ AKTUELL,
DNB.OL,DNB Bank ASA,Financial Services,Banks - Regional,Norway,NOK,423692710125.0,-3.2503840000000004,-1.4785440000000012,5.22,-0.4937016499999999,4.8419256,13.793,,0.006770004999999996,-0.008294999999999997,0.27411499000000006,0.2633600300000001,-0.42635,-0.078,-0.21000000000000002,-0.093,,,,,672902021120.0,1450560978944.0,1206920019968.0,3695290000000.0,,89445000000.0,,,,,43547000000.0,72590000000.0,6.1,0.601,18.0,5.86,18.0,1776816000.0,0.338,295.3999938964844,241.61848144381588,295.0,302.47058,3.0,17.0,,,0.45593,0.45365003,False,False,,0.5,2061820.0,2229857.0,1.5588722913551367,2.08,6.96,15.35,,-0.0013540755069363364,0.19307596935117477,68.42107864274514,0.03250468861992406,0.10294798132083582,True,0.9905996802070476,,0.716,Nordic,True,True,,56.419961647190334,73.18840579710145,32.29637086990058,87.73491005387636,21.824381926683717,67.13928273561301,,50.0,,50.0,47.91579886930251,standard,503,67947071,False,37.4,False,28.065054211843204,21.3511259382819,30.775646371976645,50.0417014178482,50.0417014178482,50.0417014178482,1,SVAG,-8,UPPTREND,False,3,0.42857142857142855,LÅG,EJ AKTUELL,-9.9
BMY,Bristol-Myers Squibb Company,Healthcare,Drug Manufacturers - General,United States,USD,110271847338.0,-11.661019,-6.806138000000001,171.1569,2.0668528000000004,2.2744904,3.097,-5.554250000000001,0.2617924825,0.045945,0.03057500299999999,0.14010502500000002,0.27030498499999994,-0.05700000000000001,-0.021000000000000005,0.09,171.66725000000002,-0.594,1.178,9039894144.0,10485999616.0,46428999680.0,150169616384.0,90038000000.0,,48195000000.0,,,13724000000.0,,7054000000.0,14156000000.0,4.51,0.7003,2.52,3.96,0.63,1775088000.0,0.238,62.24815957913965,41.45515798841745,54.0,63.08,,25.0,3.42,0.0189,0.00083,0.83789,False,False,,0.136,10923488.0,12493730.0,2.4810033457903695,-7.39,-6.11,1.79,,-0.13250447298210155,0.2700708393293514,38.377198608417096,-0.05866930664053527,0.020806974268221978,False,0.08541122507361196,,1.0,US,True,True,,81.76202076091778,40.011366865586815,53.683510501048346,46.77255085549713,37.42540494458653,67.13928273561301,93.08617234468937,50.0,81.26195028680688,13.600000000000001,47.914329442946226,standard,504,674661420,False,60.3,False,94.41201000834029,36.6138448707256,58.04837364470392,50.0417014178482,50.0417014178482,50.0417014178482,3,SVAG,-8,VARNING,False,2,0.2857142857142857,LÅG,EJ AKTUELL,-4.2
0939.HK,China Construction Bank Corporation,Financial Services,Banks - Diversified,China,HKD,2072397269852.0212,-3.6472060000000006,-3.8749435000000005,1.0166,-0.47283355000000016,3.6697917,4.972,,-0.017310000000000006,0.007625,0.28203499500000007,0.30302003,-0.357915,-0.010999999999999996,-0.133,0.035,,,,,5293374177280.0,6010644201472.0,3055240347648.0,45631818000000.0,,760713000000.0,,,,,338906000000.0,2101242000000.0,5.04,0.30290002,0.43,7.89,0.2029,1782950400.0,0.235,9.069999694824219,6.999922587631809,8.619999885559082,10.723252,1.375,16.0,,,0.63251,0.1565,False,False,,0.5,259570571.0,236270741.0,1.1779753718283366,-2.6,7.08,13.27,,-0.04961409309880449,0.20315218088941153,54.88721912338028,-0.012668092991594215,0.07901262364309813,True,0.37415809423856466,,0.511,Asia,True,True,,59.75380729798762,66.24040920716112,39.265118496277005,90.38425714546617,14.066496163682865,67.13928273561301,,50.0,,50.0,47.913254263924586,standard,505,259883331,False,37.4,False,28.065054211843204,13.761467889908257,38.86572143452877,50.0417014178482,50.0417014178482,50.0417014178482,2,SVAG,-8,VARNING,False,3,0.42857142857142855,LÅG,EJ AKTUELL,-4.2
MRVL,"Marvell Technology, Inc.",Technology,Semiconductors,United States,USD,271695372253.41797,73.569973,30.253247249999994,1.7552,8.822663299999999,31.16809,28.13,72.00550000000001,0.013477500000000017,-0.025509999999999998,0.18196750150000002,0.006659989999999991,0.06552495499999994,0.14350000000000002,-0.996,-0.806,-20.5075,1.5830000000000002,2.51,1457843840.0,3843599872.0,5277199872.0,245214117888.0,22285300000.0,,8194600000.0,,,1338400000.0,,2670100000.0,1750500000.0,0.09,0.0825,0.24,0.38,0.06,1775779200.0,2.277,329.8800048828125,61.32449672521512,310.5799865722656,238.74557,1.45455,41.0,1.3,0.0471,0.0068800002,0.85595,False,False,,0.568,40881875.0,84254490.0,3.5468016354696275,76.2,247.07,269.88,,-0.05850617807952041,0.7243183382579806,65.23696931479188,0.5690549209870659,1.7485670273176104,True,0.8014084275327386,,0.677,US,True,True,39.68025603445697,55.516470503673716,91.84427394146064,35.840247933415384,31.214461613361763,24.978687127024724,33.569641367806504,53.807615230460925,50.0,44.64627151051625,56.8,55.9058715109799,standard,251,26167758373,False,42.2,False,62.38532110091744,24.43703085904921,2.543786488740617,50.0417014178482,50.0417014178482,50.0417014178482,4,NEUTRAL,0,UPPTREND,False,1,0.14285714285714285,LÅG,VÄNTA,4.0
SECT-B.ST,Sectra AB (publ),Healthcare,Medical Devices,Sweden,SEK,49703321035.25629,71.669536,67.52810249999999,,22.1959789,14.648461,14.733,54.51324999999999,0.15130250250000005,0.047235005,0.07382,0.03700998999999999,-0.05009002000000001,0.047,0.08900000000000001,0.2,-37.16675,-0.5579999999999999,1.145,-106327808.0,1810310016.0,76484000.0,53638811648.0,4473711000.0,,3541661000.0,,,710635000.0,,563778000.0,1097318000.0,0.45,0.3754,1.3,0.53,2.3,1788912000.0,0.88,374.97630901630845,173.3000030517578,276.79998779296875,336.66666,1.66667,3.0,,,0.27826,0.50687003,False,False,,0.5,173203.0,158787.0,1.518827036294253,1.91,22.05,1.54,,-0.26182006399521585,0.3165250385654325,49.08614638072055,0.02215652688711711,0.052555509166678505,False,0.24227912312154282,,0.838,Nordic,True,True,34.4317739957527,70.48091411217001,49.03381642512077,65.33964498420124,37.71126657097785,53.367433930093775,67.13928273561301,45.190380761523045,50.0,,50.0,55.90337438997813,standard,252,4590753,False,38.9,False,28.065054211843204,54.37864887406172,8.006672226855713,50.0417014178482,50.0417014178482,50.0417014178482,4,NEUTRAL,0,UPPTREND,False,3,0.42857142857142855,LÅG,VÄNTA,5.2
ROKU,"Roku, Inc.",Communication Services,Entertainment,United States,USD,18218351549.57141,81.27662799999999,23.327223500000002,0.9832,3.8910868,4.124817,3.725,36.9755,-0.093077495,-0.040264998999999996,-0.08086500199999999,-0.142584995,-0.007585015000000028,0.163,,,-58.4025,1.7640000000000002,2.709,-135188160.0,2380218880.0,501116992.0,18497763328.0,4433483000.0,,4737251000.0,,,-5624000.0,,88361000.0,483718000.0,,0.0,,,,,2.027,148.8800048828125,77.63999938964844,138.07000732421875,151.68182,2.33333,22.0,3.02,0.0685,0.00644,0.88178,False,False,,0.445,3790977.0,10751980.0,3.961981388212004,14.5,44.03,24.29,,-0.07260879368658402,0.4768757642288933,56.981077052686146,0.12768389130286795,0.31451208940523,True,0.8085866010184958,,0.838,US,True,True,33.92235964466246,22.39987303887406,79.62489343563512,79.34790415563057,37.221584861001084,71.52600170502984,11.884904086738949,41.98396793587174,50.0,31.73996175908222,44.5,47.84864863183374,standard,508,1484525957,False,45.7,False,28.065054211843204,72.14345287739783,35.77981651376147,50.0417014178482,50.0417014178482,50.0417014178482,3,SVAG,-8,UPPTREND,False,2,0.2857142857142857,LÅG,EJ AKTUELL,2.2
BE,Bloom Energy Corporation,Industrials,Electrical Equipment & Parts,United States,USD,93556433665.54456,,55.927112,1.7482,97.13372675,38.20147,32.822,330.1525,-0.13939000000000001,-0.023919997999999998,-0.1014875015,-0.03936498749999998,-0.148605015,1.243,,,236.064,3.6409999999999996,3.979,-546335008.0,2491432960.0,2952817920.0,80382517248.0,4396711000.0,,2023994000.0,,,72802000.0,,-88434000.0,113949000.0,,0.0,,,,,3.746,329.510009765625,21.40999984741211,328.9100036621094,263.648,2.32143,25.0,2.69,0.1149,0.05835,0.87955004,False,False,,0.291,10602295.0,11693060.0,1.4654702485977331,25.86,97.32,275.43,,-0.001820904026382686,1.0866124095128107,59.78779726450534,0.25864745020201196,1.1347236589815908,True,1.0162433827431931,,0.853,US,True,True,30.005159572877098,21.777336450578783,98.60755896561523,87.46498619968895,26.579695188868847,40.66496163682864,11.884904086738949,42.38476953907816,50.0,18.35564053537285,29.099999999999998,47.814718680990396,standard,509,3845964407,False,35.9,False,28.065054211843204,39.783152627189324,2.543786488740617,50.0417014178482,50.0417014178482,50.0417014178482,2,SVAG,-8,UPPTREND,False,2,0.2857142857142857,LÅG,EJ AKTUELL,0.6
9984.T,SoftBank Group Corp.,Communication Services,Telecom Services,Japan,JPY,40525046437811.0,-6.872034999999995,4.635159999999999,1244.7685,0.24890690000000015,5.1964183,8.165,59.858999999999995,0.197672505,-0.041934999,0.5695999549999999,-0.3183000100000001,0.21861999999999998,0.009999999999999995,2.5065000000000004,2.538,85.026,-0.7139999999999996,0.584,-1465963106304.0,5362149752832.0,25663566249984.0,63673070518272.0,45013756000000.0,,7243752000000.0,,,729794000000.0,,1153332000000.0,203580000000.0,0.15,0.0126,11.0,0.59,5.5,1790640000.0,1.008,9074.0,2163.9470766435193,7111.0,7631.6313,1.94737,19.0,,,0.3473,0.36056,False,False,,0.5,73053950.0,66294410.0,1.0096663426921892,17.75,100.93,52.65,,-0.2163323782234957,0.8024489418808431,32.13393303348326,0.17668667800716187,0.45917362134819406,False,0.4278592939764432,,0.72,Japan,True,True,24.949376364669636,56.687154148018706,74.96447854504119,76.15925720305125,19.81754039342629,2.7280477408354646,67.13928273561301,31.96392785571142,50.0,,50.0,55.810465406735965,standard,255,2923078986,False,34.1,False,28.065054211843204,2.543786488740617,27.606338615512925,50.0417014178482,50.0417014178482,50.0417014178482,4,NEUTRAL,0,UPPTREND,False,3,0.42857142857142855,LÅG,VÄNTA,1.0
ALLY,Ally Financial Inc.,Financial Services,Credit Services,United States,USD,13943734604.868782,-6.775804000000001,-5.846641000000002,0.508,-1.6746817500000004,1.8139372,3.687,,-0.041679995,-0.012204999999999994,-0.06890001699999998,-0.15842496499999997,-0.449505015,0.136,,,,,,,9518000128.0,21596000256.0,28345733120.0,196002000000.0,,8770000000.0,,,,,852000000.0,3729000000.0,2.64,0.2913,1.2,3.2,0.3,1777593600.0,1.094,47.189998626708984,35.04912281304994,45.4900016784668,54.11176,1.66667,17.0,4.03,0.0399,0.102299996,0.87575996,False,False,,0.859,3364861.0,3833130.0,1.1899028995128098,11.36,20.24,4.05,,-0.03602451785790073,0.2992807334667127,62.476735298129164,0.053096094734836896,0.10098891590514358,True,0.9171447958455968,,1.0,US,True,True,,19.505793212293263,69.30946291560103,89.35173716820256,43.36151949593645,75.70332480818415,67.13928273561301,,50.0,52.00764818355641,95.9,47.801335586841866,standard,510,174369090,False,50.9,False,28.065054211843204,76.2301918265221,65.8882402001668,50.0417014178482,50.0417014178482,50.0417014178482,1,SVAG,-8,UPPTREND,False,3,0.42857142857142855,LÅG,EJ AKTUELL,-2.8
BOOZT.ST,Boozt AB (publ),Consumer Cyclical,Apparel Retail,Denmark,SEK,7838915591.2018585,5.387944000000001,6.775015999999997,,0.15849800000000025,0.9447892,1.009,-2.2097500000000014,-0.036969989999999994,-0.014110000000000004,-0.006980005499999997,-0.06159499999999998,-0.13516,-0.06699999999999999,1.666,1.5,-34.641000000000005,-0.05500000000000005,0.191,7032320.0,239000000.0,713000000.0,8374592512.0,5704000000.0,,8287000000.0,,,448000000.0,,301000000.0,1032000000.0,,0.0,,,,,1.796,141.6999969482422,75.94999694824219,133.1999969482422,129.2,1.4,5.0,,,0.0309,0.68018997,False,False,,0.5,166758.0,175128.0,1.030824449078289,8.29,45.18,26.98,,-0.05998588696586027,0.373978393338588,61.30265444094448,0.10121776040893615,0.2837192891713669,False,0.6199543238076419,,0.236,Nordic,True,True,,32.34177130670042,81.98351804489913,52.97429218413355,30.6017822381132,84.73998294970161,11.884904086738949,48.897795591182366,50.0,,50.0,55.79202592439707,standard,256,2436479,False,62.4,False,58.965804837364466,85.07089241034194,82.23519599666389,50.0417014178482,50.0417014178482,50.0417014178482,5,NEUTRAL,0,UPPTREND,False,1,0.14285714285714285,LÅG,VÄNTA,-1.4
5801.T,"Furukawa Electric Co., Ltd.",Industrials,Electrical Equipment & Parts,Japan,JPY,3753865594800.0,26.648856000000002,155.8767695,0.38,6.343178749999999,2.8708937,2.693,18.277,0.07654001,-0.0020699979999999965,0.0011274955000000059,0.0143399975,-0.12060000000000001,0.061,1.109,1.176,37.072500000000005,-0.361,0.776,-27143500288.0,70971998208.0,329362997248.0,3521809481728.0,987016000000.0,,1201762000000.0,,,47098000000.0,,33366000000.0,59833000000.0,0.05,0.2038,22.0,2.24,11.0,1790640000.0,1.173,62410.0,6506.464054713108,53360.0,65577.78,1.77778,9.0,,,0.05001,0.49967,False,False,,0.5,6188731.0,3092390.0,0.3739569118164833,8.28,95.79,439.57,,-0.145008812690274,0.8267193189372721,51.86646433990895,0.118991397858482,1.348087749490114,True,0.6819419997038976,,0.395,Japan,True,True,37.167917925403046,51.77501797462422,82.67973856209152,65.63486139729224,27.712790296389795,11.508951406649617,24.228523769808174,41.583166332665336,50.0,,50.0,47.77688408294209,standard,512,1023158799,False,39.0,False,28.065054211843204,11.259382819015846,51.70975813177648,50.0417014178482,50.0417014178482,50.0417014178482,3,SVAG,-8,UPPTREND,False,2,0.2857142857142857,LÅG,EJ AKTUELL,-2.7
SYF,Synchrony Financial,Financial Services,Credit Services,United States,USD,25315225131.48436,-10.026176300000003,-5.6850805000000015,2.1872,-1.0647213500000001,2.5591617,2.27,,0.08256000499999999,0.010215000000000002,0.11342001300000004,0.11170503500000006,-0.449505015,0.0,0.068,0.063,,,,,20558999552.0,16428000256.0,22449956864.0,119095000000.0,,14981000000.0,,,,,3552000000.0,9851000000.0,1.59,0.1242,1.2,2.17,0.3,1777939200.0,1.321,88.0528042513949,60.47059651941687,75.26000213623047,89.21739,1.875,23.0,5.84,0.08979999,0.0034999999,1.07576,False,False,,0.783,3746854.0,3635010.0,2.2595913269397827,8.46,15.35,-9.01,,-0.14528557294598343,0.29474011550807766,60.58758176540966,0.027370020465583345,0.020671425767578633,True,0.9586231840433649,,1.0,US,True,True,,60.65195776723893,49.048025007104286,61.7819298174292,38.60989863939366,64.62063086104007,67.13928273561301,,50.0,25.239005736137663,78.3,47.7420678547649,standard,515,273570860,False,47.6,False,28.065054211843204,65.38782318598832,55.29608006672226,50.0417014178482,50.0417014178482,50.0417014178482,2,SVAG,-8,UPPTREND,False,3,0.42857142857142855,LÅG,EJ AKTUELL,-2.6
CMI,Cummins Inc.,Industrials,Specialty Industrial Machinery,United States,USD,98918840548.29578,5.987277999999996,1.3968930000000022,1.7233,3.689903749999999,2.9184763,3.098,4.045500000000002,0.06768999,0.017920002000000004,-0.025087501500000005,-0.037844997499999984,-0.191025035,-0.034,-0.281,-0.206,-13.790999999999997,0.32400000000000007,0.955,876768768.0,3182000128.0,8240000000.0,104997838848.0,33992000000.0,,33670000000.0,,,3865000000.0,,2843000000.0,3621000000.0,1.12,0.4062,8.0,2.31,2.0,1779408000.0,1.24,737.760009765625,303.0469988487371,716.8599853515625,744.3342,2.0,19.0,2.07,0.0171,0.00215,0.87952006,False,False,,0.495,925698.0,1179610.0,1.8723719117142805,9.05,33.11,40.23,,-0.028329028596578598,0.3395227580087869,65.6156765841393,0.08468393408302921,0.327543395884776,True,1.0057299031248061,,0.248,US,True,True,59.44411210480663,47.30782947298672,87.29752770673485,19.304515645889833,43.68958300782461,39.130434782608695,67.13928273561301,57.414829659318634,50.0,83.36520076481835,49.5,55.68850581854402,standard,258,845615207,False,51.8,False,65.13761467889908,38.28190158465388,48.37364470391993,50.0417014178482,50.0417014178482,50.0417014178482,4,NEUTRAL,0,UPPTREND,False,2,0.2857142857142857,LÅG,VÄNTA,3.7
CBOE,"Cboe Global Markets, Inc.",Financial Services,Financial Data & Stock Exchanges,United States,USD,26069258233.156006,3.4553499999999993,4.066409499999999,2.2631,2.1250442499999997,5.440162,5.325,5.7675,0.11616000500000001,0.086575,0.007229993000000046,0.028615035000000066,0.09156498500000004,0.0040000000000000036,0.41100000000000003,0.539,-37.8185,-0.31099999999999983,0.59,191218752.0,2136199936.0,1584600064.0,25517658112.0,9305300000.0,,4714200000.0,,,1514100000.0,,1100000000.0,1752600000.0,1.16,0.2383,2.88,1.29,0.72,1780012800.0,0.395,370.403634917837,222.52296429486157,249.10000610351562,326.92856,3.0,14.0,2.87,0.0298,0.0025499999,0.91811997,False,False,,0.457,1223912.0,2026740.0,1.5761551773122917,-31.23,-12.23,0.5,,-0.32749038448618073,0.2947986336757086,21.244716930985476,-0.21002947600579813,-0.08945568225475276,False,0.10799188014344595,,0.895,US,True,True,55.621130320342175,70.944158865427,24.43876101165104,71.69702517841236,55.99464807474615,64.02387041773231,67.13928273561301,55.71142284569138,50.0,65.48757170172084,45.7,55.66660290517108,standard,259,504860946,False,52.2,False,64.13678065054211,64.80400333611342,26.10508757297748,50.0417014178482,50.0417014178482,50.0417014178482,4,NEUTRAL,0,NEDTREND,True,3,0.42857142857142855,LÅG,EJ AKTUELL,5.4
DRS,"Leonardo DRS, Inc.",Industrials,Aerospace & Defense,United States,USD,12292397457.41597,11.871165999999995,12.279672000000001,,0.1053097500000002,3.326765,3.276,9.263500000000002,-0.04365999999999999,0.0005600050000000023,-0.02546750150000001,-0.044464997499999985,-0.205935015,-0.0020000000000000018,0.149,0.24,-65.62899999999999,0.476,1.472,-547231264.0,328000000.0,271000000.0,12104683520.0,4486000000.0,,3648000000.0,,,348000000.0,,278000000.0,366000000.0,0.79,0.3364,0.36,,0.09,1779148800.0,0.121,50.59000015258789,32.30043669244252,46.08000183105469,52.9,,10.0,3.67,0.013099999,0.71453005,0.27792,False,False,,0.795,997837.0,928720.0,1.5049538062790018,7.64,1.53,39.69,,-0.08914801952817342,0.40436199676639073,41.83922455180175,0.0407251113577789,0.12455801698656543,False,0.3801184492408022,,1.0,US,True,True,29.20235994376813,34.1885229858404,65.70048309178743,68.41469631199759,64.89390736742531,77.91986359761296,67.13928273561301,23.647294589178355,50.0,89.38814531548758,79.5,55.576012948101464,standard,261,42795419,False,47.9,False,28.065054211843204,78.39866555462885,43.70308590492077,50.0417014178482,50.0417014178482,50.0417014178482,4,NEUTRAL,0,UPPTREND,False,4,0.5714285714285714,MEDEL,VÄNTA,-2.4
WPM,Wheaton Precious Metals Corp.,Basic Materials,Gold,Canada,USD,55662112020.14202,4.8280815,5.698620250000001,0.43,3.5008200499999997,20.272776,20.425,11.334499999999998,0.09829250250000002,0.09306500000000001,0.5461575514999999,0.5975625525,0.408574955,0.8280000000000001,0.871,1.292,-56.923,2.7024999999999997,4.525,-172166016.0,2164505088.0,7662000.0,56080158720.0,9125781000.0,,2314600000.0,,,1581641000.0,,1471720000.0,1904981000.0,0.61,0.1744,0.78,1.14,0.195,1779840000.0,1.16,165.2509605582595,85.327147336014,122.56999969482422,177.11111,1.3125,9.0,1.69,,0.00113,0.71661,False,False,,0.586,2224345.0,2855940.0,1.5508048925483662,-1.12,1.4,7.43,,-0.2582796536809723,0.4677370662662284,41.83357184769387,-0.06812605907124958,-0.006335598894851802,True,0.474401252409072,,0.927,US,True,True,42.14006370950857,92.91631050314277,41.34697357203751,89.29603836548644,46.29595262629662,50.809889173060526,67.13928273561301,44.28857715430862,50.0,,58.599999999999994,55.54601558331114,commodity,263,350052565,False,38.1,False,28.065054211843204,51.876563803169304,5.5045871559633035,50.0417014178482,50.0417014178482,50.0417014178482,6,NEUTRAL,0,NEDTREND,True,3,0.42857142857142855,LÅG,EJ AKTUELL,1.5
ZURN.SW,Zurich Insurance Group AG,Financial Services,Insurance - Diversified,Switzerland,CHF,86066574621.15533,2.2567400000000006,2.7666959999999996,3.3382,2.06891545,1.1776551,0.893,-0.42600000000000016,0.12602501999999996,0.012225000000000007,-0.11744501399999997,-0.19129996999999996,-0.13747,0.034,0.20500000000000002,0.339,-2.2805000000000035,3.5180000000000002,3.02,761773504.0,36086001664.0,17742999552.0,65288790016.0,407211000000.0,,88670000000.0,,,,,6798000000.0,5903000000.0,5.21,0.72029996,30.0,5.12,30.0,1775779200.0,0.329,579.5999755859375,493.58854967277733,576.2000122070312,596.4301,2.75,12.0,,,0.00184,0.42278,False,False,,0.5,311122.0,307368.0,3.338604691953519,0.49,9.35,4.9,,-0.005866051625466495,0.17105364570295672,73.46156193659856,0.03646674743261458,0.06391573341461121,True,0.8562051092442023,,0.5,Europe,True,True,,39.74023521690985,68.28644501278772,58.66686178270258,90.97853772034598,41.687979539641944,67.13928273561301,62.22444889779559,50.0,,50.0,55.541735742111776,standard,264,219624815,False,56.4,False,65.05421184320267,40.783986655546286,76.814011676397,50.0417014178482,50.0417014178482,50.0417014178482,6,NEUTRAL,0,UPPTREND,False,3,0.42857142857142855,LÅG,VÄNTA,-0.1
VIG.VI,Vienna Insurance Group AG,Financial Services,Insurance - Diversified,Austria,EUR,8396799804.6875,-2.8560815,-2.180632000000001,1.21,-0.31265235000000013,0.60910237,-0.212,-8.169,-0.002595000000000014,0.012345001000000005,-0.14990501099999998,-0.22550996499999998,-0.22270999,0.022000000000000006,0.499,0.632,-28.1595,0.019000000000000017,1.371,159200832.0,13896567808.0,2414864896.0,-2924396032.0,54315636000.0,,14781083000.0,,,,,834866000.0,842256000.0,2.64,0.2399,1.73,4.16,1.73,1779753600.0,0.44,66.97167998508645,40.64051464525512,65.5999984741211,69.375,,4.0,,,0.72470003,0.1091,False,False,,0.5,47714.0,42830.0,1.025247622096012,4.64,8.35,8.69,59.88,-0.020481515638711922,0.29903491023937273,65.94203920131204,0.034608025377502516,0.15723471044715365,True,0.8538781889951321,,0.5,Europe,True,True,,29.637078283879468,72.7369248457261,62.27420859467804,61.5473883677466,83.5464620630861,67.13928273561301,,50.0,,50.0,55.52130732704144,standard,265,3222443,False,67.2,False,74.56213511259384,83.90325271059216,89.74145120934112,50.0417014178482,50.0417014178482,50.0417014178482,6,NEUTRAL,0,UPPTREND,False,4,0.5714285714285714,MEDEL,VÄNTA,7.8
ISS.CO,ISS A/S,Industrials,Specialty Business Services,Denmark,DKK,41250139123.53546,-10.132612000000002,-7.285937499999999,,0.7050122500000005,0.48710662,0.666,-5.254999999999999,0.07928000000000002,-0.0036499980000000015,-0.03476250649999999,-0.05226999949999999,0.48897999999999997,-0.061,-0.07,-0.076,86.19,-0.8100000000000002,0.692,1770407296.0,1864000000.0,15077000192.0,56369291264.0,45601000000.0,,84684000000.0,,,4073000000.0,,2603000000.0,3989000000.0,1.22,0.2013,3.2,3.4,3.2,1776384000.0,0.825,290.6000061035156,168.8542220372811,262.79998779296875,292.16666,1.75,12.0,,,0.0,0.52817,False,False,,0.5,363635.0,287985.0,1.8448475925752152,-3.67,23.4,27.9,,-0.09566420415230181,0.22090812192640633,48.25174675937189,0.043882719412872806,0.17704666602708707,False,0.5806163878557452,,0.5,Nordic,True,True,,56.18773714666044,74.22563228189826,30.024657236102644,42.78179209563647,56.18073316283036,67.13928273561301,82.76553106212425,50.0,,50.0,47.5134788307148,standard,519,11615399,False,66.8,False,87.2393661384487,57.130942452043364,92.49374478732277,50.0417014178482,50.0417014178482,50.0417014178482,3,SVAG,-8,UPPTREND,False,2,0.2857142857142857,LÅG,EJ AKTUELL,-0.2
NEE,"NextEra Energy, Inc.",Utilities,Utilities - Regulated Electric,United States,USD,180926264806.5,-0.07888300000000115,2.7094345000000013,1.912,0.6557876999999996,6.492725,10.537,7.34525,0.005494999999999993,-0.009229999999999999,0.161165,0.07977750250000001,0.16450502500000003,-0.006000000000000005,1.54,1.619,1.3984999999999985,-0.37049999999999994,0.338,-19265231232.0,1998000000.0,104403001344.0,293633982464.0,212721000000.0,,27412000000.0,,,8020000000.0,,6835000000.0,12485000000.0,2.89,0.5895,2.49,2.5,0.623,1780617600.0,0.671,98.03196328840686,65.3088809598395,86.75,98.9,1.95455,20.0,0.01,0.0001,0.00117,0.86987,False,False,,0.612,10583082.0,11089470.0,1.593180547561431,-2.97,-5.44,8.19,,-0.11508453885816494,0.23654275635446037,51.29147057268256,-0.03656926765049562,0.0239151775167199,True,0.6638504163636312,,0.905,US,True,True,26.349265695570246,64.59281267389174,46.71781756180733,77.68566605529294,65.04923402948714,29.838022165387894,67.13928273561301,16.53306613226453,50.0,98.47036328871893,61.199999999999996,47.43731316394812,standard,522,962011522,False,37.1,False,28.065054211843204,29.190992493744787,21.017514595496248,50.0417014178482,50.0417014178482,50.0417014178482,2,SVAG,-8,VARNING,False,4,0.5714285714285714,MEDEL,EJ AKTUELL,0.7
C,Citigroup Inc.,Financial Services,Banks - Diversified,United States,USD,243999835018.29376,-0.11162100000000308,-1.4730645000000013,0.7898,-1.4525407500000003,3.0990403,0.432,,-0.058749995,-0.013264999699999995,-0.046949996999999966,-0.027834964999999934,-0.449505015,0.098,0.42800000000000005,0.423,,,,,1046570008576.0,815575007232.0,34048448512.0,2657202000000.0,,85213000000.0,,,,,14306000000.0,-67632000000.0,1.68,0.2917,2.4,3.42,0.6,1777852800.0,1.115,147.9600067138672,75.79171378332367,143.05999755859375,147.07143,1.59091,21.0,0.06,0.0004,0.00253,0.81607,False,False,,0.166,12312479.0,14216290.0,2.379206279614654,19.25,30.85,29.84,,-0.033117119038452936,0.2828478785950789,79.26332549836366,0.10576937048447044,0.2719947910755207,True,0.8776824768538294,,0.803,US,True,True,,24.460363221094116,84.31372549019608,74.64001133683746,46.03835266185736,26.08695652173913,67.13928273561301,,50.0,97.51434034416826,16.6,47.367576689832624,standard,525,2033782413,False,40.4,False,28.065054211843204,25.521267723102586,46.622185154295245,50.0417014178482,50.0417014178482,50.0417014178482,1,SVAG,-8,UPPTREND,False,3,0.42857142857142855,LÅG,EJ AKTUELL,-4.7
BAC,Bank of America Corporation,Financial Services,Banks - Diversified,United States,USD,398828400000.469,-3.871658000000002,-1.7347115000000013,1.0046,-1.2737528500000002,3.6392772,3.44,,-0.028799994999999995,-0.010084999999999997,0.039049993000000005,-0.00905496499999997,-0.449505015,0.020000000000000004,0.11099999999999999,0.166,,,,,851284983808.0,799901024256.0,376982208512.0,3411738000000.0,,113097000000.0,,,,,30509000000.0,12613000000.0,1.97,0.273,1.12,2.35,0.28,1780617600.0,1.196,57.97999954223633,43.795970282370476,56.20000076293945,63.15909,1.41667,22.0,0.0,0.0,0.073410004,0.70639,False,False,,0.691,36277153.0,37920570.0,1.7783302825091396,11.42,20.17,3.65,,-0.030700220651092125,0.21581146542842658,83.31106122297646,0.06772274373194231,0.08707136771284851,True,0.8190191732783573,,0.919,US,True,True,,36.59386947013272,69.83518044899118,65.23701675309314,55.806593005205,22.335890878090368,67.13928273561301,,50.0,99.0,69.1,47.366264381712476,standard,526,2131136063,False,38.7,False,28.065054211843204,21.851542952460385,39.44954128440367,50.0417014178482,50.0417014178482,50.0417014178482,2,SVAG,-8,UPPTREND,False,3,0.42857142857142855,LÅG,EJ AKTUELL,-1.3
SNOW,Snowflake Inc.,Technology,Software - Application,United States,USD,80511711672.97363,,66.48216125,6.0023,35.403810299999996,15.997327,15.961,-89.7105,-0.6954925000000001,-0.16038999999999998,-0.3457524985,-0.35987999,0.221944945,0.2025,,,93.43450000000001,-0.642,0.941,927641472.0,2954998016.0,2772094976.0,80328810496.0,9132495000.0,,4683946000.0,,,-1435165000.0,,-1331616000.0,1221942000.0,,0.0,,,,,1.355,284.989990234375,118.30000305175781,232.2899932861328,291.70084,1.4902,48.0,2.11,0.0629,0.028670002,0.76019996,False,False,,0.695,8586011.0,6498000.0,0.7059920791088201,37.0,32.43,5.3,,-0.18491876470784763,0.6569135839456384,38.38393382940149,0.2918966437130679,0.12924255446712873,False,0.5225816716695312,,1.0,US,True,True,,17.972358844781475,58.908780903665814,92.0099094001885,16.228574834502854,42.96675191815857,11.884904086738949,61.82364729458918,50.0,34.22562141491396,69.5,47.255755941288704,standard,529,1509420376,False,47.0,False,68.30692243536281,42.035029190992496,7.172643869891576,50.0417014178482,50.0417014178482,50.0417014178482,3,SVAG,-8,UPPTREND,False,1,0.14285714285714285,LÅG,EJ AKTUELL,-0.0
2379.TW,Realtek Semiconductor Corp.,Technology,Semiconductors,Taiwan,TWD,420034797000.0,4.090967000000003,6.070571749999998,0.85,4.9390014,3.3844695,2.971,4.458,0.19184751500000002,0.019409999999999997,-0.016267496499999992,-0.03110500500000002,0.13685502,-0.0925,-0.28400000000000003,-0.091,19.167,-0.5930000000000001,0.913,-4076544.0,64720822272.0,11279789056.0,368773529600.0,129903363000.0,,122706372000.0,,,14389062000.0,,14753249000.0,23015343000.0,3.11,0.90879995,25.5,4.76,25.5,1757462400.0,0.713,819.0,438.0,819.0,600.1333,2.125,15.0,,,0.055710003,0.50262,False,False,,0.5,4565547.0,6076121.0,1.062732279592875,44.44,69.92,53.66,,0.0,0.39592075362177276,75.05241090146751,0.40499553969669955,0.5547222907039544,True,1.2757001270878479,,0.136,Asia,True,True,51.71664223970328,61.95496965897843,95.21170787155442,15.582363223205682,43.62103062738099,21.994884910485936,67.13928273561301,47.49498997995992,50.0,,50.0,47.20762215549311,standard,530,157131138,False,39.2,False,28.065054211843204,21.51793160967473,42.86905754795663,50.0417014178482,50.0417014178482,50.0417014178482,3,SVAG,-8,UPPTREND,False,3,0.42857142857142855,LÅG,EJ AKTUELL,-3.8
ADDT-B.ST,Addtech AB (publ.),Industrials,Industrial Distribution,Sweden,SEK,84584603082.0,14.123021999999999,22.9384395,4.1,7.74197425,3.9121256,4.129,7.997999999999999,0.13254,0.04039000200000001,0.029067491500000008,0.04054999750000001,-0.09334999999999999,-0.041999999999999996,0.066,0.138,28.615999999999993,-0.04500000000000015,0.93,1145157376.0,1490000000.0,7148000256.0,93735174144.0,21310000000.0,,22703000000.0,,,3085000000.0,,2147000000.0,2996000000.0,0.99,0.4025,3.2,0.94,3.2,1756339200.0,1.133,358.3999938964844,283.20001220703125,329.0,371.2857,1.71429,7.0,,,0.02031,0.69969004,False,False,,0.5,401950.0,385038.0,2.55633974420374,0.3,7.1,1.54,,-0.08203123436708504,0.27960523138845245,49.51457173649767,-0.005741910484917123,0.02871008268563946,True,0.5014152515292202,,0.5,Nordic,True,True,58.15328418030089,66.235720335877,55.626598465473144,43.679523358936116,50.401424627140244,42.028985507246375,67.13928273561301,63.326653306613224,50.0,,50.0,55.18860667156169,standard,273,13231297,False,51.8,False,70.14178482068391,41.117597998331945,37.28106755629692,50.0417014178482,50.0417014178482,50.0417014178482,5,NEUTRAL,0,VARNING,False,2,0.2857142857142857,LÅG,VÄNTA,-0.0
JNJ,Johnson & Johnson,Healthcare,Drug Manufacturers - General,United States,USD,549784282537.4414,-0.32241300000000095,2.3953859999999985,2.9684,3.3424674000000003,5.705405,6.047,3.50875,0.13863250250000003,0.023294999999999993,0.098855003,0.083785005,0.23084505500000002,0.016,-0.642,-0.524,8.430250000000004,-0.989,0.689,11699519104.0,22051000320.0,54987001856.0,582720290816.0,199210000000.0,,94193000000.0,,,25596000000.0,,26804000000.0,24530000000.0,2.35,0.6025,5.36,2.77,1.34,1779753600.0,0.256,250.27068397455253,145.4068326188529,228.38999938964844,252.86957,2.0,23.0,3.06,0.0108,0.0005,0.76852,False,False,,0.112,7767832.0,8914630.0,2.3606558192208387,-0.13,-3.32,10.33,,-0.08742807682232934,0.1713754347179598,54.44250485144391,-0.0049581391644690775,0.06904190925894937,True,0.34755706058464847,,0.682,US,True,True,70.35623485777525,78.76690091208835,51.91815856777493,31.439311477196746,67.2999269424049,19.77834612105712,67.13928273561301,72.0440881763527,50.0,93.02103250478011,11.200000000000001,55.1873244487872,standard,274,2036012340,False,48.1,False,76.14678899082568,19.349457881567975,24.43703085904921,50.0417014178482,50.0417014178482,50.0417014178482,4,NEUTRAL,0,VARNING,False,4,0.5714285714285714,MEDEL,VÄNTA,1.7
UDR,"UDR, Inc.",Real Estate,REIT - Residential,United States,USD,12203832372.883747,-5.320846500000004,43.82992425,8.17,1.5573722499999998,7.8772078,10.704,-0.4720000000000013,0.055200004,-0.006512498749999998,0.019832501500000016,-0.16025001,0.21668498499999994,-0.014999999999999993,1.2805,1.474,50.341499999999996,-0.3889999999999998,0.003,195274240.0,2371000.0,5845310976.0,18910052352.0,10605674000.0,,1712317000.0,,,322375000.0,,377704000.0,902887000.0,4.61,1.1701,1.73,3.85,0.435,1784246400.0,0.712,39.968954500488266,32.15207637461423,37.560001373291016,40.54762,2.45455,21.0,3.5,0.0764,0.0044,1.12359,False,False,,0.668,4350654.0,4458660.0,1.2593426002404813,0.43,7.92,8.52,,-0.06027060645701454,0.2006782782347651,54.96987597069349,0.01824608547215667,0.04703576398572662,False,0.31960226520301344,,0.519,US,True,True,,52.32870274041095,63.10031258880364,66.80997390440152,54.517600132707244,78.00511508951406,29.02418682235196,60.62124248496994,50.0,29.254302103250478,66.8,55.18678078251032,standard,275,167467276,False,54.6,False,71.80984153461218,78.48206839032527,15.929941618015011,50.0417014178482,50.0417014178482,50.0417014178482,4,NEUTRAL,0,UPPTREND,False,2,0.2857142857142857,LÅG,VÄNTA,6.8
EOAN.DE,E.ON SE,Utilities,Utilities - Diversified,Germany,EUR,47100729196.13986,-3.5309209999999993,-0.30002199999999934,0.9551,0.7277507000000003,0.611404,1.2,-1.76825,0.06487999499999997,0.016050000000000002,-0.047890007000000005,-0.015097502499999998,-0.09750999999999999,-0.21300000000000002,3.154,3.216,0.9454999999999956,0.15749999999999986,0.896,-3966876480.0,5426999808.0,43249000448.0,92441223168.0,110685000000.0,,78704000000.0,,,6393000000.0,,1734000000.0,7003000000.0,3.13,0.41979998,0.57,4.26,0.57,1776988800.0,0.82,19.790293074469396,14.16573516708632,18.024999618530273,19.79444,2.16667,18.0,,,0.15,0.48172,False,False,,0.5,3871021.0,3547204.0,3.7912094216852648,-2.62,-3.75,20.95,19.24,-0.08919996532120344,0.20999486307245704,50.48544857930135,-0.018129957771537364,0.06667158787821781,True,0.2901204179367592,,0.305,Europe,True,True,,49.19408398372379,57.1239744401949,51.12070711477734,73.25627370513497,53.96419437340153,67.13928273561301,24.448897795591183,50.0,,50.0,55.14606790450612,standard,277,73332202,False,51.2,False,28.065054211843204,54.96246872393661,89.5746455379483,50.0417014178482,50.0417014178482,50.0417014178482,4,NEUTRAL,0,VARNING,False,2,0.2857142857142857,LÅG,VÄNTA,5.0
ANTO.L,Antofagasta plc,Basic Materials,Copper,United Kingdom,GBp,48907993729221.83,18.834144499999994,14.655088250000002,0.92,3.07600385,4.473941,5.264,0.19099999999999895,0.033742502500000014,0.039069999499999994,0.061072508499999976,0.2379525025,0.11958001000000001,0.23,0.0,0.417,-20.674999999999997,1.2874999999999996,2.595,-613675028.0,4909899776.0,7659400192.0,45376512000.0,26418400000.0,,8620300000.0,,,3402600000.0,,1328900000.0,3071600000.0,1.22,0.2982,0.48,3.33,0.355766,1776297600.0,1.41,55365.4048538208,21790.855983392183,49609.6379699707,3767.7961,2.95238,21.0,,,0.65474,0.22462,False,False,,0.5,1471496.0,1273724.0,3.267828220351646,3.1,15.48,30.99,125.15,-0.1039596278406495,0.47604999213428995,45.807854327449185,0.01115489349981802,0.19535158211034354,False,0.2704662825553231,,0.5,UK,True,True,55.56153351479077,75.57819372536454,77.15367559069898,61.44382685617259,39.485116832554375,2.47229326513214,67.13928273561301,37.87575150300601,50.0,,50.0,55.12651076010568,commodity,278,63188986514,False,34.9,False,28.065054211843204,2.543786488740617,33.527939949958295,50.0417014178482,50.0417014178482,50.0417014178482,4,NEUTRAL,0,UPPTREND,False,4,0.5714285714285714,MEDEL,VÄNTA,9.3
HOLN.SW,Holcim AG,Basic Materials,Building Materials,Switzerland,CHF,42546382525.31767,88.5679585,4.472013749999999,0.4471,1.0567644500000002,2.7058244,2.954,3.625,-0.08718250250000001,-0.0013349999999999994,0.7688524944999999,-0.002942497500000002,0.047809999999999964,-0.124,,,6.6910000000000025,-0.38449999999999995,1.037,1293223616.0,5442999808.0,9246999552.0,46449946624.0,33605000000.0,,15724000000.0,,,2230000000.0,,13179000000.0,2788000000.0,2.24,4.4286,1.7,4.01,1.7,1779062400.0,0.733,80.60190446052587,45.549503326416016,76.91999816894531,80.07571,2.19048,21.0,,,0.08778,0.45231,False,False,,0.5,1228424.0,1377861.0,2.9544035689791244,6.63,23.0,6.76,,-0.04568014014338517,0.3150721669921086,52.74261444907884,0.057286212247666946,0.09265718801491962,True,0.7092572479433336,,0.5,Europe,True,True,75.29439475966859,54.31455267730282,70.61665245808469,21.62645423617514,54.57823034538266,55.49872122762148,29.02418682235196,79.25851703406813,50.0,,50.0,55.10543739426078,standard,279,131429897,False,59.4,False,81.31776480400333,56.46371976647207,53.628023352793996,50.0417014178482,50.0417014178482,50.0417014178482,4,NEUTRAL,0,UPPTREND,False,2,0.2857142857142857,LÅG,VÄNTA,-1.2
2382.TW,Quanta Computer Inc.,Technology,Computer Hardware,Taiwan,TWD,1449298918400.0,-5.181654999999999,-3.187327250000002,1.02,2.5836426999999995,0.5922181,0.688,-1.1760000000000002,0.24406749500000008,-0.005819999999999999,-0.1003374965,-0.12158500400000001,-0.297214997,0.5335000000000001,-0.133,0.087,218.433,-0.5690000000000001,0.669,-107422685184.0,268589678592.0,492037177344.0,1684712062976.0,1343111743000.0,,2123689447000.0,,,87396109000.0,,74987700000.0,-10364961000.0,3.46,0.6875,13.0,4.94,13.0,1751241600.0,0.677,438.0,252.5,376.0,390.6842,1.72222,19.0,,,0.31611001,0.28314,False,False,,0.5,32794789.0,37975358.0,0.40808448194057595,29.66,28.33,26.39,,-0.14155251141552516,0.363561546295622,61.49068322981366,0.11055320908527033,0.26956257491600955,False,0.6026216072085127,,0.949,Asia,True,True,,35.71802690427858,70.61665245808469,64.81137246206788,31.563316556744503,15.856777493606138,67.13928273561301,17.234468937875754,50.0,,50.0,47.0954992243104,standard,536,450859954,False,45.4,False,28.065054211843204,15.512927439532945,90.32527105921602,50.0417014178482,50.0417014178482,50.0417014178482,1,SVAG,-8,UPPTREND,False,3,0.42857142857142855,LÅG,EJ AKTUELL,1.6
EQIX,"Equinix, Inc.",Real Estate,REIT - Specialty,United States,USD,107716411644.35547,44.8694565,33.574347249999995,3.5822,5.29165115,11.307623,13.642,11.794,0.03229,0.006297501250000004,-0.1087074885,-0.13636001,0.06655498499999996,0.064,-0.035500000000000004,0.21,70.93450000000001,0.5660000000000001,0.554,1913268864.0,1362000000.0,23335999488.0,129957994496.0,40141000000.0,,9217000000.0,,,1966000000.0,,1350000000.0,3911000000.0,1.8,1.3299,19.7,1.86,5.16,1779235200.0,0.97,1123.1251053977066,694.7195871278673,1092.18994140625,1197.1072,1.58065,28.0,3.35,0.0226,0.0027200002,1.00123,False,False,,0.467,545687.0,590470.0,1.3595435649729875,4.69,12.6,45.56,,-0.027543827346377614,0.26410336190576916,56.993884116378545,0.019910293326784956,0.23233401651285313,True,0.8430308778437884,,0.523,US,True,True,57.31941494930158,42.67113477777399,81.5004262574595,55.36421227453907,53.76555258797214,37.510656436487636,29.02418682235196,66.53306613226452,50.0,75.52581261950286,46.7,55.09454699436619,standard,280,644905395,False,48.1,False,73.81150959132611,36.69724770642202,10.67556296914095,50.0417014178482,50.0417014178482,50.0417014178482,4,NEUTRAL,0,UPPTREND,False,1,0.14285714285714285,LÅG,VÄNTA,1.5
COST,Costco Wholesale Corporation,Consumer Defensive,Discount Stores,United States,USD,421947913479.3596,23.067633499999996,26.17578625,4.6438,21.86423,1.437216,1.485,19.063750000000002,0.10835750250000001,0.021010004999999995,-0.059494997,-0.08907999700000001,-0.320745005,0.18,0.385,0.456,-38.62125,-0.0040000000000000036,0.564,6142518912.0,11125999616.0,10227999744.0,435845693440.0,77099000000.0,,275235000000.0,,,10383000000.0,,8099000000.0,13335000000.0,0.6,0.2701,5.88,0.59,1.47,1777593600.0,0.868,1096.5,841.6871429370814,951.4500122070312,1082.9393,1.97297,33.0,3.46,0.0178,0.00161,0.73799,False,False,,0.489,2050075.0,2162100.0,1.4870539811441443,-13.06,-2.25,10.9,,-0.1322845305909428,0.18991276439855811,47.97841343839469,-0.049140139568918495,-0.004636555943794862,False,0.2184020072446345,,0.851,US,True,True,53.75007477641851,42.04124699366544,48.6643932935493,78.52654498007698,63.21792012878228,21.909633418584825,67.13928273561301,65.83166332665331,50.0,82.88718929254301,48.9,55.09026272958763,standard,281,2057130071,False,54.2,False,70.97581317764804,21.434528773978315,71.39282735613011,50.0417014178482,50.0417014178482,50.0417014178482,5,NEUTRAL,0,NEDTREND,True,3,0.42857142857142855,LÅG,EJ AKTUELL,4.6
NNN,"NNN REIT, Inc.",Real Estate,REIT - Retail,United States,USD,8561167965.0,-8.920648500000004,-1.8047727500000006,4.79,-0.29414114999999996,9.148668,14.331,-2.697000000000001,0.020199999999999996,0.010307501250000004,0.1558624815,0.22571998999999998,0.5100949850000001,-0.015999999999999993,-0.2625,-0.026,18.413499999999996,-0.45499999999999985,0.109,-2205263232.0,4570000.0,4854123008.0,13410720768.0,9379355000.0,,926213000.0,,,569868000.0,,389777000.0,667131000.0,5.33,1.161,2.4,5.19,0.6,1777507200.0,0.793,46.900001525878906,37.813283839333785,45.0,46.23333,,15.0,3.91,0.055,0.00863,0.97692,False,False,,0.247,1799927.0,2025660.0,1.2723561895751727,0.36,3.16,15.56,,-0.04051175829558351,0.16775870788571162,53.26233212898468,0.01373466582032501,0.07609050454532529,False,0.4771266516500602,,0.49,US,True,True,,79.54097972171861,65.26001705029837,28.312610636929378,60.155356059425806,83.29070758738278,29.02418682235196,7.414829659318638,50.0,40.43977055449331,24.7,47.08380628909135,standard,537,91154700,False,44.1,False,28.065054211843204,83.65304420350293,13.59466221851543,50.0417014178482,50.0417014178482,50.0417014178482,2,SVAG,-8,UPPTREND,False,3,0.42857142857142855,LÅG,EJ AKTUELL,-3.2
GFNORTEO.MX,"Grupo Financiero Banorte, S.A.B. de C.V.",Financial Services,Banks - Regional,Mexico,MXN,525742616673.41235,1.115511999999999,2.171163,0.52,1.3455091499999998,3.7239485,8.139,,0.08970002500000002,-0.006255001999999996,0.20757501000000006,0.24565002999999996,-0.29882,-0.019999999999999997,-0.133,0.011,,,,,110442274816.0,670458249216.0,1148401876992.0,2598663000000.0,,247467000000.0,,,,,58788000000.0,81433000000.0,9.2,0.7853,17.44,6.84,10.448829,1779926400.0,0.157,199.02599965925697,141.4788096484392,189.47999572753906,220.86667,1.9375,15.0,,,0.0,0.43885,False,False,,0.5,6309596.0,6389295.0,1.1566545083905362,7.02,4.11,14.8,,-0.0479636024844049,0.2650620293540886,64.12259902214026,0.036898787760824225,0.09536669366972172,True,0.7882962760474013,,0.476,LatAm,True,True,,62.67334985383646,64.74850809889173,31.284716443556476,81.37832161446443,20.11935208866155,67.13928273561301,,50.0,,50.0,47.03341743747786,standard,540,62953467,False,38.3,False,28.065054211843204,19.683069224353627,38.53211009174312,50.0417014178482,50.0417014178482,50.0417014178482,0,SVAG,-8,UPPTREND,False,4,0.5714285714285714,MEDEL,EJ AKTUELL,-3.2
105560.KS,KB Financial Group Inc.,Financial Services,Banks - Regional,South Korea,KRW,56147068292200.0,,-0.916264,0.74,,3.4073496,5.494,,-0.012880000000000003,0.007565000400000001,0.09154499500000002,0.22663003000000004,-0.357915,0.091,0.035,0.115,,,,,139533874102272.0,172020872511488.0,90536073494528.0,797923033000000.0,,21231552000000.0,,,,,5833162000000.0,4226378000000.0,2.9,0.273,4598.0,4.78,1143.0,1778112000.0,0.683,182700.0,102004.5177044283,158300.0,195750.0,1.4,20.0,,,0.026719999,0.62965,False,False,,0.5,1316088.0,1580238.0,1.3815041427358281,3.6,3.07,29.31,,-0.13355227148330595,0.40418903429760816,54.7008547008547,0.006487868965992849,0.17012247893694932,True,0.4897472964997071,,0.987,Asia,True,True,,56.00683586986196,60.0738846263143,68.07300201273684,44.888868596475206,2.0460358056265986,67.13928273561301,,50.0,,50.0,47.02621888534189,standard,541,182610723,False,36.3,False,28.065054211843204,2.543786488740617,42.28523769808174,50.0417014178482,50.0417014178482,50.0417014178482,3,SVAG,-8,UPPTREND,False,3,0.42857142857142855,LÅG,EJ AKTUELL,-3.3
AVB,"AvalonBay Communities, Inc.",Real Estate,REIT - Residential,United States,USD,25156756314.182068,-8.899128500000002,13.155867249999996,7.17,-0.09821955000000004,8.221001,11.195,0.0,0.02889,-0.002192498749999997,0.11469250150000002,-0.08659001,0.177764985,-0.031999999999999994,0.1675,0.377,-10.7195,-0.23699999999999988,0.052,580179328.0,124626000.0,9524757504.0,34257430528.0,22192137000.0,,3040725000.0,,,919756000.0,,1051301000.0,1671105000.0,4.02,0.8711,7.12,3.37,1.78,1782777600.0,0.789,201.98144266094607,158.5833455562401,177.32000732421875,196.77779,2.5,18.0,3.14,0.035,0.00404,0.96744,False,False,,0.387,1084811.0,1317340.0,2.163098550524678,-4.21,8.51,2.3,,-0.1220975304059243,0.2044091453713817,39.95356791578425,-0.022420554330200404,-0.003380161186919972,False,-0.13455102176924266,,0.063,US,True,True,,57.92967903485587,53.11167945439045,44.71485590647771,58.84467504913534,64.70588235294117,67.13928273561301,69.2384769539078,50.0,57.07456978967495,38.7,55.00938848754529,standard,284,233590738,False,53.9,False,76.98081734778982,65.47122602168474,15.17931609674729,50.0417014178482,50.0417014178482,50.0417014178482,4,NEUTRAL,0,NEDTREND,True,1,0.14285714285714285,LÅG,EJ AKTUELL,3.5
086790.KS,Hana Financial Group Inc.,Financial Services,Banks - Regional,South Korea,KRW,33132240498500.0,,-2.2531392000000006,4.79,,2.3593678,0.106,,-0.021820000000000006,0.006205000000000002,0.01662499500000003,0.26448003,-0.357915,0.196,-0.019000000000000003,0.073,,,,,196834089762816.0,161647435972608.0,1481673670656.0,674590676000000.0,,14390802000000.0,,,,,4002882000000.0,-1962471000000.0,3.47,0.2851,4580.0,6.32,1145.0,1778198400.0,0.73,136000.0,75027.34771084816,123500.0,150285.72,1.38095,21.0,,,0.01534,0.60043997,False,False,,0.5,901253.0,980870.0,1.0868541950705775,7.11,8.83,37.53,,-0.09191176470588236,0.3978923377592626,57.16723549488054,0.02174853548751776,0.21162255171732558,True,0.6466799674983806,,0.71,Asia,True,True,,51.26395636486436,70.50298380221653,60.04014100582155,44.1530453839832,3.239556692242114,67.13928273561301,,50.0,,50.0,47.00271611301509,standard,543,88430335,False,38.4,False,28.065054211843204,2.543786488740617,56.7139282735613,50.0417014178482,50.0417014178482,50.0417014178482,2,SVAG,-8,UPPTREND,False,3,0.42857142857142855,LÅG,EJ AKTUELL,-0.5
LMAT,"LeMaitre Vascular, Inc.",Healthcare,Medical Instruments & Supplies,United States,USD,2146826859.3150787,7.753369999999997,13.294764,2.6097,1.8513266999999995,8.376816,7.635,11.377749999999999,0.0399525025,0.011025000000000004,0.124005013,0.076795005,0.26383498499999997,0.028999999999999998,0.304,0.424,-12.618750000000002,12.305000000000001,12.077,-758589380.0,367232992.0,189815008.0,1956612480.0,615690000.0,,249602000.0,,,67912000.0,,57734000.0,81251000.0,1.07,0.3125,1.0,0.88,0.25,1779321600.0,0.52,117.71913682542741,78.28996888314299,93.94999694824219,118.75,,8.0,3.87,0.0654,0.06511,1.0038301,False,False,,0.1,261022.0,337940.0,2.258466523351092,-7.05,-13.59,13.18,,-0.2019139837258055,0.3687478066093882,47.99540488447322,-0.08700088444306953,0.00046367565715876857,True,0.47740807759957804,,0.981,US,True,True,11.81856249813059,73.8574501334929,37.42540494458653,75.02251587370885,69.26613618005746,93.94714407502131,67.13928273561301,1.0521042084168337,50.0,33.365200764818354,10.0,54.9854671293408,standard,285,31749462,False,45.9,False,28.065054211843204,94.07839866555463,14.929107589658047,50.0417014178482,50.0417014178482,50.0417014178482,5,NEUTRAL,0,VARNING,False,4,0.5714285714285714,MEDEL,EJ AKTUELL,0.8
FIVE,"Five Below, Inc.",Consumer Cyclical,Specialty Retail,United States,USD,10730615680.061584,-3.2398419999999994,3.424668500000001,0.9842,1.2184298,2.1126497,2.287,-0.5622500000000006,0.06507001000000001,0.008899999999999998,0.004314992499999996,0.016860005000000025,-0.08145501500000002,0.252,1.845,1.991,7.099000000000004,0.7499999999999999,1.133,-384546368.0,1113261952.0,1998708992.0,11616062464.0,4937019000.0,,4764147000.0,,,457399000.0,,358641000.0,586428000.0,,0.0,,,,,0.969,251.6300048828125,121.11000061035156,194.05999755859375,260.68182,1.8,22.0,2.52,0.0452,0.01675,1.0513201,False,False,,0.676,1266333.0,1461360.0,0.6408806178921121,-9.48,-17.48,9.78,,-0.22878832494968115,0.3910702273257107,28.81678948440235,-0.10931316527499235,0.015081583650587982,False,0.301663094780793,,0.833,US,True,True,,55.99412759103897,32.66552998010799,86.43705618145455,57.76037991667464,80.05115089514067,11.884904086738949,27.955911823647295,50.0,47.22753346080306,67.60000000000001,46.91065742121047,standard,546,283591518,False,50.7,False,28.065054211843204,80.4837364470392,60.550458715596335,50.0417014178482,50.0417014178482,50.0417014178482,3,SVAG,-8,VARNING,False,1,0.14285714285714285,LÅG,EJ AKTUELL,-2.2
EXR,Extra Space Storage Inc.,Real Estate,REIT - Industrial,United States,USD,30702552215.710327,1.7865614999999995,7.084980249999998,6.2748,0.06020784999999984,9.220686,13.047,1.3069999999999986,0.0,0.005097501250000004,0.0134325015,0.06002998999999998,0.298804985,-0.018999999999999996,-0.3415,-0.11,6.065499999999997,0.07700000000000007,0.1,529138944.0,141698000.0,13941396480.0,45382270976.0,29264046000.0,,3377542000.0,,,1489001000.0,,973999000.0,1850193000.0,4.46,1.4562,6.48,3.65,1.62,1781481600.0,1.206,151.76140020451106,121.45179784954341,145.3300018310547,155.7,2.28571,20.0,4.71,0.032899998,0.009430001,1.02104,False,False,,0.446,1173456.0,1414440.0,2.1562091611387735,4.7,8.03,13.71,,-0.04237835421121272,0.2497308721272443,55.765577877932444,0.024831939603349173,0.06176601482615385,False,0.6060432956621965,,0.454,US,True,True,69.17727245535848,64.00360122726337,67.91702188121626,24.398825534656517,59.91004194545427,60.86956521739131,29.02418682235196,62.124248496993985,50.0,60.61185468451242,44.6,46.87739388541765,standard,547,205560568,False,52.1,False,73.31109257714762,61.71809841534612,13.511259382819016,50.0417014178482,50.0417014178482,50.0417014178482,3,SVAG,-8,UPPTREND,False,3,0.42857142857142855,LÅG,EJ AKTUELL,0.2
NESN.SW,Nestlé S.A.,Consumer Defensive,Packaged Foods,Switzerland,CHF,202639488460.083,2.3379305000000024,3.1379777499999992,2.177,3.7101025000000005,2.2544303,2.854,4.91025,0.09123249750000001,0.014020000000000001,0.050949996000000004,0.051395004999999994,0.08263999999999999,-0.057,-0.31,-0.243,82.33275,-0.17000000000000015,0.447,5677398464.0,6230000128.0,57851998208.0,256567656448.0,127151000000.0,,89885000000.0,,,13981000000.0,,9033000000.0,15904000000.0,3.9,0.8689,3.1,3.08,3.1,1776643200.0,0.497,81.72304028065018,67.15778239946611,78.77999877929688,87.87273,2.18182,22.0,,,0.00018999999,0.4732,False,False,,0.5,3603487.0,4144064.0,2.881565957926769,0.18,1.43,5.38,,-0.03601238391580175,0.2090631893105341,55.99470063940122,0.00972462652668682,0.046095223240150585,True,0.5177389920005077,,0.5,Europe,True,True,69.33744354380401,69.22530221389155,59.19295254333618,22.320256077957943,58.39721799951876,28.388746803069054,67.13928273561301,73.54709418837675,50.0,,50.0,54.841585384573854,standard,289,404847925,False,55.4,False,79.64970809007507,27.773144286905755,58.465387823185985,50.0417014178482,50.0417014178482,50.0417014178482,4,NEUTRAL,0,UPPTREND,False,3,0.42857142857142855,LÅG,EJ AKTUELL,0.7
WEC,"WEC Energy Group, Inc.",Utilities,Utilities - Regulated Electric,United States,USD,36536648704.83847,0.3823079999999983,1.6696564999999994,2.4877,0.061486699999999894,3.622942,5.875,1.6732500000000012,0.019035000000000003,-0.002910000999999999,0.029865009999999997,0.06755748250000002,-0.031865015,0.010999999999999996,0.019000000000000003,0.111,-2.103500000000011,-0.23349999999999993,0.447,-2878868736.0,45600000.0,22317799424.0,59247149056.0,51518300000.0,,9800100000.0,,,2374900000.0,,1558700000.0,3379400000.0,3.4,0.7275,3.81,3.26,0.953,1778716800.0,0.47,118.6039797138007,99.15288074876754,112.16999816894531,124.19444,2.35,18.0,7.46,0.0552,0.00154,0.87306,False,False,,0.859,2016795.0,2411980.0,1.8257843526399906,0.61,-2.17,9.19,,-0.05424760248670413,0.15302787245984248,53.36132914464706,-0.007467018092393252,0.01577852829706572,True,0.4813031914494584,,0.611,US,True,True,40.39425866658691,57.01703501016959,56.13810741687979,51.65122158490799,69.68420483376947,58.567774936061376,67.13928273561301,22.44488977955912,50.0,39.866156787762904,95.9,46.785906847039655,standard,549,270551792,False,44.4,False,28.065054211843204,59.466221851542954,39.86655546288574,50.0417014178482,50.0417014178482,50.0417014178482,2,SVAG,-8,VARNING,False,2,0.2857142857142857,LÅG,EJ AKTUELL,-0.1
028260.KS,Samsung C&T Corporation,Industrials,Engineering & Construction,South Korea,KRW,79705366061500.0,,11.740266500000002,,,1.9393345,2.067,2.476000000000001,-0.055010005,-0.010939998999999999,-0.0662224995,-0.0786700025,-0.16973498999999997,0.013999999999999999,0.07099999999999998,0.152,-24.7795,0.07699999999999974,0.984,938984409088.0,6695283064832.0,4864112328704.0,85722732167168.0,86532745699420.0,,40742240967140.0,,,3307955495650.0,,2439114193250.0,3023741373860.0,0.56,0.17959999,2800.0,2.14,2800.0,1766966400.0,1.19,565000.0,153491.93623231133,491500.0,485555.56,1.44444,18.0,,,0.48722,0.29416,False,False,,0.5,593479.0,591292.0,2.1117518440333236,29.17,64.38,100.93,,-0.13008849557522129,0.6321160745421671,57.804232804232804,0.2764244533319482,0.7610545252273266,True,0.7643254251241041,,0.838,Asia,True,True,65.60793228247539,25.80611695486213,81.67092924126173,60.59883466825936,29.609691479192367,1.278772378516624,67.13928273561301,61.42284569138277,50.0,,50.0,54.76962023056188,standard,291,212152613,False,49.6,False,68.47372810675563,2.543786488740617,63.719766472060044,50.0417014178482,50.0417014178482,50.0417014178482,5,NEUTRAL,0,UPPTREND,False,4,0.5714285714285714,MEDEL,EJ AKTUELL,0.9
CCH.L,Coca-Cola HBC AG,Consumer Defensive,Beverages - Non-Alcoholic,Switzerland,GBp,20992764516012.168,1.9692264999999978,5.33569625,1.852,2.3043460000000007,1.4265138,1.546,2.2472499999999993,0.07602750250000001,0.011104999499999987,0.007699999999999992,-0.050470000000000015,-0.011629990000000034,0.03799999999999999,0.0,0.07,-16.35125,0.33099999999999974,0.926,0.0,2671500032.0,3912999936.0,17936271360.0,11599300000.0,,11604500000.0,,,1342500000.0,,940400000.0,1513500000.0,2.27,0.3977,1.04,2.64,1.2,1778716800.0,0.548,59785.420907541804,41210.01673733124,57598.92015838623,4659.937,,15.0,,,0.46432,0.28435,False,False,,0.5,634781.0,420112.0,2.666826252541322,7.9,4.26,24.18,14.51,-0.036572473957103946,0.2311280781973847,84.71667868062626,0.06182610306142311,0.15146804135718384,True,0.766153599176322,,0.5,UK,True,True,56.57258546944635,54.59272910286419,66.57779785228811,47.39107782014352,71.61966768851086,4.518329070758739,67.13928273561301,47.795591182364724,50.0,,50.0,46.73046485708599,standard,552,24197997546,False,40.7,False,28.065054211843204,2.543786488740617,71.55963302752293,50.0417014178482,50.0417014178482,50.0417014178482,3,SVAG,-8,UPPTREND,False,3,0.42857142857142855,LÅG,EJ AKTUELL,-2.9
WPM.TO,Wheaton Precious Metals Corp.,Basic Materials,Gold,Canada,CAD,74812569656.44362,4.579492500000001,5.005421250000001,0.43,4.0144141,27.247591,28.94,22.135499999999997,0.11346749750000001,0.095515,0.5674325484999999,0.5967675474999999,0.47013997,0.8280000000000001,0.871,1.292,-39.588499999999996,2.7184999999999997,4.525,-129059776.0,2164505088.0,7662000.0,79458516992.0,9125781000.0,,2314600000.0,,,1581641000.0,,1471720000.0,1904981000.0,0.61,0.1744,1.09,1.12,0.269,1779840000.0,1.16,225.98550369159796,116.37964852248759,164.74000549316406,266.0471,1.3125,7.0,3.95,,0.00113,0.71661,False,False,,0.5,813452.0,1067970.0,2.573950614870281,-5.95,5.2,4.26,,-0.2710151633532013,0.4601082105403425,42.1838801008112,-0.08899455008278989,-0.03381203311166059,True,0.33276470137205744,,0.927,Canada,True,True,38.85412616277331,93.99185109118501,41.48905939187269,89.29603836548644,46.83697682511093,44.75703324808184,67.13928273561301,45.59118236472946,50.0,,50.0,54.70385584624282,commodity,295,124319801,False,36.5,False,28.065054211843204,43.78648874061718,2.543786488740617,50.0417014178482,50.0417014178482,50.0417014178482,6,NEUTRAL,0,NEDTREND,True,3,0.42857142857142855,LÅG,EJ AKTUELL,0.7
PLTR,Palantir Technologies Inc.,Technology,Software - Infrastructure,United States,USD,294976287081.80145,110.821743,41.69191425,1.8423,30.339194300000003,58.95337,59.671,136.04449999999997,0.1790675,0.08343,0.3288375015,0.32369997,0.391234955,0.7144999999999999,3.058,3.067,-47.000499999999995,5.212,6.82,941140864.0,8026413056.0,211976992.0,311734009856.0,8900392000.0,,4475446000.0,,,1414015000.0,,1625033000.0,2134473000.0,,0.0,,,,,1.515,207.52000427246094,122.68000030517578,128.47000122070312,182.75407,1.9375,27.0,1.58,0.0323,0.03499,0.62395,False,False,,0.645,44418417.0,35727440.0,1.3799081208308575,-5.02,-17.48,-31.57,,-0.3809271464160633,0.5116286983045853,23.69260650976763,-0.0719758562781384,-0.19661058601678283,False,0.2383299094460339,,1.0,US,True,True,36.58275506236353,93.31517893524293,9.87496447854504,95.47761142209187,42.573779317670464,24.296675191815854,11.884904086738949,50.901803607214426,50.0,60.80305927342257,64.5,62.614772867721086,standard,98,4589904260,False,41.7,False,60.80066722268557,23.769808173477898,2.543786488740617,50.0417014178482,50.0417014178482,50.0417014178482,9,STARK,8,NEDTREND,True,2,0.2857142857142857,LÅG,EJ AKTUELL,10.4
1398.HK,Industrial and Commercial Bank of China Limited,Financial Services,Banks - Diversified,China,HKD,594539196890.1749,-3.5011139999999994,-3.8250077000000005,1.0729,-0.48804765000000006,3.6255164,5.662,,-0.023900000000000005,0.006965000500000002,0.277174995,0.27605003000000006,-0.357915,-0.026999999999999996,-0.09000000000000001,0.033,,,,,4014556053504.0,5242882097152.0,3813003755520.0,53477773000000.0,,833496000000.0,,,,,368562000000.0,1890530000000.0,5.11,0.3034,0.35,7.51,0.19441,1777852800.0,0.14,7.289999961853027,5.273010173300673,6.849999904632568,8.312087,1.5,16.0,,,0.0,0.49206,False,False,,0.5,208396265.0,212022710.0,1.6779742456664626,-1.15,8.72,15.11,,-0.06035666111425009,0.19251314259683633,58.67768041375244,-0.006697363557626068,0.10467396950164098,True,0.4727907961124652,,0.15,Asia,True,True,,58.756312990275035,66.86558681443591,28.83020645332772,93.84969409186375,19.352088661551576,67.13928273561301,,50.0,,50.0,46.583601890108966,standard,559,185325068,False,38.3,False,28.065054211843204,18.932443703085905,39.783152627189324,50.0417014178482,50.0417014178482,50.0417014178482,1,SVAG,-8,VARNING,False,3,0.42857142857142855,LÅG,EJ AKTUELL,-4.8
TRP.TO,TC Energy Corporation,Energy,Oil & Gas Midstream,Canada,CAD,100353406999.21216,8.766721999999998,13.475395,4.3939,2.1237899999999996,6.484035,10.89,8.99675,0.013615000000000009,-0.012642498249999998,0.132535,0.29784249749999997,0.30385999999999996,0.0175,-0.37000000000000005,-0.079,126.19749999999999,-0.5199999999999999,0.401,-501500016.0,1532999936.0,61869998080.0,168550006784.0,118751000000.0,,15239000000.0,,,6762000000.0,,3519000000.0,7346000000.0,3.64,1.0111,3.51,5.82,0.878,1782777600.0,0.977,98.62000274658203,61.14874243923593,96.33000183105469,93.6087,2.29167,23.0,4.34,,0.00048000002,0.76088,False,False,,0.5,5567109.0,3504010.0,1.2670241761816183,-0.97,11.97,32.14,,-0.02322045073768475,0.16780063398867934,77.62397757821884,0.055324295245672506,0.19725368843388114,False,0.6615621397846072,,0.709,Canada,True,True,43.94527861693536,70.26710321219538,79.7669792554703,39.24189994773353,43.47635906292864,39.045183290707584,29.02418682235196,44.388777555110224,50.0,,50.0,46.558719460490124,standard,560,238511367,False,38.4,False,28.065054211843204,38.19849874895746,21.184320266889074,50.0417014178482,50.0417014178482,50.0417014178482,3,SVAG,-8,UPPTREND,False,2,0.2857142857142857,LÅG,EJ AKTUELL,-1.6
SIE.DE,Siemens Aktiengesellschaft,Industrials,Specialty Industrial Machinery,Germany,EUR,209373053967.0,2.0280809999999967,3.9802915,5.3502,0.18726795000000007,2.6270473,3.33,7.516,-0.017264995000000005,-0.004969997999999996,0.03297749149999999,0.020119997500000007,0.012830029999999992,-0.061,-0.157,-0.1,7.149000000000008,0.1279999999999999,0.743,-873351456.0,8664000512.0,54160998400.0,265409806336.0,166202000000.0,,78914000000.0,,,9092000000.0,,9620000000.0,13257000000.0,1.95,0.5533,5.35,2.72,5.35,1770940800.0,1.29,280.20001220703125,198.0,274.5,286.1674,1.875,23.0,,,0.06142,0.45238,False,False,,0.5,1210943.0,1073342.0,2.208659569917058,3.96,30.53,17.22,33.94,-0.020342655098885887,0.3262110132312964,51.965999344893895,0.05535927146764741,0.14635924558843727,False,0.6709446135416763,,0.782,Europe,True,True,45.30202195435647,51.841582258906286,79.3780356179169,35.617602425895676,52.41110158954214,27.877237851662407,67.13928273561301,44.08817635270541,50.0,,50.0,46.54522045217802,standard,561,337919899,False,41.8,False,28.065054211843204,27.27272727272727,54.37864887406172,50.0417014178482,50.0417014178482,50.0417014178482,3,SVAG,-8,UPPTREND,False,2,0.2857142857142857,LÅG,EJ AKTUELL,1.9
GS,"The Goldman Sachs Group, Inc.",Financial Services,Capital Markets,United States,USD,323493354857.3511,2.211426999999997,3.853671500000001,1.6939,0.35058054999999977,5.2572336,0.756,,0.010240004999999996,-0.009914999999999993,0.04311999300000002,0.01738501500000006,0.373205025,0.08399999999999999,0.10899999999999999,0.188,611.2885,-0.19599999999999984,1.349,,1142199943168.0,839667023872.0,46524866560.0,1809320000000.0,,58283000000.0,,,,,17176000000.0,-45154000000.0,1.65,0.2831,18.0,2.2,4.5,1780272000.0,1.291,1125.0,617.5778347171216,1096.56005859375,951.3,2.6,20.0,3.84,0.026199998,0.00524,0.74637,False,False,,0.372,2119162.0,2590280.0,1.8383402964340072,18.59,36.06,25.94,,-0.025279947916666656,0.2850659196941984,61.68514701464762,0.12943196783367816,0.261574526842431,True,0.8656625498357897,,1.0,US,True,True,,61.01346230044241,85.08098891730604,73.07192009894138,30.53582405604749,24.04092071611253,67.13928273561301,,50.0,69.59847036328873,37.2,46.5006736965687,holding,564,2840397589,False,37.2,False,28.065054211843204,23.519599666388658,27.4395329441201,50.0417014178482,50.0417014178482,50.0417014178482,2,SVAG,-8,UPPTREND,False,4,0.5714285714285714,MEDEL,EJ AKTUELL,-2.4
GIVN.SW,Givaudan SA,Basic Materials,Specialty Chemicals,Switzerland,CHF,30013348644.0,6.850288500000001,11.04525975,4.6814,4.90509995,4.0167756,4.431,9.215,0.1261274975,0.03833500000000001,0.0740424845,0.044777487500000004,0.059599999999999986,-0.106,-0.46399999999999997,-0.046,45.876000000000005,0.02749999999999997,1.097,569773504.0,742000000.0,4416000000.0,33109221376.0,11864000000.0,,7472000000.0,,,1375000000.0,,1071000000.0,1512000000.0,2.26,0.6063,72.0,1.93,72.0,1774224000.0,0.661,3984.9029699843168,2566.0,3252.0,3457.9263,2.05263,19.0,,,0.17141001,0.37477002,False,False,,0.5,23707.0,25078.0,2.3013319678401887,16.52,19.05,1.15,,-0.18391990357225718,0.23279563729213631,86.61844484629295,0.12654588284199964,0.06877961800787968,True,0.8716349067216843,,0.5,Europe,True,True,61.45271887057697,73.32849871066301,52.79909065075305,21.336755350379004,60.15992674824027,61.46632566069906,67.13928273561301,69.63927855711422,50.0,,50.0,54.415986165539906,standard,301,101133009,False,56.0,False,74.64553794829024,62.30191826522101,36.53044203502919,50.0417014178482,50.0417014178482,50.0417014178482,5,NEUTRAL,0,UPPTREND,False,4,0.5714285714285714,MEDEL,EJ AKTUELL,-3.8
HINDUNILVR.NS,Hindustan Unilever Limited,Consumer Defensive,Household & Personal Products,India,INR,5156413213037.472,20.758486499999997,21.542877250000004,3.69,5.8576107,7.998408,7.917,19.636250000000004,0.00855250250000001,0.030989999999999986,0.13371500999999997,0.07388499499999998,0.10199001000000002,0.007999999999999993,0.144,0.214,-52.079750000000004,0.08999999999999986,0.7,53685742080.0,69930000384.0,14780000256.0,5103953117184.0,797520000000.0,,637630000000.0,,,137210000000.0,,150400000000.0,109990000000.0,2.0,0.9503,44.0,1.58,22.0,1782086400.0,0.361,2728.5509248247226,2022.5,2194.60009765625,2557.7297,2.02632,37.0,,,0.62274,0.20854001,False,False,,0.5,2163674.0,1464035.0,0.6681098457534554,0.72,2.78,-3.79,,-0.19569025533315731,0.2062222987145281,68.45104636071,-0.010748029419576755,-0.06252846987148752,True,0.7101386578255449,,0.584,India,True,True,50.033350282654865,71.240165095309,39.92611537368571,57.13896798249589,75.25151864992593,9.377664109121909,67.13928273561301,60.92184368737475,50.0,,50.0,54.40559099245092,standard,303,34068196,False,43.0,False,66.97247706422019,9.174311926605505,15.59633027522936,50.0417014178482,50.0417014178482,50.0417014178482,6,NEUTRAL,0,NEDTREND,True,3,0.42857142857142855,LÅG,EJ AKTUELL,-4.8
ORCL,Oracle Corporation,Technology,Software - Infrastructure,United States,USD,530026498030.60913,-1.8616209999999995,-3.174307750000003,1.0415,9.6909923,7.8689156,9.72,2.2155000000000005,0.3869575,0.0016399999999999956,0.14578750150000003,0.22445000000000004,0.20871498500000002,0.07349999999999998,0.026999999999999996,0.256,313.28049999999996,-0.58,1.012,-21149731200.0,31893999616.0,156188999680.0,654681636864.0,168361000000.0,,57399000000.0,,,18052000000.0,,12443000000.0,20821000000.0,1.09,0.3431,2.0,1.28,0.5,1783641600.0,1.655,343.01319851338906,134.57000732421875,184.2899932861328,252.6405,1.51163,39.0,1.65,0.020399999,0.40543997,0.43991002,False,False,,0.671,26464450.0,29690500.0,1.1763288283223519,1.56,18.91,-1.71,,-0.4627320637082153,0.6449995539563292,32.246461454927655,-0.021745742272286983,-0.09682357477894044,False,0.2534134149246259,,0.87,US,True,True,42.95120090928124,80.24831411638746,40.110826939471444,67.64721636973144,10.359356987728036,20.034100596760442,67.13928273561301,28.256513026052104,50.0,79.54110898661568,67.10000000000001,54.40141163232643,standard,304,5471662046,False,34.9,False,28.065054211843204,19.599666388657212,16.013344453711426,50.0417014178482,50.0417014178482,50.0417014178482,4,NEUTRAL,0,NEDTREND,True,3,0.42857142857142855,LÅG,EJ AKTUELL,1.7
TITAN.NS,Titan Company Limited,Consumer Cyclical,Luxury Goods,India,INR,3920651258048.4863,46.638189,31.5790875,,20.5036172,4.4764466,4.699,30.474249999999998,0.20076499,0.017649995999999994,-0.034484997500000024,-0.05196499999999998,-0.20657999999999999,0.7320000000000001,0.24,0.354,159.45049999999998,-0.12900000000000011,0.128,-76660508160.0,41659998208.0,306210013184.0,4115831717888.0,,,,,,,,,,0.25,0.19229999,11.0,0.27,11.0,1751932800.0,0.225,4605.0,3303.10009765625,4419.89990234375,5011.189,1.80556,37.0,,,0.5879,0.2197,False,False,,0.5,1267632.0,843984.0,1.083762903882135,8.25,6.62,12.48,,-0.040195460945982586,0.2360519418263507,72.84176995544922,0.03460574429108898,0.10458436336726229,True,0.9734717305975732,,0.5,India,True,True,29.108889420632305,48.428952848054024,66.69508383063369,68.0040706588503,57.4300291703554,11.253196930946292,67.13928273561301,34.06813627254509,50.0,,50.0,46.388426685125665,standard,570,39553865,False,36.2,False,28.065054211843204,11.009174311926607,33.444537114261884,50.0417014178482,50.0417014178482,50.0417014178482,3,SVAG,-8,UPPTREND,False,3,0.42857142857142855,LÅG,EJ AKTUELL,-6.3
SLB,SLB N.V.,Energy,Oil & Gas Equipment & Services,United States,USD,71897323145.61769,0.6765869999999978,2.7604960000000016,1.6529,0.26698004999999947,2.0005376,2.468,2.966750000000001,0.025820005000000014,0.013667501750000009,-0.018379997000000002,-0.053682497499999995,-0.271485015,-0.021500000000000002,-0.42300000000000004,-0.056,-15.127000000000002,0.15500000000000003,0.867,2231268736.0,3452000000.0,11628999680.0,88695709696.0,54868000000.0,,35708000000.0,,,5458000000.0,,3374000000.0,6489000000.0,2.22,0.5066,1.18,2.04,0.295,1780444800.0,0.708,58.513212194595916,31.04518788109171,48.09000015258789,62.35714,1.62069,28.0,4.36,0.0424,0.00219,0.92612,False,False,,0.711,15006983.0,16396100.0,2.670304351473591,-14.85,1.09,29.29,,-0.17813433327406147,0.3485951995039659,33.186370672442976,-0.11946844678437574,0.0818194426401464,False,-0.22627101752872936,,0.866,US,True,True,74.96777136362277,42.48331525060112,55.55555555555555,39.16373894312426,52.84979911481606,45.78005115089514,67.13928273561301,76.55310621242485,50.0,49.521988527724666,71.1,46.32713428469705,standard,571,788488452,False,59.1,False,81.7347789824854,44.78732276897415,62.8023352793995,50.0417014178482,50.0417014178482,50.0417014178482,3,SVAG,-8,VARNING,False,2,0.2857142857142857,LÅG,EJ AKTUELL,-12.6
RMBS,Rambus Inc.,Technology,Semiconductors,United States,USD,15265695433.3853,33.697243,18.61429325,3.8,4.850805299999999,21.168398,18.808,26.4595,0.03337750000000002,0.047500004000000005,0.21105750150000002,0.20459997000000002,0.354605035,-0.051500000000000004,-0.21,-0.007,-47.79749999999999,8.124000000000002,9.038,-562065136.0,786139008.0,23404000.0,13563250688.0,1529545000.0,,707630000.0,,,260218000.0,,230455000.0,360019000.0,,0.0,,,,,1.825,174.10000610351562,58.81999969482422,141.1699981689453,144.57143,1.5,7.0,3.06,0.0908,0.0076200003,0.99416,False,False,,0.711,2530201.0,3168060.0,1.6060922790165766,15.68,49.2,49.09,,-0.18914420896108952,0.7695246823721081,47.99812935637385,0.05254287997114382,0.31910723063100144,False,0.34427648781407677,,0.48,US,True,True,23.201514970238986,84.15329728862613,74.79397556123898,25.947027117814194,36.630577783563986,74.76555839727195,11.884904086738949,24.749498997995993,50.0,24.665391969407267,71.1,46.318965072834786,standard,572,447235024,False,41.6,False,28.065054211843204,75.31276063386156,5.087572977481234,50.0417014178482,50.0417014178482,50.0417014178482,3,SVAG,-8,UPPTREND,False,2,0.2857142857142857,LÅG,EJ AKTUELL,3.3
MMM,3M Company,Industrials,Conglomerates,United States,USD,83763705299.99393,-0.25013200000000424,-2.7700359999999975,1.6997,21.35227775,3.3473349,3.641,-2.3344999999999985,0.56233,0.026370002000000003,0.007422498499999992,0.09768499250000001,-0.052365015000000015,-0.048,-0.468,-0.415,321.085,0.20900000000000007,1.06,1510518656.0,5818999808.0,13127999488.0,91120705536.0,37733000000.0,,24948000000.0,,,4791000000.0,,3250000000.0,2306000000.0,1.94,0.5723,3.12,3.88,0.78,1779408000.0,1.095,175.70877631560407,138.62307999597104,160.60000610351562,170.9679,2.2,19.0,2.38,0.0184,0.00098,0.77537,False,False,,0.426,3787577.0,4486230.0,1.7530221905383063,8.08,13.12,-0.64,,-0.08598756720580891,0.25924280544401856,69.30226176263243,0.0708070089562658,0.027291763717022466,True,0.9171010031248715,,0.904,US,True,True,,69.40038711948392,57.63000852514919,32.82943206424577,42.219813646017116,42.2847399829497,67.13928273561301,68.93787575150301,50.0,82.02676864244742,42.6,46.313907619655616,standard,574,720488565,False,53.7,False,74.06171809841534,41.367806505421186,43.36947456213511,50.0417014178482,50.0417014178482,50.0417014178482,3,SVAG,-8,UPPTREND,False,2,0.2857142857142857,LÅG,EJ AKTUELL,-6.7
FN,Fabrinet,Technology,Electronic Components,Cayman Islands,USD,20557671972.299805,15.723219,13.164685249999994,,2.8135092999999998,4.854231,4.753,23.5465,0.053097500000000006,0.0216,-0.0084924985,-0.03928000399999999,-0.329135015,0.2605,0.341,0.54,-49.285500000000006,0.854,1.604,-891034632.0,945235968.0,4425000.0,20128151552.0,2831432000.0,,3419327000.0,,,325883000.0,,332527000.0,328365000.0,,0.0,,,,,1.171,748.8900146484375,261.0299987792969,573.760009765625,749.1111,,9.0,2.21,0.081,0.00242,1.13349,False,False,,0.376,847046.0,856300.0,1.432820653957299,-15.34,6.1,27.17,,-0.23385277071029764,0.6733000053510881,39.98156442298698,-0.13567685246634786,0.12317266550110162,False,0.16970068228486052,,0.868,US,True,True,23.466485209224416,46.27430221527266,54.87354362034669,80.35742460911823,36.454632789952626,69.90622335890878,11.884904086738949,24.248496993987974,50.0,27.915869980879542,37.6,46.294354639521195,standard,575,491310696,False,44.7,False,28.065054211843204,70.55879899916597,30.692243536280234,50.0417014178482,50.0417014178482,50.0417014178482,3,SVAG,-8,VARNING,False,1,0.14285714285714285,LÅG,EJ AKTUELL,1.8
RIO.L,Rio Tinto Group,Basic Materials,Other Industrial Metals & Mining,United Kingdom,GBp,117629969871208.25,-3.2324505000000023,0.10129725000000178,5.63,0.6651954500000001,2.086212,2.417,-2.147000000000001,0.04647249250000004,0.0324399995,0.0798224985,0.05895250250000002,-0.09842997000000003,0.057999999999999996,-0.473,-0.053,-38.321,-0.16849999999999998,0.917,2849887360.0,9420000256.0,23747999744.0,139293622272.0,128102000000.0,,57638000000.0,,,15448000000.0,,9966000000.0,16832000000.0,4.06,0.6054,3.0,7.48,1.917705,1772668800.0,0.646,113955.2051897049,53398.09719333658,93766.27381134033,7757.1167,2.75,19.0,,,0.14696999,0.47279,False,False,,0.5,2697538.0,2828613.0,2.213238550006582,-2.52,13.62,33.37,75.35,-0.1771655041536312,0.26322238436093703,37.891004815858544,-0.021226869124304826,0.18638172389449115,False,0.08226109430516637,,0.5,UK,True,True,,65.64750747295601,71.36879482546908,34.82545429587396,57.36592474402077,0.8525149190110828,67.13928273561301,72.54509018036072,50.0,,50.0,54.28763794951304,standard,310,265228501064,False,46.4,False,57.130942452043364,2.543786488740617,61.30108423686406,50.0417014178482,50.0417014178482,50.0417014178482,4,NEUTRAL,0,VARNING,False,3,0.42857142857142855,LÅG,EJ AKTUELL,9.2
KPN.AS,Koninklijke KPN N.V.,Communication Services,Telecom Services,Netherlands,EUR,16428784848.11449,4.5420690000000015,3.0191540000000003,2.29,1.8888673000000002,2.8199081,3.964,0.7459999999999987,0.07181749999999998,0.027165001000000008,0.070509991,0.08965999999999999,0.15389999999999998,-0.039,0.17550000000000002,0.17,118.61350000000003,-0.16899999999999993,0.239,-330726448.0,449000000.0,7104999936.0,23094362112.0,12696000000.0,,5797000000.0,,,1435000000.0,,855000000.0,2308000000.0,5.06,0.8333,0.22,4.45,0.109,1776384000.0,0.255,4.796524048236586,3.665803244635766,4.354000091552734,4.499,2.61905,20.0,,,0.00133,0.71550006,False,False,,0.5,11242992.0,11989861.0,2.986349907394426,-5.74,-6.46,12.39,8.81,-0.09225930115925152,0.16740453323500068,43.0657156605371,-0.0398900198276223,0.03207830778134846,False,0.33691771492404066,,0.062,Europe,True,True,53.54589776568061,74.34262078100146,49.488002221231525,40.00183134703289,62.215533240524664,73.65728900255755,67.13928273561301,37.4749498997996,50.0,,50.0,46.287364212642736,standard,576,59873670,False,48.5,False,28.065054211843204,74.22852376980818,52.21017514595496,50.0417014178482,50.0417014178482,50.0417014178482,2,SVAG,-8,VARNING,False,3,0.42857142857142855,LÅG,EJ AKTUELL,-0.6
2454.TW,MediaTek Inc.,Technology,Semiconductors,Taiwan,TWD,7006923799950.0,41.601355,20.066975749999997,2.1346,13.5519704,11.839941,12.027,41.68300000000001,0.12988749500000002,0.03838,0.0375625035,0.0034349949999999824,0.11238500000000001,-0.1595,-0.369,-0.176,0.7650000000000006,-0.519,0.909,64327518208.0,194710732800.0,26086395904.0,7117803618304.0,743784805000.0,,595965682000.0,,,103469109000.0,,105319255000.0,162792872000.0,1.17,0.8178,53.5,6.3,24.5,1783382400.0,1.899,4970.0,1108.511442625887,4390.0,4130.696,1.43478,23.0,,,0.081,0.45745,False,False,,0.5,12210002.0,11750167.0,0.9286489892302107,35.91,153.76,214.04,,-0.11670020120724345,0.5367719490774657,51.80995475113123,0.30826081773751346,1.2723948202896405,False,0.554008313167809,,0.684,Asia,True,True,44.557473155265754,69.82298058568273,85.96192100028418,24.10546866537993,34.29333523082886,8.269394714407502,67.13928273561301,58.21643286573146,50.0,,50.0,54.28129667765338,standard,311,1628772769,False,41.6,False,65.63803169307756,8.090075062552128,10.008340283569641,50.0417014178482,50.0417014178482,50.0417014178482,5,NEUTRAL,0,UPPTREND,False,3,0.42857142857142855,LÅG,EJ AKTUELL,0.4
ETR,Entergy Corporation,Utilities,Utilities - Regulated Electric,United States,USD,50875807849.64195,6.247737000000001,4.9319394999999995,2.1958,0.3123677,3.828865,6.146,1.4822500000000005,0.009754999999999993,-0.005689998999999998,0.0016150000000000053,-0.0354924975,0.020255014999999987,0.040999999999999995,-0.048,0.067,37.5955,0.044499999999999984,0.613,-4724953984.0,3572052992.0,34058442752.0,81666924544.0,71890730000.0,,12946686000.0,,,3215073000.0,,1773328000.0,5150651000.0,2.3,0.6327,2.56,3.46,0.64,1777593600.0,0.497,118.44999694824219,78.1108183921132,111.11000061035156,121.88095,1.70833,21.0,5.34,0.056199998,0.0023999999,0.97917,False,False,,0.776,3600035.0,3642870.0,1.839211567753288,0.51,7.48,21.16,,-0.06196704539467324,0.2008592779624646,55.20727423085053,-0.008780328274736071,0.11131325128849934,True,0.6307023075813726,,0.738,US,True,True,38.779611461729424,47.828401157609896,68.11594202898551,53.96741997066158,67.74489315361332,52.6001705029838,67.13928273561301,19.338677354709418,50.0,38.4321223709369,77.60000000000001,46.27785735792809,standard,577,404759288,False,43.3,False,28.065054211843204,53.628023352793996,37.86488740617181,50.0417014178482,50.0417014178482,50.0417014178482,1,SVAG,-8,VARNING,False,3,0.42857142857142855,LÅG,EJ AKTUELL,0.6
NDA-SE.ST,Nordea Bank Abp,Financial Services,Banks - Regional,Finland,SEK,613081577242.5715,-1.6418369999999989,119.711195,10.9853,18.34883925,52.94314,67.548,,0.020830005000000013,-0.011975,0.19432499000000003,0.13891003000000002,-0.42635,-0.047,-0.219,-0.109,,,,,57399001088.0,231558004736.0,782204076032.0,654350000000.0,,11719000000.0,,,,,4840000000.0,-3164000000.0,5.86,0.70589995,10.48,7.04,0.96,1774396800.0,0.626,183.35000610351562,134.05749951065846,180.64999389648438,188.16374,2.2,10.0,,,0.0176,0.58824,False,False,,0.5,2473663.0,2082853.0,2.8261429423766815,3.08,6.74,7.65,,-0.014726000093541747,0.18795316191708458,61.33328993064386,0.03950279884043151,0.08385255806011305,True,0.8569141205352914,,0.917,Nordic,True,True,,53.848072281519,67.3202614379085,39.55924894232254,78.6936352844489,19.096334185848253,67.13928273561301,,50.0,,50.0,46.27623128853187,standard,578,39300630,False,32.7,False,28.065054211843204,18.682235195996665,2.543786488740617,50.0417014178482,50.0417014178482,50.0417014178482,0,SVAG,-8,UPPTREND,False,3,0.42857142857142855,LÅG,EJ AKTUELL,-8.2
ALFA.ST,Alfa Laval AB (publ),Industrials,Specialty Industrial Machinery,Sweden,SEK,228404111578.0255,0.7286719999999995,6.161024500000002,3.1831,1.24755725,3.304075,3.513,-0.35999999999999766,0.029540010000000005,0.022820002000000006,0.05282749550000001,0.06432999750000001,-0.06009999999999999,-0.094,-0.117,-0.046,-16.652,-0.15800000000000014,0.808,4006782336.0,5024000000.0,18990000128.0,242821120000.0,98161000000.0,,69675000000.0,,,11751000000.0,,8272000000.0,9166000000.0,1.63,0.42970002,9.0,1.75,9.0,1776902400.0,0.796,570.7999877929688,381.72609995385443,552.5999755859375,547.2941,2.47059,17.0,,,0.29641,0.56366,False,False,,0.5,612981.0,590478.0,2.0441711059741516,1.32,7.51,21.79,,-0.03188509564865738,0.21906835468265226,69.03667990962312,0.021685032054813647,0.13817240920112028,True,0.8807501555197621,,0.271,Nordic,True,True,,64.0830806815299,72.49218527990907,21.50700091204533,59.351831967937834,26.93947144075021,67.13928273561301,68.7374749498998,50.0,,50.0,54.214094680677064,standard,313,34081408,False,51.4,False,73.47789824854046,26.35529608006672,44.03669724770643,50.0417014178482,50.0417014178482,50.0417014178482,4,NEUTRAL,0,UPPTREND,False,3,0.42857142857142855,LÅG,EJ AKTUELL,1.8
PWR,"Quanta Services, Inc.",Industrials,Engineering & Construction,United States,USD,105379739635.25,65.004374,22.926802,1.9357,7.33188275,3.4985294,3.699,24.9685,-0.01691000000000001,-0.007719997999999999,-0.06726750350000002,-0.09304499749999998,-0.298505005,0.202,0.439,0.529,-6.291000000000004,-0.25,1.02,225320512.0,364760992.0,6319672832.0,111432998912.0,24926901000.0,,28479697000.0,,,1587077000.0,,1028378000.0,2229970000.0,0.06,0.057600003,0.44,0.15,0.11,1782864000.0,1.215,788.75,358.0350873947186,702.25,761.3531,1.6,26.0,2.97,0.0297,0.00648,0.95209,False,False,,0.294,1145685.0,1225920.0,2.3081665727170235,-1.66,21.53,60.23,,-0.1096671949286846,0.3737949461900889,47.842713059169554,0.015210892116038544,0.34176839337196885,False,0.42491330077707584,,0.964,US,True,True,41.14254628660305,26.8057955706097,77.03893151463484,82.95445230653435,31.715866659530104,38.192668371696506,24.395329441201,49.899799599198396,50.0,65.96558317399618,29.4,54.20462104731281,standard,314,860902320,False,49.3,False,60.05004170141785,37.36447039199333,40.950792326939116,50.0417014178482,50.0417014178482,50.0417014178482,4,NEUTRAL,0,UPPTREND,False,2,0.2857142857142857,LÅG,EJ AKTUELL,11.7
HON,Honeywell International Inc.,Industrials,Conglomerates,United States,USD,145112897301.42944,5.330463999999999,0.2710600000000021,2.0972,6.358871749999999,3.8532367,4.563,3.219500000000002,0.09039,0.004720002000000001,0.004952498499999992,0.07451500250000001,-0.08025501499999999,-0.037,-0.49,-0.433,181.975,0.0,0.926,2125018752.0,12389999616.0,37751001088.0,171855052800.0,73681000000.0,,37442000000.0,,,6567000000.0,,4729000000.0,6408000000.0,2.07,0.74120003,4.76,2.02,1.19,1778803200.0,0.843,246.82349932269608,184.82161977006473,229.00999450683594,246.67192,2.07407,26.0,3.25,0.0218,0.00052,0.81799006,False,False,,0.494,4331177.0,5430620.0,1.2351034279864836,5.46,0.54,16.72,,-0.07217102449621637,0.24411757560277958,43.15756267029587,0.034729529270933535,0.08294270756611444,True,0.6137637445620386,,0.898,US,True,True,65.20623336224688,59.46917356809274,60.01705029838022,33.4381919576977,47.25692882904937,32.90707587382779,67.13928273561301,63.727454909819635,50.0,77.43785850860421,49.4,46.18522198583808,standard,582,1243666256,False,50.8,False,71.14261884904087,32.19349457881568,37.61467889908257,50.0417014178482,50.0417014178482,50.0417014178482,3,SVAG,-8,UPPTREND,False,3,0.42857142857142855,LÅG,EJ AKTUELL,-4.7
WN.TO,George Weston Limited,Consumer Defensive,Grocery Stores,Canada,CAD,38209599475.38501,13.479858499999999,3.002897250000002,1.2777,6.35604565,0.5869731,1.013,-2.3462500000000013,0.025812487500000016,0.0062899999999999935,-0.05042,-0.048115005000000016,-0.06827,0.006999999999999999,0.238,0.247,82.08825000000002,0.05400000000000005,0.199,4121249856.0,1238000000.0,20039999488.0,65913212928.0,52167000000.0,,64511000000.0,,,5100000000.0,,1142000000.0,6262000000.0,1.25,0.4414,1.29,1.5,0.322,1781481600.0,0.508,105.84131040213563,81.99839367839618,101.33999633789062,107.875,,8.0,2.86,,0.59722,0.14906,False,False,,0.5,353439.0,411170.0,2.9274671897622717,4.98,6.21,6.54,,-0.04252889582661645,0.20292858997431137,62.85718084184546,0.035579598783552324,0.07741828851444499,True,0.5664875910026406,,0.352,Canada,True,True,,43.91122765894298,62.574595055413475,50.7554378752993,61.98677006909483,57.54475703324808,67.13928273561301,93.5871743486974,50.0,,50.0,54.107614073317045,standard,316,29443164,False,69.2,False,97.5396163469558,58.465387823185985,90.49207673060884,50.0417014178482,50.0417014178482,50.0417014178482,6,NEUTRAL,0,UPPTREND,False,3,0.42857142857142855,LÅG,EJ AKTUELL,5.4
BWXT,"BWX Technologies, Inc.",Industrials,Aerospace & Defense,United States,USD,18817648345.42856,23.433403999999996,19.808616000000004,1.67,10.37754475,5.573314,6.019,26.807499999999997,0.13807000000000003,0.0047800019999999985,-0.0018975015000000026,-0.031684997499999985,-0.222925005,0.2,0.13599999999999998,0.207,82.21099999999998,1.0119999999999998,2.241,-646355264.0,512356992.0,2017945984.0,20323047424.0,4271495000.0,,3198425000.0,,,324576000.0,,328945000.0,479848000.0,0.51,0.272,1.04,1.13,0.27,1779148800.0,0.734,241.49667915308143,133.0950926988805,205.39999389648438,238.2725,1.93333,12.0,2.7,0.037100002,0.0036199999,0.95047,False,False,,0.783,1006451.0,979900.0,2.3095078911647318,4.09,-2.12,18.91,,-0.14947073137066147,0.45369128568784217,58.52434602257667,-0.01275095008397753,0.04691607982884305,True,0.8867870291220422,,1.0,US,True,True,25.740735201746777,49.47995015783189,50.7814720090935,77.15166590942138,47.41691740431659,71.01449275362319,67.13928273561301,28.45691382765531,50.0,54.684512428298284,78.3,45.979055846240435,standard,587,201271454,False,44.1,False,28.065054211843204,71.64303586321935,25.43786488740617,50.0417014178482,50.0417014178482,50.0417014178482,3,SVAG,-8,VARNING,False,2,0.2857142857142857,LÅG,EJ AKTUELL,-4.8
SEB-A.ST,Skandinaviska Enskilda Banken AB (publ),Financial Services,Banks - Regional,Sweden,SEK,374704528819.00476,-1.1901209999999995,0.17097499999999854,2.0255,-0.27883395,5.120499,9.955,,-0.00010999500000000162,-0.011615,0.20275499000000008,0.18835003000000006,-0.42635,-0.129,-0.14600000000000002,-0.042,,,,,828516007936.0,1189482987520.0,737606107136.0,3670681000000.0,,77063000000.0,,,,,31063000000.0,34721000000.0,4.41,0.5527,8.5,4.93,11.0,1774396800.0,0.413,195.6999969482422,151.72970764267046,194.5500030517578,193.0625,2.82353,16.0,,,0.0100300005,0.72549003,False,False,,0.5,2529556.0,2990087.0,2.0858370751111663,5.82,11.74,8.92,,-0.005876310242296623,0.18689026729976227,69.73414788339926,0.06108537605341113,0.09587065577914222,True,0.975867814567951,,0.53,Nordic,True,True,,52.589024389553,72.435350951975,28.393066052004134,86.3320244726509,22.6768968456948,67.13928273561301,,50.0,,50.0,45.971219449947164,standard,588,60760034,False,37.1,False,28.065054211843204,22.185154295246036,28.35696413678065,50.0417014178482,50.0417014178482,50.0417014178482,0,SVAG,-8,UPPTREND,False,3,0.42857142857142855,LÅG,EJ AKTUELL,-8.7
EAT,"Brinker International, Inc.",Consumer Cyclical,Restaurants,United States,USD,7071767666.92337,-11.609497000000001,-3.2955595000000013,0.89,14.0008225,1.233412,1.444,-5.897250000000001,1.24598001,0.07703000000000002,-0.0016849975000000003,0.011010005000000017,-0.263565015,-0.040999999999999995,0.009999999999999995,0.074,351.20899999999995,-0.951,0.228,-486068768.0,57100000.0,1748000000.0,8276320256.0,2678600000.0,,5384200000.0,,,553800000.0,,383100000.0,679000000.0,,0.0,,3.47,0.38,1583366400.0,1.28,187.1199951171875,100.30000305175781,164.88999938964844,184.9,1.61905,20.0,4.52,0.1886,0.011770001,1.152,False,False,,0.723,1117100.0,893650.0,1.1454957966864974,30.52,13.91,13.09,,-0.11880074982696054,0.4729878013324715,69.82560578893202,0.13708771481380633,0.15396659989294714,True,1.0087445856695338,,0.895,US,True,True,,61.657387275861744,62.68826371128162,52.317905150901964,12.92446323879281,86.01875532821825,11.884904086738949,18.7374749498998,50.0,7.265774378585086,72.3,45.898076468765474,standard,593,147353948,False,53.8,False,28.065054211843204,86.32193494578816,75.72977481234362,50.0417014178482,50.0417014178482,50.0417014178482,2,SVAG,-8,UPPTREND,False,2,0.2857142857142857,LÅG,EJ AKTUELL,-5.9
IFX.DE,Infineon Technologies AG,Technology,Semiconductors,Germany,EUR,106519988634.5333,71.24304000000001,13.834750749999998,0.7829,1.4288377999999993,7.043575,7.45,11.677999999999999,-0.074647505,-0.00016000000000000042,0.004492498499999997,0.356884995,0.035999999999999976,,,,4.376500000000007,0.015999999999999903,0.701,795148608.0,2152999936.0,8294000128.0,112660987904.0,30470000000.0,,14662000000.0,,,1944000000.0,,1015000000.0,3217000000.0,0.43,0.4268,0.35,0.93,0.35,1771545600.0,1.978,88.45999908447266,30.58465687844879,81.97000122070312,75.25,1.66667,24.0,,,0.000120000004,0.5926,False,False,,0.5,5690041.0,5290979.0,1.7882612951295025,20.54,120.97,130.37,141.38,-0.07336646994052165,0.45322543007485055,52.20348565348064,0.243710903138584,0.8441972131965301,False,0.639060005329811,,0.453,Europe,True,True,49.50550354440224,54.972392907611734,90.8339981385454,18.015012510425354,42.95667848857929,37.851662404092075,67.13928273561301,55.21042084168337,50.0,,50.0,53.84916617162386,standard,320,497421180,False,47.0,False,64.30358632193494,37.03085904920767,18.765638031693076,50.0417014178482,50.0417014178482,50.0417014178482,4,NEUTRAL,0,UPPTREND,False,2,0.2857142857142857,LÅG,EJ AKTUELL,0.7
ADC,Agree Realty Corporation,Real Estate,REIT - Retail,United States,USD,8797534421.75,8.7227245,14.256250249999997,0.13,-0.7933670500000001,11.763291,17.093,1.2219999999999978,-0.03126000000000001,-0.004792498749999999,0.034532521499999996,0.10688998999999999,0.426944925,0.13,-0.04550000000000001,0.32,-32.4195,-0.32399999999999984,0.273,-366972256.0,34882000.0,3718807040.0,12820405248.0,9797612000.0,,718398000.0,,,346881000.0,,204349000.0,504136000.0,4.29,1.68,3.2,4.21,0.267,1782777600.0,0.479,81.21521026504269,67.76138721128419,73.25,84.55556,1.85,18.0,0.01,0.0001,0.01808,1.20584,False,False,,0.666,1150387.0,1308290.0,1.4395965762477185,-2.77,-5.9,5.28,,-0.09807535114479826,0.1625845689385744,46.01063919729184,-0.029776498150843045,-0.0013393705187136895,True,0.31647410453677033,,0.523,US,True,True,46.42348129094009,63.215372153495025,45.666382495026994,60.14301677877734,67.18864533460437,83.03495311167946,29.02418682235196,29.458917835671343,50.0,98.47036328871893,66.60000000000001,45.82239583785952,standard,596,95832242,False,43.6,False,28.065054211843204,83.40283569641367,10.175145954962469,50.0417014178482,50.0417014178482,50.0417014178482,3,SVAG,-8,NEDTREND,True,3,0.42857142857142855,LÅG,EJ AKTUELL,-4.2
HSY,The Hershey Company,Consumer Defensive,Confectioners,United States,USD,25588921110.318604,7.234412500000001,1.494164249999999,0.991,3.7380820000000003,2.9201822,3.488,5.958750000000002,0.049177502500000005,0.012719999999999992,0.0016550029999999952,0.08762,-0.09915501500000001,0.071,0.8660000000000001,0.941,21.132749999999994,0.16399999999999992,0.609,715384320.0,876976000.0,5681147904.0,41827143680.0,13741297000.0,,11692576000.0,,,1462122000.0,,883259000.0,2277367000.0,3.18,1.0358,5.81,2.33,1.452,1778803200.0,0.081,237.65293938503106,155.41583539965086,172.6300048828125,217.13635,2.5,22.0,4.22,0.0668,0.0030399999,0.87856,False,False,,0.337,2005967.0,2597890.0,1.8859865737438035,-10.46,-17.39,-6.94,,-0.2736045877256006,0.2774016353099726,22.979809850856924,-0.07929630818366684,-0.09832967614387877,False,0.11085651088428437,,1.0,US,True,True,64.85272784374719,59.02235528642059,21.156578573458372,84.80245367488222,71.81679137490643,64.36487638533674,29.02418682235196,69.53907815631263,50.0,32.409177820267686,33.7,53.81512342528879,standard,322,448473763,False,59.4,False,79.56630525437865,65.13761467889908,48.20683903252711,50.0417014178482,50.0417014178482,50.0417014178482,5,NEUTRAL,0,NEDTREND,True,3,0.42857142857142855,LÅG,EJ AKTUELL,1.1
NWG.L,NatWest Group plc,Financial Services,Banks - Regional,United Kingdom,GBp,64377326478474.18,-2.1004960000000032,-0.4970320999999993,2.5864,-0.43416405,3.1232407,-3.727,,0.005080005000000026,-0.009960000500000003,0.13451499,0.09238503500000006,-0.37966999,0.013999999999999999,0.022999999999999993,0.121,,,,,248496996352.0,137801007104.0,-60574294016.0,714553000000.0,,16609000000.0,,,,,5831000000.0,7072000000.0,5.17,0.4656,0.33,4.68,0.23,1773878400.0,0.823,8586.764615449572,6128.174155265879,8088.196955946041,737.58795,1.88235,17.0,,,0.00068000006,0.65004,False,False,,0.5,27191722.0,16871512.0,2.8627014416983525,10.19,12.64,2.84,23.12,-0.05806234150246681,0.30474372105017017,75.10413796585952,0.08775501181226808,0.09623703248715354,True,0.9823116942868851,,1.0,UK,True,True,,50.76292485793167,62.80737464511134,63.68194337164917,52.29549812802484,1.619778346121057,67.13928273561301,,50.0,,50.0,45.81071031526462,standard,597,136460112001,False,36.9,False,28.065054211843204,2.543786488740617,46.28857381150959,50.0417014178482,50.0417014178482,50.0417014178482,1,SVAG,-8,UPPTREND,False,3,0.42857142857142855,LÅG,EJ AKTUELL,-4.5
HIG,"The Hartford Insurance Group, Inc.",Financial Services,Insurance - Diversified,United States,USD,35157277665.0,-8.798080000000002,-3.7939145000000014,0.12,-0.8272168500000004,1.2211205,1.258,-1.9724999999999993,0.09211001499999999,0.019485000000000002,-0.10942000699999999,-0.21565496499999995,-0.067785015,0.0,0.28099999999999997,0.359,-44.15650000000001,0.0960000000000002,1.062,4791393920.0,4393999872.0,4373000192.0,36229619712.0,85997000000.0,,28071000000.0,,,,,3836000000.0,5922000000.0,1.83,0.1576,2.4,1.93,0.6,1780272000.0,0.475,143.20528921057172,117.55543797396345,128.25,147.65,2.26087,20.0,0.05,0.00029999999,0.0035299999,0.96059,False,False,,0.74,1618896.0,1838760.0,2.0355806989731953,-4.56,-1.9,-6.07,,-0.10443251986720392,0.19032682516982047,54.18695351791458,-0.03740272780673781,-0.03396576583184607,True,0.3771737156539391,,0.838,US,True,True,,42.35598694473824,42.48366013071895,66.96424276744327,74.63530728481095,59.07928388746802,67.13928273561301,97.79559118236473,50.0,97.70554493307839,74.0,53.79535052459203,standard,325,235820970,False,67.3,False,97.5396163469558,59.966638865721436,75.89658048373644,50.0417014178482,50.0417014178482,50.0417014178482,5,NEUTRAL,0,NEDTREND,True,3,0.42857142857142855,LÅG,EJ AKTUELL,-1.4
ECL,Ecolab Inc.,Basic Materials,Specialty Chemicals,United States,USD,75740459164.03345,10.292841500000002,12.01805925,2.491,4.66832285,4.60364,5.218,7.9914999999999985,0.10714250250000001,0.032744999999999996,0.018647491499999995,0.016682502500000015,-0.0057650149999999845,0.01200000000000001,-0.33899999999999997,0.075,35.363,-0.8374999999999999,0.682,774568704.0,519800000.0,9266499584.0,85852086272.0,24696300000.0,,16081200000.0,,,2892500000.0,,2075600000.0,2952600000.0,1.07,0.3735,2.92,1.06,0.73,1781568000.0,0.913,307.6050167635381,242.48911386784812,269.1199951171875,317.14285,1.74074,21.0,2.06,0.014400001,0.00154,0.93961996,False,False,,0.499,1644470.0,2133350.0,1.751293975460445,9.82,4.31,4.26,,-0.1251118140115861,0.21060584725182174,62.72365380518518,0.03325989340140301,0.0013726233734270288,True,0.8514236776207623,,0.502,US,True,True,54.58994481500314,65.37985009686471,50.809889173060526,39.33531067511491,48.49853021409277,44.50127877237852,67.13928273561301,58.116232464929865,50.0,86.80688336520076,49.9,53.76013327558233,standard,326,574127142,False,50.7,False,66.88907422852377,43.53628023352794,32.77731442869057,50.0417014178482,50.0417014178482,50.0417014178482,4,NEUTRAL,0,UPPTREND,False,2,0.2857142857142857,LÅG,EJ AKTUELL,-1.7
AC.MX,"Arca Continental, S.A.B. de C.V.",Consumer Defensive,Beverages - Non-Alcoholic,Mexico,MXN,353767382585.45013,4.083524999999998,5.605334750000001,2.2842,0.9530397000000002,1.4168376,1.668,2.2482500000000005,-0.050532487499999966,0.004779992999999993,0.02747,0.03486499499999998,0.16768000000000005,-0.033,-0.15500000000000003,-0.085,-74.70824999999999,-0.08200000000000007,0.84,10982236288.0,36055470080.0,67171651584.0,417553416192.0,294482969000.0,,250258459000.0,,,38789584000.0,,19580455000.0,37717316000.0,4.21,0.791,8.78,3.89,4.28,1775520000.0,0.059,231.0,170.99241071743992,208.32000732421875,237.22221,,18.0,,,0.45696,0.14405,False,False,,0.5,1621343.0,1642532.0,1.747810409020294,-5.84,7.33,10.44,,-0.09818178647524356,0.23539329178961343,24.41176520086907,-0.032258035705183485,0.06580091158404455,False,0.16201737073290562,,0.0,LatAm,True,True,77.55869948852929,56.25621607164116,59.53395851094061,21.86093890816651,73.7049155264462,23.10315430520034,67.13928273561301,77.85571142284569,50.0,,50.0,53.709780597314904,standard,328,17792958,False,57.2,False,81.81818181818183,22.602168473728106,71.97664720600501,50.0417014178482,50.0417014178482,50.0417014178482,5,NEUTRAL,0,VARNING,False,3,0.42857142857142855,LÅG,EJ AKTUELL,-0.8
NET,"Cloudflare, Inc.",Technology,Software - Infrastructure,United States,USD,71964673121.89734,,122.30818125,2.38,45.7595423,34.152534,34.785,-2250.8835,-0.20556249999999998,-0.090120001,-0.14514249550000002,-0.23503998999999998,0.283765035,0.2025,,,181.38150000000002,0.261,1.895,-56857984.0,4163877888.0,3524536064.0,81000759296.0,6036256000.0,,2167937000.0,,,-207205000.0,,-102267000.0,603114000.0,,0.0,,,,,1.674,276.81500244140625,158.8300018310547,224.05999755859375,243.1129,1.97059,31.0,1.82,0.031400003,0.0065499996,0.89593005,False,False,,0.678,4440090.0,3699340.0,1.10483478728155,8.38,1.22,13.43,,-0.19057856119622418,0.6019786869100252,42.483494841669824,0.02894698579470334,0.07992249503575577,False,0.3439209659624756,,0.969,US,True,True,,22.941480237766438,48.56493321966468,88.86145235264888,23.896659895561974,45.694799658994036,11.884904086738949,46.392785571142284,50.0,62.7151051625239,67.80000000000001,45.62642846820319,standard,604,828874111,False,36.6,False,28.065054211843204,44.70391993327773,2.543786488740617,50.0417014178482,50.0417014178482,50.0417014178482,1,SVAG,-8,UPPTREND,False,1,0.14285714285714285,LÅG,EJ AKTUELL,-6.8
4519.T,"Chugai Pharmaceutical Co., Ltd.",Healthcare,Drug Manufacturers - General,Japan,JPY,12425511072800.0,7.776734000000005,12.123629499999996,2.2807,4.7468629,9.623012,8.93,6.904249999999998,0.1526025125,0.12667499999999998,0.28034000000000003,0.37291001999999995,0.41812999999999995,0.032,0.074,0.187,,2.3190000000000004,3.671,275985608704.0,850094981120.0,0.0,11530980556800.0,2468595000000.0,,1257941000000.0,,,598833000000.0,,,386280000000.0,1.75,0.4626,132.0,1.67,66.0,1782691200.0,0.553,10700.0,5838.138484321139,7550.0,9973.333,1.93333,15.0,,,0.59895,0.19598,False,False,,0.5,2916086.0,2404840.0,1.415065276999114,-3.65,-18.97,-5.71,,-0.29439252336448596,0.4388626230117178,45.468998410174876,-0.058260613589985355,-0.05427901362209997,True,0.43001766853536344,,0.432,Japan,True,True,68.10965214010109,93.95351365900304,20.34668940039784,49.562341884158755,61.350524078405556,5.88235294117647,67.13928273561301,75.55110220440882,50.0,,50.0,61.58783236766537,standard,116,112581259,False,44.4,False,76.64720600500416,5.754795663052543,12.67723102585488,50.0417014178482,50.0417014178482,50.0417014178482,7,STARK,8,NEDTREND,True,4,0.5714285714285714,MEDEL,EJ AKTUELL,2.7
7564.T,"Workman Co.,Ltd.",Consumer Cyclical,Apparel Retail,Japan,JPY,551704745280.0,5.077237000000004,10.822396,,1.8343707,3.4298904,3.138,1.605249999999998,0.03766001000000001,0.055799995,0.0953699945,0.08858500000000001,0.08278999999999997,0.173,0.071,0.183,-41.421499999999995,3.5199999999999996,3.892,-28373125376.0,83742998528.0,1692999936.0,504748376064.0,162231000000.0,,136933000000.0,,,24408000000.0,,16892000000.0,24793000000.0,1.24,0.3523,89.0,1.34,89.0,1806364800.0,0.822,8330.0,5225.007899187613,6760.0,7412.222,2.77778,9.0,,,0.76319003,0.05929,False,False,,0.5,307468.0,320300.0,1.4318848049479753,-7.14,-0.19,2.8,,-0.1884753901560624,0.36730097497262354,15.340909090909093,-0.06557558332411806,0.03849161004926738,False,-0.008453655409412156,,0.695,Japan,True,True,38.9206023988275,74.4233457464288,41.2617220801364,65.68636096801254,60.61535225794214,19.69309462915601,67.13928273561301,19.939879759519037,50.0,,50.0,53.5503154277786,standard,333,13425689,False,38.7,False,28.065054211843204,19.26605504587156,41.95162635529608,50.0417014178482,50.0417014178482,50.0417014178482,5,NEUTRAL,0,VARNING,False,4,0.5714285714285714,MEDEL,EJ AKTUELL,-1.1
STAG,"STAG Industrial, Inc.",Real Estate,REIT - Industrial,United States,USD,7227550933.12212,-1.5695425000000025,19.713034249999996,19.49,-0.23397215000000005,8.542002,12.169,-1.9170000000000016,0.0008500000000000035,0.0005374992500000036,0.024622501499999977,-0.005120010000000008,0.34736498499999996,0.034,-0.5825,-0.322,-3.878500000000006,1.0120000000000002,0.901,-354542624.0,24434000.0,3229938944.0,10511612928.0,7208069000.0,,845184000.0,,,319629000.0,,273519000.0,463388000.0,4.1,1.1667,1.55,4.03,0.388,1782777600.0,0.982,39.9900016784668,32.80677297534415,37.79999923706055,41.54545,2.45455,11.0,4.95,0.0423,0.00133,0.96339995,False,False,,0.853,1250179.0,1402030.0,2.0248129048608257,0.24,1.9,3.14,,-0.05476374967459652,0.19834952074734216,49.40978186052197,-0.011904223910126799,0.012028677692055068,True,0.5194618587111849,,0.944,US,True,True,,60.08443571746976,55.78289286729184,42.19424055023733,69.39131571450527,85.5924978687127,29.02418682235196,27.75551102204409,50.0,49.80879541108987,95.3,45.532726334146446,standard,608,52996733,False,44.6,False,28.065054211843204,85.9049207673061,14.345287739783153,50.0417014178482,50.0417014178482,50.0417014178482,3,SVAG,-8,VARNING,False,2,0.2857142857142857,LÅG,EJ AKTUELL,-9.0
FNV.TO,Franco-Nevada Corporation,Basic Materials,Gold,Canada,CAD,58689796302.11609,5.136886499999999,6.519360250000002,9.18,2.8158634,28.11218,29.544,19.4115,0.08845749750000001,0.085295,0.5685924984999999,0.6391575374999999,0.5302999500000001,0.6890000000000001,0.8140000000000001,1.234,,4.3425,5.431,-1596700032.0,714700032.0,0.0,61679374336.0,8241400000.0,,1822800000.0,,,1300900000.0,,1112100000.0,1493700000.0,0.76,0.2225,2.46,0.92,0.613,1781136000.0,0.889,386.7594143923018,208.6072071910075,304.32000732421875,418.5968,1.66667,9.0,2.78,,0.0061799996,0.84503996,False,False,,0.5,376968.0,503120.0,1.693022003902833,-2.01,-0.11,6.35,,-0.2131542349075496,0.3598059957838218,45.22802609944936,-0.049805502409319136,-0.021737174191995612,True,0.3772779171830361,,0.944,Canada,True,True,28.878615439834896,93.29146901755317,41.98635976129582,89.09616321164049,59.98755851214358,49.95737425404945,67.13928273561301,30.460921843687377,50.0,,50.0,53.44479501966939,commodity,338,108189288,False,37.2,False,28.065054211843204,48.87406171809842,2.543786488740617,50.0417014178482,50.0417014178482,50.0417014178482,5,NEUTRAL,0,NEDTREND,True,3,0.42857142857142855,LÅG,EJ AKTUELL,1.3
CSL,Carlisle Companies Incorporated,Industrials,Building Products & Equipment,United States,USD,14606273487.189087,-10.147026000000004,-4.340018999999998,1.1497,4.503329749999999,2.9352262,3.354,-2.9534999999999982,0.23003,0.053970006,0.0417624985,0.0385450025,-0.09379501499999998,-0.101,-0.10300000000000001,-0.109,99.316,1.9949999999999999,2.434,-89606272.0,771299968.0,2888600064.0,16690004992.0,6263000000.0,,5019900000.0,,,1002500000.0,,740700000.0,1101800000.0,1.22,0.25100002,4.4,1.03,1.1,1779062400.0,0.857,430.5372112320468,291.6678355327013,360.9599914550781,410.14285,2.11111,7.0,6.41,0.082600005,0.011460001,1.03784,False,False,,0.289,386412.0,385300.0,2.3021501266862003,10.84,8.82,9.07,,-0.16160558939345337,0.37013020569036487,56.935497357003364,0.03718947738206202,0.049643951607184045,True,1.0704899349876447,,0.722,US,True,True,,68.9767476447819,54.276783177038936,33.5736049047516,49.673194686776256,75.1918158567775,67.13928273561301,42.68537074148296,50.0,27.151051625239003,28.9,45.35960671540053,standard,615,139077885,False,48.1,False,28.065054211843204,75.72977481234362,47.956630525437866,50.0417014178482,50.0417014178482,50.0417014178482,3,SVAG,-8,UPPTREND,False,2,0.2857142857142857,LÅG,EJ AKTUELL,-8.2
SEDG,"SolarEdge Technologies, Inc.",Technology,Solar,Israel,USD,3530496579.699394,,16.997788249999996,4.61,2.4899842999999997,2.7680075,2.617,-38.0145,-0.8718125000000001,-0.11445999800000001,-0.3935025185,-0.29093000999999996,-0.266505015,0.2825,,,48.970499999999994,0.32999999999999996,1.262,-534016896.0,541649984.0,404347008.0,3338457344.0,2182194000.0,,1184444000.0,,,-229702000.0,,-405448000.0,104261000.0,,0.0,,,,,1.415,81.25,15.75,58.04999923706055,43.38095,,21.0,2.16,0.2049,0.01194,1.07942,False,False,,0.419,3928679.0,2900920.0,1.1596667419714801,6.46,27.14,96.91,,-0.2855384709284856,0.9850883547696244,29.45666768272028,0.10010686727515061,0.4364767144152648,False,0.26948004865279646,,0.701,US,True,True,,5.62494956138643,67.46234725774367,76.07518567757842,31.869370178454915,91.73060528559249,11.884904086738949,7.915831663326653,50.0,15.92734225621415,41.9,45.35664229572254,standard,616,168398404,False,51.2,False,28.065054211843204,91.90992493744787,52.79399499582986,50.0417014178482,50.0417014178482,50.0417014178482,1,SVAG,-8,UPPTREND,False,2,0.2857142857142857,LÅG,EJ AKTUELL,5.1
NFLX,"Netflix, Inc.",Communication Services,Entertainment,United States,USD,325831578531.3364,3.9638380000000026,5.011051500000001,1.5199,6.734811799999999,6.9488516,7.047,12.156500000000001,0.314322485,0.09808501100000001,0.16376499800000002,0.13899502499999997,0.040784984999999996,0.101,0.7635,0.828,-23.375500000000006,0.26100000000000023,1.178,25181820544.0,12288449536.0,16742200320.0,330439786496.0,55596993000.0,,45183036000.0,,,13326603000.0,,10981201000.0,10149273000.0,,0.0,,,,,1.491,134.11500549316406,75.01000213623047,77.37999725341797,114.14591,1.68,44.0,3.06,0.024300002,0.00567,0.85103,False,False,,0.703,39290182.0,46009390.0,2.328618821172251,-13.38,-15.65,-18.18,,-0.42303251624321725,0.3344846531264517,22.236501461156763,-0.13278540207153555,-0.2131787648349066,False,0.10298685872086188,,0.453,US,True,True,77.25413513594353,83.72012168348893,12.787723785166241,65.8837388400307,40.386151720679685,23.955669224211423,11.884904086738949,95.49098196392785,50.0,73.04015296367112,70.3,53.350067045036226,standard,340,3560206472,False,52.4,False,93.82819015846539,23.436196830692243,19.26605504587156,50.0417014178482,50.0417014178482,50.0417014178482,6,NEUTRAL,0,NEDTREND,True,3,0.42857142857142855,LÅG,EJ AKTUELL,-4.7
AGI.TO,Alamos Gold Inc.,Basic Materials,Gold,Canada,CAD,17604949260.140366,-13.422904500000001,-7.101421749999998,0.99,0.43249179999999976,8.494548,8.261,-0.0555000000000021,0.15689749750000004,0.07540499500000002,0.4243524985,0.3706074975,0.31421000000000004,0.7040000000000001,11.03,11.592,-34.903499999999994,0.2005,1.282,-615125024.0,703900032.0,219700000.0,17120749568.0,6384600000.0,,1808800000.0,,,878700000.0,,885800000.0,795300000.0,0.53,0.0458,0.22,0.74,0.056,1781136000.0,1.273,75.62675891330356,32.994750912655086,41.91999816894531,81.051476,1.38462,10.0,3.21,,0.0028,0.70185995,False,False,,0.5,1064792.0,1659630.0,3.3948722896573735,-22.46,-20.36,-19.03,,-0.44569886675956527,0.5425687392684869,29.90119581667804,-0.25538641199790524,-0.22704511539369399,False,-0.16742387092603842,,0.71,Canada,True,True,,92.16127829042782,10.514350667803354,88.99271957910997,31.739821215696306,72.63427109974424,67.13928273561301,26.95390781563126,50.0,,50.0,53.34115152433298,commodity,341,49160321,False,42.7,False,28.065054211843204,73.2276897414512,14.595496246872393,50.0417014178482,50.0417014178482,50.0417014178482,5,NEUTRAL,0,NEDTREND,True,3,0.42857142857142855,LÅG,EJ AKTUELL,1.7
MSFT,Microsoft Corporation,Technology,Software - Infrastructure,United States,USD,2818348081358.0327,-10.916318,-0.4510277500000006,1.1705,0.6958912999999995,8.855128,9.34,-2.2965,0.19333749,0.08454999999999999,0.2855274815,0.32512,0.23358498499999997,0.05049999999999999,0.04200000000000001,0.231,-19.2065,-0.41200000000000003,1.142,36199394944.0,78227996672.0,125431996416.0,2972744417280.0,619003000000.0,,281724000000.0,,,128528000000.0,,101832000000.0,136162000000.0,0.92,0.20729999,3.64,0.79,0.91,1787184000.0,1.103,551.0484106553389,355.51000344849933,379.3999938964844,561.38763,1.33929,55.0,2.42,0.0119,0.0008,0.75781,False,False,,0.301,35850962.0,38232730.0,1.5332608310223275,-8.91,-2.26,-20.0,,-0.31149425974157197,0.2587271012458802,18.55468469544867,-0.08010960454639637,-0.15605508704168713,False,0.11957890302460471,,0.936,US,True,True,,90.66747976063618,22.932651321398126,68.25656964564965,41.54035080329794,12.617220801364024,67.13928273561301,63.22645290581163,50.0,91.39579349904398,30.099999999999998,53.13167010197892,standard,345,14505497529,False,43.8,False,69.55796497080901,12.343619683069225,13.928273561301086,50.0417014178482,50.0417014178482,50.0417014178482,5,NEUTRAL,0,NEDTREND,True,3,0.42857142857142855,LÅG,EJ AKTUELL,-1.8
DBK.DE,Deutsche Bank Aktiengesellschaft,Financial Services,Banks - Regional,Germany,EUR,59537654113.510826,-3.1627779999999994,-2.6130940000000002,1.7198,-0.78423735,1.9962332,-1.496,,-0.039655000000000024,-0.00012499999999999317,0.01605498600000002,0.03278005000000006,-0.37562,-0.049,-0.06200000000000001,0.076,,,,,622900019200.0,519844986880.0,-44603355136.0,1435067000000.0,,32099000000.0,,,,,6931000000.0,47064000000.0,3.31,0.2152,1.0,2.72,1.0,1780012800.0,1.0,33.05366197776915,22.865493813874355,31.1200008392334,31.48029,2.52941,17.0,,,0.08527,0.53081,False,False,,0.5,5768661.0,5774522.0,1.9771642242972027,14.93,28.25,0.5,34.43,-0.058500662947308935,0.32721617536744474,74.65750722374766,0.14395732243709336,0.08138993253725801,True,0.9832230219745339,,0.988,Europe,True,True,,41.66497350703133,68.57798165137615,51.41485694828373,42.06757373755822,49.36061381074169,67.13928273561301,,50.0,,50.0,45.12388259480393,standard,622,206105193,False,46.2,False,28.065054211843204,48.29024186822352,62.88573811509591,50.0417014178482,50.0417014178482,50.0417014178482,1,SVAG,-8,UPPTREND,False,2,0.2857142857142857,LÅG,EJ AKTUELL,-3.2
PPL.TO,Pembina Pipeline Corporation,Energy,Oil & Gas Midstream,Canada,CAD,38083992500.0,4.9748519999999985,10.002252,2.336,0.6279493999999999,5.0097337,7.081,7.585749999999999,-0.0016050000000000023,-0.005722498249999996,0.13257500000000003,0.16234249749999996,-0.0006700000000000039,-0.1255,-0.28300000000000003,-0.008,42.0405,-0.33699999999999997,0.67,633124928.0,173000000.0,13916000256.0,53827268608.0,35555000000.0,,7778000000.0,,,2696000000.0,,1694000000.0,3301000000.0,4.34,1.0676999,2.87,5.44,0.735,1781481600.0,0.703,68.66509629174458,46.41104193248457,65.5,67.66667,2.27778,18.0,3.69,,0.00042,0.58771,False,False,,0.5,2545301.0,4552100.0,0.6505317528929898,-2.53,7.15,30.17,,-0.04609468948090745,0.18824283112472545,52.30126965552697,0.03233559400001651,0.156272732969708,False,0.3502816213133146,,0.453,Canada,True,True,57.89964256871952,62.190337654599446,73.20261437908496,19.92379386619031,57.744238615554096,57.630008525149194,29.02418682235196,62.32464929859719,50.0,,50.0,45.1211743837642,standard,623,210685802,False,53.9,False,72.72727272727273,58.548790658882396,29.190992493744787,50.0417014178482,50.0417014178482,50.0417014178482,3,SVAG,-8,UPPTREND,False,2,0.2857142857142857,LÅG,EJ AKTUELL,-0.7
FNV,Franco-Nevada Corporation,Basic Materials,Gold,Canada,USD,42285502448.41293,4.801306499999999,6.821451249999999,,2.31341775,20.254587,20.99,9.561499999999999,0.07328250250000001,0.082845,0.5473175015,0.6399525425,0.468734935,0.6890000000000001,0.8140000000000001,1.234,,4.3265,5.431,-1639806272.0,714700032.0,0.0,43820433408.0,8241400000.0,,1822800000.0,,,1300900000.0,,1112100000.0,1493700000.0,0.76,0.2225,1.76,0.93,0.44,1781136000.0,0.889,284.59501209520727,152.31466343256295,219.25999450683594,294.8578,1.66667,9.0,3.46,,0.0061799996,0.84503996,False,False,,0.646,853638.0,1360390.0,1.3672466514913197,-1.35,-4.9,5.28,,-0.229571899758083,0.3677334161909666,43.52743397048491,-0.05882824543834764,-0.025423969541769065,True,0.4008170676109885,,0.944,US,True,True,30.858096790596115,92.1392003052606,36.146632566069904,89.09616321164049,59.531640696307996,55.669224211423696,67.13928273561301,26.252505010020037,50.0,,64.60000000000001,53.08577795634711,commodity,347,298279104,False,38.9,False,28.065054211843204,56.63052543786489,5.587989991659716,50.0417014178482,50.0417014178482,50.0417014178482,5,NEUTRAL,0,NEDTREND,True,3,0.42857142857142855,LÅG,EJ AKTUELL,1.7
PRU,"Prudential Financial, Inc.",Financial Services,Insurance - Life,United States,USD,37000543224.72916,-6.834593000000002,-5.5321292,1.1582,-1.5701336500000003,0.58462834,0.911,2.7665000000000006,-0.028129995000000005,-0.015265,-0.19575000899999997,-0.32140496499999993,-0.15994501500000002,0.092,-0.276,-0.156,91.6645,-0.8859999999999998,0.715,9567143552.0,38684000256.0,55523999744.0,57670520832.0,773740000000.0,,60967000000.0,,,,,3576000000.0,6271000000.0,5.13,0.56130004,5.6,4.78,1.4,1779753600.0,0.855,116.5685068439461,90.65444080592968,106.52999877929688,100.46667,3.38889,15.0,5.96,0.0405,0.00176,0.64483,False,False,,0.625,2097727.0,2063670.0,1.8494478239437164,6.74,16.72,-6.52,,-0.08611681093323165,0.22635052316713625,67.17198543699686,0.061284465083982775,0.047684191883502036,True,0.7161066497674047,,0.803,US,True,True,91.27396584213203,19.677221696148855,56.3796533105996,45.869142788407,40.72424733097102,58.39727195225917,67.13928273561301,99.04809619238478,50.0,51.52963671128107,62.5,45.080894855829634,standard,624,219842763,False,69.4,False,97.5396163469558,59.299416180150125,90.57547956630525,50.0417014178482,50.0417014178482,50.0417014178482,3,SVAG,-8,UPPTREND,False,2,0.2857142857142857,LÅG,EJ AKTUELL,1.4
7974.T,"Nintendo Co., Ltd.",Communication Services,Electronic Gaming & Multimedia,Japan,JPY,8157417388388.0,4.392052000000003,1.3453349999999986,3.565,0.6851647000000001,3.5266917,2.569,7.1579999999999995,0.019742505000000007,0.020425000999999998,0.111499995,0.032399999999999984,0.09660999999999997,0.8899999999999999,0.4704999999999999,0.567,,2.4480000000000004,3.11,245129490432.0,2216856125440.0,0.0,5941715009536.0,3398515000000.0,,,,,,,,12069000000.0,3.09,0.60080004,219.0,2.66,177.0,1774828800.0,0.132,14463.938568521302,6849.0,7076.0,10281.878,1.88462,25.0,,,0.00733,0.51445,False,False,,0.5,10432870.0,10345660.0,0.7488806481776448,-2.72,-26.53,-37.7,,-0.5107833204297546,0.3697545000115234,47.82173259889834,-0.07077403104948954,-0.31124409209066306,True,0.28853750463901073,,1.0,Japan,True,True,76.98983788472468,67.94137422709561,4.43307757885763,87.52911706432447,74.27873191430537,7.587382779198635,67.13928273561301,88.47695390781564,50.0,,50.0,53.04567586803999,standard,348,453919655,False,50.0,False,80.90075062552127,7.422852376980818,40.700583819849875,50.0417014178482,50.0417014178482,50.0417014178482,5,NEUTRAL,0,NEDTREND,True,5,0.7142857142857143,HÖG,EJ AKTUELL,-5.5
TD.TO,The Toronto-Dominion Bank,Financial Services,Banks - Diversified,Canada,CAD,279741798854.9957,2.9165729999999996,3.0226795000000006,0.91,0.18070059999999988,4.726965,2.841,,-0.0009749940000000068,-0.009714999999999994,0.022704990000000036,-0.015599969999999963,-0.38794,-0.376,-0.745,-0.618,,,,,637163995136.0,522703994880.0,168117796864.0,2094558000000.0,,61281000000.0,,,,,20538000000.0,-69646000000.0,2.65,0.5,4.48,4.17,1.08,1783641600.0,0.88,170.66000366210938,93.23330057622915,169.3300018310547,159.57143,2.07143,14.0,7.69,,0.00044,0.55092,False,False,,0.5,5245779.0,3600020.0,2.0027895032866145,10.56,35.34,36.82,,-0.007793283736756251,0.15211878880921648,94.54352672502854,0.11801448674207315,0.31951471455737446,True,0.9752946907981879,,0.931,Canada,True,True,,38.68522835146248,89.62773515203183,24.038591565561926,72.1286640489453,24.722932651321397,67.13928273561301,,50.0,,50.0,44.99670687616946,standard,626,430745751,False,37.9,False,28.065054211843204,24.186822351959965,31.442869057547956,50.0417014178482,50.0417014178482,50.0417014178482,0,SVAG,-8,UPPTREND,False,3,0.42857142857142855,LÅG,EJ AKTUELL,-7.5
068270.KS,"Celltrion, Inc.",Healthcare,Biotechnology,South Korea,KRW,39054420797600.0,,11.5890225,0.85,,8.745676,9.338,11.910249999999998,-0.030527502499999984,-0.0037150000000000065,0.140490005,0.07892000000000002,0.24895500000000004,0.27699999999999997,2.13,2.185,6.097750000000002,-0.6690000000000002,0.691,11545126912.0,1418676273152.0,3866065371136.0,41699938140160.0,22334900189800.0,,4162495108880.0,,,1156472907540.0,,1029613370420.0,646050776660.0,0.42,0.13,714.29,,714.2857,1766966400.0,0.348,239047.625,150228.56849228582,170300.0,254025.8,1.54167,24.0,,,0.37835,0.21144,False,False,,0.5,615739.0,581740.0,1.7153607091081322,-2.02,-14.65,-3.3,,-0.28758965917356427,0.3947795001127293,37.2036008792928,-0.07300653266394574,-0.0720946772640153,True,0.31209024730280005,,0.838,Asia,True,True,44.497913737923604,63.88635563141933,23.216822961068484,87.7329257143917,53.51806192410041,2.813299232736573,67.13928273561301,48.296593186372746,50.0,,50.0,52.974698536618085,standard,349,72321335,False,39.6,False,58.465387823185985,2.543786488740617,14.011676396997498,50.0417014178482,50.0417014178482,50.0417014178482,5,NEUTRAL,0,NEDTREND,True,3,0.42857142857142855,LÅG,EJ AKTUELL,-2.0
AG,First Majestic Silver Corp.,Basic Materials,Silver,Canada,USD,8887852224.0,4.3845375,0.28442025000000015,,0.16686564999999964,5.96547,5.694,-2.6244999999999994,-0.002607497499999993,0.032415,0.0858074915,0.3424125025,0.14783498499999997,0.866,50.269999999999996,55.605,-47.54,0.8995000000000003,2.506,-163660608.0,1140796032.0,314040992.0,8483202048.0,4694915000.0,,1265157000.0,,,349931000.0,,164923000.0,526010000.0,0.2,0.038599998,0.04,0.26,0.017,1779235200.0,2.074,32.011027862003594,7.7310114785584405,18.0,26.875,2.0,2.0,1.32,,0.01089,0.54625,False,False,,0.616,14449300.0,14805080.0,1.4300068011416056,-4.17,-4.93,9.88,,-0.4376937823553734,0.7444864034719997,36.22540322167895,-0.1025332686651278,-0.004059289494110052,True,0.3600641219341983,,0.322,US,True,True,,74.15291969169658,31.315714691673765,76.6904348690924,29.072947222345462,82.69394714407503,67.13928273561301,33.76753507014028,50.0,,61.6,52.869762871681544,commodity,350,266491440,False,45.5,False,28.065054211843204,83.06922435362803,23.102585487906588,50.0417014178482,50.0417014178482,50.0417014178482,4,NEUTRAL,0,NEDTREND,True,3,0.42857142857142855,LÅG,EJ AKTUELL,1.3
TXT.WA,Text S.A.,Technology,Software - Application,Poland,PLN,1075319956.77948,-20.110070999999998,,,4.782217799999999,3.1797829,3.015,-9.331,0.8478624449999999,0.3544,0.3014224645,0.266455015,0.32760996000000003,-0.21550000000000002,-0.504,-0.312,-39.3405,-0.271,1.304,-477354944.0,53347000.0,4356000.0,1019633984.0,226705000.0,,354178000.0,,,177367000.0,,164418000.0,179489000.0,13.37,0.90720004,5.55,7.33,1.15,1770336000.0,0.318,57.23767786026001,35.5,41.7599983215332,62.32,,5.0,,,0.41265,0.21207,False,False,,0.5,39196.0,28314.0,0.46021428707847645,1.36,15.42,10.17,,-0.2704106825667175,0.3081359380236992,43.95278559689514,0.0296873029560627,-0.00960164655530138,True,0.5534211518875152,,0.5,Europe,True,True,,95.07465499622808,51.52031827223643,14.194951570168715,56.71993636136286,97.01619778346121,67.13928273561301,1.0521042084168337,50.0,,50.0,44.863980547163806,standard,630,1182393,False,51.0,False,28.065054211843204,97.5396163469558,45.62135112593828,50.0417014178482,50.0417014178482,50.0417014178482,3,SVAG,-8,NEDTREND,True,2,0.2857142857142857,LÅG,EJ AKTUELL,-11.5
CAMT,Camtek Ltd.,Technology,Semiconductor Equipment & Materials,Israel,USD,8986040299.93991,167.669313,23.068486249999996,4.0115,7.0598303,18.004742,16.447,40.843500000000006,-0.0711525,0.007240000000000003,-0.011602498500000002,0.08598000000000001,0.060185035,-0.10750000000000001,-0.29200000000000004,-0.078,21.993500000000004,6.654999999999999,7.144,,670260992.0,487811008.0,8208695296.0,1259833000.0,,496072000.0,,,128203000.0,,50722000.0,141871000.0,,0.0,,,1.33,1712102400.0,1.558,215.99000549316406,72.54000091552734,195.16000366210938,187.25,2.0,12.0,6.05,0.10569999,0.37966,0.50923,False,False,,0.878,463874.0,417380.0,0.6558270902171187,28.98,13.3,75.33,,-0.09643965600859228,0.6448520559050369,59.007972845813235,0.08275931215365562,0.38939962404813766,True,0.9178526476857705,,0.512,US,True,True,,51.92342837104907,75.13498152884343,25.101366856937744,46.226346832212954,82.4381926683717,11.884904086738949,,50.0,21.03250478011472,97.8,52.81802464783462,standard,352,81455882,False,42.9,False,28.065054211843204,82.81901584653878,6.171809841534612,50.0417014178482,50.0417014178482,50.0417014178482,4,NEUTRAL,0,UPPTREND,False,1,0.14285714285714285,LÅG,EJ AKTUELL,9.4
IDXX,"IDEXX Laboratories, Inc.",Healthcare,Diagnostics & Research,United States,USD,44339345902.16986,14.603948000000003,18.469645,3.6019,25.194917399999998,9.97265,10.37,16.35575,0.6036225024999999,0.20368499999999998,0.126855003,0.127535005,0.17102498500000002,0.059999999999999984,0.05899999999999998,0.147,11.740250000000007,-0.8949999999999999,0.691,-25011776.0,200528000.0,1105451008.0,46104879104.0,3350759000.0,,4303702000.0,,,1360031000.0,,1059464000.0,1181805000.0,,0.0,,,,,1.543,769.97998046875,506.9100036621094,562.0900268554688,709.1429,,14.0,3.26,0.031600002,0.00219,0.96154,False,False,,0.725,592685.0,591820.0,1.9565268809574494,2.85,-3.06,-18.91,,-0.2699939724234409,0.42139136635326013,49.468083907154,0.00043219863163068695,-0.11134638581084022,True,0.527559052722525,,0.911,US,True,True,41.64059462207997,87.12000707395723,24.694515487354362,66.23618193935602,30.6900468156863,54.81670929241261,11.884904086738949,46.6933867735471,50.0,61.95028680688337,72.5,52.77816069764213,standard,353,332656120,False,39.8,False,28.065054211843204,55.79649708090075,12.427022518765638,50.0417014178482,50.0417014178482,50.0417014178482,4,NEUTRAL,0,NEDTREND,True,2,0.2857142857142857,LÅG,EJ AKTUELL,0.1
AXP,American Express Company,Financial Services,Credit Services,United States,USD,230626337734.0,3.281557999999997,3.9134515000000007,1.6086,4.05358375,3.3515427,3.475,,0.208950005,0.018605000000000003,-0.08746000699999998,-0.15616495499999997,0.17808498499999997,0.05500000000000001,0.04299999999999998,0.15,110.5395,-0.12199999999999978,1.559,,53866999808.0,60458999808.0,239087910912.0,300052000000.0,,72230000000.0,,,,,10833000000.0,18428000000.0,1.12,0.21290001,3.8,1.1,0.95,1782950400.0,1.058,385.4126572339799,286.06937215690436,338.0,363.1071,2.27586,24.0,3.77,0.0227,0.22332,0.65323997,False,False,,0.45,3124153.0,3040200.0,1.50118669563764,9.28,14.97,-10.75,,-0.12301790391174472,0.2642622608272895,64.82170341340682,0.06024447502327179,0.005356361547438571,True,0.928675994346677,,0.718,US,True,True,,53.25351396002584,50.32679738562092,60.54349681202634,42.339364319691185,26.854219948849106,67.13928273561301,,50.0,75.33460803059273,45.0,44.735991030125,standard,637,1027587600,False,40.0,False,28.065054211843204,26.271893244370307,43.2860717264387,50.0417014178482,50.0417014178482,50.0417014178482,3,SVAG,-8,UPPTREND,False,2,0.2857142857142857,LÅG,EJ AKTUELL,-5.6
EQNR.OL,Equinor ASA,Energy,Oil & Gas Integrated,Norway,NOK,787846509215.243,-1.6404060000000005,-2.5271845000000006,0.7401,0.2885460499999999,7.5565553,7.688,12.21325,0.0075500050000000055,0.06889750175,-0.019604999999999997,0.16729249750000003,-0.04525998000000003,-0.1015,0.006999999999999951,0.182,33.90999999999999,-0.10099999999999998,0.89,17232532352.0,20096000000.0,31857000448.0,801566425088.0,131727000000.0,,105828000000.0,,,24730000000.0,,5043000000.0,19971000000.0,4.58,0.6733,14.48,3.77,0.39,1786579200.0,-0.752,417.96747634544374,220.82474737177222,316.3999938964844,362.3351,3.28,24.0,,,0.67,0.19739,False,False,,0.5,4073283.0,4311006.0,2.040034252886626,-14.39,-8.22,40.85,,-0.24300331532259078,0.3752282751188547,32.437613946711366,-0.09730574742202469,0.1270007722947777,False,0.069037907670149,,0.655,Nordic,True,True,61.571052552866924,62.71528644032351,46.12105711849957,44.00108956501992,59.41740816942858,17.988064791133844,67.13928273561301,73.24649298597194,50.0,,50.0,52.68537263860543,standard,355,140892153,False,46.8,False,76.48040033361134,17.597998331943284,17.01417848206839,50.0417014178482,50.0417014178482,50.0417014178482,5,NEUTRAL,0,VARNING,False,3,0.42857142857142855,LÅG,EJ AKTUELL,-3.3
MSAB-B.ST,Micro Systemation AB (publ),Technology,Software - Application,Sweden,SEK,1233269295.7453308,-0.9579519999999988,3.060988749999999,,3.3462608000000005,2.780793,2.578,-1.3630000000000013,0.18949749999999999,0.05614,0.028812498500000006,-0.18138500000000002,0.50789004,-0.05750000000000001,,,20.389499999999998,-0.2460000000000001,1.487,-803999548.0,145600000.0,76300000.0,1208685568.0,318067000.0,,461784000.0,,,67843000.0,,49172000.0,101888000.0,1.73,0.6073,1.2,4.0,0.6,1794441600.0,0.379,78.19999694824219,50.44243136967998,70.5999984741211,78.25,,2.0,,,0.2339,0.54385,False,False,,0.5,16122.0,11338.0,1.8299785429651578,-4.34,15.57,14.82,,-0.09718668504745931,0.45064828888945174,35.44303858591546,-0.005135476516943016,0.09357558022724843,False,0.16674668274580146,,0.167,Nordic,True,True,,69.61062044323978,66.19778346121058,16.20437212615668,51.81995717828555,96.24893435635123,67.13928273561301,,50.0,,50.0,44.68015006743039,standard,640,83607,False,52.0,False,28.065054211843204,97.5396163469558,52.543786488740615,50.0417014178482,50.0417014178482,50.0417014178482,3,SVAG,-8,VARNING,False,3,0.42857142857142855,LÅG,EJ AKTUELL,-11.0
DEMANT.CO,Demant A/S,Healthcare,Medical Devices,Denmark,DKK,52260675953.81148,-0.6764489999999981,1.6257694999999988,1.4265,2.5667592,2.2750719,3.125,0.6102499999999997,0.11524250250000002,0.008654999999999993,-0.01378,0.019080000000000014,0.32986000000000004,-0.049,-0.747,-0.64,170.85025,-0.811,0.811,2421282432.0,1330000000.0,20988000256.0,71784775680.0,39074000000.0,,22971000000.0,,,3924000000.0,,1545000000.0,3852000000.0,,0.0,,,0.6,956707200.0,0.741,284.3999938964844,175.0,247.8000030517578,251.10526,1.78947,19.0,,,0.589,0.1783,False,False,,0.5,429481.0,296534.0,1.8226773147210562,8.59,31.11,17.0,,-0.12869195369268605,0.3486418270212073,46.25001311300934,0.08613708287753075,0.13277930295876827,False,0.4638920434118041,,0.5,Nordic,True,True,87.28195196362873,66.34592211594301,68.96845694799659,17.45114749515703,29.987580506980137,52.088661551577154,11.884904086738949,84.86973947895791,50.0,,50.0,52.67773162782588,standard,356,11277549,False,61.3,False,88.49040867389492,53.12760633861552,57.96497080900751,50.0417014178482,50.0417014178482,50.0417014178482,4,NEUTRAL,0,UPPTREND,False,3,0.42857142857142855,LÅG,EJ AKTUELL,4.8
ATD.TO,Alimentation Couche-Tard Inc.,Consumer Cyclical,Specialty Retail,Canada,CAD,75634616435.58432,-6.432804999999998,1.8850475000000007,1.52,0.92319415,1.0320021,1.155,-0.5092500000000033,0.050575005000000006,0.0021100000000000008,-0.024040005500000003,-0.011454989999999998,-0.19843,-0.294,,0.308,13.869500000000002,-0.384,0.558,1337687488.0,3492900096.0,9043399680.0,84675952640.0,38301900000.0,,72856800000.0,,,3736400000.0,,2580400000.0,5037100000.0,0.98,0.1981,0.82,0.84,0.215,1774483200.0,0.754,85.58000183105469,66.19156680726897,82.37000274658203,94.763504,1.8,19.0,2.19,,0.19079,0.33789003,False,False,,0.5,1188952.0,1484670.0,1.8076642968614531,4.58,8.44,13.94,,-0.03750875222940031,0.25504645807910176,70.49955633023987,0.0362701188411787,0.07961721049571158,True,0.6222310615373456,,0.507,Canada,True,True,,45.11083284444979,68.88320545609548,37.906627471574126,56.46809877111448,44.671781756180735,67.13928273561301,67.93587174348697,50.0,,50.0,52.643318843836596,standard,357,86413419,False,59.5,False,73.7281067556297,43.70308590492077,79.8999165971643,50.0417014178482,50.0417014178482,50.0417014178482,5,NEUTRAL,0,UPPTREND,False,2,0.2857142857142857,LÅG,EJ AKTUELL,0.2
VMC,Vulcan Materials Company,Basic Materials,Building Materials,United States,USD,39294968898.22342,9.715115499999996,11.946640250000002,2.5984,1.7366654499999994,4.873855,5.471,5.5105,0.017452502500000015,0.013244999999999996,0.028747501499999988,0.0028825025000000087,-0.17266501500000003,-0.013999999999999999,-0.12,0.284,4.243000000000002,0.7605000000000001,1.109,-567468752.0,140200000.0,5191300096.0,44109660160.0,16700400000.0,,7941100000.0,,,1567200000.0,,1076700000.0,1813000000.0,0.69,0.2358,2.08,0.77,0.52,1779408000.0,1.06,329.8082478159176,251.57084828667837,302.8399963378906,326.72726,1.82609,22.0,4.32,0.0446,0.00211,0.98190004,False,False,,0.298,1168298.0,1346710.0,1.5563515949586464,16.95,18.06,4.11,,-0.08176948774513149,0.2614716760008253,62.77578789551357,0.06573645974761311,0.04272435815181397,True,0.9822625782586732,,0.514,US,True,True,43.94879310860527,52.175067418596356,62.9156010230179,46.98432840143209,67.18109361261607,56.77749360613811,67.13928273561301,38.476953907815634,50.0,47.801147227533455,29.799999999999997,44.54791290229452,standard,643,407837651,False,42.8,False,28.065054211843204,57.71476230191826,30.525437864887405,50.0417014178482,50.0417014178482,50.0417014178482,2,SVAG,-8,UPPTREND,False,3,0.42857142857142855,LÅG,EJ AKTUELL,2.1
DRI,"Darden Restaurants, Inc.",Consumer Cyclical,Restaurants,United States,USD,24447496040.81691,-5.188549000000002,2.250510499999999,1.8673,8.2139125,1.9153776,2.496,-0.03625000000000078,0.36919004999999994,0.007719999999999998,0.004194993500000001,0.02841000500000003,-0.234435015,-0.013999999999999999,-0.14400000000000002,-0.051,308.34799999999996,-0.961,0.133,-133706240.0,240400000.0,8156800000.0,31859941376.0,12587000000.0,,12076700000.0,,,1436300000.0,,1049600000.0,1698500000.0,2.87,0.6217,6.0,3.0,1.5,1775779200.0,0.587,221.4913805710894,166.46657282886,213.4499969482422,226.23077,1.89655,26.0,5.7,0.0659,0.0028799998,0.99578005,False,False,,0.443,1142972.0,1174640.0,1.6675513562290991,10.18,5.22,16.8,,-0.0363056277951469,0.25140697788543054,61.89525618979959,0.07001812600888035,0.10081404405088867,True,0.9216252003466738,,0.493,US,True,True,,57.096442602751225,68.00227337311736,30.22917304811212,37.906683685962854,65.13213981244672,67.13928273561301,43.48697394789579,50.0,33.07839388145315,44.3,44.42461250291855,standard,646,250726904,False,49.0,False,28.065054211843204,65.8882402001668,63.96997497914929,50.0417014178482,50.0417014178482,50.0417014178482,1,SVAG,-8,UPPTREND,False,2,0.2857142857142857,LÅG,EJ AKTUELL,-7.4
0700.HK,Tencent Holdings Limited,Communication Services,Internet Content & Information,China,HKD,3967626864426.2607,3.185229000000003,-0.08100099999999877,1.3094,1.0115109,5.1648226,5.3,3.247,0.05697250000000001,0.042584997000000006,0.16084002,0.14701999999999996,0.20657500000000006,0.03,0.1285,0.215,0.0,0.2340000000000001,1.141,120854767616.0,459714985984.0,405511012352.0,4071135117312.0,2038986000000.0,,751766000000.0,,,248767000000.0,,224842000000.0,303052000000.0,1.18,0.1712,5.3,0.67,5.3,1778803200.0,0.741,675.1340645101453,420.3999938964844,440.20001220703125,707.6228,1.32609,42.0,,,0.31673,0.25647,False,False,,0.5,29191385.0,27591330.0,0.8573331383042516,-4.3,-20.26,-26.09,,-0.3479813338608153,0.2977290819884669,54.42176870748299,-0.05622890061432584,-0.21410503624360067,True,0.3469184972552049,,0.88,Asia,True,True,77.00397062782281,80.74009883243912,11.196362603012219,66.53727630831071,67.92187011738403,11.082693947144074,67.13928273561301,80.66132264529058,50.0,,50.0,52.4006497007506,standard,363,1549829442,False,48.7,False,81.40116763969975,10.842368640533778,27.856547122602173,50.0417014178482,50.0417014178482,50.0417014178482,6,NEUTRAL,0,NEDTREND,True,5,0.7142857142857143,HÖG,EJ AKTUELL,-6.2
VIE.PA,Veolia Environnement SA,Industrials,Waste Management,France,EUR,26418382438.40895,-5.164539000000001,-3.6995354999999996,1.2278,0.6298684500000002,0.59506226,1.085,-6.616,-0.021595005000000014,-0.010799996999999995,-0.0364925095,-0.0305500025,-0.19828001,,,,153.33200000000002,-0.40400000000000014,0.795,1229398592.0,10145000448.0,29517000704.0,48165752832.0,70671000000.0,,44396000000.0,,,3498000000.0,,1217000000.0,5153000000.0,4.16,0.8235,1.5,3.47,1.5,1778457600.0,1.01,36.119998931884766,26.281339587516165,36.08000183105469,39.10588,,17.0,,,0.09380999,0.63839,False,False,,0.5,1766118.0,1501125.0,2.785468665682471,4.55,19.09,27.78,26.32,-0.0011073394798682967,0.1859842417245237,72.10885295249793,0.045966283845118694,0.18021959981265878,True,0.9162194362203326,,0.5,Europe,True,True,,32.47644211448338,80.1118632534785,31.609674728940785,42.54361079663667,63.853367433930096,67.13928273561301,77.15430861723446,50.0,,50.0,44.38592704438356,standard,648,62117891,False,67.9,False,88.82402001668058,64.6371976647206,90.07506255212677,50.0417014178482,50.0417014178482,50.0417014178482,3,SVAG,-8,UPPTREND,False,2,0.2857142857142857,LÅG,EJ AKTUELL,1.1
LLOY.L,Lloyds Banking Group plc,Financial Services,Banks - Regional,United Kingdom,GBp,77585154167288.2,1.925575999999996,0.6037635000000012,1.1001,-0.45951485000000003,3.197798,-5.213,,-0.02779999499999998,-0.0126700005,0.030694990000000033,0.003915035000000011,-0.37966999,0.054000000000000006,0.314,0.366,,,,,323060989952.0,161334001664.0,-99727147008.0,944072000000.0,,20028000000.0,,,,,4659000000.0,5701000000.0,3.47,0.4382,0.04,4.27,0.0243,1775692800.0,0.921,1395.235783668475,948.0381272048579,1332.815152082214,115.222,,18.0,,,0.00074,0.50688,False,False,,0.5,196201691.0,144374661.0,1.7555002493892453,6.01,11.5,12.98,36.0,-0.044738410752438895,0.27520275108098646,71.49281592362753,0.06515693883045826,0.12210333091270731,True,0.9433492899605244,,0.609,UK,True,True,,37.10767580463855,70.95739771776282,66.28504603463216,53.66943658113414,1.3640238704177323,67.13928273561301,,50.0,,50.0,44.376407727832046,standard,649,192424735758,False,36.7,False,28.065054211843204,2.543786488740617,45.20433694745621,50.0417014178482,50.0417014178482,50.0417014178482,1,SVAG,-8,UPPTREND,False,3,0.42857142857142855,LÅG,EJ AKTUELL,-3.7
PZU.WA,Powszechny Zaklad Ubezpieczen SA,Financial Services,Insurance - Property & Casualty,Poland,PLN,58477778614.105225,-3.7341680000000004,0.13185999999999964,1.72,0.050956749999999995,0.93455297,1.48,-2.846,0.05671500999999998,0.024505000000000006,-0.10976501399999998,0.004070010000000013,0.2132,-0.108,-0.359,-0.226,0.8064999999999998,3.0269999999999997,4.102,2941523648.0,49941000192.0,46239997952.0,92588466176.0,535483000000.0,,64701000000.0,,,,,6699000000.0,10519000000.0,7.09,0.6123,4.8,6.57,4.8,1789516800.0,0.324,72.72000122070312,53.36000061035156,67.72000122070312,71.325,,10.0,,,0.34188,0.32865003,False,False,,0.5,1834051.0,1843788.0,1.5445477755294994,5.52,4.35,4.02,,-0.06875687453339208,0.22721261034824572,66.08525842337787,0.03858022347780121,0.06601932747343553,True,0.8797503647469737,,0.591,Europe,True,True,,57.46172770022069,56.351236146632566,23.34358328859014,88.71310976675663,50.04262574595055,67.13928273561301,82.96593186372746,50.0,,50.0,52.35359516347069,standard,365,124861326,False,64.9,False,89.90825688073394,50.0417014178482,82.48540450375313,50.0417014178482,50.0417014178482,50.0417014178482,5,NEUTRAL,0,UPPTREND,False,2,0.2857142857142857,LÅG,EJ AKTUELL,-3.7
UTHR,United Therapeutics Corporation,Healthcare,Drug Manufacturers - Specialty & Generic,United States,USD,22776493600.39691,-6.935424000000001,1.3242079999999987,2.1964,0.40562640000000005,7.1854672,6.662,0.16974999999999962,0.07708250250000002,0.06529499999999999,0.286665003,0.226595005,0.416324985,-0.099,-0.235,-0.147,,2.7799999999999994,4.116,-245443776.0,2153700096.0,0.0,21118570496.0,7880000000.0,,3182700000.0,,,1517200000.0,,1334700000.0,1561200000.0,,0.0,,,,,0.573,609.3499755859375,272.1199951171875,536.5900268554688,665.2308,1.6,13.0,4.75,0.060399998,0.02037,1.02137,False,False,,0.892,535282.0,623540.0,3.6036036036036037,-5.33,1.82,7.32,,-0.11940584499163132,0.476542747201605,36.976953252696966,-0.05095804671522741,0.07863395292398545,False,0.13556789446458561,,0.479,US,True,True,56.64126760984655,89.19483758500783,51.605569764137535,18.901644950632125,60.0868273720391,67.26342710997443,11.884904086738949,39.17835671342685,50.0,35.5640535372849,99.2,44.32515239411725,standard,652,334585345,False,42.4,False,28.065054211843204,67.97331109257715,18.015012510425354,50.0417014178482,50.0417014178482,50.0417014178482,2,SVAG,-8,VARNING,False,2,0.2857142857142857,LÅG,EJ AKTUELL,-0.3
ASRNL.AS,ASR Nederland N.V.,Financial Services,Insurance - Diversified,Netherlands,EUR,13541776577.336792,17.637266,0.0,,-0.1954100500000001,0.79880357,-3.183,-14.937,-0.06971500000000003,0.023164999000000006,-0.17846501399999998,0.009160030000000041,0.14440996,0.034,-0.727,-0.593,178.2045,3.437,4.738,429023552.0,92259000320.0,24227000320.0,-54501769216.0,142151000000.0,,13109000000.0,,,,,548000000.0,-569000000.0,5.16,1.4954,3.41,5.99,2.14,1779408000.0,0.521,66.9000015258789,52.24095611696709,66.19999694824219,69.26357,1.93333,14.0,,,0.00021,0.86213,False,False,,0.5,506343.0,468947.0,1.6518227898851627,1.88,18.3,14.77,26.17,-0.010463446362791728,0.15906898668443348,76.74417057315827,0.04069710240546032,0.12536928987340823,True,0.7804087696206888,,0.5,Europe,True,True,,45.19761635691939,75.10588000656983,26.119958309048744,69.49745727495403,76.04433077578857,29.02418682235196,,50.0,,50.0,52.27761252340875,standard,367,35605331,False,67.5,False,82.3185988323603,76.56380316930776,85.9883236030025,50.0417014178482,50.0417014178482,50.0417014178482,4,NEUTRAL,0,UPPTREND,False,2,0.2857142857142857,LÅG,EJ AKTUELL,-0.1
UNH,UnitedHealth Group Incorporated,Healthcare,Healthcare Plans,United States,USD,364129572467.817,3.428453000000001,3.593146000000001,1.3894,0.2918970999999999,0.80969316,0.93,6.01775,-0.0037675014999999923,-0.023115,-0.09270499700000001,-0.10982499899999999,-0.261495015,-0.063,-0.106,-0.002,14.68225,-1.2159999999999997,0.722,16875644544.0,31228999680.0,77917003776.0,418255568896.0,309581000000.0,,447567000000.0,,,18964000000.0,,12056000000.0,19697000000.0,2.31,0.6657,9.28,1.65,2.32,1781481600.0,0.65,414.1600036621094,228.48086213583068,400.9599914550781,409.76923,1.64286,26.0,2.88,0.023699999,0.00241,0.85940003,False,False,,0.329,7842764.0,7450020.0,1.6942963526820651,3.6,43.79,21.6,,-0.03187176958256066,0.40161181878667596,66.96459009993578,0.08152917555566264,0.21774713014696578,False,0.6573189576045696,,0.682,US,True,True,77.78687972960846,23.520752201697782,83.6175049730037,36.99126301777724,42.23582577984165,23.017902813299234,67.13928273561301,88.17635270541082,50.0,73.4225621414914,32.9,44.27596803799458,standard,655,2987159956,False,60.9,False,88.57381150959132,22.51876563803169,85.73811509591326,50.0417014178482,50.0417014178482,50.0417014178482,3,SVAG,-8,UPPTREND,False,3,0.42857142857142855,LÅG,EJ AKTUELL,-0.9
G1A.DE,GEA Group Aktiengesellschaft,Industrials,Specialty Industrial Machinery,Germany,EUR,9694838966.992188,-3.126350000000002,-0.7999614999999984,1.2103,0.6049279500000002,1.759481,1.73,-1.5699999999999985,0.023294994999999985,0.023970002000000004,0.01221749149999999,-0.0006099974999999938,0.0,-0.049,-0.0050000000000000044,0.057,-59.528,-0.15900000000000003,0.671,-286160832.0,415686016.0,251400000.0,9530849280.0,6087950000.0,,5495356000.0,,,594299000.0,,414013000.0,731800000.0,2.18,0.44919997,1.3,2.34,1.3,1777507200.0,0.757,65.33311148151213,52.86308761263763,59.54999923706055,64.67059,2.35294,17.0,,,0.0,0.72692,False,False,,0.5,380270.0,490908.0,2.1806041658207804,9.27,-1.16,8.82,5.52,-0.08851732472726459,0.22442604433490246,77.40112604710225,0.041721728388285806,0.00729040105202472,True,0.9676653109859265,,0.433,Europe,True,True,,58.25029248097367,50.89367418287618,34.29389766296333,59.40997977760162,81.75618073316284,67.13928273561301,29.058116232464933,50.0,,50.0,44.16030105118336,standard,659,33528580,False,51.9,False,28.065054211843204,82.15179316096747,66.72226855713093,50.0417014178482,50.0417014178482,50.0417014178482,2,SVAG,-8,UPPTREND,False,1,0.14285714285714285,LÅG,EJ AKTUELL,
SHW,The Sherwin-Williams Company,Basic Materials,Specialty Chemicals,United States,USD,79118242968.07211,4.632533499999997,8.21886825,2.4788,14.84893645,3.3054767,3.887,7.1615,0.49010250250000004,0.04710500000000001,-0.0007424985000000009,-0.011017497499999987,0.04085498500000001,-0.01999999999999999,-0.34199999999999997,0.061,272.515,-0.9654999999999999,0.468,1328168704.0,216900000.0,14601400320.0,93045014528.0,25901700000.0,,23574300000.0,,,3796700000.0,,2568500000.0,3451600000.0,1.0,0.3045,3.2,0.87,0.8,1779408000.0,1.126,376.951782499269,289.8599853515625,320.7900085449219,372.95,2.04167,20.0,2.92,0.025899999,0.062800005,0.82935995,False,False,,0.254,2024095.0,2563660.0,1.8275645814114267,7.55,3.62,-1.69,,-0.1489892781033766,0.25133436563973854,60.50316748926836,0.013525909260124092,-0.03755286771702959,True,0.8608586617872835,,0.662,US,True,True,61.22244488977956,66.62436644656506,44.884910485933496,37.83869540032614,28.70997348006477,43.39300937766411,67.13928273561301,66.03206412825652,50.0,70.26768642447419,25.4,52.145669066403606,standard,370,822396513,False,53.7,False,72.97748123436196,42.45204336947456,43.95329441201001,50.0417014178482,50.0417014178482,50.0417014178482,4,NEUTRAL,0,NEDTREND,True,3,0.42857142857142855,LÅG,EJ AKTUELL,-2.1
AAL.L,Anglo American plc,Basic Materials,Other Industrial Metals & Mining,United Kingdom,GBp,52857193853283.32,,10.592267250000003,1.4,1.18981015,2.2474322,3.203,0.927999999999999,-0.14426749749999995,-0.005080000500000004,-0.2947975015,0.026372502499999992,0.25109001,0.087,,,-8.247,1.0345,1.483,-1237487552.0,6438000128.0,15797999616.0,59400859648.0,55994000000.0,,18546000000.0,,,3990000000.0,,-3741000000.0,5511000000.0,0.41,5.6102004,0.17,4.15,0.11822,1773273600.0,0.979,53163.63441611081,25846.957160608454,49330.64716339111,3937.5408,2.4375,16.0,,,0.07,0.58147997,False,False,,0.5,5248160.0,3901110.0,1.7988322712677811,4.02,28.57,39.98,88.98,-0.07209791608148863,0.37226862173251296,46.60911445817354,0.03326257956589651,0.22417714219282603,False,0.4098117954154734,,0.5,UK,True,True,49.661973200131605,39.72086370858003,83.52016315102028,53.81010977220326,51.83181965708355,2.3017902813299234,29.02418682235196,32.965931863727455,50.0,,50.0,44.07492374978343,standard,663,192444280956,False,38.7,False,28.065054211843204,2.543786488740617,58.63219349457881,50.0417014178482,50.0417014178482,50.0417014178482,3,SVAG,-8,UPPTREND,False,1,0.14285714285714285,LÅG,EJ AKTUELL,-6.7
MDB,"MongoDB, Inc.",Technology,Software - Infrastructure,United States,USD,26763723709.25,,25.281931249999996,1.67,3.0207452999999997,10.284251,9.374,-322.96049999999997,-0.15655249999999998,-0.081819999,-0.1190724985,-0.17420999999999998,0.270195025,0.1195,,,-47.479499999999994,3.2539999999999996,4.553,-294250880.0,2427152896.0,58635000.0,24395206656.0,3758848000.0,,2463797000.0,,,-136968000.0,,-71151000.0,505148000.0,,0.0,,,,,1.553,444.7200012207031,196.0,332.75,394.68445,1.65,36.0,1.39,0.0454,0.02726,0.93623,False,False,,0.455,2035919.0,1579920.0,1.0254130471810594,-0.58,23.17,-21.06,,-0.25177640068663176,0.7335794344739898,49.357329359212194,0.10126181175683047,0.0006688165993540274,False,0.38024197980962365,,1.0,US,True,True,,24.714981872096963,41.06280193236716,88.25331889052242,36.437420013645486,63.512361466325665,11.884904086738949,38.877755511022045,50.0,46.845124282982795,45.5,43.989334377234755,standard,666,525718380,False,41.0,False,28.065054211843204,64.30358632193494,12.01000834028357,50.0417014178482,50.0417014178482,50.0417014178482,3,SVAG,-8,UPPTREND,False,1,0.14285714285714285,LÅG,EJ AKTUELL,-8.9
IMO.TO,Imperial Oil Limited,Energy,Oil & Gas Integrated,Canada,CAD,76504366037.19215,7.164351,3.642672000000001,5.19,1.4828113999999997,1.6323369,1.7,3.800749999999999,0.02417500000000001,0.013397503750000001,-0.027435,-0.0794674925,-0.22085000000000002,-0.052500000000000005,-0.515,-0.27,-21.774499999999996,0.062000000000000055,0.928,2751874880.0,1029000000.0,4216000000.0,79691366400.0,42309000000.0,,45203000000.0,,,4114000000.0,,3268000000.0,6708000000.0,2.2,0.5136,3.48,2.23,0.87,1780531200.0,0.797,190.81036869942162,104.2152068494382,158.1999969482422,152.5625,3.82353,16.0,4.98,0.0401,0.69606,0.28643999,False,False,,0.5,734907.0,595040.0,1.3129677796061363,-13.82,-8.25,36.38,,-0.17090461054844275,0.2680199099871312,39.506240903277025,-0.08536276437731372,0.07412176001468374,False,0.03968838166517069,,0.702,Canada,True,True,79.61546226781921,41.095052921777445,50.35521454958795,27.6642939449377,57.547624939923956,44.24552429667519,67.13928273561301,85.67134268537075,50.0,51.816443594646266,50.0,51.97564593391838,standard,374,66517330,False,60.3,False,84.07005838198499,43.2860717264387,68.72393661384487,50.0417014178482,50.0417014178482,50.0417014178482,5,NEUTRAL,0,VARNING,False,2,0.2857142857142857,LÅG,EJ AKTUELL,-5.6
WES.AX,Wesfarmers Limited,Consumer Cyclical,Home Improvement Retail,Australia,AUD,97361849178.50555,4.371836000000002,8.112440999999999,1.51,9.27275835,2.0973213,2.355,5.562250000000001,0.21029501,0.028549999,-0.1309200055,-0.16425999999999996,-0.04118499999999997,-0.041999999999999996,-0.018000000000000002,0.093,118.54200000000002,-0.41400000000000003,0.322,1924875008.0,729000000.0,12688000000.0,109320871936.0,27981000000.0,,45576000000.0,,,3822000000.0,,2926000000.0,,2.48,0.763,2.13,3.13,1.02,1771891200.0,0.814,93.53029414522805,70.80000305175781,85.76000213623047,75.13228,3.5,13.0,,,0.00714,0.33223,False,False,,0.5,1619480.0,2204980.0,1.524482327457021,16.33,16.46,7.57,5.21,-0.08307781002946868,0.19928195953248662,77.66452704088198,0.1220548895919773,0.05754516929788389,True,0.8044070425161124,,0.5,Australia,True,True,65.73479047647534,47.260078590862676,59.304144473904444,39.30755321955373,46.793707801955826,39.727195225916454,67.13928273561301,69.83967935871743,50.0,,50.0,43.94637169824924,standard,668,132663876,False,56.4,False,75.39616346955796,38.86572143452877,61.05087572977481,50.0417014178482,50.0417014178482,50.0417014178482,3,SVAG,-8,UPPTREND,False,2,0.2857142857142857,LÅG,EJ AKTUELL,-12.9
SLF.TO,Sun Life Financial Inc.,Financial Services,Insurance - Diversified,Canada,CAD,60657023671.968864,3.4201869999999985,0.09538449999999976,1.3496,0.4501216999999996,1.7381731,-0.915,-14.158500000000002,-0.0003449960000000002,-0.009364999999999998,-0.14074500999999998,-0.28447996999999997,0.013500020000000001,-0.059,-0.617,-0.488,4.140999999999998,46.496,45.002,-4940125120.0,109036003328.0,14042000384.0,-31926589440.0,398455000000.0,,38447000000.0,,,,,3745000000.0,2799000000.0,3.36,0.6704,3.68,4.07,0.96,1779840000.0,0.83,112.05000305175781,74.20870012486354,109.43000030517578,99.28571,2.26667,14.0,4.6,,0.00063,0.56006,False,False,,0.5,1877847.0,1949280.0,1.7444200432222445,9.5,29.46,32.3,,-0.023382442438415696,0.19715677443390137,83.42338148171399,0.10554798550510269,0.25064603944758357,True,0.851408064089599,,0.691,Canada,True,True,,30.80066025758951,86.1324239840864,24.360004387983658,82.52262461714709,48.84910485933504,67.13928273561301,,50.0,,50.0,43.89869334413742,standard,670,150727606,False,46.8,False,28.065054211843204,47.78982485404504,67.22268557130943,50.0417014178482,50.0417014178482,50.0417014178482,2,SVAG,-8,UPPTREND,False,3,0.42857142857142855,LÅG,EJ AKTUELL,-8.6
EVO.ST,Evolution AB (publ),Consumer Cyclical,Gambling,Sweden,SEK,135910710591.56445,-11.689478999999999,-6.142909000000001,,29.353962000000003,66.01982,66.537,91.76525000000001,0.10229002000000001,0.06481,0.47060999449999996,0.4961150000000001,0.57365,-0.088,-0.094,-0.011,-58.721000000000004,0.2649999999999998,1.746,-7032320.0,1097950976.0,88399000.0,136974802944.0,5521787000.0,,2066540000.0,,,1205639000.0,,1062096000.0,1255217000.0,5.05,0.53330004,30.5,2.46,2.8,1747008000.0,0.721,887.5999755859375,515.4000244140625,692.5999755859375,677.9628,3.1875,17.0,,,0.40673,0.34088,False,False,,0.5,651876.0,740350.0,1.900666822552382,-3.08,17.43,10.22,,-0.21969356169852672,0.2890091182260463,48.16753647857461,0.04085886051674659,0.06396866158325554,False,0.2558954403826502,,0.36,Nordic,True,True,34.911427332276496,93.31055499806581,55.129298096050015,24.919731951217635,59.919117842717014,33.67433930093777,67.13928273561301,47.394789579158314,50.0,,50.0,43.85884061173233,standard,672,53557771,False,34.9,False,28.065054211843204,32.9441201000834,2.543786488740617,50.0417014178482,50.0417014178482,50.0417014178482,3,SVAG,-8,UPPTREND,False,2,0.2857142857142857,LÅG,EJ AKTUELL,-12.3
TORNTPHARM.NS,Torrent Pharmaceuticals Limited,Healthcare,Drug Manufacturers - Specialty & Generic,India,INR,1499245544009.375,39.78523599999999,27.683896999999998,,13.2662341,10.724424,12.289,21.84525,0.02001750250000002,0.001044999999999987,0.02528500999999997,0.0,0.35380001,0.33499999999999996,-0.33,-0.219,69.92875,-0.9450000000000002,0.723,14450469376.0,23552100352.0,150254993408.0,1717912469504.0,443119600000.0,,137529900000.0,,,34397600000.0,,21633700000.0,30227100000.0,0.86,0.5476,38.0,1.04,9.0,1780012800.0,0.145,4703.552797781639,3112.5303812575667,4429.7998046875,4878.7856,,28.0,,,0.71188,0.15833999,False,False,,0.5,442563.0,442060.0,1.2356196200348555,-0.68,3.48,18.7,,-0.05820132246059839,0.20472397413309107,57.47362576856858,0.01984488925706196,0.11581387033389223,False,0.42485201351552987,,0.418,India,True,True,47.32692997936171,62.6560144657402,64.47854504120488,35.55281766511717,56.35476050229584,15.686274509803921,67.13928273561301,57.61523046092184,50.0,,50.0,51.79348092596846,standard,379,20763837,False,43.1,False,66.30525437864887,15.346121768140117,11.175979983319433,50.0417014178482,50.0417014178482,50.0417014178482,6,NEUTRAL,0,UPPTREND,False,3,0.42857142857142855,LÅG,EJ AKTUELL,-1.9
TROW,"T. Rowe Price Group, Inc.",Financial Services,Asset Management,United States,USD,23065800462.844894,-6.266638000000002,-1.7304825000000008,13.6751,-0.5809975500000005,3.113676,2.82,-1.4004999999999992,0.051649995000000004,0.089125,0.032269993,0.0032250050000000585,0.07048498499999994,-0.008,-0.096,0.016,-63.43750000000001,3.8489999999999998,5.545,1068493696.0,3729799936.0,459600000.0,20893401088.0,14341800000.0,,7314800000.0,,,2477400000.0,,2087100000.0,1753400000.0,4.83,0.5483,5.2,4.16,1.3,1781481600.0,1.519,112.34334543050927,84.2095526998167,107.6500015258789,97.83333,3.38462,12.0,12.54,0.1415,0.01768,0.89999,False,False,,0.597,2176495.0,2275310.0,2.193565780014378,7.1,25.09,6.39,,-0.0417767860361028,0.23653740054083852,68.59494503820868,0.061402647708318714,0.09445600336937199,True,0.7834428169314233,,0.739,US,True,True,,67.83926466017337,71.4975845410628,45.591328751953604,61.68642266324832,66.66666666666666,67.13928273561301,91.38276553106212,50.0,13.575525812619501,59.699999999999996,51.785036263771524,holding,380,244937125,False,61.7,False,88.4070058381985,67.38949124270225,46.371976647206004,50.0417014178482,50.0417014178482,50.0417014178482,4,NEUTRAL,0,UPPTREND,False,4,0.5714285714285714,MEDEL,EJ AKTUELL,-0.4
STLD,"Steel Dynamics, Inc.",Basic Materials,Steel,United States,USD,36040216627.83298,0.6044035000000001,-2.0046447500000006,11.95,1.1412051499999993,1.895632,2.086,3.868500000000001,0.035342502500000005,0.019225000000000003,-0.0371824985,-0.04927750149999999,-0.309125015,0.10300000000000001,0.514,0.858,-11.012,1.3014999999999999,1.204,-843645132.0,556526976.0,4200793088.0,39653027840.0,16419780000.0,,18176581000.0,,,1598972000.0,,1185595000.0,1449534000.0,0.85,0.2176,2.12,1.4,0.53,1782777600.0,1.522,288.739990234375,118.74164403824004,249.91000366210938,268.18182,2.0,11.0,3.57,0.033,0.06526,0.86959,False,False,,0.472,1182530.0,1446250.0,3.4673101229461105,11.88,49.61,48.65,,-0.13448080586532773,0.3436988249595772,43.746953087612425,0.048185240029929854,0.3624072161793781,False,0.22327924389859904,,0.53,US,True,True,42.53959411360033,41.785766002443914,78.77237851662404,71.89003180833741,46.31549055804813,58.82352941176471,67.13928273561301,32.86573146292585,50.0,60.32504780114722,47.199999999999996,51.76363875667904,commodity,381,361432343,False,48.2,False,28.065054211843204,59.71643035863219,64.47039199332777,50.0417014178482,50.0417014178482,50.0417014178482,4,NEUTRAL,0,UPPTREND,False,3,0.42857142857142855,LÅG,EJ AKTUELL,-2.3
TFII.TO,TFI International Inc.,Industrials,Trucking,Canada,CAD,16783209942.296097,10.425450999999999,0.9664320000000011,,0.7861603999999998,2.1327214,2.615,5.0295000000000005,-0.024505004999999996,-0.0063399979999999995,-0.0448225045,-0.0920400045,-0.189,-0.069,-0.272,-0.227,61.49150000000001,-0.29499999999999993,0.994,-192059648.0,185814000.0,3180718080.0,20578605056.0,7509235000.0,,7884671000.0,,,555325000.0,,310553000.0,977788000.0,1.21,0.5125,2.59,1.26,0.654,1782777600.0,1.463,233.85000610351562,112.70268782904161,204.2100067138672,213.19011,1.83333,10.0,3.03,,0.063379996,0.80446,False,False,,0.5,261138.0,333300.0,0.6765398293623629,1.71,51.03,41.54,,-0.12674790941218983,0.3756890243283867,39.78731454867705,0.028712918232026485,0.3238187600567981,False,0.12678287493333262,,1.0,Canada,True,True,46.177691203302125,29.743579023999995,78.61608411480533,38.15457675379443,30.272766978765492,73.1457800511509,67.13928273561301,40.78156312625251,50.0,,50.0,43.76331601026953,standard,673,48094400,False,49.6,False,28.065054211843204,73.7281067556297,60.216847372810676,50.0417014178482,50.0417014178482,50.0417014178482,2,SVAG,-8,UPPTREND,False,2,0.2857142857142857,LÅG,EJ AKTUELL,-0.6
GJF.OL,Gjensidige Forsikring ASA,Financial Services,Insurance - Property & Casualty,Norway,NOK,133190440914.06113,6.613681,3.3867009999999986,1.62,4.907136250000001,2.8421237,1.22,-3.8000000000000007,0.166100005,0.012255000000000002,-0.06387500999999998,-0.16096997999999996,-0.05146002999999999,-0.0020000000000000018,0.15899999999999997,0.291,-24.336500000000008,8.146,9.732,10083782528.0,81469399040.0,5348700160.0,57192800256.0,191899400000.0,,44936300000.0,,,,,6556100000.0,,3.75,0.7675,10.0,4.06,14.5,1774569600.0,0.194,285.9179780691262,230.6216106533257,266.3999938964844,289.6143,2.07143,14.0,,,0.62277,0.26858,False,False,,0.5,391648.0,338982.0,1.5828945889151709,3.26,4.64,-2.58,,-0.06826427741428343,0.20390538216544726,76.28205692509789,0.03612430822989321,0.020807955816025903,True,0.8828320292961068,,0.324,Nordic,True,True,,46.18003921332233,53.26797385620915,48.678130337284706,93.63833963179702,33.84484228473998,67.13928273561301,99.04809619238478,50.0,,50.0,59.65688499486898,standard,145,9327872,False,58.7,False,93.57798165137615,33.11092577147623,51.876563803169304,50.0417014178482,50.0417014178482,50.0417014178482,7,STARK,8,UPPTREND,False,2,0.2857142857142857,LÅG,VÄNTA,5.1
ACA.PA,Crédit Agricole S.A.,Financial Services,Banks - Regional,France,EUR,53524226277.95755,-4.703369,-3.3359636000000013,4.18,-0.85811049,2.0210788,-9.801,,-0.033425000000000024,-0.0015049999999999925,0.057785006,0.04398003000000006,-0.37562,-0.072,-0.21700000000000003,0.018,,,,,839499972608.0,519500005376.0,-259554689024.0,2374307000000.0,,26261000000.0,,,,,7074000000.0,19012000000.0,6.55,0.5159,1.13,8.02,1.13,1779753600.0,0.813,17.905238361868463,14.29987403845285,17.69499969482422,20.10312,2.5,16.0,,,0.70044,0.09907,False,False,,0.5,5538167.0,6284761.0,1.3135824632685895,10.58,16.4,8.77,19.71,-0.011741740757384989,0.21891709510155719,82.0051189518897,0.0863115232558993,0.10850903582213123,True,1.0506937690042812,,0.423,Europe,True,True,,45.03432599675178,70.53788607585037,24.54865618934644,67.87142726691627,51.91815856777494,67.13928273561301,,50.0,,50.0,43.626136923741704,standard,677,127547697,False,46.8,False,28.065054211843204,52.960800667222685,62.38532110091744,50.0417014178482,50.0417014178482,50.0417014178482,1,SVAG,-8,UPPTREND,False,3,0.42857142857142855,LÅG,EJ AKTUELL,-5.6
ITUB,Itaú Unibanco Holding S.A.,Financial Services,Banks - Regional,Brazil,USD,42098169105.198814,-8.079567,-5.054275500000001,1.342,-0.6003319500000005,0.62133926,5.196,,0.08292000499999999,-0.0036149999999999932,0.08226999300000004,-0.03786494499999998,-0.449505015,-0.082,-0.019000000000000003,0.107,,,,,531765002240.0,1153635057664.0,718038368256.0,3066169000000.0,,165243000000.0,,,,,44857000000.0,34466000000.0,2.23,0.7488,0.17,4.16,0.003,1782086400.0,0.161,9.56292604465398,5.483783210355719,7.789999961853027,8.825,,8.0,1.26,0.0058999998,2.0000001e-05,0.32884,False,False,,0.701,23211980.0,26441810.0,0.9272498601673587,1.47,-3.12,12.82,,-0.18539577473696778,0.3116494547589632,47.08748779133905,-0.06095189839434678,0.022277453964215654,True,0.4846120028163166,,0.689,US,True,True,,47.31958092750834,44.728616084114805,43.251312896548015,73.419779015615,55.754475703324815,67.13928273561301,,50.0,95.41108986615679,70.1,43.57376005467077,standard,678,205981699,False,51.4,False,28.065054211843204,56.7139282735613,89.24103419516264,50.0417014178482,50.0417014178482,50.0417014178482,0,SVAG,-8,VARNING,False,2,0.2857142857142857,LÅG,EJ AKTUELL,-12.6
BLK,"BlackRock, Inc.",Financial Services,Asset Management,United States,USD,163009654203.16077,8.587004999999998,4.434123499999998,1.3327,0.15068254999999964,6.670005,6.688,8.045499999999999,-0.016249991000000005,0.016795000000000004,-0.006540016999999981,-0.012234944999999942,0.019404964999999996,0.20900000000000002,0.326,0.465,-43.6725,0.4720000000000003,1.596,6270518912.0,13144999936.0,14965000192.0,171457658880.0,169998000000.0,,24216000000.0,,,7909000000.0,,5553000000.0,3927000000.0,2.18,0.5376,22.92,2.34,5.73,1780617600.0,1.434,1200.5442226097864,912.2493207582107,1050.0899658203125,1246.25,1.58824,16.0,3.36,0.013200001,0.0191,0.84329003,False,False,,0.647,689935.0,675540.0,1.4510539892738403,1.9,8.91,-0.59,,-0.12532171156711824,0.2590253752970614,52.49721237035843,0.006907189977011674,-0.007776977736870694,True,0.6745240523975018,,0.934,US,True,True,74.65042024347201,50.88694132569011,51.491901108269396,81.34508175058093,51.267425645483975,30.946291560102303,67.13928273561301,86.97394789579158,50.0,89.10133843212236,64.7,51.53635216251677,holding,386,709377776,False,51.4,False,84.90408673894912,30.275229357798167,20.683903252710593,50.0417014178482,50.0417014178482,50.0417014178482,4,NEUTRAL,0,NEDTREND,True,3,0.42857142857142855,LÅG,EJ AKTUELL,-0.3
WIHL.ST,Wihlborgs Fastigheter AB (publ),Real Estate,Real Estate Services,Sweden,SEK,23902442408.0,-16.6559835,-10.030799250000001,1.97,-0.5969026099999997,5.2590632,12.777,-1.520500000000002,0.02704000000000001,0.0025575012500000036,0.29464745849999996,0.32819502500000003,0.29135999999999995,0.03900000000000001,0.035500000000000004,0.271,65.0175,-0.45599999999999996,0.31,472532352.0,290000000.0,34460000256.0,58072449024.0,65897000000.0,,4354000000.0,,,3020000000.0,,2220000000.0,2181000000.0,4.24,0.42110002,3.3,3.36,3.3,1776902400.0,1.18,103.1454377236507,72.21143341064453,77.75,100.42857,,7.0,,,0.11685,0.51308995,False,False,,0.5,495556.0,354847.0,1.633761920035529,-8.85,-9.66,-9.46,,-0.24620999516906084,0.43264846074353486,11.518314150656238,-0.06322410014728097,-0.102845181079802,False,0.16436177882996358,,0.0,Nordic,True,True,,78.67653612914806,24.524012503552143,46.8521505005743,28.034362847965095,65.72890025575447,67.13928273561301,57.214428857715426,50.0,,50.0,59.449614955307915,standard,153,2881672,False,55.4,False,75.31276063386156,66.4720600500417,27.356130108423688,50.0417014178482,50.0417014178482,50.0417014178482,7,STARK,8,NEDTREND,True,2,0.2857142857142857,LÅG,EJ AKTUELL,5.1
SMT.L,Scottish Mortgage Ord,Unknown,Unknown,Unknown,GBp,20679160873100.617,0.0,,,0.1690547,,,,,,,,,,,,,,,,,,,15464442000.0,,3109087000.0,,,,,3101619000.0,-68721000.0,,,,,,,,19584.406252953024,12672.664018811969,18527.52583694458,,,,,,,,False,False,,0.5,3836999.0,5147651.0,0.9749161676012584,0.11,23.68,28.84,44.36,-0.05396540504510228,0.20413545253497473,42.66629175357236,0.022237307350179147,0.2056519352072006,False,0.4173912476196195,,0.5,UK,True,True,,,79.74485167022533,31.609674728940785,90.2127659574468,4.603580562659847,11.884904086738949,,50.0,,50.0,43.4110523427337,standard,682,95373236902,False,37.4,False,28.065054211843204,2.543786488740617,50.0417014178482,50.0417014178482,50.0417014178482,50.0417014178482,1,SVAG,-8,UPPTREND,False,2,0.2857142857142857,LÅG,EJ AKTUELL,-0.6
FSV.TO,FirstService Corporation,Real Estate,Real Estate Services,Canada,CAD,8864363829.44992,8.466398499999995,-2.694199750000002,,2.7994440000000003,1.5932323,1.89,1.6169999999999973,0.05922498899999999,0.024647501250000002,-0.20755250249999999,-0.34401501500000004,-0.05229,-0.003999999999999997,6.0285,6.131,-3.029,1.1460000000000001,1.256,-423173152.0,191419008.0,1366308992.0,10516859904.0,4283713000.0,,5497500000.0,,,350199000.0,,145047000.0,445941000.0,0.86,0.3183,1.66,0.57,0.425,1782777600.0,0.924,288.7578590430479,169.60000610351562,192.77999877929688,252.37685,1.7,1.0,5.69,,0.08953,0.78191,False,False,,0.5,142514.0,163470.0,1.9657300341501407,5.11,4.85,-8.72,,-0.3323818114659268,0.2833270325795076,59.89152006077386,0.008751087327133034,-0.10544303870917704,False,0.4854768091250189,,0.928,Canada,True,True,42.58206711931325,39.78244466893719,31.955100880932083,81.84867915038663,61.97329897570574,82.77919863597613,67.13928273561301,25.250501002004004,50.0,,50.0,51.40827493327017,standard,390,22268051,False,52.4,False,28.065054211843204,83.15262718932443,69.30775646371977,50.0417014178482,50.0417014178482,50.0417014178482,4,NEUTRAL,0,NEDTREND,True,3,0.42857142857142855,LÅG,EJ AKTUELL,-4.7
EDP.LS,"EDP, S.A.",Utilities,Utilities - Diversified,Portugal,EUR,200260745501.66266,-0.968240999999999,0.007080499999999823,2.3745,0.12309230000000015,1.1698223,2.785,-0.017250000000000654,-0.010920005000000017,0.0032899990000000053,-0.021880007000000007,-0.03254750250000002,0.026469980000000004,-0.087,-0.16,-0.117,-10.108500000000006,0.4485,1.008,-1761260096.0,3636464128.0,23658758144.0,43376885760.0,54956375000.0,,15606993000.0,,,2443358000.0,,1149726000.0,,4.69,0.74230003,0.21,4.7,0.205,1777939200.0,0.587,49.79225892009481,38.35809563006728,48.44328550861337,4.89091,1.95455,22.0,,,0.28244,0.37710997,False,False,,0.5,9186753.0,10183898.0,2.270909784055986,-0.11,8.52,20.72,23.4,-0.027092030784267696,0.22657484944951356,62.74517828004598,0.015905945423449586,0.09937471252060948,False,0.7074802373219521,,0.5,Europe,True,True,,46.36051386276649,71.0929984279312,24.589573720505157,72.11883403934563,28.47399829497016,67.13928273561301,25.0501002004008,50.0,,50.0,43.38913122859809,standard,684,565823427,False,45.2,False,28.065054211843204,27.856547122602173,76.8974145120934,50.0417014178482,50.0417014178482,50.0417014178482,3,SVAG,-8,UPPTREND,False,3,0.42857142857142855,LÅG,EJ AKTUELL,0.7
APD,"Air Products and Chemicals, Inc.",Basic Materials,Specialty Chemicals,United States,USD,62397353121.270935,3.371850499999997,3.6800152500000003,2.0794,1.0843401499999996,5.0062466,6.61,7.9914999999999985,0.006402502500000011,-0.011355,0.0597274915,0.0833025025,-0.12966503499999998,0.0,,,44.605000000000004,-0.40149999999999986,0.985,-4331093632.0,954200000.0,18442199040.0,82385256448.0,41059500000.0,,12037300000.0,,,2889000000.0,,-394500000.0,3256800000.0,2.58,0.7566,7.24,2.43,1.81,1782864000.0,0.747,307.9599914550781,226.0325799981667,280.2099914550781,327.85666,1.91304,21.0,2.72,0.0143,0.0188,0.93418,False,False,,0.494,1179019.0,1460190.0,1.97773432086599,-3.96,-0.77,17.24,,-0.09010910757882606,0.24820401297015518,52.289081248083306,-0.04034124680268203,0.03106350586638329,True,0.37503591290254873,,0.867,US,True,True,28.497760446265666,52.22022229898549,56.976413753907366,63.463969681823315,50.29865569287503,48.59335038363171,67.13928273561301,20.841683366733466,50.0,87.09369024856596,49.4,43.36203469000088,standard,685,409159827,False,41.1,False,28.065054211843204,47.539616346955796,29.274395329441198,50.0417014178482,50.0417014178482,50.0417014178482,1,SVAG,-8,VARNING,False,2,0.2857142857142857,LÅG,EJ AKTUELL,-0.5
RMD,ResMed Inc.,Healthcare,Medical Instruments & Supplies,United States,USD,27361986422.203125,-8.597097999999999,0.0,1.1088,0.7866957000000001,4.9409585,4.793,-0.9442500000000011,0.12693250250000004,0.086205,0.15491500299999997,0.16297500499999998,0.17230498499999997,0.024999999999999994,-0.008000000000000007,0.092,-46.311749999999996,0.9940000000000001,2.003,634798848.0,1660513024.0,843169024.0,26544642048.0,8174391000.0,,5146327000.0,,,1687394000.0,,1400723000.0,1751588000.0,1.27,0.22469999,2.4,0.85,0.6,1778716800.0,0.782,291.56838999089126,180.27000427246094,188.6300048828125,262.2,2.10526,15.0,7.37,0.094399996,0.00501,0.70008004,False,False,,0.217,1369872.0,1516400.0,2.359439671795619,-9.22,-16.81,-23.33,,-0.3530505659797162,0.24471077259782908,47.97240531990832,-0.0876234956376718,-0.21867893445998954,True,0.29240788131189605,,0.86,US,True,True,,84.68689829953428,12.645637965331057,57.85647625262146,69.01965577388583,63.08610400682012,67.13928273561301,75.35070140280561,50.0,23.900573613766728,21.7,51.35816878786291,standard,393,286038539,False,55.8,False,77.06422018348624,63.88657214345288,29.69140950792327,50.0417014178482,50.0417014178482,50.0417014178482,4,NEUTRAL,0,NEDTREND,True,3,0.42857142857142855,LÅG,EJ AKTUELL,-0.4
ISRG,"Intuitive Surgical, Inc.",Healthcare,Medical Instruments & Supplies,United States,USD,144066360436.4323,22.699548,18.950857999999997,2.1329,4.8222924,13.614157,13.543,23.41575,0.0468024925,0.041474995,0.16203500299999998,0.11838500500000002,0.21341498499999995,0.14700000000000002,0.075,0.176,,2.596,3.259,1442231168.0,4517300224.0,0.0,143316090880.0,20458700000.0,,10064700000.0,,,2945500000.0,,,3030500000.0,,0.0,,,,,1.453,603.8800048828125,396.67999267578125,406.7799987792969,565.0786,1.93939,29.0,3.18,0.020599999,0.0055199997,0.89282995,False,False,,0.587,2259527.0,2410240.0,1.7387253479562812,-7.88,-15.24,-26.65,,-0.3263893563453295,0.3095846821659671,40.73266831922577,-0.07493570914264402,-0.17100333982730376,True,0.23464240067308634,,1.0,US,True,True,48.772956360482155,79.52659913467983,13.384484228474,74.31015887941045,52.35890346714755,32.992327365728904,11.884904086738949,60.320641282565134,50.0,78.96749521988528,58.699999999999996,51.33676035996185,standard,396,980437424,False,45.4,False,66.80567139282736,32.27689741451209,8.757297748123436,50.0417014178482,50.0417014178482,50.0417014178482,6,NEUTRAL,0,NEDTREND,True,2,0.2857142857142857,LÅG,EJ AKTUELL,-2.0
VEEV,Veeva Systems Inc.,Healthcare,Health Information Services,United States,USD,24902557006.037582,0.3937829999999991,-0.2868884999999999,0.6914,0.05232569999999992,7.502542,5.33,3.7747499999999983,0.013812502500000004,0.012035,0.164215023,0.11902500499999999,0.30070503499999995,0.08,0.03299999999999999,0.144,-57.888749999999995,2.724,4.666,447692800.0,7312718848.0,103067000.0,17692905472.0,8979343000.0,,3195311000.0,,,916369000.0,,908906000.0,1415225000.0,,0.0,,,,,0.949,310.5,148.0500030517578,153.3000030517578,245.48148,1.89655,27.0,2.04,0.059,0.08583,0.89682,False,False,,0.781,3067822.0,2426470.0,1.7781243364233523,-6.13,-17.4,-30.1,,-0.5062801834081874,0.36354375581403003,31.93682065448776,-0.06588865064922689,-0.29718713092353455,False,0.16353595919179398,,0.897,US,True,True,73.56922800825532,75.26298620992674,7.5589656152316,66.07801558850821,56.97870719992134,64.8763853367434,11.884904086738949,76.95390781563127,50.0,36.90248565965583,78.10000000000001,59.28325771457572,standard,158,371977858,False,53.4,False,73.89491242702252,65.63803169307756,17.264386989157632,50.0417014178482,50.0417014178482,50.0417014178482,8,STARK,8,NEDTREND,True,3,0.42857142857142855,LÅG,EJ AKTUELL,-0.5
BLND.L,British Land Company PLC,Real Estate,REIT - Diversified,United Kingdom,GBp,5204180190108.396,-15.364502500000006,-6.31181775,5.86,-0.5744327499999997,6.6619964,11.288,3.155499999999998,0.009289995000000023,-0.0005374992500000036,0.49527743850000006,0.20645998999999998,0.38169001,0.01200000000000001,-0.20950000000000002,0.031,-55.67150000000001,-0.07699999999999996,0.277,-427487520.0,202000000.0,3150000128.0,6953581056.0,9360000000.0,,523000000.0,,,300000000.0,,454000000.0,,5.77,0.5051,0.23,5.42,0.108,1781740800.0,1.181,5417.015394241604,4031.491744766469,5080.1690372094745,454.25,2.17647,16.0,,,0.00364,0.95341,False,False,,0.5,5159519.0,8249432.0,1.641358186656536,4.24,9.53,7.12,2.07,-0.06218301638762258,0.2474018773496648,61.75596058396417,0.030482172758922843,0.05887790930138448,False,0.4771239581430257,,0.5,UK,True,True,33.446146023390064,76.55737466031778,57.619938681495725,36.96655706129962,48.54584548762434,9.207161125319693,67.13928273561301,18.03607214428858,50.0,,50.0,51.22530120680659,standard,401,41908509021,False,34.0,False,28.065054211843204,9.007506255212677,20.767306088407008,50.0417014178482,50.0417014178482,50.0417014178482,4,NEUTRAL,0,UPPTREND,False,2,0.2857142857142857,LÅG,EJ AKTUELL,-0.2
SLHN.SW,Swiss Life Holding AG,Financial Services,Insurance - Diversified,Switzerland,CHF,24530557803.268433,7.168430000000001,6.591224,2.5797,1.9388700499999998,2.0946596,-3.77,-29.474999999999994,0.03965499999999997,0.00043500000000000483,-0.10509501399999997,-0.17478996999999996,-0.029109980000000035,-0.05,-0.035,0.073,137.45750000000004,4.0920000000000005,5.365,-783226448.0,83701997568.0,14849999872.0,-44154441728.0,219125000000.0,,17796000000.0,,,,,1231000000.0,,4.16,0.8052,36.5,4.57,36.5,1778457600.0,0.535,909.6111976494224,760.0860925810925,877.7999877929688,852.12726,3.25,11.0,,,0.00389,0.38224998,False,False,,0.5,75029.0,63755.0,2.6154168540257836,3.12,8.56,5.46,,-0.034972315576873636,0.15691457357894223,81.4159451367171,0.014112869063838795,0.050204214758510446,True,0.8623475607780647,,0.5,Europe,True,True,,38.06798516928338,64.70588235294117,37.37015532728605,70.68984332406934,65.04688832054562,67.13928273561301,,50.0,,50.0,43.18718930451409,standard,687,69399975,False,48.6,False,28.065054211843204,65.80483736447039,61.13427856547122,50.0417014178482,50.0417014178482,50.0417014178482,2,SVAG,-8,UPPTREND,False,3,0.42857142857142855,LÅG,EJ AKTUELL,-7.8
NTRS,Northern Trust Corporation,Financial Services,Asset Management,United States,USD,31848483687.323883,0.2049229999999973,1.6378494999999997,1.3487,-0.09573045000000036,3.808033,4.645,,0.009380004999999997,-0.008344999999999998,-0.02686999699999998,-0.05140494499999998,-0.449505015,0.07800000000000001,0.293,0.341,,,,,11795300352.0,17407500288.0,38850760704.0,177132700000.0,,8086400000.0,,,,,1736900000.0,5533500000.0,1.83,0.3298,3.2,2.96,0.8,1780617600.0,1.272,176.99000549316406,108.94705900866411,172.11000061035156,171.0,,13.0,2.25,0.0154,0.00851,0.86455,False,False,,0.74,1101716.0,1251740.0,2.3317468857343875,4.85,27.35,25.75,,-0.027572205951487905,0.2647929875303854,60.83841255614171,0.04510271115355913,0.20774222940828935,True,0.6957757727724873,,0.914,US,True,True,,32.090516617999626,82.77919863597613,75.4513054833662,44.78960825495388,60.272804774083546,67.13928273561301,,50.0,85.18164435946463,74.0,43.179526060786785,holding,688,215436972,False,44.4,False,28.065054211843204,61.13427856547122,38.19849874895746,50.0417014178482,50.0417014178482,50.0417014178482,1,SVAG,-8,UPPTREND,False,3,0.42857142857142855,LÅG,EJ AKTUELL,-4.4
AXFO.ST,Axfood AB (publ),Consumer Defensive,Grocery Stores,Sweden,SEK,55405515439.68161,2.1484595000000013,5.362700749999998,4.89,6.077366500000001,0.6176275,0.808,0.21325000000000038,0.2102975025,-0.0019200000000000085,-0.024269999999999993,-0.059465005000000015,-0.27868000000000004,-0.009000000000000005,0.089,0.16,169.25875,-0.6340000000000002,0.18,3098943360.0,384000000.0,16088000512.0,72514125824.0,36913000000.0,,89152000000.0,,,3620000000.0,,2339000000.0,6751000000.0,3.44,0.78690004,9.0,3.07,4.5,1789603200.0,0.599,334.2624263763428,253.1999969482422,256.6000061035156,292.5,2.85714,6.0,,,0.51752996,0.25521,False,False,,0.5,350131.0,350363.0,1.4008408768858882,-6.49,-22.76,-2.53,,-0.23233966531849382,0.2209387097256625,39.71430290379369,-0.08996763583398149,-0.11388221460568915,True,0.06336137632468983,,0.478,Nordic,True,True,91.30544671432416,43.521165540188306,24.197215117931233,45.52608242911158,44.5667183799956,50.98039215686274,67.13928273561301,89.17835671342685,50.0,,50.0,51.158034932539664,standard,403,9390265,False,66.7,False,91.65971643035863,52.04336947456214,89.40783986655546,50.0417014178482,50.0417014178482,50.0417014178482,4,NEUTRAL,0,NEDTREND,True,2,0.2857142857142857,LÅG,EJ AKTUELL,4.8
SCHW,The Charles Schwab Corporation,Financial Services,Capital Markets,United States,USD,159478720684.4796,0.4135489999999997,-0.2263685000000013,1.0946,1.0255123499999996,6.429557,5.348,,0.055590005,0.0003549990000000017,0.129349993,0.12490505500000004,0.525094985,0.097,0.253,0.299,53.4585,-1.0639999999999998,0.632,,96474996736.0,59457998848.0,132650819584.0,490995000000.0,,23921000000.0,,,,,8852000000.0,9311000000.0,1.37,0.22469999,1.28,1.25,0.32,1778198400.0,0.773,106.75512952828588,83.95999908447266,91.69999694824219,116.15789,1.66667,19.0,0.0,0.0,0.061680004,0.84497,False,False,,0.748,11328058.0,12483910.0,2.1420095932905534,-0.12,-2.09,-3.81,,-0.1410249104335045,0.24514898434362675,62.62332451134026,0.01027355736892921,-0.026474888415454423,True,0.7586445124366115,,0.702,US,True,True,,76.97346356708783,39.65615231599887,69.52979855879062,43.76247768567166,31.287297527706738,67.13928273561301,,50.0,99.0,74.8,51.10439458106329,holding,407,1144774509,False,37.3,False,28.065054211843204,30.608840700583823,21.434528773978315,50.0417014178482,50.0417014178482,50.0417014178482,6,NEUTRAL,0,NEDTREND,True,3,0.42857142857142855,LÅG,EJ AKTUELL,0.9
011070.KS,"LG Innotek Co., Ltd.",Technology,Electronic Components,South Korea,KRW,27095860515000.0,,11.40449075,19.3886,,1.207018,1.244,-4.149000000000001,-0.03971250499999998,0.0017799999999999969,-0.11006749649999999,-0.09667500500000002,-0.271695004,-0.021500000000000005,1.484,1.677,30.345000000000002,-0.17200000000000004,0.985,268345608192.0,1374028038144.0,2196819017728.0,27915674714112.0,11930883000000.0,,21896603000000.0,,,665007000000.0,,341262000000.0,1331402000000.0,0.16,0.091800004,1880.0,0.89,1880.0,1774828800.0,2.082,1788000.0,142658.2582405822,1145000.0,888653.9,1.84615,26.0,,,0.40807998,0.26139998,False,False,,0.5,432342.0,496426.0,1.0390305989242419,44.39,328.96,298.53,,-0.35961968680089484,0.7840754024811473,34.8792270531401,0.4516456209746944,2.0190668478753326,False,0.486895868744882,,0.333,Asia,True,True,,26.45204238727739,71.4975845410628,58.84417641981311,27.226942004723153,3.9215686274509802,67.13928273561301,59.318637274549104,50.0,,50.0,51.07382875538742,standard,408,414937672,False,51.0,False,66.4720600500417,2.543786488740617,76.31359466221852,50.0417014178482,50.0417014178482,50.0417014178482,6,NEUTRAL,0,UPPTREND,False,2,0.2857142857142857,LÅG,EJ AKTUELL,1.0
CSU.TO,Constellation Software Inc.,Technology,Software - Application,Canada,CAD,58755850269.73389,23.92809,-5.214720750000001,0.5265,5.299364949999999,4.8358727,5.105,7.727499999999997,0.065222495,0.018930000000000002,-0.025467501499999996,-0.0012449950000000126,-0.013869980000000004,0.0665,1.5070000000000001,1.699,88.512,-0.7669999999999999,0.833,1982750016.0,3012999936.0,5560999936.0,62028849152.0,16171000000.0,,11623000000.0,,,2108000000.0,,512000000.0,2732000000.0,0.2,0.1141,5.47,0.19,1.413,1781827200.0,0.7,5051.449593830494,2193.5970052236025,2772.610107421875,4007.581,1.41667,12.0,4.92,,0.04409,0.43302,False,False,,0.5,69257.0,83260.0,1.2577881619937694,2.37,11.06,-16.24,,-0.45112584894281493,0.41662162698491195,42.15690722584956,0.04004640372173118,-0.09574365455130696,False,0.31072736301867165,,0.217,Canada,True,True,72.51716118804774,55.16539832903216,30.861040068201188,65.3302445289687,30.930391589349803,49.78687127024723,67.13928273561301,83.36673346693387,50.0,,50.0,51.0388939971971,standard,410,163120064,False,55.3,False,83.23603002502085,48.70725604670559,30.85904920767306,50.0417014178482,50.0417014178482,50.0417014178482,6,NEUTRAL,0,NEDTREND,True,3,0.42857142857142855,LÅG,EJ AKTUELL,-4.2
WM,"Waste Management, Inc.",Industrials,Waste Management,United States,USD,86178158830.22388,-0.13781400000000232,3.469914000000003,2.1846,4.295590749999999,3.3911054,4.286,-2.7224999999999984,0.14711000000000002,0.011150007000000003,0.0059925085,0.039715002500000006,-0.043455014999999986,-0.025999999999999995,0.062,0.135,152.996,-0.45099999999999996,0.801,1324893696.0,158000000.0,22890999808.0,108912156672.0,45835000000.0,,25204000000.0,,,4607000000.0,,2708000000.0,6043000000.0,1.65,0.49490002,3.54,1.49,0.945,1780617600.0,0.457,246.08089111114813,191.76549604678453,214.60000610351562,256.04,1.75,25.0,2.58,0.0143,0.0024899999,0.86241996,False,False,,0.618,2094525.0,2364180.0,1.5732197210822132,-3.06,-7.83,-1.15,,-0.1279290109259782,0.19134016800640552,55.37352014736208,-0.02771329311813442,-0.022619847401558868,True,0.3597317855682142,,0.511,US,True,True,,62.40020627867276,37.709576584256894,48.18592768687735,51.74342595198887,41.51747655583973,67.13928273561301,63.126252505010015,50.0,87.09369024856596,61.8,51.02852508334706,standard,411,507353042,False,52.9,False,71.47623019182652,40.617180984153464,42.61884904086739,50.0417014178482,50.0417014178482,50.0417014178482,4,NEUTRAL,0,NEDTREND,True,2,0.2857142857142857,LÅG,EJ AKTUELL,-2.8
HD,"The Home Depot, Inc.",Consumer Cyclical,Home Improvement Retail,United States,USD,333316163241.77655,-3.9560199999999988,4.241616500000001,1.8847,20.5992245,2.0007932,2.391,0.06674999999999898,1.13760001,0.06035999999999999,0.0016849975000000003,0.016140005000000027,-0.11823503499999999,-0.024999999999999994,-0.154,-0.042,380.02299999999997,-0.30300000000000005,0.231,9316393600.0,1600999936.0,63730999296.0,398248050688.0,105095000000.0,,164683000000.0,,,20890000000.0,,14156000000.0,16325000000.0,2.76,0.65550005,9.32,2.37,2.33,1780531200.0,0.974,418.0559748917175,286.94770281038166,334.2799987792969,370.18182,1.88889,33.0,2.2,0.0134000005,0.00068000006,0.76101,False,False,,0.458,4666170.0,5284910.0,2.0233330884716914,11.36,2.61,-3.87,,-0.2003941604569096,0.24025423009542465,66.2875308285763,0.04121358228147809,-0.05497381027807546,True,0.93327845848599,,0.52,US,True,True,81.90451799120628,65.14134292699141,39.286729184427394,35.18728791324625,38.24984197332344,23.785166240409207,67.13928273561301,74.54909819639278,50.0,88.7189292543021,45.800000000000004,43.012481327526395,standard,696,1766639708,False,55.3,False,79.48290241868223,23.269391159299417,62.71893244370309,50.0417014178482,50.0417014178482,50.0417014178482,3,SVAG,-8,NEDTREND,True,3,0.42857142857142855,LÅG,EJ AKTUELL,-4.6
METSO.HE,Metso Oyj,Industrials,Farm & Heavy Construction Machinery,Finland,EUR,12852321262.760258,-0.3120820000000002,-0.8772374999999979,1.3923,0.9793906500000003,2.446699,2.665,-1.8309999999999977,0.02223,0.008040002000000004,0.015747495500000007,0.0251899975,-0.10116000000000003,-0.027999999999999997,-0.0010000000000000009,0.051,-1.703000000000003,-0.019000000000000128,0.781,-303967680.0,416000000.0,1552000000.0,14068570112.0,7215000000.0,,5240000000.0,,,725000000.0,,423000000.0,779000000.0,2.58,0.65519994,0.4,2.8,0.2,1792627200.0,1.192,17.67024076681784,9.925441169832201,15.520000457763672,16.92632,,19.0,,,0.17759001,0.43409002,False,False,,0.5,1262570.0,452100.0,0.4961970770708408,0.91,4.45,7.23,,-0.12168709738760375,0.3438860199962283,41.6666701523159,0.004529047716709478,0.07120132975013549,False,0.40742656639934244,,0.325,Nordic,True,True,,54.626897264987086,53.3105996021597,34.85697163046721,39.26312306184442,76.98209718670077,67.13928273561301,32.765531062124246,50.0,,50.0,42.99498726020137,standard,697,8047473,False,49.5,False,28.065054211843204,77.4812343619683,55.87989991659717,50.0417014178482,50.0417014178482,50.0417014178482,3,SVAG,-8,UPPTREND,False,1,0.14285714285714285,LÅG,EJ AKTUELL,4.7
FER.MC,Ferrovial N.V.,Industrials,Engineering & Construction,Netherlands,EUR,43176228613.39936,23.463170999999996,33.409974500000004,5.3192,4.2313832499999995,4.4849105,5.34,20.394,-2.500500000002237e-05,-0.016709997999999997,0.0283374915,0.0165599975,0.49879999999999997,-0.003999999999999997,-0.9470000000000001,-0.877,70.81,-0.13400000000000012,0.993,-239601440.0,4241999872.0,10732000256.0,51412508672.0,27420000000.0,,9627000000.0,,,967000000.0,,888000000.0,1926000000.0,2.39,0.7493,1.43,2.04,0.5578,1779062400.0,0.796,62.92955387144173,42.95202413099174,60.31999969482422,61.41864,2.22727,22.0,,,0.36086,0.42558,False,False,,0.5,1056234.0,1116107.0,2.182871655818555,3.54,11.59,7.27,38.66,-0.041467863922069914,0.20637878802907844,69.93601235017763,0.03124295609230443,0.08240781593416102,True,0.8343259678453193,,0.5,Europe,True,True,37.35212963239913,58.04917865958123,69.34319200356649,20.70632849722698,54.85800079378849,55.15771526001705,67.13928273561301,42.88577154308617,50.0,,50.0,42.988405011578415,standard,699,77214783,False,43.0,False,28.065054211843204,56.13010842368641,33.361134278565466,50.0417014178482,50.0417014178482,50.0417014178482,2,SVAG,-8,UPPTREND,False,2,0.2857142857142857,LÅG,EJ AKTUELL,-6.0
GALP.LS,"Galp Energia, SGPS, S.A.",Energy,Oil & Gas Integrated,Portugal,EUR,152281667584.89252,2.2783349999999984,1.0571894999999998,0.95,1.97295175,0.7564377,0.857,-0.4557500000000001,0.054924989999999986,0.04901750175,-0.038185001,-0.000877502500000002,-0.07095002,-0.0005000000000000004,,,35.877,0.32699999999999996,0.972,1051398592.0,1832999936.0,4361999872.0,16917356544.0,15329000000.0,,19507000000.0,,,2143000000.0,,1120000000.0,2527000000.0,3.56,0.6301,0.66,4.21,0.33,1779148800.0,-0.061,235.89706072468516,149.12435601944526,203.5783200801161,22.22222,2.27778,18.0,,,0.49872002,0.36691,False,False,,0.5,2415898.0,2157216.0,1.7928652469378636,-4.79,-13.31,35.28,24.72,-0.137003574971577,0.30922666913226227,49.294807875170875,-0.01670268854561574,0.07393551624862216,False,0.3815285705783259,,0.5,Europe,True,True,,54.845331997707646,53.89654066652589,40.343501687844736,68.12557258397173,32.13981244671782,67.13928273561301,93.3867735470942,50.0,,50.0,50.93629381333806,standard,414,503684345,False,56.2,False,63.63636363636363,31.442869057547956,86.73894912427022,50.0417014178482,50.0417014178482,50.0417014178482,4,NEUTRAL,0,VARNING,False,2,0.2857142857142857,LÅG,EJ AKTUELL,5.4
CTT.ST,CTT Systems AB (publ),Industrials,Aerospace & Defense,Sweden,SEK,1645198548.206833,12.912211,-6.497545499999999,0.8,2.5576687499999995,5.911601,6.053,8.352000000000002,-0.005659999999999998,0.042020002,0.0839774955,-0.024140002499999987,0.2499,0.161,0.74,0.811,-43.309000000000005,1.056,1.226,-844817672.0,15600000.0,36400000.0,1684651264.0,346900000.0,,264400000.0,,,55300000.0,,38600000.0,35800000.0,1.81,1.6163001,2.4,1.6,2.4,1778198400.0,0.149,264.617919921875,112.4000015258789,132.8000030517578,,,,,,0.23466,0.62377,False,False,,0.5,20956.0,6076.0,0.40096024357397975,9.39,1.57,-32.59,,-0.4981443316803137,0.5249365874376645,35.71428571428572,0.027751128930373348,-0.19558929032451766,False,0.43297709811124835,,0.5,Nordic,True,True,,66.02859389104039,19.153168513782322,70.93665262658793,63.54371214820884,94.97016197783461,29.02418682235196,,50.0,,50.0,50.902028526650376,standard,415,84279,False,47.6,False,28.065054211843204,97.5396163469558,23.185988323603002,50.0417014178482,50.0417014178482,50.0417014178482,4,NEUTRAL,0,NEDTREND,True,3,0.42857142857142855,LÅG,EJ AKTUELL,-3.1
TECH,Bio-Techne Corporation,Healthcare,Biotechnology,United States,USD,9071593217.92554,55.984359999999995,12.625191999999998,0.7978,1.063472,7.492163,7.308,10.705749999999998,-0.07212749549999999,0.013575,-0.02899499700000001,0.06161500500000003,0.21448498499999996,-0.098,1.173,1.26,-45.37775,2.4749999999999996,2.797,-512006880.0,214114000.0,290321984.0,8848754688.0,2557868000.0,,1219635000.0,,,242804000.0,,73400000.0,287556000.0,0.57,0.4571,0.32,0.44,0.08,1779062400.0,1.358,71.92990838980309,43.1201874966908,57.939998626708984,61.30769,1.8125,13.0,4.05,0.1009,0.0030500002,1.17844,False,False,,0.483,2675562.0,2976150.0,1.3462087371019995,27.42,12.52,1.19,,-0.19449364077151166,0.46215768716095534,66.77385030066819,0.1049780747382274,0.010761165591060218,True,0.982270188513642,,0.537,US,True,True,24.996784614004127,53.74168452284855,49.04802500710429,59.879699443775344,43.1668254219696,82.18243819266837,67.13928273561301,19.238476953907817,50.0,22.27533460803059,48.3,50.84740527440817,standard,417,172438127,False,44.5,False,28.065054211843204,82.56880733944955,17.347789824854047,50.0417014178482,50.0417014178482,50.0417014178482,4,NEUTRAL,0,UPPTREND,False,1,0.14285714285714285,LÅG,EJ AKTUELL,2.8
SYK,Stryker Corporation,Healthcare,Medical Devices,United States,USD,117998437863.9032,8.87921,2.8413819999999994,1.4657,1.8236524000000003,4.669507,5.197,5.5157500000000015,0.02647250250000001,0.016215000000000004,0.012565002999999991,-0.012054994999999985,0.19746498500000004,-0.05700000000000001,0.028999999999999984,0.139,6.995250000000003,0.0980000000000002,1.035,3548018816.0,2964999936.0,15233999872.0,131333185536.0,47844000000.0,,25116000000.0,,,5059000000.0,,3246000000.0,5044000000.0,1.13,0.39810002,3.52,0.99,0.88,1782777600.0,0.785,401.859343122551,281.0,307.79998779296875,386.8,1.7037,25.0,1.94,0.017,0.05366,0.82365996,False,False,,0.722,2500190.0,2394980.0,1.2612108757683187,-3.13,-9.16,-12.02,,-0.23406039187422334,0.23189579974657015,51.72194206505842,-0.016606548337881333,-0.11933817522429746,True,0.5598936871996739,,0.637,US,True,True,71.66837406155595,61.60549562032859,24.66609832338732,46.21169335302933,68.47745963395317,36.231884057971016,67.13928273561301,78.15631262525051,50.0,83.5564053537285,72.2,50.81856055784931,standard,419,737174815,False,52.9,False,80.98415346121767,35.446205170975816,31.94328607172644,50.0417014178482,50.0417014178482,50.0417014178482,6,NEUTRAL,0,NEDTREND,True,4,0.5714285714285714,MEDEL,EJ AKTUELL,-0.5
HEROMOTOCO.NS,Hero MotoCorp Limited,Consumer Cyclical,Auto Manufacturers,India,INR,995442337715.874,-13.203771,-4.408901499999999,,0.12005270000000046,2.0995915,1.87,-6.203750000000001,0.10975501000000001,0.04978,0.02869499449999998,0.01631500000000001,-0.07202000999999997,0.22899999999999998,0.14600000000000002,0.257,-31.9805,0.5039999999999999,1.546,51218831872.0,129715298304.0,7786100224.0,886544859136.0,334525900000.0,,474112400000.0,,,60711400000.0,,57417300000.0,83146200000.0,2.98,0.6104,150.0,3.13,75.0,1784764800.0,0.503,6266.359422363396,4048.673123224371,4974.89990234375,5904.294,2.28571,34.0,,,0.37431,0.38367,False,False,,0.5,609527.0,441606.0,0.8423240287273805,0.11,-8.31,-14.71,,-0.20609407041202954,0.268934694817497,62.90805289439014,-0.014820193786701519,-0.07846800906898055,True,0.6178324749069283,,0.693,India,True,True,,65.02412773366582,26.08695652173913,70.00942248683417,69.8800540214759,17.306052855924978,67.13928273561301,92.78557114228457,50.0,,50.0,50.68461807866651,standard,423,23294940,False,56.8,False,90.49207673060884,16.930775646371977,60.88407005838199,50.0417014178482,50.0417014178482,50.0417014178482,5,NEUTRAL,0,NEDTREND,True,4,0.5714285714285714,MEDEL,EJ AKTUELL,0.7
LAND.L,Land Securities Group Plc,Real Estate,REIT - Diversified,United Kingdom,GBp,5862613985676.052,-10.777595500000006,-7.364796750000001,3.56,-0.5465229499999997,5.182738,10.099,6.440499999999998,-0.01605999999999999,-0.004157499250000002,0.1427974785,0.04934999000000001,0.20217001,-0.05299999999999999,0.38349999999999995,0.618,-39.685500000000005,0.17699999999999994,0.447,-353362528.0,106000000.0,4517000192.0,9008054272.0,11540000000.0,,870000000.0,,,421000000.0,,343000000.0,214000000.0,14.31,0.6819,0.89,5.97,0.222,1781740800.0,1.148,8575.438448141542,6549.87270980552,7868.808885574341,705.118,2.0,17.0,,,0.0045,0.77002996,False,False,,0.5,3422657.0,4876731.0,2.7486665397619463,2.16,7.81,7.98,-2.9,-0.08240156661847897,0.24345165548097164,54.16054394972759,0.02795293263685905,0.03607954820872217,False,0.32509622116737175,,0.5,UK,True,True,33.71115365058475,63.12743561670154,53.970940190994625,53.76638276381608,54.504479541071056,8.866155157715259,67.13928273561301,25.450901803607213,50.0,,50.0,42.6690633174458,standard,705,38374064225,False,35.0,False,28.065054211843204,8.673894912427023,27.689741451209343,50.0417014178482,50.0417014178482,50.0417014178482,3,SVAG,-8,UPPTREND,False,2,0.2857142857142857,LÅG,EJ AKTUELL,-7.4
GLEN.L,Glencore plc,Basic Materials,Other Industrial Metals & Mining,Switzerland,GBp,82752206006401.84,258.9812045,1.617090750000001,0.2197,0.34592595000000026,0.26361844,0.401,1.432999999999998,-0.11406749769999996,-0.030830000500000006,-0.0916175015,-0.17470749749999998,-0.35492999000000003,0.05499999999999999,,,51.596999999999994,-0.5515,0.339,5310012288.0,2987000064.0,42125000704.0,99138789376.0,142199000000.0,,247535000000.0,,,3335000000.0,,363000000.0,5642000000.0,2.25,3.3554,0.13,3.85,0.085,1787788800.0,0.511,8875.642877812497,3528.766741077226,7063.539966583252,632.7151,1.84211,19.0,,,0.13726,0.64402,False,False,,0.5,38869290.0,39790987.0,1.8882285670169903,-0.89,8.46,49.8,,-0.20416582056936683,0.31696134731705244,43.507271825974776,-0.014064669844538913,0.24081325302406031,False,0.1656970529027935,,0.5,UK,True,True,89.61714473723566,13.214176181860832,62.38988348962773,50.38304474584122,46.47399873871365,1.1935208866155158,29.02418682235196,91.88376753507013,50.0,,50.0,50.614818739221796,standard,427,281065226984,False,52.0,False,57.798165137614674,2.543786488740617,97.5396163469558,50.0417014178482,50.0417014178482,50.0417014178482,4,NEUTRAL,0,VARNING,False,2,0.2857142857142857,LÅG,EJ AKTUELL,-1.1
7011.T,"Mitsubishi Heavy Industries, Ltd.",Industrials,Specialty Industrial Machinery,Japan,JPY,13161939984780.0,12.160647000000004,18.2151645,1.4556,1.6036432500000004,2.6460583,2.51,4.270000000000001,0.014600000000000016,-0.003269997999999996,0.0124374955,0.0442999975,-0.07869999000000003,0.052000000000000005,0.5800000000000001,0.652,-11.461499999999997,-0.4730000000000001,0.813,557103984640.0,1334873948160.0,876239978496.0,12483597172736.0,6658924000000.0,,,,,,,,530459000000.0,0.79,0.23889999,30.0,1.74,15.0,1790640000.0,0.366,5193.207704974735,3152.1608119419643,3917.0,5323.078,1.6875,16.0,,,0.01845,0.44741002,False,False,,0.5,25016308.0,22685940.0,0.9458532671183703,-1.04,-19.52,-7.46,,-0.24574555409216847,0.42789640659524036,61.56378600823045,-0.06366235430232436,-0.08002981012841981,True,0.7945778695550922,,0.838,Japan,True,True,81.76360183052672,52.55936352806687,21.73913043478261,75.47730852397069,42.65646037800327,5.7118499573742545,67.13928273561301,89.77955911823648,50.0,,50.0,50.461612809511045,standard,432,550989488,False,53.2,False,86.90575479566304,5.587989991659716,54.21184320266889,50.0417014178482,50.0417014178482,50.0417014178482,4,NEUTRAL,0,NEDTREND,True,3,0.42857142857142855,LÅG,EJ AKTUELL,-3.7
AKZA.AS,Akzo Nobel N.V.,Basic Materials,Specialty Chemicals,Netherlands,EUR,10034754313.659668,-5.135429500000001,0.014449750000000705,2.4423,0.3457294499999999,1.0104476,1.338,1.186,0.023427487500000004,-4.49999999999999e-05,-0.006767509499999998,-0.0467525025,0.025040000000000007,-0.175,-0.546,-0.131,70.09700000000001,0.007499999999999951,1.337,128898560.0,3032999936.0,6110000128.0,13288179712.0,13952000000.0,,10158000000.0,,,1164000000.0,,635000000.0,915000000.0,3.38,0.547,1.98,2.97,1.54,1777248000.0,1.17,67.63999938964844,44.82020644148546,58.58000183105469,61.70588,,17.0,,,0.00067000004,0.86223,False,False,,0.5,814513.0,757418.0,0.8615833228597206,15.63,27.61,4.68,2.15,-0.13394437670530612,0.370722571792309,32.35573177021021,0.08768645709824607,0.061315472721667375,False,0.4696655522526946,,0.242,Europe,True,True,67.56333562647683,49.024257682566954,56.4878145115246,10.63450853434942,37.76536838115001,81.15942028985508,67.13928273561301,59.4188376753507,50.0,,50.0,42.42263404302947,standard,710,50888341,False,64.3,False,69.64136780650541,81.56797331109257,80.65054211843203,50.0417014178482,50.0417014178482,50.0417014178482,3,SVAG,-8,UPPTREND,False,2,0.2857142857142857,LÅG,EJ AKTUELL,0.2
TXRH,"Texas Roadhouse, Inc.",Consumer Cyclical,Restaurants,United States,USD,11683439066.25,0.6686359999999993,6.729981499999999,2.2933,4.2911255,1.9268179,1.966,1.0967499999999983,0.14302000999999998,0.025079999999999998,-0.013935002500000009,-0.013509994999999983,-0.285255025,0.05500000000000001,-0.010999999999999996,0.086,-10.801999999999992,-0.8889999999999999,0.34,-621614128.0,214560992.0,1054270016.0,11918831616.0,3549472000.0,,5878075000.0,,,475089000.0,,405554000.0,730067000.0,1.78,0.445,3.0,1.54,0.75,1780358400.0,0.808,195.2984678687119,153.17223310879282,177.75,197.95651,2.07143,23.0,2.9,0.0582,0.00439,1.04502,False,False,,0.259,1174003.0,1197560.0,1.5729285151806807,2.7,4.01,8.15,,-0.08985461104850412,0.28961348446492463,47.84002146890418,0.05831397563348517,0.04444496942039056,True,0.7345772661976319,,0.284,US,True,True,41.04959919839679,52.153326680773205,56.6069906223359,43.02171393120984,38.71145028483973,78.77237851662404,67.13928273561301,21.142284569138276,50.0,37.76290630975143,25.900000000000002,42.36069459655639,standard,711,212866290,False,51.0,False,28.065054211843204,79.232693911593,63.80316930775647,50.0417014178482,50.0417014178482,50.0417014178482,2,SVAG,-8,UPPTREND,False,1,0.14285714285714285,LÅG,EJ AKTUELL,-8.4
RKLB,Rocket Lab Corporation,Industrials,Aerospace & Defense,United States,USD,62077746782.40566,,-14770.767558000001,,22.94763775,98.598785,87.275,-376.7605,-0.28774,-0.120589998,-0.3726675015,-0.3590449975,-0.08394501500000001,0.5740000000000001,,,-69.288,3.0899999999999994,3.874,-1026855632.0,1383351040.0,138670000.0,59310039040.0,2324478000.0,,601799000.0,,,-228838000.0,,-198209000.0,-165521000.0,,0.0,,,,,2.499,151.0,27.84000015258789,107.23999786376953,106.91944,1.57895,18.0,1.09,0.0551,0.00856,0.58877,False,False,,0.439,27231929.0,31661080.0,2.3400771740322175,-15.76,49.09,93.26,,-0.2898013386505329,0.9308390415756481,31.049991203297196,0.03208866412966471,0.4532833930974163,False,0.28722095713034734,,0.838,US,True,True,,10.774236226534546,70.61665245808469,84.48850169517362,32.54103685151345,48.67860187553282,11.884904086738949,34.76953907815631,50.0,40.152963671128106,43.9,42.351921949769,standard,712,3395334152,False,37.1,False,28.065054211843204,47.62301918265221,2.543786488740617,50.0417014178482,50.0417014178482,50.0417014178482,2,SVAG,-8,UPPTREND,False,2,0.2857142857142857,LÅG,EJ AKTUELL,-6.0
U11.SI,United Overseas Bank Limited,Financial Services,Banks - Regional,Singapore,SGD,64827222896.75,5.920579,-2.8443450000000006,2.0985,-0.062117850000000474,5.5798955,3.936,,-0.008379995000000001,,-0.13079000999999996,-0.01692997499999993,-0.125975,-0.105,,-0.036,,,,,78316003328.0,56228999168.0,45730877440.0,572061000000.0,,13807000000.0,,,,,4682000000.0,1318000000.0,3.62,0.6436,1.42,4.65,0.71,1776988800.0,0.377,39.779998779296875,32.61022795121959,39.25,39.06714,2.66667,14.0,,,0.21755,0.2804,False,False,,0.5,3040505.0,3799888.0,1.081524690322969,4.42,7.7,15.17,18.28,-0.01332324775164917,0.12921934338493613,63.63638656468912,0.05063637582731206,0.1009256938467773,True,0.8731997974664413,,0.73,Singapore,True,True,,32.446721596702986,68.7790852280282,35.919548696339476,89.51063829787233,47.99658994032396,67.13928273561301,,50.0,,50.0,42.185726731774096,standard,720,115589866,False,40.4,False,28.065054211843204,46.9557964970809,25.35446205170976,50.0417014178482,50.0417014178482,50.0417014178482,1,SVAG,-8,UPPTREND,False,3,0.42857142857142855,LÅG,EJ AKTUELL,-12.6
IBM,International Business Machines Corporation,Technology,Information Technology Services,United States,USD,234125428984.6045,-11.501809999999999,-1.547520750000003,2.3261,0.994109299999999,3.3975048,4.537,0.40850000000000186,0.21091749999999998,-0.009899999999999999,0.0481675015,-5.000000000000837e-05,0.13407498499999998,-0.037500000000000006,-0.05000000000000002,0.153,161.69150000000002,-0.8989999999999999,0.644,12268893824.0,11783000064.0,69802000384.0,312630345728.0,151880000000.0,,67536000000.0,,,12492000000.0,,10593000000.0,13193000000.0,2.5,0.59470004,6.76,3.91,1.69,1778198400.0,0.665,332.4599914550781,212.33999633789062,249.10000610351562,290.8857,1.95455,21.0,3.41,0.0361,0.00117,0.65594,False,False,,0.643,8118825.0,8136540.0,1.2822991684193796,12.04,0.23,-16.76,,-0.25073689314230185,0.40016133141391014,29.832719603701435,-0.002831532635774958,-0.07895664587927609,False,0.19529636906530343,,0.911,US,True,True,89.83392157449227,62.500303796741434,29.63910201761864,53.22535199333082,28.165751025472606,26.768968456947995,67.13928273561301,87.87575150300601,50.0,55.73613766730402,64.3,42.13309808916929,standard,724,2026812164,False,55.5,False,90.9090909090909,26.188490408673893,42.36864053377815,50.0417014178482,50.0417014178482,50.0417014178482,2,SVAG,-8,NEDTREND,True,3,0.42857142857142855,LÅG,EJ AKTUELL,-3.8
6506.T,YASKAWA Electric Corporation,Industrials,Electrical Equipment & Parts,Japan,JPY,1848774811752.0,27.40992,10.736299500000001,2.2072,1.16553975,3.410256,3.411,12.897,-0.03279,-0.0038899999999999976,0.010667495500000006,0.022239993499999992,0.056400019999999995,-0.040999999999999995,-0.228,-0.157,-13.310499999999998,0.7170000000000001,1.178,-45798375424.0,61222998016.0,124851003392.0,1849074122752.0,743774000000.0,,537682000000.0,,,50157000000.0,,56987000000.0,56505000000.0,1.05,0.5011,72.0,1.28,36.0,1787875200.0,1.268,7700.0,2757.8599477351195,7128.0,6647.0586,1.88235,17.0,,,0.016970001,0.66448,False,False,,0.5,4745227.0,4817550.0,0.8949179698723043,6.42,56.45,42.58,,-0.07428571428571429,0.5710226793138526,49.833425874514155,0.150066958163249,0.49622436303188544,True,0.6607664209651757,,0.389,Japan,True,True,31.482292944097146,50.28344253598578,84.65473145780051,22.02871599063344,35.40690162007545,14.83375959079284,67.13928273561301,31.062124248496993,50.0,,50.0,42.066451719971305,standard,726,212925112,False,38.0,False,28.065054211843204,14.51209341117598,42.11843202668891,50.0417014178482,50.0417014178482,50.0417014178482,1,SVAG,-8,UPPTREND,False,2,0.2857142857142857,LÅG,EJ AKTUELL,-4.5
ENGI.PA,Engie SA,Utilities,Utilities - Diversified,France,EUR,68173267504.4221,0.47774800000000184,-1.9185709999999991,3.45,0.8569944000000003,0.94758797,1.57,-2.6682500000000005,0.026699994999999983,0.010120000000000004,-0.03929001,-0.0888875075,-0.056499980000000005,-0.14500000000000002,-0.6539999999999999,-0.582,-13.915499999999994,0.29249999999999987,0.834,-1098226432.0,15365000192.0,55187001344.0,112949886976.0,169249000000.0,,71944000000.0,,,9056000000.0,,3827000000.0,-1476000000.0,5.03,0.98010004,1.35,7.33,1.35,1777507200.0,0.582,28.454002905550343,16.37366602730382,26.829999923706055,30.59444,1.68421,18.0,,,0.26514,0.42382,False,False,,0.5,3830342.0,3096662.0,1.9715789798580285,-1.36,3.28,29.34,43.03,-0.05707467547659184,0.20430820114898135,53.11355285763292,-0.009437999210761272,0.16044971971270172,False,0.4260781319819955,,0.5,Europe,True,True,,43.97822201680731,71.16084766575158,12.767153696142596,73.4017428704607,46.888320545609545,67.13928273561301,40.3807615230461,50.0,,50.0,41.971260324161,standard,728,95290097,False,48.7,False,28.065054211843204,45.87155963302752,82.15179316096747,50.0417014178482,50.0417014178482,50.0417014178482,3,SVAG,-8,VARNING,False,3,0.42857142857142855,LÅG,EJ AKTUELL,-10.4
VST,Vistra Corp.,Utilities,Utilities - Independent Power Producers,United States,USD,55213629135.0,5.2862919999999995,-2.1122064999999983,0.4843,18.5007112,2.8394768,3.958,-2.056749999999999,0.331225,0.026870000000000005,-0.017275,0.04380750250000001,-0.06313501500000002,0.355,,,199.8995,-0.01649999999999996,0.263,-334981248.0,658000000.0,19925999616.0,76970631168.0,41550000000.0,,17738000000.0,,,2134000000.0,,944000000.0,4070000000.0,0.56,0.1515,0.92,1.82,0.228,1782086400.0,1.405,219.21490839115506,132.66000366210938,163.75,223.0,1.4,18.0,2.73,0.0539,0.0078799995,0.91156995,False,False,,0.313,4662517.0,4782080.0,1.6443521329285828,21.56,-2.03,-5.33,,-0.2530161328817405,0.4898447287324188,53.30082781471168,0.06223841592587598,-0.03674071241626542,True,0.8566424245245661,,0.185,US,True,True,,63.53794942738299,31.51463483944302,50.05203516111112,24.279424879156714,51.23614663256607,67.13928273561301,43.28657314629258,50.0,41.491395793499045,31.3,41.85695839293272,standard,734,783065600,False,45.2,False,28.065054211843204,52.293577981651374,51.959966638865716,50.0417014178482,50.0417014178482,50.0417014178482,1,SVAG,-8,NEDTREND,True,2,0.2857142857142857,LÅG,EJ AKTUELL,-7.5
MRCY,"Mercury Systems, Inc.",Industrials,Aerospace & Defense,United States,USD,6839530586.41507,,54.636652000000005,2.79,0.2616912499999995,7.0733323,7.318,56.92950000000001,-0.16188,-0.049539998,-0.11852750050000002,-0.10385499549999999,-0.16267501500000003,0.054000000000000006,,,-30.985999999999997,1.801,1.988,-714517256.0,331800000.0,656472000.0,7075938816.0,2434764000.0,,912020000.0,,,-10414000.0,,-37904000.0,138851000.0,,0.0,,,,,0.949,122.16999816894531,49.029998779296875,113.91000366210938,101.5,2.0,8.0,7.71,0.0915,0.016900001,1.1315,False,False,,0.474,618411.0,781980.0,2.315655133295519,22.75,46.4,58.65,,-0.06761066244278269,0.571926799746368,52.37481844735556,0.19941880580267535,0.3670108099087288,False,0.6368197748272444,,0.851,US,True,True,11.103400831513772,15.17890399189871,86.1324239840864,72.1597413486048,46.32062616654209,86.44501278772378,11.884904086738949,12.024048096192384,50.0,24.47418738049713,47.4,41.75963977800242,standard,737,89075345,False,45.3,False,28.065054211843204,86.73894912427022,18.59883236030025,50.0417014178482,50.0417014178482,50.0417014178482,3,SVAG,-8,UPPTREND,False,2,0.2857142857142857,LÅG,EJ AKTUELL,-1.8
AIXA.DE,AIXTRON SE,Technology,Semiconductor Equipment & Materials,Germany,EUR,6749105759.929756,84.18529000000001,29.76862275,2.08,2.8537673999999997,13.407176,13.193,51.70700000000001,-0.07083750500000001,0.0006200020000000014,0.047782494499999995,-0.4850450049999999,0.019669999999999965,-0.6045,,,-42.957499999999996,2.979,2.347,-381209072.0,272673984.0,2770000.0,6641478144.0,1039783000.0,,556552000.0,,,106678000.0,,85227000.0,208360000.0,0.25,0.283,0.15,1.25,0.15,1778716800.0,0.858,62.65999984741211,11.641035044555371,59.84000015258789,49.64,2.53333,15.0,,,0.01625,0.65713,False,False,,0.5,978179.0,690136.0,1.268915955689454,14.33,81.59,252.61,333.32,-0.04500478298262689,0.6379284688586089,57.93830350128434,0.17723977333736407,1.1566945785369724,False,0.808757882925381,,0.495,Europe,True,True,16.6437726198666,39.825285355048905,94.45308039450325,11.03599807103459,49.28426261442888,86.53026427962489,67.13928273561301,19.539078156312627,50.0,,50.0,41.66589862155135,standard,739,47365220,False,43.9,False,28.065054211843204,86.82235195996664,8.924103419516264,50.0417014178482,50.0417014178482,50.0417014178482,3,SVAG,-8,UPPTREND,False,2,0.2857142857142857,LÅG,EJ AKTUELL,-5.2
BARC.L,Barclays PLC,Financial Services,Banks - Diversified,United Kingdom,GBp,85038301578842.9,0.3334239999999973,-0.2700627999999998,1.6035,-0.6694282500000001,2.4751773,3.768,,-0.04011999499999999,-0.013750000800000002,0.03342498999999999,-0.012644944999999963,-0.37966999,-0.022,-0.052000000000000005,0.038,,,,,724346994688.0,759123017728.0,102071623680.0,1544165000000.0,,29140000000.0,,,,,7172000000.0,18739000000.0,1.77,0.1982,0.09,3.23,0.056,1771459200.0,0.899,6551.15537071228,4133.617782171286,6295.681333276676,544.75,1.75,16.0,,,0.0030399999,0.50109,False,False,,0.5,57690369.0,42072650.0,1.6407829469595878,13.49,27.38,12.56,52.3,-0.038996791096992056,0.30255017496262754,73.10165409055669,0.1255722056650892,0.1751357704222094,True,0.945144335907839,,0.692,UK,True,True,,34.673893840916826,77.6967627896791,44.7643337655263,49.80367089763492,1.1082693947144073,67.13928273561301,,50.0,,50.0,41.66522313440252,standard,740,264875997246,False,38.3,False,28.065054211843204,2.543786488740617,55.62969140950792,50.0417014178482,50.0417014178482,50.0417014178482,0,SVAG,-8,UPPTREND,False,2,0.2857142857142857,LÅG,EJ AKTUELL,-4.1
DE,Deere & Company,Industrials,Farm & Heavy Construction Machinery,United States,USD,159057925670.89233,2.133796999999994,6.04617,1.7932,1.4846980499999998,3.3601186,4.175,6.006500000000001,0.031240010000000012,-0.016529997999999997,-0.0029075014999999996,0.03930500250000001,-0.18985501500000002,-0.172,-0.15600000000000003,-0.098,300.60999999999996,0.8280000000000001,1.972,286893696.0,8830000128.0,48473001984.0,197637668864.0,105996000000.0,,44665000000.0,,,8416000000.0,,5027000000.0,7459000000.0,1.11,0.3671,6.48,1.24,1.62,1782777600.0,0.928,672.2238494811068,430.2489456975836,589.239990234375,644.20825,2.125,23.0,4.0,0.0188,0.0016,0.8283,False,False,,0.491,1272172.0,1273980.0,0.8840693909210672,5.59,4.12,22.16,,-0.12344676451272507,0.3000130703496144,69.31536183407894,0.026238701752789417,0.12136346645247809,True,0.7673576729690118,,0.944,US,True,True,50.69856130170788,44.53981339547704,59.6050014208582,35.87323051778573,45.630360291928696,31.372549019607842,67.13928273561301,49.39879759519038,50.0,81.45315487571702,49.1,41.6351204656152,standard,741,750679963,False,48.5,False,59.63302752293578,30.692243536280234,43.11926605504588,50.0417014178482,50.0417014178482,50.0417014178482,2,SVAG,-8,UPPTREND,False,1,0.14285714285714285,LÅG,EJ AKTUELL,1.0
CCI,Crown Castle Inc.,Real Estate,REIT - Specialty,United States,USD,35810886537.09575,3.748386499999997,4.46544925,1.3385,-20.872733150000002,8.500092,15.579,5.486000000000001,,0.011827501250000004,-0.006627498500000023,0.09743996999999999,0.288684985,-0.105,,,,-0.34499999999999975,0.09,391018752.0,55000000.0,29878999040.0,65634885632.0,31518000000.0,,4264000000.0,,,2086000000.0,,444000000.0,3057000000.0,5.18,1.7932,4.25,4.92,1.063,1781481600.0,0.948,110.44688095887119,75.08385333513114,82.05000305175781,99.07368,2.19048,19.0,3.68,0.035,0.00096000003,1.00395,False,False,,0.749,3615556.0,4790620.0,1.7146295551295603,-10.11,-2.42,-4.39,,-0.25710891661746393,0.2764340538318469,32.047264907340036,-0.06967622765440418,-0.061093144165505375,False,-0.2582884640246807,,1.0,US,True,True,54.86233661352556,68.1133540486791,31.372549019607845,55.19092873235019,44.270201719818125,58.908780903665814,29.02418682235196,53.90781563126252,50.0,57.07456978967495,74.9,41.610165532938254,standard,743,393070386,False,50.6,False,67.63969974979149,59.79983319432861,14.51209341117598,50.0417014178482,50.0417014178482,50.0417014178482,2,SVAG,-8,NEDTREND,True,1,0.14285714285714285,LÅG,EJ AKTUELL,-12.8
BAM.TO,Brookfield Asset Management Ltd.,Financial Services,Asset Management,United States,CAD,106073109733.94406,13.237614,9.041780500000002,1.484,7.910629400000001,20.905504,22.504,27.5995,0.10381500999999999,0.103105,0.26761499000000005,0.27558003,0.32254,0.177,-0.07700000000000001,0.062,-23.599999999999998,-0.5539999999999999,1.017,2149000000.0,1096000000.0,2963000064.0,114187288576.0,17047000000.0,,4608000000.0,,,3034000000.0,,2485000000.0,2101000000.0,4.07,1.1635,2.77,,0.692,1780012800.0,1.247,84.9810356157001,57.49526220527826,66.43000030517578,81.333244,2.23529,5.0,3.62,0.025999999,0.03569,0.89619005,False,False,,0.5,1911141.0,1580000.0,0.5374856315722253,0.43,13.82,-4.86,,-0.21829617838991178,0.2894214536377205,49.469087107170445,0.015117580230048056,-0.03811740753972137,True,0.5732646207474863,,0.707,Canada,True,True,55.354814105823586,90.2853880099814,45.06962205171924,56.85838912004817,33.08523765473231,37.93691389599318,29.02418682235196,71.24248496993988,50.0,69.88527724665391,50.0,57.599507343995874,holding,198,74165771,False,47.8,False,75.5629691409508,37.11426188490409,5.254378648874062,50.0417014178482,50.0417014178482,50.0417014178482,7,STARK,8,NEDTREND,True,1,0.14285714285714285,LÅG,EJ AKTUELL,7.3
EG,"Everest Group, Ltd.",Financial Services,Insurance - Reinsurance,Bermuda,USD,13281416972.480713,-10.981425000000002,-7.3236522000000015,0.97,-1.8537107500000003,0.7660735,0.768,,0.002980005000000008,0.0071950000000000035,-0.133190007,-0.16629495499999997,-0.294635015,-0.108,2.174,2.11,-43.8365,-1.314,0.24,3181393792.0,3638000128.0,3588999936.0,13315912704.0,62514000000.0,,17218000000.0,,,,,1591000000.0,3068000000.0,2.37,0.16290002,8.0,2.12,2.0,1781222400.0,0.305,363.8279364182148,298.7757447658431,335.6300048828125,388.26666,2.4375,15.0,3.52,0.0361,0.00803,1.01251,False,False,,0.45,378053.0,523700.0,2.601149437276397,-5.43,6.86,3.79,,-0.07750348093937787,0.2334669633453822,66.12605493866639,-0.015869214110120433,0.014412643007846171,True,0.5444314609652843,,0.431,US,True,True,,29.210538390641158,57.146916737709574,54.256925853526546,55.34228478500997,76.47058823529412,67.13928273561301,99.04809619238478,50.0,55.73613766730402,45.0,49.55951570098558,standard,447,175769434,False,71.4,True,97.5396163469558,76.98081734778982,86.5721434528774,50.0417014178482,50.0417014178482,50.0417014178482,5,NEUTRAL,0,VARNING,False,1,0.14285714285714285,LÅG,EJ AKTUELL,0.1
ENB.TO,Enbridge Inc.,Energy,Oil & Gas Midstream,Canada,CAD,169170963935.69504,6.611808999999997,12.927051,5.6293,1.0292784,2.4500132,4.163,8.561749999999998,0.0016050000000000023,-0.016842498249999994,0.010265000000000003,-0.029827502500000005,0.0006700000000000039,0.15949999999999998,-0.547,-0.248,119.8255,-0.3609999999999999,0.526,-2199249984.0,1706000000.0,109671997440.0,287472975872.0,218475000000.0,,65194000000.0,,,11528000000.0,,7491000000.0,12270000000.0,5.01,1.2873,3.88,6.42,0.97,1778803200.0,0.807,80.6500015258789,56.527399057622866,77.47000122070312,78.47619,2.47826,21.0,2.97,0.014099999,0.00126,0.53044,False,False,,0.5,8408690.0,7590670.0,0.8911231377120636,-2.7,7.01,22.97,,-0.0394296372598999,0.15487861984240497,57.30809775257642,0.029484657691293048,0.12629976883353078,False,0.41380211887924984,,0.741,Canada,True,True,42.555222385068646,44.121462000902554,71.55441886899688,43.087867032779435,49.47084724827315,30.605285592497864,29.02418682235196,41.68336673346693,50.0,87.76290630975143,50.0,41.50457190743632,standard,745,415523748,False,42.4,False,28.065054211843204,29.941618015012512,55.79649708090075,50.0417014178482,50.0417014178482,50.0417014178482,1,SVAG,-8,UPPTREND,False,1,0.14285714285714285,LÅG,EJ AKTUELL,-7.3
CMIG4.SA,Companhia Energética de Minas Gerais - CEMIG,Utilities,Utilities - Regulated Electric,Brazil,BRL,20335576091.799133,-5.6719255,-1.0369034999999984,,0.2697267000000001,0.7044586,1.127,-0.8752500000000003,0.06240501000000002,0.014970000000000004,0.019279992999999995,-0.07619750250000004,-0.18008999999999997,-0.016,-0.118,-0.058,-103.88250000000001,-0.09550000000000003,0.663,-5309444224.0,1792521984.0,20011374592.0,48891133952.0,67028000000.0,,42751000000.0,,,6328000000.0,,4897000000.0,4077000000.0,11.84,0.9897,1.27,9.49,0.220405,1777852800.0,0.093,13.60857519955025,9.207474779793126,10.680000305175781,12.53615,,13.0,,,1.0000001e-05,0.88973,False,False,,0.5,15586938.0,12897060.0,3.4067003597648977,-7.37,-6.08,4.88,,-0.21520069892924976,0.22989979523461568,46.07844420550699,-0.09317358502130535,-0.03006800260728182,True,0.25241427244846126,,0.668,LatAm,True,True,,49.32424905733721,35.87666950838307,38.58771993492519,73.98506820567884,69.9914748508099,67.13928273561301,11.122244488977955,50.0,,50.0,41.462482379851615,standard,747,26745748,False,53.3,False,28.065054211843204,70.64220183486239,87.48957464553794,50.0417014178482,50.0417014178482,50.0417014178482,2,SVAG,-8,NEDTREND,True,2,0.2857142857142857,LÅG,EJ AKTUELL,0.6
COL.AX,Coles Group Limited,Consumer Defensive,Grocery Stores,Australia,AUD,31778774082.312572,6.508397500000001,1.17381475,,4.79025385,0.7050199,0.923,1.7782499999999999,0.07463252249999999,-0.005869999000000004,-0.18155000500000001,-0.244390005,-0.10797499999999999,-0.010000000000000002,-0.184,-0.113,209.75375000000003,-0.6100000000000002,0.17,0.0,598000000.0,10572000256.0,41607421952.0,20294000000.0,,44352000000.0,,,1819000000.0,,1079000000.0,,3.09,0.90910006,0.73,3.58,0.41,1773100800.0,0.285,24.219999313354492,19.45711579920824,23.65999984741211,23.2145,2.13333,15.0,,,0.00564,0.41037,False,False,,0.5,3344850.0,3893278.0,1.6467138096126257,10.0,10.41,11.92,14.16,-0.023121365888462586,0.21163471644566453,72.87736602337132,0.0627403019869408,0.08177359576596888,True,0.7903323428833207,,0.5,Australia,True,True,57.91586905153591,32.692791370198265,67.19029853664641,30.894894838149266,50.40494297780674,60.44330775788577,67.13928273561301,47.795591182364724,50.0,,50.0,41.43235390431676,standard,749,64623935,False,51.8,False,28.065054211843204,61.30108423686406,87.40617180984154,50.0417014178482,50.0417014178482,50.0417014178482,1,SVAG,-8,UPPTREND,False,2,0.2857142857142857,LÅG,EJ AKTUELL,-11.6
BA,The Boeing Company,Industrials,Aerospace & Defense,United States,USD,175570696122.60312,56.490784,33.52751800000001,24.13,25.02092975,1.904568,2.224,-79.8445,1.54722,-0.075499998,-0.0793475005,-0.11833499749999998,-0.401255018,0.07900000000000001,,,753.2840000000001,-0.20900000000000007,0.317,1742393728.0,20177999872.0,49614000128.0,205012697088.0,168235000000.0,,89463000000.0,,,-5416000000.0,,2235000000.0,1065000000.0,,0.0,,2.48,2.055,1581552000.0,1.198,254.35000610351562,176.77000427246094,222.72000122070312,270.0,1.62963,25.0,0.08,0.0007,0.00051,0.75417,False,False,,0.698,6634946.0,5920110.0,1.3377558756633814,3.59,10.71,7.75,,-0.1243562182968444,0.3236315513044197,43.811485472894866,-0.0069361061175190475,0.018678054041941783,True,0.5870039101058229,,0.746,US,True,True,,29.343490992718046,57.54475703324808,70.13991595222146,28.28365006455559,30.093776641091218,11.884904086738949,57.71543086172345,50.0,97.03632887189293,69.8,41.357850352248214,standard,750,1318526906,False,53.2,False,66.55546288573811,29.441201000834027,64.22018348623854,50.0417014178482,50.0417014178482,50.0417014178482,2,SVAG,-8,VARNING,False,1,0.14285714285714285,LÅG,EJ AKTUELL,-5.2
BP.L,BP p.l.c.,Energy,Oil & Gas Integrated,United Kingdom,GBp,98710779872582.31,19.683373999999997,2.856994000000002,0.0418,0.3810715499999999,0.40330058,0.712,-0.6067499999999999,-0.05681999499999998,-0.010217498750000002,-0.078125,-0.0633424875,-0.09056998999999999,0.0675,4.46,4.592,21.994999999999997,0.248,0.68,9407262592.0,35762999296.0,74178002944.0,137360154624.0,278526000000.0,,189335000000.0,,,15808000000.0,,55000000.0,24493000000.0,4.93,1.6000999,0.25,4.84,0.061844,1778716800.0,-0.239,7674.033582101881,4686.784615285563,6388.889315870358,639.31696,2.31579,19.0,,,0.0028600001,0.34521,False,False,,0.5,47190224.0,30696245.0,1.7504027001848754,-9.98,-7.18,21.8,28.07,-0.1674665939993878,0.2955326251451531,41.69599905336848,-0.07169528343249554,0.06184047347905941,False,0.21135492174162168,,0.838,UK,True,True,,28.309170110481812,52.674570027452546,84.37557741958854,71.5074427910666,0.937766410912191,29.02418682235196,94.88977955911824,50.0,,50.0,49.300718874197344,standard,452,196114911718,False,51.5,False,58.13177648040033,2.543786488740617,94.07839866555463,50.0417014178482,50.0417014178482,50.0417014178482,4,NEUTRAL,0,VARNING,False,2,0.2857142857142857,LÅG,EJ AKTUELL,-3.3
WMT,Walmart Inc.,Consumer Defensive,Discount Stores,United States,USD,932527717811.5131,16.347861499999997,19.76202525,4.6127,5.714782,1.2857041,1.426,10.53275,0.05815750250000002,0.0026999999999999906,-0.058244997,-0.08365999800000001,-0.199745015,0.03799999999999999,0.124,0.188,-24.06225,-0.30500000000000005,0.187,6050393728.0,10728999936.0,75545001984.0,1034627317760.0,284668000000.0,,713163000000.0,,,29825000000.0,,21893000000.0,41565000000.0,0.82,0.33540002,0.99,1.26,0.248,1787270400.0,0.599,135.16000366210938,93.44869804801509,117.18000030517578,138.65,1.5,40.0,3.79,0.018,0.4495,0.38089,False,False,,0.653,20324183.0,24173870.0,1.3305881401534774,-12.68,-2.85,1.93,,-0.13302754416818718,0.2384970267998418,54.198472598477615,-0.06251600493195997,0.009807227205008484,True,0.3399946299343511,,0.652,US,True,True,49.27878144348398,38.706086176130455,42.45524296675192,59.481943582776665,58.021413971870665,17.647058823529413,67.13928273561301,53.607214428857716,50.0,82.40917782026769,65.3,49.28910581601345,standard,453,2832694094,False,52.1,False,63.05254378648875,17.264386989157632,74.72894078398666,50.0417014178482,50.0417014178482,50.0417014178482,6,NEUTRAL,0,VARNING,False,1,0.14285714285714285,LÅG,EJ AKTUELL,-1.3
ALNY,"Alnylam Pharmaceuticals, Inc.",Healthcare,Biotechnology,United States,USD,37128510936.632355,43.08479,4.638703,0.4747,31.0791104,8.660876,8.652,32.49475,0.7780325425,0.039675,0.006015012999999986,0.039865015000000004,0.358765025,0.881,,,216.90324999999996,1.113,2.885,-607142128.0,3009222912.0,2970230016.0,37089517568.0,4966331000.0,,3713937000.0,,,501578000.0,,313747000.0,524080000.0,,0.0,,,,,0.267,495.54998779296875,273.1099853515625,278.0899963378906,436.32,1.7931,25.0,4.89,0.0529,0.00184,1.02064,False,False,,0.731,1118532.0,1318290.0,1.8849130007267751,-5.51,-10.61,-28.91,,-0.43882554093801884,0.37127383020540605,35.34894758749142,-0.07472782738777395,-0.2572251637846932,False,0.030263592057684415,,0.67,US,True,True,29.811002602219368,77.87626409435758,11.992043194089229,75.60463391431935,54.59241045044192,58.31202046035806,11.884904086738949,35.47094188376754,50.0,42.25621414913958,73.1,41.18861147563704,standard,755,366603261,False,40.5,False,28.065054211843204,59.216013344453714,14.09507923269391,50.0417014178482,50.0417014178482,50.0417014178482,2,SVAG,-8,NEDTREND,True,2,0.2857142857142857,LÅG,EJ AKTUELL,-9.2
NOC,Northrop Grumman Corporation,Industrials,Aerospace & Defense,United States,USD,74070457734.0,-14.856537000000003,-2.433102999999999,3.8844,0.008722550000000107,1.7483054,2.213,-4.104499999999998,0.13286998,0.018810002000000006,0.004062492499999994,-0.018594997499999995,-0.244325025,-0.017,0.778,0.819,27.270000000000003,-0.2330000000000001,0.979,1259768704.0,2090000000.0,17574000640.0,93774274560.0,51377000000.0,,41954000000.0,,,4280000000.0,,4182000000.0,4757000000.0,1.71,0.2897,9.4,1.54,2.47,1780272000.0,-0.121,770.6083982498394,473.8507335605369,521.5,696.9514,,21.0,2.26,0.0128,0.00244,0.84366,False,False,,0.6,871954.0,1044670.0,2.2939379474940336,-5.85,-26.65,-7.6,,-0.323261982111277,0.2651329055348139,34.41155512832616,-0.09045425230650705,-0.14723678598978684,True,-0.12916199965966832,,0.979,US,True,True,,53.30751321891451,16.737709576584255,75.1259167981559,66.61595128334946,45.09803921568628,67.13928273561301,65.23046092184369,50.0,89.8661567877629,60.0,49.15467523096515,standard,455,544795405,False,57.5,False,73.1442869057548,44.12010008340283,67.05587989991659,50.0417014178482,50.0417014178482,50.0417014178482,4,NEUTRAL,0,NEDTREND,True,3,0.42857142857142855,LÅG,EJ AKTUELL,-1.4
SPX.L,Spirax Group plc,Industrials,Specialty Industrial Machinery,United Kingdom,GBp,6597637507055.095,7.311338999999997,4.700081000000001,1.568,0.9273864500000004,3.055147,3.438,2.8770000000000007,-0.018079999999999985,0.017885001499999997,0.008257495499999983,0.008014992500000005,0.38485006,-0.010000000000000002,-0.063,0.008,-8.390999999999998,0.6819999999999999,1.341,-452325024.0,369000000.0,1023900032.0,5854184448.0,2661100000.0,,1702900000.0,,,265400000.0,,163400000.0,296200000.0,2.41,0.7523,1.7,1.7,1.211,1776902400.0,1.131,97881.24243157587,74580.4116835727,89403.87210845947,8117.353,2.23529,17.0,,,0.0055,1.1650901,False,False,,0.5,194410.0,172846.0,1.7783549446349853,2.25,6.25,8.28,18.63,-0.08660873230172295,0.2941338210395347,70.33635471352221,0.0007604492747936842,0.01489104093434368,True,0.9885067655121728,,0.5,UK,True,True,31.774818293303028,61.852132180835,59.06852968550803,38.03371258565678,53.2757921318025,8.525149190110827,67.13928273561301,14.529058116232466,50.0,,50.0,41.13720344370381,standard,756,15453101678,False,37.8,False,28.065054211843204,8.340283569641366,46.9557964970809,50.0417014178482,50.0417014178482,50.0417014178482,2,SVAG,-8,UPPTREND,False,2,0.2857142857142857,LÅG,EJ AKTUELL,-5.6
WALMEX.MX,"Wal-Mart de México, S.A.B. de C.V.",Consumer Defensive,Discount Stores,Mexico,MXN,881211097649.3872,3.106686,6.29157975,2.01,1.944932,0.8754752,0.928,3.32625,0.00850750250000002,0.023439994000000002,0.0,-0.029745005000000033,-0.05649999999999997,-0.018000000000000002,-0.05600000000000001,0.015,-84.55425,-0.12700000000000022,0.361,35227257984.0,28085067776.0,81270472704.0,941659258880.0,495273263000.0,,1010803706000.0,,,78493750000.0,,49890741000.0,82437748000.0,3.94,0.5862,2.01,2.38,0.58,1794873600.0,0.026,62.735578753514076,49.220001220703125,50.959999084472656,64.81667,,18.0,,,0.71497,0.13348,False,False,,0.5,24997886.0,30798277.0,1.8876640767556037,-7.61,-8.9,-11.99,,-0.18770177789077658,0.2442807655359374,43.21838072479337,-0.0619351239653938,-0.10018092099260811,True,0.29144495659341274,,0.284,LatAm,True,True,81.39517841653455,51.91792279999838,27.848820687695365,32.13204282099388,72.34878086388024,17.732310315430517,67.13928273561301,87.17434869739479,50.0,,50.0,49.10035299454441,standard,456,81612969,False,59.1,False,85.9049207673061,17.347789824854047,83.65304420350293,50.0417014178482,50.0417014178482,50.0417014178482,5,NEUTRAL,0,NEDTREND,True,3,0.42857142857142855,LÅG,EJ AKTUELL,-6.7
HM-B.ST,H & M Hennes & Mauritz AB (publ),Consumer Cyclical,Apparel Manufacturing,Sweden,SEK,238545697903.48587,-1.4822329999999972,3.4247309999999977,2.5882,3.8258210000000004,1.2204533,1.483,-3.5557500000000015,0.13152001000000002,0.004129999999999988,0.011249994500000006,-0.042584999999999984,0.1119,-0.176,0.12000000000000001,0.227,124.64999999999999,-0.3200000000000002,0.567,18174532480.0,18733000704.0,76813000704.0,329946071040.0,170273000000.0,,228285000000.0,,,18529000000.0,,12158000000.0,31120000000.0,4.17,0.88769996,7.1,4.91,3.55,1793750400.0,1.006,190.12972139864354,119.23127258046888,170.14999389648438,156.08463,3.65385,26.0,,,0.70359004,0.20914,False,False,,0.5,2252864.0,2819090.0,1.7262210321941207,4.39,-2.94,-0.15,,-0.10508471455795076,0.2653973813006345,60.416660043932566,0.02302268800184426,0.007275881880707269,True,0.9631921598774728,,0.743,Nordic,True,True,,59.47048321303339,44.04660414890594,49.024180504545825,38.560277809557135,26.342710997442452,67.13928273561301,92.08416833667334,50.0,,50.0,49.01260804441479,standard,459,50100703,False,61.2,False,93.66138448707257,25.771476230191826,76.06338615512928,50.0417014178482,50.0417014178482,50.0417014178482,5,NEUTRAL,0,UPPTREND,False,1,0.14285714285714285,LÅG,EJ AKTUELL,-0.5
SALM.OL,SalMar ASA,Consumer Defensive,Farm Products,Norway,NOK,73190607480.0,14.6694925,-1.94830125,1.3,0.9574007000000004,2.5567877,3.443,3.1182499999999997,-0.08682250149999998,-0.017329998000000003,0.019729996000000007,-0.005975000000000008,0.042069999999999996,0.214,,,28.64674999999999,0.2919999999999998,0.235,1646532224.0,569000000.0,22695999488.0,98547146752.0,57946000000.0,,27343000000.0,,,3283000000.0,,1105000000.0,3191000000.0,1.83,1.4531,10.0,4.32,10.0,1782172800.0,0.639,627.0,407.20001220703125,540.0,605.5455,2.27273,11.0,,,0.0484,0.75183,False,False,,0.5,204225.0,163602.0,0.748583794749715,-6.01,-9.62,-11.04,,-0.13875598086124397,0.2733716234406759,35.92233009708738,-0.023296194472579912,-0.049036268700085484,False,0.37391418194284914,,0.502,Nordic,True,True,69.3855995573236,41.22793049007328,31.28729752770673,65.53659977339053,63.27890963884529,45.3537936913896,29.02418682235196,69.13827655310621,50.0,,50.0,48.9904495563214,standard,460,9125446,False,56.7,False,76.73060884070058,44.37030859049207,55.37948290241869,50.0417014178482,50.0417014178482,50.0417014178482,4,NEUTRAL,0,NEDTREND,True,3,0.42857142857142855,LÅG,EJ AKTUELL,-4.0
WELL,Welltower Inc.,Real Estate,REIT - Healthcare Facilities,United States,USD,145877216783.94012,68.95905150000002,38.26146524999999,3.66,1.1744962499999998,12.397279,14.204,37.364999999999995,-0.03165,-0.02121249845,-0.1383675035,-0.19940001000000002,-0.05079503499999999,0.326,1.3435,1.825,-47.54050000000001,1.034,1.237,1788356480.0,4703775232.0,19987095552.0,167131643904.0,67303047000.0,,10667136000.0,,,355168000.0,,936845000.0,2881677000.0,1.39,1.3961,2.96,2.48,0.74,1778630400.0,0.78,221.67999267578125,146.71386744467503,206.64999389648438,235.4762,1.61905,21.0,4.83,0.0286,0.00062,1.02581,False,False,,0.449,3262241.0,3816450.0,2.0362445878150686,-5.21,0.61,9.29,,-0.06780042979015721,0.21885233676020122,51.2396632630513,-0.01833543538452831,0.06726057916217298,True,0.44474695329852065,,0.693,US,True,True,47.13707265276822,23.360959384326577,57.06166524580848,83.3287646297345,72.8219189477527,32.651321398124466,29.02418682235196,61.02204408817635,50.0,67.11281070745699,44.9,48.97056810238185,standard,461,788669369,False,46.0,False,69.14095079232693,31.94328607172644,9.591326105087573,50.0417014178482,50.0417014178482,50.0417014178482,4,NEUTRAL,0,VARNING,False,2,0.2857142857142857,LÅG,EJ AKTUELL,-0.5
TEAM,Atlassian Corporation,Technology,Software - Application,Australia,USD,13204944941.266022,,-6.7678297500000015,0.6324,7.698878299999999,3.3911238,3.623,109.6455,-0.33969248999999996,-0.0580999996,-0.14291249849999998,-0.04437999399999999,0.398614985,0.1845,,,91.9305,-0.993,0.615,767140096.0,1136342016.0,1243017984.0,22425559040.0,6041970000.0,,5215304000.0,,,-130392000.0,,-256687000.0,1460393000.0,,0.0,,,,,1.068,222.58999633789062,56.0099983215332,82.72000122070312,141.366,1.53125,30.0,2.34,0.123,0.0095,1.08914,False,False,,0.633,7241169.0,4596560.0,1.3376544187730042,-4.5,10.88,-48.16,,-0.6283750277117821,0.6432033483186883,23.87151287209913,-0.011185118613082246,-0.30993331608009,False,0.2024359278801392,,1.0,US,True,True,61.18711303203421,30.028553538844143,22.5206024438761,91.37282679913402,17.896740636437116,76.55583972719523,11.884904086738949,85.57114228456913,50.0,16.826003824091778,63.3,48.93992398586788,standard,462,380227449,False,63.5,False,92.24353628023353,77.06422018348624,42.53544620517097,50.0417014178482,50.0417014178482,50.0417014178482,4,NEUTRAL,0,NEDTREND,True,2,0.2857142857142857,LÅG,EJ AKTUELL,-0.6
PODD,Insulet Corporation,Healthcare,Medical Devices,United States,USD,10096018501.757782,7.269002,2.4737669999999987,1.2855,4.323065,3.4804256,3.71,4.410750000000001,0.10445249250000001,0.036504996,-0.015104997000000009,-0.029994994999999997,0.26057498500000004,0.256,1.477,1.573,18.544249999999995,0.4730000000000002,1.491,-558481248.0,480400000.0,1014000000.0,10763299840.0,3190400000.0,,2708100000.0,,,473800000.0,,247100000.0,569300000.0,,0.0,,,,,1.125,354.8800048828125,140.6300048828125,145.75999450683594,242.43478,1.41667,23.0,2.2,0.069,0.00327,1.05532,False,False,,0.719,1374385.0,1605850.0,1.813077071601984,-5.72,-36.25,-49.52,,-0.5892696333934948,0.3840761410113028,50.8394675171263,-0.11711441869404571,-0.4315552964962551,True,0.33775540746738614,,1.0,US,True,True,33.577939461011574,65.02186588550218,2.0744529695936347,91.94539958793474,50.662915979271844,81.07416879795396,11.884904086738949,21.34268537074148,50.0,31.166347992351817,71.89999999999999,40.93548225076796,standard,767,234068687,False,48.0,False,28.065054211843204,81.48457047539617,41.284403669724774,50.0417014178482,50.0417014178482,50.0417014178482,3,SVAG,-8,NEDTREND,True,2,0.2857142857142857,LÅG,EJ AKTUELL,-9.4
ITC.NS,ITC Limited,Consumer Defensive,Tobacco,India,INR,3664869457567.5,-10.056603500000001,-2.7697937499999963,1.78,0.33274310000000096,4.6468163,4.381,-2.784749999999999,0.0859225025,0.09983001999999999,0.16275500999999998,0.227314995,0.18347001000000002,-0.085,-0.7969999999999999,-0.727,-51.80375,1.906,1.659,112107854336.0,237594296320.0,23990599680.0,3455126077440.0,937923800000.0,,782132800000.0,,,256073800000.0,,206894700000.0,184643100000.0,5.47,0.8692,16.0,3.72,8.0,1779840000.0,-0.08,407.1428648264985,275.04998779296875,292.5,345.27274,2.5,33.0,,,0.27177998,0.52312,False,False,,0.5,19516689.0,13197495.0,0.7873672273409701,-2.46,-1.18,-23.63,,-0.2815789609265359,0.19135462738462058,69.98446118666415,-0.004531931363636499,-0.1331721316609321,True,0.767357124048988,,0.69,India,True,True,,85.1340046545329,24.70872406933788,21.018992538630748,93.02790233703399,11.76470588235294,67.13928273561301,83.96793587174348,50.0,,50.0,48.85989601072837,standard,465,40931688,False,49.4,False,81.48457047539617,11.509591326105086,32.11009174311927,50.0417014178482,50.0417014178482,50.0417014178482,5,NEUTRAL,0,NEDTREND,True,3,0.42857142857142855,LÅG,EJ AKTUELL,1.0
6976.T,"Taiyo Yuden Co., Ltd.",Technology,Electronic Components,Japan,JPY,2415351836810.0,152.94239900000002,78.74987875,2.6407,2.5679938,6.7972784,7.305,21.741,-0.06112249999999999,-0.029239999,-0.016607501499999996,-0.03155500500000001,-0.06580000000000003,-0.10350000000000001,,,37.042,1.335,1.984,-31633875392.0,100071997440.0,171211997184.0,2595911106560.0,573188000000.0,,341438000000.0,,,10460000000.0,,2328000000.0,33941000000.0,0.45,0.8368,90.0,2.24,45.0,1790640000.0,1.651,22100.0,2202.2562020432433,19315.0,12700.0,2.6875,16.0,,,0.01919,0.65178,False,False,,0.5,11208395.0,31894130.0,0.9160511855957791,137.14,366.95,414.44,,-0.1260180995475113,0.723393172477335,59.97548268464603,0.8779411192781861,2.6535180356936907,True,0.7687957665009943,,0.662,Japan,True,True,34.252497532378186,31.884979589153705,84.73998294970163,33.57656717446144,38.26113070890187,13.299232736572892,67.13928273561301,38.77755511022044,50.0,,50.0,40.77417283205214,standard,771,3819780742,False,34.5,False,28.065054211843204,13.010842368640535,20.016680567139282,50.0417014178482,50.0417014178482,50.0417014178482,1,SVAG,-8,UPPTREND,False,2,0.2857142857142857,LÅG,EJ AKTUELL,-5.7
GGG,Graco Inc.,Industrials,Specialty Industrial Machinery,United States,USD,12618560294.712128,-6.347851000000002,2.7514719999999997,2.5817,0.28043775000000015,5.6120806,5.337,-0.29149999999999743,0.04554,0.065300002,0.1256524985,0.11958500250000004,0.07355498499999996,-0.039,-0.099,-0.045,-73.483,2.171,2.502,-294672000.0,712171008.0,52890000.0,11999112192.0,3274270000.0,,2236604000.0,,,610736000.0,,521839000.0,683591000.0,1.55,0.366,1.18,1.19,0.295,1784505600.0,0.925,95.36779557818905,73.26000213623047,76.02999877929688,92.0,,8.0,3.54,0.041100003,0.00737,0.92696,False,False,,0.5,1313788.0,1363790.0,1.670878387904949,0.94,-9.48,-7.47,,-0.202770722356036,0.192915075005591,52.58468162537585,-0.03395740438063255,-0.08679735640742525,True,0.7811877292420755,,0.28,US,True,True,,76.90091710104173,28.161409491332765,26.228520616718722,74.32493712982011,77.49360613810742,67.13928273561301,31.362725450901802,50.0,50.956022944550675,50.0,40.72670190678661,standard,772,103688952,False,45.0,False,28.065054211843204,77.98165137614679,25.10425354462052,50.0417014178482,50.0417014178482,50.0417014178482,3,SVAG,-8,NEDTREND,True,3,0.42857142857142855,LÅG,EJ AKTUELL,0.6
0016.HK,Sun Hung Kai Properties Limited,Real Estate,Real Estate - Development,Hong Kong,HKD,326579828036.47644,-7.562132500000002,-6.721403250000001,0.9562,-0.011972249999999907,3.53086,4.617,-4.235500000000002,-0.009230005,0.01148750125,-0.043892486499999994,-0.14829500500000004,0.01712501999999999,0.263,0.12649999999999997,0.362,-31.727000000000004,2.625,0.636,29409642496.0,20468000768.0,104009998336.0,427027202048.0,,,,,,,,,24516000000.0,3.23,0.4941,3.78,5.01,0.98,1773187200.0,0.827,147.89999389648438,79.86322864984467,112.69999694824219,147.76643,2.0,14.0,,,0.54958,0.16684,False,False,,0.5,5616138.0,7825558.0,2.722587297815633,-17.07,-14.88,18.66,,-0.23799863692272205,0.30273937113330707,15.827341880815695,-0.15134266582814837,-0.003478642365045026,False,0.15693783140286818,,0.5,Asia,True,True,,40.971721326552654,37.05598181301506,64.91728942238187,65.00679169697696,23.870417732310315,67.13928273561301,95.09018036072145,50.0,,50.0,56.707711728333045,standard,226,112538323,False,56.5,False,97.5396163469558,23.352793994995828,40.53377814845705,50.0417014178482,50.0417014178482,50.0417014178482,7,STARK,8,NEDTREND,True,3,0.42857142857142855,LÅG,EJ AKTUELL,4.5
0002.HK,CLP Holdings Limited,Utilities,Utilities - Regulated Electric,Hong Kong,HKD,184809863050.55762,4.033685000000002,1.3096930000000002,5.5291,0.8018987,2.0996826,2.811,-2.85825,0.026174995,0.02255,-0.03510999399999999,-0.08607750250000001,-0.022565,-0.11599999999999999,-0.224,-0.155,-57.885000000000005,-0.36250000000000016,0.465,-6303482624.0,6370999808.0,63065001984.0,247446863872.0,238644000000.0,,88018000000.0,,,,,10667000000.0,24378000000.0,4.37,0.76089996,3.2,4.71,0.63,1780358400.0,0.556,76.94685422522001,61.773623692850194,73.1500015258789,77.34889,,9.0,,,0.28348,0.13838,False,False,,0.5,3035277.0,3214917.0,1.8376464355679978,-2.55,0.92,12.15,,-0.04934383266959663,0.10598094543853441,28.87867841902863,-0.017981367475200627,0.05362497257637888,False,0.3116066345322524,,0.5,Asia,True,True,,47.61468200040029,60.98323387325945,21.420923752716625,64.67491300783765,29.58226768968457,67.13928273561301,30.861723446893784,50.0,,50.0,40.706608863443826,standard,773,30008572,False,43.0,False,28.065054211843204,28.940783986655543,60.80066722268557,50.0417014178482,50.0417014178482,50.0417014178482,3,SVAG,-8,VARNING,False,3,0.42857142857142855,LÅG,EJ AKTUELL,-10.8
KER.PA,Kering SA,Consumer Cyclical,Luxury Goods,France,EUR,33346334001.26825,,13.411744,1.2639,0.038079000000000196,2.2723227,3.299,5.182249999999998,-0.13464499500000002,-0.026290000000000004,-0.037470009500000005,0.036375005000000016,0.35079,,,,46.528000000000006,0.10799999999999998,0.698,1734023616.0,4312999936.0,18563999744.0,48406605824.0,41182000000.0,,14675000000.0,,,1631000000.0,,72000000.0,3100000000.0,1.1,1.0101,3.0,2.95,2.75,1780358400.0,0.976,348.8751930543694,170.61591163514677,271.95001220703125,282.13043,2.875,23.0,,,0.42529,0.2583,False,False,,0.5,300000.0,341625.0,1.8977657286420468,12.43,18.23,-11.79,52.98,-0.2204948427942538,0.3988028694553362,69.26378200094236,0.1000626820060484,-0.0016164541930577814,True,0.9044028713906387,,0.5,Europe,True,True,77.88180839290521,42.6957635590422,53.631987298309824,31.609674728940785,43.51826184725486,59.7612958226769,29.02418682235196,86.47294589178357,50.0,,50.0,48.671877627711474,standard,473,106554555,False,63.0,False,90.65888240200167,60.633861551292746,58.13177648040033,50.0417014178482,50.0417014178482,50.0417014178482,5,NEUTRAL,0,NEDTREND,True,1,0.14285714285714285,LÅG,EJ AKTUELL,1.1
BRK-B,Berkshire Hathaway Inc.,Financial Services,Insurance - Diversified,United States,USD,684416153095.9816,-3.241130000000002,9.9326905,10.06,-2.7263330948400006,2.8122282,-0.707,-10.7845,-0.030249995000000002,0.034585002000000004,-0.05746000699999998,-0.22509496499999995,-0.17170501500000002,-0.017,1.063,1.196,-49.63850000000001,1.1800000000000002,2.7,60416392832.0,397383008256.0,128885997568.0,-265524199424.0,1222176000000.0,,410522000000.0,,,,,66968000000.0,45969000000.0,,0.0,,,,,0.617,516.8499755859375,455.19000244140625,489.4599914550781,520.3333,1.75,3.0,2.33,0.0095999995,0.00262,0.67309,False,False,,0.59,4966335.0,5878850.0,1.619163156805788,1.87,1.66,-2.08,,-0.052994070667814475,0.14420032873558555,66.3109604135293,0.021526634291347158,-0.0016085884719113652,True,0.7024461011108003,,0.688,US,True,True,,34.38895696044826,53.18272236430804,69.00298839934982,81.41317563852637,18.584825234441603,11.884904086738949,,50.0,94.07265774378585,59.0,48.52599479082184,standard,481,2877461871,False,56.8,False,94.91242702251877,18.181818181818183,52.293577981651374,50.0417014178482,50.0417014178482,50.0417014178482,5,NEUTRAL,0,NEDTREND,True,2,0.2857142857142857,LÅG,EJ AKTUELL,0.7
7148.T,"Financial Partners Group Co.,Ltd.",Financial Services,Financial Conglomerates,Japan,JPY,127196449835.0,-3.5992279999999983,-12.445281000000001,,1.06148045,1.2485051,1.705,1.4189999999999996,0.17450000499999999,0.08505499999999999,-0.04960500999999996,-0.017839969999999983,0.038309979999999966,-0.481,-0.41000000000000003,-0.28,72.878,0.13500000000000034,2.113,11517874176.0,15852999680.0,62077001728.0,173684457472.0,126857000000.0,,129764000000.0,,,25418000000.0,,18156000000.0,108246000000.0,6.1,0.6056,92.7,4.49,46.35,1790640000.0,0.464,2379.135430806849,1467.0,1519.0,,,,,,0.32399,0.15514,False,False,,0.5,781827.0,532990.0,0.9158267595270282,-0.72,-19.89,-29.16,,-0.36153277348954727,0.3723833806513877,46.55172413793103,-0.016102496340341665,-0.22460407182805453,True,0.4539948682197224,,0.5,Japan,True,True,91.35648161995633,61.691852505443876,10.201761864165956,14.370671779998297,51.1877143001265,34.69735720375107,67.13928273561301,94.28857715430861,50.0,,50.0,48.47434739041301,standard,483,5020070,False,63.3,False,97.5396163469558,33.94495412844037,75.31276063386156,50.0417014178482,50.0417014178482,50.0417014178482,5,NEUTRAL,0,NEDTREND,True,3,0.42857142857142855,LÅG,EJ AKTUELL,-0.6
ENB,Enbridge Inc.,Energy,Oil & Gas Midstream,Canada,USD,119120637772.22185,5.344644999999996,12.44682,5.2651,0.3872597499999997,1.7251608,3.438,5.075750000000001,-0.013569994999999994,-0.019292498249999995,-0.011009997,-0.02903249749999999,-0.060895015,0.15949999999999998,-0.547,-0.248,102.49100000000001,-0.3769999999999999,0.526,-2242356224.0,1706000000.0,109671997440.0,237422641152.0,218475000000.0,,65194000000.0,,,11528000000.0,,7491000000.0,12270000000.0,5.15,1.2873,2.81,6.48,0.707,1778803200.0,0.807,58.45000076293945,41.87095376597536,54.54999923706055,51.38744,2.47826,4.0,5.0,0.0112,0.00126,0.53044,False,False,,0.73,4534983.0,3756120.0,1.1463843910288645,-3.94,2.17,19.96,,-0.06672372070098798,0.16121907759310317,48.767816783499114,0.001136647920606304,0.0937926036069574,False,0.12334327155670238,,0.741,US,True,True,45.91130021236502,38.03866116352451,63.28502415458937,43.087867032779435,49.836408183779355,36.0613810741688,29.02418682235196,40.480961923847694,50.0,92.35181644359464,73.0,40.453513027188336,standard,777,204896343,False,45.0,False,28.065054211843204,35.279399499582986,67.55629691409509,50.0417014178482,50.0417014178482,50.0417014178482,1,SVAG,-8,UPPTREND,False,1,0.14285714285714285,LÅG,EJ AKTUELL,-1.5
SMHN.DE,SUSS MicroTec SE,Technology,Semiconductor Equipment & Materials,Germany,EUR,2135205536.2640076,31.657996000000004,14.697413749999996,4.2,1.7858277999999999,4.5938253,3.862,18.683,-0.022057505000000005,0.0009600000000000025,0.0009224944999999957,-0.06671500200000001,-0.027729979999999987,-0.4395,-1.044,-0.852,-27.931499999999993,1.4619999999999997,1.519,-564517948.0,121613000.0,48879000.0,1794854016.0,507448000.0,,503180000.0,,,60416000.0,,46107000.0,-1001000.0,0.04,0.16219999,0.04,,0.04,1780531200.0,2.267,113.9000015258789,23.990199211608104,111.69999694824219,103.9375,1.75,8.0,,,0.076469995,0.76919997,False,False,,0.5,128846.0,76846.0,5.374689384719907,28.67,91.51,194.07,170.83,-0.019315228693274955,0.6797902947267143,72.28477548872108,0.3312798569956368,1.1543870211674978,True,1.2293020955442167,,0.499,Europe,True,True,10.024339724224568,42.847551258848455,96.79446569214043,6.281658089784914,31.39513272306813,94.03239556692242,24.061718098415348,3.2064128256513023,50.0,,50.0,40.333360378308626,standard,782,9844819,False,48.6,False,28.065054211843204,94.16180150125103,32.86071726438699,50.0417014178482,50.0417014178482,50.0417014178482,3,SVAG,-8,UPPTREND,False,1,0.14285714285714285,LÅG,EJ AKTUELL,-2.8
207940.KS,"Samsung Biologics Co.,Ltd.",Healthcare,Biotechnology,South Korea,KRW,63603766674000.0,,16.514914499999996,2.0549,,13.210751,12.721,8.325249999999997,0.07942249750000001,0.052675000000000013,0.24682000499999998,0.25977996999999997,0.19069500000000006,0.175,0.138,0.249,-0.5272499999999996,-0.358,0.81,1107641960448.0,1652953972736.0,1194488102912.0,61247370297344.0,11060741976830.0,,4556971695180.0,,,2069221266710.0,,1784352060590.0,2247807426550.0,,0.0,,,,,0.202,1987000.0,1228000.0,1374000.0,2096122.2,1.43478,23.0,,,0.74373,0.15931,False,False,,0.5,58981.0,66082.0,1.5343083958793118,2.08,-15.5,-17.48,,-0.30850528434826374,0.3508458357577682,51.32530120481927,-0.04835782853818338,-0.1595166707023935,True,0.6091683171610572,,0.198,Asia,True,True,62.79742320461818,84.79543093042679,16.226200625177608,55.59513044456108,53.84972638954315,1.7050298380221656,11.884904086738949,70.44088176352705,50.0,,50.0,48.27456613098062,standard,492,66281568,False,42.6,False,73.39449541284404,2.543786488740617,9.090909090909092,50.0417014178482,50.0417014178482,50.0417014178482,6,NEUTRAL,0,NEDTREND,True,2,0.2857142857142857,LÅG,EJ AKTUELL,-4.0
O,Realty Income Corporation,Real Estate,REIT - Retail,United States,USD,56173351572.35775,18.505181499999992,11.754683249999996,5.68,-0.8070393499999999,9.473953,15.172,-1.3599999999999994,-0.03999,-0.005522498749999997,-0.0689974985,0.07546998999999999,0.47646498499999995,0.063,-0.05650000000000002,0.248,-18.559500000000003,1.45,1.049,986046336.0,395743008.0,30294552576.0,89960054784.0,72795612000.0,,5749377000.0,,,2593823000.0,,1058590000.0,3994754000.0,5.23,2.65,3.25,5.04,0.271,1782777600.0,0.734,67.05342256918605,53.32562164841696,60.2400016784668,67.9,2.5,20.0,6.42,0.047199998,0.00125,0.79407,False,False,,0.627,5848229.0,6864710.0,1.978039921865462,-2.55,-2.56,7.68,,-0.10161182874280783,0.1648803382927577,44.7368573461679,-0.030366885186286052,0.011872648127554175,True,0.2700092431378461,,0.0,US,True,True,,52.912622621522154,49.4458653026428,44.47728981373155,78.80284988729525,50.5541346973572,29.02418682235196,61.523046092184366,50.0,44.35946462715105,62.7,48.271165595200806,standard,493,413530142,False,50.6,False,73.56130108423686,51.626355296080064,13.094245204336946,50.0417014178482,50.0417014178482,50.0417014178482,4,NEUTRAL,0,VARNING,False,1,0.14285714285714285,LÅG,EJ AKTUELL,-3.5
CARL-B.CO,Carlsberg A/S,Consumer Defensive,Beverages - Brewers,Denmark,DKK,82283887659.07837,-2.3043924999999987,-3.3506522499999996,3.59,0.9977817000000004,1.2396092,1.957,-3.8047500000000003,0.04332750250000001,-0.006770000000000002,0.015690000000000003,0.03489500499999998,0.025260000000000005,,,,149.89975,-0.6270000000000002,0.426,4747907456.0,9585000448.0,70623002624.0,174352990208.0,153955000000.0,,89095000000.0,,,12612000000.0,,5955000000.0,12431000000.0,3.47,0.6013,29.0,2.87,29.0,1773705600.0,0.641,981.8151245117188,713.2911525331018,835.5999755859375,1047.0,1.69565,22.0,,,0.06729,0.53013,False,False,,0.5,235180.0,229504.0,1.0048966007304616,-1.62,-1.7,8.28,,-0.14892330060457937,0.22516299151555066,38.664306784660766,-0.009694496191334778,0.027879048730914402,False,0.3223484580992971,,0.5,Nordic,True,True,,56.74126659721977,46.61835748792271,31.609674728940785,44.00838188263555,42.710997442455245,67.13928273561301,78.55711422845691,50.0,,50.0,40.25621411065851,standard,787,29432530,False,63.1,False,92.16013344453712,41.78482068390325,75.39616346955796,50.0417014178482,50.0417014178482,50.0417014178482,3,SVAG,-8,VARNING,False,1,0.14285714285714285,LÅG,EJ AKTUELL,0.5
2628.HK,China Life Insurance Company Limited,Financial Services,Insurance - Life,China,HKD,208501726906.2996,-4.630688299999999,-3.9447296000000005,0.38,0.12236144999999998,2.3151333,-3.003,-14.433000000000002,0.14203,0.015015,0.14894501500000001,0.0,0.21131500000000003,-0.213,-0.457,-0.323,21.465999999999998,4.588,6.246,64155764736.0,2176234946560.0,275873005568.0,-1027387949056.0,7591004000000.0,,605114000000.0,,,,,154078000000.0,459925000000.0,3.17,0.1345,0.96,4.9,0.618,1782777600.0,0.874,36.15999984741211,16.915541794774256,28.020000457763672,36.257362,,15.0,,,0.0,0.51123,False,False,,0.5,55273285.0,47765199.0,1.6802097101708544,-5.4,-1.48,4.16,,-0.22511060353975632,0.40164842911056997,45.057480235379906,-0.019456869046391212,0.013509660412565516,True,0.3097153948935677,,0.5,Asia,True,True,,73.19705222768103,38.5052571753339,14.515474851802331,60.05185827100959,27.96248934356351,67.13928273561301,,50.0,,50.0,48.243565046121724,standard,494,170781550,False,59.6,False,97.5396163469558,27.356130108423688,57.54795663052544,50.0417014178482,50.0417014178482,50.0417014178482,5,NEUTRAL,0,VARNING,False,3,0.42857142857142855,LÅG,EJ AKTUELL,-8.4
SYY,Sysco Corporation,Consumer Defensive,Food Distribution,United States,USD,37632969790.30249,-3.0515915000000007,0.01720025000000014,1.5183,12.850467,0.45033285,0.616,-1.2642499999999988,0.6357874425,0.017289999999999996,-0.068804997,-0.08833,-0.264135005,0.011999999999999997,-0.20500000000000002,-0.152,571.5617500000001,0.2529999999999999,0.763,1056518784.0,1902000000.0,15399999488.0,51484827648.0,26774000000.0,,81370000000.0,,,3088000000.0,,1828000000.0,2510000000.0,2.77,0.6,2.2,2.57,0.54,1782950400.0,0.66,91.16274597519516,67.67978264459987,78.69999694824219,86.86667,2.17647,15.0,4.37,0.0388,0.00202,0.89796996,False,False,,0.72,4777870.0,3522560.0,1.8871942269522812,4.67,-2.91,6.33,,-0.13670879363752397,0.26969708045268453,62.31884246497827,0.04653416081924733,0.013998751874245485,True,0.7322805104764706,,0.698,US,True,True,,44.9760721736625,44.71440750213129,39.335807689305824,48.23958250962616,57.8005115089514,67.13928273561301,72.64529058116233,50.0,53.53728489483748,72.0,40.22471680605549,standard,788,277225461,False,65.3,False,79.73311092577148,58.71559633027523,93.41117597998331,50.0417014178482,50.0417014178482,50.0417014178482,3,SVAG,-8,UPPTREND,False,1,0.14285714285714285,LÅG,EJ AKTUELL,-9.6
CEG,Constellation Energy Corporation,Utilities,Utilities - Independent Power Producers,United States,USD,97867377907.1889,1.734655,3.2172715,3.74,0.3457751999999996,3.276773,3.976,1.529250000000001,0.06329499,0.00861,-0.005595000000000017,-0.003392497500000008,-0.216875015,0.559,10.85,12.475,-88.85950000000001,0.4505,0.478,-5290731392.0,864000000.0,22466000896.0,118737936384.0,57249000000.0,,25533000000.0,,,4198000000.0,,2319000000.0,4237000000.0,0.64,0.1381,1.71,,0.427,1778803200.0,1.091,411.03669506377406,240.50999450683594,274.05999755859375,360.0038,1.52174,21.0,3.46,0.036,0.0032300001,0.83021003,False,False,,0.261,3502412.0,4186500.0,1.6241525857178727,5.14,-13.27,-24.83,,-0.3332468831862513,0.4683510049606575,42.77419292486414,-0.03568889209944204,-0.1393650618904343,True,0.5706032060440537,,0.695,US,True,True,41.908294200340976,49.277519198563816,14.0949133276499,88.14639699922135,39.86307054759356,39.64194373401534,67.13928273561301,24.04809619238477,50.0,56.21414913957935,26.1,40.14025565248994,standard,791,1147352180,False,42.0,False,28.065054211843204,38.78231859883236,44.28690575479566,50.0417014178482,50.0417014178482,50.0417014178482,3,SVAG,-8,NEDTREND,True,2,0.2857142857142857,LÅG,EJ AKTUELL,-0.0
TRENT.NS,Trent Limited,Consumer Cyclical,Apparel Retail,India,INR,1709436136582.5334,69.100034,43.872617500000004,,19.988782200000003,8.515583,7.785,37.71425,0.10074501,0.06180999999999998,-0.006744995500000024,-0.0036249999999999893,0.019970010000000038,0.11900000000000001,0.14700000000000002,0.258,0.4834999999999994,-0.14100000000000013,0.498,-1585118720.0,9288899584.0,25612500992.0,1562753761280.0,117285800000.0,,198501100000.0,,,23782200000.0,,17196500000.0,26676200000.0,0.14,0.1034,4.0,0.09,4.0,1781222400.0,0.349,6251.7619882765375,2180.44477277369,3205.800048828125,3145.7693,1.92,25.0,,,0.43422002,0.30482998,False,False,,0.5,1797944.0,2044228.0,1.614634961164641,15.48,32.27,-21.86,,-0.48721655513442086,0.47231603474566874,77.60981457584208,0.1422822604628169,-0.08007154819331952,True,1.11159019605481,,0.602,India,True,True,36.700340980468404,63.33194569572906,35.69195794259733,65.59257190423982,61.126024789305774,15.26001705029838,34.153461217681404,46.19238476953908,50.0,,50.0,48.136063221592515,standard,497,69487717,False,33.9,False,28.065054211843204,14.929107589658047,14.428690575479566,50.0417014178482,50.0417014178482,50.0417014178482,4,NEUTRAL,0,NEDTREND,True,3,0.42857142857142855,LÅG,EJ AKTUELL,0.4
KNIN.SW,Kuehne + Nagel International AG,Industrials,Integrated Freight & Logistics,Switzerland,CHF,21578705083.373016,-0.5416990000000013,3.194049500000002,2.3183,5.629696249999999,0.90861535,1.054,2.6899999999999995,0.17956501499999997,0.019910006,-0.0287025085,-0.0459100025,-0.010429999999999995,-0.176,-0.23,-0.158,75.67699999999999,-0.2310000000000001,0.991,-183351456.0,749000000.0,3622000128.0,25020411904.0,11927000000.0,,24476000000.0,,,1237000000.0,,882000000.0,1781000000.0,3.23,1.1735,6.0,4.13,6.0,1778198400.0,0.637,197.5,142.4033839338917,181.6999969482422,183.83333,3.22222,18.0,,,0.60231996,0.18665001,False,False,,0.5,209775.0,254014.0,3.487439612039646,4.88,10.28,11.16,,-0.08000001545193824,0.27998556288969356,47.571196129739995,0.008649371197245737,0.09392507063715128,False,0.32325130169998323,,0.239,Europe,True,True,51.314905931265514,55.52771034999294,63.56919579425974,13.127317007746347,48.96034215316594,68.71270247229326,29.02418682235196,41.883767535070135,50.0,,50.0,40.11927565622542,standard,792,57235050,False,52.4,False,28.065054211843204,69.39115929941619,82.98582151793161,50.0417014178482,50.0417014178482,50.0417014178482,3,SVAG,-8,UPPTREND,False,1,0.14285714285714285,LÅG,EJ AKTUELL,-12.2
TLN,Talen Energy Corporation,Utilities,Utilities - Independent Power Producers,United States,USD,20852483139.854584,,-3.143348499999999,,15.8377822,6.443907,7.492,23.68025,-0.116395,-0.013919999999999995,-0.139015,-0.04953250750000002,-0.04808501500000001,0.888,,,480.1275,0.33450000000000013,0.979,575018752.0,1026000000.0,6817999872.0,24245524480.0,10905000000.0,,2626000000.0,,,16000000.0,,-219000000.0,704000000.0,,0.0,,,,,1.604,451.2799987792969,255.5,436.2900085449219,473.97067,1.5,15.0,2.94,0.0558,0.01429,1.03387,False,False,,0.466,744653.0,997620.0,2.271964694976655,38.69,28.29,15.8,,-0.033216606707415774,0.5750888388608969,64.85205450998328,0.19633377887081238,0.17281724594868142,True,1.1438316380544664,,0.482,US,True,True,58.901497023898536,25.270498203602777,78.57345836885479,58.655242872282265,22.422244403347996,69.47996589940324,11.884904086738949,74.9498997995992,50.0,39.101338432122375,46.6,39.9474332410226,standard,796,435251638,False,56.0,False,79.14929107589657,70.14178482068391,21.267723102585485,50.0417014178482,50.0417014178482,50.0417014178482,2,SVAG,-8,UPPTREND,False,1,0.14285714285714285,LÅG,EJ AKTUELL,-2.0
2269.HK,WuXi Biologics (Cayman) Inc.,Healthcare,Biotechnology,China,HKD,126721372797.16083,4.674182000000002,3.463898499999999,1.0742,0.6049616,5.8155704,5.533,1.5422499999999983,0.013312497500000006,0.02725499999999999,0.08199999499999999,0.12916999999999998,0.10186500000000004,0.08899999999999998,0.281,0.383,-9.75225,1.3279999999999998,2.965,-4947785728.0,15732761600.0,3104066048.0,120558878720.0,63696738000.0,,21790018000.0,,,7056897000.0,,4908343000.0,6340922000.0,,0.0,,,,,0.558,44.0,23.100000381469727,30.81999969482422,46.813942,1.48,22.0,,,0.09981,0.39027,False,False,,0.5,29753659.0,32608892.0,0.8533256054955884,-6.61,-11.59,-8.16,,-0.2995454614812677,0.4531888832885295,38.98601433578933,-0.07683645598244937,-0.12628846422491335,False,0.33381730235894175,,0.5,Asia,True,True,42.48358657613735,71.38764221665672,21.696504688832054,63.54885769942169,58.62410176588117,34.78260869565217,11.884904086738949,24.949899799599198,50.0,,50.0,47.75438264879336,standard,513,128241885,False,38.2,False,28.065054211843204,34.02835696413678,23.686405337781487,50.0417014178482,50.0417014178482,50.0417014178482,5,NEUTRAL,0,NEDTREND,True,2,0.2857142857142857,LÅG,EJ AKTUELL,-3.1
CCO.TO,Cameco Corporation,Energy,Uranium,Canada,CAD,65795970176.3988,81.064132,46.66766500000001,1.92,7.433527399999999,18.597645,18.57,65.20175,-0.0036850039999999987,-0.012872498249999993,0.09415499999999999,0.004772497499999986,-0.020119979999999982,0.022499999999999992,0.59,0.874,-25.996499999999997,1.908,1.837,-143971264.0,1109720064.0,1010993984.0,65697255424.0,10301282000.0,,3481933000.0,,,621259000.0,,589577000.0,1408432000.0,0.16,0.1611,0.24,0.23,0.24,1764547200.0,0.983,182.72000122070312,92.87980891596979,151.07000732421875,178.27779,1.79167,18.0,3.26,,0.00145,0.68305,False,False,,0.5,887322.0,988870.0,1.4601587797464086,4.09,7.8,29.09,,-0.1732158148261782,0.5426501079796744,46.74136572307769,-0.029886165322498104,0.059889317125831676,True,0.5491104870736342,,0.712,Canada,True,True,33.829562109293214,50.819125303539906,61.06848536516056,71.45935108906109,46.38699490099,47.570332480818415,67.13928273561301,44.88977955911824,50.0,,50.0,39.676932111598866,commodity,800,105560060,False,37.4,False,28.065054211843204,46.538782318598834,6.0884070058381985,50.0417014178482,50.0417014178482,50.0417014178482,3,SVAG,-8,VARNING,False,3,0.42857142857142855,LÅG,EJ AKTUELL,-4.3
HEI.DE,Heidelberg Materials AG,Basic Materials,Building Materials,Germany,EUR,32609899442.05307,-4.764484499999998,-1.4148032500000003,1.9691,0.08510795000000004,1.513066,1.832,-1.6240000000000006,0.002607497499999993,0.019464998,0.0207624905,0.05198749749999999,0.26621999999999996,-0.09699999999999999,-0.365,0.039,-7.344999999999999,-0.47250000000000003,0.772,948698560.0,2639399936.0,8386699776.0,39493500928.0,36139000000.0,,21460200000.0,,,3058700000.0,,1940900000.0,3254800000.0,1.95,0.29540002,3.6,3.1,3.6,1778716800.0,0.91,237.06012981725166,156.56947442581472,184.89999389648438,225.10526,1.84211,19.0,,,0.284,0.45806,False,False,,0.5,416455.0,382313.0,1.8268084761786947,7.28,13.58,-15.65,6.19,-0.22002913759043852,0.3635373603896967,49.00661945728361,0.017731498375167964,-0.05292158670559166,True,0.6234200544275272,,0.5,Europe,True,True,,66.6465728951003,41.80119195663906,25.550361010554322,34.24129390940961,60.187553282182435,67.13928273561301,75.75150300601202,50.0,,50.0,47.663186288234286,standard,517,81075429,False,62.3,False,80.15012510425355,61.05087572977481,70.55879899916597,50.0417014178482,50.0417014178482,50.0417014178482,4,NEUTRAL,0,NEDTREND,True,2,0.2857142857142857,LÅG,EJ AKTUELL,0.2
IOT,Samsara Inc.,Technology,Software - Infrastructure,United States,USD,11813540528.738394,283.373433,15.361631249999999,,6.849650299999999,10.670367,10.569,-14174.9025,-0.103152502,-0.0668200001,-0.0746624985,-0.12311000000000001,0.313474985,0.1725,,,-44.899499999999996,-0.07399999999999995,1.202,-569176000.0,804318976.0,69020000.0,18290184192.0,2540674000.0,,1618635000.0,,,-52576000.0,,-9117000.0,236210000.0,,0.0,,,,,1.339,47.470001220703125,23.3799991607666,31.690000534057617,44.78,1.59091,20.0,8.22,0.1313,0.03885,1.02579,False,False,,0.855,6124296.0,7845700.0,1.091487329981085,2.92,-5.85,-18.7,,-0.3324204820067156,0.5784542286329731,37.68656254345802,0.024651135978264405,-0.06994624643412173,False,0.3280000345259711,,1.0,US,True,True,,29.256245998997894,19.948849104859335,90.93345948806197,24.99033281066032,78.60187553282184,11.884904086738949,28.75751503006012,50.0,15.678776290630974,95.5,39.574674223898676,standard,806,248630237,False,43.1,False,28.065054211843204,79.06588824020017,11.259382819015846,50.0417014178482,50.0417014178482,50.0417014178482,3,SVAG,-8,NEDTREND,True,1,0.14285714285714285,LÅG,EJ AKTUELL,-10.0
TTWO,"Take-Two Interactive Software, Inc.",Communication Services,Electronic Gaming & Multimedia,United States,USD,44426318895.996124,,8.589962500000002,3.3419,8.9328618,6.6742263,6.56,44.4105,-0.27620749,-0.061284999,-0.166245002,-0.160754995,0.12720498499999994,0.0,,,7.0965000000000025,0.09000000000000019,1.1,635931264.0,1989299968.0,2958299904.0,43666763776.0,9383200000.0,,6656400000.0,,,-108600000.0,,-298200000.0,624300000.0,,0.0,,,0.001,,0.982,264.7900085449219,187.6300048828125,239.27999877929688,279.10516,1.2069,29.0,3.05,0.0468,0.0136,0.93869,False,False,,0.778,2165600.0,2663960.0,2.3076432816558055,0.48,18.6,-2.15,,-0.09634053001398357,0.30387717649258095,63.897063690901604,0.08834873150093392,0.03638140916147026,True,1.0387658679021445,,0.585,US,True,True,49.84704483594054,20.64850691822035,58.31202046035806,49.285487613432984,58.31639156911043,54.73145780051151,11.884904086738949,66.33266533066133,50.0,45.506692160611856,77.8,39.52327211164297,standard,808,637432346,False,51.6,False,70.7256046705588,55.713094245204346,20.600500417014178,50.0417014178482,50.0417014178482,50.0417014178482,3,SVAG,-8,UPPTREND,False,0,0.0,LÅG,EJ AKTUELL,-3.0
CNA.L,Centrica plc,Utilities,Utilities - Independent Power Producers,United Kingdom,GBp,9915973289413.727,,-0.16708249999999847,0.37,0.9036801999999999,0.40115455,0.347,-7.89025,-0.110435,0.1545450095,-0.11996000300000001,-0.06233250750000002,0.009160009999999996,-0.079,29.829,24.571,-90.34150000000001,0.7544999999999998,1.173,2882387584.0,4309000192.0,2856000000.0,6762104320.0,15415000000.0,,19492000000.0,,,771000000.0,,-72000000.0,695000000.0,3.19,0.16610001,0.06,8.77,0.0367,1775692800.0,0.349,2753.7499084721107,1945.6897864053947,2189.443684233702,222.143,2.07143,14.0,,,0.0028400002,0.60834,False,False,,0.5,18918111.0,18813980.0,2.874605845242558,-10.7,-16.17,6.77,1.41,-0.20492282995717226,0.2553097942116343,36.19037836434329,-0.11657625450685283,-0.04698489227419067,False,0.038924063770189386,,0.5,UK,True,True,,40.940572229806,34.91615633090093,62.511751256063974,75.99737068032759,6.734867860187553,67.13928273561301,99.04809619238478,50.0,,50.0,47.45426049337124,standard,521,41192149686,False,52.2,False,58.29858215179316,6.58882402001668,94.16180150125103,50.0417014178482,50.0417014178482,50.0417014178482,4,NEUTRAL,0,NEDTREND,True,3,0.42857142857142855,LÅG,EJ AKTUELL,-3.4
3968.HK,"China Merchants Bank Co., Ltd.",Financial Services,Banks - Regional,China,HKD,216506898571.0041,-2.231947999999999,-2.782674000000001,1.2231,-0.11585360000000011,3.980348,0.502,,0.006419999999999995,0.011655000000000002,0.23020499500000002,0.23903003,-0.357915,-0.044,-0.126,0.015,,,,,1800973058048.0,691305971712.0,149971746816.0,13070523000000.0,,332059000000.0,,,,,150181000000.0,451457000000.0,8.96,0.5249,4.44,4.76,1.003,1782950400.0,0.54,53.319332882366346,43.804706663892645,47.15999984741211,58.619747,1.78947,19.0,,,0.17571,0.54403,False,False,,0.5,14528340.0,14200359.0,1.3918449765488754,1.77,-5.68,-7.25,,-0.11551781880960554,0.2039527093140378,50.368558658914175,-0.02504372260235288,-0.028286170845924663,True,0.39027852536675517,,0.084,Asia,True,True,,61.82552450760328,37.908496732026144,25.019154330293013,80.25623230755181,27.28047740835465,67.13928273561301,,50.0,,50.0,39.43862665666243,standard,813,85454382,False,39.1,False,28.065054211843204,26.688907422852377,36.86405337781485,50.0417014178482,50.0417014178482,50.0417014178482,2,SVAG,-8,NEDTREND,True,3,0.42857142857142855,LÅG,EJ AKTUELL,-15.6
BBD,Banco Bradesco S.A.,Financial Services,Banks - Regional,Brazil,USD,17732370036.289135,-9.621945000000004,-6.8860055,1.7802,-1.7267881500000004,0.38744697,5.801,,-0.0015799950000000007,-0.0088949995,0.0030699930000000486,-0.017764964999999966,-0.449505015,0.044,-0.20800000000000002,-0.076,,,,,353307787264.0,849051254784.0,531788005376.0,2330327216000.0,,117814239000.0,,,,,23672706000.0,,4.94,0.5907,0.17,4.85,0.004,1783296000.0,0.256,4.290625821052275,2.671005371287558,3.359999895095825,4.4,,5.0,1.46,0.0082,5e-05,0.55339,False,False,,0.869,31496206.0,29180460.0,1.5409566819538916,-1.93,-3.29,2.4,,-0.21689747947496718,0.3377073126570574,41.07399355532267,-0.08699451721875417,-0.04789528788133812,True,0.25645094321632206,,0.552,US,True,True,,36.436558354603065,36.4592213697073,40.37270493625869,67.05743767692448,72.37851662404093,67.13928273561301,,50.0,94.45506692160612,96.9,39.43258279121223,standard,814,98046343,False,54.6,False,28.065054211843204,72.97748123436196,94.24520433694745,50.0417014178482,50.0417014178482,50.0417014178482,0,SVAG,-8,NEDTREND,True,2,0.2857142857142857,LÅG,EJ AKTUELL,-11.9
ICICIBANK.NS,ICICI Bank Limited,Financial Services,Banks - Regional,India,INR,9657265072373.5,-2.667631,-1.5567934999999995,0.53,-1.1345795499999998,4.4411235,4.264,,0.004035005000000008,-0.009015000000000002,-0.011199999999999988,-0.04733998999999994,-0.40383999,0.6080000000000001,-0.049,0.093,,,,,2649807126528.0,2202642677760.0,9273067175936.0,29144979700000.0,,2230897800000.0,,,,,542077000000.0,673254200000.0,0.82,0.1471,11.0,0.99,11.0,1754956800.0,0.249,1488.5144734435703,1187.5999755859375,1346.5,1674.8206,1.23077,39.0,,,0.03009,0.58658004,False,False,,0.5,18771069.0,17308739.0,0.5554740292343248,8.34,4.44,-1.43,,-0.09540684754984619,0.1837329202458534,79.14845386653305,0.04401210316122195,0.0007885881948830331,True,0.871689750680989,,0.667,India,True,True,,33.78843539839083,50.58255186132424,59.57042354902597,92.27294311021825,6.905370843989769,67.13928273561301,,50.0,,50.0,39.420839645694464,standard,815,247123513,False,35.6,False,28.065054211843204,6.755629691409508,33.694745621351124,50.0417014178482,50.0417014178482,50.0417014178482,1,SVAG,-8,UPPTREND,False,2,0.2857142857142857,LÅG,EJ AKTUELL,-10.4
035420.KS,NAVER Corporation,Communication Services,Internet Content & Information,South Korea,KRW,34328558821500.0,,3.928230000000001,27.8166,,2.7486408,2.752,0.2530000000000001,-0.09097749999999999,-0.0032749990000000007,0.0,-0.028780000000000028,0.642085,0.10200000000000001,-0.4225,-0.328,-16.300000000000004,0.01100000000000001,0.963,1447670253568.0,8963419537408.0,5310200152064.0,34365169991680.0,41084496327310.0,,12035007218970.0,,,2208138388970.0,,1953214734950.0,3095806604670.0,1.09,0.2187,2630.0,0.48,2630.0,1772064000.0,1.134,304000.0,190800.0,229500.0,305814.8,1.66667,27.0,,,0.00155,0.40076,False,False,,0.5,1788710.0,3357150.0,0.5516045647230403,15.85,1.32,-5.15,,-0.24506578947368418,0.5319006680077792,48.84910485933504,0.04358027610542203,-0.02751580051035818,False,0.4263914056342189,,0.544,Asia,True,True,90.96891544282595,50.51391200577543,35.09519749928957,37.07243996378313,31.370255685244796,3.154305200341006,67.13928273561301,88.77755511022045,50.0,,50.0,47.374419621587684,standard,523,562440125,False,52.6,False,86.82235195996664,2.543786488740617,53.21100917431193,50.0417014178482,50.0417014178482,50.0417014178482,4,NEUTRAL,0,NEDTREND,True,2,0.2857142857142857,LÅG,EJ AKTUELL,-7.1
WEGE3.SA,WEG S.A.,Industrials,Electrical Equipment & Parts,Brazil,BRL,189483668205.3272,9.091521499999999,11.709822500000003,1.15,8.392464949999999,4.714245,4.442,10.092000000000002,0.16278004000000004,0.052270003999999995,0.0927374855,0.0734799975,0.03360000000000002,-0.122,-0.129,-0.057,-67.763,0.04899999999999993,0.904,3685508736.0,7385767936.0,4866904064.0,178526044160.0,42645030000.0,,40804110000.0,,,7859202000.0,,6376219000.0,6451033000.0,0.94,1.2186,0.4,1.18,0.104424,1774224000.0,-0.069,54.41120906702022,33.84914606620842,45.15999984741211,52.74375,2.3125,16.0,,,0.65172,0.20798,False,False,,0.5,8000801.0,8869070.0,1.2086428717719562,6.06,-1.95,-4.4,,-0.17002395973618356,0.2951212881724947,55.14563430410524,-0.0008540156364084117,0.018102683928039154,True,0.9752147754574112,,0.288,LatAm,True,True,62.96959590823438,76.3858616525004,37.73799374822393,19.53114512290435,70.23498548449612,29.241261722080136,29.02418682235196,72.84569138276554,50.0,,50.0,47.371858465677974,standard,524,77772270,False,50.3,False,75.0625521267723,28.607172643869895,31.526271893244374,50.0417014178482,50.0417014178482,50.0417014178482,5,NEUTRAL,0,VARNING,False,3,0.42857142857142855,LÅG,EJ AKTUELL,-3.4
SAMPO.HE,Sampo Oyj,Financial Services,Insurance - Diversified,Finland,EUR,23846238425.627926,0.942324000000001,2.6052719999999994,31.6561,0.8736531500000001,2.2328355,0.743,-6.43,0.076100005,0.032745,-0.05586501999999996,-0.31510997199999996,-0.01658997000000001,-0.139,,,-19.196500000000007,0.04599999999999993,1.671,-149842688.0,18642999296.0,2424999936.0,7927395328.0,25723000000.0,,10322000000.0,,,,,1998000000.0,1759000000.0,3.96,0.5574,0.36,4.11,0.36,1776902400.0,0.238,9.98901438913238,8.577668915457046,9.022000312805176,10.50786,,14.0,,,0.07637,0.50485003,False,False,,0.5,3578980.0,1665362.0,0.7222981888976369,-2.11,-1.92,-6.44,,-0.09680775686731158,0.16424743591299507,42.826089210005286,0.0022831399320462076,-0.021015849027871125,True,0.43230311032693247,,0.565,Nordic,True,True,,46.59424022682195,42.92412617220801,28.657577125636333,80.11660749726254,65.81415174765559,67.13928273561301,33.967935871743485,50.0,,50.0,39.28098482575979,standard,822,17232361,False,48.3,False,28.065054211843204,66.55546288573811,58.71559633027523,50.0417014178482,50.0417014178482,50.0417014178482,3,SVAG,-8,NEDTREND,True,2,0.2857142857142857,LÅG,EJ AKTUELL,-13.1
AEHR,"Aehr Test Systems, Inc.",Technology,Semiconductor Equipment & Materials,United States,USD,3626560282.1877136,,748.60418125,0.9,19.6074523,80.13612,72.265,-292.5875,-0.2336125,-0.12462000000000001,-0.3601524985,-0.54820002,-0.142265015,-0.5695,,,-42.2545,9.275000000000002,5.79,-819307881.0,36911000.0,10025000.0,3270358528.0,148508000.0,,58968000.0,,,-4813000.0,,-3910000.0,-7400000.0,,0.0,,,,,3.183,126.62000274658203,10.890000343322754,115.30000305175781,63.66667,1.5,3.0,1.57,0.1378,0.04566,0.73087996,False,False,,0.1,3011287.0,1785440.0,0.7116074381216453,42.1,205.35,426.48,,-0.08940135404577532,1.195409380400511,62.53957972438551,0.22045196707789128,1.5490916340063516,True,0.8229025938763784,,0.675,US,True,True,,8.961354806609057,88.46263142938335,28.237832933419913,33.40749313376031,91.56010230179028,11.884904086738949,4.408817635270541,50.0,13.957934990439771,10.0,39.18725753948777,standard,825,205861237,False,43.7,False,28.065054211843204,91.74311926605505,2.543786488740617,50.0417014178482,50.0417014178482,50.0417014178482,3,SVAG,-8,UPPTREND,False,1,0.14285714285714285,LÅG,EJ AKTUELL,-7.8
APPF,"AppFolio, Inc.",Technology,Software - Application,United States,USD,3640379562.0,2.5448629999999994,-1.6431017500000022,7.45,5.285638299999999,5.3819294,5.494,11.451500000000001,0.1791775,0.12182000999999998,0.04478750150000001,0.05539999999999999,0.18798501500000003,0.07149999999999998,0.18,0.352,-41.6135,1.8280000000000003,2.944,-634244000.0,151652992.0,36979000.0,5468084736.0,688967000.0,,950822000.0,,,152917000.0,,140923000.0,242105000.0,,0.0,,,,,0.793,326.0400085449219,142.72999572753906,151.5,224.25,,8.0,7.96,0.1137,0.047119997,0.92177004,False,False,,0.831,363562.0,408390.0,2.0471235498146156,-5.21,-9.17,-34.43,,-0.5353331001427504,0.43776958067033134,43.10959811162588,-0.06021917402337085,-0.2646194213225995,False,0.07904387753579929,,0.727,US,True,True,18.33487871264918,79.49255687736179,9.974424552429667,68.8592452496172,54.75146255906778,91.30434782608695,11.884904086738949,10.521042084168336,50.0,19.311663479923517,93.1,47.163102660753005,standard,532,61871085,False,47.2,False,28.065054211843204,91.4929107589658,26.438698915763137,50.0417014178482,50.0417014178482,50.0417014178482,5,NEUTRAL,0,NEDTREND,True,2,0.2857142857142857,LÅG,EJ AKTUELL,-2.0
PGR,The Progressive Corporation,Financial Services,Insurance - Property & Casualty,United States,USD,119275311157.22656,-7.401714000000002,-0.21689450000000043,31.4411,1.0070453499999994,1.333952,1.407,-0.22949999999999982,0.24379000499999998,0.05999500000000001,-0.12124000699999998,-0.20468496499999997,-0.263885005,0.025999999999999995,-0.035,0.098,-41.133500000000005,-1.395,0.242,14689769088.0,2288000000.0,8385999872.0,125811007488.0,123039000000.0,,87637000000.0,,,,,11308000000.0,17548000000.0,6.78,0.70699996,13.9,1.93,0.1,1782950400.0,0.27,251.59844397023605,187.86426104094096,204.8699951171875,230.19048,2.6,21.0,2.37,0.012200001,0.0024899999,0.90515,False,False,,0.331,2964869.0,3355000.0,2.7794090224685015,0.99,1.13,-5.96,,-0.1857263030552625,0.22457964990597273,71.70716141803658,0.024999821969648783,-0.01814091314601185,True,0.8025393791253168,,0.653,US,True,True,,43.230988839837266,38.42000568343279,50.998531291880106,57.50586193169369,35.89087809036658,67.13928273561301,97.49498997995993,50.0,91.10898661567877,33.1,47.11669854191928,standard,533,687338834,False,63.2,False,97.5396163469558,35.11259382819016,73.64470391993328,50.0417014178482,50.0417014178482,50.0417014178482,4,NEUTRAL,0,NEDTREND,True,1,0.14285714285714285,LÅG,EJ AKTUELL,-2.2
ENEL.MI,Enel SpA,Utilities,Utilities - Diversified,Italy,EUR,98627318744.15039,8.864801,-1.5199399999999992,0.9142,2.6507987,1.2659459,2.356,-2.305250000000001,0.017679984999999974,0.028220000000000002,-0.040120005,-0.0010274925000000046,0.009689999999999976,-0.14600000000000002,-0.11299999999999999,-0.073,-9.137500000000003,0.01649999999999996,0.415,1061523520.0,4696999936.0,70528999424.0,183556866048.0,178657000000.0,,67452000000.0,,,3571000000.0,,4225000000.0,13926000000.0,5.23,1.2763,0.52,6.15,0.26,1784505600.0,0.904,10.3100004196167,7.37369691378631,9.939000129699707,10.21591,,22.0,,,0.236,0.31957,False,False,,0.5,23539524.0,21495576.0,2.019353807021407,1.83,5.32,14.94,32.42,-0.03598450774173534,0.19344636696408962,68.93106483845644,0.021731992203744888,0.10263951959904305,True,0.9092480836159569,,0.427,Europe,True,True,,53.36399117724919,68.80939252446092,20.808342292767364,62.330565916109116,39.30093776641092,29.02418682235196,53.50701402805611,50.0,,50.0,47.104584399018954,standard,534,245033282,False,56.4,False,67.55629691409509,38.4487072560467,75.14595496246872,50.0417014178482,50.0417014178482,50.0417014178482,5,NEUTRAL,0,UPPTREND,False,2,0.2857142857142857,LÅG,EJ AKTUELL,0.0
ULTRACEMCO.NS,UltraTech Cement Limited,Basic Materials,Building Materials,India,INR,3343826241045.0,11.902203499999995,6.460303250000003,1.22,0.67581515,3.7778425,,,-0.0355124975,-0.0016150000000000088,-0.027062495500000026,0.0059274975000000035,0.18056001000000005,-0.057999999999999996,,0.453,16.208499999999997,-1.1395,0.331,6595817984.0,51199700992.0,237550895104.0,,1413760500000.0,,885115300000.0,,,123757700000.0,,81656400000.0,153158600000.0,0.68,0.2793,77.5,0.53,77.5,1753401600.0,0.45,13110.0,10325.0,11367.0,13686.564,1.4359,39.0,,,0.61737,0.23082,False,False,,0.5,375996.0,298360.0,1.043686546238014,-0.93,1.07,-1.4,,-0.13295194508009156,0.22508552500817675,54.55158462575859,-0.017241289871887777,-0.04573055299272222,True,0.588380800349898,,0.532,India,True,True,,48.323330634980366,44.30235862460927,49.03465144361923,58.355509104766746,11.935208866155158,67.13928273561301,,50.0,,50.0,47.018999391830626,standard,542,35960750,False,45.0,False,59.966638865721436,11.676396997497914,38.36530442035029,50.0417014178482,50.0417014178482,50.0417014178482,4,NEUTRAL,0,NEDTREND,True,1,0.14285714285714285,LÅG,EJ AKTUELL,-0.8
NU,Nu Holdings Ltd.,Financial Services,Banks - Regional,Brazil,USD,48795476575.08159,1.7367789999999985,-1.8299465000000001,0.748,2.1819297499999997,8.1370325,6.852,,0.16531000499999998,0.029045,0.16872999300000002,0.11369503500000006,-0.449505015,0.376,0.42600000000000005,0.565,,,,,15906660352.0,6147460096.0,52036579328.0,74893877000.0,,10626855000.0,,,,,2868892000.0,3500464000.0,,0.0,,,,,0.952,18.979999542236328,11.199999809265137,12.710000038146973,17.8619,1.57143,21.0,2.66,0.0379,0.05626,0.88471,False,False,,0.484,53672229.0,57264710.0,1.0038283678436333,3.42,-10.24,-21.54,,-0.3303477162966564,0.3829153366343903,45.312498669539046,-0.05740136415118535,-0.17384380252685216,True,0.6203305026388989,,0.498,US,True,True,,67.07982191533573,16.581415174765556,67.74691351126488,37.85124646151037,53.452685421994886,11.884904086738949,,50.0,53.91969407265774,48.4,46.92793527812044,standard,544,727834466,False,40.0,False,28.065054211843204,54.46205170975813,15.346121768140117,50.0417014178482,50.0417014178482,50.0417014178482,4,NEUTRAL,0,NEDTREND,True,2,0.2857142857142857,LÅG,EJ AKTUELL,-2.8
BEN,"Franklin Resources, Inc.",Financial Services,Asset Management,United States,USD,17174007807.648308,7.411940999999999,-1.7711515000000002,0.4084,-1.3107918500000006,1.9019468,2.28,2.9894999999999996,-0.068199995,0.0066850000000000034,-0.16927000699999997,-0.19623494499999997,-0.075945035,0.025999999999999995,0.739,0.771,-43.8365,4.648000000000001,1.349,-1053993760.0,2571500032.0,3430400000.0,20591960064.0,32368300000.0,,8770700000.0,,,1099800000.0,,524900000.0,1066100000.0,3.98,0.9924,1.32,4.8,0.33,1782691200.0,1.593,34.18000030517578,20.524305797111086,33.04999923706055,31.59091,2.72727,11.0,4.05,0.0471,0.48494998,0.51445,False,False,,0.662,4871151.0,4591000.0,2.084893128160687,7.34,40.48,44.84,,-0.033060300117789154,0.2745086686199515,64.99260444634771,0.09802850867545998,0.30447440923842284,True,0.9230084183304743,,0.838,US,True,True,36.29284688780546,27.22749369634652,88.37737993748225,74.82893724007862,57.07045541753478,72.89002557544757,67.13928273561301,21.54308617234469,50.0,44.64627151051625,66.2,46.9217309226472,holding,545,151732546,False,50.2,False,28.065054211843204,73.47789824854046,64.30358632193494,50.0417014178482,50.0417014178482,50.0417014178482,5,NEUTRAL,0,UPPTREND,False,3,0.42857142857142855,LÅG,EJ AKTUELL,-0.4
ARQQ,Arqit Quantum Inc.,Technology,Software - Infrastructure,United Kingdom,USD,424270765.5753155,,-43.06241875,,8.0764683,390.6729,347.655,-25.972499999999997,-2.3489025000000003,-1.0187300000000001,-0.1078924985,-49.45435,0.04773496500000002,8.1665,,,-41.8575,3.1849999999999996,4.609,-831559132.0,28860000.0,2172000.0,377553248.0,42851000.0,,530000.0,,,-35171000.0,,-35343000.0,-29553000.0,,0.0,,,,,2.349,62.0,11.520000457763672,24.3799991607666,60.0,,1.0,2.7,0.1346,0.69238,0.26812,False,False,,0.763,682474.0,1742010.0,4.141767752910298,100.33,75.78,-1.42,,-0.6067742070844097,1.056224534413408,71.44414502007238,0.6143342764808697,0.0020468038332333016,True,1.1293730646094238,,0.5,US,True,True,,15.181828325168283,45.637965331059966,65.32153332229113,32.13873179610253,98.38022165387895,11.884904086738949,,50.0,15.105162523900573,76.3,38.884776670569636,standard,830,42470202,False,44.5,False,28.065054211843204,97.5396163469558,2.543786488740617,50.0417014178482,50.0417014178482,50.0417014178482,3,SVAG,-8,UPPTREND,False,1,0.14285714285714285,LÅG,EJ AKTUELL,9.8
MC.PA,"LVMH Moët Hennessy - Louis Vuitton, Société Européenne",Consumer Cyclical,Luxury Goods,France,EUR,246375992832.0,-0.025489999999997792,5.202698,2.0115,1.4435063000000001,3.0489435,3.502,-0.10575000000000223,0.025215004999999985,0.025420005000000002,0.09223999049999998,0.13688501000000003,0.2868,-0.12,-0.125,-0.02,-19.781999999999996,0.356,0.691,11136148928.0,13520000000.0,36778999808.0,283008237568.0,142037000000.0,,80807000000.0,,,17668000000.0,,10878000000.0,18875000000.0,2.5,0.595,13.0,1.77,7.5,1777334400.0,0.836,643.802043116836,425.8698627878484,499.25,581.1889,1.85185,27.0,,,0.50196,0.19094,False,False,,0.5,586649.0,683728.0,2.322956230040116,5.43,10.24,-19.68,12.84,-0.22452871136757635,0.31258219675146476,63.49061937144113,0.05193355834992941,-0.06472433898583185,True,0.6674826764937372,,0.5,Europe,True,True,,76.84733345202108,41.10793699210837,26.383007745197272,55.156032891579336,25.916453537936913,67.13928273561301,87.97595190380761,50.0,,50.0,46.71395867211252,standard,553,391502674,False,55.4,False,88.24020016680566,25.35446205170976,47.039199332777315,50.0417014178482,50.0417014178482,50.0417014178482,5,NEUTRAL,0,NEDTREND,True,2,0.2857142857142857,LÅG,EJ AKTUELL,-1.6
MAA,"Mid-America Apartment Communities, Inc.",Real Estate,REIT - Residential,United States,USD,15420986265.0,9.279647499999998,10.820185249999998,7.03,0.5405628500000002,7.1427064,9.568,-1.471,-0.0011899999999999966,0.0032275012500000005,-0.0819874985,-0.11412001,0.13546498499999998,-0.048999999999999995,-0.5505,-0.315,7.798500000000001,-0.5359999999999998,0.044,97226240.0,71529000.0,5680351232.0,21179488256.0,11975383000.0,,2209126000.0,,,619438000.0,,446909000.0,1078175000.0,4.62,1.8409,6.12,3.5,1.53,1784073600.0,0.744,148.65552165284583,118.84315159765492,132.5,141.58333,2.44,24.0,3.95,0.0322,0.00461,0.97159,False,False,,0.698,975696.0,1134150.0,1.5876617721137596,3.14,7.72,1.84,,-0.10867757533133349,0.18959458363074766,57.68713075522568,0.018622171034762713,0.015047087781000501,False,0.40951151996269924,,0.941,US,True,True,,41.920111559411126,53.6231884057971,33.875750784854596,62.05720001975981,74.68030690537084,29.02418682235196,52.40480961923848,50.0,60.9942638623327,69.8,46.69223779543469,standard,555,150274875,False,52.3,False,62.8023352793995,75.22935779816514,18.432026688907424,50.0417014178482,50.0417014178482,50.0417014178482,4,NEUTRAL,0,UPPTREND,False,1,0.14285714285714285,LÅG,EJ AKTUELL,-3.3
HNR1.DE,Hannover Rück SE,Financial Services,Insurance - Reinsurance,Germany,EUR,28243848414.766754,-3.1705439999999996,-0.48758000000000123,2.2089,0.5028706499999999,1.1622791,1.057,-1.271,0.09092500999999997,0.036485000000000004,-0.09229501399999998,-0.24111997399999996,-0.15253999000000001,-0.28900000000000003,0.347,0.479,-33.2415,-1.376,0.156,3154023616.0,7716299776.0,4143300096.0,25688696832.0,71327100000.0,,24017800000.0,,,,,2641500000.0,5686900000.0,5.34,0.294,12.5,2.66,12.5,1778112000.0,0.133,267.70153536115265,221.8152814172551,234.1999969482422,284.86667,2.33333,15.0,,,0.50200003,0.28884,False,False,,0.5,177098.0,143297.0,2.7138697387906006,-3.86,-7.03,-6.03,-8.27,-0.125145111206456,0.1996036786332731,63.709681885050884,-0.03452094965602026,-0.029753634365909387,True,0.6307323017866765,,0.666,Europe,True,True,,42.125170267483604,34.84928474780419,51.57883736053415,62.34901172014528,62.31884057971014,67.13928273561301,97.69539078156313,50.0,,50.0,46.61526212093415,standard,557,38490830,False,67.9,False,97.5396163469558,63.13594662218516,76.98081734778982,50.0417014178482,50.0417014178482,50.0417014178482,6,NEUTRAL,0,NEDTREND,True,2,0.2857142857142857,LÅG,EJ AKTUELL,-1.3
SPOT,Spotify Technology S.A.,Communication Services,Internet Content & Information,Sweden,USD,96246635391.86844,10.249544,10.2806195,1.5819,6.0670558,5.490709,5.179,26.1465,0.20925248500000002,0.060474996,0.033045008000000015,-0.026304994999999998,-0.126324995,0.021000000000000005,2.1235000000000004,2.204,-71.2205,0.9140000000000003,1.508,-104106240.0,6293000192.0,476000000.0,90785357824.0,15015000000.0,,17186000000.0,,,2198000000.0,,2212000000.0,2933000000.0,,0.0,,,,,1.553,785.0,405.0,468.0799865722656,599.46277,1.55,38.0,2.75,0.045,0.2345,0.68934,False,False,,0.499,2107837.0,1950180.0,1.019258412351233,6.0,-2.99,-19.17,,-0.40371976232832407,0.45622874330374663,37.63162075980759,-0.022946837126325836,-0.15833274667940667,False,0.1357881654235601,,0.663,US,True,True,38.12722459845063,62.9104820440311,19.7641375390736,74.15310913135858,37.46428244309525,40.068201193520885,11.884904086738949,45.99198396793587,50.0,47.41873804971319,49.9,46.5853439652925,standard,558,912840228,False,39.3,False,28.065054211843204,39.199332777314424,25.938281901584652,50.0417014178482,50.0417014178482,50.0417014178482,4,NEUTRAL,0,NEDTREND,True,2,0.2857142857142857,LÅG,EJ AKTUELL,-0.2
TATACONSUM.NS,Tata Consumer Products Limited,Consumer Defensive,Packaged Foods,India,INR,1099990715382.0,43.3293645,27.024048250000007,0.55,0.6887483000000003,5.421229,5.511,26.953250000000004,-0.13807749749999998,-0.035830000000000015,-0.023564994000000027,-0.026015005000000008,0.0007699899999999982,0.144,0.145,0.215,-42.93675,0.43499999999999983,0.898,7191331328.0,43181600768.0,28195100672.0,1118122278912.0,344529600000.0,,201706100000.0,,,21740600000.0,,15423000000.0,24218500000.0,0.88,0.5295,10.0,0.73,10.0,1779667200.0,0.404,1271.9371979227803,998.7489642211792,1111.5,1347.8276,1.82759,29.0,,,0.3439,0.34908,False,False,,0.5,2145103.0,1289512.0,0.6991011952785289,-6.19,4.26,-4.19,,-0.12613610026091915,0.21962305075774627,37.82538878409981,-0.0353386560632708,-0.021048139695838963,False,0.30165216270421424,,0.473,India,True,True,44.06151855950707,30.910178849074168,46.078431372549026,57.44428499708086,76.92310335970505,16.79454390451833,67.13928273561301,54.70941883767535,50.0,,50.0,46.4659279106744,standard,565,15197674,False,44.7,False,63.21934945788157,16.430358632193496,26.271893244370307,50.0417014178482,50.0417014178482,50.0417014178482,5,NEUTRAL,0,NEDTREND,True,2,0.2857142857142857,LÅG,EJ AKTUELL,-0.1
ENPH,"Enphase Energy, Inc.",Technology,Solar,United States,USD,6890410780.713501,18.235808,1.547494249999997,1.3831,0.14365499999999898,4.922422,4.695,18.268499999999996,-0.005672499999999983,-0.041340001,-0.011452498500000005,-0.22938999999999998,-0.17771501500000003,-0.3385,,,6.051500000000004,2.104,2.714,-720242008.0,930641024.0,612126976.0,6571896832.0,3509792000.0,,1472985000.0,,,164657000.0,,172133000.0,136540000.0,,0.0,,,,,1.572,73.73999786376953,25.780000686645508,52.279998779296875,47.93462,2.51613,26.0,2.68,0.24430001,0.03049,1.0109401,False,False,,0.767,7839243.0,7862070.0,1.6151476708422587,11.8,17.11,64.09,,-0.2910225075422268,0.8447164530352257,34.71482893042864,0.13021218203758345,0.33274527456993974,False,0.2531415936838097,,1.0,US,True,True,15.760962222953369,26.558828250544394,62.94401818698494,48.35876704517971,47.423119118976906,86.35976129582268,11.884904086738949,10.92184368737475,50.0,15.353728489483748,76.7,46.407674757741056,standard,568,411029010,False,47.0,False,28.065054211843204,86.65554628857382,29.941618015012512,50.0417014178482,50.0417014178482,50.0417014178482,4,NEUTRAL,0,UPPTREND,False,1,0.14285714285714285,LÅG,EJ AKTUELL,6.7
UPS,"United Parcel Service, Inc.",Industrials,Integrated Freight & Logistics,United States,USD,78286569681.43738,-14.226618000000002,-6.632923999999999,1.6548,1.1672397499999996,1.0092242,1.268,-7.471499999999999,0.18128,0.017130002000000005,-0.04451750150000001,-0.07218499749999999,-0.225005015,-0.077,-0.343,-0.272,106.096,-0.17199999999999993,1.093,3813643904.0,5801999872.0,28661999616.0,112019660800.0,73090000000.0,,88661000000.0,,,7867000000.0,,5572000000.0,8450000000.0,6.26,1.0615001,6.56,4.34,1.64,1779062400.0,1.037,118.72508048391231,78.17259714020712,104.86000061035156,113.6,2.18519,25.0,3.87,0.033099998,0.0002,0.70685995,False,False,,0.718,5723337.0,5680830.0,2.2696690350273467,8.29,10.43,8.0,,-0.11678307411583111,0.30133552809136044,46.272909157696304,0.016943097849466682,0.0814900810043091,False,0.37831217364083114,,0.823,US,True,True,,45.930239798800436,58.496732026143796,29.630230072937408,38.60014320246774,43.73401534526854,29.02418682235196,85.37074148296593,50.0,59.94263862332696,71.8,38.354356299148456,standard,840,595691837,False,63.5,False,89.74145120934112,42.78565471226022,80.73394495412845,50.0417014178482,50.0417014178482,50.0417014178482,3,SVAG,-8,UPPTREND,False,0,0.0,LÅG,EJ AKTUELL,-1.7
FDS,FactSet Research Systems Inc.,Financial Services,Financial Data & Stock Exchanges,United States,USD,8061843849.236252,-3.5770415000000018,-1.44806,1.0501,1.0809520499999996,3.3576171,4.133,2.368500000000001,0.14560000499999998,0.089784994,-0.0056999969999999844,-0.07062496499999998,0.06985498500000004,0.009999999999999995,-0.178,-0.081,5.66449999999999,-0.2649999999999998,1.197,-221606912.0,285267008.0,1553656960.0,9922968576.0,4304272000.0,,2321748000.0,,,748303000.0,,597040000.0,726260000.0,1.95,0.2831,4.64,1.0,1.16,1780012800.0,0.707,445.8032681422438,183.15660522687796,221.2899932861328,247.5,3.27778,16.0,6.64,0.18100001,0.00416,1.06907,False,False,,0.289,952230.0,946560.0,1.8840067623763992,0.2,6.48,-23.71,,-0.5036151390089739,0.41812838581367984,37.632973970308726,-0.03865882216696437,-0.13217733212737737,False,0.09125802813567775,,0.51,US,True,True,45.53293153471121,62.86767999744477,24.666098323387327,36.63936398824097,51.646433541429836,84.39897698209718,67.13928273561301,32.26452905811623,50.0,8.221797323135755,28.9,38.29706790598597,standard,841,209464256,False,48.7,False,28.065054211843204,84.7372810675563,43.20266889074229,50.0417014178482,50.0417014178482,50.0417014178482,2,SVAG,-8,NEDTREND,True,2,0.2857142857142857,LÅG,EJ AKTUELL,-13.8
IQV,IQVIA Holdings Inc.,Healthcare,Diagnostics & Research,United States,USD,28000813713.07373,-5.9460760000000015,-3.7461065,0.6761,1.0733404000000002,1.6835505,2.54,0.6077500000000002,0.09938249250000002,-0.009675003000000005,-0.03621499700000001,-0.05418498499999999,-0.11959501500000003,0.0010000000000000009,0.03699999999999999,0.1,196.12624999999997,-1.267,0.658,1344893824.0,2103000064.0,16216999936.0,42242813952.0,29944000000.0,,16310000000.0,,,2287000000.0,,1360000000.0,2654000000.0,,0.0,,,,,1.215,247.0500030517578,153.00999450683594,167.77000427246094,225.47368,1.40909,19.0,2.53,0.034,0.01079,1.0420201,False,False,,0.423,1626677.0,1614790.0,2.1408587481791486,-3.12,0.78,-24.32,,-0.32090669014356354,0.41782645556843945,33.628128741168254,-0.03169875333084271,-0.14103670817699998,False,0.17510447441760213,,0.846,US,True,True,86.07539706278227,41.30033440760003,24.35350951974993,57.43187414899889,16.723625737690522,62.40409207161125,11.884904086738949,83.06613226452906,50.0,58.79541108986616,42.3,38.251697616959824,standard,843,270913325,False,64.6,False,89.49124270225187,63.21934945788157,68.14011676396997,50.0417014178482,50.0417014178482,50.0417014178482,3,SVAG,-8,NEDTREND,True,1,0.14285714285714285,LÅG,EJ AKTUELL,-2.1
058470.KQ,LEENO Industrial Inc.,Technology,Semiconductor Equipment & Materials,South Korea,KRW,7027932560000.0,,10.040831249999997,,,46.850826,8.349,2.969500000000002,0.03948750000000002,0.05694,0.1843375015,0.19105,-0.04821498499999999,-0.1625,-0.428,-0.236,,5.864,7.192,13576325760.0,146558238720.0,0.0,1252435165184.0,791928165320.0,,372534084600.0,,,176997188360.0,,151960670400.0,179468846370.0,0.86,0.32569999,800.0,1.44,800.0,1766966400.0,0.321,129000.0,43423.894817073175,92600.0,114642.86,,14.0,,,0.34668,0.36083,False,False,,0.5,1171820.0,2299238.0,1.0326013300609127,-3.64,-20.58,47.07,,-0.2821705426356589,0.6513298101739811,46.56160458452722,-0.13308867585380468,0.15381808760815918,True,0.2783918408849904,,0.838,US,True,True,64.1101980079562,74.97395023713169,39.95453253765274,26.726131231933614,63.51518497316615,8.184143222506394,67.13928273561301,61.12224448897795,50.0,,50.0,46.1099302583349,standard,584,155423890,False,39.1,False,59.883236030025024,8.006672226855713,2.543786488740617,50.0417014178482,50.0417014178482,50.0417014178482,4,NEUTRAL,0,VARNING,False,4,0.5714285714285714,MEDEL,EJ AKTUELL,-6.5
EQR,Equity Residential,Real Estate,REIT - Residential,United States,USD,24015299936.723145,-5.2358705000000025,17.58040025,16.1,0.011972249999999907,7.954666,10.597,-1.123000000000001,0.018409999999999996,-0.0015924987499999974,0.048332501499999986,-0.10580999000000002,0.178245025,-0.031999999999999994,-0.8815000000000001,-0.649,-13.6065,-0.4969999999999999,0.029,604684672.0,34677000.0,8643318784.0,32989480960.0,20746023000.0,,3093959000.0,,,869752000.0,,1120089000.0,1648763000.0,4.38,1.1118,2.81,3.81,0.703,1774828800.0,0.764,69.02999877929688,56.881122905106,64.08999633789062,71.55556,2.33333,18.0,3.31,0.031,0.00588,0.99130994,False,False,,0.298,2924977.0,3406050.0,1.658882161302226,-2.51,9.37,8.0,,-0.07156312514506125,0.2028609765567181,43.08943593719713,-0.012672473930150585,0.036350436260498276,False,-0.05443334330097391,,0.182,US,True,True,,53.61393956280615,62.489343563512364,12.395486336154528,54.42080019387487,65.64364876385336,29.02418682235196,70.84168336673346,50.0,63.47992351816444,29.799999999999997,38.07515421845537,standard,846,218293732,False,54.3,False,77.73144286905755,66.38865721434529,15.763135946622187,50.0417014178482,50.0417014178482,50.0417014178482,3,SVAG,-8,VARNING,False,1,0.14285714285714285,LÅG,EJ AKTUELL,-10.7
HOOD,"Robinhood Markets, Inc.",Financial Services,Capital Markets,United States,USD,85566626295.95204,34.939033,25.184927499999997,2.929,7.7320797500000005,21.111992,19.965,,0.07937001499999999,0.032515,0.160719993,0.016575035000000016,0.47288498500000004,0.09,-0.10600000000000001,0.042,73.1755,-0.5819999999999997,1.07,,19270000640.0,13610000384.0,92098625536.0,38137000000.0,,4473000000.0,,,2094000000.0,,1883000000.0,1638000000.0,,0.0,,,,,2.348,153.86000061035156,63.51499938964844,108.1500015258789,101.15,1.88889,24.0,1.24,0.044,0.0072000003,0.73529,False,False,,0.7,31177762.0,37701520.0,1.1399178397304928,45.83,45.83,-9.42,,-0.297088254927495,0.6994549894607663,62.864566332969986,0.3061200003210145,0.05213416267332094,True,1.0240417977024743,,0.837,US,True,True,,79.35946932413171,46.604148905939184,55.203415030708555,14.91376331788253,41.77323103154305,11.884904086738949,,50.0,47.992351816443595,70.0,38.05441241858645,holding,847,4077419446,False,36.4,False,28.065054211843204,40.8673894912427,5.170975813177648,50.0417014178482,50.0417014178482,50.0417014178482,3,SVAG,-8,UPPTREND,False,1,0.14285714285714285,LÅG,EJ AKTUELL,-5.0
SMIN.L,Smiths Group plc,Industrials,Specialty Industrial Machinery,United Kingdom,GBp,9837140310527.262,10.397371999999997,6.736531000000003,0.8454,1.72000615,2.6693532,3.169,4.582000000000001,-0.027369999999999978,0.0117550015,-0.0006325005000000147,0.0076350025000000085,-0.009749969999999997,-0.071,-0.245,-0.222,-19.064,1.8669999999999998,0.766,-1424612544.0,345000000.0,1228000000.0,9209490432.0,4232000000.0,,,,,,,,418000000.0,1.82,0.6199,0.47,2.39,0.15,1775088000.0,0.73,33526.33639055727,26012.338482278734,32832.145374298096,2790.0,1.81818,10.0,,,0.0072899996,0.82905996,False,False,,0.5,1079849.0,483433.0,3.8008783037304634,5.11,10.0,13.67,14.73,-0.020705841764884658,0.22497888164701266,80.97700628491347,0.04053996416551375,0.06626533869504891,True,0.9242154776267167,,0.5,UK,True,True,24.01194179403583,50.237479985084825,68.08846993125132,22.589606011938,75.34959776764212,6.820119352088662,67.13928273561301,8.316633266533065,50.0,,50.0,38.04270650145819,standard,848,15872142535,False,38.6,False,28.065054211843204,6.672226855713094,54.045037531276066,50.0417014178482,50.0417014178482,50.0417014178482,3,SVAG,-8,UPPTREND,False,3,0.42857142857142855,LÅG,EJ AKTUELL,-5.3
VTR,"Ventas, Inc.",Real Estate,REIT - Healthcare Facilities,United States,USD,39671448654.963875,117.4917615,73.13606025000001,1.72,0.7801700500000002,6.489847,8.798,4.945,-0.0469,-0.006532499749999997,-0.2153874965,-0.24208001,-0.044575014999999996,0.162,-0.1355,0.193,1.709500000000002,-0.4059999999999999,0.188,671259008.0,183612992.0,12726149120.0,53778931712.0,27591945000.0,,5833980000.0,,,857524000.0,,251381000.0,1646726000.0,2.38,3.5635998,2.0,3.31,0.52,1782777600.0,0.734,91.05999755859375,60.56988752771219,81.5999984741211,96.90476,1.54545,21.0,4.63,0.055,0.00528,1.06951,False,False,,0.5,4163041.0,4158980.0,2.2288192668587548,-7.64,-4.01,5.59,,-0.10388753940373763,0.19539031830294565,43.1286494806839,-0.04202416357931493,0.036334274660630106,True,0.3388325563539057,,0.5,US,True,True,62.47786618012144,25.052874887861503,46.80306905370844,51.49153496737287,66.61412187684785,56.692242114237004,29.02418682235196,63.827655310621246,50.0,40.43977055449331,50.0,37.944290515401946,standard,851,339372762,False,52.6,False,73.06088407005838,57.63135946622185,21.100917431192663,50.0417014178482,50.0417014178482,50.0417014178482,3,SVAG,-8,VARNING,False,2,0.2857142857142857,LÅG,EJ AKTUELL,-12.5
BHARTIARTL.NS,Bharti Airtel Limited,Communication Services,Telecom Services,India,INR,11637800495047.955,19.274293999999998,4.421270500000002,,2.6935335,5.5171022,6.074,-3.1519999999999992,-0.0013525050000000038,0.01203500099999999,-0.004895005000000008,0.12657,0.27268001000000003,0.096,-0.4405,-0.335,66.337,-0.6859999999999999,0.298,597946636800.0,440774000640.0,1954117058560.0,12815141175296.0,5521516000000.0,,2109728000000.0,,,669637000000.0,,266952000000.0,1222296000000.0,0.86,0.36060002,16.0,0.8,16.0,1752796800.0,0.016,2174.5,1740.5,1910.800048828125,2287.375,1.5625,32.0,,,0.51891,0.34674,False,False,,0.5,9983944.0,7473306.0,1.7525798132396029,1.35,2.99,-9.1,,-0.12126923484565422,0.1970203173746758,71.78261305695213,0.036218881365155164,-0.021144895602521863,True,1.059878707786885,,0.59,India,True,True,,65.18153784992539,43.44984370559818,37.16304592318497,59.71734383034585,6.308610400682012,67.13928273561301,90.28056112224448,50.0,,50.0,45.93362344322284,standard,589,151415485,False,49.9,False,90.40867389491243,6.171809841534612,25.688073394495415,50.0417014178482,50.0417014178482,50.0417014178482,6,NEUTRAL,0,NEDTREND,True,2,0.2857142857142857,LÅG,EJ AKTUELL,-0.7
MP,MP Materials Corp.,Basic Materials,Other Industrial Metals & Mining,United States,USD,10837991604.388222,,36.87648025,,2.5958434499999994,31.182274,30.386,-2589.7905,-0.1587974975,-0.068314998,-0.31417248849999996,-0.2314074975,-0.07730501500000003,1.0979999999999999,,,-12.988,5.3475,6.512,-986699760.0,1738334976.0,1047953984.0,10561221632.0,3864160000.0,,224441000.0,,,-145088000.0,,-85874000.0,-155755000.0,,0.0,,,,,1.841,100.2509994506836,29.579999923706055,60.880001068115234,80.4375,1.27778,16.0,4.02,0.1716,0.19623,0.70185,False,False,,0.416,6220780.0,6064820.0,1.1576040431006223,10.83,14.65,13.96,,-0.39272424812020057,0.9204394317815422,44.72084542471934,-0.02546779973130875,-0.020871594701029617,False,0.4427955132536865,,0.851,US,True,True,,13.215133606641313,48.50809889173061,87.33988194614435,36.091083673437055,79.88064791133846,11.884904086738949,12.725450901803606,50.0,8.98661567877629,41.6,37.930865887532065,standard,852,369226248,False,42.0,False,28.065054211843204,80.31693077564637,2.543786488740617,50.0417014178482,50.0417014178482,50.0417014178482,3,SVAG,-8,NEDTREND,True,1,0.14285714285714285,LÅG,EJ AKTUELL,-3.3
THULE.ST,Thule Group AB (publ),Consumer Cyclical,Leisure,Sweden,SEK,22387203089.391907,-4.073096,-1.1815360000000013,,0.35971050000000027,2.1651065,2.609,-3.059750000000003,0.0,0.006120004999999991,0.0663699945,0.09055500000000001,0.03371000000000002,-0.106,-0.009000000000000008,0.102,-3.020000000000003,0.6429999999999999,0.995,130907328.0,329000000.0,4527000064.0,26973419520.0,13742000000.0,,10429000000.0,,,1640000000.0,,1114000000.0,1132000000.0,3.93,0.78449994,8.3,3.3,4.15,1790899200.0,1.281,288.7340521822695,181.85880224701108,207.60000610351562,276.875,1.625,8.0,,,0.00132,0.79934996,False,False,,0.5,306877.0,181940.0,1.5185946652612052,-10.36,1.39,-13.05,,-0.2809992291021369,0.35709461410154186,38.116607883863566,-0.07493608855011835,-0.0865392836830311,False,0.23566043529891514,,0.574,Nordic,True,True,,62.93387507845095,30.107985223074735,39.771051684340826,44.19940909120296,67.94543904518329,67.13928273561301,52.705410821643284,50.0,,50.0,37.792464147506934,standard,853,3945104,False,57.4,False,62.55212677231026,68.64053377814847,59.883236030025024,50.0417014178482,50.0417014178482,50.0417014178482,3,SVAG,-8,NEDTREND,True,2,0.2857142857142857,LÅG,EJ AKTUELL,0.1
SHOP,Shopify Inc.,Technology,Software - Application,Canada,USD,132751392710.31705,73.18911300000002,26.603848249999995,2.1027,5.2205473,11.422425,10.972,44.7555,-0.033692499999999986,0.03260999999999999,-0.0001824985000000029,0.01895999999999999,0.030194985000000008,0.21050000000000002,,,-48.0455,4.5009999999999994,4.528,444893696.0,5743000064.0,179000000.0,135685701632.0,15189000000.0,,11556000000.0,,,1885000000.0,,1231000000.0,2033000000.0,,0.0,,,,,2.587,182.19000244140625,94.0,108.8499984741211,148.22221,1.7451,45.0,1.55,0.0178,0.0023,0.73776,False,False,,0.78,10092333.0,7854390.0,1.1578877732108803,7.76,-11.05,-33.28,,-0.40254680819202404,0.5719818972263109,39.14097433029413,-0.04452002947005307,-0.20887485826634322,False,0.3876837128895871,,0.752,US,True,True,39.27003260251846,55.08779520228626,11.594202898550725,77.72644089758454,36.59659890452598,34.10059676044331,11.884904086738949,51.302605210420836,50.0,82.88718929254301,78.0,45.77267393150022,standard,598,854950340,False,44.3,False,60.9674728940784,33.361134278565466,10.508757297748124,50.0417014178482,50.0417014178482,50.0417014178482,4,NEUTRAL,0,NEDTREND,True,1,0.14285714285714285,LÅG,EJ AKTUELL,0.1
MET,"MetLife, Inc.",Financial Services,Insurance - Life,United States,USD,55065320724.98793,-1.2638750000000023,-5.078547500000001,0.4521,-0.7039422500000002,0.709751,1.013,4.685500000000001,-0.005099994999999996,-0.014824999999999998,-0.20386000699999998,-0.26942496499999996,-0.21195502500000002,-0.034,0.22599999999999998,0.254,110.7115,0.39,1.754,-18241606016.0,27634999296.0,49491001344.0,78569373696.0,745166000000.0,,75654000000.0,,,,,3379000000.0,17092000000.0,2.71,0.4391,2.37,2.95,0.593,1778544000.0,0.783,89.62000274658203,66.81799154145124,85.58000183105469,92.0,1.94444,16.0,4.09,0.0218,0.16420001,0.78393996,False,False,,0.823,3530891.0,4283140.0,2.08032793838431,5.56,25.69,5.56,,-0.04507923222175336,0.2319834187385191,59.60132492900356,0.06263682495616352,0.10774539596580568,False,0.6123464273327346,,0.692,US,True,True,21.613712499626118,21.010689522878852,70.7871554418869,57.27744352360059,55.65489239335942,51.32139812446718,67.13928273561301,5.210420841683367,50.0,77.43785850860421,92.3,37.73736520482784,standard,854,366551129,False,50.5,False,28.065054211843204,52.376980817347786,87.2393661384487,50.0417014178482,50.0417014178482,50.0417014178482,2,SVAG,-8,UPPTREND,False,2,0.2857142857142857,LÅG,EJ AKTUELL,-7.8
TOST,"Toast, Inc.",Technology,Software - Infrastructure,United States,USD,12724559921.264648,3.279403000000002,-5.530036750000002,0.2348,1.081213299999999,2.2188644,1.984,12.0345,0.07814752000000001,0.017050000000000003,-0.0439724985,-0.07066,-0.18593501499999998,0.0865,1.038,1.25,-48.6235,0.741,1.793,-223731264.0,1770000000.0,17000000.0,12787600384.0,3145000000.0,,6153000000.0,,,304000000.0,,342000000.0,661000000.0,,0.0,,,,,1.762,49.65999984741211,22.260000228881836,24.65999984741211,33.88,1.86207,25.0,3.26,0.0868,0.055710003,0.89083,False,False,,0.775,11097722.0,9656030.0,1.2486172877443948,6.2,-10.0,-29.46,,-0.5034232798392326,0.46241628946041624,42.32922124842292,-0.05256606454811863,-0.22370685002016966,True,0.46598361918912573,,1.0,US,True,True,34.79092513384979,44.218051415574806,10.997442455242966,86.8866064276685,34.80953772670009,77.3231031543052,11.884904086738949,34.66933867735471,50.0,26.003824091778206,77.5,45.72414017768517,standard,599,238117698,False,50.1,False,28.065054211843204,77.81484570475396,58.965804837364466,50.0417014178482,50.0417014178482,50.0417014178482,4,NEUTRAL,0,NEDTREND,True,1,0.14285714285714285,LÅG,EJ AKTUELL,0.7
DLTR,"Dollar Tree, Inc.",Consumer Defensive,Discount Stores,United States,USD,21456293043.43515,-6.991352500000001,-1.26920975,1.3928,2.4980744,1.0865102,1.42,-0.8832499999999985,0.1565975025,0.0017399949999999907,-0.024454997,-0.03492999000000001,-0.07959501499999999,0.03699999999999999,0.024999999999999994,0.011,117.63975000000002,0.08499999999999996,0.316,631768704.0,1007299968.0,7593299968.0,28042293248.0,13466200000.0,,19411800000.0,,,1653100000.0,,1282500000.0,2534000000.0,,0.0,,,,,0.659,142.39999389648438,84.70999908447266,111.6500015258789,125.0,,24.0,2.8,0.080299996,0.00156,1.12628,False,False,,0.458,3593135.0,2413820.0,1.1401829507395813,23.22,5.77,-14.87,,-0.2159409669143577,0.4041470069815727,43.944372351533985,0.10051611358281787,0.021294437363164498,False,0.6254914176894555,,1.0,US,True,True,,50.23087205187177,36.68655868144359,61.93838869815936,42.38387911996747,68.96845694799659,11.884904086738949,73.74749498997996,50.0,28.107074569789674,45.800000000000004,45.683492159017504,standard,600,269503007,False,64.9,False,80.4837364470392,69.64136780650541,78.73227689741451,50.0417014178482,50.0417014178482,50.0417014178482,4,NEUTRAL,0,UPPTREND,False,1,0.14285714285714285,LÅG,EJ AKTUELL,0.3
SSE.L,SSE plc,Utilities,Utilities - Diversified,United Kingdom,GBp,35560777785378.11,6.651351999999999,-1.203425499999999,0.7733,0.5864411000000003,2.7528281,3.674,4.5947499999999994,-0.0011149949999999867,0.0068549995,0.002389996999999991,-0.0319424975,-0.009160009999999996,-0.1,0.21800000000000003,0.374,-110.02450000000002,0.5015,0.695,-2904500096.0,1542899968.0,10170399744.0,37420924928.0,35353600000.0,,10186500000.0,,,1992900000.0,,1208700000.0,3435200000.0,2.95,0.611,0.69,4.43,0.473,1784764800.0,0.596,34580.743560791016,20217.354568749673,29484.255695343018,2749.6,2.0,15.0,,,0.00107,0.73265,False,False,,0.5,4108585.0,3099586.0,1.857449554170381,0.21,-11.34,11.68,25.76,-0.1473793603219855,0.2959920379797994,57.57224891764192,-0.050220312153512414,0.042338213655644275,True,0.38152229122639575,,0.5,UK,True,True,28.164388478449435,49.56527669911641,48.11566828566289,47.66000173741416,64.25364949209819,2.9838022165387894,67.13928273561301,14.32865731462926,50.0,,50.0,37.67693435002893,standard,855,91388986174,False,37.9,False,28.065054211843204,2.543786488740617,53.12760633861552,50.0417014178482,50.0417014178482,50.0417014178482,3,SVAG,-8,VARNING,False,2,0.2857142857142857,LÅG,EJ AKTUELL,-9.7
7013.T,IHI Corporation,Industrials,Specialty Industrial Machinery,Japan,JPY,2986476151176.0,-6.670016999999998,-19.1824315,2.24,1.9209146499999996,1.8172523,2.009,-1.0569999999999986,0.16644999000000002,0.003380003999999999,0.0436274905,0.056819997500000004,-0.06543000000000002,0.017,1.0410000000000001,1.113,33.2775,-0.516,0.714,-195125248.0,159183994880.0,489893003264.0,3301416370176.0,2240392000000.0,,1626831000000.0,,,143517000000.0,,112740000000.0,177634000000.0,0.83,0.1317,23.0,1.58,11.5,1790640000.0,0.877,4684.577361328125,2055.117531788966,2817.0,3924.5454,2.09091,11.0,,,0.05163,0.61847997,False,False,,0.5,19013688.0,17264360.0,0.9257608239598132,5.31,-25.28,-5.89,,-0.39866506992610495,0.5157748919689771,55.26090675791275,-0.014287063961117341,-0.07695710221747976,True,0.7141414368449546,,0.669,Japan,True,True,,64.0273259611225,15.458937198067636,71.21080535365114,34.861485981760936,12.361466325660698,67.13928273561301,47.29458917835671,50.0,,50.0,45.6752583448455,standard,602,301557610,False,41.2,False,28.065054211843204,12.093411175979982,65.80483736447039,50.0417014178482,50.0417014178482,50.0417014178482,4,NEUTRAL,0,NEDTREND,True,3,0.42857142857142855,LÅG,EJ AKTUELL,-0.7
WFC,Wells Fargo & Company,Financial Services,Banks - Diversified,United States,USD,251547567067.8428,-5.112276000000001,-2.4545765,1.4595,-1.1820142500000004,3.1003582,3.52,,-0.014959995000000004,-0.008844999999999999,0.016909993000000012,-0.07414496499999995,-0.449505015,-0.003999999999999997,0.017999999999999988,0.073,,,,,461199998976.0,469223997440.0,285558112256.0,2148631000000.0,,83699000000.0,,,,,21338000000.0,-19001000000.0,2.12,0.2705,1.8,2.14,0.45,1778198400.0,0.93,96.7288599692398,72.77999877929688,82.19999694824219,96.11364,1.83333,22.0,0.0,0.0,0.00090000004,0.7874,False,False,,0.429,16593882.0,15926350.0,2.288077007873427,10.26,8.22,-9.89,,-0.150201946199075,0.267231752773222,64.72815149575875,0.03360134992422048,-0.01506552491882307,True,0.6676434787579456,,0.73,US,True,True,,33.01068172187197,44.35919295254334,52.07433082173081,54.79326088941649,25.7459505541347,67.13928273561301,,50.0,99.0,42.9,37.67294027479001,standard,856,1309145921,False,40.3,False,28.065054211843204,25.18765638031693,46.538782318598834,50.0417014178482,50.0417014178482,50.0417014178482,1,SVAG,-8,NEDTREND,True,1,0.14285714285714285,LÅG,EJ AKTUELL,-10.3
0883.HK,CNOOC Limited,Energy,Oil & Gas E&P,Hong Kong,HKD,996804132782.503,-4.51183,-2.0796814999999995,0.16,0.3241294499999998,2.610709,2.133,-5.547749999999999,0.06109000000000001,0.06213749675000001,0.17117500500000002,0.2588125175,0.40614496,0.03749999999999999,-0.22000000000000003,0.071,-5.686500000000004,1.9349999999999998,3.027,56341391360.0,266312007680.0,69351997440.0,869234376704.0,1098559000000.0,,398220000000.0,,,173402000000.0,,122082000000.0,209042000000.0,5.72,0.4945,1.28,6.99,0.55,1781136000.0,0.284,30.313371311720044,16.50400489943531,22.3799991607666,33.314117,1.625,15.0,,,0.66305,0.0304,False,False,,0.5,119687689.0,118656404.0,1.2382139611078042,-17.01,-22.31,8.6,,-0.26171197091120535,0.2892892121329282,24.423483550248633,-0.14504058434560618,-0.021628227202148853,False,-0.08218072478841537,,0.265,Asia,True,True,,87.01126683393909,28.957090082409778,34.84552510470543,78.32041967227235,17.22080136402387,67.13928273561301,93.88777555110221,50.0,,50.0,53.614604068958144,commodity,331,338853885,False,56.2,False,91.82652210175146,16.847372810675562,54.54545454545454,50.0417014178482,50.0417014178482,50.0417014178482,7,STARK,8,NEDTREND,True,3,0.42857142857142855,LÅG,EJ AKTUELL,-3.6
7733.T,Olympus Corporation,Healthcare,Medical Devices,Japan,JPY,1748312423536.0,6.066994000000005,-6.779176500000002,3.61,0.46549280000000026,1.7298446,1.862,-2.045750000000001,0.0027225025000000153,0.011664999999999998,-0.0024200000000000055,0.04802999999999999,0.35081999999999997,0.0020000000000000018,-0.5,-0.402,7.011750000000004,-0.7619999999999999,1.003,-30746750336.0,188038004736.0,239576006656.0,1881570410496.0,1537162000000.0,,1010676000000.0,,,100820000000.0,,68172000000.0,100585000000.0,1.81,0.4902,30.0,0.86,30.0,1806364800.0,0.209,2125.4902108099714,1276.960817618663,1646.0,1882.3077,2.57143,13.0,,,0.042659998,0.59439,False,False,,0.5,5893316.0,5321590.0,0.9711829560448945,-10.93,24.55,-16.78,,-0.22559041127140722,0.43557785915389763,32.64864864864866,-0.024690845959221885,-0.06660787293174186,False,0.11009184188449099,,0.503,Japan,True,True,,64.1188420191649,44.30235862460926,28.08452953655728,53.12358708679009,15.17476555839727,67.13928273561301,35.57114228456914,50.0,,50.0,45.587306408459014,standard,605,54313052,False,41.9,False,28.065054211843204,14.845704753961636,67.47289407839867,50.0417014178482,50.0417014178482,50.0417014178482,4,NEUTRAL,0,NEDTREND,True,2,0.2857142857142857,LÅG,EJ AKTUELL,-2.7
FABG.ST,Fabege AB (publ),Real Estate,Real Estate Services,Sweden,SEK,23357349378.0,,-5.882817250000003,5.07,-0.9362869499999995,6.095341,15.588,4.259499999999999,-0.07142000000000001,-0.009892499749999999,-0.2383325015,0.236824985,0.24666999999999994,0.183,,,22.11449999999999,-0.702,0.002,650032384.0,22000000.0,35939999744.0,59731484672.0,83089000000.0,,3760000000.0,,,2491000000.0,,-348000000.0,1744000000.0,2.91,1.5934,2.2,2.82,0.55,1783900800.0,1.351,88.0548237815422,72.00062712906032,74.25,84.26,3.45455,10.0,,,0.39844,0.33407003,False,False,,0.5,509375.0,373394.0,2.118141865038939,-7.71,-6.78,-6.51,,-0.15677532687807072,0.23582540060684462,7.031209021767637,-0.04804793884692116,-0.06522801285301494,False,0.08392904600336883,,0.0,Nordic,True,True,61.82959201986061,46.15023485038263,33.64592213697073,44.01863151923615,43.31212662753568,66.49616368286445,29.02418682235196,61.22244488977956,50.0,,50.0,45.567676901376444,standard,606,2895788,False,55.8,False,79.31609674728941,67.22268557130943,22.351959966638866,50.0417014178482,50.0417014178482,50.0417014178482,5,NEUTRAL,0,NEDTREND,True,1,0.14285714285714285,LÅG,EJ AKTUELL,-4.6
LMT,Lockheed Martin Corporation,Industrials,Aerospace & Defense,United States,USD,117806478322.09717,-6.426926000000002,-3.814170999999998,1.0805,11.37300675,1.5685362,1.819,0.14950000000000152,0.52415,0.017450002000000006,-0.0401275015,-0.025445003499999987,-0.350445015,-0.057999999999999996,-0.186,-0.131,200.953,-0.25,0.91,3175268736.0,1894000000.0,20696999936.0,136609472512.0,59840000000.0,,75048000000.0,,,7731000000.0,,5017000000.0,8557000000.0,2.7,0.65379995,13.8,2.63,3.45,1780272000.0,0.106,687.4992440281471,399.33920826168827,510.95001220703125,625.1579,2.61905,19.0,1.96,0.0137,0.00102,0.75995004,False,False,,0.568,1358396.0,1327890.0,3.0495548836335904,-2.34,-19.33,8.37,,-0.2567991650240822,0.2630317248071858,43.206638693713735,-0.044757904742289134,-0.04029946334863499,True,0.10469793723002567,,0.325,US,True,True,81.49855681512278,49.02303925823556,29.923273657289002,20.783622495528277,53.43327480702473,36.31713554987212,67.13928273561301,74.44889779559118,50.0,88.52772466539197,56.8,37.46894357581601,standard,858,678485412,False,58.0,False,78.6488740617181,35.52960800667223,69.80817347789825,50.0417014178482,50.0417014178482,50.0417014178482,3,SVAG,-8,NEDTREND,True,2,0.2857142857142857,LÅG,EJ AKTUELL,-8.8
KOG.OL,Kongsberg Gruppen ASA,Industrials,Aerospace & Defense,Norway,NOK,269248395263.20877,28.956507000000002,8.9013285,2.3124,7.677271249999999,8.044469,7.661,23.154000000000003,0.05431999000000001,-0.012490000000000001,0.15442749549999998,0.06017999750000002,0.15091,0.21000000000000002,-0.334,-0.26,-38.95,-0.3370000000000002,0.657,-2577092736.0,18466000896.0,4384000000.0,256424837120.0,82527000000.0,,31562000000.0,,,4697000000.0,,7953000000.0,12732000000.0,0.72,0.3676,2.2,1.1,5.7,1776124800.0,0.213,421.0506055892801,225.31630734764482,306.1000061035156,375.55557,2.44444,9.0,,,0.5394,0.26664,False,False,,0.5,1566136.0,2411181.0,4.644705697234445,-2.11,-24.83,25.45,,-0.2730089874229862,0.4787170130921399,39.85507833951917,-0.039068665985480644,-0.018439428431060723,False,0.44122206461852903,,0.56,Nordic,True,True,34.646419705081804,65.70905010708123,35.265700483091784,41.52674784409375,46.92152981898511,25.234441602728047,67.13928273561301,39.97995991983968,50.0,,50.0,37.437710371564485,standard,860,76236836,False,35.6,False,28.065054211843204,24.68723936613845,15.512927439532945,50.0417014178482,50.0417014178482,50.0417014178482,2,SVAG,-8,NEDTREND,True,2,0.2857142857142857,LÅG,EJ AKTUELL,-8.9
LSEG.L,London Stock Exchange Group plc,Financial Services,Financial Data & Stock Exchanges,United Kingdom,GBp,52237961770479.03,24.484280999999996,7.5553255,0.818,0.42338314999999993,4.4075093,5.619,11.276,-0.07198999499999999,-0.016300000600000003,-0.10061500999999998,-0.16158496499999997,0.5012400499999999,-0.015,0.671,0.77,-31.081500000000005,-0.481,0.008,1407762432.0,4079000064.0,11742999552.0,52516749312.0,796704000000.0,,9346000000.0,,,2170000000.0,,1249000000.0,3622000000.0,1.77,0.5738,1.5,1.26,1.03,1776297600.0,0.381,142723.91023234234,81386.88170245243,107284.64653015137,12178.667,1.46667,15.0,,,0.04937,0.70004,False,False,,0.5,1583910.0,1480602.0,1.9400883022126072,-9.08,0.22,-0.73,-23.67,-0.24830642353127008,0.32746032995757,39.61077466175366,-0.07432064784278669,-0.020936582540604487,False,0.020314715476938805,,0.5,UK,True,True,65.8191382765531,34.283719184544466,30.81978303886373,60.01323672689354,49.11758916358472,2.3870417732310316,67.13928273561301,77.9559118236473,50.0,,50.0,45.41119218210194,standard,612,158845862222,False,42.3,False,57.2977481234362,2.543786488740617,34.111759799833195,50.0417014178482,50.0417014178482,50.0417014178482,5,NEUTRAL,0,NEDTREND,True,3,0.42857142857142855,LÅG,EJ AKTUELL,-3.5
6501.T,"Hitachi, Ltd.",Industrials,Conglomerates,Japan,JPY,21422728130952.0,1.732407000000002,2.691412500000002,0.13,0.6344795500000002,2.0235355,1.991,-1.892999999999999,0.0218,0.011980002000000003,0.0214574955,0.05534000249999999,0.0039699999999999736,0.052000000000000005,-0.17200000000000001,-0.114,-23.704499999999996,-0.6519999999999999,0.793,1113129627648.0,1678783938560.0,1009037017088.0,21082620821504.0,13284813000000.0,,,,,,,,1172240000000.0,1.18,0.2831,56.0,1.45,28.0,1790640000.0,0.496,6004.425743829508,3777.929085460556,4764.0,5914.2856,1.57143,14.0,,,0.01723,0.51178,False,False,,0.5,14159418.0,14666570.0,1.3245642711816308,-7.01,-0.2,-1.96,,-0.20658524174509785,0.4132047704537867,36.61242603550295,-0.04072682461248511,-0.005315803871422942,False,0.2742275485424885,,0.675,Japan,True,True,,61.083031147224816,37.510656436487636,42.554287724045096,38.355354107566974,4.433077578857629,67.13928273561301,91.58316633266533,50.0,,50.0,45.3421711898458,standard,617,433244716,False,54.9,False,90.57547956630525,2.543786488740617,62.30191826522101,50.0417014178482,50.0417014178482,50.0417014178482,4,NEUTRAL,0,NEDTREND,True,2,0.2857142857142857,LÅG,EJ AKTUELL,-0.4
MUV2.DE,Münchener Rückversicherungs-Gesellschaft Aktiengesellschaft in München,Financial Services,Insurance - Reinsurance,Germany,EUR,60270049719.0,-3.9913480000000003,-1.6876005000000003,1.9688,0.20719014999999985,0.98236483,1.007,,0.07229499999999997,0.017755000000000003,-0.10072501399999997,-0.18561996999999997,-0.014539980000000008,-0.121,0.475,0.563,-39.3805,-1.287,0.229,,5600000000.0,7518000128.0,61804949504.0,279934000000.0,,62312000000.0,,,,,6118000000.0,4906000000.0,5.12,0.383,24.0,3.61,24.0,1777507200.0,0.335,583.9169414517542,437.3999938964844,471.0,550.3059,2.82353,17.0,,,0.0,0.50436,False,False,,0.5,345750.0,304571.0,3.1427016899998717,-0.7,-6.82,-11.21,-12.63,-0.19337843010859768,0.21515160379699,75.33982676671698,-0.034944204460311656,-0.07037227882474595,True,0.8007576012483614,,0.719,Europe,True,True,,43.47369933737834,27.74505893302674,57.8628668418354,57.05263087212531,49.01960784313725,67.13928273561301,,50.0,,50.0,37.16051786363286,standard,861,164529111,False,48.9,False,28.065054211843204,47.956630525437866,80.98415346121767,50.0417014178482,50.0417014178482,50.0417014178482,3,SVAG,-8,NEDTREND,True,1,0.14285714285714285,LÅG,EJ AKTUELL,-8.5
NTRA,"Natera, Inc.",Healthcare,Diagnostics & Research,United States,USD,33141472073.090393,,-1126.082858,,15.190900399999999,13.251675,12.266,-128.10925,-0.27571749749999996,-0.15211500000000003,-0.20997499700000002,-0.31419499900000003,0.201155025,0.305,,,-45.766749999999995,0.9450000000000002,2.697,-674938000.0,1087932032.0,240080992.0,30675286016.0,2398344000.0,,2306113000.0,,,-309911000.0,,-208160000.0,215301000.0,,0.0,,,,,1.544,256.3599853515625,131.81100463867188,231.41000366210938,260.05,1.52381,20.0,2.06,0.025999999,0.03016,0.95835,False,False,,0.772,1412462.0,1255330.0,1.905410299123633,18.04,14.15,1.76,,-0.09732400965477372,0.4322532275577039,55.33865195770499,0.11321173639435922,0.12022568014095869,True,0.9880331155954194,,0.339,US,True,True,,19.395544229347575,58.113100312588806,53.10888100951144,38.7785329533861,59.93179880647911,11.884904086738949,32.565130260521045,50.0,69.88527724665391,77.2,37.1328783946276,standard,862,290495920,False,40.0,False,28.065054211843204,60.80066722268557,9.007506255212677,50.0417014178482,50.0417014178482,50.0417014178482,2,SVAG,-8,UPPTREND,False,0,0.0,LÅG,EJ AKTUELL,-5.9
MNG.L,M&G plc,Financial Services,Asset Management,United Kingdom,GBp,9999910314502.383,16.371409999999997,2.525237500000001,,0.7782872500000001,1.0737329,1.354,-0.6219999999999999,-0.03918999499999999,-0.0096300005,-0.19313501,0.07444503500000005,0.22177000999999996,0.309,,,132.75849999999997,-0.06300000000000006,0.328,-4098737536.0,4904000000.0,6912000000.0,9944103936.0,190601000000.0,,21713000000.0,,,,,302000000.0,953000000.0,6.19,1.6423,0.21,8.96,0.138,1773878400.0,0.952,4197.54349899292,3124.976904160443,4197.54349899292,308.84198,2.36364,11.0,,,0.17629999,0.52636003,False,False,,0.5,5762910.0,5011743.0,4.490065057979549,6.35,12.24,21.6,26.61,0.0,0.2002736870473348,78.12825915479735,0.08842058995774948,0.1721491152297061,True,1.0682479730886103,,0.5,UK,True,True,,44.771889094672495,76.29837435572554,62.24596214478674,49.20162406467744,6.649616368286446,29.02418682235196,1.0521042084168337,50.0,,50.0,37.059025147100336,holding,864,21037009248,False,42.4,False,28.065054211843204,6.505421184320268,79.06588824020017,50.0417014178482,50.0417014178482,50.0417014178482,2,SVAG,-8,UPPTREND,False,2,0.2857142857142857,LÅG,EJ AKTUELL,-3.9
SHOP.TO,Shopify Inc.,Technology,Software - Application,Canada,CAD,184864094002.61957,72.59654499999999,26.500038249999996,2.1229,5.148322950000001,15.906396,15.456,71.12150000000001,-0.01851750499999999,0.035059999999999994,0.0210924985,0.018164994999999975,0.09176000000000001,0.21050000000000002,,,-30.71099999999999,4.5169999999999995,4.528,487999936.0,5743000064.0,179000000.0,191134482432.0,15189000000.0,,11556000000.0,,,1885000000.0,,1231000000.0,2033000000.0,,0.0,,,,,2.587,253.10000610351562,129.00999450683594,151.5800018310547,188.59523,1.76,4.0,2.44,0.0039,0.0023,0.73776,False,False,,0.5,2032873.0,2040070.0,1.9469026548672566,4.89,-5.64,-32.03,,-0.40110628930976855,0.5604776864632298,31.871507841436383,-0.03475222248854937,-0.2028040086147782,False,0.36043804625750847,,0.583,Canada,True,True,37.267146232764034,60.602100012777406,15.075305484512647,68.8857403137647,36.853935160077874,29.49701619778346,11.884904086738949,50.20040080160321,50.0,95.79349904397706,50.0,45.01805493063936,standard,625,218508911,False,43.1,False,60.46705587989991,28.85738115095913,7.339449541284404,50.0417014178482,50.0417014178482,50.0417014178482,4,NEUTRAL,0,NEDTREND,True,2,0.2857142857142857,LÅG,EJ AKTUELL,-0.5
ENI.MI,Eni S.p.A.,Energy,Oil & Gas Integrated,Italy,EUR,63312339697.52898,6.156337000000001,-0.10004349999999995,0.3951,0.008692949999999922,0.7494447,1.073,0.7352499999999997,-0.046675003000000014,-0.014122498249999994,-0.04128500500000001,-0.1050975055,-0.16762001,-0.1745,-0.275,-0.086,15.924,0.09399999999999986,0.773,-1500351424.0,14782999552.0,36569001984.0,90623623168.0,137069000000.0,,82151000000.0,,,4506000000.0,,2608000000.0,13330000000.0,4.94,1.0348,1.07,6.16,0.27,1789948800.0,0.225,24.727837727226394,12.8359823518734,21.639999389648438,25.4,2.36364,22.0,,,0.36299,0.22757,False,False,,0.5,11999435.0,12183092.0,1.6671436789836604,-9.04,-7.52,39.41,60.64,-0.12487296186751162,0.2403223357943791,35.56482717727269,-0.0589124896344142,0.17711888559797306,False,0.09838005211678207,,0.838,Europe,True,True,52.12892202315078,25.737419272730563,62.365670240972335,30.354700152460886,74.6257344191025,48.08184143222506,29.02418682235196,35.37074148296593,50.0,,50.0,36.96950508314713,standard,867,302376518,False,49.6,False,28.065054211843204,47.039199332777315,86.90575479566304,50.0417014178482,50.0417014178482,50.0417014178482,3,SVAG,-8,VARNING,False,2,0.2857142857142857,LÅG,EJ AKTUELL,-3.2
CIGI.TO,Colliers International Group Inc.,Real Estate,Real Estate Services,Canada,CAD,6465680885.647842,26.461273499999997,-12.09950675,1.21,1.4888458,1.158288,1.802,-2.642000000000003,0.03215499499999999,0.013247501250000002,-0.2221725015,-0.34184501500000003,0.012940000000000007,0.094,,,19.537000000000003,0.6310000000000002,0.911,-538616384.0,260066000.0,2649479936.0,10324850688.0,6788467000.0,,5558462000.0,,,401526000.0,,103100000.0,330140000.0,0.32,0.184,0.41,0.22,0.205,1782777600.0,1.255,239.0204737642606,125.08000183105469,129.88999938964844,217.89882,,3.0,4.3,,0.11057,0.86482,False,False,,0.5,99814.0,99070.0,0.5330412559328221,-2.06,-5.73,-34.24,,-0.45657375142785717,0.33046916940658466,40.589671857156674,-0.07019927627997302,-0.27851194224143505,False,0.11563604177096437,,0.549,Canada,True,True,,38.68486030998314,13.469735720375105,62.05211284740799,52.25282091169318,86.95652173913044,67.13928273561301,21.04208416833667,50.0,,50.0,36.94992660328789,standard,868,9092851,False,54.2,False,28.065054211843204,87.2393661384487,77.06422018348624,50.0417014178482,50.0417014178482,50.0417014178482,3,SVAG,-8,NEDTREND,True,2,0.2857142857142857,LÅG,EJ AKTUELL,-10.6
SRT.DE,Sartorius Aktiengesellschaft,Healthcare,Medical Instruments & Supplies,Germany,EUR,6217742499.376251,55.295717,14.2949175,0.7513,2.3976879,3.5281909,4.92,7.887249999999999,-0.054702502500000014,-0.010005000000000003,-0.03369000400000001,0.009120010000000012,0.08026001999999999,-0.065,,0.159,57.452250000000014,-0.984,0.445,-247776448.0,573800000.0,4300899840.0,17486338048.0,9717200000.0,,3538100000.0,,,569200000.0,,154900000.0,837000000.0,0.4,0.31059998,0.73,0.38,0.73,1774569600.0,1.453,207.10153636329073,144.77192516588585,181.60000610351562,251.71875,1.625,8.0,,,0.87067,0.01916,False,False,,0.5,3019.0,4114.0,4.425964269146782,-3.81,10.0,-2.47,7.04,-0.12313539874007096,0.40041036252337925,39.18920915897685,0.0057598920221291205,0.0022633163710312765,False,0.2810647254801785,,0.448,Europe,True,True,40.35111267310741,41.53467654992973,50.05484642999601,32.345315708462955,22.584622411381183,87.5532821824382,67.13928273561301,37.5751503006012,50.0,,50.0,36.90445917322302,standard,869,856867,False,48.8,False,28.065054211843204,87.8231859883236,40.617180984153464,50.0417014178482,50.0417014178482,50.0417014178482,2,SVAG,-8,UPPTREND,False,1,0.14285714285714285,LÅG,EJ AKTUELL,-5.5
STT,State Street Corporation,Financial Services,Asset Management,United States,USD,46582658648.529236,-0.7297580000000004,-0.677718500000001,1.1322,-0.7928814500000004,3.2364802,,,-0.022629995,-0.011344999999999994,-0.03756000699999998,-0.09043496499999998,-0.449505015,-0.089,-0.374,-0.237,,,,,,,,366047000000.0,,13965000000.0,,,,,2945000000.0,11898000000.0,1.96,0.333,3.36,3.0,0.84,1782864000.0,1.451,174.66000366210938,96.30194497566605,168.30999755859375,161.17857,2.125,14.0,0.02,0.0001,0.00366,0.96956,False,False,,0.828,2110488.0,2681530.0,3.2062680376170043,11.55,40.09,34.13,,-0.03635638366182625,0.24952505553629603,72.73054776738077,0.09121862667206515,0.29983556603373307,True,0.8069712771962959,,0.91,US,True,True,,24.803495965363886,86.16084114805342,32.25971889940645,43.84458040361611,54.21994884910486,67.13928273561301,,50.0,98.47036328871893,92.8,36.87860045489584,holding,870,451328308,False,44.6,False,28.065054211843204,55.21267723102585,44.95412844036697,50.0417014178482,50.0417014178482,50.0417014178482,0,SVAG,-8,UPPTREND,False,2,0.2857142857142857,LÅG,EJ AKTUELL,-6.5
EQTL3.SA,Equatorial S.A.,Utilities,Utilities - Regulated Electric,Brazil,BRL,46494639250.82503,27.497354499999997,10.017822000000002,3.0,1.0256009000000001,0.8700342,1.804,0.9277499999999996,-0.03861499499999999,0.005159997999999999,-0.063330003,-0.02418750250000004,-0.07800999999999997,0.040999999999999995,-0.3,-0.237,32.724500000000006,0.5315,1.52,2425502080.0,10733063168.0,58052804608.0,96414769152.0,109603944000.0,,49253121000.0,,,10825603000.0,,1678352000.0,3973867000.0,6.4,2.4276,2.37,2.25,0.133293,1767052800.0,0.039,46.31999969482422,31.802247732915955,37.04999923706055,50.66857,1.35714,14.0,,,0.0,1.06556,False,False,,0.5,8774323.0,10138150.0,1.1190324677313424,-3.89,-7.68,-4.38,,-0.20012954487993007,0.2469645382321578,37.33107716258606,-0.08996233705337475,-0.0468103078661426,False,0.07545253866271026,,0.335,LatAm,True,True,80.29910567403465,38.134945325946184,31.03154305200341,27.464164036280994,75.23839268446915,54.390451832907075,29.02418682235196,76.65330661322646,50.0,,50.0,44.86878046834575,standard,629,72935619,False,66.1,False,90.74228523769808,55.37948290241869,84.1534612176814,50.0417014178482,50.0417014178482,50.0417014178482,4,NEUTRAL,0,NEDTREND,True,2,0.2857142857142857,LÅG,EJ AKTUELL,2.3
XVIVO.ST,Xvivo Perfusion AB (publ),Healthcare,Medical Devices,Sweden,SEK,7963066112.128754,84.773021,27.9221125,,1.0245889000000004,9.541955,9.629,43.850249999999996,-0.09208749749999999,-0.034514999000000005,0.007470000000000004,-0.028840000000000005,0.30477999999999994,0.01899999999999999,,,-35.08875,2.351,3.102,-944581168.0,308143008.0,122682000.0,8035900416.0,2374112000.0,,812165000.0,,,92122000.0,,25163000.0,101066000.0,,0.0,,,,,1.436,310.3999938964844,160.0,252.8000030517578,350.0,1.25,5.0,,,0.07848,0.62959,False,False,,0.5,94846.0,53388.0,1.6214954926770586,-11.98,34.61,42.82,,-0.18556698446307196,0.5732062217620807,31.132093805053685,-0.09582533695699258,0.20823108780924593,False,0.02469494698727735,,0.334,Nordic,True,True,10.680428020219544,42.252698350135866,72.40693378800795,35.32791679064715,38.29030236371566,84.48422847399829,11.884904086738949,10.220440881763528,50.0,,50.0,44.81195825474067,standard,633,1409690,False,44.2,False,28.065054211843204,84.82068390325271,12.92743953294412,50.0417014178482,50.0417014178482,50.0417014178482,4,NEUTRAL,0,VARNING,False,1,0.14285714285714285,LÅG,EJ AKTUELL,2.3
SVS.L,Savills plc,Real Estate,Real Estate Services,United Kingdom,GBp,1495187722986.7688,-6.899377500000005,-9.98383475,,0.2853535500000004,0.46220544,0.51,-5.303500000000001,0.024340000000000014,0.004462500750000001,-0.2139425015,-0.34492001,0.62033001,0.0040000000000000036,0.13349999999999998,0.362,-31.784499999999998,0.772,1.12,-527587528.0,531600000.0,619299968.0,1302218880.0,2351200000.0,,2550900000.0,,,89900000.0,,70900000.0,172300000.0,2.71,0.44419998,0.23,2.04,0.264,1775692800.0,1.254,13907.664950220751,9926.991056858253,10791.871654510498,1246.6,,5.0,,,0.0744,0.76502,False,False,,0.5,663224.0,662611.0,2.5219045075586677,4.28,-2.07,-13.76,-16.96,-0.22403425067130323,0.2513279635702581,68.17622458250648,0.030435833274780277,-0.08352390680195432,True,0.6868875535266586,,0.5,UK,True,True,,45.458017921998746,27.80850872459075,55.091613450485994,56.34262998726877,15.77152600170503,67.13928273561301,1.0521042084168337,50.0,,50.0,44.78759074047262,standard,635,7150812869,False,45.8,False,28.065054211843204,15.42952460383653,93.16096747289407,50.0417014178482,50.0417014178482,50.0417014178482,5,NEUTRAL,0,NEDTREND,True,1,0.14285714285714285,LÅG,EJ AKTUELL,-0.6
MDGL,"Madrigal Pharmaceuticals, Inc.",Healthcare,Biotechnology,United States,USD,11660399539.25,,25.288621999999997,,18.0160614,10.296249,9.885,-49.35025,-0.6190074975,-0.23715500000000003,-0.39272499699999996,-0.488114995,0.48119498499999996,1.185,,,4.608250000000003,1.4809999999999999,2.957,-968259760.0,812771008.0,347311008.0,11194939392.0,1259589000.0,,958403000.0,,,-300097000.0,,-288284000.0,-189553000.0,,0.0,,,,,-1.059,615.0,276.6700134277344,505.75,678.7143,1.38462,14.0,13.2,0.195,0.05671,1.06519,False,False,,0.879,311691.0,287410.0,1.7586624054312696,-1.19,11.34,-8.8,,-0.1776422764227642,0.4607579165196382,52.614059418198146,-0.007931448830888477,0.025057511437758473,True,0.6484313524036527,,0.492,US,True,True,,21.30856480926268,45.01278772378517,59.6709912038591,74.12532339549358,78.94288150042625,11.884904086738949,13.426853707414828,50.0,6.5009560229445515,97.9,36.713828067735506,standard,874,145357608,False,43.2,False,28.065054211843204,79.39949958298583,11.926605504587156,50.0417014178482,50.0417014178482,50.0417014178482,3,SVAG,-8,VARNING,False,1,0.14285714285714285,LÅG,EJ AKTUELL,-9.3
AXISBANK.NS,Axis Bank Limited,Financial Services,Banks - Regional,India,INR,4223611793262.092,-4.6260210000000015,-5.002770999999999,0.54,-1.8285227499999999,5.6677656,8.001,,-0.028034995000000007,-0.015125,0.09356999999999999,0.011650030000000033,-0.40383999,-0.173,-0.069,0.017,,,,,1093515673600.0,2805106212864.0,5962691248128.0,19460502900000.0,,881369600000.0,,,,,263848500000.0,-86367100000.0,0.07,0.0117999995,1.0,1.03,1.0,1783555200.0,0.428,1418.300048828125,1042.5,1357.9000244140625,1587.1794,1.28205,39.0,,,0.02832,0.71989,False,False,,0.5,7591330.0,7138351.0,0.6429821249445877,8.35,8.35,11.34,,-0.042586210487666754,0.23498175984279862,72.40437158469945,0.04182812282143078,0.07802911134673152,True,0.8114488662017172,,0.46,India,True,True,,39.968878969124816,66.86558681443591,24.990334938606747,78.32764131129576,10.656436487638533,24.603836530442035,,50.0,,50.0,36.581610750194706,standard,878,102779849,False,34.8,False,28.065054211843204,10.42535446205171,24.770642201834864,50.0417014178482,50.0417014178482,50.0417014178482,0,SVAG,-8,UPPTREND,False,2,0.2857142857142857,LÅG,EJ AKTUELL,-9.5
CCJ,Cameco Corporation,Energy,Uranium,Canada,USD,46379905896.82118,79.95383,44.323375000000006,1.92,6.707455749999999,13.109572,13.082,42.93075,-0.018859998999999995,-0.015322498249999993,0.072880003,0.005567502500000002,-0.08168499499999998,0.022499999999999992,0.59,0.874,-43.331,1.892,1.837,-187077504.0,1109720064.0,1010993984.0,46281195520.0,10301282000.0,,3481933000.0,,,621259000.0,,589577000.0,1408432000.0,0.16,0.1611,0.17,0.23,0.172,1764547200.0,0.983,135.24000549316406,67.46863536299769,106.48999786376953,132.33302,1.79167,10.0,2.01,,0.00145,0.68305,False,False,,0.117,3152637.0,3631760.0,0.9330391277386105,2.87,-0.1,22.33,,-0.2125850817925895,0.5556361803189039,44.18430579878207,-0.058510465519527766,0.03468888398781722,True,0.47013801436591607,,0.712,US,True,True,34.219222026141836,45.655892589366935,49.88633134413186,71.45935108906109,45.89665697098101,54.47570332480819,67.13928273561301,43.687374749499,50.0,,11.700000000000001,36.51665472175593,commodity,880,386746115,False,39.2,False,28.065054211843204,55.4628857381151,9.257714762301918,50.0417014178482,50.0417014178482,50.0417014178482,3,SVAG,-8,VARNING,False,2,0.2857142857142857,LÅG,EJ AKTUELL,-4.1
EL,The Estée Lauder Companies Inc.,Consumer Defensive,Household & Personal Products,United States,USD,20972458292.78058,,10.758454250000002,1.4246,4.025285,2.068619,2.485,3.14175,-0.2426524975,-0.016910000000000005,-0.10631499700000002,0.02343999999999999,0.297004985,0.010999999999999996,-0.525,-0.44,134.02975,0.19199999999999995,0.824,995768704.0,3126000128.0,9299999744.0,36857827328.0,19892000000.0,,14326000000.0,,,1141000000.0,,-1133000000.0,1272000000.0,1.65,4.7143,1.4,1.62,0.35,1780012800.0,1.249,120.79247984091124,65.96494335920991,84.80999755859375,95.12,2.40741,25.0,1.95,0.0345,0.00414,0.97183,False,False,,0.44,4463590.0,3694150.0,1.354010766328853,11.82,-0.54,-18.19,,-0.2978867751511346,0.4766870223227553,42.355979611362734,0.040871898712165455,-0.08343600434345266,False,0.40981878362291535,,1.0,US,True,True,75.712394939132,37.93676233866239,25.78857630008525,41.864677214330825,30.20416993628157,69.39471440750214,29.02418682235196,78.2565130260521,50.0,58.030592734225614,44.0,36.4013393043871,standard,882,313300852,False,64.6,False,89.32443703085904,70.05838198498749,61.38448707256047,50.0417014178482,50.0417014178482,50.0417014178482,2,SVAG,-8,NEDTREND,True,1,0.14285714285714285,LÅG,EJ AKTUELL,-12.0
AIR.PA,Airbus SE,Industrials,Aerospace & Defense,Netherlands,EUR,149116749996.04224,3.5361019999999996,4.587951500000003,1.6797,2.5887252499999995,2.0559602,2.041,4.443,0.054284994999999975,-0.015569995999999996,0.005227491499999994,-0.0923500015,-0.22196000000000002,-0.127,-0.336,-0.261,-13.547999999999995,-0.12500000000000022,0.399,-645101448.0,15776000000.0,14570000384.0,147998752768.0,134939000000.0,,73420000000.0,,,5236000000.0,,5221000000.0,7995000000.0,1.69,0.316,3.2,1.8,3.2,1776729600.0,0.88,217.28503984305604,154.56398910495966,189.4199981689453,210.43784,1.91304,23.0,,,0.2573,0.37480998,False,False,,0.5,1402641.0,1252498.0,1.4325108394547834,14.14,17.66,1.32,13.08,-0.12824187847556145,0.2866806090868977,71.92225760910716,0.08532597681430953,0.013589558107036659,True,0.9499977121372616,,0.699,Europe,True,True,48.75658032482876,37.552656006698676,55.720942146304075,24.83121762801311,50.046959660448174,32.48081841432225,67.13928273561301,43.18637274549098,50.0,,50.0,36.295057030151405,standard,883,272104775,False,43.6,False,28.065054211843204,31.77648040033361,61.71809841534612,50.0417014178482,50.0417014178482,50.0417014178482,3,SVAG,-8,UPPTREND,False,1,0.14285714285714285,LÅG,EJ AKTUELL,-7.8
S92.DE,SMA Solar Technology AG,Technology,Solar,Germany,EUR,2033419947.052002,,0.8819487499999967,0.8,0.6435097999999995,1.3297036,1.154,-30.537,-0.545597505,-0.12571,-0.19096750549999997,-0.070665005,-0.28988,-0.0925,,,-17.542499999999997,-0.22899999999999998,0.655,-491631824.0,129088000.0,94134000.0,1764241024.0,1305971000.0,,1516015000.0,,,-143207000.0,,-181131000.0,142985000.0,,0.0,,3.58,0.5,1748390400.0,0.807,70.69999694824219,15.40999984741211,58.599998474121094,52.4,2.6,5.0,,,0.57593,0.24632,False,False,,0.5,164244.0,151342.0,1.81659875740062,-9.22,59.59,59.85,229.95,-0.17114567180220985,0.7555554390099694,38.70056215599364,0.028246939719209774,0.558102427120176,False,0.4944030046256952,,0.332,Europe,True,True,,10.423245612620914,82.95478542434127,15.083142659890857,30.261171077783274,94.11764705882352,11.884904086738949,3.807615230460922,50.0,,50.0,36.267490294067414,standard,885,10171626,False,54.7,False,28.065054211843204,94.24520433694745,73.7281067556297,50.0417014178482,50.0417014178482,50.0417014178482,2,SVAG,-8,UPPTREND,False,1,0.14285714285714285,LÅG,EJ AKTUELL,2.2
TLS.AX,Telstra Group Limited,Communication Services,Telecom Services,Australia,AUD,56252640171.97163,4.5420690000000015,1.5144459999999995,3.06,0.8657606500000004,2.428451,3.327,-2.1790000000000003,-0.03050249499999999,0.005934998000000004,-0.137950006,-0.17671501,0.11162503000000001,-0.057999999999999996,0.011499999999999996,0.094,78.34850000000002,-0.7239999999999999,0.433,2534249984.0,1436000000.0,18752000000.0,77058351104.0,44968000000.0,,22717000000.0,,,3312000000.0,,2172000000.0,,4.16,0.9596,0.21,3.73,0.105,1771977600.0,0.121,5.579999923706055,4.609459027724121,5.050000190734863,5.28357,2.78571,14.0,,,0.00465,0.29907,False,False,,0.5,22354362.0,22180156.0,1.4653667334365863,-8.01,-4.72,7.13,7.65,-0.09498203229708702,0.13299497695128318,37.87879663612982,-0.04330690068968879,0.013877094852159377,False,0.25332678974148565,,0.5,Australia,True,True,,36.08391780684748,47.747972344103175,39.12834671588089,59.27010215577417,50.468883205456095,67.13928273561301,84.5691382765531,50.0,,50.0,44.216735694852744,standard,657,78581305,False,60.7,False,88.07339449541286,51.54295246038365,56.13010842368641,50.0417014178482,50.0417014178482,50.0417014178482,5,NEUTRAL,0,VARNING,False,1,0.14285714285714285,LÅG,EJ AKTUELL,-9.4
0083.HK,Sino Land Company Limited,Real Estate,Real Estate - Development,Hong Kong,HKD,104968244826.23866,4.296700499999998,1.7620517500000004,0.34,0.07183145000000035,11.033029,5.914,-1.5725000000000016,-0.023900006,0.0014975012500000016,0.1104975235,-0.08098501500000005,0.11496498,0.288,-0.4385,-0.158,-45.315,6.322,5.673,-3083357696.0,53209001984.0,5155999744.0,56267214848.0,183613000000.0,,8183000000.0,,,2647000000.0,,4019000000.0,3839000000.0,5.3,1.4146,0.58,6.08,0.15,1773273600.0,0.55,13.279999732971191,7.612110824697522,10.949999809265137,13.87,1.5,10.0,,,0.60333,0.11658,False,False,,0.5,9272038.0,14224537.0,2.4762176142913175,-12.05,-4.2,4.64,,-0.1754518050118028,0.22648696608515004,20.547982786865973,-0.09182896397994122,0.0030043608937859734,False,0.11022559029656934,,0.5,Asia,True,True,,52.520331393769276,40.15345268542199,38.646863542846894,83.3886820662779,38.27791986359762,29.02418682235196,20.240480961923847,50.0,,50.0,44.149870609537246,standard,660,19875290,False,36.8,False,28.065054211843204,37.44787322768974,10.925771476230192,50.0417014178482,50.0417014178482,50.0417014178482,4,NEUTRAL,0,VARNING,False,1,0.14285714285714285,LÅG,EJ AKTUELL,-6.4
FFH.TO,Fairfax Financial Holdings Limited,Financial Services,Insurance - Property & Casualty,Canada,CAD,42728784107.125,-9.026954700000001,-2.7216655000000003,0.28,-0.8480738000000002,1.1975399,1.538,-0.18350000000000133,0.05214500999999999,0.026475000000000005,-0.11200500999999997,-0.22517995999999998,0.041669979999999995,-0.139,-0.404,-0.264,-4.149000000000001,0.8690000000000001,0.771,1651437376.0,6691800064.0,14048799744.0,59320778752.0,107787700000.0,,30405400000.0,,,,,4772400000.0,2419400000.0,0.91,0.074200004,20.77,1.42,20.817,1768435200.0,0.45,2678.1534874492927,2066.159912109375,2239.919921875,2827.335,,6.0,1.93,,0.025880001,0.349,False,False,,0.5,61947.0,48870.0,2.0588467302989666,-0.78,-6.04,-9.16,,-0.1636327296504846,0.22537076047949,75.80538757018599,-0.017100631127765054,-0.04549051804315296,True,0.5792733751087958,,1.0,Canada,True,True,,44.89804920758701,32.53765274225632,32.78268421401129,78.62312906188754,55.32821824381927,67.13928273561301,79.15831663326654,50.0,,50.0,44.13100961442803,standard,661,77349410,False,63.7,False,85.07089241034194,56.29691409507923,76.64720600500416,50.0417014178482,50.0417014178482,50.0417014178482,4,NEUTRAL,0,NEDTREND,True,2,0.2857142857142857,LÅG,EJ AKTUELL,-6.3
IVZ,Invesco Ltd.,Financial Services,Asset Management,United States,USD,12474366869.49321,,-3.4380145000000013,0.3832,-1.4471629500000005,1.8922346,2.602,4.3855,-0.150589995,0.0074750000000000025,-0.287430007,-0.17761496499999996,-0.160355015,0.07999999999999999,0.21699999999999997,0.166,-52.478500000000004,-0.8739999999999999,0.822,50006272.0,806899968.0,1966700032.0,17151967232.0,27094000000.0,,6377100000.0,,,-695700000.0,,-281700000.0,1525300000.0,3.06,0.5646,0.86,4.18,0.215,1778803200.0,1.589,29.81999969482422,14.019008070904762,28.139999389648438,29.68182,2.41667,11.0,4.17,0.0626,0.0064999997,0.97230005,False,False,,0.883,5479369.0,5572740.0,2.2831868962717707,6.31,21.66,9.83,,-0.05633803897950318,0.35143774239604647,47.831980701149526,0.055046877448653664,0.12643596962485049,True,0.5715172839924022,,0.615,US,True,True,54.11487153411299,22.19883218874748,70.98607558965615,62.84313595477257,19.32932603483471,77.66410912190963,67.13928273561301,50.60120240480962,50.0,34.894837476099426,98.3,44.027345542145284,holding,665,156816900,False,59.3,False,61.46788990825688,78.14845704753962,64.80400333611342,50.0417014178482,50.0417014178482,50.0417014178482,4,NEUTRAL,0,UPPTREND,False,3,0.42857142857142855,LÅG,EJ AKTUELL,2.5
AIG,"American International Group, Inc.",Financial Services,Insurance - Diversified,United States,USD,39245862698.552925,-4.785377000000002,-4.544532500000001,0.6049,-1.7510417500000006,1.4698273,1.478,-3.788499999999999,-0.05800999500000001,-0.0005049999999999985,-0.13212001299999998,-0.18241495499999996,-0.09416501500000002,-0.047,0.08299999999999999,0.093,-44.660500000000006,-1.085,0.204,8705393280.0,9592999936.0,9155999744.0,39463809024.0,161254000000.0,,26774000000.0,,,,,3096000000.0,3314000000.0,2.66,0.3169,2.0,2.17,0.5,1781481600.0,0.541,86.2052751457103,70.36459211908439,74.0199966430664,87.8,2.36364,20.0,2.17,0.0208,0.0057099997,1.0005001,False,False,,0.282,4080417.0,4284190.0,1.5454033456832297,-3.89,0.84,-11.34,,-0.1413518892207869,0.2365910953636324,51.32931890107995,-0.020594921553046652,-0.034868207442316,True,0.411800042569924,,1.0,US,True,True,,25.89403203105436,38.90309747087241,58.333520109648234,50.433771652243564,56.86274509803921,67.13928273561301,99.04809619238478,50.0,78.29827915869981,28.199999999999996,43.88845233716219,standard,671,317115729,False,66.2,False,97.5396163469558,57.798165137614674,71.05921601334445,50.0417014178482,50.0417014178482,50.0417014178482,4,NEUTRAL,0,NEDTREND,True,1,0.14285714285714285,LÅG,EJ AKTUELL,-2.1
AFRM,"Affirm Holdings, Inc.",Financial Services,Credit Services,United States,USD,21758928110.93477,49.382933,6.710677499999999,0.7273,3.8148707499999994,6.233277,8.142,42.664500000000004,-0.020369991000000004,-0.001974998999999998,-0.154220007,-0.283484965,0.034184985,0.265,35.16,35.698,172.9715,11.846,9.572,-510770880.0,1768999040.0,9090749440.0,32335323136.0,11154929000.0,,3224412000.0,,,337993000.0,,52186000.0,793909000.0,,0.0,,,,,3.699,100.0,42.095001220703125,73.91999816894531,83.33704,1.64516,27.0,3.47,0.0648,0.04344,0.86925006,False,False,,0.579,5036903.0,4602820.0,0.9076637041742617,13.2,66.37,0.72,,-0.2608000183105469,0.6183578068163236,50.34552943165979,0.12914605383088884,0.10852256269504168,True,0.8364921769059713,,0.31,US,True,True,29.000501002004007,31.60182455212306,54.333617504973006,75.10611079117744,31.012500361605728,68.45694799658995,11.884904086738949,36.07214428857716,50.0,33.652007648183556,57.9,35.821575544404496,standard,892,340240446,False,43.2,False,28.065054211843204,69.14095079232693,21.851542952460385,50.0417014178482,50.0417014178482,50.0417014178482,3,SVAG,-8,UPPTREND,False,1,0.14285714285714285,LÅG,EJ AKTUELL,-3.2
ADANIENT.NS,Adani Enterprises Limited,Energy,Thermal Coal,India,INR,3955065293899.0977,17.942298,38.579395000000005,,1.31065605,4.1492033,4.955,25.395249999999997,-0.002514994999999985,-0.03970249825000001,-0.02803000000000002,-0.1327375025,0.057600010000000035,0.15450000000000003,,,105.7005,-0.20800000000000018,0.421,-326702425600.0,98084003840.0,1066217897984.0,4978343149568.0,2616003500000.0,,1002670200000.0,,,84377600000.0,,93394700000.0,23569100000.0,0.04,0.0171,1.3,0.65,1.3,1781222400.0,0.824,3058.4325598129344,1752.216581309528,3038.39990234375,2715.0,,2.0,,,0.77321,0.15708,False,False,,0.5,2822329.0,1816052.0,1.5541306129759203,12.68,51.44,35.23,,-0.006549975216850856,0.34149879153262896,62.68181200379805,0.15078405531264716,0.29220728795627493,False,0.9527484904015848,,0.167,India,True,True,17.603752280680762,34.15407814644025,91.38959931798807,45.37836158134122,38.91042607732991,11.167945439045184,24.061718098415348,16.432865731462925,50.0,,50.0,35.692615904692786,standard,894,58508033,False,36.5,False,28.065054211843204,10.925771476230192,35.613010842368645,50.0417014178482,50.0417014178482,50.0417014178482,1,SVAG,-8,UPPTREND,False,1,0.14285714285714285,LÅG,EJ AKTUELL,-5.6
NSIS-B.CO,Novozymes A/S,Basic Materials,Specialty Chemicals,Denmark,DKK,162601579026.61688,19.009910500000004,7.270037749999998,2.052,0.017415650000000227,43.766174,42.587,101.12800000000001,-0.0644674975,-0.009125000000000005,0.07120249850000002,0.1204074975,0.13224000000000002,-0.048999999999999995,-0.34199999999999997,0.07,-9.032000000000004,-0.3085000000000001,1.023,-44930176.0,327200000.0,3212300032.0,178833932288.0,16349100000.0,,4157600000.0,,,882600000.0,,583600000.0,1221500000.0,1.71,0.67980003,6.5,1.49,4.25,1774310400.0,0.618,474.53924996436757,336.79998779296875,394.20001220703125,460.93765,1.58824,17.0,,,0.15806,0.35718,False,False,,0.5,737591.0,719576.0,1.785274943689015,5.8,11.26,0.1,,-0.16929945787070066,0.24341799989984525,66.66666666666666,0.032585954782461846,0.009718121431936844,True,0.9234351807275245,,0.163,Nordic,True,True,34.224905033948495,56.39259197902091,49.928957090082406,23.507429721742007,57.13227739344742,31.11679454390452,67.13928273561301,46.893787575150306,50.0,,50.0,35.687115382883654,standard,895,43534365,False,34.5,False,28.065054211843204,30.442035029190993,2.543786488740617,50.0417014178482,50.0417014178482,50.0417014178482,3,SVAG,-8,UPPTREND,False,1,0.14285714285714285,LÅG,EJ AKTUELL,
BX,Blackstone Inc.,Financial Services,Asset Management,United States,USD,91874554112.71677,13.923959,3.567622499999999,2.0788,8.88853875,10.509078,8.773,,0.16009002500000002,0.11092500000000001,-0.038380006999999966,0.01170503500000003,0.550494985,-0.003999999999999997,-0.094,0.057,4.714500000000001,-0.7999999999999998,0.847,,2605123072.0,15424749568.0,126307074048.0,47708975000.0,,12410012000.0,,,,,3019214000.0,4663161000.0,3.89,1.2154,4.97,3.38,1.16,1777852800.0,1.585,184.54309934162563,100.79603809633919,123.79000091552734,143.45,2.04545,20.0,3.96,0.026700001,0.0107700005,0.73719,False,False,,0.466,5977683.0,5290950.0,1.8768244394098994,8.34,10.11,-16.9,,-0.32920818303605237,0.35096142734689484,58.37837706113131,0.024434677507588765,-0.09604045071098122,True,0.7833539657751255,,0.998,US,True,True,,73.52248582405232,33.13441318556408,53.9967005610442,37.42897893951359,40.835464620630866,29.02418682235196,,50.0,68.83365200764818,46.6,35.62904219878351,holding,896,654966705,False,37.3,False,28.065054211843204,39.94995829858215,11.676396997497914,50.0417014178482,50.0417014178482,50.0417014178482,2,SVAG,-8,NEDTREND,True,1,0.14285714285714285,LÅG,EJ AKTUELL,-10.3
2800.HK,Tracker Fund Of Hong Kong,Unknown,Unknown,Unknown,HKD,76627439755.52637,,,,0.5316239999999999,,,,,,,,,,,,,,,,,,,,,,,,,,,,2.91,,,,,,,28.11288681640194,22.94982861275925,24.280000686645508,,,,,,,,False,False,,0.5,747475252.0,819648339.0,0.4470783651412366,-6.54,-6.36,-4.53,,-0.13633911575100877,0.18583810156701927,36.7924587715589,-0.05965462192655524,-0.06661361402716592,False,0.01709060878868461,,0.5,Asia,True,True,,,36.4592213697073,31.609674728940785,94.97872340425532,44.16027280477408,67.13928273561301,,50.0,,50.0,35.58534757292759,standard,897,2539437209,False,43.5,False,28.065054211843204,43.20266889074229,50.0417014178482,50.0417014178482,50.0417014178482,50.0417014178482,1,SVAG,-8,NEDTREND,True,2,0.2857142857142857,LÅG,EJ AKTUELL,-18.4
CMG,"Chipotle Mexican Grill, Inc.",Consumer Cyclical,Restaurants,United States,USD,41676029813.02643,2.1266929999999995,7.438676499999998,1.7467,13.9430015,3.43335,3.806,4.156749999999997,0.34611998,0.07056000000000001,0.0371949925,0.029590005000000016,-0.05301503499999999,0.0010000000000000009,-0.29,-0.217,138.55199999999996,-0.42899999999999994,0.781,276053504.0,871422016.0,5245879808.0,46204411904.0,8994531000.0,,11925601000.0,,,2012808000.0,,1535761000.0,2113926000.0,,0.0,,,,,0.978,58.41999816894531,28.040000915527344,32.4900016784668,42.87879,1.69444,33.0,2.49,0.0394,0.0066299997,0.92528,False,False,,0.473,17509088.0,21534000.0,1.4295809156086354,-1.66,-1.37,-8.89,,-0.44385479806917016,0.38477882275306924,53.19149511799861,-0.005406089022428229,-0.09300529283999659,True,0.7064129822121995,,0.854,US,True,True,56.89143211796727,70.86680760050638,24.06933788007957,40.17286897544733,28.379268828166715,56.01023017902813,11.884904086738949,54.008016032064134,50.0,52.58126195028681,47.3,35.55968003613085,standard,899,699639696,False,53.2,False,63.30275229357798,56.96413678065054,41.86822351959967,50.0417014178482,50.0417014178482,50.0417014178482,3,SVAG,-8,NEDTREND,True,1,0.14285714285714285,LÅG,EJ AKTUELL,-12.5
ELISA.HE,Elisa Oyj,Communication Services,Telecom Services,Finland,EUR,6114677368.260696,0.7451770000000018,0.2564429999999991,5.07,1.4907623,2.7122862,3.35,-1.684000000000001,0.07990250499999998,0.030224991000000007,0.06963999500000001,0.07096,0.019089999999999996,-0.074,-0.0835,0.016,57.1405,0.19700000000000017,1.392,-505780160.0,134200000.0,1561900032.0,7535873536.0,3515700000.0,,2257100000.0,,,462600000.0,,342000000.0,688600000.0,6.3,0.8271,2.4,4.39,0.6,1784246400.0,0.421,52.80203628540039,33.988129007437756,38.08000183105469,42.27222,2.66667,18.0,,,0.11344,0.52349997,False,False,,0.5,266823.0,146294.0,1.0924239006407293,-8.64,-13.62,2.85,,-0.27881565731237345,0.33752501807423596,18.399977416974963,-0.06647443316813828,-0.056886927460930936,False,0.025192620534454476,,0.136,Nordic,True,True,,70.97601318572758,27.195225916453538,24.396844753744702,56.28427935102279,87.97953964194375,67.13928273561301,16.03206412825651,50.0,,50.0,35.48024117561733,standard,901,6389351,False,50.8,False,28.065054211843204,88.24020016680566,53.544620517097584,50.0417014178482,50.0417014178482,50.0417014178482,3,SVAG,-8,NEDTREND,True,2,0.2857142857142857,LÅG,EJ AKTUELL,-15.4
WOW.AX,Woolworths Group Limited,Consumer Defensive,Grocery Stores,Australia,AUD,46811680664.63751,53.5808995,4.9134277499999985,2.16,6.74302985,0.666055,0.894,4.510250000000003,-0.07176749749999997,-0.025930000999999998,-0.19554000500000002,-0.257690004,-0.104495,-0.0010000000000000009,-0.563,-0.494,299.01974999999993,-0.6850000000000003,0.179,905874944.0,1288999936.0,17198000128.0,62839848960.0,33829000000.0,,69077000000.0,,,-1041000000.0,,963000000.0,,2.35,1.7248,0.9,2.87,0.45,1772582400.0,0.29,38.5,25.198903077337572,38.31999969482422,34.87857,2.46667,15.0,,,0.00524,0.32617,False,False,,0.5,2511231.0,2852068.0,2.0359385464215682,11.3,4.3,32.08,25.47,-0.004675332601968396,0.2630743656445691,76.2308868551044,0.0717202285167926,0.21875400242954046,True,0.820606560185363,,0.5,Australia,True,True,64.77690455537942,17.14790206997133,74.0453201623689,23.756971398561426,44.14706937279496,54.134697357203756,29.02418682235196,66.23246492985973,50.0,,50.0,35.37397405646791,standard,906,76674088,False,62.7,False,74.89574645537948,55.12927439532944,87.90658882402002,50.0417014178482,50.0417014178482,50.0417014178482,2,SVAG,-8,UPPTREND,False,2,0.2857142857142857,LÅG,EJ AKTUELL,-7.3
1818.HK,Zhaojin Mining Industry Company Limited,Basic Materials,Gold,China,HKD,56968355471.761475,0.14812350000000052,-4.49784495,0.68,1.17132335,3.5960915,4.519,-2.165000000000001,0.08767250750000002,0.035684999999999995,0.07968251350000002,0.20745749749999998,0.06481500000000001,0.379,0.465,0.804,40.5005,-0.6695000000000001,0.635,-7090760576.0,9684997120.0,16349121536.0,87997947904.0,53567945000.0,,11550680000.0,,,3034796000.0,,1450799000.0,2597165000.0,0.53,0.052199997,0.11,0.74,0.114769,1780444800.0,0.866,42.138617502341724,17.739999771118164,19.770000457763672,42.211872,1.1,9.0,,,0.42804,0.22594,False,False,,0.5,20430946.0,23331351.0,1.2821080087161631,-12.6,-35.05,-27.73,,-0.5308341462159973,0.5324358115792872,40.48397802633974,-0.2355101614821925,-0.335661290490743,True,0.2828573811628868,,0.0,Asia,True,True,,76.80309631257553,5.6123898834896275,64.1254198274384,31.302994105150326,50.213128729752775,67.13928273561301,13.827655310621243,50.0,,50.0,43.08623714364582,commodity,692,58858310,False,43.2,False,28.065054211843204,51.29274395329442,39.94995829858215,50.0417014178482,50.0417014178482,50.0417014178482,5,NEUTRAL,0,NEDTREND,True,3,0.42857142857142855,LÅG,EJ AKTUELL,-2.8
MKTX,MarketAxess Holdings Inc.,Financial Services,Capital Markets,United States,USD,4276462444.564682,-3.5599570000000007,0.6314595000000001,1.0138,0.8654969499999995,4.909425,4.895,1.1865000000000006,0.107740005,0.088584996,0.10473999300000003,0.07017505500000004,0.17108498499999997,0.057999999999999996,4.367,4.17,-43.0565,3.2449999999999997,4.275,-1065643376.0,477640000.0,291960992.0,4263520256.0,1934886000.0,,846268000.0,,,341838000.0,,246627000.0,382139000.0,2.5,0.36259997,3.12,1.2,0.78,1779235200.0,0.854,220.9687399610139,113.29000091552734,120.33000183105469,179.45454,2.5,11.0,3.52,0.081099994,0.00895,1.12131,False,False,,0.228,593800.0,926600.0,1.4945924112902254,-14.71,-30.73,-32.28,,-0.45544332717702596,0.27750365855648274,33.05411252413978,-0.15857197902898024,-0.2704631949624221,True,0.3623563608872414,,0.838,US,True,True,29.07049172972811,80.18631114975435,5.839727195225916,83.68645091499603,68.01095862481365,89.769820971867,67.13928273561301,4.509018036072145,50.0,27.724665391969406,22.8,43.01509252477158,holding,695,111497780,False,47.5,False,28.065054211843204,89.99165971643036,30.025020850708923,50.0417014178482,50.0417014178482,50.0417014178482,4,NEUTRAL,0,NEDTREND,True,4,0.5714285714285714,MEDEL,EJ AKTUELL,-7.4
BAJAJFINSV.NS,Bajaj Finserv Ltd.,Financial Services,Financial Conglomerates,India,INR,2828400648048.2817,8.342112999999998,2.8645785000000004,,-0.1645626499999996,1.8952774,4.619,0.7180000000000017,-0.013534994999999994,0.019295,-0.19480999999999998,-0.008229949999999986,0.11365001000000002,-0.008,-0.07600000000000001,0.05,232.83500000000004,0.8979999999999998,2.436,-169318934016.0,176180396032.0,3613785063424.0,6893220659200.0,7584975400000.0,,1278971900000.0,,,,,98009700000.0,-553014100000.0,0.07,0.0164,1.3,0.14,1.5,1782691200.0,0.34,2195.0,1597.0,1769.4000244140625,2159.6,,15.0,,,0.63927,0.15545,False,False,,0.5,1226843.0,1072385.0,0.9340059916194985,0.98,-1.25,-13.06,,-0.19389520527833148,0.2251136385257559,51.61488724175998,0.0004500909862128477,-0.08712006967231412,True,0.6260399572001016,,0.838,India,True,True,49.42108096790596,46.611498388083014,32.82182438192668,49.38500072784049,63.5817203392032,12.531969309462914,24.603836530442035,31.262525050100198,50.0,,50.0,34.95282470675026,standard,915,20119586,False,41.1,False,28.065054211843204,12.260216847372812,64.55379482902418,50.0417014178482,50.0417014178482,50.0417014178482,2,SVAG,-8,NEDTREND,True,1,0.14285714285714285,LÅG,EJ AKTUELL,-7.7
PINS,"Pinterest, Inc.",Communication Services,Internet Content & Information,United States,USD,9765078963.68779,21.231716000000002,-6.0544294999999995,0.3335,0.34178079999999955,2.5957084,2.574,21.306500000000003,-0.08192749499999999,-0.015374996000000002,-0.045015002,-0.216984995,0.349134985,0.11699999999999999,,,-34.8905,3.08,4.011,268516864.0,1298563968.0,1205030016.0,11260855296.0,5492132000.0,,4221767000.0,,,319883000.0,,416855000.0,1284264000.0,,0.0,,,,,0.902,39.93000030517578,13.84000015258789,20.270000457763672,27.74857,2.05263,35.0,3.2,0.19459999,0.01413,1.16716,False,False,,0.643,18787320.0,21846320.0,1.788146638258734,7.59,8.63,-21.37,,-0.49236162527310956,0.49984309963673385,51.447376016102034,0.0008196304582730463,-0.17741730896778218,False,0.3745145187341958,,0.369,US,True,True,59.95147010438788,34.01557782228987,26.967888604717245,47.75453622013658,51.378821285091924,81.58567774936061,11.884904086738949,75.25050100200401,50.0,6.692160611854685,64.3,42.94377837537101,standard,700,442824916,False,62.8,False,79.06588824020017,81.98498748957465,54.96246872393661,50.0417014178482,50.0417014178482,50.0417014178482,5,NEUTRAL,0,NEDTREND,True,0,0.0,LÅG,EJ AKTUELL,0.5
MRU.TO,Metro Inc.,Consumer Defensive,Grocery Stores,Canada,CAD,19300369500.0,-4.5438805,0.6766812500000032,2.9666,0.8215210500000003,0.8703504,1.259,2.9797499999999992,-0.0287875025,-0.000740002,-0.023960003,-0.058645005000000014,-0.19047,,,,-0.8547500000000028,0.3579999999999999,0.488,72037504.0,217800000.0,4800999936.0,27929303040.0,14539400000.0,,22006700000.0,,,1488400000.0,,1017000000.0,1724900000.0,1.76,0.3236,1.63,1.52,0.408,1778630400.0,0.361,106.00937369802796,86.62999725341797,91.5,100.45455,,11.0,4.04,,0.00159,0.45536998,False,False,,0.5,524628.0,556780.0,1.7107960368978476,1.64,-2.75,-7.24,,-0.13686878048500217,0.1908008270291765,62.61528042376767,0.012756880186384656,-0.02782516303859539,True,0.5729686545618168,,0.335,Canada,True,True,56.47907755810127,34.46963628946319,37.76641091219096,13.135946622185154,79.76421284492584,70.75873827791986,67.13928273561301,50.300601202404806,50.0,,50.0,34.682787468283564,standard,920,35998706,False,61.2,False,61.30108423686406,71.39282735613011,84.07005838198499,50.0417014178482,50.0417014178482,50.0417014178482,3,SVAG,-8,NEDTREND,True,2,0.2857142857142857,LÅG,EJ AKTUELL,-0.7
ADBE,Adobe Inc.,Technology,Software - Application,United States,USD,77576101455.68848,-22.36819,-12.975769750000001,0.5337,0.6544652999999991,3.078661,3.328,-9.7925,0.48273746999999995,0.13567001,0.1789975015,0.21513998,0.44453498499999994,-0.005500000000000005,-0.113,0.012,11.965499999999999,-0.944,0.631,8406518400.0,5625999872.0,7077000192.0,83860701184.0,29496000000.0,,23769000000.0,,,8706000000.0,,7130000000.0,10031000000.0,,0.0,,0.12,0.0065,1111622400.0,1.404,392.5799865722656,190.1199951171875,195.16000366210938,282.27124,2.63158,32.0,4.07,0.051599998,0.00227,0.881,False,False,,0.456,5976254.0,10785460.0,1.9696901923655168,-23.46,-20.66,-43.9,,-0.5028783678808737,0.34837071939018455,19.398015206581874,-0.1924244371189917,-0.33911029277352756,False,0.06581065281133028,,0.859,US,True,True,,93.62295664431949,5.08667235009946,47.888388842516335,35.219821394434355,43.904518329070754,11.884904086738949,97.09418837675351,50.0,43.021032504780116,45.6,34.62799272006024,standard,923,2104890413,False,60.4,False,97.5396163469558,42.95246038365305,46.788990825688074,50.0417014178482,50.0417014178482,50.0417014178482,3,SVAG,-8,NEDTREND,True,1,0.14285714285714285,LÅG,EJ AKTUELL,-0.5
PEN,"Penumbra, Inc.",Healthcare,Medical Devices,United States,USD,12475928490.119934,46.469285,34.924291999999994,0.7319,5.0359804,8.578749,8.338,45.98375,0.0018025025000000111,0.0060449959999999935,-0.0018649970000000071,-0.08827499999999999,0.22434498499999994,0.073,-0.293,-0.169,-44.63175,4.01,3.773,-670056384.0,615660032.0,216175008.0,12126000128.0,1826519000.0,,1403665000.0,,,189249000.0,,177687000.0,238663000.0,,0.0,,,,,0.699,362.4100036621094,221.25999450683594,317.20001220703125,363.35715,2.64706,14.0,4.36,0.055999998,0.02898,0.87916,False,False,,0.4,499316.0,410010.0,1.565245425969211,-2.86,-5.97,2.95,,-0.12474818851090375,0.3358240235245347,45.225808502521936,-0.022310517658409523,0.03165781924784472,False,0.27624903215251606,,0.703,US,True,True,17.288494900248256,51.75656726184913,41.75902244955953,42.223290427193135,66.01907222363224,77.57885763000853,11.884904086738949,20.140280561122246,50.0,38.718929254302104,40.0,34.5625195638692,standard,926,130055177,False,43.4,False,28.065054211843204,78.0650542118432,14.261884904086738,50.0417014178482,50.0417014178482,50.0417014178482,3,SVAG,-8,VARNING,False,1,0.14285714285714285,LÅG,EJ AKTUELL,-7.7
SBIN.NS,State Bank of India,Financial Services,Banks - Regional,India,INR,9554612037911.725,-9.337216000000002,-6.230418499999999,0.53,-2.17655995,2.5365434,4.225,,-0.004784995000000014,-0.018775001,-0.039349999999999996,-0.09067998999999999,-0.40383999,0.009999999999999995,-0.164,0.002,,,,,2256107732992.0,8610153758720.0,15913574203392.0,83215685742000.0,,3817091770000.0,,,,,832987824000.0,380973900000.0,1.71,0.1744,17.35,1.5,17.35,1778803200.0,0.37,1212.8384373028666,767.8592718430074,1035.0999755859375,1195.6052,1.48718,38.0,,,0.57004,0.29904,False,False,,0.5,17666104.0,12951037.0,0.6455465226858234,8.85,-1.5,9.64,,-0.14654751717152648,0.22337084698613444,85.06497212460697,0.02280384573152694,0.05378914474990659,True,0.8975301677693828,,1.0,India,True,True,,25.14308087018477,47.456663824950276,52.34247945564006,82.23568623869966,6.990622335890878,67.13928273561301,,50.0,,50.0,34.4868412256071,standard,929,142144194,False,38.9,False,28.065054211843204,6.839032527105922,55.4628857381151,50.0417014178482,50.0417014178482,50.0417014178482,1,SVAG,-8,UPPTREND,False,2,0.2857142857142857,LÅG,EJ AKTUELL,-10.3
LONN.SW,Lonza Group AG,Healthcare,Diagnostics & Research,Switzerland,CHF,34831317854.890686,16.321729000000005,9.534280499999998,1.4655,2.1666999000000002,5.333229,5.948,6.753249999999999,-0.0117125025,-0.0001349999999999997,-0.12155000400000002,0.051960000000000006,-0.01595002000000001,,,,5.646250000000006,-0.009000000000000008,0.624,-2359851456.0,719000000.0,4679000064.0,38844317696.0,17907000000.0,,6531000000.0,,,1358000000.0,,-275000000.0,1156000000.0,1.0,0.3077,5.0,0.67,5.0,1778544000.0,0.827,588.6272751924404,449.8822856236341,498.70001220703125,663.5217,,23.0,,,0.00090000004,0.61209,False,False,,0.5,167783.0,154508.0,2.165239385655245,1.26,3.2,-6.3,,-0.15277454303490967,0.21209240282867337,52.34521629696301,0.010628508848981255,-0.041331818980318125,True,0.7771472118662214,,0.5,Europe,True,True,28.213292256154098,44.197652043654024,42.18527990906507,31.609674728940785,68.5678725841457,59.249786871270246,67.13928273561301,18.236472945891784,50.0,,50.0,34.36747597236362,standard,931,95552014,False,42.6,False,28.065054211843204,60.133444537114265,27.022518765638033,50.0417014178482,50.0417014178482,50.0417014178482,1,SVAG,-8,NEDTREND,True,2,0.2857142857142857,LÅG,EJ AKTUELL,-8.9
SFM,"Sprouts Farmers Market, Inc.",Consumer Defensive,Grocery Stores,United States,USD,7569625586.589699,-9.463565500000001,-2.32174075,1.1055,1.647698,0.8506247,1.087,-1.0322499999999994,0.1895975025,0.03974,-0.032584995000000005,-0.03337000000000001,-0.059785015,0.005999999999999998,-0.125,-0.091,44.811749999999996,-0.15400000000000003,0.377,-372055520.0,252160992.0,2060856960.0,9671740416.0,4158649000.0,,8806159000.0,,,691733000.0,,523670000.0,715998000.0,,0.0,,,,,0.673,173.9600067138672,64.75,80.48999786376953,92.42857,,14.0,4.57,0.1551,0.0057599996,1.06318,False,False,,0.49,2112562.0,2144290.0,2.3228891779718763,-10.59,-4.77,1.59,,-0.5373074571320231,0.4639912176075119,46.1704331718751,-0.005903597346384126,-0.06636317385313273,False,0.24508297096984016,,0.895,US,True,True,,57.095622739902694,24.793975561238984,46.951118860742376,43.07519476548468,85.16624040920716,11.884904086738949,25.851703406813627,50.0,11.759082217973232,49.0,34.28796995525815,standard,934,172593898,False,55.0,False,28.065054211843204,85.48790658882403,84.57047539616347,50.0417014178482,50.0417014178482,50.0417014178482,2,SVAG,-8,NEDTREND,True,0,0.0,LÅG,EJ AKTUELL,-2.7
TCS.NS,Tata Consultancy Services Limited,Technology,Information Technology Services,India,INR,7688435975750.0,-20.772741,-10.71733325,2.3037,0.0,2.8793373,2.773,-10.825,0.31283252,0.17026001,0.06641750849999999,0.10307499499999999,-0.0007699899999999982,-0.036500000000000005,-0.07,0.122,4.693999999999999,0.4760000000000001,1.974,359035738624.0,410799996928.0,112829997056.0,7404105760768.0,1823720000000.0,,2670210000000.0,,,670220000000.0,,492100000000.0,520940000000.0,5.84,0.4632,124.0,1.49,31.0,1779667200.0,0.227,3357.7757139896216,2059.89990234375,2125.0,2967.3096,2.11628,42.0,,,0.71795,0.17839001,False,False,,0.5,4919605.0,4504219.0,2.305244637663276,-7.45,-11.76,-31.58,,-0.3671405772736588,0.24705128401348636,36.779138692199105,-0.08680180883578259,-0.22779355426371195,True,0.18022853266774855,,0.691,India,True,True,,79.13960880597813,12.64563796533106,45.37330776790877,81.20726488631794,8.013640238704177,67.13928273561301,90.48096192384769,50.0,,50.0,42.027472372685914,standard,727,101489407,False,53.7,False,88.90742285237698,7.839866555462886,51.626355296080064,50.0417014178482,50.0417014178482,50.0417014178482,4,NEUTRAL,0,NEDTREND,True,3,0.42857142857142855,LÅG,EJ AKTUELL,-0.2
KR,The Kroger Co.,Consumer Defensive,Grocery Stores,United States,USD,34701930374.14551,11.8470415,-5.78263675,0.547,2.459809,0.23504104,0.491,-3.581249999999999,-0.039112497499999975,-0.008020000000000003,-0.0827149968,-0.091449997,-0.20850501500000002,-0.023000000000000003,0.439,0.358,317.09175,-0.275,0.305,2587018624.0,3334000128.0,24692000768.0,72505466880.0,49953000000.0,,147642000000.0,,,1890000000.0,,1016000000.0,7311000000.0,2.18,0.8701,1.4,2.0,0.35,1778803200.0,0.416,76.17869785654563,56.31999969482422,56.61000061035156,72.14286,2.08333,21.0,5.4,0.0511,0.0844,0.81097,False,False,,0.439,6316780.0,10065500.0,2.9841514620716243,-19.82,-22.85,-7.9,,-0.2568788624222018,0.27372427968248775,31.05334211427187,-0.13646608604274657,-0.1407628136910406,False,-0.22969517387122582,,0.703,US,True,True,,25.793960738258153,20.062517760727477,62.40183687674942,45.73946002601657,59.33503836317136,67.13928273561301,86.37274549098196,50.0,43.40344168260038,43.9,41.96172623684698,standard,729,569807961,False,69.5,False,93.41117597998331,60.216847372810676,97.5396163469558,50.0417014178482,50.0417014178482,50.0417014178482,4,NEUTRAL,0,NEDTREND,True,2,0.2857142857142857,LÅG,EJ AKTUELL,-4.1
012330.KS,"Hyundai Mobis Co.,Ltd",Consumer Cyclical,Auto Parts,South Korea,KRW,54578516796000.0,,-1.4067220000000002,0.09,,0.88134205,0.74,-6.108750000000002,-0.051479989000000004,-0.015780000000000006,-0.04958000049999999,-0.06343499999999999,-0.21392499999999998,-0.017999999999999995,-0.246,-0.145,-28.1085,0.8629999999999997,1.721,1494572009472.0,12600156880896.0,3813206917120.0,45838629863424.0,70400532000000.0,,61118127000000.0,,,3357582000000.0,,3655790000000.0,4472515000000.0,1.06,0.16530001,6500.0,1.84,5000.0,1773878400.0,1.324,822000.0,273370.32130124775,612000.0,678533.3,1.53333,30.0,,,0.3518,0.37295,False,False,,0.5,632083.0,614623.0,0.9387142526591566,16.57,44.0,71.05,,-0.25547445255474455,0.6458629778428314,27.966101694915253,0.12225624851007644,0.507620174718213,False,0.30890733550432986,,0.0,Asia,True,True,,24.995629752193317,71.12816140949134,20.90567525437245,34.46927595844821,2.131287297527707,67.13928273561301,84.16833667334669,50.0,,50.0,41.95555101061548,standard,730,274588971,False,55.1,False,78.98248540450375,2.543786488740617,83.31943286071727,50.0417014178482,50.0417014178482,50.0417014178482,4,NEUTRAL,0,UPPTREND,False,2,0.2857142857142857,LÅG,EJ AKTUELL,-1.3
7012.T,"Kawasaki Heavy Industries, Ltd.",Industrials,Specialty Industrial Machinery,Japan,JPY,2667191159460.0,-0.5662819999999975,-18.459957499999998,0.72,0.37952374999999994,1.1539953,1.442,0.21200000000000152,,,-0.007532504499999995,0.008629997499999993,-0.09953000000000001,,,,52.19250000000001,-0.595,0.621,,132365000704.0,861188980736.0,3332651352064.0,3324623000000.0,,2311267000000.0,,,120962000000.0,,108157000000.0,148943000000.0,1.32,0.2643,40.0,2.46,20.0,1790640000.0,0.919,3742.2069628878003,1704.8237555267613,3191.0,3840.7693,1.61538,13.0,,,0.074039996,0.46562,False,False,,0.5,14456234.0,12603730.0,0.7177715830664455,12.22,-0.58,37.0,,-0.14729462275983873,0.5332014682939085,59.58592132505176,0.03001604255635071,0.22146810221312285,True,0.7622389072733184,,0.394,Japan,True,True,,44.122657580919935,57.7152600170503,15.679733110925772,29.323740297980898,12.787723785166241,67.13928273561301,,50.0,,50.0,33.891573126706355,standard,937,249378413,False,43.0,False,28.065054211843204,12.51042535446205,77.31442869057548,50.0417014178482,50.0417014178482,50.0417014178482,2,SVAG,-8,UPPTREND,False,1,0.14285714285714285,LÅG,EJ AKTUELL,4.0
ROIV,Roivant Sciences Ltd.,Healthcare,Biotechnology,United Kingdom,USD,22606668420.0539,,-35.719392,,1.7967494000000004,2736.885,2234.099,-27.92425,-0.20146749749999998,-0.204485,-0.11948499700000001,-146.941114995,-0.449505015,-0.75,,,-57.269749999999995,16.359,17.999,-1902341632.0,4291833088.0,107438000.0,18453659648.0,5708687000.0,,8260000.0,,,-1285303000.0,,-299771000.0,-750349000.0,,0.0,,,,,1.137,32.792999267578125,10.704999923706055,31.43000030517578,39.04167,1.30769,12.0,5.51,0.0664,0.23391001,0.75846,False,False,,0.635,5483656.0,5227600.0,1.458305206190707,11.41,13.06,37.01,,-0.041563717648416376,0.41720440086885846,58.67470081632212,0.07895270950960165,0.33426587354502235,True,0.9892394665349239,,0.778,US,True,True,,4.796269094834315,78.54504120488775,34.2636878124858,51.41145015442814,67.60443307757886,11.884904086738949,11.823647294589177,50.0,32.79158699808795,63.5,41.808452901909654,standard,735,164303470,False,40.2,False,28.065054211843204,68.30692243536281,2.543786488740617,50.0417014178482,50.0417014178482,50.0417014178482,4,NEUTRAL,0,UPPTREND,False,1,0.14285714285714285,LÅG,EJ AKTUELL,1.7
1299.HK,AIA Group Limited,Financial Services,Insurance - Life,Hong Kong,HKD,759490673713.3303,6.596566000000001,1.6136759999999999,1.01,1.2539448499999999,28.971607,29.886,69.82000000000001,0.03567999999999999,0.018705000000000003,-0.03648500499999996,-0.06621994999999997,0.08103500000000002,-0.0010000000000000009,-0.03900000000000001,0.051,23.582999999999995,0.22000000000000008,0.976,-4158482432.0,8771999744.0,20580999168.0,783452667904.0,345423000000.0,,39604000000.0,,,,,6234000000.0,6970000000.0,2.62,0.3893,1.93,2.2,1.4408,1779926400.0,0.636,90.57969287387601,64.97075415874629,73.69999694824219,104.35139,1.28571,18.0,,,0.00042,0.57063997,False,False,,0.5,36963606.0,69405763.0,0.632566660920066,-12.77,-10.1,-2.94,,-0.18635187855115898,0.3250653779045391,30.162408721653534,-0.0970725230618611,-0.07088828388920454,False,0.27938945497310463,,0.5,Asia,True,True,32.132735620494714,51.37653121226846,31.287297527706738,41.166811424266136,59.67945966857212,18.15856777493606,67.13928273561301,42.78557114228457,50.0,,50.0,33.49100267440232,standard,948,652715948,False,32.6,False,28.065054211843204,17.764804003336113,2.543786488740617,50.0417014178482,50.0417014178482,50.0417014178482,2,SVAG,-8,NEDTREND,True,1,0.14285714285714285,LÅG,EJ AKTUELL,-10.3
AV.L,Aviva plc,Financial Services,Insurance - Diversified,United Kingdom,GBp,24083629261937.91,12.299185999999995,1.2694764999999997,1.4135,0.0750938499999999,0.66224855,0.492,-0.11400000000000077,-0.028689994999999982,-0.0128200002,-0.20203501,-0.294874965,-0.18787998,0.31,9.661999999999999,4.65,28.0655,0.05500000000000005,0.81,-1556112512.0,18200000512.0,12433000448.0,14096234496.0,395304000000.0,,57436000000.0,,,,,1033000000.0,-2563000000.0,6.15,1.3925,0.39,6.28,0.262,1774483200.0,0.624,8964.918811130574,7366.799689899607,8050.1527550488245,692.531,2.125,16.0,,,0.00619,0.70957,False,False,,0.5,9708768.0,7408204.0,1.7386590113182447,2.47,0.28,-2.54,-0.35,-0.10203840942162279,0.2188971890556864,72.83397705630465,0.026635340014350417,-0.0031980929030674954,True,0.8531578198385066,,0.5,UK,True,True,,19.855607670383357,44.631795677984,79.90735325049958,66.27332588174515,4.177323103154305,29.02418682235196,10.821643286573146,50.0,,50.0,33.402913280154436,standard,949,59637173841,False,43.1,False,28.065054211843204,2.543786488740617,88.15679733110926,50.0417014178482,50.0417014178482,50.0417014178482,3,SVAG,-8,NEDTREND,True,2,0.2857142857142857,LÅG,EJ AKTUELL,-5.8
COF,Capital One Financial Corporation,Financial Services,Credit Services,United States,USD,125410663798.35526,44.192163,-4.563117500000001,0.2153,-1.5657786500000004,3.4537928,2.94,,-0.102649995,-0.014484999999999998,-0.16175000699999997,-0.08275496499999996,-0.449505015,0.402,-0.165,0.548,,,,,79386001408.0,55874998272.0,106740375552.0,669009000000.0,,53434000000.0,,,,,2453000000.0,27718000000.0,1.6,0.86120003,3.2,1.65,0.8,1779148800.0,1.037,257.5448295944663,174.23209732202199,201.52999877929688,254.66667,1.6087,21.0,2.31,0.019299999,0.01895,0.88132006,False,False,,0.567,4692824.0,5904930.0,1.5285855154415373,10.71,12.61,-15.91,,-0.21749545857073183,0.31462316187331313,63.260536688045235,0.060462882006997676,-0.0317060990227217,True,1.0039382947536757,,0.675,US,True,True,,15.30515744015327,40.49445865302643,63.53234880277149,43.016071591635466,35.12361466325661,67.13928273561301,,50.0,81.07074569789675,56.699999999999996,33.29625782806463,standard,952,1190020536,False,40.9,False,28.065054211843204,34.361968306922435,41.534612176814015,50.0417014178482,50.0417014178482,50.0417014178482,0,SVAG,-8,NEDTREND,True,2,0.2857142857142857,LÅG,EJ AKTUELL,-6.0
0003.HK,The Hong Kong and China Gas Company Limited,Utilities,Utilities - Regulated Gas,Hong Kong,HKD,126140726133.38533,8.897935,6.760225000000001,2.83,1.2095983000000001,2.321909,3.503,2.5807499999999983,0.020815005000000004,0.01759,-0.051599997999999994,-0.10350750250000001,0.028595000000000037,-0.121,-0.03899999999999999,0.02,-26.062000000000012,-0.3295000000000001,0.43,-6644532736.0,8012899840.0,61059100672.0,190292131840.0,163555100000.0,,54326300000.0,,,8132100000.0,,5688200000.0,10533000000.0,5.22,1.1589,0.35,4.88,0.23,1780444800.0,0.555,7.511074330032385,6.251004670195153,6.760000228881836,7.37,,10.0,,,0.41854,0.12720999,False,False,,0.5,23916558.0,31086970.0,2.10939392659642,-4.98,-4.85,-0.65,,-0.09999556230557383,0.14708728607308102,34.44836555962681,-0.032255963344139604,-0.03143048272692728,False,0.2716155690826162,,0.5,Asia,True,True,41.564696557293686,46.01464502237449,42.824666098323384,31.06281502903575,65.78133799574198,34.86786018755328,29.02418682235196,27.55511022044088,50.0,,50.0,33.293776300846744,standard,953,26815526,False,43.3,False,28.065054211843204,34.111759799833195,57.46455379482902,50.0417014178482,50.0417014178482,50.0417014178482,3,SVAG,-8,NEDTREND,True,1,0.14285714285714285,LÅG,EJ AKTUELL,-10.6
CDW,CDW Corporation,Technology,Information Technology Services,United States,USD,16399709881.073853,-17.909779999999998,-9.03366175,1.33,0.32387799999999967,0.7159945,0.969,-7.2195,0.2947675,0.003389999999999997,-0.0608624965,-0.071940004,-0.233785015,-0.04050000000000001,-0.115,0.047,191.04449999999997,-0.5299999999999999,1.015,72243712.0,578600000.0,6146299904.0,22187147264.0,16028200000.0,,22424100000.0,,,1655600000.0,,1066600000.0,1205200000.0,1.94,0.3057,2.52,1.25,0.63,1779408000.0,0.987,180.42311506268123,96.54753314386257,128.3699951171875,142.0,1.81818,9.0,3.58,0.0801,0.00445,1.03627,False,False,,0.282,1991679.0,2042610.0,1.6997249167511221,23.75,7.92,-10.51,,-0.2885058265810887,0.4043741161865865,53.21302706051636,0.031812181153939134,-0.04982157489952077,False,0.5238531162737026,,0.707,US,True,True,,43.206652048063624,35.507246376811594,41.401222533569616,24.91317897134911,73.74254049445865,67.13928273561301,51.20240480961924,50.0,28.298279158699806,28.199999999999996,33.262306431134384,standard,954,262209836,False,62.2,False,61.71809841534612,74.31192660550458,87.1559633027523,50.0417014178482,50.0417014178482,50.0417014178482,2,SVAG,-8,NEDTREND,True,1,0.14285714285714285,LÅG,EJ AKTUELL,-1.5
HUT,Hut 8 Corp.,Financial Services,Capital Markets,United States,USD,14011211572.167969,,-79.8540955,,7.422780749999999,49.279728,51.296,-43.4995,-0.40919999500000004,-0.18154499999999998,-1.3482500069999999,-5.583844965,0.14720498499999995,2.194,,,-42.285500000000006,-0.8379999999999999,0.662,-1112454624.0,160016000.0,422911008.0,14584442880.0,2753720000.0,,235118000.0,,,-97364000.0,,-226149000.0,-139226000.0,,0.0,,,,,6.044,140.8000030517578,15.260000228881836,124.44000244140625,119.0,1.3125,16.0,3.05,0.157,0.09340999,0.80472,False,False,,0.375,4823940.0,4014480.0,1.0644684156130286,33.36,148.19,237.69,,-0.11619318363464559,1.0309405321151885,49.73723266798645,0.26476912970403843,1.0814307518088735,False,0.652221198536681,,0.63,US,True,True,,15.746499195688255,86.01875532821826,74.87115800953049,2.900048588029531,75.61807331628303,11.884904086738949,14.929859719438879,50.0,11.281070745697896,37.5,33.10651517416229,holding,959,499561901,False,41.3,False,28.065054211843204,76.14678899082568,2.543786488740617,50.0417014178482,50.0417014178482,50.0417014178482,2,SVAG,-8,UPPTREND,False,2,0.2857142857142857,LÅG,EJ AKTUELL,-1.9
NOW,"ServiceNow, Inc.",Technology,Software - Application,United States,USD,98015513264.19067,23.044863,-1.1553447500000003,0.9221,2.2511732999999996,7.021169,7.289,16.819499999999998,0.013897500000000021,-0.007029998000000003,0.017967501499999997,-0.004719999999999988,0.31611498499999996,0.0885,-0.169,0.02,-28.749499999999998,-0.85,0.691,4296268928.0,5182000128.0,2431000064.0,101751439360.0,26038000000.0,,13278000000.0,,,1824000000.0,,1748000000.0,5444000000.0,,0.0,,,,,0.927,211.47799682617188,81.23999786376953,95.04000091552734,141.9766,1.4375,44.0,2.05,0.059299998,0.0016699999,0.88478994,False,False,,0.627,28383420.0,27015730.0,1.1138130976306047,-6.67,-16.09,-39.16,,-0.5505915398203475,0.5062803411143096,26.614576071661546,-0.042364098591188726,-0.3051474436482027,False,0.18768134220542088,,0.937,US,True,True,71.01591242185863,58.14746797840057,6.209150326797385,56.17118412158119,22.04121256032334,39.55669224211424,11.884904086738949,88.97795591182364,50.0,36.137667304015295,62.7,41.0816148617754,standard,758,2567575004,False,53.0,False,87.48957464553794,38.69891576313595,18.932443703085905,50.0417014178482,50.0417014178482,50.0417014178482,4,NEUTRAL,0,NEDTREND,True,1,0.14285714285714285,LÅG,EJ AKTUELL,-2.9
PRAA,"PRA Group, Inc.",Financial Services,Credit Services,United States,USD,569824850.7154465,,-7.572330000000001,5.82,-2.1587648500000003,0.45704782,3.486,1.8085000000000004,-0.36278998500000004,0.030435002000000003,-0.47557000699999996,-0.040334964999999945,0.550494985,0.10600000000000001,6.978,6.71,289.6615,20.694,21.806,-1249156384.0,131306000.0,3814404096.0,4346268672.0,5103322000.0,,1213341000.0,,,243635000.0,,-305142000.0,-85541000.0,,0.0,,,0.333333,1178496000.0,1.148,22.549999237060547,10.25,14.9399995803833,26.0,,1.0,1.93,0.0375,0.021879999,1.01298,False,False,,0.1,584950.0,1315360.0,7.154469764564848,1.56,-15.93,-11.65,,-0.33747228000657037,0.5721510812592432,47.410997717817,-0.1552163096256527,-0.07542069657467043,True,0.4014964994659726,,0.669,US,True,True,26.8160948763198,44.012174398067145,16.908212560386474,81.80062783471155,36.615730339040645,98.12446717817562,11.884904086738949,3.6072144288577155,50.0,54.11089866156787,10.0,41.05131266093608,standard,761,19651478,False,58.2,False,28.065054211843204,97.5396163469558,93.32777314428691,50.0417014178482,50.0417014178482,50.0417014178482,4,NEUTRAL,0,NEDTREND,True,1,0.14285714285714285,LÅG,EJ AKTUELL,-5.0
SE,Sea Limited,Consumer Cyclical,Internet Retail,Singapore,USD,51751809531.03415,8.256360999999998,0.7101895000000003,1.3021,0.9213125,2.219008,1.836,2.5547500000000003,0.0023600099999999957,-0.016100000000000003,-0.018795002499999998,-0.01956999499999998,-0.006835015,0.393,-0.08,0.062,-51.721000000000004,0.2300000000000001,0.761,73385344.0,10540638208.0,3584398080.0,46263574528.0,29370979000.0,,22938469000.0,,,1985306000.0,,1578149000.0,5024523000.0,,0.0,,,,,1.569,199.3000030517578,77.05000305175781,91.27999877929688,140.49571,1.31034,28.0,4.17,0.0608,0.26048002,0.70168996,False,False,,0.86,4016838.0,3615500.0,0.9739683326108048,4.58,12.72,-26.55,,-0.5419970026011909,0.513031096932269,50.98970706265687,0.03859692642724455,-0.2579009699088025,True,0.6785739829628986,,0.252,US,True,True,57.107498579248045,41.622027462943464,27.507814720090934,45.55352621188973,29.517205686911012,52.25916453537936,11.884904086738949,49.59919839679359,50.0,35.27724665391969,96.0,40.998407233084905,standard,764,330022836,False,54.2,False,59.299416180150125,53.294412010008344,58.798999165971644,50.0417014178482,50.0417014178482,50.0417014178482,4,NEUTRAL,0,NEDTREND,True,0,0.0,LÅG,EJ AKTUELL,2.8
SOFI,"SoFi Technologies, Inc.",Financial Services,Credit Services,United States,USD,22973894696.269226,21.982932999999996,9.0745325,0.8434,-0.6045087500000003,5.8780413,5.391,,-0.069269995,-0.006735000999999997,-0.10290000699999999,-0.18578496499999997,0.38556498499999997,0.364,0.879,1.344,-49.5835,-0.5799999999999997,0.492,,3564402944.0,1916210944.0,21069154304.0,50660478000.0,,3613354000.0,,,,,481320000.0,-3742458000.0,,0.0,,,,,2.152,32.72999954223633,14.640000343322754,17.90999984741211,20.9,2.70833,20.0,2.52,0.1471,0.01407,0.56663,False,False,,0.685,67782387.0,83219060.0,1.0020455263594668,17.6,4.86,-32.62,,-0.45279559737542296,0.5600272443692853,48.00000246109622,0.05716730584284058,-0.21090111500618502,True,0.805394323629698,,0.838,US,True,True,,35.82770211638001,22.40693378800795,85.51742060035491,10.968559846198673,66.83716965046888,11.884904086738949,,50.0,13.001912045889103,68.5,32.94748719078169,standard,961,1490453352,False,43.2,False,28.065054211843204,67.55629691409509,23.436196830692243,50.0417014178482,50.0417014178482,50.0417014178482,3,SVAG,-8,NEDTREND,True,1,0.14285714285714285,LÅG,EJ AKTUELL,-3.6
006400.KS,"Samsung SDI Co., Ltd.",Industrials,Electrical Equipment & Parts,South Korea,KRW,42876047145000.0,,15.960746499999999,12.2945,,3.1958227,4.063,96.253,-0.155510007,-0.060249998,-0.1611624995,-0.2133800025,-0.22297499999999998,0.065,,,15.7865,-0.5570000000000002,0.418,-1495047403520.0,1839690940416.0,11833014484992.0,55527505657856.0,42255338580910.0,,13266730679490.0,,,-1722360788050.0,,-649468657550.0,792385760870.0,0.36,0.0,977.13,0.25,977.12604,1735257600.0,1.541,723000.0,166500.0,555000.0,749274.2,1.96774,31.0,,,0.22959,0.30622998,False,False,,0.5,813473.0,489066.0,1.3933960913520989,-5.45,37.04,74.8,,-0.23236514522821572,0.6591079017318223,30.89080459770115,-0.05885943938546068,0.4624448124710969,False,0.3963365672592955,,0.496,Asia,True,True,22.679388628002272,10.700336202249343,71.66808752486502,46.355541598080414,27.47385864526628,2.6427962489343564,67.13928273561301,30.160320641282567,50.0,,50.0,32.88383094742729,standard,962,198145090,False,36.7,False,28.065054211843204,2.543786488740617,45.287739783152624,50.0417014178482,50.0417014178482,50.0417014178482,3,SVAG,-8,VARNING,False,2,0.2857142857142857,LÅG,EJ AKTUELL,-5.5
BAH,Booz Allen Hamilton Holding Corporation,Industrials,Consulting Services,United States,USD,7958823033.961929,-21.576864,-10.063031999999998,1.09,2.9081050499999996,0.7095322,1.011,-7.922499999999998,0.65515,0.04003999800000001,-0.028077501499999998,-0.04062499749999999,-0.22591502500000002,-0.126,0.03199999999999999,0.062,297.61999999999995,0.3959999999999999,1.678,-26481280.0,728000000.0,4121999872.0,11340353536.0,7118000000.0,,11217000000.0,,,1033000000.0,,851000000.0,1041000000.0,3.56,0.32459998,2.36,1.79,0.59,1781049600.0,0.322,116.89951169064041,66.3499984741211,66.36000061035156,93.76923,2.86667,13.0,4.02,0.0687,0.012519999,1.0076699,False,False,,0.393,1671841.0,2050120.0,2.811992713214677,-13.17,-17.28,-21.11,,-0.4323329528872215,0.3871306878992227,25.84585967602706,-0.14053449325469503,-0.2175907319789836,False,-0.2445792359960762,,0.838,US,True,True,,53.615582630300004,11.082693947144074,45.27025508270762,48.28381061482464,84.5694799658994,67.13928273561301,44.789579158316634,50.0,31.54875717017208,39.300000000000004,32.714719883145825,standard,966,136045964,False,55.4,False,28.065054211843204,84.90408673894912,87.32276897414512,50.0417014178482,50.0417014178482,50.0417014178482,2,SVAG,-8,NEDTREND,True,1,0.14285714285714285,LÅG,EJ AKTUELL,-15.6
MQG.AX,Macquarie Group Limited,Financial Services,Capital Markets,Australia,AUD,95216001626.84113,8.200568999999998,1.1162649999999985,0.8,0.2177836000000003,5.351919,9.585,,-0.03057500099999999,-0.007515000999999993,-0.15373501499999997,-0.24279497,-0.377795,-0.0029999999999999957,-0.07200000000000001,0.027,,,,,95800999936.0,194255994880.0,170518347776.0,540101000000.0,,7216000000.0,,,-6354000000.0,,4847000000.0,,3.43,0.6699,6.7,3.31,4.2,1763337600.0,0.879,254.30999755859375,184.07200965178643,249.82000732421875,240.0323,2.15385,13.0,,,0.08745,0.37018,False,False,,0.5,854575.0,916126.0,2.8799813472195064,5.82,29.64,26.7,23.1,-0.017655578929178684,0.24643849000363546,69.90464733094991,0.05864061512776342,0.1743279053120681,True,0.8819988636690355,,0.5,Australia,True,True,,18.96301064081097,79.47912511634091,38.78589613240745,60.533649894986766,40.153452685421996,67.13928273561301,,50.0,,50.0,32.418489713541064,holding,968,160563073,False,39.5,False,28.065054211843204,39.28273561301084,26.855713094245203,50.0417014178482,50.0417014178482,50.0417014178482,1,SVAG,-8,UPPTREND,False,3,0.42857142857142855,LÅG,EJ AKTUELL,-11.7
BN.TO,Brookfield Corporation,Financial Services,Asset Management,Canada,CAD,140510147730.59332,71.64779999999999,,1.27,0.22390639999999984,1.7761368,6.521,8.175499999999998,-0.09503500000000001,0.009515000000000003,-0.21234500999999997,-0.08018997,-0.06521003000000003,0.018000000000000002,1.455,0.397,111.50000000000001,-0.7879999999999998,0.529,-2987499968.0,15029999616.0,267466997760.0,515897491456.0,518971000000.0,,75100000000.0,,,18049000000.0,,1307000000.0,10958000000.0,0.62,0.4902,0.39,0.86,0.098,1781481600.0,1.84,68.21149200452439,51.95930598732121,62.90999984741211,78.265274,1.81818,3.0,2.2,,0.17645,0.59071,False,False,,0.5,2727241.0,3249110.0,3.5458864148176032,0.65,19.9,2.89,,-0.07772139270550826,0.283174689360521,51.15652151250038,0.0065571064100691245,0.01289151633952268,False,0.5061008213776976,,0.5,Canada,True,True,43.45216552508001,29.834361440161842,63.384484228474,63.29843999231798,25.387661284601787,33.41858482523444,67.13928273561301,42.48496993987976,50.0,,50.0,32.39254036210508,holding,969,144432948,False,44.4,False,28.065054211843204,32.69391159299416,66.38865721434529,50.0417014178482,50.0417014178482,50.0417014178482,3,SVAG,-8,UPPTREND,False,3,0.42857142857142855,LÅG,EJ AKTUELL,-6.2
BJ,"BJ's Wholesale Club Holdings, Inc.",Consumer Defensive,Discount Stores,United States,USD,10882081728.016449,-5.321896500000001,1.5703382500000007,2.0426,1.4591434999999997,0.49542168,0.648,0.17675000000000018,0.0956875025,0.0025699999999999994,-0.063584996,-0.08909,-0.264755015,0.064,-0.097,-0.047,35.700750000000006,-0.3490000000000001,0.114,-722645256.0,27826000.0,2861490944.0,14230352896.0,7510475000.0,,21457274000.0,,,846045000.0,,578377000.0,1030056000.0,,0.0,,,,,0.228,115.43000030517578,83.6500015258789,85.22000122070312,101.1,2.21739,20.0,3.84,0.072399996,0.00634,1.10602,False,False,,0.428,2138259.0,2006190.0,1.1034180942916276,-12.74,-11.87,-8.96,,-0.2617170493338209,0.2995876198532048,49.852513349567374,-0.07117367394273388,-0.09137433614740154,False,0.1931182357500181,,0.897,US,True,True,44.31074836239643,38.46530723713428,23.074737141233303,53.815790489153706,57.64003851608728,79.79539641943734,11.884904086738949,21.64328657314629,50.0,30.401529636711285,42.8,32.30913313527571,standard,971,170967514,False,55.4,False,28.065054211843204,80.23352793994995,92.24353628023353,50.0417014178482,50.0417014178482,50.0417014178482,2,SVAG,-8,NEDTREND,True,0,0.0,LÅG,EJ AKTUELL,-1.3
SUZB3.SA,Suzano S.A.,Basic Materials,Paper & Paper Products,Brazil,BRL,53366860426.956825,-11.240802000000002,-3.335842649999999,,0.14902404999999996,1.0774399,2.599,-0.8320000000000007,0.13560251250000005,-0.021365,0.1605225085,0.034967497499999986,0.015390000000000015,-0.13899999999999998,-0.736,-0.321,127.49400000000001,1.5725000000000002,2.479,-3510046976.0,22349596672.0,97499521024.0,128733102080.0,167935519000.0,,50115679000.0,,,10082147000.0,,13408189000.0,18152175000.0,2.59,0.12149999,1.12,,0.004552,1777507200.0,0.094,59.64394441638101,40.16999816894531,43.22999954223633,65.37059,1.41176,17.0,,,0.44591,0.39333,False,False,,0.5,7095378.0,5460400.0,1.196637056332426,2.44,-17.74,-10.71,,-0.27519884935102723,0.2632233208386454,58.354426834603444,-0.00915821606106737,-0.11237701854721005,True,0.9360910406394615,,0.509,LatAm,True,True,,62.14628825625327,19.295254333617503,17.15380205447959,67.77626842002506,52.00341005967605,67.13928273561301,29.859719438877757,50.0,,50.0,32.23233192731497,standard,972,45835550,False,49.3,False,28.065054211843204,53.044203502919096,78.98248540450375,50.0417014178482,50.0417014178482,50.0417014178482,3,SVAG,-8,NEDTREND,True,3,0.42857142857142855,LÅG,EJ AKTUELL,1.0
ANZ.AX,ANZ Group Holdings Limited,Financial Services,Banks - Diversified,Australia,AUD,105476388854.38586,0.2541790000000006,-5.4818190000000016,2.13,-0.9411145999999998,4.9022303,4.35,,-0.060204991,-0.011455000999999992,-0.09079501499999995,-0.03839496999999997,-0.377795,-0.082,-0.126,0.002,,,,,284675014656.0,272083992576.0,93588389888.0,1297108000000.0,,22307000000.0,,,,,5891000000.0,26110000000.0,4.74,0.84139997,1.66,5.53,0.83,1778457600.0,0.568,40.07502154105189,27.127964697939152,35.029998779296875,35.54525,2.5,14.0,,,0.00013,0.36305,False,False,,0.5,4918406.0,5020792.0,1.5877745169433712,0.75,-3.19,-0.75,29.82,-0.12588945851437694,0.21425936945690746,48.29657388316939,-0.01207683978196239,-0.006179605024173251,True,0.5947017077563906,,0.5,Australia,True,True,,22.947824012386327,48.870711028727406,28.995450431124155,77.99287736279791,38.107416879795394,67.13928273561301,,50.0,,50.0,32.15483800633112,standard,974,123388759,False,39.7,False,28.065054211843204,37.28106755629692,30.19182652210175,50.0417014178482,50.0417014178482,50.0417014178482,0,SVAG,-8,NEDTREND,True,2,0.2857142857142857,LÅG,EJ AKTUELL,-19.0
FM.TO,First Quantum Minerals Ltd.,Basic Materials,Copper,Canada,CAD,35620284319.27707,,-1.4741907499999982,0.96,0.0,6.5346327,8.148,14.1175,-0.12288250249999999,-0.022025001000000002,-0.12493750149999999,-0.053722502500000005,-0.13019000000000003,0.092,,,26.09750000000001,-0.05149999999999999,0.85,-737125016.0,770000000.0,7495000064.0,44414750720.0,25238000000.0,,5237000000.0,,,1092000000.0,,-28000000.0,2082000000.0,,0.0,,0.42,0.08,1692921600.0,1.979,46.36000061035156,21.020000457763672,43.0099983215332,46.664932,1.86364,22.0,3.22,,0.18541001,0.52962,False,False,,0.5,3264488.0,2975330.0,1.0022146158665788,18.58,47.34,27.06,,-0.0722606178756251,0.4822132386379896,48.706235007813255,0.11648162257108363,0.2387672303812376,False,0.5482347284972523,,0.32,Canada,True,True,34.14833398139562,20.69805714905379,80.98891730605284,43.86470638244231,34.13317795506922,58.99403239556692,11.884904086738949,35.27054108216433,50.0,,50.0,32.05766110113784,commodity,979,90424630,False,41.7,False,28.065054211843204,59.883236030025024,20.934111759799833,50.0417014178482,50.0417014178482,50.0417014178482,3,SVAG,-8,UPPTREND,False,1,0.14285714285714285,LÅG,EJ AKTUELL,-5.7
CINT.ST,Cint Group AB (publ),Technology,Software - Application,Sweden,SEK,2031248258.8942552,,44.203841749999995,,3.939955799999999,13.676138,13.602,128.82199999999997,-0.7035025,-0.10977999999999999,-1.2517775015000001,-0.086135004,0.44931,-0.1855,,,-7.0745000000000005,-0.42100000000000015,1.273,-817065796.0,61880000.0,51711000.0,2020295936.0,367372000.0,,150442000.0,,,-192300000.0,,-177240000.0,43267000.0,,0.0,,,,,1.399,8.989999771118164,2.1519999504089355,5.71999979019165,5.595106,2.33333,2.0,,,0.34001,0.34126,False,False,,0.5,2364111.0,1167278.0,2.7220966114117,-3.21,46.67,105.31,,-0.36373749323464055,0.8404973929577749,32.43245681411642,0.06402763789248134,0.3135594671942372,False,0.2419478762186317,,0.516,Nordic,True,True,1.7439356324589477,25.310669642581964,67.86018755328219,24.796036826236275,13.94820761891713,94.20289855072464,11.884904086738949,1.0521042084168337,50.0,,50.0,31.92698782594875,standard,982,697386,False,45.0,False,28.065054211843204,94.32860717264387,8.590492076730609,50.0417014178482,50.0417014178482,50.0417014178482,2,SVAG,-8,UPPTREND,False,1,0.14285714285714285,LÅG,EJ AKTUELL,-6.2
ZS,"Zscaler, Inc.",Technology,Software - Infrastructure,United States,USD,20189433949.500847,,7.092698249999999,1.36,2.4247233,6.3617544,5.957,-329.34349999999995,-0.18390250199999997,-0.07715,-0.13228249749999998,-0.1709,0.317864985,0.1215,,,29.461499999999994,0.16600000000000004,1.718,296962304.0,3539107072.0,1868162944.0,18903359488.0,6419888000.0,,2673115000.0,,,-127144000.0,,-41478000.0,972453000.0,,0.0,,,,,0.963,336.989990234375,114.625,124.8499984741211,193.05222,1.51064,45.0,2.09,0.114700004,0.34955,0.57937,False,False,,0.561,4609500.0,5235420.0,2.0737473094058165,-28.76,-19.66,-46.37,,-0.6295142227005364,0.5902044825393471,37.791274372837954,-0.11293096471870911,-0.4099098124087073,False,0.3176347097362891,,0.972,US,True,True,,25.080263366691764,3.722648479681728,85.31783955874184,42.72356139442988,70.16197783461212,11.884904086738949,67.83567134268537,50.0,18.54684512428298,56.10000000000001,39.89705159896385,standard,798,653642179,False,54.2,False,71.3094245204337,70.80900750625521,21.684737281067555,50.0417014178482,50.0417014178482,50.0417014178482,5,NEUTRAL,0,NEDTREND,True,1,0.14285714285714285,LÅG,EJ AKTUELL,-2.5
RGTI,"Rigetti Computing, Inc.",Technology,Computer Hardware,United States,USD,7100038720.400131,,-125.11332875,,6.057813299999999,708.86975,643.895,-99.00349999999999,-0.7177225,-0.18451,-0.1078924985,-6.0360897,-0.149985015,1.8565,,-0.223,-48.31549999999999,5.29,6.83,-818066131.0,418246016.0,6783000.0,6449248256.0,666574000.0,,7088000.0,,,-84660000.0,,-216210000.0,-58543000.0,,0.0,,,,,1.902,58.150001525878906,10.300000190734863,21.360000610351562,29.2425,1.84615,12.0,1.24,0.1877,0.017070001,0.55745,False,False,,0.666,40823980.0,38873260.0,0.5484206659761737,33.83,38.61,-10.85,,-0.6326741178012597,1.098366931512429,38.324020000950476,0.07774281732253607,-0.10059368480892261,False,0.34064990079277363,,0.659,US,True,True,,9.061105091104965,38.44842284739983,55.213775989367974,35.067006724604376,85.93350383631714,11.884904086738949,9.819639278557114,50.0,7.45697896749522,66.60000000000001,31.883613186128343,standard,983,830332857,False,42.9,False,28.065054211843204,86.23853211009175,2.543786488740617,50.0417014178482,50.0417014178482,50.0417014178482,2,SVAG,-8,NEDTREND,True,0,0.0,LÅG,EJ AKTUELL,-9.2
CEMEXCPO.MX,"CEMEX, S.A.B. de C.V.",Basic Materials,Building Materials,Mexico,MXN,319628607488.0,19.938502,12.531466750000002,0.39,0.3082052499999999,19.328234,19.216,97.78200000000001,-0.08900748549999998,-0.014705002000000005,-0.0416475015,-0.02705250250000002,0.02755000000000002,0.024000000000000007,-1.092,-0.69,-28.470999999999997,-1.0775000000000001,0.529,-609937664.0,686971008.0,6236120064.0,317777313792.0,28945000000.0,,16132000000.0,,,1789000000.0,,960000000.0,1975000000.0,1.0,0.258,0.21,3.42,0.053619,1781654400.0,0.828,23.473574741764047,12.518702948950718,21.520000457763672,25.89184,,7.0,,,0.00274,0.26321,False,False,,0.5,34957729.0,36171329.0,1.7194063118170286,-0.68,17.49,3.23,,-0.08322440469727799,0.3339736688494927,38.820909664291236,-0.010305531831381609,0.07658116414723892,False,0.28509216586746344,,0.331,LatAm,True,True,33.214600843478,34.01140240384685,61.8925831202046,19.16680639764504,32.6160462695889,24.126172208013642,67.13928273561301,45.29058116232465,50.0,,50.0,31.81607178725087,standard,986,40477165,False,33.9,False,28.065054211843204,23.603002502085072,5.754795663052543,50.0417014178482,50.0417014178482,50.0417014178482,2,SVAG,-8,VARNING,False,2,0.2857142857142857,LÅG,EJ AKTUELL,-2.2
DASH,"DoorDash, Inc.",Consumer Cyclical,Internet Retail,United States,USD,71350451132.25937,54.14011300000001,5.671437499999998,3.8673,3.9933112,5.134146,4.982,38.43275,-0.04697999,-0.031740000000000004,-0.019525002500000006,-0.050589996999999984,0.06812498500000003,0.258,-0.172,-0.047,-47.138999999999996,0.07799999999999996,1.123,1483768704.0,5533000192.0,3287000064.0,73345769472.0,19659000000.0,,13717000000.0,,,725000000.0,,935000000.0,2431000000.0,,0.0,,,,,1.811,285.5,143.3000030517578,173.4600067138672,244.6762,1.61364,42.0,3.27,0.0427,0.00654,0.97093004,False,False,,0.496,4716454.0,5189760.0,1.6068002009358284,12.16,8.92,-23.9,,-0.3924343022281359,0.46416416622239687,59.34327834426716,0.05537465581879375,-0.14297589901669883,True,1.0669991361011941,,0.6,US,True,True,54.69876319803787,35.22604880784545,28.68712702472293,48.58252222786319,28.116754335165727,46.03580562659847,11.884904086738949,72.14428857715431,50.0,49.235181644359464,49.6,31.727185527409823,standard,987,900215804,False,52.5,False,75.89658048373644,45.03753127606338,28.10675562969141,50.0417014178482,50.0417014178482,50.0417014178482,3,SVAG,-8,NEDTREND,True,0,0.0,LÅG,EJ AKTUELL,-7.2
042700.KS,"HANMI Semiconductor Co., Ltd.",Technology,Semiconductor Equipment & Materials,South Korea,KRW,27981635590000.0,,37.28957275,1.5385,,58.271408,57.91,119.317,0.18368751500000002,0.12201000000000001,0.2396225335,0.016094994999999987,0.19846503000000004,-0.7875000000000001,-0.8440000000000001,-0.652,-5.428000000000001,2.3969999999999994,2.459,72752007168.0,175668494336.0,2251916544.0,27808218742784.0,813331626120.0,,576684619520.0,,,251390142150.0,,214007548410.0,228626759780.0,0.27,0.4271,800.0,1.76,800.0,1772668800.0,2.019,426000.0,81148.56669861963,295000.0,263125.0,3.125,8.0,,,0.55701,0.26637,False,False,,0.5,1217666.0,1714718.0,2.6888899895982963,2.43,-5.14,144.36,,-0.3075117370892019,0.8993950152823093,52.2108843537415,-0.07601716415573023,0.4533104449331422,True,0.415302419038201,,0.0,Asia,True,True,36.455934256572846,82.23844201005747,48.53651605569764,2.3647150098138296,32.540775806352215,3.751065643648764,67.13928273561301,50.40080160320641,50.0,,50.0,39.62366696361622,standard,803,369264521,False,38.4,False,60.3836530442035,2.543786488740617,2.543786488740617,50.0417014178482,50.0417014178482,50.0417014178482,5,NEUTRAL,0,VARNING,False,2,0.2857142857142857,LÅG,EJ AKTUELL,-7.8
HEXA-B.ST,Hexagon AB (publ),Technology,Scientific & Technical Instruments,Sweden,SEK,209945864260.7881,-19.666854999999998,-4.049644250000003,0.6931,12.779547800000001,40.344566,40.586,152.96699999999998,0.030867500000000006,-0.026480000000000004,0.30571247850000005,0.13213499499999998,0.23408996999999998,-0.1305,7.245,7.501,-3.9385000000000012,1.5939999999999999,0.903,-6936830080.0,1978099968.0,3254000128.0,220245753856.0,17108300000.0,,5424600000.0,,,1015400000.0,,617400000.0,1466900000.0,1.86,0.1847,1.52,1.19,0.14,1777248000.0,0.854,121.9326510983536,71.57263946533203,81.55999755859375,97.73376,2.5,14.0,,,0.25674,0.68604,False,False,,0.5,5381590.0,4897112.0,1.996051746797562,-5.4,-18.69,-24.97,,-0.3311061735809744,0.3851084415177759,40.712214457383666,-0.0969773360218823,-0.2022816018092416,True,0.3148127622400615,,0.212,Nordic,True,True,20.71759190021835,68.0987410566436,12.3614663256607,53.0352195377818,55.55581661921489,27.791986359761296,67.13928273561301,28.557114228456914,50.0,,50.0,39.580755488231745,standard,805,41717683,False,34.0,False,28.065054211843204,27.18932443703086,2.543786488740617,50.0417014178482,50.0417014178482,50.0417014178482,4,NEUTRAL,0,NEDTREND,True,2,0.2857142857142857,LÅG,EJ AKTUELL,-2.1
HDFCBANK.NS,HDFC Bank Limited,Financial Services,Banks - Regional,India,INR,12009467145825.15,-3.297519000000001,-3.9511414999999985,0.89,-1.74218275,4.2389045,5.292,,-0.021374995000000008,-0.012825000000000003,0.007850000000000024,0.02511005000000005,-0.40383999,-0.079,-0.05800000000000001,0.08,,,,,3119260631040.0,5884845490176.0,14993612341248.0,48187671100000.0,,2371508200000.0,,,,,673508300000.0,1195617400000.0,1.67,0.2176,13.0,1.02,13.0,1781827200.0,0.432,1003.8961237048558,714.8271607333363,779.7999877929688,1039.8462,1.15385,39.0,,,0.0016500001,0.58052,False,False,,0.5,43149103.0,34877632.0,0.8807054083548133,4.42,-5.97,-20.28,,-0.2232264181724951,0.19655746611832756,75.301706435776,0.024709049320793097,-0.11801133231712357,True,0.874557072726256,,0.92,India,True,True,,37.17066401389964,24.70872406933788,47.75798146719684,84.49748881380697,6.138107416879795,67.13928273561301,,50.0,,50.0,31.576152536156876,standard,994,288384887,False,35.7,False,28.065054211843204,6.005004170141785,35.11259382819016,50.0417014178482,50.0417014178482,50.0417014178482,0,SVAG,-8,NEDTREND,True,2,0.2857142857142857,LÅG,EJ AKTUELL,-12.1
CEVI.ST,CellaVision AB (publ),Healthcare,Medical Devices,Sweden,SEK,3262891702.389145,1.5835780000000028,1.7894884999999991,,0.8257096000000002,4.466093,4.404,1.8642499999999993,0.02622250250000001,0.038825,0.10246,0.009830000000000005,0.25345003,-0.22899999999999998,-0.5710000000000001,-0.458,-38.290749999999996,1.634,2.818,-768168920.0,230220992.0,22430000.0,3217291264.0,1094888000.0,,758968000.0,,,202073000.0,,153078000.0,200532000.0,1.92,0.4448,2.75,0.99,2.75,1777420800.0,0.959,189.77927064159525,117.3892388974217,136.8000030517578,179.0,,4.0,,,0.1692,0.74944997,False,False,,0.5,56502.0,107078.0,0.734605442508996,10.32,-6.4,-8.24,,-0.27916256296448005,0.416347272865988,69.37799802840362,0.04304781264764901,-0.09766684295334394,True,0.7550324963160392,,0.0,Nordic,True,True,27.518208057906858,72.08451976365905,25.49019607843137,5.048236124779578,51.1251791737349,92.24211423699916,67.13928273561301,5.01002004008016,50.0,,50.0,39.447228420122904,standard,812,1529992,False,48.4,False,28.065054211843204,92.41034195162635,33.61134278565471,50.0417014178482,50.0417014178482,50.0417014178482,4,NEUTRAL,0,NEDTREND,True,2,0.2857142857142857,LÅG,EJ AKTUELL,-0.3
COLD,"Americold Realty Trust, Inc.",Real Estate,REIT - Industrial,United States,USD,4014256064.5715027,,539.55849025,5.84,-0.81842745,1.5503995,3.293,-2.753,-0.105319998,-0.015142498749999997,-0.30093749849999996,-0.33668001200000003,-0.13128499500000002,-0.05399999999999999,,,67.38650000000001,0.15100000000000013,0.763,-336342496.0,44136000.0,4557070848.0,8566073344.0,8121598000.0,,2601846000.0,,,202550000.0,,-114548000.0,359641000.0,6.54,7.6364,0.92,3.96,0.23,1782777600.0,0.987,16.336303084946305,9.726907341594796,14.069999694824219,15.76471,2.64706,17.0,4.53,0.0787,0.00072999997,1.1997399,False,False,,0.405,4461462.0,4231540.0,0.8777572138244047,0.43,24.75,15.95,,-0.13872804503795333,0.45137222556013684,30.147073776241513,0.022113071735550438,0.12581331940881957,False,0.11235213795842199,,0.162,US,True,True,,15.760298962780164,66.15515771526002,15.99439925772942,39.28325741594104,90.62233589087809,29.02418682235196,25.35070140280561,50.0,28.680688336520078,40.5,31.43811250186895,standard,1000,59537767,False,53.7,False,28.065054211843204,90.82568807339449,70.22518765638031,50.0417014178482,50.0417014178482,50.0417014178482,1,SVAG,-8,UPPTREND,False,1,0.14285714285714285,LÅG,EJ AKTUELL,-10.0
ASAN,"Asana, Inc.",Technology,Software - Application,United States,USD,1113909277.5210018,,-5.472189750000001,,5.7026772999999995,1.9726205,1.883,-30.9015,-1.0223325,-0.16507,-0.30997249849999997,-0.212450005,0.43555493500000003,-0.037500000000000006,,,131.7435,-0.547,1.039,-622724624.0,424640000.0,248240000.0,1522457472.0,844088000.0,,790806000.0,,,-197331000.0,,-189024000.0,90361000.0,,0.0,,,,,0.956,15.710000038146973,5.380000114440918,6.920000076293945,9.13462,2.66667,13.0,4.58,0.35029998,0.45685002,0.65683,False,False,,0.825,6761674.0,5114030.0,0.9867999094183048,4.37,3.59,-51.54,,-0.559516227912742,0.5924113477204821,39.948454875218566,0.024790467825880347,-0.3291713450037772,False,0.32400178064313434,,1.0,US,True,True,,22.40143989773642,17.973856209150327,64.5933891892922,21.81457361242164,96.845694799659,11.884904086738949,1.0521042084168337,50.0,11.147227533460804,92.5,31.425931847603394,standard,1001,35389088,False,53.7,False,28.065054211843204,97.5396163469558,63.30275229357798,50.0417014178482,50.0417014178482,50.0417014178482,1,SVAG,-8,NEDTREND,True,1,0.14285714285714285,LÅG,EJ AKTUELL,-9.1
INDT.ST,Indutrade AB (publ),Industrials,Industrial Distribution,Sweden,SEK,68893481523.65112,0.0,2.0790644999999994,1.63,0.19470195,2.1358347,2.379,-2.616999999999999,-0.006269999999999998,0.014520002000000004,0.0131174955,0.00464999750000001,-0.07097003000000002,-0.057999999999999996,-0.11200000000000002,-0.039,-2.1189999999999998,0.3659999999999999,1.198,2076282240.0,2016999936.0,9850999808.0,76733480960.0,33229000000.0,,32229000000.0,,,3786000000.0,,2560000000.0,3990000000.0,1.64,0.4454,3.1,1.06,3.1,1775088000.0,1.182,270.7341613769531,184.3000030517578,189.10000610351562,250.625,2.14286,8.0,,,0.26732,0.61446,False,False,,0.5,584690.0,406813.0,1.8641129913901309,-4.69,-9.19,-18.45,,-0.3015288313016963,0.32538835711869035,42.617464441410895,-0.07683141831848384,-0.147258854041879,True,0.3095232125759587,,0.704,Nordic,True,True,,52.06206798024535,18.982665529980107,37.191193695769236,46.554570134119444,46.71781756180734,67.13928273561301,78.3567134268537,50.0,,50.0,39.39858042112121,standard,817,8035063,False,58.7,False,81.15095913261051,45.7047539616347,60.133444537114265,50.0417014178482,50.0417014178482,50.0417014178482,4,NEUTRAL,0,NEDTREND,True,1,0.14285714285714285,LÅG,EJ AKTUELL,0.4
005380.KS,Hyundai Motor Company,Consumer Cyclical,Auto Manufacturers,South Korea,KRW,124081048458000.0,,-0.5131569999999996,4.13,,0.85472095,1.449,3.405249999999997,-0.04834999500000001,-0.027700000000000006,-0.06028000049999999,-0.060274999999999995,-0.180835,-0.03899999999999999,-0.542,-0.26,103.87349999999999,-0.08300000000000007,1.027,-3835371124736.0,86041566380032.0,184470237872128.0,272083544178688.0,368844849000000.0,,186254472000000.0,,,11467851000000.0,,9445987000000.0,-5991270000000.0,1.63,0.3039,10000.0,4.01,2500.0,1779926400.0,1.637,783000.0,194750.92369727048,613000.0,747787.56,1.64516,31.0,,,0.3367,0.28528,False,False,,0.5,1576094.0,1189906.0,1.182370741218464,1.86,12.89,104.28,,-0.21711366538952748,0.6341283143586465,30.902777777777786,0.022240942461123625,0.4956936248170949,False,0.255208154063665,,0.163,Asia,True,True,46.64810965214009,24.015108665349832,66.09832338732595,15.097138763906656,22.21493858313022,0.5967604433077579,67.13928273561301,37.77555110220441,50.0,,50.0,31.344920744177102,standard,1004,532471036,False,42.6,False,28.065054211843204,2.543786488740617,84.48707256046706,50.0417014178482,50.0417014178482,50.0417014178482,1,SVAG,-8,UPPTREND,False,2,0.2857142857142857,LÅG,EJ AKTUELL,-9.9
PYPL,"PayPal Holdings, Inc.",Financial Services,Credit Services,United States,USD,37498303026.845215,-9.841457000000002,-5.478246500000001,0.7661,-0.8335914500000002,1.1115878,1.21,-2.3214999999999986,0.11596002500000002,0.028025,-0.10054000699999999,-0.18891497499999996,-0.04021499500000003,0.010999999999999996,-0.195,-0.135,-9.027500000000003,-0.43699999999999994,0.216,3271643776.0,9342000128.0,11669999616.0,40831905792.0,80173000000.0,,33172000000.0,,,6396000000.0,,5233000000.0,6416000000.0,1.28,0.0525,0.56,,0.14,1780531200.0,1.336,78.81740953286102,38.21792222779819,42.5099983215332,51.54212,2.88372,33.0,3.16,0.0626,0.0068300003,0.80130994,False,False,,0.661,15262979.0,18839960.0,1.642095253495649,-2.69,-3.48,-30.25,,-0.46065217604227804,0.3898710157192114,40.21067408713724,-0.07064111638037673,-0.22057521307566585,True,0.4314602249678575,,0.734,US,True,True,,45.94274318370772,15.743108837737994,40.79221095080926,24.392667971725988,57.88576300085252,67.13928273561301,95.69138276553106,50.0,34.894837476099426,66.10000000000001,39.32389444288191,standard,821,800886668,False,66.8,False,94.74562135112595,58.798999165971644,78.23185988323603,50.0417014178482,50.0417014178482,50.0417014178482,4,NEUTRAL,0,NEDTREND,True,1,0.14285714285714285,LÅG,EJ AKTUELL,-1.3
WULF,TeraWulf Inc.,Financial Services,Capital Markets,United States,USD,14360535825.263157,,143.7878245,,84.03916275,85.447845,98.565,-123.67949999999999,-22.294709994999998,-0.05355499999999999,-0.250510007,-4.030414965,0.190684935,-0.072,,,,-0.4939999999999999,1.105,-1095199872.0,2629995008.0,5314066944.0,16565095424.0,6558182000.0,,168455000.0,,,-170309000.0,,-661416000.0,-123180000.0,,0.0,,,5.0,,4.256,29.670000076293945,3.4000000953674316,28.979999542236328,36.34375,1.33333,16.0,3.77,0.2585,0.22898,0.82501,False,False,,0.803,30126540.0,27835240.0,1.1259335917782367,35.8,84.12,123.09,,-0.02325583189360758,1.0594764440142697,61.858530021495376,0.24899793624657818,0.8031134185633584,True,0.9605259924132694,,0.508,US,True,True,,17.960695438772944,95.14066496163683,32.54605111758334,7.154074719904341,75.44757033248082,11.884904086738949,16.23246492985972,50.0,14.01529636711281,90.30000000000001,31.23460637347747,holding,1005,806665242,False,41.3,False,28.065054211843204,75.97998331943286,2.543786488740617,50.0417014178482,50.0417014178482,50.0417014178482,1,SVAG,-8,UPPTREND,False,1,0.14285714285714285,LÅG,EJ AKTUELL,-1.6
2318.HK,"Ping An Insurance (Group) Company of China, Ltd.",Financial Services,Insurance - Life,China,HKD,401052005347.0995,-2.952723599999999,-4.374582500000001,0.4,-0.19594138000000005,1.0232872,-0.197,-9.57,0.0,0.009785000000000002,-0.13493500499999997,0.10905003000000002,0.0029349800000000315,-0.094,-0.265,-0.074,116.92999999999999,1.9339999999999997,3.437,518457133056.0,3594554966016.0,2015781978112.0,-187696480256.0,13898471000000.0,,927890000000.0,,,,,134778000000.0,658632000000.0,5.67,0.3547,3.05,5.71,2.01129,1780358400.0,0.639,72.20425974107576,43.36963735090071,53.849998474121094,83.09363,1.23529,16.0,,,0.12951,0.43465,False,False,,0.5,38581243.0,41874501.0,2.067505776229216,-9.26,-10.5,-8.29,,-0.2541991474294313,0.2900211666030915,22.790258380908014,-0.0912445826744559,-0.09176613988379956,False,-0.26128682031154016,,0.5,Asia,True,True,,50.747504580474235,24.26825802784882,23.28467706873259,58.3046538543577,22.16538789428815,67.13928273561301,,50.0,,50.0,39.161383509758984,standard,826,287737563,False,62.2,False,97.5396163469558,21.684737281067555,80.23352793994995,50.0417014178482,50.0417014178482,50.0417014178482,5,NEUTRAL,0,NEDTREND,True,1,0.14285714285714285,LÅG,EJ AKTUELL,-7.3
Z74.SI,Singapore Telecommunications Limited,Communication Services,Telecom Services,Singapore,SGD,71204824894.6376,1.2615840000000027,4.086170000000003,1.4605,0.19071119999999997,4.9931154,5.608,18.36,0.07021250500000002,-0.020024998999999998,-0.007035004999999955,-0.275220005,0.125975,-0.015,-0.9075000000000001,-0.788,-29.687500000000004,0.3600000000000002,0.971,324537472.0,3470400000.0,11678699520.0,79977037824.0,50696900000.0,,14260600000.0,,,1326500000.0,,5606100000.0,4920300000.0,3.08,0.38959998,0.13,3.45,0.103,1785456000.0,0.26,5.269999980926514,3.594560470649546,4.349999904632568,5.33733,1.5625,15.0,,,0.05723,0.73614,False,False,,0.5,39051861.0,37572720.0,0.7961467467104492,-13.35,-15.53,-4.61,17.57,-0.17457307013731738,0.21821440791448637,51.06380388389112,-0.05467666050306419,-0.052726164723713276,True,0.4987325300753478,,0.5,Singapore,True,True,44.40653695450603,43.04282160915144,36.67378399305474,20.192425058456166,79.9296589839533,46.12105711849958,67.13928273561301,52.00400801603207,50.0,,50.0,39.110964704689636,standard,828,126669247,False,49.2,False,61.88490408673894,45.120934111759794,29.357798165137616,50.0417014178482,50.0417014178482,50.0417014178482,4,NEUTRAL,0,NEDTREND,True,2,0.2857142857142857,LÅG,EJ AKTUELL,-5.7
PLUG,Plug Power Inc.,Industrials,Electrical Equipment & Parts,United States,USD,3975946750.6558447,,-37.083932,0.84,0.9783193499999998,5.3746586,6.453,-24.7125,-1.44016,-0.19052999799999998,-2.3752876015,-0.7710749575000001,-0.761895015,0.162,,,55.12000000000001,0.9730000000000001,0.895,-1219264384.0,233388992.0,1010172992.0,4773995520.0,2594568000.0,,709919000.0,,,-679570000.0,,-1631594000.0,-535835000.0,,0.0,,,,,2.122,4.579999923706055,1.0299999713897705,2.8499999046325684,3.61562,,16.0,3.71,0.2805,0.04512,0.68641,False,False,,0.722,74314122.0,56357090.0,0.9431514982893684,-13.9,18.75,24.45,,-0.37772926809867735,1.0705565434341942,20.744675117253124,-0.1296647198281793,0.10910042363796268,False,0.25732433117783354,,0.366,US,True,True,,1.7608344883266196,54.91616936629723,50.15355869199729,31.659760232914817,90.8780903665814,11.884904086738949,4.208416833667335,50.0,13.441682600382409,72.2,31.076656154714314,standard,1009,160617701,False,47.2,False,28.065054211843204,91.07589658048374,26.522101751459548,50.0417014178482,50.0417014178482,50.0417014178482,2,SVAG,-8,VARNING,False,0,0.0,LÅG,EJ AKTUELL,-0.7
DNP.WA,Dino Polska S.A.,Consumer Defensive,Grocery Stores,Poland,PLN,28647287326.812744,-1.7291574999999995,-12.04235955,,0.7292395000000003,0.8251122,0.83,0.7082499999999996,0.016562497500000002,0.040470000000000006,-0.004530004000000004,-0.04778500500000002,-0.14098000000000002,0.11299999999999999,-0.062000000000000006,0.015,-82.53225,-0.11800000000000022,0.223,-236485824.0,755224000.0,910614976.0,28820719616.0,15171280000.0,,33634155000.0,,,2057987000.0,,1558360000.0,2697445000.0,,0.0,,,,,0.449,54.599998474121094,28.239999771118164,29.219999313354492,39.98125,2.53333,16.0,,,0.51163,0.19584,False,False,,0.5,3987120.0,2220901.0,1.2472642091287214,-10.04,-28.91,-26.32,,-0.4648351624551057,0.3551212723552658,29.743568927007644,-0.07618766963110468,-0.2515723696068779,True,0.2581288990324688,,0.0,Europe,True,True,56.49107917327191,49.799512896044725,7.246376811594203,39.36826478290326,53.54492952654683,61.807331628303494,11.884904086738949,41.28256513026052,50.0,,50.0,30.697768177309598,standard,1015,64894726,False,51.7,False,28.065054211843204,62.63552960800667,85.23769808173478,50.0417014178482,50.0417014178482,50.0417014178482,3,SVAG,-8,NEDTREND,True,0,0.0,LÅG,EJ AKTUELL,-0.3
SNAP,Snap Inc.,Communication Services,Internet Content & Information,United States,USD,6538029652.577557,,-8.8402305,508.87,0.05727689999999974,1.2665808,1.493,-48.552499999999995,-0.357107495,-0.090124999,-0.188665002,-0.232734992,0.10843498499999998,0.06,,,124.42150000000002,2.3790000000000004,3.303,-138450368.0,2822883072.0,4201579008.0,9101066240.0,7677802000.0,,5931447000.0,,,-532167000.0,,-460489000.0,656170000.0,,0.0,,,,,1.02,10.40999984741211,3.809999942779541,4.659999847412109,7.58472,2.69767,36.0,2.57,0.1038,0.22982,0.46984002,False,False,,0.825,52311400.0,50106080.0,1.339979392643565,-16.04,2.19,-36.77,,-0.5523535143402938,0.5723416660900256,32.08190987420615,-0.1797796646412534,-0.298641705950515,False,-0.10838710219213969,,0.672,US,True,True,,18.316909189692886,18.186984938903098,62.51557390385368,39.19821976776289,86.78601875532821,11.884904086738949,36.77354709418837,50.0,21.70172084130019,92.5,30.612327541582225,standard,1017,233494325,False,53.9,False,28.065054211843204,87.07256046705588,75.0625521267723,50.0417014178482,50.0417014178482,50.0417014178482,3,SVAG,-8,NEDTREND,True,1,0.14285714285714285,LÅG,EJ AKTUELL,-2.9
RADL3.SA,Raia Drogasil S.A.,Healthcare,Pharmaceutical Retailers,Brazil,BRL,28413713851.25,4.225374500000001,5.159402500000001,0.27,2.2754755,0.62384546,0.857,3.844249999999998,0.05285251250000002,-0.0027350020000000037,-0.05087000000000001,-0.126450002,-0.0015999999999999903,0.05700000000000001,-0.14700000000000002,-0.031,41.27725,-0.6589999999999999,0.43,-1149447488.0,537736000.0,8693282816.0,39052181504.0,25170475000.0,,44250449000.0,,,2648975000.0,,1296861000.0,1509470000.0,2.26,0.5089,0.4,1.13,0.086015,1775520000.0,0.019,27.31210814551957,12.618340594583511,16.25,26.72,1.86667,15.0,,,0.24806,0.70219004,False,False,,0.5,11120213.0,10593320.0,0.8886027565222947,-15.05,-29.62,-32.55,,-0.40502578880328066,0.3999130515198105,25.403225341274975,-0.1924583070421405,-0.24239421164165098,False,-0.08885897540601932,,0.787,LatAm,True,True,40.000373882092546,41.552917147231625,7.0190394998579135,49.06021455725359,48.10951970456925,62.14833759590793,67.13928273561301,29.158316633266534,50.0,,50.0,30.531096293923596,standard,1019,33425523,False,52.4,False,28.065054211843204,62.96914095079232,89.15763135946622,50.0417014178482,50.0417014178482,50.0417014178482,2,SVAG,-8,NEDTREND,True,1,0.14285714285714285,LÅG,EJ AKTUELL,-10.9
KOTAKBANK.NS,Kotak Mahindra Bank Limited,Financial Services,Banks - Regional,India,INR,3971126131287.5,-0.07647100000000151,-2.1020544999999995,0.94,-1.5982718499999997,5.363246,5.275,,-0.045664995,-0.009384999000000005,0.0,-0.029079989999999944,-0.40383999,-0.17099999999999999,-0.035,0.099,,,,,1020911091712.0,953935331328.0,3905854636032.0,10033527900000.0,,780153800000.0,,,,,192878900000.0,417265200000.0,0.13,0.025799999,0.5,0.06,0.5,1752796800.0,0.292,453.20001220703125,345.5,399.25,462.20557,1.72222,36.0,,,0.28415,0.49881,False,False,,0.5,19154055.0,14508911.0,1.2022409157477534,4.83,6.35,-8.53,,-0.11904238913035547,0.21213222295925013,72.8317694006629,0.040556283203213805,-0.01638674009114982,True,0.7163381784202368,,0.287,India,True,True,,31.576496904547156,46.646774651889736,27.09389792491067,87.09049401881107,10.997442455242968,33.986655546288574,,50.0,,50.0,30.457749498231003,standard,1022,61421727,False,35.2,False,28.065054211843204,10.758965804837365,26.688907422852377,50.0417014178482,50.0417014178482,50.0417014178482,1,SVAG,-8,NEDTREND,True,1,0.14285714285714285,LÅG,EJ AKTUELL,-12.4
DOCS,"Doximity, Inc.",Healthcare,Health Information Services,United States,USD,2700217299.7328796,-5.9095200000000006,-2.7460970000000007,0.5895,0.5115080000000001,5.8021035,4.779,0.0017500000000003624,0.0672925025,0.055154999999999996,0.184535023,0.025525015000000012,0.44143498499999995,-0.03200000000000001,-0.8029999999999999,-0.694,-58.22875,4.079,5.813,-556592512.0,748601024.0,10185000.0,3081780992.0,1123687000.0,,644863000.0,,,214920000.0,,196051000.0,326458000.0,,0.0,,,,,1.293,76.51000213623047,17.149999618530273,20.459999084472656,25.42105,2.31818,19.0,3.04,0.127,0.028280001,0.97856003,False,False,,0.492,3912582.0,3146690.0,1.3230146003384176,6.23,-17.5,-53.29,,-0.7325839953834735,0.5422032297193393,41.13206596550577,-0.08205845616824536,-0.4983376217149108,True,0.4601489126788505,,0.771,US,True,True,34.27926749020428,81.05586442794096,3.2679738562091507,27.492862657282735,42.90869581998384,93.43563512361467,11.884904086738949,6.513026052104208,50.0,16.44359464627151,49.2,30.3739168580262,standard,1027,64381275,False,47.2,False,28.065054211843204,93.57798165137615,23.936613844870724,50.0417014178482,50.0417014178482,50.0417014178482,3,SVAG,-8,NEDTREND,True,1,0.14285714285714285,LÅG,EJ AKTUELL,-0.5
WBC.AX,Westpac Banking Corporation,Financial Services,Banks - Diversified,Australia,AUD,119555900486.6614,-0.2812410000000014,-3.0804420000000015,1.25,-0.7826717999999998,5.3691964,11.013,,-0.04461499499999999,-0.009805000999999994,-0.05001499499999998,-0.022074970000000027,-0.377795,-0.046,-0.07900000000000001,0.056,,,,,132742995968.0,258104000512.0,245226913792.0,1077544000000.0,,21587000000.0,,,,,6990000000.0,-19767000000.0,4.4,0.7541,1.54,4.99,0.77,1778198400.0,0.73,42.47209761283912,31.138306439398757,35.0099983215332,33.37612,4.0,14.0,,,0.00093999994,0.33876,False,False,,0.5,5333209.0,6019409.0,1.8777611103586846,-1.41,-13.18,-7.2,8.94,-0.17569415476786243,0.21628986347178386,41.33098795264433,-0.05441921377054526,-0.07870681980700933,True,0.2716356161403799,,0.5,Australia,True,True,,27.616093987867647,33.881895398765806,35.149761467349336,71.4721943201534,35.80562659846547,67.13928273561301,,50.0,,50.0,30.291420842328336,standard,1029,147845867,False,38.8,False,28.065054211843204,35.029190992493746,26.605504587155966,50.0417014178482,50.0417014178482,50.0417014178482,0,SVAG,-8,NEDTREND,True,2,0.2857142857142857,LÅG,EJ AKTUELL,-19.3
G.TO,Augusta Gold Corp.,,,Canada,CAD,146165600.0,,,,1.508254275,,,-42.73325,-0.11514999999999997,-0.020829998500000002,0.015495001999999994,0.020589999999999997,-0.38794,,,,84.83175,-0.7829999999999999,0.064,-771512159.0,2714810.0,39043524.0,181550000.0,,,,,,,,,,,,,,,,0.884,1.71,0.82,1.69,,,,,,0.17284,0.00135,False,False,,0.5,41832.0,77775.0,,,,,,,,,,,,,,0.5,Canada,True,True,,30.996250349965095,,31.609674728940785,27.867820949089054,99.23273657289002,11.884904086738949,,50.0,,50.0,30.24241292828765,standard,1030,92877,False,51.7,False,28.065054211843204,97.5396163469558,50.0417014178482,50.0417014178482,50.0417014178482,50.0417014178482,2,SVAG,-8,UPPTREND,False,0,0.0,LÅG,EJ AKTUELL,-6.9
TSLA,"Tesla, Inc.",Consumer Cyclical,Auto Manufacturers,United States,USD,1504129816419.799,343.14339300000006,143.6872345,5.7213,14.867675499999999,15.367238,15.239,118.55575,-0.09718999,-0.04249999900000001,-0.04296500250000001,-0.06108999499999998,-0.258855015,0.085,-0.027999999999999997,0.166,-60.595,0.6950000000000002,1.43,4440143488.0,44743000064.0,15889999872.0,1491624263680.0,137806000000.0,,94827000000.0,,,4849000000.0,,3794000000.0,14747000000.0,,0.0,,,,,1.798,498.8299865722656,288.7699890136719,400.489990234375,420.54633,2.34043,41.0,1.48,0.023,0.11111,0.44931,False,False,,0.606,58082137.0,52001860.0,1.2434905962470608,-0.9,5.31,-18.25,,-0.19714130863230306,0.4445068488954195,38.55827075738642,-0.004962666863853604,-0.03950885432784901,False,0.30564130037172665,,0.558,US,True,True,36.72232524750994,19.93040949680793,36.28871838590509,56.451171111066195,35.294810303991916,15.601023017902813,11.884904086738949,50.70140280561122,50.0,74.95219885277247,60.6,38.228410002542454,standard,844,20826224404,False,41.1,False,60.71726438698916,15.262718932443702,7.506255212677231,50.0417014178482,50.0417014178482,50.0417014178482,4,NEUTRAL,0,NEDTREND,True,0,0.0,LÅG,EJ AKTUELL,-0.5
TM,Toyota Motor Corporation,Consumer Cyclical,Auto Manufacturers,Japan,USD,205963269728.00195,-18.227386000000003,-5.4891515,1.56,11.1490585,0.004063598,0.686,-9.701250000000002,-0.04386999,-0.041150000000000006,-0.0065050025000000025,-0.05745999499999997,-0.28240501500000004,-0.05399999999999999,0.12100000000000001,0.229,27.72800000000001,-0.07399999999999995,1.016,-1205647962496.0,13867543429120.0,43916481003520.0,34777396674560.0,105522331000000.0,,50684952000000.0,,,3766216000000.0,,3848098000000.0,5472920000000.0,3.6,0.314,6.27,2.75,3.457,1774915200.0,0.306,248.89999389648438,167.17999267578125,173.94000244140625,256.52435,1.5,4.0,1.86,0.0007,0.0,0.02173,False,False,,0.392,455761.0,622320.0,0.7842133114832455,-6.22,-16.75,-18.88,,-0.3011650996112656,0.2955153478947491,28.54462328849759,-0.0866328149854032,-0.157540901334285,True,0.22995234739967454,,0.675,US,True,True,,25.82263725783497,15.629440181869848,52.2995887151729,62.979574170087076,28.218243819266835,67.13928273561301,27.655310621242485,50.0,97.03632887189293,39.2,29.60112533199031,standard,1039,108246342,False,48.3,False,28.065054211843204,27.606338615512925,97.5396163469558,50.0417014178482,50.0417014178482,50.0417014178482,2,SVAG,-8,NEDTREND,True,2,0.2857142857142857,LÅG,EJ AKTUELL,-12.1
GOLD,"Gold.com, Inc.",Financial Services,Capital Markets,United States,USD,1225434801.5,-4.054851000000001,-1.2217075000000008,,-1.3074672500000006,0.053232457,0.122,7.690500000000002,-0.027049995000000007,0.008235001000000002,-0.24701000709999998,-0.35996496499999997,-0.431065015,2.379,,,115.0985,-0.5199999999999999,0.126,-1555766784.0,143607008.0,1654208000.0,2815335680.0,2215431000.0,,10978614000.0,,,48803000.0,,17320000.0,152347000.0,1.83,0.2606,0.8,,0.2,1779235200.0,0.605,66.13757836786306,20.029455833406253,42.25,65.8,1.2,5.0,5.17,0.1418,0.33126,0.60093,False,False,,0.697,556738.0,398970.0,1.170113657536799,7.02,-3.42,32.49,,-0.3611801181319073,0.5173857848479653,49.813196238604306,-0.019117824704918407,0.10538694279354077,True,0.5554589337247561,,0.488,US,True,True,,21.78147114087342,42.93833475419154,59.56673765923858,30.761151013800003,96.41943734015345,67.13928273561301,,50.0,13.38432122370937,69.69999999999999,29.39410129236429,holding,1044,16856482,False,58.8,False,28.065054211843204,97.5396163469558,97.5396163469558,50.0417014178482,50.0417014178482,50.0417014178482,2,SVAG,-8,VARNING,False,1,0.14285714285714285,LÅG,EJ AKTUELL,-6.8
BTE.TO,Baytex Energy Corp.,Energy,Oil & Gas E&P,Canada,CAD,4130614027.59552,,3.9376370000000023,18.45,0.07586589999999971,2.7772849,2.463,-1.816250000000001,-0.206745005,-0.05766249825,-0.587755,-0.43690750250000004,0.16418002999999998,-0.0325,,,-33.470499999999994,0.9809999999999999,2.046,-1288544000.0,757868992.0,145820000.0,3663245056.0,3345414000.0,,1684648000.0,,,226287000.0,,-603779000.0,1485962000.0,1.52,0.3214,0.09,9.39,0.023,1781481600.0,0.583,7.343800657236623,2.3812685323537948,5.710000038146973,7.56818,2.27273,11.0,2.3,,0.00387,0.56308,False,False,,0.5,6539446.0,4529520.0,1.3758270185550028,-18.6,1.42,32.59,,-0.22247344329529073,0.4651953673976093,25.234001392586933,-0.12114601509006295,0.16948801524003088,False,0.05133711812262453,,0.197,Canada,True,True,,18.59472788635094,53.59477124183007,20.958095571734496,55.93883307873938,90.11082693947145,67.13928273561301,2.2044088176352705,50.0,,50.0,29.339201171741934,commodity,1045,18275551,False,51.0,False,28.065054211843204,90.32527105921602,52.71059216013344,50.0417014178482,50.0417014178482,50.0417014178482,2,SVAG,-8,VARNING,False,1,0.14285714285714285,LÅG,EJ AKTUELL,-4.6
ACI,"Albertsons Companies, Inc.",Consumer Defensive,Grocery Stores,United States,USD,6651493530.574965,8.7122985,-10.41505675,1.185,0.0,0.07997227,0.261,-6.509249999999998,-0.09990249749999999,-0.024280000000000006,-0.08698499700000001,-0.10886000000000001,-0.17770501500000002,0.041999999999999996,,,734.19575,-0.21800000000000008,0.15,713681280.0,238300000.0,15296900096.0,21710094336.0,26765900000.0,,83172500000.0,,,715400000.0,,217400000.0,2366700000.0,5.06,1.5,0.68,2.32,0.17,1776988800.0,0.228,22.016908774024433,13.414999961853027,13.449999809265137,20.9375,,16.0,7.62,0.1372,0.01543,0.98934996,False,False,,0.294,6992391.0,9537870.0,2.4741922229697164,-21.8,-21.64,-21.54,,-0.3891058936877888,0.30765663895581197,26.724146081488982,-0.16607076952244504,-0.21201382053301265,False,-0.25190528398765877,,0.92,US,True,True,,18.9740197987205,10.82693947144075,74.832681305892,45.8340122035834,86.70076726342711,29.02418682235196,84.46893787575151,50.0,14.149139579349903,29.4,29.182550127571844,standard,1046,128284350,False,74.6,True,97.5396163469558,86.98915763135948,97.5396163469558,50.0417014178482,50.0417014178482,50.0417014178482,2,SVAG,-8,NEDTREND,True,1,0.14285714285714285,LÅG,EJ AKTUELL,-3.1
FLNC,"Fluence Energy, Inc.",Utilities,Utilities - Renewable,United States,USD,3293724850.6728745,,105.9695295,3.18,6.3264632,1.7685503,1.27,-191.23675,-0.22493501000000005,-0.04659,-0.148695,-0.3063124975,-0.332425015,-0.0020000000000000018,,,-67.55650000000001,0.5225000000000001,0.716,-945528384.0,387299008.0,401968000.0,3281583872.0,2357000000.0,,2262830000.0,,,-46337000.0,,-48314000.0,-145538000.0,,0.0,,,,,2.765,33.5099983215332,5.420000076293945,24.799999237060547,18.58824,,17.0,1.74,0.3642,0.14475,0.84900004,False,False,,0.68,10197795.0,12331530.0,0.7489298818154095,38.47,54.71,16.38,,-0.25992239691864427,1.2804525270074705,60.54131070580254,0.31419271126736126,0.3731205663048882,False,0.648907236095044,,0.508,US,True,True,,8.314066103857787,62.77351520318272,45.63919698753062,23.866320237983953,92.15686274509804,11.884904086738949,3.5070140280561124,50.0,11.147227533460804,68.0,29.134304203630144,standard,1047,305821935,False,53.4,False,28.065054211843204,92.32693911592995,66.4720600500417,50.0417014178482,50.0417014178482,50.0417014178482,2,SVAG,-8,UPPTREND,False,1,0.14285714285714285,LÅG,EJ AKTUELL,-4.7
0101.HK,Hang Lung Properties Limited,Real Estate,Real Estate Services,Hong Kong,HKD,38294688100.766464,-2.5187255000000004,-8.724172250000002,0.4283,-0.2610792499999999,3.847552,9.592,-2.985500000000002,-0.029540004999999994,0.007297501250000001,-0.10031248649999999,0.19772498499999996,0.298165,-0.086,-0.4625,-0.181,-10.627000000000002,0.8539999999999999,0.56,-5529107712.0,5952000000.0,54470000640.0,95471919104.0,222912000000.0,,9950000000.0,,,5890000000.0,,1806000000.0,5864000000.0,7.07,1.4053999,0.52,7.12,0.4,1778025600.0,0.739,9.856513080827808,6.250885867352634,7.360000133514404,10.82311,1.71429,13.0,,,0.66769,0.12584,False,False,,0.5,9001424.0,8718149.0,1.6008170801289228,-12.49,-15.94,-13.19,,-0.25328561194419197,0.2897668985052451,19.090914213953383,-0.1252720659107346,-0.13918182038781612,False,-0.014249833301859468,,0.5,Asia,True,True,,56.91134859804667,20.161977834612106,19.673402927292823,63.82570185507161,57.45950554134698,29.02418682235196,19.138276553106213,50.0,,50.0,29.076644231043666,standard,1048,8187727,False,44.0,False,28.065054211843204,58.381984987489574,37.7814845704754,50.0417014178482,50.0417014178482,50.0417014178482,3,SVAG,-8,NEDTREND,True,1,0.14285714285714285,LÅG,EJ AKTUELL,-15.2
UPST,"Upstart Holdings, Inc.",Financial Services,Credit Services,United States,USD,3103926211.878853,61.280498,-3.3912175000000016,,1.5063804499999995,2.6445336,3.91,37.8635,-0.065159995,-0.0016149999999999984,-0.20842000499999996,-0.35966496499999995,0.37756498499999996,0.385,,,202.5365,9.952,2.836,-1124438624.0,474663008.0,1978401024.0,4589478912.0,2974805000.0,,1023985000.0,,,,,53601000.0,-147725000.0,,0.0,,,,,2.28,87.30000305175781,23.96500015258789,32.43000030517578,40.13333,2.13333,15.0,5.39,0.3312,0.1301,0.62156,False,False,,0.682,4699669.0,4912760.0,1.0866369930247899,15.49,21.14,-30.87,,-0.6285223462598402,0.7065232952147492,46.34408558044907,0.04860509532085544,-0.19297843402953108,True,0.6991122320833784,,0.815,US,True,True,7.5503245296563275,34.428380137185925,29.241261722080136,82.22171082815058,30.164373916566937,92.66837169650469,11.884904086738949,4.709418837675351,50.0,11.147227533460804,68.2,28.99573605797317,standard,1050,159320808,False,51.6,False,28.065054211843204,92.82735613010841,54.295246038365306,50.0417014178482,50.0417014178482,50.0417014178482,3,SVAG,-8,NEDTREND,True,1,0.14285714285714285,LÅG,EJ AKTUELL,-3.8
RIOT,"Riot Platforms, Inc.",Financial Services,Capital Markets,United States,USD,10626049707.253246,,-60.446005500000005,,1.7196053499999997,16.266014,17.294,-43.11449999999999,-0.460099995,-0.14044500000000001,-1.5781299069999999,-3.173554965,-0.12604501499999998,-0.025,,,-30.677500000000002,-0.6179999999999998,0.667,-1257704896.0,205666000.0,877185024.0,11297568768.0,3936767000.0,,647435000.0,,,-343298000.0,,-663181000.0,,,0.0,,,1.0,1507766400.0,3.822,28.940000534057617,8.869999885559082,28.100000381469727,28.548,1.4,20.0,3.31,0.17889999,0.07631,0.81537,False,False,,0.361,17553808.0,14204680.0,0.9148845164024664,24.09,98.73,108.61,,-0.029025574882051153,0.8394805653073785,54.10788247757758,0.2409029995910783,0.5781995233222428,False,0.8005632477368273,,0.518,US,True,True,,7.882556971845877,94.25973287865871,41.815931847130955,6.311661174257606,80.30690537084399,11.884904086738949,10.721442885771543,50.0,8.604206500956023,36.1,28.802290912697536,holding,1052,399151513,False,42.7,False,28.065054211843204,80.73394495412845,6.839032527105922,50.0417014178482,50.0417014178482,50.0417014178482,2,SVAG,-8,UPPTREND,False,1,0.14285714285714285,LÅG,EJ AKTUELL,-2.4
ASTS,"AST SpaceMobile, Inc.",Technology,Communication Equipment,United States,USD,24096884346.82193,,-413.14234875,,5.471241299999999,368.58926,295.699,-97.7915,-0.5243124800000001,-0.12662,-0.1078924985,-10.278080000000001,-0.0012749850000000063,19.389499999999998,,,62.94650000000001,16.774,17.909,-2224604672.0,3029591040.0,2991408128.0,25115160576.0,5014387000.0,,70918000.0,,,-287713000.0,,-341940000.0,-71517000.0,,0.0,,,,,2.634,133.86000061035156,36.08000183105469,80.66000366210938,81.46667,2.81818,9.0,2.18,0.1839,0.07795,0.47046003,False,False,,0.711,21442196.0,26681040.0,1.1173233223150056,-8.44,-14.27,17.98,,-0.3974301262936657,1.059324739851919,32.75407776953905,-0.08779592632567801,0.0025387096424305255,False,0.18507714118357305,,0.16,US,True,True,,14.463408694497346,30.775788576300084,51.47666259668646,35.20979175260324,65.47314578005115,11.884904086738949,13.126252505010019,50.0,7.839388145315487,71.1,28.650075967339774,standard,1058,2152092784,False,39.8,False,28.065054211843204,66.22185154295246,2.543786488740617,50.0417014178482,50.0417014178482,50.0417014178482,3,SVAG,-8,VARNING,False,0,0.0,LÅG,EJ AKTUELL,-10.9
NKE,"NIKE, Inc.",Consumer Cyclical,Footwear & Accessories,United States,USD,54217368416.34532,2.056196,8.380095500000001,1.5777,1.3258545000000002,1.4387743,1.501,2.1717499999999976,0.013960009999999995,-0.012880000000000003,-0.034065002500000004,-0.03369999499999998,-0.04030503499999999,-0.072,-0.45899999999999996,-0.345,0.0,0.7909999999999998,1.239,502018688.0,8056999936.0,11178000384.0,69820153856.0,36579000000.0,,46309000000.0,,,3702000000.0,,3219000000.0,3698000000.0,3.64,1.0658001,1.64,1.59,0.41,1780272000.0,1.116,78.02881874445754,40.983277711487766,45.20000076293945,59.58485,2.31579,33.0,2.4,0.0543,0.0146,0.82535005,False,False,,0.715,23372938.0,19372820.0,1.5269813012670237,7.51,-14.66,-31.6,,-0.4207268354148953,0.38395852938644276,47.15597158648871,0.02594445653198152,-0.21891601262520655,True,0.6257544184402071,,1.0,US,True,True,62.07115723985284,40.285500482329624,10.002841716396704,34.79544659264566,59.59166147354277,51.66240409207161,29.02418682235196,55.41082164328658,50.0,40.82217973231357,71.5,28.305640677259532,standard,1064,875651479,False,57.6,False,65.8882402001668,52.71059216013344,71.3094245204337,50.0417014178482,50.0417014178482,50.0417014178482,3,SVAG,-8,NEDTREND,True,1,0.14285714285714285,LÅG,EJ AKTUELL,0.2
CHWY,"Chewy, Inc.",Consumer Cyclical,Internet Retail,United States,USD,4241946046.1115875,2.669349999999998,-6.623395500000001,0.3264,14.172157499999999,0.5805332,0.581,2.7827499999999983,0.4919600099999999,-0.004750000000000004,-0.06255500250000001,-0.06483999499999997,-0.150385015,0.0040000000000000036,0.41600000000000004,0.519,44.05200000000001,-0.564,0.321,-348581248.0,520100000.0,523400000.0,7458914816.0,3366400000.0,,12601500000.0,,,254300000.0,,222800000.0,691600000.0,,0.0,,,,,1.43,43.84000015258789,17.639999389648438,18.209999084472656,31.2381,1.72,21.0,3.06,0.120799996,0.02609,1.00108,False,False,,0.434,9206522.0,12105240.0,1.2098077148060045,-7.38,-25.0,-45.38,,-0.5846259347378739,0.46030144343845414,18.394140178182596,-0.20467850318539071,-0.39045620272117765,False,0.0942606868308181,,0.509,US,True,True,37.89048245745222,43.45282261067227,3.381642512077294,62.1435661174867,25.822617751690498,89.94032395566921,11.884904086738949,22.945891783567134,50.0,17.01720841300191,43.4,28.28160370373041,standard,1065,220436409,False,56.7,False,28.065054211843204,90.15846538782318,90.82568807339449,50.0417014178482,50.0417014178482,50.0417014178482,2,SVAG,-8,NEDTREND,True,1,0.14285714285714285,LÅG,EJ AKTUELL,-9.7
NAB.AX,National Australia Bank Limited,Financial Services,Banks - Diversified,Australia,AUD,115534788038.34915,1.342454,-3.9793360000000018,2.34,-0.5178638999999999,5.616665,10.77,,-0.043564994999999995,-0.010495000999999997,-0.06831499499999996,-0.0017049699999999168,-0.377795,,,,,,,,186704003072.0,292010000384.0,221528784896.0,1080248000000.0,,,,,,,,-35781000000.0,4.5,0.85,1.7,4.58,0.85,1778112000.0,0.719,48.39997655664054,35.41657995294654,37.7400016784668,37.70925,3.28571,14.0,,,0.00026,0.39029998,False,False,,0.5,6347260.0,7291830.0,1.5905096344437888,2.55,-17.29,-8.72,1.16,-0.22024752151891647,0.21826758807948576,53.377262029329785,-0.019555777830512655,-0.08736261930739486,True,0.6923814834963031,,0.5,Australia,True,True,,27.804537595591153,27.608382802662348,31.609674728940785,71.58168203817003,36.40238704177323,67.13928273561301,,50.0,,50.0,28.241614917479097,standard,1066,193064176,False,38.6,False,28.065054211843204,35.613010842368645,25.0208507089241,50.0417014178482,50.0417014178482,50.0417014178482,0,SVAG,-8,NEDTREND,True,2,0.2857142857142857,LÅG,EJ AKTUELL,-19.2
000270.KS,Kia Corporation,Consumer Cyclical,Auto Manufacturers,South Korea,KRW,60202821060700.0,,-6.377292000000001,0.42,,0.5206717,0.39,-12.060750000000002,-0.004899995000000004,0.005809999999999996,-0.0456600025,-0.04027499999999999,-0.16647500999999998,-0.019999999999999997,-0.336,-0.235,-31.3175,0.04699999999999982,0.93,1569717946368.0,23729899831296.0,2662490963968.0,45074280873984.0,98979055000000.0,,114140919000000.0,,,9078148000000.0,,7560983000000.0,9054140000000.0,4.0,0.3774,6800.0,3.0,6800.0,1774310400.0,0.99,203563.70609032846,90430.18130865485,154900.0,228566.67,1.36667,30.0,,,0.39367,0.32958,False,False,,0.5,1393541.0,1336637.0,1.156449073904178,0.0,-7.65,31.04,,-0.23905885299973184,0.5090204574243057,39.77110157367668,-0.03486691257102981,0.14987974601553233,False,0.07566759343601714,,0.024,Asia,True,True,,38.3317192759426,44.98437055981813,18.495070894527085,35.75451782519747,1.875532821824382,67.13928273561301,86.07214428857716,50.0,,50.0,36.23193043698437,standard,886,151142902,False,56.3,False,78.23185988323603,2.543786488740617,91.99332777314429,50.0417014178482,50.0417014178482,50.0417014178482,5,NEUTRAL,0,VARNING,False,1,0.14285714285714285,LÅG,EJ AKTUELL,-6.6
NUVL,"Nuvalent, Inc.",Healthcare,Biotechnology,United States,USD,9095925407.899315,,-45.43709700000001,,4.862917400000001,,,,-0.5374174975,-0.28607499999999997,-0.11948499700000001,-0.190294995,-0.449505015,,,,,14.123000000000001,15.885,-992284000.0,1287475968.0,0.0,8463236608.0,1412705000.0,,0.0,,,-414307000.0,,-425377000.0,-275209000.0,,0.0,,,,,1.153,123.62000274658203,71.12999725341797,123.43000030517578,128.125,2.88235,16.0,9.67,0.111499995,0.027560001,1.13089,False,False,,0.836,1995075.0,8840850.0,0.9264547549330355,22.21,27.17,20.27,,-0.0015369878432679451,0.5862598386671091,60.03385911354121,0.16843530862682354,0.23834412790056825,True,0.7686082208498138,,0.0,US,True,True,,5.571139662279948,83.95851094060814,1.0425354462051708,45.35239923061601,82.01193520886616,11.884904086738949,10.32064128256513,50.0,19.50286806883365,93.6,28.15150659749817,standard,1067,1091226118,False,49.4,False,28.065054211843204,82.40200166805671,50.0417014178482,50.0417014178482,50.0417014178482,50.0417014178482,1,SVAG,-8,UPPTREND,False,1,0.14285714285714285,LÅG,EJ AKTUELL,-8.4
HIVE,HIVE Digital Technologies Ltd.,Financial Services,Capital Markets,United States,USD,1139255358.6700573,,4.889176499999998,,-0.8759322500000003,3.8256874,3.783,10.5615,-0.438659975,-0.135345,-0.749010007,-1.1904649649999999,-0.08718503500000002,1.244,,,-53.88250000000001,-0.5969999999999999,0.752,-669252880.0,32854000.0,71066000.0,1126655488.0,639146000.0,,297791000.0,,,-116462000.0,,-148448000.0,62337000.0,,0.0,,,,,3.719,7.840000152587891,1.600000023841858,4.260000228881836,7.07143,1.28571,7.0,1.32,,0.0038299998,0.36761,False,False,,0.778,23994790.0,25904710.0,1.449056900132886,27.16,103.83,53.24,,-0.4566326344425311,0.9603081165625715,45.60811376815283,0.3176616846175675,0.28605721595428246,False,0.6087790456502942,,0.32,US,True,True,,9.367289011136457,66.42512077294685,54.95873098701173,6.07247887824721,96.58994032395567,11.884904086738949,,50.0,,77.8,27.959236874424107,holding,1070,110354071,False,49.9,False,28.065054211843204,97.5396163469558,37.94829024186822,50.0417014178482,50.0417014178482,50.0417014178482,1,SVAG,-8,UPPTREND,False,1,0.14285714285714285,LÅG,EJ AKTUELL,-5.9
RBLX,Roblox Corporation,Communication Services,Electronic Gaming & Multimedia,United States,USD,34607330341.94092,,-55.33914349999999,8.18,88.7759548,6.9644227,6.398,-45.50149999999999,-3.289977495,-0.143784999,-0.32834500200000005,-0.34839499500000004,-0.20850501500000002,0.332,,,357.8725,-0.2529999999999998,0.711,392004352.0,3199000064.0,1788000000.0,33894391808.0,9557118000.0,,4890551000.0,,,-1232342000.0,,-1065057000.0,1796358000.0,,0.0,,,,,1.444,150.58999633789062,40.150001525878906,51.529998779296875,64.8125,1.91429,32.0,1.62,0.037,0.05485,0.83033997,False,False,,0.818,11351529.0,12404480.0,1.9813864802288101,15.93,-10.41,-41.07,,-0.657812603543233,0.6086260579520084,60.40873826717747,0.05101917600914496,-0.36811502280973984,True,1.0707196578101765,,0.764,US,True,True,,6.414246861385107,6.976413753907359,80.12619625903835,15.948630522894433,59.42028985507246,11.884904086738949,62.02404809619239,50.0,54.875717017208416,91.8,27.912133195302737,standard,1072,639202839,False,51.5,False,68.05671392827357,60.30025020850709,19.182652210175146,50.0417014178482,50.0417014178482,50.0417014178482,3,SVAG,-8,NEDTREND,True,1,0.14285714285714285,LÅG,EJ AKTUELL,-6.9
MELI,"MercadoLibre, Inc.",Consumer Cyclical,Internet Retail,Uruguay,USD,82897498385.02417,15.542983,11.4534185,1.0079,7.963445500000001,2.6065936,2.88,7.341749999999999,0.16638001000000002,-0.013750000000000005,-0.022055000500000005,-0.034039994999999976,0.045224984999999995,0.417,-0.267,-0.156,90.644,-0.18699999999999994,0.438,-4916481152.0,5664000000.0,12376000512.0,91583135744.0,42667000000.0,,28893000000.0,,,3201000000.0,,1997000000.0,12116000000.0,,0.0,,0.34,0.15,1514419200.0,1.348,2645.219970703125,1495.0,1635.1500244140625,2216.9583,1.54167,24.0,1.52,0.0218,0.07256,0.83142996,False,False,,0.47,542329.0,513140.0,1.254764504204256,2.53,-1.91,-15.44,,-0.3818472404850989,0.3967285437169176,42.74441003827361,-0.04611813487054772,-0.171645929074821,True,0.4065607904432726,,0.243,US,True,True,29.140706786707746,50.20993937617724,22.89002557544757,35.199945474556095,28.968975931921186,42.62574595055413,11.884904086738949,20.440881763527056,50.0,77.43785850860421,47.0,27.385599780066528,standard,1076,839060884,False,44.0,False,28.065054211843204,41.70141784820684,54.8790658882402,50.0417014178482,50.0417014178482,50.0417014178482,2,SVAG,-8,NEDTREND,True,0,0.0,LÅG,EJ AKTUELL,-10.3
BURE.ST,Bure Equity AB (publ),Financial Services,Asset Management,Sweden,SEK,19023672928.747864,,,1.16,-0.9882676499999999,-5.1143904,-4.957,-14.621,-0.32705999500000005,-0.138215,-0.21206500999999997,0.67338993,-0.42635,,,,-48.734500000000004,29.444,31.294,-3277092736.0,521000000.0,3000000.0,18514673664.0,20091000000.0,,268000000.0,,,-4675000000.0,,-4678000000.0,296000000.0,1.07,1.7361,2.75,0.83,2.75,1778630400.0,1.287,312.58589104575225,188.26420330932774,256.3999938964844,,,,,,0.28947002,0.41292,False,False,,0.5,170070.0,129287.0,1.351378342214332,-11.03,19.48,7.13,,-0.17974546759387844,0.29441540671569044,34.013594850212186,-0.04657594550617894,0.034004488904571195,False,0.05487257708027236,,0.5,Nordic,True,True,,23.40130953111069,57.13270815572606,31.609674728940785,58.96400243275889,70.84398976982096,29.02418682235196,6.813627254509018,50.0,,50.0,35.30127159617236,holding,909,3462389,False,47.8,False,28.065054211843204,71.47623019182652,50.0417014178482,50.0417014178482,50.0417014178482,50.0417014178482,4,NEUTRAL,0,VARNING,False,0,0.0,LÅG,EJ AKTUELL,-4.4
DIXON.NS,Dixon Technologies (India) Limited,Technology,Consumer Electronics,India,INR,761057294681.0,10.113111999999997,25.36783425,,6.773657,1.5572206,1.344,13.88,0.20021250000000002,-0.02283000300000001,-0.08843249150000003,-0.120935004,-0.33026999,-0.1115,-0.5529999999999999,-0.36,12.762,-0.6880000000000001,0.612,-2440018432.0,12413700096.0,9942200320.0,656697589760.0,191616400000.0,,488728000000.0,,,14735400000.0,,14386400000.0,17822900000.0,0.06,0.0297,8.0,,8.0,1757980800.0,-0.103,18471.0,9600.0,12517.0,11869.552,2.31034,29.0,,,0.40365002,0.38358003,False,False,,0.5,679014.0,641263.0,0.9935044835450636,11.18,16.88,-8.15,,-0.32234313247793844,0.3793209466251664,66.93444730077121,0.10242018088604032,-0.03517652553177264,True,0.9141385509447344,,0.837,India,True,True,40.30650853946699,30.94397994875976,39.64194373401535,25.661018731919057,55.6339413787896,18.073316283034956,24.395329441201,43.987975951903806,50.0,,50.0,27.228386027966636,standard,1079,85109633,False,42.7,False,28.065054211843204,17.6814011676397,70.05838198498749,50.0417014178482,50.0417014178482,50.0417014178482,3,SVAG,-8,NEDTREND,True,0,0.0,LÅG,EJ AKTUELL,-9.3
COLO-B.CO,Coloplast A/S,Healthcare,Medical Instruments & Supplies,Denmark,DKK,78550539793.46704,17.711918000000004,-0.4402265000000014,0.9666,3.8979836000000008,3.0439985,3.867,-1.9767500000000018,0.014662502500000021,0.038294999999999996,-0.005949999999999997,0.09550998,0.24824000000000002,-0.061000000000000006,,,147.90425,-0.42000000000000004,1.01,3345282432.0,1067000000.0,24227999744.0,108454182912.0,48073000000.0,,27030000000.0,,,7286000000.0,,5052000000.0,2766000000.0,6.07,2.4625,23.0,2.74,5.0,1779062400.0,0.517,618.8637324020452,369.70001220703125,378.79998779296875,461.90475,,21.0,,,0.29795,0.30797002,False,False,,0.5,377437.0,354714.0,1.5506225319295235,-6.33,-12.78,-31.72,,-0.38791050766102886,0.2551931960234901,35.34484300827235,-0.05655772748779897,-0.2420526648852912,True,0.3182587578200612,,0.333,Nordic,True,True,,68.64994573927163,11.679454390451832,18.81217652085584,46.12106983647385,43.56351236146633,29.02418682235196,82.16432865731463,50.0,,50.0,35.16440225396198,standard,911,20621830,False,57.7,False,86.98915763135948,42.61884904086739,47.122602168473726,50.0417014178482,50.0417014178482,50.0417014178482,4,NEUTRAL,0,NEDTREND,True,1,0.14285714285714285,LÅG,EJ AKTUELL,-3.4
TOM.OL,Tomra Systems ASA,Industrials,Waste Management,Norway,NOK,28623857152.93828,5.308141999999997,-5.149525499999999,1.7,0.7079842500000002,21.261127,21.737,124.78499999999998,-0.015719999999999984,-0.0019699999999999995,-0.0053425084999999956,-0.0527100025,0.19118999999999997,0.031,,,49.904999999999994,0.006999999999999895,1.014,-596980176.0,91000000.0,679000000.0,29264625664.0,1778200000.0,,1318300000.0,,,148000000.0,,93000000.0,170900000.0,2.22,0.6732,2.15,1.19,2.15,1776988800.0,1.136,167.95906500910934,89.80000305175781,96.9000015258789,134.06685,1.8,10.0,,,0.001,0.89316005,False,False,,0.5,1116350.0,684199.0,2.5880196504059296,-1.52,-13.84,-24.69,,-0.4230737023891894,0.44314948348392585,58.108115770942824,-0.04551012565445445,-0.2013765720058338,True,0.5673277038300073,,0.325,Nordic,True,True,24.4201462626746,48.28191467693627,11.622620062517761,37.005720936163854,37.33026544552223,61.892583120204606,67.13928273561301,33.366733466933866,50.0,,50.0,27.112418174242556,standard,1082,6848224,False,39.3,False,28.065054211843204,62.71893244370309,2.543786488740617,50.0417014178482,50.0417014178482,50.0417014178482,1,SVAG,-8,NEDTREND,True,1,0.14285714285714285,LÅG,EJ AKTUELL,0.2
4568.T,"Daiichi Sankyo Company, Limited",Healthcare,Drug Manufacturers - General,Japan,JPY,4624648684045.0,-2.705663999999995,-2.1767005000000026,1.6661,1.0125029000000003,2.1783092,2.089,3.323249999999999,0.07362250250000002,-0.008695000000000005,0.05254,-0.12849,0.38850999999999997,0.054000000000000006,-0.617,-0.513,-4.4352499999999955,0.041999999999999926,1.346,-257707626496.0,449806991360.0,300480987136.0,4435290357760.0,4005390000000.0,,2123045000000.0,,,229089000000.0,,259874000000.0,77655000000.0,3.97,0.5557,100.0,1.2,50.0,1790640000.0,-0.151,4122.388652456052,2390.0,2541.5,4205.294,1.41176,17.0,,,0.01753,0.53975,False,False,,0.5,8754286.0,7918260.0,1.5089436452679605,-4.62,-12.33,-24.57,,-0.3834885028402609,0.37527021113398035,45.70160843039378,-0.04517345796358763,-0.19434305052558787,True,0.4040434690302106,,0.33,Japan,True,True,33.75575778422517,58.062011733628125,13.427109974424553,23.621292289476973,62.8469963199791,9.974424552429667,67.13928273561301,19.03807615230461,50.0,,50.0,27.099446041490708,standard,1083,124782256,False,39.9,False,28.065054211843204,9.7581317764804,59.63302752293578,50.0417014178482,50.0417014178482,50.0417014178482,2,SVAG,-8,NEDTREND,True,2,0.2857142857142857,LÅG,EJ AKTUELL,-12.9
BOUV.OL,Bouvet ASA,Technology,Information Technology Services,Norway,NOK,4406729310.503189,-16.212773,-7.970016250000003,,3.822401799999999,1.1373286,1.093,-10.598,0.5053675,0.08093999999999998,0.01699249850000001,0.013244994999999996,-0.11649999999999999,-0.1675,-0.39,-0.196,40.19649999999999,-0.6,1.181,-632480416.0,551203008.0,339040992.0,4235512576.0,1728816000.0,,3912343000.0,,,473432000.0,,358673000.0,347111000.0,6.9,0.9288,3.0,4.19,3.0,1778803200.0,0.343,76.18421862652129,41.17421124106959,43.04999923706055,55.0,,3.0,,,0.16841,0.47274,False,False,,0.5,176586.0,155600.0,0.9738712858427199,-8.99,-7.17,-24.79,,-0.4349223498884327,0.2417937920937443,22.222222222222214,-0.08382607882636639,-0.19240260438271684,False,0.127003385403196,,0.279,Nordic,True,True,,66.90075776521506,14.62063086104007,11.472463948961519,56.65816528669505,89.25831202046037,67.13928273561301,8.617234468937877,50.0,,50.0,26.528186037002897,standard,1086,691918,False,54.6,False,28.065054211843204,89.49124270225187,77.64804003336113,50.0417014178482,50.0417014178482,50.0417014178482,3,SVAG,-8,NEDTREND,True,2,0.2857142857142857,LÅG,EJ AKTUELL,-14.5
4661.T,"Oriental Land Co., Ltd.",Consumer Cyclical,Leisure,Japan,JPY,3830727982105.5,9.683081000000005,5.8896180000000005,6.9354,1.7220212,5.4372125,4.913,1.1592499999999983,,,0.14017999450000002,0.121515,0.09106999999999998,,,,-12.824499999999997,1.5589999999999997,3.059,,597097971712.0,326706003968.0,3461602869248.0,1438521000000.0,,,,,,,,195388000000.0,0.7,0.2018,16.0,0.28,8.0,1790640000.0,0.3,3696.72509765625,2103.0,2336.5,3029.1213,2.5,14.0,,,0.30672002,0.172,False,False,,0.5,5892340.0,5616240.0,1.2118792627747146,9.11,-16.49,-17.22,,-0.36795408414832964,0.29732747667364356,60.939431396786155,0.0024412114243546057,-0.1895308547457557,True,0.9239786913385014,,0.257,Japan,True,True,,77.03009653605905,14.15174765558397,8.256880733944955,75.83934201968877,11.3384484228474,67.13928273561301,,50.0,,50.0,26.359684897347904,standard,1089,81366270,False,35.1,False,28.065054211843204,11.092577147623018,26.188490408673893,50.0417014178482,50.0417014178482,50.0417014178482,3,SVAG,-8,NEDTREND,True,3,0.42857142857142855,LÅG,EJ AKTUELL,-15.4
SOUN,"SoundHound AI, Inc.",Technology,Software - Application,United States,USD,2849667650.4368277,,-79.39575074999999,,0.4802982999999994,16.747578,15.398,-36.3865,-0.5408225,-0.26031,-1.0262524985,-1.5311299999999999,-0.04363499500000001,0.3845,,,-48.125499999999995,2.2459999999999996,3.8,-828546881.0,215642000.0,6226000.0,2832954624.0,688173000.0,,168920000.0,,,-186399000.0,,-14006000.0,-98222000.0,,0.0,,,,,2.735,22.170000076293945,5.829999923706055,7.119999885559082,14.0,1.25,8.0,4.87,0.379,0.01124,0.44936,False,False,,0.714,27326427.0,26668740.0,0.8627411991814348,-15.74,3.56,-35.91,,-0.6788452926902606,0.8085881995139836,27.934267203022742,-0.11283893230223896,-0.34933643922986957,False,0.28881736350220266,,0.379,US,True,True,,10.195626395254006,17.774936061381073,54.8633454064679,31.1936798324938,92.924126172208,11.884904086738949,3.406813627254509,50.0,11.147227533460804,71.39999999999999,26.191674993799772,standard,1092,189881426,False,44.5,False,28.065054211843204,93.07756463719767,6.58882402001668,50.0417014178482,50.0417014178482,50.0417014178482,3,SVAG,-8,NEDTREND,True,0,0.0,LÅG,EJ AKTUELL,2.4
0012.HK,Henderson Land Development Company Limited,Real Estate,Real Estate - Diversified,Hong Kong,HKD,125101440896.25703,0.2560514999999999,-5.345037250000002,0.5975,-0.14936104999999977,4.860007,11.078,44.162499999999994,-0.02672000599999999,-0.004222498749999998,-0.06215249649999999,-0.256465015,-0.042464999999999975,0.14300000000000002,-0.3965,-0.121,0.0,2.443,0.771,-1314607616.0,23119998976.0,164753997824.0,285157425152.0,539381000000.0,,25741000000.0,,,4347000000.0,,5653000000.0,12325000000.0,4.88,1.5789,1.26,6.9,0.76,1780531200.0,1.138,34.751161462960866,24.105652940317977,25.84000015258789,33.934,2.08333,10.0,,,0.72547996,0.099709995,False,False,,0.5,9861988.0,10280946.0,1.2008606439888212,-18.16,-14.74,-8.19,,-0.25642772601631847,0.2707516826730364,9.681727802926417,-0.1387262331473642,-0.11327064081676819,False,0.13011045963492446,,0.5,Asia,True,True,33.56032961445278,31.125980572271164,22.321682296106847,37.47010502490646,70.61312244908085,35.294117647058826,29.02418682235196,42.985971943887776,50.0,,50.0,25.940420802364308,standard,1094,33898994,False,39.3,False,28.065054211843204,34.528773978315265,30.608840700583823,50.0417014178482,50.0417014178482,50.0417014178482,3,SVAG,-8,NEDTREND,True,1,0.14285714285714285,LÅG,EJ AKTUELL,-12.2
EDIT,"Editas Medicine, Inc.",Healthcare,Biotechnology,United States,USD,412812353.0011568,,-18.436108700000002,,56.350122400000004,10.668916,3.223,-14.93225,-3.3862574975000004,-0.33040499999999995,-2.9353449969999996,-9.022154995000001,-1.541875015,-0.47500000000000003,,,333.10024999999996,1.205,3.174,-885672256.0,123648000.0,17297000.0,124707824.0,186534000.0,,40520000.0,,,-99336000.0,,-160060000.0,-165241000.0,,0.0,,,,,2.1,4.5370001792907715,1.659999966621399,2.690000057220459,5.77778,,9.0,5.96,0.0983,0.00171,0.49242002,False,False,,0.809,2126845.0,2259210.0,0.9028199387387882,9.35,14.47,7.17,,-0.4070972116115361,0.9377530058131044,30.555560907261935,-0.08695945196555988,0.009693455287526076,False,0.4127144767939674,,0.838,US,True,True,,1.0932422945038887,44.07502131287297,37.03683209939155,23.975759024750435,98.55072463768117,11.884904086738949,,50.0,22.848948374760994,90.9,25.89640286014304,standard,1095,6077275,False,45.9,False,28.065054211843204,97.5396163469558,11.34278565471226,50.0417014178482,50.0417014178482,50.0417014178482,0,SVAG,-8,VARNING,False,0,0.0,LÅG,EJ AKTUELL,-6.0
TMDX,"TransMedics Group, Inc.",Healthcare,Medical Devices,United States,USD,2723054209.331459,-8.757321000000001,8.344946,,2.2792864,4.282273,4.753,10.64075,0.32671250249999995,-0.008995,0.150885003,-0.11384499499999999,0.14138498500000002,0.129,-0.828,-0.715,115.47824999999999,4.723,6.01,-703034008.0,461739008.0,863414976.0,3022084352.0,1068373000.0,,605494000.0,,,108583000.0,,190291000.0,192840000.0,,0.0,,,,,1.88,156.0,60.10499954223633,78.79000091552734,117.33333,1.72727,9.0,3.88,0.33200002,0.03398,1.0887101,False,False,,0.43,1305343.0,1038500.0,1.5484602861200596,19.14,-30.72,-36.99,,-0.49493589156713236,0.5821735643592377,73.75975375722001,-0.06616270100866306,-0.3151509450015857,True,1.0668316460006515,,0.669,US,True,True,15.162975204139622,60.94791768190605,4.191531685137824,35.651662876685705,34.303596131627906,93.35038363171356,11.884904086738949,5.110220440881764,50.0,11.147227533460804,43.0,25.412281435049543,standard,1102,81823416,False,48.8,False,28.065054211843204,93.49457881567973,34.778982485404505,50.0417014178482,50.0417014178482,50.0417014178482,2,SVAG,-8,NEDTREND,True,1,0.14285714285714285,LÅG,EJ AKTUELL,-0.4
NRG,"NRG Energy, Inc.",Utilities,Utilities - Independent Power Producers,United States,USD,28495832123.096313,127.97001999999998,-5.3944515,0.4651,4.1828562,0.8799355,1.597,9.504249999999999,-0.035274996999999995,-0.010900001999999999,-0.125145,-0.18560249750000002,-0.285045025,0.116,-0.9159999999999999,-0.833,323.9495,-0.07450000000000001,0.334,-380231264.0,178000000.0,23357999104.0,51701313536.0,29140000000.0,,30713000000.0,,,1944000000.0,,864000000.0,1913000000.0,1.44,1.9725,1.9,2.6,0.475,1777593600.0,1.216,189.3800421561953,120.11000061035156,135.05999755859375,198.70589,1.58824,17.0,1.75,0.0318,0.04421,0.95045996,False,False,,0.644,2591132.0,2298760.0,1.573408629562912,9.17,-16.06,-15.14,,-0.2868308823841105,0.45243643997133626,51.19745328860107,-0.0546250261188469,-0.13325836007618053,True,0.6473371750238899,,0.796,US,True,True,41.841780576077525,19.852984594872886,18.044899119067917,38.373024002644755,25.15676863282548,62.063086104006814,29.02418682235196,41.78356713426854,50.0,61.47227533460803,64.4,25.351775223503417,standard,1104,310470520,False,51.5,False,28.065054211843204,62.88573811509591,83.40283569641367,50.0417014178482,50.0417014178482,50.0417014178482,1,SVAG,-8,NEDTREND,True,0,0.0,LÅG,EJ AKTUELL,-9.6
DARK.L,DARK.L,Unknown,Unknown,Unknown,USD,,,,,,,,,,,,,,,,,,,,,,,,,,,,,,,,,,,,,,,,,,,,,,,,,,False,False,,0.5,,,,,,,,,,,,,,,,0.5,UK,True,True,,,,31.609674728940785,,,11.884904086738949,,50.0,,50.0,24.97864470391994,standard,1105,,True,44.5,False,28.065054211843204,50.0417014178482,50.0417014178482,50.0417014178482,50.0417014178482,50.0417014178482,1,SVAG,-8,UPPTREND,False,0,0.0,LÅG,EJ AKTUELL,-2.5
HOLX,HOLX,Unknown,Unknown,Unknown,USD,,,,,,,,,,,,,,,,,,,,,,,,,,,,,,,,,,,,,,,,,,,,,,,,,,False,False,,0.5,,,,,,,,,,,,,,,,0.5,US,True,True,,,,31.609674728940785,,,11.884904086738949,,50.0,,50.0,24.97864470391994,standard,1105,,True,44.5,False,28.065054211843204,50.0417014178482,50.0417014178482,50.0417014178482,50.0417014178482,50.0417014178482,1,SVAG,-8,UPPTREND,False,0,0.0,LÅG,EJ AKTUELL,-2.5
CHK,CHK,Unknown,Unknown,Unknown,USD,,,,,,,,,,,,,,,,,,,,,,,,,,,,,,,,,,,,,,,,,,,,,,,,,,False,False,,0.5,,,,,,,,,,,,,,,,0.5,US,True,True,,,,31.609674728940785,,,11.884904086738949,,50.0,,50.0,24.97864470391994,standard,1105,,True,44.5,False,28.065054211843204,50.0417014178482,50.0417014178482,50.0417014178482,50.0417014178482,50.0417014178482,1,SVAG,-8,UPPTREND,False,0,0.0,LÅG,EJ AKTUELL,-2.5
MSY.L,2719985,Unknown,Unknown,Unknown,USD,,,,,,,,,,,,,,,,,,,,,,,,,,,,,,,,,,,,,,,,,,,,,,,,,,False,False,,0.5,,,,,,,,,,,,,,,,0.5,UK,True,True,,,,31.609674728940785,,,11.884904086738949,,50.0,,50.0,24.97864470391994,standard,1105,,True,44.5,False,28.065054211843204,50.0417014178482,50.0417014178482,50.0417014178482,50.0417014178482,50.0417014178482,1,SVAG,-8,UPPTREND,False,0,0.0,LÅG,EJ AKTUELL,-2.5
SPD.L,SPD.L,Unknown,Unknown,Unknown,USD,,,,,,,,,,,,,,,,,,,,,,,,,,,,,,,,,,,,,,,,,,,,,,,,,,False,False,,0.5,,,,,,,,,,,,,,,,0.5,UK,True,True,,,,31.609674728940785,,,11.884904086738949,,50.0,,50.0,24.97864470391994,standard,1105,,True,44.5,False,28.065054211843204,50.0417014178482,50.0417014178482,50.0417014178482,50.0417014178482,50.0417014178482,1,SVAG,-8,UPPTREND,False,0,0.0,LÅG,EJ AKTUELL,-2.5
UN01.DE,UN01.DE,Unknown,Unknown,Unknown,USD,,,,,,,,,,,,,,,,,,,,,,,,,,,,,,,,,,,,,,,,,,,,,,,,,,False,False,,0.5,,,,,,,,,,,,,,,,0.5,Europe,True,True,,,,31.609674728940785,,,11.884904086738949,,50.0,,50.0,24.97864470391994,standard,1105,,True,44.5,False,28.065054211843204,50.0417014178482,50.0417014178482,50.0417014178482,50.0417014178482,50.0417014178482,1,SVAG,-8,UPPTREND,False,0,0.0,LÅG,EJ AKTUELL,-2.5
X,X,Unknown,Unknown,Unknown,USD,,,,,,,,,,,,,,,,,,,,,,,,,,,,,,,,,,,,,,,,,,,,,,,,,,False,False,,0.5,,,,,,,,,,,,,,,,0.5,US,True,True,,,,31.609674728940785,,,11.884904086738949,,50.0,,50.0,24.97864470391994,standard,1105,,True,44.5,False,28.065054211843204,50.0417014178482,50.0417014178482,50.0417014178482,50.0417014178482,50.0417014178482,1,SVAG,-8,UPPTREND,False,0,0.0,LÅG,EJ AKTUELL,-2.5
GKN.L,8072713,Unknown,Unknown,Unknown,USD,,,,,,,,,,,,,,,,,,,,,,,,,,,,,,,,,,,,,,,,,,,,,,,,,,False,False,,0.5,,,,,,,,,,,,,,,,0.5,UK,True,True,,,,31.609674728940785,,,11.884904086738949,,50.0,,50.0,24.97864470391994,standard,1105,,True,44.5,False,28.065054211843204,50.0417014178482,50.0417014178482,50.0417014178482,50.0417014178482,50.0417014178482,1,SVAG,-8,UPPTREND,False,0,0.0,LÅG,EJ AKTUELL,-2.5
6714.T,6714.T,Unknown,Unknown,Unknown,USD,,,,,,,,,,,,,,,,,,,,,,,,,,,,,,,,,,,,,,,,,,,,,,,,,,False,False,,0.5,,,,,,,,,,,,,,,,0.5,Japan,True,True,,,,31.609674728940785,,,11.884904086738949,,50.0,,50.0,24.97864470391994,standard,1105,,True,44.5,False,28.065054211843204,50.0417014178482,50.0417014178482,50.0417014178482,50.0417014178482,50.0417014178482,1,SVAG,-8,UPPTREND,False,0,0.0,LÅG,EJ AKTUELL,-2.5
CRAYN.OL,CRAYN.OL,Unknown,Unknown,Unknown,USD,,,,,,,,,,,,,,,,,,,,,,,,,,,,,,,,,,,,,,,,,,,,,,,,,,False,False,,0.5,,,,,,,,,,,,,,,,0.5,Nordic,True,True,,,,31.609674728940785,,,11.884904086738949,,50.0,,50.0,24.97864470391994,standard,1105,,True,44.5,False,28.065054211843204,50.0417014178482,50.0417014178482,50.0417014178482,50.0417014178482,50.0417014178482,1,SVAG,-8,UPPTREND,False,0,0.0,LÅG,EJ AKTUELL,-2.5
LANC,Lancaster Colony Corporation,Unknown,Unknown,Unknown,USD,,,,,,,,,,,,,,,,,,,,,,,,,,,,,,,,,,,,,,,,,,172.77,,,,,,,,False,False,,0.5,,,,,,,,,,,,,,,,0.5,US,True,True,,,,31.609674728940785,,,11.884904086738949,,50.0,,50.0,24.97864470391994,standard,1105,,True,44.5,False,28.065054211843204,50.0417014178482,50.0417014178482,50.0417014178482,50.0417014178482,50.0417014178482,1,SVAG,-8,UPPTREND,False,0,0.0,LÅG,EJ AKTUELL,-2.5
MGGT.L,MGGT.L,Unknown,Unknown,Unknown,USD,,,,,,,,,,,,,,,,,,,,,,,,,,,,,,,,,,,,,,,,,,,,,,,,,,False,False,,0.5,,,,,,,,,,,,,,,,0.5,UK,True,True,,,,31.609674728940785,,,11.884904086738949,,50.0,,50.0,24.97864470391994,standard,1105,,True,44.5,False,28.065054211843204,50.0417014178482,50.0417014178482,50.0417014178482,50.0417014178482,50.0417014178482,1,SVAG,-8,UPPTREND,False,0,0.0,LÅG,EJ AKTUELL,-2.5
COB.L,COB.L,Unknown,Unknown,Unknown,USD,,,,,,,,,,,,,,,,,,,,,,,,,,,,,,,,,,,,,,,,,,,,,,,,,,False,False,,0.5,,,,,,,,,,,,,,,,0.5,UK,True,True,,,,31.609674728940785,,,11.884904086738949,,50.0,,50.0,24.97864470391994,standard,1105,,True,44.5,False,28.065054211843204,50.0417014178482,50.0417014178482,50.0417014178482,50.0417014178482,50.0417014178482,1,SVAG,-8,UPPTREND,False,0,0.0,LÅG,EJ AKTUELL,-2.5
SAND,SAND,Unknown,Unknown,Unknown,USD,,,,,,,,,,,,,,,,,,,,,,,,,,,,,,,,,,,,,,,,,,,,,,,,,,False,False,,0.5,,,,,,,,,,,,,,,,0.5,US,True,True,,,,31.609674728940785,,,11.884904086738949,,50.0,,50.0,24.97864470391994,standard,1105,,True,44.5,False,28.065054211843204,50.0417014178482,50.0417014178482,50.0417014178482,50.0417014178482,50.0417014178482,1,SVAG,-8,UPPTREND,False,0,0.0,LÅG,EJ AKTUELL,-2.5
ALTM,ALTM,Unknown,Unknown,Unknown,USD,,,,,,,,,,,,,,,,,,,,,,,,,,,,,,,,,,,,,,,,,,,,,,,,,,False,False,,0.5,,,,,,,,,,,,,,,,0.5,US,True,True,,,,31.609674728940785,,,11.884904086738949,,50.0,,50.0,24.97864470391994,standard,1105,,True,44.5,False,28.065054211843204,50.0417014178482,50.0417014178482,50.0417014178482,50.0417014178482,50.0417014178482,1,SVAG,-8,UPPTREND,False,0,0.0,LÅG,EJ AKTUELL,-2.5
RWI.L,RWI.L,Unknown,Unknown,Unknown,USD,,,,,,,,,,,,,,,,,,,,,,,,,,,,,,,,,,,,,,,,,,,,,,,,,,False,False,,0.5,,,,,,,,,,,,,,,,0.5,UK,True,True,,,,31.609674728940785,,,11.884904086738949,,50.0,,50.0,24.97864470391994,standard,1105,,True,44.5,False,28.065054211843204,50.0417014178482,50.0417014178482,50.0417014178482,50.0417014178482,50.0417014178482,1,SVAG,-8,UPPTREND,False,0,0.0,LÅG,EJ AKTUELL,-2.5
SHG.L,SHG.L,Unknown,Unknown,Unknown,USD,,,,,,,,,,,,,,,,,,,,,,,,,,,,,,,,,,,,,,,,,,,,,,,,,,False,False,,0.5,,,,,,,,,,,,,,,,0.5,UK,True,True,,,,31.609674728940785,,,11.884904086738949,,50.0,,50.0,24.97864470391994,standard,1105,,True,44.5,False,28.065054211843204,50.0417014178482,50.0417014178482,50.0417014178482,50.0417014178482,50.0417014178482,1,SVAG,-8,UPPTREND,False,0,0.0,LÅG,EJ AKTUELL,-2.5
8028.T,8028.T,Unknown,Unknown,Unknown,USD,,,,,,,,,,,,,,,,,,,,,,,,,,,,,,,,,,,,,,,,,,,,,,,,,,False,False,,0.5,,,,,,,,,,,,,,,,0.5,Japan,True,True,,,,31.609674728940785,,,11.884904086738949,,50.0,,50.0,24.97864470391994,standard,1105,,True,44.5,False,28.065054211843204,50.0417014178482,50.0417014178482,50.0417014178482,50.0417014178482,50.0417014178482,1,SVAG,-8,UPPTREND,False,0,0.0,LÅG,EJ AKTUELL,-2.5
HMED.ST,Hansa Medical AB (publ),Unknown,Unknown,Unknown,USD,,,,,,,,,,,,,,,,,,,,,,,,,,,,,,,,,,,,,,,,,,,,,,,,,,False,False,,0.5,,,,,,,,,,,,,,,,0.5,Nordic,True,True,,,,31.609674728940785,,,11.884904086738949,,50.0,,50.0,24.97864470391994,standard,1105,,True,44.5,False,28.065054211843204,50.0417014178482,50.0417014178482,50.0417014178482,50.0417014178482,50.0417014178482,1,SVAG,-8,UPPTREND,False,0,0.0,LÅG,EJ AKTUELL,-2.5
JBSS3.SA,JBSS3.SA,Unknown,Unknown,Unknown,USD,,,,,,,,,,,,,,,,,,,,,,,,,,,,,,,,,,,,,,,,,,,,,,,,,,False,False,,0.5,,,,,,,,,,,,,,,,0.5,LatAm,True,True,,,,31.609674728940785,,,11.884904086738949,,50.0,,50.0,24.97864470391994,standard,1105,,True,44.5,False,28.065054211843204,50.0417014178482,50.0417014178482,50.0417014178482,50.0417014178482,50.0417014178482,1,SVAG,-8,UPPTREND,False,0,0.0,LÅG,EJ AKTUELL,-2.5
MOR.DE,MOR.DE,Unknown,Unknown,Unknown,USD,,,,,,,,,,,,,,,,,,,,,,,,,,,,,,,,,,,,,,,,,,,,,,,,,,False,False,,0.5,,,,,,,,,,,,,,,,0.5,Europe,True,True,,,,31.609674728940785,,,11.884904086738949,,50.0,,50.0,24.97864470391994,standard,1105,,True,44.5,False,28.065054211843204,50.0417014178482,50.0417014178482,50.0417014178482,50.0417014178482,50.0417014178482,1,SVAG,-8,UPPTREND,False,0,0.0,LÅG,EJ AKTUELL,-2.5
NAVI,Navient Corporation,Financial Services,Credit Services,United States,USD,760374397.8716469,,-4.306406000000001,0.13,-2.4077152500000003,2.3111684,137.703,,-0.159799995,-0.020585,-0.43592001699999994,-0.11261496499999996,0.550494985,-0.069,,,1832.6925,6.167000000000001,7.601,,657000000.0,45200998400.0,45304299520.0,48681000000.0,,610000000.0,,,,,-80000000.0,441000000.0,7.93,2.0,0.64,4.31,0.16,1780617600.0,1.216,15.069254527518657,7.179060135004698,8.09000015258789,9.4375,3.25,8.0,8.81,0.2337,0.02286,1.03803,False,False,,0.872,1099038.0,1315160.0,1.8374220810465651,0.12,1.85,-35.5,,-0.4631452977442003,0.389055901881869,44.39471896886459,-0.02109097075561983,-0.20919674398478783,True,0.5834774409736362,,0.314,US,True,True,,30.24478947370771,19.40892298948565,16.912874818060157,39.12231775418721,97.44245524296676,29.02418682235196,,50.0,15.544933078393882,97.2,24.923273281498886,standard,1128,10639645,False,52.8,False,28.065054211843204,97.5396163469558,57.63135946622185,50.0417014178482,50.0417014178482,50.0417014178482,1,SVAG,-8,NEDTREND,True,0,0.0,LÅG,EJ AKTUELL,-11.4
1024.HK,Kuaishou Technology,Communication Services,Internet Content & Information,China,HKD,172867905919.5448,-2.895382999999997,-2.4925859999999993,2.2978,0.10627739999999997,1.4198104,1.205,-3.1630000000000003,0.08919250000000001,0.028034997,-0.02329999599999999,-0.09120000500000001,0.18423500000000004,-0.026999999999999996,-0.37550000000000006,-0.27,13.183999999999997,-0.07199999999999995,1.016,-6097107712.0,68232998912.0,38357000192.0,173425721344.0,164504000000.0,,142776000000.0,,,18656000000.0,,18617000000.0,26716000000.0,1.46,0.0,0.69,,0.69,1782691200.0,1.245,92.5999984741211,41.91999816894531,47.2400016784668,71.41956,1.29412,31.0,,,0.23084,0.36854,False,False,,0.5,56390944.0,49982809.0,1.1827958600733353,-3.36,-21.27,-29.12,,-0.48984878556268063,0.4947625539795125,54.98241684083613,0.01804204947166177,-0.26308533054274275,True,0.7580762843632681,,0.74,Asia,True,True,,57.71389754519414,7.246376811594203,32.43245018366902,40.645256142669176,30.264279624893437,67.13928273561301,27.354709418837675,50.0,,50.0,24.6739135207928,standard,1132,301294903,False,44.8,False,28.065054211843204,29.608006672226857,71.8932443703086,50.0417014178482,50.0417014178482,50.0417014178482,3,SVAG,-8,NEDTREND,True,1,0.14285714285714285,LÅG,EJ AKTUELL,0.3
KKR,KKR & Co. Inc.,Financial Services,Asset Management,United States,USD,87102655924.47354,15.17953,0.25710750000000004,0.5275,0.35943674999999964,3.5676649,6.003,,-0.058609991,-0.004724998999999994,-0.13370001299999998,-0.25849496499999997,0.10591498500000002,-0.127,,,1.7214999999999918,-0.8389999999999999,0.814,,45299539968.0,55780061184.0,152196497408.0,410144072000.0,,19207544000.0,,,490198000.0,,2370463000.0,477760000.0,0.76,0.2517,0.75,0.83,0.195,1778803200.0,1.791,152.8544403620755,82.5080917879704,97.01000213623047,125.53474,1.52381,19.0,3.04,0.0209,0.2305,0.62182,False,False,,0.66,4982116.0,3872650.0,1.2824351882924723,4.4,7.29,-26.99,,-0.36534390557162066,0.37338211088769724,52.43735642751156,-0.010857131011485777,-0.13733750851342552,True,0.7425429066384442,,0.736,US,True,True,,30.17170467813877,27.365728900255757,37.70308370625199,36.67054768615741,41.432225063938624,67.13928273561301,,50.0,78.0114722753346,66.0,24.668166440610662,holding,1133,375685785,False,41.7,False,28.065054211843204,40.53377814845705,40.283569641367805,50.0417014178482,50.0417014178482,50.0417014178482,2,SVAG,-8,NEDTREND,True,1,0.14285714285714285,LÅG,EJ AKTUELL,-9.2
COIN,"Coinbase Global, Inc.",Financial Services,Financial Data & Stock Exchanges,United States,USD,36313410390.67268,41.98513,20.124924500000002,0.9782,0.4628037499999996,6.8426414,6.701,33.4855,-0.068379995,-9.499999999999786e-05,-0.12315000699999998,-0.439584965,0.405244985,-0.369,,,-8.226500000000001,0.4450000000000002,1.176,1595706496.0,10438001664.0,7964423168.0,42122424320.0,29671832000.0,,7181325000.0,,,1456145000.0,,1260327000.0,2426383000.0,,0.0,,,,,3.32,444.6499938964844,139.36000061035156,163.25999450683594,229.73567,2.0,30.0,2.5,0.111,0.0133299995,0.68484,False,False,,0.398,9871893.0,8763480.0,1.137251203153399,-15.61,-19.54,-35.37,,-0.6328348212125618,0.6854938426197207,33.814844821700646,-0.11848844838009187,-0.31438839673076124,True,0.36163199105636396,,0.376,US,True,True,66.0458977656806,35.94230825407699,4.5467462347257745,8.054346694887801,25.08032102672436,58.7382779198636,11.884904086738949,87.4749498997996,50.0,19.694072657743785,39.800000000000004,24.343911478600667,standard,1137,1430725697,False,56.3,False,87.57297748123436,59.63302752293578,19.5162635529608,50.0417014178482,50.0417014178482,50.0417014178482,3,SVAG,-8,NEDTREND,True,1,0.14285714285714285,LÅG,EJ AKTUELL,-13.2
QBTS,D-Wave Quantum Inc.,Technology,Computer Hardware,United States,USD,9067873633.202847,,-84.24730874999999,,4.2852193,734.99615,668.126,-78.3065,-0.6995025,-0.18143000999999997,-0.1078924985,-19.28685,0.213225025,-0.9415,,,-45.3125,19.715,21.126,-875363504.0,588395008.0,46820000.0,8314159104.0,915813000.0,,24587000.0,,,-100368000.0,,-355062000.0,-71982000.0,,0.0,,,,,2.055,46.75,12.75,24.690000534057617,36.83867,1.33333,15.0,1.39,0.1681,0.022809999,0.48461,False,False,,0.755,34097109.0,30818190.0,0.669315385632022,35.73,53.35,-3.25,,-0.4718716463303183,1.0992906549660582,37.33147428142557,0.09804586731604803,0.03476242460349099,False,0.3413687175149944,,0.42,US,True,True,,19.28323160856039,45.467462347257744,8.90922576077604,34.623516023602946,82.26768968456948,11.884904086738949,11.422845691382765,50.0,9.177820267686425,75.5,23.958396196427007,standard,1145,760901128,False,42.3,False,28.065054211843204,82.65221017514595,2.543786488740617,50.0417014178482,50.0417014178482,50.0417014178482,2,SVAG,-8,UPPTREND,False,0,0.0,LÅG,EJ AKTUELL,-10.1
REAL.TO,Real Matters Inc.,Real Estate,Real Estate Services,Canada,CAD,392235375.58603287,,-1.7620517500000004,,1.514806,2.11765,1.904,-533.496,-0.304955005,-0.045852499750000004,-0.3718625015,-0.38583501500000006,-0.11652998000000003,0.20900000000000002,,,-73.286,3.248,3.722,-769646641.0,41650000.0,1252000.0,352596096.0,111562000.0,,169749000.0,,,-7928000.0,,-22657000.0,-7183000.0,,0.0,,,,,1.282,8.0,5.010000228881836,5.28000020980835,7.807418,,6.0,13.12,,0.0016,0.371,False,False,,0.5,42376.0,25510.0,0.31831600564754203,-2.22,-4.86,-9.43,,-0.3399999737739563,0.4493744805941903,45.000006622735846,-0.05301667877275096,-0.16107912408270342,True,0.4608615619974552,,0.156,Canada,True,True,,10.907182588850237,23.3873259448707,46.318567318107796,45.765448869346756,98.80647911338448,11.884904086738949,,50.0,,50.0,23.77792654793605,standard,1147,95176,False,53.2,False,28.065054211843204,97.5396163469558,60.3836530442035,50.0417014178482,50.0417014178482,50.0417014178482,2,SVAG,-8,NEDTREND,True,0,0.0,LÅG,EJ AKTUELL,-9.8
HAPV3.SA,Hapvida Participações e Investimentos S.A.,Financial Services,Insurance - Life,Brazil,BRL,4898156757.654829,,0.5763015999999999,,-0.7933473900000002,0.1537935,0.401,3.0649999999999995,-0.15430998499999998,-0.018215001999999994,-0.22371500899999996,-0.28177997,-0.18357999999999997,-0.025999999999999995,,,-51.487500000000004,-0.019000000000000017,1.585,-2198717120.0,8330386944.0,16215185408.0,12784272384.0,72289824000.0,,31577240000.0,,,1908017000.0,,-141747000.0,2088566000.0,,0.0,,,0.08058,1640649600.0,0.291,42.65999984741211,7.0,10.3100004196167,13.96154,2.92308,13.0,,,0.38714,0.95455,False,False,,0.5,10126285.0,5767490.0,0.8548682602055281,-22.31,25.58,-26.04,,-0.7583216020512449,0.6834623156509628,23.255822334888876,-0.1479620141219523,-0.4498853921391178,False,0.05236965663403121,,0.505,LatAm,True,True,25.954595758681542,13.51691876916225,30.988917306052855,40.27930055948792,47.39706114980127,88.6615515771526,11.884904086738949,7.014028056112225,50.0,,50.0,23.607830272348966,standard,1149,11546179,False,57.5,False,28.065054211843204,88.90742285237698,97.5396163469558,50.0417014178482,50.0417014178482,50.0417014178482,2,SVAG,-8,NEDTREND,True,0,0.0,LÅG,EJ AKTUELL,-9.0
BTBT,"Bit Digital, Inc.",Financial Services,Capital Markets,United States,USD,757743238.0411148,,,,-1.1639006500000004,6.601682,9.977,-16.4675,-0.481200015,-0.15739499999999998,-1.725269907,-5.571564965,0.10004498499999998,0.048,,,-7.527500000000003,4.666,2.286,-1507242560.0,79529568.0,363872736.0,1145219712.0,1174418132.0,,113560320.0,,,-56609654.0,,-80316584.0,-288924437.0,,0.0,,,,,4.018,4.550000190734863,1.25,2.1700000762939453,4.6,,5.0,1.93,0.1551,0.01748,0.47287,False,False,,0.87,23445814.0,28884660.0,1.5517939390595046,25.43,34.78,3.33,,-0.5230769263015191,0.9332865241250848,55.90551676298843,0.2252273020484954,-0.0368824807662006,True,0.9263691842368611,,0.297,US,True,True,,14.651722755379646,45.751633986928105,38.50704526765861,33.28816058916738,97.61295822676897,11.884904086738949,,50.0,11.759082217973232,97.0,23.345304882139253,holding,1150,62679714,False,47.3,False,28.065054211843204,97.5396163469558,20.85070892410342,50.0417014178482,50.0417014178482,50.0417014178482,2,SVAG,-8,NEDTREND,True,0,0.0,LÅG,EJ AKTUELL,-4.7
IREN,IREN Limited,Financial Services,Capital Markets,Australia,USD,21428424965.85005,60.053063,-76.6480555,3.11,4.94610535,28.30427,30.25,147.07049999999998,-0.057949995000000004,-0.049375,-0.04174000699999997,-1.013294965,0.234465015,-0.061,,,81.4965,2.0260000000000002,3.504,-3122900608.0,2213274112.0,3964912896.0,22901309440.0,2940323000.0,,501023000.0,,,22122000.0,,86941000.0,245886000.0,,0.0,,,,,4.232,76.87000274658203,9.824999809265137,59.959999084472656,80.93333,1.8125,15.0,1.01,0.16049999,0.03516,0.48786,False,False,,0.1,44619300.0,43820590.0,0.8172805928378565,25.6,43.93,63.87,,-0.21998182721362358,1.0315521344939864,45.71154447934397,0.11092993318919553,0.24059555153088663,False,0.48908232507952326,,0.656,US,True,True,7.236487901175484,28.980129673672838,72.94685990338165,38.335146013593636,30.349308825783908,69.0537084398977,11.884904086738949,9.218436873747494,50.0,10.89866156787763,10.0,22.916630531873473,holding,1152,2627482536,False,40.4,False,28.065054211843204,69.72477064220183,2.543786488740617,50.0417014178482,50.0417014178482,50.0417014178482,3,SVAG,-8,UPPTREND,False,1,0.14285714285714285,LÅG,EJ AKTUELL,-5.1
MARA,"MARA Holdings, Inc.",Financial Services,Capital Markets,United States,USD,5421666654.470208,,-29.3001315,0.1,-0.3006800500000003,6.2474337,8.611,-18.563499999999998,-0.808569995,-0.175245,-2.598800007,-5.949874665,0.003834985000000013,-0.245,,,38.2945,0.14800000000000024,1.627,-1342920992.0,513652992.0,2463960064.0,7473239552.0,7286899000.0,,907093000.0,,,-822169000.0,,-1311480000.0,-802725000.0,,0.0,,,,,5.378,23.450000762939453,6.659999847412109,14.220000267028809,17.571,,10.0,2.23,0.2965,0.00955,0.69482005,False,False,,0.484,43561853.0,37246950.0,0.8556921616571092,14.31,54.23,33.02,,-0.39360341985565317,0.7942782234500482,49.07621353930932,0.12585510013311518,0.13401653167451189,False,0.6228134967849022,,0.587,US,True,True,,11.378852429540702,63.455527138391595,26.083540618939917,29.13802900216717,88.15004262574595,11.884904086738949,6.613226452905812,50.0,12.868068833652007,48.4,22.914303750954712,holding,1153,529651639,False,46.1,False,28.065054211843204,88.4070058381985,21.76814011676397,50.0417014178482,50.0417014178482,50.0417014178482,1,SVAG,-8,UPPTREND,False,1,0.14285714285714285,LÅG,EJ AKTUELL,-7.5
SBILIFE.NS,SBI Life Insurance Company Limited,Financial Services,Insurance - Life,India,INR,1806033560320.4458,52.312568999999996,35.5583935,,5.6726104500000005,1.6083494,1.58,52.583,-0.022584994999999997,-0.026345,-0.23849,-0.16855996999999998,-0.32008999,-0.883,-0.14400000000000002,-0.011,,-0.20299999999999996,0.392,-1566543360.0,32079400960.0,0.0,1774046412800.0,5000459400000.0,,1122911100000.0,,,,,24703000000.0,,0.15,0.1097,2.7,0.18,2.7,1772755200.0,0.335,2129.040438508761,1700.4000244140625,1800.199951171875,2341.1892,1.13889,37.0,,,0.58701,0.31011,False,False,,0.5,1316627.0,939916.0,0.3803256144328263,-3.21,-8.27,-11.46,,-0.15445478694956816,0.19593805180082566,47.64095682165745,-0.02144219063206687,-0.062141235223662106,True,0.5230608320925271,,0.0,India,True,True,35.315257380432506,16.436907937876697,30.775788576300084,15.597671567446556,70.74401355991986,15.004262574595057,67.13928273561301,46.292585170340686,50.0,,50.0,22.876545149645228,standard,1155,17941224,False,42.1,False,28.065054211843204,14.678899082568808,69.05754795663053,50.0417014178482,50.0417014178482,50.0417014178482,2,SVAG,-8,NEDTREND,True,2,0.2857142857142857,LÅG,EJ AKTUELL,-10.8
BBAS3.SA,Banco do Brasil S.A.,Financial Services,Banks - Regional,Brazil,BRL,110862753904.61845,1.109790499999999,-1.9066705000000006,0.3,-0.2983701500000001,1.6022772,13.146,,-0.053219984999999984,-0.023345001999999997,-0.006095009999999956,-0.20191996999999998,-0.29882,-0.279,-0.677,-0.544,,,,,328655175680.0,1122359181312.0,909615038464.0,2455143253000.0,,147119627000.0,,,,,13698124000.0,159254089000.0,1.23,0.1254,0.24,4.7,0.141262,1780358400.0,0.246,27.542484353543653,17.70464917299815,19.420000076293945,26.01538,2.84615,13.0,,,0.5,0.28565,False,False,,0.5,24035853.0,22987020.0,0.5394467647759098,-5.52,-16.46,-8.34,,-0.29490746633408393,0.2871820669868023,31.167140289943205,-0.09077115405546055,-0.12081422736579706,True,0.36017895134127353,,0.59,LatAm,True,True,,22.259670343390688,19.806763285024154,15.772716080928863,75.5513651721304,37.169650468883205,67.13928273561301,,50.0,,50.0,22.3501246118142,standard,1161,86681149,False,45.4,False,28.065054211843204,36.36363636363637,69.14095079232693,50.0417014178482,50.0417014178482,50.0417014178482,1,SVAG,-8,NEDTREND,True,2,0.2857142857142857,LÅG,EJ AKTUELL,-14.1
TROAX.ST,Troax Group AB (publ),Industrials,Metal Fabrication,Sweden,SEK,6403450524.0,33.934222,136.0466125,,32.24732925,24.078552,24.726,144.809,-0.099830003,-0.008339998000000001,-0.028072504499999998,-0.050889999499999984,-0.06671998000000001,-0.010000000000000002,-0.7310000000000001,-0.66,44.205999999999996,0.4849999999999999,1.519,-834800422.0,25100000.0,180800000.0,6575699968.0,398997000.0,,262440000.0,,,33142000.0,,13453000.0,34546000.0,2.43,2.125,2.6,1.78,0.24,1776902400.0,1.191,163.65773798126023,88.4150972366662,107.0,151.63121,1.0,4.0,,,0.05954,0.84406,False,False,,0.5,71904.0,44706.0,0.6568909241486822,1.13,8.75,-23.63,,-0.3461965115743435,0.4186224338856699,39.99999999999999,-0.014862811872901838,-0.14047611733376808,False,0.14550819255844302,,0.339,Nordic,True,True,7.643159453234827,31.891905697972128,29.823813583404377,16.97039396117847,42.776838803202274,87.21227621483376,29.02418682235196,9.719438877755511,50.0,,50.0,22.20935523642786,standard,1162,499635,False,43.0,False,28.065054211843204,87.48957464553794,2.543786488740617,50.0417014178482,50.0417014178482,50.0417014178482,2,SVAG,-8,NEDTREND,True,0,0.0,LÅG,EJ AKTUELL,-9.8
035720.KS,Kakao Corp.,Communication Services,Internet Content & Information,South Korea,KRW,16635816205750.0,,9.874768000000001,1.2,,2.005925,1.647,-2.806000000000001,-0.10967749999999998,-0.018374999,-0.08597999999999999,-0.08708000000000002,0.5819150000000001,0.05,-0.10350000000000001,-0.001,-13.577000000000005,-0.01100000000000001,1.122,3124710148096.0,9990610878464.0,3067317321728.0,13658131267584.0,27783524545810.0,,8099147815080.0,,,733633380080.0,,491491558180.0,1404762595720.0,0.2,0.0646,75.0,0.11,75.0,1773014400.0,1.152,71499.81307705966,36500.0,37750.0,68592.59,1.55556,27.0,,,0.2987,0.22308001,False,False,,0.5,1995425.0,1881746.0,0.8882030686051876,-9.25,-26.7,-36.14,,-0.47202659174347006,0.49205184920598477,35.41666666666667,-0.1464104013566987,-0.31299217816358116,True,0.015280822137021175,,0.691,Asia,True,True,,35.649444605513544,5.257175333901676,48.06382748960178,31.8035102416524,5.200341005967604,67.13928273561301,99.04809619238478,50.0,,50.0,29.65411709621414,standard,1038,51856215,False,57.1,False,97.5396163469558,5.087572977481234,62.63552960800667,50.0417014178482,50.0417014178482,50.0417014178482,5,NEUTRAL,0,NEDTREND,True,1,0.14285714285714285,LÅG,EJ AKTUELL,-3.4
ARBK,Argo Blockchain plc,Financial Services,Capital Markets,United Kingdom,USD,52392930.14344597,-17.096745050000003,-27.1808255,,0.9787027499999997,3.3756158,2.236,-13.9325,,-0.304465,0.07704999300000004,-4.287554965,-0.26929501499999997,,,,,-1.19,0.354,-815811131.0,16389443.0,0.0,34712688.0,22730000.0,,15521000.0,,,-9774000.0,,5084000.0,-25006000.0,,0.0,,,,,1.902,205.1999969482422,2.630000114440918,3.5799999237060547,,,,0.88,0.0022,0.00104,0.17932,False,False,,0.5,28822.0,21060.0,1.7192712342827816,-7.73,23.66,-37.52,,-0.9825536063501549,2.0616313614804427,43.00518121913683,0.005397670797295362,-0.872770487817237,False,0.33207249291685376,,0.5,US,True,True,,22.746204799708376,28.118783745382206,31.609674728940785,2.7212151718848365,99.82949701619779,11.884904086738949,,50.0,95.98470363288719,50.0,21.312548002218335,holding,1167,75395,False,50.6,False,28.065054211843204,97.5396163469558,43.03586321934946,50.0417014178482,50.0417014178482,50.0417014178482,0,SVAG,-8,NEDTREND,True,0,0.0,LÅG,EJ AKTUELL,-7.9
051910.KS,"LG Chem, Ltd.",Basic Materials,Chemicals,South Korea,KRW,23860211258000.0,,0.7893797500000002,1.13,,0.58019596,1.491,1.4049999999999994,-0.1540175025,-0.0339349996,-0.17829749649999999,-0.1686025022,-0.19022499999999998,-0.11399999999999999,,,60.89649999999999,-0.8035,0.658,-5951972374528.0,9686781788160.0,35687030063104.0,67996089319424.0,101061661000000.0,,45932167000000.0,,,1180900000000.0,,-1819449000000.0,8233859000000.0,0.54,0.0,2000.0,1.29,2000.0,1774828800.0,1.365,437500.0,199218.84212962963,338000.0,446840.0,1.72,25.0,,,0.34978,0.33741,False,False,,0.5,364525.0,297648.0,1.0069977105050323,-3.57,6.3,-9.53,,-0.22742857142857142,0.5967453331513839,40.136054421768705,-0.07571987202275154,-0.007155136710205401,True,0.3724628227172239,,0.388,Asia,True,True,34.66896479526216,13.153338092487093,37.82324524012503,14.346973385847315,18.71537946572915,4.262574595055414,67.13928273561301,13.226452905811623,50.0,,50.0,21.124250077263316,standard,1169,73441668,False,43.6,False,28.065054211843204,2.543786488740617,90.9090909090909,50.0417014178482,50.0417014178482,50.0417014178482,2,SVAG,-8,NEDTREND,True,1,0.14285714285714285,LÅG,EJ AKTUELL,-10.4
SBB-B.ST,Samhällsbyggnadsbolaget i Norden AB (publ),Real Estate,Real Estate Services,Sweden,SEK,4405159372.950237,,-16.15120775,,-1.0949961899999998,3.2595615,25.573,44.984500000000004,-0.06212000000000001,-0.022392498749999996,-2.4460425015,0.03728498499999994,0.20453,-0.05499999999999999,,,76.9235,-0.369,0.341,-753592672.0,1858000000.0,38582001664.0,47873499136.0,69409000000.0,,1871000000.0,,,584000000.0,,-2326000000.0,1202000000.0,,0.0,,17.77,1.2,1719360000.0,2.522,6.521999835968018,2.950000047683716,3.125999927520752,3.35,,1.0,,,0.30080998,0.2563,False,False,,0.5,13333955.0,10266705.0,0.42173332481916564,-23.34,-22.18,-25.7,,-0.5206991710914723,0.4471290905625396,30.838706978155017,-0.08712338182669122,-0.27187096689738777,False,0.3643331706482503,,0.5,Nordic,True,True,28.566909939281544,37.030772601565744,7.2179596476271675,29.557034201025754,21.6742491317556,89.42881500426257,11.884904086738949,36.172344689378754,50.0,,50.0,20.777283021711238,standard,1170,3352146,False,49.7,False,28.065054211843204,89.6580483736447,44.70391993327773,50.0417014178482,50.0417014178482,50.0417014178482,2,SVAG,-8,NEDTREND,True,0,0.0,LÅG,EJ AKTUELL,-9.6
NXE.TO,NexGen Energy Ltd.,Energy,Uranium,Canada,CAD,9875688611.819681,,-69.21463200000001,,3.9319489,,,-108.00925000000001,-0.395785,-0.07897249825,-0.08973500000000001,-0.17716750250000002,-0.38794,,,,2.1585000000000036,0.19600000000000017,1.346,-1049248768.0,1018352000.0,721040000.0,9578003456.0,2472933000.0,,0.0,,,-89836000.0,,-309676000.0,-47512000.0,,0.0,,,,,1.611,18.90999984741211,8.675000190734863,14.920000076293945,21.23438,,16.0,8.17,,0.06475,0.55445,False,False,,0.5,1761152.0,1268520.0,0.7001260381992697,2.83,-1.91,32.04,,-0.2109994607781135,0.5517204801252534,44.65558426142909,-0.06109194660315875,0.028930042698118053,True,0.4905270641334924,,0.163,Canada,True,True,,8.822548916914652,51.27877237851663,4.920767306088407,44.40109798930548,81.32992327365729,11.884904086738949,11.022044088176353,50.0,,50.0,19.486634412517226,commodity,1175,13373600,False,49.3,False,28.065054211843204,81.7347789824854,50.0417014178482,50.0417014178482,50.0417014178482,50.0417014178482,2,SVAG,-8,VARNING,False,0,0.0,LÅG,EJ AKTUELL,-7.5
MIGI,Big Digital Energy Inc,Financial Services,Capital Markets,United States,USD,40464633.75,,39.4725065,,,0.6500589,1.004,-11.3285,,-0.228415,-0.8455800069999999,-4.930834565,-0.013245035000000016,-0.8460000000000001,,,,-1.2289999999999996,0.389,-812273284.0,13271256.0,28482320.0,39901348.0,57441666.0,,39754085.0,,,-19883217.0,,-23656569.0,-6899676.0,,0.0,,,,,4.23,40.0,1.6950000524520874,7.375,,,,0.33,0.1102,0.41764,0.0039,False,False,,0.5,559358.0,325218.0,1.0645858215517057,22.92,192.66,10.07,,-0.815625,1.8815877650043045,62.553189658859765,0.25037723694543423,-0.05694992631259366,False,0.7085779662835187,,0.496,US,True,True,,12.727039552689638,52.34441602728048,11.140251615655107,1.0617015810407737,99.9147485080989,11.884904086738949,,50.0,20.26768642447419,50.0,18.73444678424698,holding,1178,2398483,False,57.4,False,28.065054211843204,97.5396163469558,88.4070058381985,50.0417014178482,50.0417014178482,50.0417014178482,1,SVAG,-8,NEDTREND,True,0,0.0,LÅG,EJ AKTUELL,-8.2
KINV-B.ST,Kinnevik AB,Financial Services,Asset Management,Sweden,SEK,12973341448.772388,,-2.009431000000001,4.76,-1.5045912500000003,-1.6471888,-0.84,,-0.394839995,-0.187895,-0.21206500999999997,0.6582700300000001,-0.42635,,,,-41.38750000000001,4.531000000000001,6.269,-6674153600.0,9402999808.0,2055000064.0,7672652288.0,38117000000.0,,-4223000000.0,,,,,-3346000000.0,-215000000.0,,0.0,,2.71,7.0,1717718400.0,1.356,94.13999938964844,46.779998779296875,53.34000015258789,80.85714,1.71429,7.0,,,0.028989999,0.57245,False,False,,0.5,1470289.0,1003317.0,1.4964233017687378,0.41,0.45,-35.36,,-0.4333970629019027,0.3684513545887017,41.05737019413756,-0.0254187729948262,-0.24334361100738278,False,-0.13310745737287594,,0.5,Nordic,True,True,,22.91155983876551,18.840579710144926,31.609674728940785,50.30123884630581,76.89684569479965,11.884904086738949,,50.0,,50.0,18.082767933120483,holding,1180,5589772,False,48.7,False,28.065054211843204,77.3978315262719,50.0417014178482,50.0417014178482,50.0417014178482,50.0417014178482,3,SVAG,-8,NEDTREND,True,0,0.0,LÅG,EJ AKTUELL,-13.4
3690.HK,Meituan,Consumer Cyclical,Internet Retail,China,HKD,401737555056.4879,,2.1279249999999994,28.7188,0.7895416,1.199177,1.061,-25.896750000000004,-0.364689995,-0.13049001000000002,-0.2150500005,-0.19039499999999998,-0.07411499999999999,-0.016999999999999994,,,39.6245,0.604,1.558,-40013606912.0,180370161664.0,112803880960.0,392356888576.0,346910280000.0,,364854746000.0,,,-29840115000.0,,-23355015000.0,-13815001000.0,,0.0,,,,,0.184,137.10000610351562,71.0999984741211,71.80000305175781,108.82586,1.76923,37.0,,,0.018480001,0.39625,False,False,,0.5,51765582.0,44891505.0,1.1920450968808025,-13.55,-8.3,-26.25,,-0.47629467647473245,0.41081240552392334,47.619056007031816,-0.12355651458412376,-0.22537905244367085,False,0.032644802419781425,,0.5,Asia,True,True,,12.467491033456636,12.816140949133278,37.28989887589394,61.40389107849628,22.08013640238704,11.884904086738949,11.923847695390782,50.0,,50.0,17.28083868442747,standard,1182,411291609,False,44.3,False,28.065054211843204,21.601334445371144,76.56380316930776,50.0417014178482,50.0417014178482,50.0417014178482,2,SVAG,-8,NEDTREND,True,1,0.14285714285714285,LÅG,EJ AKTUELL,-14.5
JOBY,"Joby Aviation, Inc.",Industrials,Airports & Air Services,United States,USD,9836428520.0,,-36.543281,,0.6909417499999997,126.642235,96.159,-26.924499999999995,-0.83193005,-0.300929988,-0.10394750150000001,-9.7692349975,-0.06918501500000002,,,,-37.217999999999996,20.669999999999998,21.757,-1192486624.0,2466189056.0,747726016.0,7468761088.0,1795069000.0,,53425000.0,,,-719591000.0,,-929842000.0,-509893000.0,,0.0,,,,,2.669,20.950000762939453,7.75,10.0,11.12,,9.0,2.71,0.1356,0.32586,0.41224,False,False,,0.784,29139485.0,35825880.0,1.3303034880242623,0.0,3.2,-28.93,,-0.5226730484091439,0.7853536973792937,33.333338910375375,0.014754525929579598,-0.199551750476466,False,0.399633271325064,,0.416,US,True,True,,11.544690335389749,20.70190394998579,16.59716430358632,34.499691715320594,81.41517476555839,11.884904086738949,8.11623246492986,50.0,14.722753346080305,78.4,24.790412611921667,standard,1129,358258800,False,42.2,False,28.065054211843204,81.81818181818183,2.543786488740617,50.0417014178482,50.0417014178482,50.0417014178482,4,NEUTRAL,0,NEDTREND,True,0,0.0,LÅG,EJ AKTUELL,2.2
OPEN,Opendoor Technologies Inc.,Real Estate,Real Estate Services,United States,USD,4312372542.630199,,-400.77528975,,2.2732108500000003,1.0950668,1.181,-32.482,-1.8043899999999997,-0.11219249874999998,-0.6104474985,-0.59646,-0.367485015,-0.433,,,48.22550000000001,6.461,3.151,473518720.0,999000000.0,1338000000.0,4651372544.0,2407000000.0,,4371000000.0,,,-277000000.0,,-1300000000.0,1049000000.0,,0.0,,,,,3.554,10.869999885559082,0.5080000162124634,4.46999979019165,4.82143,3.0,7.0,3.77,0.16149999,0.049250003,0.49383998,False,False,,0.826,36483490.0,40276820.0,0.8417196097468541,3.95,-13.04,-33.58,,-0.5887764639142181,1.60221781261765,38.4615340065039,-0.08005767109396078,-0.26905847802274896,False,0.33220782960571493,,0.838,US,True,True,,3.385186092614519,7.814720090934924,37.03683209939155,36.65257802522518,89.6845694799659,11.884904086738949,97.1943887775551,50.0,10.51625239005736,92.6,24.21049547733099,standard,1139,180037377,False,72.2,True,97.5396163469558,89.90825688073394,78.48206839032527,50.0417014178482,50.0417014178482,50.0417014178482,5,NEUTRAL,0,NEDTREND,True,0,0.0,LÅG,EJ AKTUELL,-3.4
BRNK.DE,Branicks Group AG,Real Estate,Real Estate Services,Germany,EUR,70362160.05755424,,-12.59512025,6.12,-0.9346098499999997,0.31365192,9.66,-112.1675,-0.381045005,-0.07512250274999999,-1.5075224054999998,-3.146495215,0.42082996,-0.261,,,109.76550000000002,-0.20100000000000007,0.24,-261039584.0,97065000.0,1859616000.0,2167097344.0,3741591000.0,,251631000.0,,,-297988000.0,,-281113000.0,54844000.0,,0.0,,4.14,0.75,1680220800.0,0.912,2.259999990463257,0.800000011920929,0.8420000076293945,1.85,,2.0,,,0.38667,0.21784,False,False,,0.5,66608.0,87381.0,0.0629536070900778,-29.83,-40.87,-51.61,-56.86,-0.627433623370591,0.5423264240094942,26.73611434486952,-0.2907801411318408,-0.5013842176521006,False,0.17342130922405397,,0.5,Europe,True,True,,21.577107644018405,1.6654348217148847,17.254749491008177,29.828634316020192,99.65899403239557,11.884904086738949,10.120240480961924,50.0,,50.0,14.987929244811063,standard,1187,84384,False,58.8,False,28.065054211843204,97.5396163469558,97.5396163469558,50.0417014178482,50.0417014178482,50.0417014178482,1,SVAG,-8,NEDTREND,True,0,0.0,LÅG,EJ AKTUELL,-12.3
LEU,Centrus Energy Corp.,Energy,Uranium,United States,USD,3627528344.0916443,49.08793499999999,36.592412,2.87,2.3771437499999997,8.324511,5.672,66.17575000000001,0.007700005000000003,-0.043082498250000004,0.022969992999999987,-0.1789824975,-0.19281501500000003,0.0005000000000000004,-1.004,-0.632,94.39600000000002,4.534,4.76,-822731256.0,1868199936.0,1178599936.0,2565657344.0,2445900000.0,,448700000.0,,,50200000.0,,77800000.0,51000000.0,,0.0,,5.94,37.912086,1132617600.0,1.339,464.25,144.64999389648438,191.38999938964844,276.85715,1.75,14.0,4.87,0.2209,0.04306,0.85532,False,False,,0.468,887041.0,1014420.0,2.309545220966084,13.25,-6.68,-18.84,,-0.5877436739049038,0.9271843364301766,52.96779256577814,0.00985210637248346,-0.22692119291923196,True,0.803338962264366,,0.513,US,True,True,4.384814404929261,31.560114098236806,14.379084967320262,24.96669630372446,35.72847890317238,91.38959931798807,11.884904086738949,2.905811623246493,50.0,15.736137667304014,46.800000000000004,14.549148593833838,commodity,1188,194149843,False,45.5,False,28.065054211843204,91.57631359466222,15.012510425354462,50.0417014178482,50.0417014178482,50.0417014178482,3,SVAG,-8,NEDTREND,True,0,0.0,LÅG,EJ AKTUELL,1.8
1211.HK,BYD Company Limited,Consumer Cyclical,Auto Manufacturers,China,HKD,297802884379.57764,16.713939000000003,0.15948899999999888,0.6783,1.0170608,0.9404151,1.009,-8.999750000000002,-0.012279985000000007,-0.022480000000000007,-0.07104999749999999,-0.06724499999999999,-0.18555499999999997,-0.191,-0.6799999999999999,-0.554,19.4325,-0.5780000000000002,0.376,-126326175744.0,129541152768.0,144350314496.0,790611492864.0,883729883000.0,,803964958000.0,,,38516936000.0,,32619022000.0,59135544000.0,0.49,0.6774,0.41,0.66,0.41141,1781136000.0,0.256,135.65248677758285,80.4000015258789,80.8499984741211,124.56131,1.48276,28.0,,,0.00122,0.42631,False,False,,0.5,29128004.0,23220220.0,1.1429835710997434,-13.49,-22.11,-17.11,,-0.40399177048126256,0.36190220047166843,30.630630364798947,-0.16627323008567418,-0.18959203691714932,False,0.003731712605752774,,0.0,Asia,True,True,,26.845728397465713,11.56578573458369,4.243075853238645,53.48374802463509,24.21142369991475,67.13928273561301,8.016032064128256,50.0,,50.0,14.490359619778044,standard,1189,239556284,False,45.4,False,28.065054211843204,23.686405337781487,82.40200166805671,50.0417014178482,50.0417014178482,50.0417014178482,1,SVAG,-8,NEDTREND,True,1,0.14285714285714285,LÅG,EJ AKTUELL,-17.0
OKLO,Oklo Inc.,Utilities,Utilities - Independent Power Producers,United States,USD,10643028356.202988,,-90.3840395,,1.4105605999999995,,,-58.65375,-0.18642499,-0.10516,-0.132525,-0.2219724975,-0.449505015,,,,-155.1885,59.020500000000006,59.735,-911856384.0,2208609024.0,2620000.0,7789793280.0,1528457000.0,,0.0,,,-139294000.0,,-105663000.0,-82174000.0,,0.0,,,,,1.113,193.83999633789062,44.880001068115234,61.16999816894531,88.63158,1.95652,19.0,1.94,0.18020001,0.16247,0.54666,False,False,,0.407,13388690.0,11107150.0,1.03387545465575,9.47,11.85,-26.75,,-0.6844304615941216,1.0217087255889175,43.29340013459421,-0.05942088443925175,-0.28069145924103334,False,0.4257684719759933,,0.0,US,True,True,,6.949815185453053,25.44757033248082,1.0425354462051708,42.74941015808077,80.22165387894287,11.884904086738949,10.420841683366733,50.0,8.413001912045889,40.699999999999996,13.15487975618105,standard,1196,679424345,False,49.1,False,28.065054211843204,80.65054211843203,50.0417014178482,50.0417014178482,50.0417014178482,50.0417014178482,3,SVAG,-8,NEDTREND,True,0,0.0,LÅG,EJ AKTUELL,-6.0
VKTX,"Viking Therapeutics, Inc.",Healthcare,Biotechnology,United States,USD,3527289336.9002666,,-22.218060400000002,,2.0295053999999997,,,,-0.8258875575,-0.486295,-0.11948499700000001,-0.190294995,-0.449505015,,,,,3.7059999999999995,5.671,-989211008.0,602963968.0,0.0,2839568384.0,715729000.0,,0.0,,,-393342000.0,,-359639000.0,-278685000.0,,0.0,,,,,0.678,43.150001525878906,22.958999633789062,30.3799991607666,92.57895,1.45,19.0,10.03,0.2037,0.02786,0.64524,False,False,,0.732,2178630.0,2150510.0,1.7175459582765362,6.97,-10.44,-14.95,,-0.29594442441568825,0.7370712367407131,38.40863021057094,-0.03557701022265414,-0.06274490315803849,True,0.567151280666376,,0.0,US,True,True,,5.215899875423821,20.06251776072748,1.0425354462051708,52.70565767939342,91.81585677749361,11.884904086738949,2.3046092184368736,50.0,16.118546845124282,73.2,12.506806587476756,standard,1197,65332492,False,50.8,False,28.065054211843204,91.99332777314429,50.0417014178482,50.0417014178482,50.0417014178482,50.0417014178482,1,SVAG,-8,NEDTREND,True,0,0.0,LÅG,EJ AKTUELL,1.4
ROK,"Rockwell Automation, Inc.",Industrials,Specialty Industrial Machinery,United States,USD,51112577163.52261,13.353897000000005,8.668737999999998,2.001,8.048801050000002,5.8056083,6.224,8.070749999999999,0.08085999650000003,0.03060499899999999,0.015877504499999993,0.07186253000000002,0.007242515000000015,0.055999999999999994,0.324,0.389,39.500000000000014,-0.38774999999999993,0.616,-129836096.0,423000000.0,4054000128.0,54797578240.0,11219000000.0,,8342000000.0,,,1423000000.0,,869000000.0,1544000000.0,1.2,0.55869997,5.52,1.63,1.38,1786924800.0,1.561,468.1099853515625,301.1794982131928,459.3399963378906,463.66193,2.24138,26.0,3.99,0.033800002,0.0017299999,0.91080004,False,False,,0.311,771830.0,621170.0,1.72,8.61,33.83,,,0.0,0.344,60.0,8.92,,False,0.7009448299511488,,0.981,US,True,True,46.013919262218494,66.60265376426051,91.97080291970804,73.07985803923029,36.03128836020564,59.70548862115127,67.4025974025974,44.37194127243067,50.0,54.98489425981873,31.1,63.62162388618457,standard,25,285328226,False,49.3,False,60.94920899250624,53.45545378850958,23.31390507910075,50.041631973355535,50.041631973355535,50.041631973355535,4,NEUTRAL,0,UPPTREND,False,4,0.5714285714285714,MEDEL,VÄNTA,0.0
WAT,Waters Corporation,Healthcare,Diagnostics & Research,United States,USD,34908016908.29422,14.532629000000002,2.6621369999999978,1.5783,2.7030378,9.2587185,10.622,18.692500000000003,-0.11157249599999998,-0.035485,-0.003722495499999999,-0.16086749,0.06957251500000007,0.8310000000000001,,,-20.745249999999988,-0.32074999999999987,0.974,-1606706688.0,462000000.0,5601999872.0,40048017408.0,5076550000.0,,3165286000.0,,,802588000.0,,642629000.0,652555000.0,,0.0,,,,848966400.0,1.202,414.1499938964844,275.04998779296875,355.5299987792969,400.27274,1.86957,22.0,3.66,0.0456,0.00103,0.99646,False,False,,0.869,1030861.0,870650.0,0.8251703915042004,6.15,24.06,-10.18,,-0.14154290952818271,0.39033997115383146,56.09259600959948,0.05566868178926643,0.034692445036186736,False,0.482734162409115,,0.906,US,True,True,25.516947055288156,29.74900247948259,61.4549756386099,89.05708497630503,32.328038038200354,67.20214190093708,12.207792207792208,23.98042414355628,50.0,43.80664652567976,96.9,48.358761173333306,standard,448,309542193,False,40.6,False,28.059950041631975,60.03330557868443,13.655287260616152,50.041631973355535,50.041631973355535,50.041631973355535,1,SVAG,-8,UPPTREND,False,2,0.2857142857142857,LÅG,EJ AKTUELL,0.0
PSTG,Everpure Inc,Technology,Computer Hardware,United States,USD,23895629041.51062,86.36282824999999,0.25039549999999977,1.532,7.527515449999999,6.116902,5.954,62.28325,-0.04618499349999995,-0.05449,-0.059827498499999986,-0.32160248499999994,0.22184251500000007,,,,79.24150000000002,-0.16874999999999984,1.436,-727603424.0,1234183936.0,911254016.0,21808037888.0,4674259000.0,,3662843000.0,,,114816000.0,,188181000.0,880085000.0,,0.0,,,,,1.343,100.58989715576172,50.20000076293945,72.30999755859375,89.89474,1.85714,19.0,3.5,0.037100002,0.05836,0.86261004,False,False,,0.5,2894515.0,2475883.0,0.729651704216844,-14.36,17.58,-1.82,,-0.2811405558291509,0.6837071572169183,36.40678986996735,-0.015633367729953496,-0.047126486689395564,False,0.27762757476814964,,0.782,US,True,True,21.31450158839186,28.652094989199203,57.53483465354384,65.77922077922078,26.338832879542153,74.16331994645248,12.207792207792208,25.938009787928223,50.0,50.60422960725075,50.0,45.350823196775416,standard,564,179031094,False,42.9,False,28.059950041631975,67.11074104912574,21.981681931723564,50.041631973355535,50.041631973355535,50.041631973355535,2,SVAG,-8,NEDTREND,True,1,0.14285714285714285,LÅG,EJ AKTUELL,0.0
III.L,3i Group Ord,Financial Services,Asset Management,United Kingdom,GBp,29542824902164.6,-8.5098907,-6.1291520749999995,,-1.570347915,4.18662,4.323,-1.5570000000000004,0.04712998374999998,0.09293500025,0.68568504,0.53456631725,0.598645,-0.395,-0.4775,-0.329,-70.9475,4.803499999999999,5.681,2698881152.0,635000000.0,1260999936.0,24129069056.0,32338000000.0,,5428000000.0,,,,,5294000000.0,,3.66,0.1467,0.85,2.6,0.48,1781740800.0,1.134,56700.49459146336,23013.797616958618,29189.224592208862,3362.2002,1.90909,10.0,,,0.020450002,0.84339994,False,False,,0.5,3196123.0,3481146.0,0.628575943558287,-4.14,-19.54,-26.18,-44.91,-0.48520335135483106,0.43795093284281184,51.90122298349736,-0.05456753146527926,-0.2820257909816122,True,0.9106778072176297,,0.5,UK,True,True,,91.38670091919546,16.100606569279982,11.601945209431943,52.88495910765338,4.685408299866131,67.4025974025974,97.71615008156607,50.0,,50.0,42.932409685457465,holding,611,101611952432,False,42.8,False,58.284762697751866,2.5811823480432974,35.47044129891757,50.041631973355535,50.041631973355535,50.041631973355535,4,NEUTRAL,0,NEDTREND,True,2,0.2857142857142857,LÅG,EJ AKTUELL,0.0
BITF,Bitfarms Ltd,Financial Services,Capital Markets,United States,USD,3701505900.6906896,,-222.52785375000002,,-6.695987412500001,,,,,,-0.26224124825,-0.37002246749999995,-0.56822502,,,,,,,,,,,,,,,,,,,,,0.0,,,,,,6.599999904632568,0.699999988079071,6.139999866485596,,,,2.29,0.1155,0.04605,0.40001,False,False,,0.5,32660486.0,32421308.0,1.1138113700200658,98.71,208.54,76.44,,-0.06969697648390827,1.0975704601611582,85.3242231949193,0.8115834730700242,1.118611126689414,True,0.9813241351275993,,0.5,US,True,True,,3.440571939231457,92.49297208959138,29.35064935064935,1.07095046854083,94.64524765729585,12.207792207792208,,50.0,16.91842900302115,50.0,30.349066784602797,holding,736,199066827,False,,,,,,,,,1,SVAG,-8,UPPTREND,False,1,0.14285714285714285,LÅG,EJ AKTUELL,0.0
SQ,SQ,Unknown,Unknown,Unknown,USD,,,,,,,,,,,,,,,,,,,,,,,,,,,,,,,,,,,,,,,,,,,,,,,,,,False,False,,,,,,,,,,,,,,,,,,0.5,US,True,,,,,29.35064935064935,,,12.207792207792208,,50.0,,50.0,27.429584415584415,standard,741,,True,,,,,,,,,1,SVAG,-8,UPPTREND,False,0,0.0,LÅG,EJ AKTUELL,0.0
9433.T,KDDI Corporation,Communication Services,Telecom Services,Japan,JPY,10542049402053.0,-0.3163670000000032,1168.71187,1.7168,0.011985349999999784,1.7361984,2.523,0.7635000000000005,0.010977504999999999,-0.005044997999999995,0.04462999100000001,0.03549999399999998,0.13029999999999997,0.026999999999999996,0.3215,0.359,55.807,-0.9499999999999998,0.438,1284865581056.0,1118862049280.0,5378069233664.0,15316959625216.0,16714708000000.0,,,,,,,,1249042000000.0,3.03,0.43580002,84.0,3.08,42.0,1790640000.0,-0.096,2812.5,2273.6035807467433,2769.0,2785.0715,2.5,14.0,,,0.23798001,0.37969002,False,False,,0.5,9706173.0,8475980.0,1.414317308663774,4.67,3.72,5.99,,-0.015466666666666629,0.22644215181090405,64.73165388828039,0.042851439805364544,0.0730161376572287,True,0.8323077347844395,,0.163,Japan,True,True,94.63457411340165,59.522019837989546,62.871707731520814,53.03419039518119,57.075167015683235,6.547619047619048,67.02747710241465,95.68706118355065,50.0,,50.0,61.18985621555169,standard,129,146518020,False,57.9,False,97.50208159866777,6.411323896752706,67.27726894254788,50.041631973355535,50.041631973355535,50.041631973355535,5,NEUTRAL,0,UPPTREND,False,3,0.42857142857142855,LÅG,VÄNTA,0.0
0836.HK,China Resources Power Holdings Company Limited,Utilities,Utilities - Independent Power Producers,Hong Kong,HKD,101522105441.22528,-6.751373250000004,-6.0510100499999995,1.1866,0.006244224999999992,0.99521834,3.132,-5.212500000000002,0.05307499499999999,0.021900000000000003,-0.013970008000000006,-0.04565750250000003,0.16000500000000006,-0.124,0.19,0.323,52.07199999999999,-0.44100000000000006,0.451,-18503554048.0,11674565632.0,218231259136.0,319502548992.0,409364215000.0,,102009878000.0,,,21405429000.0,,14787213000.0,44650887000.0,5.75,0.3739,1.13,4.12,0.771,1781049600.0,0.637,21.351033107130835,16.283053425937,19.610000610351562,20.91643,2.375,14.0,,,0.61751,0.081149995,False,False,,0.5,16459498.0,26818291.0,1.0861612565014196,-1.39,8.32,9.25,,-0.08154324374110966,0.20996311819239352,51.66748650322599,0.022249111385559628,0.08869510975270756,False,0.3632731814052138,,0.5,Asia,True,True,,58.05629389319567,61.92296799773436,45.36538532795176,54.408329168575364,39.1156462585034,67.02747710241465,18.956870611835505,50.0,,50.0,55.68226837741601,standard,254,67123602,False,47.5,False,28.059950041631975,38.30141548709409,81.3488759367194,50.041631973355535,50.041631973355535,50.041631973355535,4,NEUTRAL,0,UPPTREND,False,2,0.2857142857142857,LÅG,VÄNTA,0.0
NSC,Norfolk Southern Corporation,Industrials,Railroads,United States,USD,70502303676.3978,-4.661104250000003,3.563689499999999,4.5947,0.0,5.785991,7.123,-1.4145000000000003,0.023184995000000014,0.0037849990000000007,0.114915013,0.186155005,0.006449999999999956,-0.061,-0.338,-0.271,35.6155,-0.478,0.739,486893696.0,1340999936.0,17635000320.0,86796304384.0,45236000000.0,,12180000000.0,,,4571000000.0,,2873000000.0,4361000000.0,1.72,0.45490003,5.4,2.04,1.35,1778198400.0,1.272,326.0,243.33359778900842,313.9100036621094,335.70587,2.55,17.0,6.44,0.0364,0.00046999997,0.78262,False,False,,0.636,1238606.0,947520.0,0.43430592972688775,1.07,8.95,7.61,,-0.03708587833708776,0.19812775768839183,49.479171473486346,0.018722225746754972,0.0692122702357707,False,0.5738509495630211,,0.751,US,True,True,,67.65852865843848,65.67544604927782,29.92056265302493,46.86090719557758,46.683673469387756,67.02747710241465,53.36008024072216,50.0,55.14285714285714,63.6,55.62358126954441,standard,258,297436007,False,48.9,False,63.86344712739383,45.71190674437968,23.397169025811824,50.041631973355535,50.041631973355535,50.041631973355535,4,NEUTRAL,0,UPPTREND,False,3,0.42857142857142855,LÅG,VÄNTA,0.0
ACCON.ST,Acconeer AB (publ),Technology,Electronic Components,Sweden,SEK,1480191422.7439651,,175.1036345,,0.11827464999999915,23.663754,22.59,-109.87349999999999,-0.22616999999999998,-0.10738,-0.42094498300000005,-0.616885005,0.12597999999999998,0.21149999999999997,,,,4.648000000000001,3.919,-908792796.0,67177000.0,0.0,1413014400.0,274535000.0,,57873000.0,,,-18606000.0,,-20149000.0,-20329000.0,,0.0,,,,,1.337,26.899999618530273,4.599999904632568,19.440000534057617,6.5,,1.0,,,0.40527,0.10679,False,False,,0.5,511239.0,711152.0,0.2294887524075612,29.43,77.05,73.57,,-0.2773233899726072,0.8692608614984468,43.80040558076362,0.23848480305095499,0.8056301085386688,False,0.4664318906720772,,0.5,Nordic,True,True,,17.099709905864444,72.5007080147267,60.40682472208832,39.04017862909453,95.66326530612244,11.823480432972524,,50.0,,50.0,46.98827481312499,standard,546,1464994,False,44.5,False,28.059950041631975,97.50208159866777,2.5811823480432974,50.041631973355535,50.041631973355535,50.041631973355535,3,SVAG,-8,UPPTREND,False,2,0.2857142857142857,LÅG,EJ AKTUELL,0.0
5301.T,"Tokai Carbon Co., Ltd.",Basic Materials,Specialty Chemicals,Japan,JPY,387940752681.0,-0.8330452500000014,0.5765512500000023,0.84,0.0456299,1.196115,1.666,-0.5949999999999989,-0.00831499900000001,-0.0087500015,-0.0020875014999999983,-0.0025925005000000043,-0.04913000000000001,-0.071,-0.903,-0.486,38.1425,0.4685,1.555,,86291996672.0,204255002624.0,540337766400.0,664033000000.0,,322960000000.0,,,25850000000.0,,20078000000.0,55872000000.0,2.2,0.319,40.0,2.9,20.0,1782691200.0,0.719,1913.0,878.0,1817.0,1887.5,1.5,4.0,,,0.03004,0.46897,False,False,,0.5,2124341.0,2358930.0,1.0620485374524138,14.64,83.87,84.98,,-0.050182958703606895,0.37679918100148124,63.400148478099474,0.3399270227757134,0.6519208430010315,False,0.6961879756451436,,0.5,Japan,True,True,,44.34805525960548,91.33389974511469,16.080841368561035,53.701917718464,22.448979591836736,67.02747710241465,,50.0,,50.0,43.836712076300174,standard,670,26757661,False,44.4,False,28.059950041631975,21.981681931723564,76.8526228143214,50.041631973355535,50.041631973355535,50.041631973355535,2,SVAG,-8,UPPTREND,False,2,0.2857142857142857,LÅG,EJ AKTUELL,0.0
5714.T,"Dowa Holdings Co., Ltd.",Basic Materials,Other Industrial Metals & Mining,Japan,JPY,554633580969.0,-11.20958025,-0.7843987499999967,0.3,0.03845490000000007,0.7440651,0.895,-0.16299999999999848,0.06936499699999998,-0.0043499995,0.02406249850000001,0.0068474995,-0.17522000000000001,,,,10.480500000000003,-0.28249999999999986,0.626,,51225001984.0,144738992128.0,667212447744.0,673537000000.0,,678672000000.0,,,32226000000.0,,27128000000.0,12827000000.0,3.6,0.25530002,338.0,2.35,338.0,1806364800.0,0.835,12380.0,4268.875896044598,9377.0,10421.429,2.85714,7.0,,,0.03876,0.52175,False,False,,0.5,503680.0,482790.0,1.0498564768632561,-6.46,-2.94,61.31,,-0.24256865912762515,0.4738366618904191,28.01918735891647,-0.055002731089472956,0.22436080342387643,False,0.2269710496340277,,0.163,Japan,True,True,,50.94328608579673,51.72755593316341,4.954204829308909,45.10804400372839,19.727891156462583,67.02747710241465,,50.0,,50.0,32.278082092153646,standard,982,28261834,False,45.5,False,28.059950041631975,19.317235636969194,86.84429641965029,50.041631973355535,50.041631973355535,50.041631973355535,2,SVAG,-8,VARNING,False,1,0.14285714285714285,LÅG,EJ AKTUELL,0.0
AI.PA,L'Air Liquide S.A.,Basic Materials,Specialty Chemicals,France,EUR,104360458527.56332,4.2329130000000035,5.844386250000005,2.083,0.4579159724999998,3.8737814,4.174,-0.1463749999999986,-0.020204992500000008,0.01099749849999999,0.013800011499999966,0.025987505499999994,0.26950001,-0.122,-0.364,0.056,4.134500000000003,-0.5589999999999999,0.776,909666240.0,3960800000.0,13650599936.0,112452837376.0,,,,,,,,,,2.1,0.5428,3.7,1.83,3.7,1779062400.0,0.646,185.81531660859417,151.60885273213566,180.83999633789062,197.3,1.55,20.0,,,0.0014599999,0.29151,False,False,,0.5,953666.0,916701.0,0.92,6.97,11.97,,,-0.64,0.1944,66.5,2.95,,True,0.7369165095638068,,0.5,Europe,True,True,,60.26873322933011,55.68990042674254,22.214575790251413,66.74750272127149,43.89261744966443,67.34028683181225,60.392798690671036,50.0,,50.0,52.36979869814932,standard,277,191493824,False,,,,,,,,,3,SVAG,-8,UPPTREND,False,3,0.42857142857142855,LÅG,EJ AKTUELL,0.0
9988.HK,Alibaba Group Holding Limited,Consumer Cyclical,Internet Retail,Hong Kong,HKD,2349232036945.5034,0.8613649999999993,-0.7213304999999988,0.4447,0.13692950000000037,2.2949114,2.262,5.836499999999999,-0.031590001000000006,-0.024280000000000006,-0.0047449975000000075,-0.11026500549999999,0.040195000000000036,-0.043,0.9259999999999999,1.034,-10.411499999999997,-0.1110000000000001,0.863,-53306107904.0,316819996672.0,281721995264.0,2315480203264.0,,,,,,,,,,0.84,0.1712,1.03,,0.13125,1781049600.0,0.46,186.1999969482422,101.80000305175781,122.4000015258789,183.9612,1.3,26.0,,,0.04853,0.31469,False,False,,0.5,88371071.0,91554653.0,0.8495998186957652,-8.79,-9.2,-20.93,,-0.3426423011172105,0.46378046916216575,36.363632542251196,-0.046684407636475855,-0.15748317777101495,False,0.19558377637887192,,0.0,Asia,True,True,38.86025690494964,35.23929990198807,18.081494057724957,51.46362180289064,46.99878145623892,13.5089209855565,66.98584512905911,31.73173173173173,50.0,,50.0,37.009257586433975,standard,871,1430669318,False,,,,,,,,,4,NEUTRAL,0,NEDTREND,True,1,0.14285714285714285,LÅG,EJ AKTUELL,0.0
AMBU-B.CO,Ambu A/S,Healthcare,Medical Devices,Denmark,DKK,15176080722.0,14.070832499999998,6.479609,2.85,0.017850500000000102,2.8573399,2.821,6.442000000000002,-0.04554499499999998,-0.006400003000000001,-0.005770001000000004,-0.05402249999999999,0.17342000000000002,-0.07,-0.46399999999999997,-0.356,-31.185500000000005,0.7429999999999999,1.618,-576592672.0,691000000.0,551000000.0,17220870144.0,,,,,,,,,,0.62,0.2291,0.41,0.24,0.41,1764806400.0,1.34,111.27313107706824,60.45000076293945,66.0,88.8,2.0,8.0,,,0.41208,0.32709998,False,False,,0.5,964021.0,841112.0,0.7287933754212527,0.84,-17.19,-24.77,,-0.406864897561945,0.3524953610219664,61.07593653123702,-0.000968764721545945,-0.2150648098615393,True,0.6419305065237534,,0.0,Nordic,True,True,35.093529283473416,43.94623141963852,10.130164119977364,11.237630411367858,44.00741997373215,75.02124044180118,66.98584512905911,27.627627627627625,50.0,,50.0,23.404447670489105,standard,1151,8559617,False,,,,,,,,,3,SVAG,-8,NEDTREND,True,1,0.14285714285714285,LÅG,EJ AKTUELL,0.0
6723.T,Renesas Electronics Corporation,Technology,Semiconductors,Japan,JPY,8164326294000.0,,-8.918330499999998,2.5544,0.033824325000000155,5.8621116,6.51,6.503000000000001,-0.14077000500000003,-0.00066,-0.1084475,0.09579498625000005,0.26244500000000004,0.232,1.585,1.621,19.4045,-0.5298749999999998,0.865,136445749248.0,307907002368.0,1205048967168.0,9067115315200.0,,,,,,,,,,0.62,0.3081,28.0,,28.0,1766966400.0,1.192,4689.0,1635.0516868465108,4500.0,3489.2307,1.84615,13.0,,,0.09187,0.54263,False,False,,,15272030.0,18729040.0,0.66,,,,,,0.6837,75.1,,,True,0.8916164869651736,,0.512,Japan,True,,67.12272925963953,46.52047854438909,,77.86015629837036,32.33817597411071,9.581646423751687,67.60471204188482,70.86743044189852,50.0,,50.0,55.098424643703495,standard,153,525722552,False,,,,,,,,,7,STARK,8,UPPTREND,False,3,0.42857142857142855,LÅG,VÄNTA,0.0
ESTC,Elastic N.V.,Technology,Software - Application,Netherlands,USD,7080151473.68866,-21.131134999999997,-8.375108000000004,1.37,0.06895451250000084,4.0706177,7.694,-695.021,0.14930998050000005,-0.07773000000000001,0.09951625174999995,-0.1734224975,0.278702515,0.025999999999999995,,,-1.330999999999996,-0.13149999999999973,1.523,-637587392.0,1370262016.0,591563008.0,13381604352.0,,,,,,,,,,,0.0,,,,,0.885,96.06999969482422,42.04999923706055,67.58999633789062,72.01379,2.0,26.0,3.24,0.060900003,0.12251,0.88629997,False,False,,0.5,2118165.0,3135680.0,0.23,20.88,17.18,,,-21.3,0.578,69.5,20.93,,True,1.062245789957526,,1.0,US,True,True,,53.17079177239684,40.843023255813954,72.57395104638714,35.945974611139356,90.14844804318489,12.172774869109947,21.112929623567922,50.0,30.091185410334347,50.0,52.91788818444239,standard,214,211940600,False,,,,,,,,,3,SVAG,-8,UPPTREND,False,1,0.14285714285714285,LÅG,EJ AKTUELL,0.0
7014.T,"Namura Shipbuilding Co., Ltd.",Industrials,Aerospace & Defense,Japan,JPY,259453635030.0,-14.576212,,,-0.6637412000000004,1.6314248,1.004,-10.5595,0.0469500099999999,0.0295599980000001,0.0569550099999998,0.0752599975,-0.1109500049999999,0.136,0.671,0.674,-14.185,0.0660000000000001,1.741,-36500873216.0,121724002304.0,21482000384.0,159670714368.0,,,,,,,,,,1.61,0.1609,60.0,2.79,30.0,1790640000.0,0.012,6009.756206921408,1996.7174127833607,3735.0,5750.0,1.0,2.0,,,0.18179001,0.48379,False,False,,,1361180.0,1458570.0,0.96,,,,,,0.7159,30.2,,,True,0.1767094172600928,,0.838,Japan,True,,,59.59864750234342,,77.56072019725869,52.767173688041055,29.1497975708502,67.60471204188482,4.241435562805873,50.0,,50.0,59.025258292544784,standard,79,35410433,False,,,,,,,,,5,NEUTRAL,0,NEDTREND,True,3,0.4285714285714285,LÅG,EJ AKTUELL,0.0
ELG.DE,Elmos Semiconductor SE,Technology,Semiconductors,Germany,EUR,3114268662.166336,-1.8018164999999997,0.4171069999999979,9.81,-0.1160855,5.120131,5.034,1.121000000000001,0.00824,0.0494199929999999,0.0801099899999999,0.083674995,0.02317997,0.202,0.407,0.412,-43.440000000000005,3.41,2.85,-411976248.0,152992992.0,100670000.0,3061957120.0,,,,,,,,,,0.83,0.1383,1.5,1.14,1.5,1779926400.0,1.757,204.32064819335932,65.16439882175712,180.8000030517578,180.0,2.0,5.0,,,0.50839,0.25249,False,False,,,45754.0,40010.0,0.57,-5.8,26.03,,,-10.92,0.5282,56.4,5.88,,False,0.4402583779245984,,0.838,Europe,True,,32.349717592858255,64.62663088130248,51.57593123209169,75.73283486020468,39.95641737404622,95.68151147098516,67.60471204188482,7.3409461663947795,50.0,,50.0,56.6096732125355,standard,125,7812513,False,,,,,,,,,6,NEUTRAL,0,UPPTREND,False,4,0.5714285714285714,MEDEL,VÄNTA,0.0
AMKR,"Amkor Technology, Inc.",Technology,Semiconductor Equipment & Materials,United States,USD,17242011746.922485,6.754044999999998,6.059322,0.76,-4.629865500000001,2.4383752,2.411,-5.372999999999999,-0.1086600099999998,-0.02619,-0.0628600009999999,-0.1042499999999999,-0.354255,0.275,2.856,2.945,-32.14099999999999,0.4109999999999997,1.698,-1109590244.0,1848499968.0,1617483008.0,17046626304.0,,,,,,,,,,0.48,0.191,0.33,0.99,0.084,1780444800.0,2.306,79.2300033569336,17.58089519827977,69.55999755859375,75.5,2.2,8.0,1.43,0.122200005,0.49805,0.51129,False,False,,,4317722.0,4849820.0,0.74,-2.25,81.75,,,-3.35,0.7051,55.7,15.45,,False,0.3743826562184806,,1.0,US,True,,,15.694986139535647,69.054441260745,93.5473792891843,25.340060296410616,79.75708502024291,67.60471204188482,13.70309951060359,50.0,15.80547112462006,50.0,55.61329610821446,standard,139,337353467,False,,,,,,,,,3,SVAG,-8,UPPTREND,False,3,0.4285714285714285,LÅG,VÄNTA,0.0
2382.HK,Sunny Optical Technology (Group) Company Limited,Technology,Electronic Components,China,HKD,90015851518.12134,-3.595419,0.9528900000000012,1.1026,0.0751647000000002,2.0822964,1.708,-3.523,0.057350002,0.00043,-0.014245004,-0.06538,-0.1796099899999999,0.213,0.838,0.847,1.0870000000000033,0.126,1.273,-9938504704.0,23019640832.0,6244099072.0,73855975424.0,,,,,,,,,,1.44,0.115100004,1.21,0.75,1.206,1780617600.0,1.029,91.4000015258789,51.5,83.80000305175781,81.09749,1.83333,23.0,,,0.39202,0.32641998,False,False,,,14808574.0,27609006.0,0.44,,,,,,0.4335,79.2,,,True,1.235739899418182,,0.5,Asia,True,,,39.2109257493091,,71.2345654492549,55.24762533897666,47.233468286099864,67.60471204188482,7.177814029363784,50.0,,50.0,54.22186249544891,standard,175,296145253,False,,,,,,,,,4,NEUTRAL,0,UPPTREND,False,3,0.4285714285714285,LÅG,VÄNTA,0.0
S58.SI,SATS Ltd.,Industrials,Airports & Air Services,Singapore,SGD,5686837504.082701,3.8558470000000007,0.0,0.6952,-0.5219624000000002,0.8962,1.459,-7.609,-0.04927,0.0092949999999999,-0.348170003,-0.00389,0.09529998,0.089,0.235,0.241,50.08650000000001,-0.037,0.9,-162268736.0,752499968.0,4136100096.0,9256838144.0,,,,,,,,,,1.82,0.2926,0.07,3.67,0.05,1784678400.0,0.521,4.0,2.8721846536222984,3.849999904632568,4.42333,1.22222,9.0,,,0.0070499997,0.53153,False,False,,,6524941.0,8709400.0,0.78,,,,,,0.2611,93.5,,,True,1.1983231661230165,,0.5,Singapore,True,,,36.86907035939622,,56.74989022022601,60.6117959830144,92.03778677462888,67.60471204188482,29.526916802610113,50.0,,50.0,53.2412482585311,standard,206,24813080,False,,,,,,,,,3,SVAG,-8,UPPTREND,False,3,0.4285714285714285,LÅG,VÄNTA,0.0
3008.TW,"Largan Precision Co., Ltd.",Technology,Electronic Components,Taiwan,TWD,459755662455.0,1.7088070000000002,2.4309769999999995,4.4246,-0.0885644999999999,7.401955,5.331,-5.606,-0.002869998,0.0263299999999999,0.215824996,0.2232899999999999,0.11528001,0.066,-0.034,-0.05,-19.806999999999995,2.584,3.811,0.0,140231655424.0,156467008.0,331123163136.0,,,,,,,,,,2.28,0.5439,80.0,4.07,52.0,1773878400.0,0.881,3875.0,1976.9507957175929,3515.0,2896.8333,,18.0,,,0.28937998,0.34227002,False,False,,,1444722.0,1914565.0,1.74,,,,,,0.542,63.4,,,True,0.7215172351786712,,0.594,Asia,True,,,70.54056023127139,,43.17974861864818,52.293555501102674,23.88663967611336,67.60471204188482,44.37194127243067,50.0,,50.0,52.326416123262796,standard,231,208620575,False,,,,,,,,,6,NEUTRAL,0,UPPTREND,False,3,0.4285714285714285,LÅG,VÄNTA,0.0
6841.T,Yokogawa Electric Corporation,Industrials,Specialty Industrial Machinery,Japan,JPY,1273396463367.0,-4.666119000000002,-0.3841360000000016,1.65,-0.2802285999999998,2.1053827,1.819,-5.3375,-0.0107800000000001,0.023849994,0.017275,0.0082899875,0.118550015,0.111,0.009,-0.011,-23.354,0.4970000000000002,1.568,-21459374080.0,217548996608.0,34237999104.0,1100249432064.0,,,,,,,,,,1.84,0.3418,92.0,1.45,46.0,1790640000.0,0.747,6259.652022399169,3412.014779646581,5001.0,5847.5,2.125,8.0,,,0.03277,0.63326,False,False,,,1371018.0,1536440.0,1.310876250803268,-5.0,-12.29,8.44,,-0.2010738005715466,0.3576493767020047,35.45597484276729,-0.0364213831058349,0.0287212899789335,False,0.4106561103526562,,0.609,Japan,True,,,54.465446727599975,52.20137412576639,48.50051096759018,57.84991972263163,18.083670715249664,67.60471204188482,28.711256117455136,50.0,,50.0,51.42803151496283,standard,262,49944287,False,,,,,,,,,5,NEUTRAL,0,VARNING,False,2,0.2857142857142857,LÅG,VÄNTA,0.0
IONQ,"IonQ, Inc.",Technology,Computer Hardware,United States,USD,26901565038.44705,151.57191500000002,-91.447793,,-3.0274333000000007,143.76791,133.137,-57.247,-0.0958599999999998,-0.1985300099999999,1.624269895,-4.18135,-0.1374149699999999,7.547,,,-66.931,12.453,13.123,-1153804120.0,2033469952.0,30443000.0,24912271360.0,,,,,,,,,,,0.0,,,,,3.052,84.63999938964844,25.88999938964844,72.06999969482422,67.63692,1.38462,13.0,1.89,0.1974,0.00748,0.55818003,False,False,,,29369060.0,33943530.0,0.76,26.76,86.51,,,-7.53,0.967,60.8,42.77,,True,1.0213729128679212,,0.649,US,True,,,28.32698512852637,61.60458452722063,73.59357355507649,33.79278564296869,71.7948717948718,12.172774869109947,18.270799347471453,50.0,5.167173252279635,50.0,51.387684542951746,standard,264,2446310197,False,,,,,,,,,3,SVAG,-8,UPPTREND,False,2,0.2857142857142857,LÅG,VÄNTA,0.0
FLRY3.SA,Fleury S.A.,Healthcare,Diagnostics & Research,Brazil,BRL,8333770901.9247055,-2.8623414999999994,2.4972907500000003,,0.0,0.98053277,1.369,-0.9029999999999987,-0.017224984999999957,-0.011394999000000006,-0.007590003000000012,-0.008342487499999995,-0.03267999999999999,0.024999999999999994,0.015,0.122,24.877500000000005,-0.003750000000000142,2.011,-1097674112.0,2150204928.0,5357033984.0,11635619840.0,,,,,,,,,,12.32,1.0424,1.89,5.14,0.899059,1764720000.0,0.319,18.100000381469727,11.528991332521437,15.329999923706055,17.5,2.36364,11.0,,,0.55372,0.67844003,False,False,,0.5,2678050.0,2091170.0,0.9229687846437619,-5.89,-9.29,8.03,,-0.1530386960985659,0.28899504904005324,38.36734773317348,-0.04582290956811608,-0.0032260879443841706,False,0.1740475434266476,,0.733,LatAm,True,True,,37.13140423308612,56.05741613690592,51.67887937381275,66.5978833489904,88.93387314439946,29.581151832460733,10.277324632952691,50.0,,50.0,51.270924214043156,standard,270,5770374,False,,,,,,,,,3,SVAG,-8,NEDTREND,True,1,0.14285714285714285,LÅG,EJ AKTUELL,0.0
6701.T,NEC Corporation,Technology,Information Technology Services,Japan,JPY,5450828795698.0,-6.393650000000001,-17.8214867,0.34,-0.2520575999999999,1.5214163,1.495,-5.147500000000001,-0.0064600000000001,0.00691,-0.0033749940000001,0.0290799975,-0.0087100049999999,,,,-8.376,-0.2159999999999998,1.326,164577247232.0,659034013696.0,489215000576.0,5357479395328.0,,,,,,,,,,0.97,0.1872,40.0,1.34,20.0,1790640000.0,0.268,6159.847439939296,3586.1172275143363,4103.0,5974.1665,1.33333,12.0,,,0.049629997,0.53924,False,False,,,8672241.0,7586670.0,1.85087779582482,-9.08,12.33,-26.54,,-0.3339120749327463,0.4600261037322405,50.11389521640091,-0.0075107452648528,-0.1399812261604105,False,0.4231271692036348,,0.832,Japan,True,,,47.14095730092042,49.191579970764735,67.86649214659685,50.215243312962265,11.201079622132253,67.60471204188482,83.03425774877651,50.0,,50.0,51.126152129091686,standard,277,202332696,False,,,,,,,,,5,NEUTRAL,0,NEDTREND,True,3,0.4285714285714285,LÅG,EJ AKTUELL,0.0
5333.T,NGK Corporation,Industrials,Specialty Industrial Machinery,Japan,JPY,1816550501244.0,4.079564999999999,8.127631999999998,0.15,-0.4847691999999999,2.7107637,2.606,-4.054500000000001,-0.0539300039999999,0.0050599980000001,0.0106349999999999,-0.0051000075,-0.0472000049999999,0.111,0.376,0.35,0.1150000000000002,2.5860000000000003,2.792,-5022998528.0,322919989248.0,244633993216.0,1746379341824.0,,,,,,,,,,1.68,0.38830003,106.0,2.89,53.0,1790640000.0,0.606,6483.0,1692.8875665946211,6316.0,5034.2856,2.14286,7.0,,,0.026719999,0.5864,False,False,,,1372218.0,1657390.0,0.81,,,,,,0.3958,68.1,,,True,0.8789170040817922,,0.398,Japan,True,,,41.06495279986835,,58.167472795293875,73.9627149422476,16.32928475033738,67.60471204188482,40.61990212071778,50.0,,50.0,50.8407704595108,standard,297,68042489,False,,,,,,,,,5,NEUTRAL,0,UPPTREND,False,3,0.4285714285714285,LÅG,VÄNTA,0.0
WDAY,"Workday, Inc.",Technology,Software - Application,United States,USD,29384190490.722656,12.177658,-10.730379999999998,0.5748,-3.5788273000000004,3.6639996,3.609,3.882999999999999,-0.1001399999999999,-0.0267899999999999,-0.0385900049999999,-0.0308299999999998,0.25914501,0.135,2.48,2.265,-10.604999999999997,-0.5900000000000001,0.912,2056306208.0,4352999936.0,3804999936.0,35560931328.0,,,,,,,,,,,0.0,,,,,1.035,257.0899963378906,110.36000061035156,146.19000244140625,171.135,1.97561,38.0,5.75,0.1519,0.021429999,1.04109,False,False,,,5150668.0,6515740.0,0.63,13.98,-0.19,,,-34.56,0.5337,70.5,16.2,,True,1.2985013902251996,,0.906,US,True,,86.49901218982349,34.591444970456166,22.45702005730659,86.5950798350056,23.472035802365287,69.90553306342781,12.172774869109947,93.3115823817292,50.0,9.72644376899696,50.0,50.64613346782799,standard,306,952536047,False,,,,,,,,,5,NEUTRAL,0,NEDTREND,True,2,0.2857142857142857,LÅG,EJ AKTUELL,0.0
8001.T,ITOCHU Corporation,Industrials,Conglomerates,Japan,JPY,13528976003753.0,-11.467335,-20.5380897,2.3237,-0.6765760000000001,0.9126963,1.22,0.0195000000000007,0.00707,-0.0167900019999999,-0.0180650019999999,-0.0757800024999999,-0.1710900049999998,0.041,-0.03,-0.043,36.377,-0.4719999999999998,0.866,477399384064.0,801460977664.0,4758068789248.0,18083878010880.0,,,,,,,,,,2.27,0.32810003,44.0,2.59,22.0,1790640000.0,0.539,2262.110620762493,1415.5348683254356,1935.5,2457.6924,1.69231,13.0,,,0.09472,0.40054,False,False,,,15674941.0,16227610.0,2.185501890248811,-0.23,-10.77,8.43,,-0.1443831339478888,0.2585137632184318,43.44827586206897,-0.0308812546348878,0.0311931362044539,False,0.2789155893153496,,0.271,Japan,True,,85.34792641838885,30.16470450253707,55.41280257982356,32.189905392585906,56.37225458754388,7.152496626180836,67.60471204188482,79.44535073409462,50.0,,50.0,50.618137170082356,standard,308,204155505,False,,,,,,,,,4,NEUTRAL,0,VARNING,False,2,0.2857142857142857,LÅG,VÄNTA,0.0
8002.T,Marubeni Corporation,Industrials,Conglomerates,Japan,JPY,8510732103984.0,-10.84768,-6.811807000000002,2.9168,-0.7786586,1.0296268,1.273,7.029499999999999,0.0029899999999999,-0.0280600019999999,-0.0130050039999999,-0.0899500025,-0.1953500049999998,0.011,0.449,0.434,23.576,-0.4149999999999998,0.647,170404626432.0,551271989248.0,2409977085952.0,10521893928960.0,,,,,,,,,,2.21,0.32569999,115.0,3.49,57.5,1790640000.0,0.7,6264.731023597445,2729.8932999882777,5196.0,6263.077,2.14286,13.0,,,0.10301,0.48423,False,False,,,5404885.0,4948640.0,1.6536949667334928,-12.47,-9.48,38.45,,-0.1705948778282485,0.3367369986078684,41.74107142857142,-0.088350190789141,0.133385753476722,False,0.1966448189301485,,0.587,Japan,True,,64.54150852139982,27.713482820873462,60.59821028163759,60.07650550530829,51.798436847679504,9.176788124156547,67.60471204188482,68.18923327895595,50.0,,50.0,50.5770387106733,standard,309,167135367,False,,,,,,,,,5,NEUTRAL,0,VARNING,False,2,0.2857142857142857,LÅG,VÄNTA,0.0
6594.T,Nidec Corporation,Industrials,Specialty Industrial Machinery,Japan,JPY,3200497059320.0,2.10000000002708e-05,-8.800273,1.1817,-0.9104997,1.223289,1.37,-0.9194999999999992,-0.0688999999999999,-0.0200199999999999,-0.0329449999999999,-0.0499800024999999,-0.1447000049999998,0.029,1.087,1.082,10.283,-0.1799999999999998,0.965,-7254622208.0,344454987776.0,712031993856.0,3584853803008.0,,,,,,,,,,1.92,0.1907,40.0,1.01,20.0,1774828800.0,1.009,3296.0,1797.0,2792.0,2622.111,2.22222,9.0,,,0.13307999,0.45598,False,False,,,7794208.0,7966300.0,0.9529815883060738,13.27,18.81,36.66,,-0.1529126213592233,0.5375952847597097,51.278928136419005,0.1687485348782693,0.1639043739167862,True,0.7714911286552021,,0.202,Japan,True,,,24.67949369528435,79.70015028430778,58.01357193577327,43.60915194835653,13.765182186234817,67.60471204188482,41.598694942903755,50.0,,50.0,50.54507153377528,standard,311,144572412,False,,,,,,,,,5,NEUTRAL,0,UPPTREND,False,3,0.4285714285714285,LÅG,VÄNTA,0.0
PUM.DE,PUMA SE,Consumer Cyclical,Footwear & Accessories,Germany,EUR,4045300642.013111,,66.04104075,1.92,0.0,0.5641824,0.929,656.8565,-0.410174975,-0.06484999999999999,-0.12837500650000003,-0.04735749249999999,0.07493,-0.131,52.199999999999996,52.0,81.251,0.05149999999999988,0.494,,326200000.0,2892300032.0,6660566528.0,,,,,,,,,,2.24,0.626,0.61,1.69,0.61,1747872000.0,0.998,30.309999465942383,15.300000190734863,27.479999542236328,28.27647,2.52941,17.0,,,0.040430002,0.75922996,False,False,,0.5,824455.0,812630.0,0.44,10.81,23.74,,,-6.7,0.5773,56.7,10.65,,True,0.5794529489172723,,0.641,Europe,True,True,,22.915413133362,55.229226361031515,63.29939092341265,35.284204767509955,94.46693657219973,67.60471204188482,,50.0,,50.0,50.39210850648806,standard,319,24117558,False,,,,,,,,,3,SVAG,-8,UPPTREND,False,3,0.42857142857142855,LÅG,EJ AKTUELL,0.0
PAAS,Pan American Silver Corp.,Basic Materials,Gold,Canada,USD,23258520321.46454,-9.6536655,-6.545651749999998,7.02,0.09627659999999993,5.8146305,5.623,-2.555999999999999,0.09078999700000001,0.0587799995,0.206955,0.3270324955,0.10518996000000003,0.405,0.899,1.704,-45.623,1.009,2.065,479867104.0,1614000000.0,845000000.0,22490519552.0,,,,,,,,,,1.12,0.1703,0.62,1.88,0.18,1779148800.0,1.486,69.57894264347738,25.40988615906131,55.20000076293945,73.125,1.77778,8.0,0.7,,0.00065,0.61180997,False,False,,0.5,6070890.0,4004540.0,0.79,5.91,-10.75,,,-21.91,0.6201,29.1,-3.69,,False,0.39915661366540445,,0.776,US,True,True,,81.36714941147198,11.389684813753583,84.46555100518343,33.98372021295142,74.49392712550608,67.60471204188482,73.2463295269168,50.0,,50.0,50.34193235558134,commodity,323,221050611,False,,,,,,,,,5,NEUTRAL,0,VARNING,False,3,0.42857142857142855,LÅG,VÄNTA,0.0
TECHM.NS,Tech Mahindra Limited,Technology,Information Technology Services,India,INR,1314317748290.9875,-13.758166999999998,-10.380888000000002,1.86,-2.3925097,2.3133125,2.214,-19.142000000000003,-0.0312199999999999,0.0,-0.036869988,-0.0500899999999999,-0.0817000199999999,0.126,0.159,0.16,-7.734000000000002,0.3339999999999999,1.504,27357906944.0,84408999936.0,21862000640.0,1257657597952.0,,,,,,,,,,3.44,0.8304,51.0,2.32,36.0,1782950400.0,0.178,1854.0,1304.0999755859375,1483.9000244140625,1584.15,2.25,40.0,,,0.36967,0.45154998,False,False,,,2402923.0,3047211.0,1.824482722862417,1.65,2.98,-0.72,,-0.199622424803634,0.2530871928715078,52.89875610140136,0.0369947122649889,-0.00349701780671,True,0.8081640185352194,,0.098,India,True,,,32.645833996277815,60.9257376426246,48.81556385401279,76.7116146783846,17.813765182186234,67.60471204188482,73.89885807504079,50.0,,50.0,50.15000163153933,standard,335,54261078,False,,,,,,,,,5,NEUTRAL,0,NEDTREND,True,2,0.2857142857142857,LÅG,EJ AKTUELL,0.0
QTCOM.HE,Qt Group Oyj,Technology,Software - Application,Finland,EUR,744470298.7712173,-0.4489249999999991,3.608034499999999,,-1.7913464,3.4585798,2.902,-6.432499999999999,-0.0150299999999998,0.00862,0.052399994,0.18085,0.00842,0.126,-0.356,-0.349,11.902,-0.101,1.447,-829290264.0,40124000.0,143224000.0,627682432.0,,,,,,,,,,,0.0,,,,,1.385,63.95000076293945,18.040000915527344,29.31999969482422,28.5,,3.0,,,0.30773002,0.4064,False,False,,,209072.0,183367.0,0.7223129551063331,57.8,20.16,-6.21,,-0.5415168202497371,0.5048132112601565,85.78869015941406,0.3942915689258504,-0.0764292670889844,True,0.879275879147539,,0.163,Nordic,True,,,57.04214629752706,60.159082272956006,25.277017731487334,39.80265214408912,98.78542510121457,12.172774869109947,,50.0,,50.0,50.07824202499307,standard,337,5806426,False,,,,,,,,,4,NEUTRAL,0,NEDTREND,True,1,0.1428571428571428,LÅG,EJ AKTUELL,0.0
6963.T,"ROHM Co., Ltd.",Technology,Semiconductors,Japan,JPY,2106979406602.0,,39.286715,8.67,0.0497785999999998,4.379067,4.309,14.9725,,,-0.408065,-0.1110900024999999,-0.0989500049999999,,,,22.913000000000004,2.0,2.629,,434193006592.0,399999991808.0,2073077219328.0,,,,,,,,,,0.92,2.2183,50.0,2.12,25.0,1774828800.0,0.657,5550.0,1501.707378372569,5458.0,3280.0,2.9,10.0,,,0.16138001,0.44935,False,False,,,5814720.0,5533510.0,1.01,47.41,92.25,,,-2.12,0.5653,77.6,38.49,,True,0.981501456978028,,0.713,Japan,True,,,17.903733693207375,71.70487106017191,58.83507853403142,59.38490841409655,15.24966261808367,29.581151832460733,,50.0,,50.0,49.84934066082201,standard,352,196312334,False,,,,,,,,,3,SVAG,-8,UPPTREND,False,2,0.2857142857142857,LÅG,VÄNTA,0.0
6479.T,MINEBEA MITSUMI Inc.,Technology,Electronic Components,Japan,JPY,1832078757678.0,-8.110918000000002,-2.288990000000002,1.07,-0.6915699000000001,1.100753,1.261,-3.5265000000000004,-0.01288,-0.006090002,-0.0193050019999999,0.0258800074999999,-0.1623800149999999,0.153,2.142,2.142,23.146,-0.0799999999999999,0.97,-97354997760.0,227522002944.0,482491006976.0,2099107725312.0,,,,,,,,,,1.32,0.2028,60.0,1.51,30.0,1790640000.0,0.941,4617.0,1861.3820131373789,4562.0,3696.0,1.73333,15.0,,,0.062319998,0.60813,False,False,,,2431498.0,2727570.0,0.89,,,,,,0.461,76.7,,,True,0.9427720790907343,,0.34,Japan,True,,,37.076444241596064,,70.00941851989255,46.144260707413025,16.194331983805668,67.60471204188482,18.107667210440457,50.0,,50.0,49.40325425990439,standard,374,80880633,False,,,,,,,,,4,NEUTRAL,0,UPPTREND,False,3,0.4285714285714285,LÅG,VÄNTA,0.0
2317.TW,"Hon Hai Precision Industry Co., Ltd.",Technology,Electronic Components,Taiwan,TWD,4046554857458.0,0.8884499999999993,-2.053048999999999,1.2817,-0.3531426,0.47171867,0.467,-5.587,0.0008799979999999,-0.0014299999999999,-0.098575004,-0.11494,-0.31497999,0.289,0.181,0.186,46.729,0.011,1.002,27957302272.0,1578088923136.0,1324930564096.0,4009132032000.0,,,,,,,,,,2.01,0.4328,5.8,3.81,5.799984,1751414400.0,0.721,289.0,145.7081769099001,289.0,312.77777,1.55,18.0,,,0.1311,0.28958,False,False,,,76248400.0,90021361.0,0.9,15.58,30.8,,,-5.18,0.3906,72.4,26.24,,True,1.2627025381423658,,0.698,Asia,True,,,25.399921143701214,60.24355300859599,66.69649401806987,50.28801114454613,12.415654520917679,67.60471204188482,53.67047308319739,50.0,,50.0,49.35239347171922,standard,376,806501373,False,,,,,,,,,5,NEUTRAL,0,UPPTREND,False,3,0.4285714285714285,LÅG,VÄNTA,0.0
CHKP,Check Point Software Technologies Ltd.,Technology,Software - Infrastructure,Israel,USD,14048955652.817673,-19.3289325,-10.485005999999998,1.2942,-3.408231000000001,5.097589,4.842,-4.356,0.17152,0.00767,0.2591999950000001,0.11313,0.37811501,0.048,0.058,0.004,2.5829999999999984,0.2539999999999999,1.754,-332156256.0,2768800000.0,1973500032.0,13344435200.0,,,,,,,,,,,0.0,,,,,0.428,233.77999877929688,112.2300033569336,135.0500030517578,144.32259,2.23684,31.0,1.92,0.048499998,0.23913,0.78522,False,False,,,1432471.0,1569530.0,1.07,21.43,-12.93,,,-29.94,0.44,80.8,4.22,,True,0.9057551049764704,,1.0,US,True,,,79.37831627558246,6.948424068767908,58.38617102911477,65.76181144550998,81.64642375168691,12.172774869109947,25.774877650897228,50.0,40.577507598784194,50.0,49.214788701355396,standard,384,211965031,False,,,,,,,,,6,NEUTRAL,0,NEDTREND,True,2,0.2857142857142857,LÅG,EJ AKTUELL,0.0
NOKIA.HE,Nokia Oyj,Technology,Communication Equipment,Finland,EUR,70228279445.26645,60.97291100000001,11.6317575,1.3984,-2.0632647,3.4869897,3.373,8.9065,-0.1416400029999999,-0.041659999,-0.0547599979999999,-0.0801399999999998,0.0,0.024,,,-40.825,0.0,1.288,724374976.0,5830000128.0,3324999936.0,67439972352.0,,,,,,,,,,1.11,1.0,0.14,2.45,0.04,1777248000.0,0.765,14.225000381469728,3.365849256515503,12.579999923706056,9.37455,2.56522,22.0,,,0.06509,0.39359,False,False,,,18291358.0,13868564.0,0.5,18.91,92.7,,,-8.14,0.5227,60.6,33.39,,True,0.6617052328157493,,0.716,Nordic,True,,56.53401591972916,23.01821968419295,60.95988538681948,53.913594233504924,42.217356003613396,53.57624831309041,67.60471204188482,60.1957585644372,50.0,,50.0,49.10701287585492,standard,390,188423857,False,,,,,,,,,4,NEUTRAL,0,UPPTREND,False,2,0.2857142857142857,LÅG,VÄNTA,0.0
CRM,"Salesforce, Inc.",Technology,Software - Application,United States,USD,156510904998.7793,-11.104910000000004,-9.963799,0.9313,-3.860751500000001,3.654321,4.371,-5.116999999999999,-0.0396399999999999,-0.0131900000000001,0.0627899950000001,0.0542,0.27792497,0.133,0.522,0.367,56.74100000000001,-0.813,0.615,15490556192.0,11836999680.0,42547998720.0,187221901312.0,,,,,,,,,,0.92,0.19559999,1.76,,0.44,1775692800.0,1.139,275.1853299694128,163.52000427246094,191.1000061035156,255.54654,1.62264,52.0,5.01,0.088599995,0.029849999,0.94214,False,False,,,13634031.0,16787530.0,1.4,14.0,7.16,,,-21.09,0.4466,72.6,15.79,,True,0.9778850700042876,,1.0,US,True,,,51.8091035081355,34.02578796561605,80.58432969030436,28.420022831751574,36.30229419703104,67.60471204188482,96.90048939641109,50.0,22.492401215805472,50.0,49.06134316549331,standard,393,3208097085,False,,,,,,,,,6,NEUTRAL,0,NEDTREND,True,3,0.4285714285714285,LÅG,EJ AKTUELL,0.0
STMPA.PA,STMicroelectronics N.V.,Technology,Semiconductors,Netherlands,EUR,52394414641.59611,394.2627075,8.138608,0.7104,-1.4029170000000004,4.232866,4.121,3.9730000000000016,-0.1581099999999999,-0.0433600009999999,-0.0868100009999999,-0.1129050029999999,-0.0681299899999999,0.23,-0.333,-0.339,-43.421,1.989,2.223,-836000000.0,4570999808.0,2783000064.0,51009413120.0,,,,,,,,,,0.53,2.25,0.31,0.81,0.09,1782086400.0,1.513,61.630001068115234,18.06617474464244,58.95000076293945,50.90115,2.04762,21.0,,,0.27526,0.32657,False,False,,,3444570.0,3580592.0,2.8196556495959584,31.82,104.98,203.18,166.8,-0.043485319791148,0.4809232071748497,66.77657970396874,0.4132456357216814,1.0938112874768988,True,0.8193460293426683,,0.163,Europe,True,,42.30877060670399,18.3439410511284,95.89113192815873,28.657030452322648,40.781561440530744,58.83940620782726,29.581151832460733,30.505709624796083,50.0,,50.0,49.059816757398956,standard,394,227961973,False,,,,,,,,,4,NEUTRAL,0,UPPTREND,False,1,0.1428571428571428,LÅG,VÄNTA,0.0
STN.TO,Stantec Inc.,Industrials,Engineering & Construction,Canada,CAD,11882358660.287094,-9.481154999999998,-6.719283000000001,1.39,-1.13813695,1.7905636,2.127,-3.5540000000000003,-0.00461,-0.0016049999999999,-0.028199994,-0.038265005,0.1549549899999999,0.091,0.105,0.107,19.607499999999995,-0.0199999999999999,1.29,114396224.0,357700000.0,2588000000.0,14112658432.0,,,,,,,,,,0.9,0.21450001,0.94,0.85,0.245,1782777600.0,0.721,159.44182683388075,99.66999816894533,104.16999816894533,148.54546,1.63636,11.0,6.49,,0.00071999995,0.80129,False,False,,,410787.0,623720.0,1.705703654437274,-14.97,-17.35,-22.63,,-0.3466582750743445,0.2748645197050377,28.93080803170757,-0.1156428469213823,-0.224952784232512,False,0.2933356189449725,,0.683,Canada,True,,,42.82310338024404,31.571343966204854,56.73683159462694,61.978677732662355,84.61538461538461,67.60471204188482,54.97553017944535,50.0,,50.0,49.0068964549411,standard,396,47430225,False,,,,,,,,,3,SVAG,-8,NEDTREND,True,1,0.1428571428571428,LÅG,EJ AKTUELL,0.0
8015.T,Toyota Tsusho Corporation,Industrials,Conglomerates,Japan,JPY,7316528622480.0,-6.832787,-3.832449,1.38,-0.4123663000000002,0.6328118,0.704,-4.3775,0.0,-0.0001200019999998,-0.0467549999999998,-0.0750100024999999,-0.2290700049999999,0.195,-0.013,-0.013,35.881,-0.1919999999999997,1.036,114282758144.0,1485702037504.0,2168735006720.0,8143189311488.0,,,,,,,,,,1.82,0.3419,126.0,2.95,63.0,1790640000.0,0.798,7559.0,2871.244403749285,6930.0,7698.75,1.625,8.0,,,0.34899,0.35083,False,False,,,2711530.0,2887660.0,2.436285530516266,13.16,0.45,48.21,,-0.0832120650879746,0.3714970822004288,48.45569620253165,0.0650665613695129,0.3005596246446831,False,0.5053546645693496,,0.5,Japan,True,,,30.09815124104722,74.32894119741333,45.81490701006297,48.656945422723695,9.986504723346828,67.60471204188482,65.25285481239804,50.0,,50.0,48.988449957623665,standard,400,130074645,False,,,,,,,,,5,NEUTRAL,0,UPPTREND,False,2,0.2857142857142857,LÅG,VÄNTA,0.0
RENT3.SA,Localiza Rent a Car S.A.,Industrials,Rental & Leasing Services,Brazil,BRL,44328764885.25523,2.1050739999999983,-5.351914000000001,0.58,-1.2469766,1.0479499,1.822,0.1105,-0.1065099999999999,-0.0065599999999999,-0.0254900000000001,0.0111999999999998,-0.0806599999999999,0.212,0.394,0.449,58.2805,-0.3189999999999999,0.931,6030320256.0,9664792576.0,43697315840.0,80050249728.0,,,,,,,,,,4.97,0.9949,2.09,2.79,0.522119,1774828800.0,0.27,53.34999847412109,31.53084182739257,42.02000045776367,59.06,1.6,15.0,,,0.17875,0.82526,False,False,,,9758911.0,8475330.0,0.85,-15.13,-18.76,,,-22.56,0.4395,35.8,-12.7,,False,0.191300663290483,,0.217,LatAm,True,,96.8813685064802,32.90600250388447,5.873925501432665,60.429929960093865,48.56165635008947,62.34817813765182,67.60471204188482,95.92169657422512,50.0,,50.0,48.71477819501454,standard,417,64104007,False,,,,,,,,,5,NEUTRAL,0,NEDTREND,True,2,0.2857142857142857,LÅG,EJ AKTUELL,0.0
S,"SentinelOne, Inc.",Technology,Software - Infrastructure,United States,USD,5547256117.976692,,11.145357,,-4.542871600000001,5.388022,4.783,-38.969,-0.42228001,-0.1496499999999999,-0.4283900049999999,-0.4518299999999999,0.23395505,0.208,,,,-0.162,1.246,-794049488.0,656787008.0,0.0,5016614400.0,,,,,,,,,,,0.0,,,,,0.785,21.39999961853028,11.8100004196167,16.549999237060547,19.33333,1.81081,33.0,3.34,0.069,0.0063899998,0.84556997,False,False,,,8668138.0,12317560.0,3.14551270851788,12.59,26.14,1.97,,-0.2266355358843141,0.4678833617632491,49.67319507754371,0.1092938879000682,0.0590779429235646,False,0.4366811091470199,,0.163,US,True,,,17.939120937135286,72.10137857609898,45.3021653687653,39.766616561885506,92.3076923076923,12.172774869109947,6.525285481239804,50.0,27.659574468085108,50.0,48.43413219956638,standard,435,203855609,False,,,,,,,,,1,SVAG,-8,UPPTREND,False,0,0.0,LÅG,VÄNTA,0.0
6367.T,"Daikin Industries,Ltd.",Industrials,Building Products & Equipment,Japan,JPY,6818816935420.0,-1.7817439999999998,-0.0140780000000009,2.9119,-0.6344434000000001,1.3596746,1.404,-5.374499999999999,-0.03941,0.0030899980000001,-0.0239249999999999,-0.0421100024999998,0.0070300249999999,0.164,0.023,0.023,3.1889999999999983,0.144,1.137,60746252288.0,933483970560.0,1094585024512.0,7041801781248.0,,,,,,,,,,1.55,0.36200002,360.0,1.17,180.0,1790640000.0,0.589,25900.0,15666.866979389928,23285.0,23905.998,2.17647,16.0,,,0.04559,0.58824,False,False,,,1310336.0,1062340.0,1.0,-4.25,23.0,,,-7.89,0.4206,38.4,8.04,,False,0.3537910338422551,,0.666,Japan,True,,,37.69654811249478,52.93696275071633,53.32846527791253,63.175810754317396,10.39136302294197,67.60471204188482,56.443719412724306,50.0,,50.0,48.26891221363431,standard,444,160787815,False,,,,,,,,,5,NEUTRAL,0,UPPTREND,False,3,0.4285714285714285,LÅG,VÄNTA,0.0
INFY.NS,Infosys Limited,Technology,Information Technology Services,India,INR,4698985685883.025,-26.142389,-13.605787,2.1314,-2.181235,233.10774,232.93,1027.3270000000002,0.1170900000000001,0.055680004,0.0427999959999999,0.0209399999999999,-0.14272002,0.066,0.118,0.132,-5.176000000000002,0.41,1.716,-17595218688.0,3705999872.0,967000000.0,4695408508928.0,,,,,,,,,,4.31,0.6465,50.0,2.4,25.0,1780963200.0,0.127,1728.0,1089.0,1160.9000244140625,1460.95,1.9,40.0,,,0.16356,0.55056,False,False,,,13755716.0,18615155.0,4.966964642308714,-1.77,-8.98,-24.15,,-0.3281828562418619,0.2546450358606417,46.372245647910525,-0.0497262479944549,-0.1882569908064704,True,0.5011278120807425,,0.901,India,True,,27.859587497028368,60.97353919615671,34.81786158096353,62.416077229262115,77.7437365975806,11.740890688259109,67.60471204188482,39.31484502446982,50.0,,50.0,48.098434494743444,standard,456,259324007,False,,,,,,,,,4,NEUTRAL,0,NEDTREND,True,3,0.4285714285714285,LÅG,EJ AKTUELL,0.0
2347.TW,Synnex Technology International Corporation,Technology,Electronics & Computer Distribution,Taiwan,TWD,143276647096.2851,-3.7531810000000014,-6.198963999999999,0.95,-0.8075091000000001,0.32116666,0.435,0.0,0.0117200019999999,-0.0066300019999999,-0.100045004,-0.123069999,-0.33413999,0.383,0.616,0.617,84.53399999999999,-0.119,0.814,-31451825152.0,37798125568.0,85392302080.0,194047803392.0,,,,,,,,,,4.89,0.7874,4.2,5.85,4.2,1783900800.0,0.156,88.19999694824219,54.59999847412109,85.9000015258789,102.5,,2.0,,,0.25415,0.21454,False,False,,,5629214.0,4276722.0,1.79,,,,,,0.3028,87.2,,,True,0.8526946110700622,,0.396,Asia,True,,,24.724576041322884,,66.92627226455554,56.41043625716979,37.7867746288799,67.60471204188482,5.872756933115824,50.0,,50.0,48.09604643248569,standard,457,11388483,False,,,,,,,,,3,SVAG,-8,UPPTREND,False,3,0.4285714285714285,LÅG,VÄNTA,0.0
SMCI,"Super Micro Computer, Inc.",Technology,Computer Hardware,United States,USD,27719377927.149178,-8.96507,-7.996402,0.91,-4.773605500000001,0.8225285,1.055,2.8930000000000007,-0.0299499999999999,-0.0149800000000001,-0.0875300049999999,-0.1026999979999999,-0.41457499,1.227,3.26,3.444,53.257000000000005,1.0559999999999998,1.2,-8510827232.0,1305032960.0,9151156224.0,35565662208.0,,,,,,,,,,,0.0,,,,,1.684,62.36000061035156,19.479999542236328,46.09000015258789,37.125,2.83333,16.0,2.2,0.18049999,0.13838,0.58496,False,False,,,40180131.0,42936560.0,1.0,70.39,47.08,,,-5.48,0.912,79.8,57.54,,True,1.178729003641591,,0.675,US,True,,26.14401534589751,17.995279835304892,61.67621776504298,85.58959934952402,34.5646734842579,71.12010796221323,12.172774869109947,3.7520391517128875,50.0,6.990881458966565,50.0,48.08236338988067,standard,459,1978946057,False,,,,,,,,,4,NEUTRAL,0,UPPTREND,False,2,0.2857142857142857,LÅG,EJ AKTUELL,0.0
DSG.TO,The Descartes Systems Group Inc.,Technology,Software - Application,Canada,CAD,8742215543.420067,5.670904000000002,0.8833579999999976,1.5251,-0.7015242499999998,11.992197,11.528,9.368,-0.0483799999999999,0.0098749999999999,0.1225999999999998,0.164624995,0.38335499,0.151,0.21,0.22,-56.54750000000001,0.794,2.006,-388529760.0,356526016.0,8363000.0,8403948544.0,,,,,,,,,,,0.0,,,,,0.178,159.58999633789062,85.26000213623047,101.73999786376952,129.84131,1.57143,1.0,4.98,,0.00061,0.92741996,False,False,,,321782.0,311860.0,0.84,4.0,5.1,,,-22.33,0.4599,64.9,4.7,,True,0.8511372309915763,,0.0,Canada,True,,26.773098772820056,65.64339799731671,31.44699140401146,51.63022455537644,64.42118005902854,88.12415654520917,12.172774869109947,18.43393148450245,50.0,,50.0,48.052213162410105,standard,462,23161904,False,,,,,,,,,5,NEUTRAL,0,NEDTREND,True,2,0.2857142857142857,LÅG,EJ AKTUELL,0.0
AKAM,"Akamai Technologies, Inc.",Technology,Software - Infrastructure,United States,USD,21740939366.44139,17.297302,-1.4847239999999982,1.7714,-3.998445400000001,5.095557,6.253,3.6240000000000014,-0.117039995,-0.03629,-0.0225400049999998,-0.0576899999999999,0.08432501,0.058,-0.134,-0.137,51.99300000000001,0.4579999999999999,1.749,-361720352.0,930444992.0,5867704832.0,26678200320.0,,,,,,,,,,,0.0,,,,,0.454,165.4499969482422,69.77999877929688,149.5399932861328,157.89261,2.08,23.0,3.12,0.1468,0.02113,1.10873,False,False,,,5604214.0,6525170.0,0.6,48.27,50.87,,,-4.42,0.6817,50.9,28.5,,False,0.6428337339460132,,0.938,US,True,,44.473919352062104,29.446809426267397,64.14756446991404,46.98318077712894,50.73067450460597,76.24831309041835,12.172774869109947,32.95269168026101,50.0,10.94224924012158,50.0,48.042962583888595,standard,463,975773878,False,,,,,,,,,2,SVAG,-8,UPPTREND,False,1,0.1428571428571428,LÅG,EJ AKTUELL,0.0
BEIJ-B.ST,Beijer Ref AB (publ),Industrials,Industrial Distribution,Sweden,SEK,61641523254.54495,-0.2021659999999983,3.0367004999999985,4.88,-2.518008,1.776751,2.066,2.3405000000000005,-0.0751899999999999,-0.023129997,-0.0312499999999999,-0.0531699999999999,-0.1316999999999999,-0.039,0.0,-0.002,1.5960000000000036,-0.0640000000000001,0.656,1186750016.0,2867000064.0,13376000000.0,75845738496.0,,,,,,,,,,1.17,0.305,1.5,0.73,0.75,1792972800.0,1.011,172.58928858341616,121.27993907601434,128.6999969482422,161.77779,1.66667,9.0,,,0.0013600001,0.73032,False,False,,,1026162.0,1966630.0,7.890557341624413,0.31,-5.33,-11.42,,-0.2542990471506655,0.2604939874255192,57.74646979242669,-0.0231811163746827,-0.1019697656268574,True,0.5653284657050939,,0.503,Nordic,True,,71.62017264134703,24.238375439020775,45.66263740401831,34.258147887425224,62.269061327443694,55.60053981106613,67.60471204188482,67.21044045676999,50.0,,50.0,48.018383107467116,standard,466,24045001,False,,,,,,,,,3,SVAG,-8,NEDTREND,True,2,0.2857142857142857,LÅG,EJ AKTUELL,0.0
8058.T,Mitsubishi Corporation,Industrials,Conglomerates,Japan,JPY,18545490768615.0,-2.440815000000001,0.3586619999999989,1.8638,-0.7650958000000001,0.9804132,1.269,13.8405,-0.0421800099999999,-0.0328600009999999,-0.0364849999999999,-0.1039400024999998,-0.2509300049999999,0.12,0.683,0.561,33.673,-0.3769999999999999,0.839,-27868000256.0,1858730983424.0,6507851153408.0,24004618354688.0,,,,,,,,,,2.47,0.5244,125.0,3.14,63.0,1790640000.0,0.497,6012.0,2696.4303117722475,5065.0,5206.4814,2.42857,14.0,,,0.12845999,0.3575,False,False,,,12727515.0,13244680.0,1.601436690558031,2.32,-0.35,42.21,,-0.1575182967398536,0.319110258040753,44.08602150537634,-0.0436534856038425,0.2150076059556718,False,0.2402104899273522,,0.578,Japan,True,,39.74948150212727,19.98384112607522,70.22145539568592,69.64245261507858,54.615428763645426,6.612685560053981,67.60471204188482,41.92495921696574,50.0,,50.0,47.74544256536416,standard,481,436047977,False,,,,,,,,,5,NEUTRAL,0,VARNING,False,2,0.2857142857142857,LÅG,VÄNTA,0.0
SWEC-B.ST,Sweco AB (publ),Industrials,Engineering & Construction,Sweden,SEK,45083124633.2422,-3.5878215000000004,0.0,4.61,0.0,1.5486389,1.66,-4.1240000000000006,0.01805499499999999,0.020020003499999998,0.002929996000000004,0.002039984999999994,-0.08856002000000002,-0.027999999999999997,-0.156,-0.082,-11.326,-0.45999999999999996,0.044,1910282368.0,553000000.0,6150000128.0,52866232320.0,,,,,,,,,,2.82,0.5491,3.7,2.05,3.7,1776902400.0,0.876,175.3201393383192,122.0,136.6999969482422,182.0,,5.0,,,0.09834,0.75422996,False,False,,0.5,379694.0,447840.0,0.2953895975725216,8.32,-3.05,-10.99,,-0.22028354834666686,0.27159762321504044,74.50201419312363,0.02880287600875553,-0.06338191511032032,True,0.892071459183753,,0.541,Nordic,True,True,,48.78162502769214,48.59968573805342,28.94614752680049,46.33092806001846,62.2132253711201,67.60471204188482,87.92822185970635,50.0,,50.0,47.47144914275219,standard,494,5815874,False,,,,,,,,,5,NEUTRAL,0,NEDTREND,True,1,0.14285714285714285,LÅG,EJ AKTUELL,0.0
DHL.DE,Deutsche Post AG,Industrials,Integrated Freight & Logistics,Germany,EUR,57305254690.71483,-10.2391525,-7.1839770000000005,2.6381,-2.4074417,0.69005895,0.949,-6.439999999999999,-0.01154001,-0.0115900009999999,-0.0562199999999999,-0.0771349999999999,-0.2324499999999999,-0.019,0.072,0.033,63.08599999999999,-0.229,0.904,4718499872.0,7793999872.0,29056000000.0,78830231552.0,,,,,,,,,,3.71,0.5987,1.9,4.23,1.9,1778025600.0,1.15,51.7599983215332,35.61457732798433,51.5,49.75,2.75,18.0,,,0.17733999,0.41382998,False,False,,,2377428.0,1697210.0,0.59,10.52,18.85,,,-1.25,0.301,82.4,11.18,,True,0.9127119446397256,,0.805,Europe,True,,,25.09986777477647,63.180515759312314,47.10500494679461,41.479062743820066,56.68016194331984,67.60471204188482,93.4747145187602,50.0,,50.0,47.14798697120168,standard,507,94398820,False,,,,,,,,,6,NEUTRAL,0,UPPTREND,False,2,0.2857142857142857,LÅG,VÄNTA,0.0
8053.T,Sumitomo Corporation,Industrials,Conglomerates,Japan,JPY,8484122691216.0,-12.350512,-7.513994,0.9,-0.9003117000000002,1.1563067,1.672,4.032499999999999,0.0031499999999998,-0.0246200019999999,0.003015,-0.0615999994999999,-0.1326800049999999,-0.009,0.338,0.32,69.58299999999998,-0.4129999999999998,0.718,321564868608.0,1032960999424.0,4706642952192.0,12264403894272.0,,,,,,,,,,0.56,0.3008,40.0,4.1,20.0,1790640000.0,0.568,7775.0,3454.46209557664,7099.0,7785.0,1.75,12.0,,,0.12887,0.40283,False,False,,,4092525.0,3686330.0,0.68,-8.45,8.53,,,-12.0,0.4577,25.2,4.57,,False,0.4918779558198332,,0.443,Japan,True,,76.18738062252535,32.2533551051877,40.04297994269341,48.919338915291036,40.97063064506065,9.31174089068826,67.60471204188482,79.11908646003263,50.0,,50.0,47.09050841672942,standard,510,170100168,False,,,,,,,,,5,NEUTRAL,0,UPPTREND,False,3,0.4285714285714285,LÅG,VÄNTA,0.0
4911.T,"Shiseido Company, Limited",Consumer Defensive,Household & Personal Products,Japan,JPY,1122948532128.5,,-0.8593630000000019,4.11,-0.8788004,1.153269,1.434,1.721499999999999,-0.18786,-0.0323900019999999,-0.115775,-0.0683400024999999,0.4296899950000001,0.016,1.269,1.271,25.65300000000001,-0.517,0.658,0.0,91786002432.0,346880016384.0,1396652507136.0,,,,,,,,,,2.13,12.0482,60.0,1.14,30.0,1782691200.0,0.523,3535.0,2116.8607033040685,2810.5,3258.353,2.35294,17.0,,,0.00211,0.61085,False,False,,,3213815.0,5140210.0,1.9003612037789488,-10.86,-12.01,20.44,,-0.2049504950495049,0.4322529651898909,25.44540886249429,-0.0968220863233059,0.0387106176219407,False,0.3358751349174644,,0.56,Japan,True,,57.140760900751715,30.628432878045793,54.483367737827486,67.23913316078153,48.69721669757939,18.89338731443995,29.581151832460733,44.37194127243067,50.0,,50.0,46.747073564907886,standard,525,93902641,False,,,,,,,,,5,NEUTRAL,0,VARNING,False,2,0.2857142857142857,LÅG,VÄNTA,0.0
ERIC-A.ST,Telefonaktiebolaget LM Ericsson (publ),Technology,Communication Equipment,Sweden,SEK,31358367562.215862,-12.352783999999998,,1.93,-1.4629194,1.7237499,1.629,-7.187499999999998,0.0911799999999999,0.0,0.014380008,-0.0254000039999999,0.0268900200000001,-0.103,-0.785,-0.786,-18.358,-0.446,0.908,28613375040.0,63089999872.0,39289999360.0,376256495616.0,,,,,,,,,,2.5,0.38729998,3.0,3.36,1.5,1790553600.0,0.49,127.5999984741211,67.8315200805664,119.8000030517578,,,,,,0.32875,0.5736,False,False,,,35854.0,35123.0,2.25,12.77,20.69,,,-1.72,0.3108,63.2,11.22,,False,0.5982266598359479,,0.5,Nordic,True,,,52.05760631432266,62.7865329512894,11.122614801725502,51.40749938130957,68.9608636977058,67.60471204188482,96.24796084828712,50.0,,50.0,46.598292542492786,standard,526,399735,False,,,,,,,,,5,NEUTRAL,0,UPPTREND,False,3,0.4285714285714285,LÅG,VÄNTA,0.0
EMR,Emerson Electric Co.,Industrials,Specialty Industrial Machinery,United States,USD,80553586102.29492,0.1459449999999975,-2.2075049999999994,1.8382,-4.464855000000001,4.39799,5.069,-3.834,-0.0854399999999998,-0.00344,0.008999995,0.0786399999999999,0.0281849699999999,0.029,0.279,0.274,1.6410000000000051,-0.7310000000000001,0.588,2209806368.0,1791000064.0,14056999936.0,92835586048.0,,,,,,,,,,1.54,0.50119996,2.22,2.02,0.555,1778803200.0,1.255,163.855572986617,115.28471780673472,143.82000732421875,163.72444,1.96429,27.0,4.58,0.0241,0.00227,0.85064006,False,False,,,2985928.0,3091220.0,0.54,3.47,-2.97,,,-11.7,0.3525,55.1,3.26,,True,0.867185404542753,,0.842,US,True,,,44.74455226320911,27.793696275071632,64.60336998785681,43.58349384145763,50.742240215924426,67.60471204188482,76.6721044045677,50.0,65.65349544072949,50.0,46.48249665306622,standard,535,444579283,False,,,,,,,,,4,NEUTRAL,0,UPPTREND,False,2,0.2857142857142857,LÅG,VÄNTA,0.0
TOTS3.SA,TOTVS S.A.,Technology,Software - Application,Brazil,BRL,19167805767.65612,4.302152,0.7035990000000005,0.85,0.8103390000000001,3.1512516,3.773,8.105500000000001,-0.0226699999999999,-0.0022699999999998,0.0754199999999999,0.0188699999999999,0.40791,0.224,0.173,0.176,-16.148500000000006,0.07,0.975,-3952320352.0,1432828032.0,4862867968.0,22946977792.0,,,,,,,,,,1.97,0.4415,0.65,1.15,0.18,1774483200.0,0.388,47.97710725180929,30.290000915527344,33.06999969482422,52.0,1.5,12.0,,,0.08631,0.75149,False,False,,,6827724.0,17033510.0,8.776395828204622,5.99,-12.89,-22.92,,-0.3107129297884649,0.3314474216839055,47.64512456259466,-0.0097560577543223,-0.1750711093373694,True,0.6192748232980199,,0.494,LatAm,True,,19.182925229737595,56.56048978186626,33.409844820326384,56.57285553362672,61.80817305289285,77.86774628879893,67.60471204188482,5.383360522022838,50.0,,50.0,46.37475618621342,standard,538,101393671,False,,,,,,,,,5,NEUTRAL,0,NEDTREND,True,3,0.4285714285714285,LÅG,EJ AKTUELL,0.0
BA.L,BAE Systems plc,Industrials,Aerospace & Defense,United Kingdom,GBp,73796695036312.94,6.278568,2.5563260000000003,3.1746,0.3353112999999998,2.0951915,2.343,6.513000000000002,0.01741002,-0.0275500019999999,-0.02745,-0.10183,-0.2567,0.067,0.087,0.084,0.0,-0.4579999999999999,0.783,0.0,3468999936.0,9159000064.0,66401333248.0,,,,,,,,,,1.79,0.5015,0.36,2.71,0.228,1776902400.0,-0.058,29226.38897807857,19821.976974680707,25146.093192100525,2322.5,2.27778,18.0,,,0.04417,0.66064,False,False,,,7257072.0,5806671.0,1.8414448596409747,-1.45,-2.17,24.12,2.61,-0.139609987023662,0.3036722392277812,60.0155665766902,-0.0418947767695329,0.0326670345851201,True,0.6374234975609293,,0.5,UK,True,,48.39704230778689,26.656079860034616,57.00883793059057,48.12045726813571,68.86534891767796,1.7543859649122806,67.60471204188482,44.37194127243067,50.0,,50.0,46.28771061456489,standard,541,146015090102,False,,,,,,,,,5,NEUTRAL,0,VARNING,False,3,0.4285714285714285,LÅG,VÄNTA,0.0
AA,Alcoa Corporation,Basic Materials,Aluminum,United States,USD,22111332867.848396,-5.5823005000000006,-4.235834749999998,8.36,0.17221529999999996,1.7472409,1.847,-0.3309999999999995,0.03709999699999999,-0.0049400005,-0.027835004000000003,-0.014537494500000019,-0.28952,-0.13999999999999999,-0.644,-0.224,-20.093000000000004,-0.34699999999999986,0.72,267117024.0,1352999936.0,2551000064.0,23374331904.0,,,,,,,,,,0.48,0.1026,0.4,,0.1,1779148800.0,1.514,84.37999725341797,25.698784994971057,83.79000091552734,75.63846,1.78571,13.0,1.35,0.0225,0.00545,0.84233004,False,False,,0.5,5347649.0,4537840.0,1.5278546409311853,34.0,31.68,101.39,,-0.006992135068678573,0.5255744774405969,76.32354595872908,0.24749091708962134,0.62809990271814,True,1.092924788237132,,0.838,US,True,True,,36.256330854602865,92.42964195362754,23.38701882996563,19.98563906758781,75.97840755735493,67.60471204188482,61.337683523654164,50.0,69.90881458966565,50.0,46.22529553133175,commodity,546,380225618,False,,,,,,,,,3,SVAG,-8,UPPTREND,False,2,0.2857142857142857,LÅG,EJ AKTUELL,0.0
6728.T,"ULVAC, Inc.",Industrials,Specialty Industrial Machinery,Japan,JPY,467347700160.0,10.857193000000002,-9.032802,0.36,-0.6942800000000002,1.8320968,1.648,-2.115500000000001,-0.07117,-0.0112000019999999,-0.0290549999999999,-0.0290499925,-0.035100005,0.282,0.082,0.08,-11.03,0.6870000000000002,1.676,-51413623808.0,98984001536.0,44522000384.0,420270211072.0,,,,,,,,,,1.6,0.6473,152.0,1.99,152.0,1782691200.0,1.373,11420.0,4724.988966543309,9504.0,10662.5,1.44444,8.0,,,0.0034599998,0.71309996,False,False,,,413020.0,628560.0,1.2640484803719962,-2.75,-10.3,46.17,,-0.1677758318739054,0.4306165091120852,35.684647302904565,-0.0049084482267601,0.210188811865555,False,0.345279059784066,,0.0,Japan,True,,,31.230080677691394,61.339276238989704,47.585378854623755,40.141817255306414,23.751686909581647,67.60471204188482,7.6672104404567705,50.0,,50.0,46.19810518522579,standard,547,38829923,False,,,,,,,,,2,SVAG,-8,VARNING,False,1,0.1428571428571428,LÅG,VÄNTA,0.0
ERIC-B.ST,Telefonaktiebolaget LM Ericsson (publ),Technology,Communication Equipment,Sweden,SEK,367725700623.3192,-12.312997,-1.3948675,1.93,-1.453157,1.7280662,1.633,-7.1595,0.0911799999999999,0.0,0.014380008,-0.0254000039999999,0.0268900200000001,-0.103,-0.785,-0.786,-18.358,-0.446,0.908,28613375040.0,63089999872.0,39289999360.0,377256574976.0,,,,,,,,,,2.5,0.38729998,3.0,3.46,1.5,1790553600.0,0.49,127.4499969482422,67.64900615351834,120.0999984741211,98.61905,3.3,21.0,,,0.00098,0.70692,False,False,,,8503152.0,8581592.0,0.77,11.79,20.04,,,-2.47,0.2925,60.6,10.14,,False,0.6181294685046661,,0.838,Nordic,True,,,52.05760631432266,61.03151862464183,21.36476139858414,53.429062723627624,26.045883940620783,67.60471204188482,96.08482871125612,50.0,,50.0,46.12284277897488,standard,550,97911673,False,,,,,,,,,4,NEUTRAL,0,UPPTREND,False,3,0.4285714285714285,LÅG,VÄNTA,0.0
LDO.MI,Leonardo S.p.a.,Industrials,Aerospace & Defense,Italy,EUR,31399771125.22055,-2.514091500000001,-1.7140480000000018,1.3727,-1.6348632000000003,1.5864881,1.802,-1.871999999999999,-0.03645,-0.006210001,-0.0477099999999999,-0.0929850049999999,-0.01262001,0.069,-0.571,-0.57,-17.057000000000002,-0.4910000000000001,0.693,801249952.0,1492999936.0,4568999936.0,35665436672.0,,,,,,,,,,1.16,0.2325,0.63,4.7,0.63,1782086400.0,0.368,66.26000213623047,43.150001525878906,54.41999816894531,68.31111,,18.0,,,0.30204,0.30371,False,False,,,3157654.0,2227432.0,1.3302401602147182,4.37,-3.48,21.01,1.68,-0.1786900631687594,0.4109529490983556,63.0016639869152,-0.0158473845255332,0.0233165201491309,True,0.8060186488996023,,0.838,Europe,True,,,29.893926155713007,53.069938329854665,36.07291090862683,45.78322550443081,68.82591093117408,67.60471204188482,74.87765089722676,50.0,,50.0,45.29385444532838,standard,572,130914193,False,,,,,,,,,5,NEUTRAL,0,VARNING,False,2,0.2857142857142857,LÅG,VÄNTA,0.0
DOV,Dover Corporation,Industrials,Specialty Industrial Machinery,United States,USD,28462036545.230804,-6.835949000000003,-4.057615999999998,1.7596,-4.632341000000001,3.4373877,3.636,-3.4989999999999988,-0.05873999,0.0003399999999998,0.008499995,0.00015001,-0.0981049899999999,0.101,0.053,0.033,-23.614,0.2659999999999999,1.247,-221679392.0,1641916032.0,3290113024.0,30110232576.0,,,,,,,,,,0.98,0.2594,2.08,1.25,0.52,1780012800.0,1.213,236.41626104348825,157.77607840645635,211.3600006103516,249.207,1.85,20.0,3.08,0.026500002,0.01255,0.94578004,False,False,,,1021887.0,815520.0,0.67,-7.84,-5.74,,,-10.61,0.2576,32.6,-3.47,,False,0.3353267708492744,,0.853,US,True,,,37.94374048579965,25.214899713467048,57.85559857832864,52.8789890293692,70.58029689608637,67.60471204188482,36.7047308319739,50.0,64.13373860182371,50.0,45.25179494366578,standard,574,172368308,False,,,,,,,,,4,NEUTRAL,0,VARNING,False,2,0.2857142857142857,LÅG,VÄNTA,0.0
RTO.L,Rentokil Initial plc,Industrials,Specialty Business Services,United Kingdom,GBp,14037168607660.664,26.395235,0.0,0.9031,-2.0238057,1.6347544,2.18,0.2219999999999991,-0.11022999,-0.03324,-0.03218,-0.07321,-0.25116,0.058,0.952,0.958,35.26700000000001,-0.2810000000000001,1.071,-955750016.0,2382000128.0,6152999936.0,15061884928.0,,,,,,,,,,2.05,1.0341,0.09,1.73,0.061,1775692800.0,0.423,6344.78444480896,4329.316232454544,5578.628926176752,527.994,2.05556,18.0,,,0.02765,0.95976996,False,False,,,8742711.0,10852649.0,2.719415789482216,-8.59,1.87,9.21,23.12,-0.1207535930174971,0.2947725263651015,13.933028924503349,-0.0724444645481109,0.0260970236345485,False,-0.019126353521271,,0.5,UK,True,,39.14216268946691,19.275470326908152,68.26037932596807,65.3739272849305,58.20275590223531,7.017543859649122,29.581151832460733,14.02936378466558,50.0,,50.0,45.038297038188915,standard,580,60542901637,False,,,,,,,,,4,NEUTRAL,0,VARNING,False,3,0.4285714285714285,LÅG,VÄNTA,0.0
VOLV-A.ST,AB Volvo (publ),Industrials,Farm & Heavy Construction Machinery,Sweden,SEK,143417919844.7154,-8.117693,,1.3776,-1.891049,1.4133863,1.809,-1.8734999999999984,-0.0094399999999999,-0.02719,-0.0243299959999999,-0.0342699999999999,-0.2183199899999999,-0.091,-0.158,-0.159,78.58200000000001,-0.3739999999999999,0.895,28982625344.0,72573001728.0,257632993280.0,846864318464.0,,,,,,,,,,2.61,0.0,8.5,2.95,13.0,1775692800.0,0.981,339.7625587116969,235.6045653428253,325.3999938964844,,,,,,0.57875,0.26184,False,False,,,140187.0,97567.0,1.870919925470765,1.62,-3.08,27.12,,-0.04227235887813,0.2636775248508566,51.98020886446472,0.0419838446260443,0.1198498108961829,True,0.7506566910400219,,0.5,Nordic,True,,,27.896459891631686,69.64659224341266,20.215038042536516,43.84884736584057,37.51686909581646,67.60471204188482,87.11256117455139,50.0,,50.0,44.43157705634377,standard,591,3016089,False,,,,,,,,,4,NEUTRAL,0,UPPTREND,False,2,0.2857142857142857,LÅG,VÄNTA,0.0
GD,General Dynamics Corporation,Industrials,Aerospace & Defense,United States,USD,93790599436.02985,-11.382915,-3.197096,2.579,-4.841437500000001,1.7430604,1.855,-4.247,-0.0289799899999999,-0.0101700000000001,-0.0438600049999998,-0.0583899999999999,-0.3461049899999999,0.103,0.12,0.132,-29.84,-0.2150000000000001,0.795,4227056416.0,3654000128.0,9831999488.0,99827441664.0,,,,,,,,,,1.76,0.3833,6.09,2.05,1.59,1775779200.0,0.345,367.9907385051606,263.2613072063946,346.82000732421875,392.21524,2.16667,21.0,1.81,0.0115,0.00526,0.87893,False,False,,,1352200.0,941660.0,0.75,-1.93,-6.57,,,-7.25,0.245,45.3,-0.32,,True,0.6765945179059429,,0.905,US,True,,,24.166274961185547,27.793696275071632,65.0381081199172,65.07729668247832,46.42375168690958,67.60471204188482,89.88580750407831,50.0,89.51367781155015,50.0,44.38855938392767,standard,592,326586528,False,,,,,,,,,4,NEUTRAL,0,UPPTREND,False,4,0.5714285714285714,MEDEL,VÄNTA,0.0
5332.T,TOTO LTD.,Industrials,Building Products & Equipment,Japan,JPY,1262368004700.0,5.050675999999999,7.935003999999999,0.49,-0.3396733999999999,1.7118223,1.631,-1.9105000000000008,-0.0601999959999999,-0.003380004,-0.0242149999999999,-0.0514300024999999,0.0176399750000001,0.045,,,-17.119,-0.2269999999999999,0.989,-17956372480.0,132854996992.0,67784998912.0,1203005816832.0,,,,,,,,,,1.56,0.45279998,120.0,2.18,60.0,1790640000.0,0.949,7799.0,3435.390493709044,7678.0,6547.778,2.33333,9.0,,,0.10642,0.53713,False,False,,,1353585.0,1199350.0,1.88,,,,,,0.5267,62.7,,,True,0.8800911626578299,,0.844,Japan,True,,,34.36450217945839,,64.15354099755086,32.9851965363089,18.218623481781375,67.60471204188482,31.97389885807504,50.0,,50.0,44.13852630102276,standard,597,59855960,False,,,,,,,,,5,NEUTRAL,0,UPPTREND,False,3,0.4285714285714285,LÅG,VÄNTA,0.0
NOTE.ST,NOTE AB (publ),Technology,Electronic Components,Sweden,SEK,5378556065.753174,-8.325947,-3.3664885000000027,0.89,-2.2595428,1.4255383,1.85,-3.2555,-0.02026,-0.01532,-0.0235399959999999,-0.0457399999999999,-0.3144399999999999,-0.041,-0.198,-0.2,55.367,-0.4150000000000001,0.668,-662375008.0,338000000.0,1939000064.0,6979631616.0,,,,,,,,,,3.63,0.7407,7.0,3.65,7.0,1745539200.0,0.561,205.1999969482422,147.10000610351562,188.3999938964844,209.5,,2.0,,,0.4372,0.26611,False,False,,,62671.0,34840.0,2.228981684080185,9.34,-4.51,6.56,,-0.0818713611189541,0.3583830714076826,67.91443326645032,0.0375134539356236,0.035739577928284,True,0.9389659985214204,,0.475,Nordic,True,,,26.237127133506863,63.00558345571748,19.238817337121315,47.17532311843163,92.57759784075573,67.60471204188482,10.114192495921696,50.0,,50.0,43.96982773285082,standard,601,623566,False,,,,,,,,,3,SVAG,-8,UPPTREND,False,1,0.1428571428571428,LÅG,VÄNTA,0.0
UBER,"Uber Technologies, Inc.",Technology,Software - Application,United States,USD,143306173621.2776,-15.753982,-6.201088,5.7106,-3.048915000000001,2.66929,2.807,1.8309999999999995,0.14438,-0.0007899999999999,0.0345299949999999,-0.0181499999999999,-0.1021649899999999,0.145,-0.846,-0.852,-19.428,-0.53,0.833,5474181408.0,6090999808.0,12419000320.0,150695165952.0,,,,,,,,,,,0.0,,,,,1.158,101.98999786376952,68.45999908447266,70.4000015258789,104.4512,1.45098,50.0,3.53,0.0305,0.00447,0.85997003,False,False,,,17408903.0,21306430.0,0.95,-1.74,-3.34,,,-20.27,0.3456,41.0,0.04,,False,0.1089517653262844,,0.507,US,True,,87.44284227007795,50.91859920664866,21.63323782234957,30.163663938230727,31.974244191929348,37.65182186234818,12.172774869109947,88.09135399673735,50.0,58.662613981762924,50.0,43.67050929072764,standard,607,1499972705,False,,,,,,,,,4,NEUTRAL,0,NEDTREND,True,2,0.2857142857142857,LÅG,EJ AKTUELL,0.0
INTU,Intuit Inc.,Technology,Software - Application,United States,USD,90685721276.09251,-12.983038,-10.176027,0.8606,-3.604470000000001,4.3338456,4.34,-5.469999999999999,0.01624,0.0244299999999999,0.094529995,0.30594,0.30941501,0.104,0.107,0.087,-34.093,-0.146,0.624,4169556256.0,6780000256.0,6899999744.0,90805723136.0,,,,,,,,,,1.45,0.2831,4.8,0.63,1.2,1783555200.0,1.035,808.2248144461021,300.5,331.5299987792969,502.01593,1.52941,32.0,4.18,0.0462,0.02352,0.92191005,False,False,,,4102715.0,8527410.0,0.73,-11.35,-18.11,,,-47.45,0.571,41.3,-9.13,,False,0.2543953688145824,,0.916,US,True,,,74.42883855460829,3.8323782234957013,64.02445835818014,30.092504885520935,46.82860998650472,67.60471204188482,91.02773246329528,50.0,42.24924012158054,50.0,43.61587622921313,standard,611,2827092227,False,,,,,,,,,7,STARK,8,NEDTREND,True,2,0.2857142857142857,LÅG,EJ AKTUELL,0.0
VOLV-B.ST,AB Volvo (publ),Industrials,Farm & Heavy Construction Machinery,Sweden,SEK,518426656461.0,-8.123950999999998,-7.206226500000001,1.378,-1.8899823,1.4138207,1.809,-1.8694999999999984,-0.0094399999999999,-0.02719,-0.0243299959999999,-0.0342699999999999,-0.2183199899999999,-0.091,-0.158,-0.159,78.58200000000001,-0.3739999999999999,0.895,28982625344.0,72573001728.0,257632993280.0,847067676672.0,,,,,,,,,,2.61,0.0,8.5,3.0,13.0,1775692800.0,0.981,340.1635605405801,235.3278327972169,325.5,340.26572,2.38095,21.0,,,0.01681,0.68454003,False,False,,,3488201.0,3229110.0,2.557463417235551,1.56,-3.16,27.3,,-0.0431073819820003,0.2640897630968811,52.35458515579166,0.0424523554675366,0.1202948173356193,True,0.7612515744511924,,0.436,Nordic,True,,,27.896459891631686,69.50341135108674,17.05731552944751,43.74776919872467,22.941970310391362,67.60471204188482,86.94942903752039,50.0,,50.0,43.03163787614203,standard,625,99852154,False,,,,,,,,,3,SVAG,-8,UPPTREND,False,3,0.4285714285714285,LÅG,VÄNTA,0.0
HUBS,"HubSpot, Inc.",Technology,Software - Application,United States,USD,13422204262.486572,102.02834000000001,-5.934698999999998,0.4173,0.25410559999999993,4.069648,3.634,117.159,-0.0981500025,-0.052369999,-0.078549996,-0.10918499499999999,0.38449,0.1,,,-37.688,-0.10399999999999987,1.348,-160254144.0,1691052032.0,247291008.0,11985530880.0,,,,,,,,,,,0.0,,,,,1.229,611.0,173.25,262.20001220703125,280.16333,1.77143,33.0,2.88,0.1409,0.03609,0.98765,False,False,,0.748,1751100.0,2349330.0,1.4233356862838935,18.24,-0.53,-27.53,,-0.570867410463124,0.620372909171417,77.76211353247317,0.18329314477426917,-0.23705133322398408,True,1.037552361050536,,0.894,US,True,True,24.65205308762409,30.043169126152804,37.43140496999449,74.57717380145775,25.63033887167934,82.45614035087719,12.172774869109947,33.278955954323,50.0,11.55015197568389,74.8,42.9165271385673,standard,628,615994355,False,,,,,,,,,4,NEUTRAL,0,NEDTREND,True,1,0.14285714285714285,LÅG,EJ AKTUELL,0.0
TGT,Target Corporation,Consumer Defensive,Discount Stores,United States,USD,57712288405.84614,-16.436968000000004,-8.030800999999999,2.3594,-4.872730000000001,0.542526,0.69,-10.832999999999998,0.01143,-0.013469997,-0.0921100049999999,-0.1185999999999999,-0.2171249899999999,0.067,-0.247,-0.246,50.007000000000005,-0.667,0.182,2078806304.0,3534000128.0,19271999488.0,73452060672.0,,,,,,,,,,3.59,0.59970003,4.56,2.98,1.14,1778630400.0,1.011,131.8542420754725,81.82682168158469,127.06999969482422,131.65607,2.55263,33.0,3.02,0.0317,0.00278,0.87574995,False,False,,,5849120.0,7478570.0,0.51,-3.13,3.36,,,-5.48,0.3003,60.4,0.46,,True,0.6747413522026201,,0.948,US,True,,,24.618972546673568,42.94412607449857,44.729339808193174,40.056000763432415,56.54520917678813,67.60471204188482,81.40293637846656,50.0,56.38297872340425,50.0,42.9079585253903,standard,630,950301888,False,,,,,,,,,4,NEUTRAL,0,UPPTREND,False,2,0.2857142857142857,LÅG,VÄNTA,0.0
DSV.CO,DSV A/S,Industrials,Integrated Freight & Logistics,Denmark,DKK,383971128793.5,17.007427000000003,-1.6140524999999997,1.0492,-2.2149655,1.3908621,1.698,1.9964999999999988,-0.1173500039999999,-0.0205399999999999,-0.069499996,-0.0620700039999999,-0.1821599999999999,0.689,-0.429,-0.419,20.708,-0.652,0.887,20807500864.0,10314000384.0,94455996416.0,468676182016.0,,,,,,,,,,0.43,0.19709998,7.0,0.47,7.0,1773964800.0,0.98,1905.057176264512,1227.559678148465,1610.5,2044.05,1.3,20.0,,,0.177,0.49521,False,False,,,393357.0,426800.0,0.5,-0.75,-0.71,,,-16.13,0.3354,61.6,0.14,,True,0.8645667336469639,,0.254,Nordic,True,,88.70346840237073,19.691419422470045,27.148997134670488,30.015070771917646,44.49377806660629,25.506072874493928,67.60471204188482,90.53833605220228,50.0,,50.0,42.886845650583666,standard,631,98292680,False,,,,,,,,,4,NEUTRAL,0,UPPTREND,False,2,0.2857142857142857,LÅG,VÄNTA,0.0
LATO-B.ST,Investment AB Latour (publ),Industrials,Conglomerates,Sweden,SEK,118080100455.32242,0.2657640000000008,,,-2.3817421000000003,4.5569353,5.162,14.560500000000005,-0.0758299999999999,-0.03313,0.066060004,-0.0099699999999998,-0.0560700199999999,-0.022,-0.528,-0.526,-10.814999999999998,0.0769999999999997,1.067,1669375040.0,2811000064.0,19608000512.0,144518955008.0,,,,,,,,,,2.56,0.65620005,5.1,1.55,5.1,1778544000.0,1.299,261.1827241886983,179.92263443579347,199.5500030517578,241.66667,3.0,3.0,,,0.77252996,0.10033,False,False,,,411280.0,497009.0,2.855679853645696,-4.75,-8.42,-9.91,,-0.235975489299255,0.2524306310769246,49.672390920158286,-0.0179691834155468,-0.0872747580069048,True,0.5832314330991628,,0.5,Nordic,True,,53.07795092919737,35.698666504226324,44.254706226699945,17.945963436888903,48.79120691567889,41.16059379217274,67.60471204188482,61.82707993474714,50.0,,50.0,42.740531947244556,standard,635,9421924,False,,,,,,,,,4,NEUTRAL,0,NEDTREND,True,1,0.1428571428571428,LÅG,EJ AKTUELL,0.0
INPST.AS,InPost S.A.,Industrials,Integrated Freight & Logistics,Luxembourg,EUR,7679118302.598327,39.9738775,-1.4717640000000003,,-2.3523889,,,,-0.01632999,-0.001689999,-0.0677799999999999,-0.149415005,-0.1795800099999999,0.308,-0.378,-0.376,263.688,-0.7030000000000001,0.593,473962528.0,,,,,,,,,,,,,,0.0,,,,,1.088,15.390000343322754,9.1899995803833,15.359999656677246,17.271626,,13.0,,,0.41292,0.40263999,False,False,,,1738377.0,1136668.0,2.697357330581624,0.99,1.25,57.22,6.74,-0.0019493623116469,0.4443991047940249,57.14279226706508,0.0110717408652274,0.2010368057507712,True,0.824892348702357,,0.163,Europe,True,,,25.990318131523946,68.4781689691764,28.532772803489678,21.36791866872261,89.60863697705803,12.172774869109947,,50.0,,50.0,42.343929568505956,standard,641,18855958,False,,,,,,,,,3,SVAG,-8,UPPTREND,False,1,0.1428571428571428,LÅG,VÄNTA,0.0
INTC,Intel Corporation,Technology,Semiconductors,United States,USD,576381681533.8135,,52.17113700000001,1.36,-3.261290000000001,10.720787,11.201,22.852000000000004,-0.2378299999999999,-0.0639100004,-0.1835800049999999,-0.0950099999999999,-0.1265149899999999,0.072,,,-31.513,0.7129999999999999,1.657,-9363693792.0,32789000192.0,45030998016.0,602218692608.0,,,,,,,,,,,0.0,,2.69,0.125,1722988800.0,2.19,132.75,18.96999931335449,114.68000030517578,87.76098,2.6875,41.0,0.94,0.028099999,0.1472,0.64053,False,False,,,120641211.0,127137090.0,1.05,9.75,153.67,,,-15.54,0.8178,30.6,30.6,,False,0.4857137778072841,,0.804,US,True,,29.19995573298794,14.258284684573288,55.98137535816619,66.0008506020209,26.58302459766836,22.267206477732792,12.172774869109947,31.484502446982056,50.0,62.00607902735562,50.0,41.6230232045561,standard,651,14580081520,False,,,,,,,,,3,SVAG,-8,UPPTREND,False,1,0.1428571428571428,LÅG,EJ AKTUELL,0.0
MNDY,monday.com Ltd.,Technology,Software - Application,Israel,USD,4278068076.1573935,3.2923199999999966,-6.811631499999999,0.2834,-3.140008000000001,3.3133695,2.291,139.133,-0.08038001,-0.06732,-0.0328000049999998,-0.1075599999999999,0.39201501,0.245,0.096,0.022,-44.136,0.1229999999999999,1.593,-813962496.0,1212275968.0,177572992.0,2980564736.0,,,,,,,,,,,0.0,,,,,1.158,316.9800109863281,57.5,83.62000274658203,113.56,1.65385,25.0,4.0,0.17639999,0.15353,0.86588997,False,False,,,1776885.0,2152120.0,1.66,31.25,29.79,,,-41.25,0.6838,69.3,34.21,,True,1.0448170569399706,,1.0,US,True,,2.7316025478124715,32.609904072312624,43.087392550143264,68.49680271803048,31.068060823059415,93.79217273954116,12.172774869109947,2.6101141924959217,50.0,7.29483282674772,50.0,40.56522385481047,standard,665,179960280,False,,,,,,,,,4,NEUTRAL,0,NEDTREND,True,1,0.1428571428571428,LÅG,EJ AKTUELL,0.0
GMAB.CO,Genmab A/S,Healthcare,Biotechnology,Denmark,DKK,104614360416.0,-8.039836999999999,-4.1458425000000005,1.7603,-2.4942004,26.81732,27.794,63.84550000000001,-0.0293199999999999,0.0156199999999999,0.115889994,0.11806,0.4795000000000001,0.253,-0.728,-0.728,37.72,0.6170000000000001,2.166,-42375040.0,1524999936.0,5351000064.0,108423774208.0,,,,,,,,,,,0.0,,,,,0.695,2257.0,1275.0,1671.0,2313.127,1.64706,15.0,,,0.0,0.46047002,False,False,,,151891.0,204648.0,0.92,-0.97,-11.48,,,-27.19,0.3611,36.4,-4.72,,True,0.4981709126657098,,0.717,Nordic,True,,32.82382548960135,67.94520941923638,8.667621776504298,38.238274422021426,59.27277347565139,44.39946018893387,12.172774869109947,43.2300163132137,50.0,,50.0,40.22625185548754,standard,669,48901254,False,,,,,,,,,4,NEUTRAL,0,NEDTREND,True,1,0.1428571428571428,LÅG,EJ AKTUELL,0.0
KPITTECH.NS,KPIT Technologies Limited,Technology,Software - Infrastructure,India,INR,210145805030.13617,-8.039927999999994,-6.614755000000002,,-1.2386033000000003,3.255586,3.171,-17.850000000000005,0.0,0.011050008,-0.022809994,-0.0297699999999999,-0.0710300199999999,0.12,-0.335,-0.334,8.620999999999997,-0.538,0.877,-9042356224.0,13899740160.0,8383869952.0,204709445632.0,,,,,,,,,,1.07,0.35439998,8.25,,2.25,1770163200.0,-0.037,1424.2414281315198,624.9000244140625,771.9500122070312,838.2857,2.14286,21.0,,,0.47530997,0.29973,False,False,,,2269927.0,1981253.0,0.5103148983451936,1.7,1.51,-33.98,,-0.4579921655419319,0.329258349530717,65.5492668881943,0.0700112863952346,-0.2422749823711284,True,0.7733564165285004,,0.014,India,True,,,41.74125648208171,37.96698537894582,24.900176167119195,62.65919024735928,32.25371120107962,67.60471204188482,18.92332789559543,50.0,,50.0,39.81178736606149,standard,673,18353139,False,,,,,,,,,4,NEUTRAL,0,NEDTREND,True,2,0.2857142857142857,LÅG,EJ AKTUELL,0.0
ACN,Accenture plc,Technology,Information Technology Services,Ireland,USD,114849623361.3855,-17.889357000000004,-9.759262,1.3154,-4.747175800000001,1.5965738,1.6,-10.578,0.03891,0.0414099999999999,-0.0184800049999999,-0.0256099999999998,-0.1782549699999999,0.083,0.04,0.021,-42.072,-0.2629999999999999,1.2,11101869344.0,9405595648.0,8347366912.0,115355729920.0,,,,,,,,,,3.49,0.5098,6.52,1.64,1.63,1775692800.0,1.071,317.47641093074964,155.82000732421875,187.07000732421875,247.54884,1.82143,26.0,4.27,0.043899998,0.00072999997,0.85233,False,False,,,6370725.0,5273840.0,1.13,9.31,-5.55,,,-31.3,0.4176,70.3,6.41,,True,0.9434091395247108,,0.881,US,True,,,47.65077236441308,15.293696275071634,57.05977854568518,33.841147119096995,41.43049932523617,67.60471204188482,97.38988580750407,50.0,43.161094224924014,50.0,39.75811121344209,standard,674,986577287,False,,,,,,,,,4,NEUTRAL,0,NEDTREND,True,1,0.1428571428571428,LÅG,EJ AKTUELL,0.0
RTX,RTX Corporation,Industrials,Aerospace & Defense,United States,USD,241945149606.182,0.4212309999999988,1.4603100000000016,2.4726,-4.782048100000001,2.677184,3.052,-1.5649999999999975,-0.09301,-0.0297099969999999,-0.0442499999999999,-0.0319799899999999,-0.2963849999999999,0.087,0.325,0.341,-10.311999999999996,-0.575,0.646,6170931488.0,6817999872.0,38934999040.0,275816153088.0,,,,,,,,,,1.54,0.5103,2.77,2.13,0.73,1779408000.0,0.301,213.6102078060541,132.26207389640462,179.66000366210938,215.27182,1.91304,22.0,2.37,0.0107,0.00084,0.81581,False,False,,,5604071.0,5871250.0,0.82,0.66,-15.19,,,-17.45,0.2493,44.3,-5.36,,True,0.8991201857824029,,1.0,US,True,,,20.636118791165067,9.742120343839542,76.32046742572365,59.178037769983696,29.959514170040485,67.60471204188482,74.71451876019576,50.0,91.03343465045593,50.0,39.35566900250098,standard,678,1054828797,False,,,,,,,,,4,NEUTRAL,0,VARNING,False,4,0.5714285714285714,MEDEL,EJ AKTUELL,0.0
AMPL,"Amplitude, Inc.",Technology,Software - Application,United States,USD,812240630.349967,,35.466201000000005,,-3.661211000000001,2.9070046,2.426,-29.038,-0.5622699999999998,-0.2117299999999999,-0.3756500049999999,-0.422,0.23718501,0.169,,,-62.871,-0.0840000000000001,1.283,-1009560620.0,181924992.0,10148000.0,865305472.0,,,,,,,,,,,0.0,,,,,1.43,14.489999771118164,5.510000228881836,7.820000171661377,10.65,,10.0,2.82,0.073,0.05395,0.82004,False,False,,,2107514.0,2883400.0,1.48,12.71,15.83,,,-26.47,0.727,86.4,29.35,,True,0.8824548539883044,,0.497,US,True,,,17.661390689319823,37.034383954154734,51.451339698182935,21.56923054416718,98.38056680161942,12.172774869109947,,50.0,26.13981762917933,50.0,38.9549500349491,standard,683,22548188,False,,,,,,,,,2,SVAG,-8,NEDTREND,True,0,0.0,LÅG,EJ AKTUELL,0.0
6758.T,Sony Group Corporation,Technology,Consumer Electronics,Japan,JPY,20347362597156.0,-6.515058,-4.729213000000001,1.953,-0.2235723999999999,1.6304474,1.619,-8.0595,-0.00836,-0.0072500019999999,-0.104995,-0.0459900024999999,-0.030380005,0.154,-0.575,-0.581,-10.203,-0.606,0.801,-345629982720.0,2208879083520.0,1669669060608.0,20201374482432.0,,,,,,,,,,1.02,0.1458,35.0,0.58,17.5,1790640000.0,0.719,4757.396194480884,3043.0,3444.0,4676.304,1.34783,23.0,,,0.00071999995,0.48866,False,False,,,21871136.0,22595380.0,1.565589279042464,7.36,4.58,-21.58,,-0.2760745880287565,0.3420935540521898,52.99500831946756,0.0273878382447263,-0.1039068188877081,False,0.5037947097411412,,0.567,Japan,True,,,31.81440918539504,48.81133328540668,33.530153938508974,42.152262456402134,5.802968960863698,67.60471204188482,30.0163132137031,50.0,,50.0,38.88671607431727,standard,686,505820177,False,,,,,,,,,1,SVAG,-8,NEDTREND,True,1,0.1428571428571428,LÅG,EJ AKTUELL,0.0
1833.HK,Ping An Healthcare and Technology Company Limited,Healthcare,Health Information Services,China,HKD,19990283231.556576,26.052125500000002,16.08304475,4.0033,0.006277150000000065,3.655751,2.512,43.19500000000001,-0.04521499999999998,-0.032805,-0.07022500300000001,-0.14932749750000002,-0.033804999999999974,0.015,3.671,8.901,-14.569,0.6012499999999998,2.42,-19434178560.0,6295327232.0,50290000.0,13733937152.0,,,,,,,,,,,0.0,,,9.7,1733443200.0,1.109,24.399999618530273,6.699999809265137,9.399999618530273,15.609858,,14.0,,,0.53714,0.13161,False,False,,0.5,9805130.0,11221612.0,1.1015585453473162,-12.56,-27.91,-34.27,,-0.6147541079717247,0.5409186567939344,25.266901499033267,-0.14736139088278744,-0.3556392110662744,False,0.33798414807553784,,0.5,Asia,True,True,,22.356901426292847,20.72716722638157,67.29080020960022,39.70618605087768,77.7327935222672,12.172774869109947,,50.0,,50.0,38.76960737186518,standard,688,13501843,False,,,,,,,,,4,NEUTRAL,0,NEDTREND,True,1,0.14285714285714285,LÅG,EJ AKTUELL,0.0
TSCO.L,Tesco PLC,Consumer Defensive,Grocery Stores,United Kingdom,GBp,33727741663689.44,-7.5380980000000015,-5.977395999999999,1.9045,-2.2131127000000004,0.3681073,0.519,-3.3029999999999995,-0.00940999,-0.02354,-0.07598,-0.16361,-0.31257,0.072,0.537,0.456,54.895,-0.8530000000000001,0.385,463250048.0,4164000000.0,15079999488.0,38222462976.0,,,,,,,,,,3.37,0.5258,0.15,3.78,0.097,1778716800.0,0.598,6213.7275176319245,4949.392215874192,436.8999938964844,515.357,1.93333,14.0,,,0.02105,0.55328,False,False,,,19224601.0,25002677.0,1.14,-9.55,-9.28,,,-13.01,0.2412,33.3,-7.27,,False,-0.118431303988271,,0.5,UK,True,,,19.304726862328476,17.478510028653297,61.99347990944993,50.57857788656378,4.183535762483131,67.60471204188482,62.80587275693311,50.0,,50.0,37.364057244261005,standard,700,10923669429,False,,,,,,,,,4,NEUTRAL,0,NEDTREND,True,1,0.1428571428571428,LÅG,EJ AKTUELL,0.0
0268.HK,Kingdee International Software Group Company Limited,Technology,Software - Application,China,HKD,25484829144.308304,221.67071,13.816109,0.95,0.058812,3.6375535,3.135,124.745,-0.1082399979999998,-0.0355700000999999,-0.108295005,-0.08738,0.2948499699999999,0.126,1.518,1.516,-19.384,-0.4070000000000001,0.798,-8863632704.0,3639378944.0,41613000.0,21967237120.0,,,,,,,,,,,0.0,,1.2,0.012,1589414400.0,0.96,19.0,6.940000057220459,7.269999980926514,15.590097,1.5,18.0,,,0.19896999,0.51895,False,False,,,43003966.0,57359845.0,2.064135549378032,-11.66,-27.08,-48.98,,-0.6173684220564992,0.5269581622549576,14.186858404648504,-0.1582530536167502,-0.4373435199145662,False,0.107876530792439,,0.5,Asia,True,,2.0053776222056445,28.7228701147053,20.08178341943015,71.94058527569563,28.883285118148535,72.46963562753037,12.172774869109947,1.1419249592169658,50.0,,50.0,34.909087990022336,standard,713,53376777,False,,,,,,,,,4,NEUTRAL,0,NEDTREND,True,1,0.1428571428571428,LÅG,EJ AKTUELL,0.0
HHFA.DE,Hamburger Hafen und Logistik Aktiengesellschaft,Industrials,Marine Shipping,Germany,EUR,1566322688.4622536,513.1912675000001,-2.702532000000001,1.32,-2.4874127,0.9120052,1.713,-5.518999999999999,-0.1385399999999998,-0.030030001,-0.0971399999999999,-0.084215005,-0.1624700199999998,0.069,-0.9,-0.891,89.388,-0.288,0.809,-550848624.0,124738000.0,1257976960.0,3050841088.0,,,,,,,,,,0.46,2.5,0.1,2.9,0.1,1751587200.0,,23.5,17.60659727340659,21.600000381469727,,,,,,0.9378,0.0021,False,False,,,3529.0,1193.0,0.96,0.0,-6.47,,,-6.87,0.1696,54.5,-1.04,,True,0.2763926410714231,,0.5,Europe,True,,,17.54625594718022,28.58166189111748,24.01091488049245,52.915121969284534,97.30094466936572,29.581151832460733,4.893964110929853,50.0,,50.0,34.39728163654536,standard,720,27830,True,,,,,,,,,2,SVAG,-8,NEDTREND,True,0,0.0,LÅG,EJ AKTUELL,0.0
1810.HK,Xiaomi Corporation,Technology,Consumer Electronics,China,HKD,598635347261.2592,-5.0848510000000005,0.1611479999999994,2.3335,-0.2839290000000001,1.6253805,1.483,3.391000000000002,0.022690002,-0.0030899999999999,-0.041935008,-0.10604,-0.1559699999999999,-0.109,-0.581,-0.568,-6.596999999999996,-0.073,0.66,-1528410624.0,98225414144.0,35367235584.0,659969933312.0,,,,,,,,,,,0.0,,,,,0.725,61.45000076293945,27.5,28.040000915527344,41.760784,1.81818,30.0,,,0.20422001,0.27541,False,False,,,172659172.0,160536767.0,1.5595901911117092,-6.28,-21.54,-27.77,,-0.5436940509781362,0.3534002165992149,16.044785679514234,-0.109196469042568,-0.3138995064254093,False,-0.0026782330999068,,0.733,Asia,True,,50.97612860386762,32.00948215171625,24.477513838822645,20.364239991423855,50.439678597943875,21.86234817813765,12.172774869109947,41.272430668841764,50.0,,50.0,33.788984486483784,standard,723,576185740,False,,,,,,,,,3,SVAG,-8,NEDTREND,True,0,0.0,LÅG,EJ AKTUELL,0.0
FOUR,"Shift4 Payments, Inc.",Technology,Software - Infrastructure,United States,USD,3534896962.3816986,17.995424999999997,-15.6310056,0.3194,-2.2768663000000005,0.9919674,1.971,-9.324,-0.109290005,-0.0335199999999999,-0.0982700049999999,-0.1138399999999999,-0.1475150099999999,0.322,,-0.118,189.875,-0.377,0.692,-573993760.0,473000000.0,4582000128.0,8775897088.0,,,,,,,,,,,0.0,,,,,1.439,108.5,39.60599899291992,44.560001373291016,60.61905,2.16667,21.0,8.52,0.1911,0.30321,0.94883,False,False,,,1998150.0,1186820.0,0.91,-0.02,-9.4,,,-36.15,0.6423,69.4,1.6,,True,0.7795621501292743,,0.31,US,True,,,16.65786821906292,10.064469914040115,39.70283364110958,16.571028189490438,95.27665317139001,12.172774869109947,13.539967373572596,50.0,5.775075987841945,50.0,27.728146603000138,standard,741,52884701,False,,,,,,,,,1,SVAG,-8,NEDTREND,True,0,0.0,LÅG,EJ AKTUELL,0.0
