ticker,name,sector,industry,country,currency,market_cap,pe_trailing,pe_forward,peg_ratio,price_to_book,price_to_sales,ev_to_revenue,ev_to_ebitda,roe,roa,profit_margin,operating_margin,gross_margin,revenue_growth,earnings_growth,earnings_quarterly_growth,debt_to_equity,current_ratio,quick_ratio,free_cash_flow,total_cash,total_debt,enterprise_value,total_assets,total_assets_prev,revenue_ttm,revenue_prev,revenue_2y_ago,operating_income_ttm,operating_income_prev,net_income_ttm,operating_cashflow_ttm,dividend_yield,payout_ratio,dividend_rate,div_yield_5y_avg,last_dividend_value,ex_dividend_date,beta,52_week_high,52_week_low,current_price,target_mean_price,recommendation_mean,number_of_analysts,short_ratio,short_pct_float,insider_pct,institution_pct,insider_cluster,insider_executive_buy,earnings_revision_rate,options_flow_signal,avg_volume,avg_volume_10d,volume_ratio,return_1m,return_3m,return_6m,return_12m,pct_from_52w_high,volatility,rsi_14,price_vs_ma50,price_vs_ma200,macd_above_signal,bb_position,insider_recent_date,earnings_surprise,exchange_group,_sector_neutralized,score_value,score_quality,score_momentum,score_growth,score_risk,score_size,score_dividend,score_fcf_yield,score_sentiment,score_short_interest,score_options_flow,score_total,company_type,rank,est_daily_turnover_usd,low_liquidity,mews_score,mews_flag,mews_fcf_yield,mews_small_size,mews_low_ps,mews_operating_leverage,mews_revenue_accel,mews_clean_accruals,piotroski_f,piotroski_label,piotroski_boost,trend_signal,trend_capped,factors_positive,confidence_pct,confidence_label,entry_signal,score_delta_4w,_fundamentals_neutralized,data_quality,data_anomaly,data_fetched_date,data_stale_days
BNS.TO,BNS.TO,Unknown,Unknown,Unknown,USD,,,,,,,,,,,,,,,,,,,,,,,,1460042000000.0,,37097000000.0,,,,,7789000000.0,5407000000.0,,,,,,,,124.30000305175781,71.1762556605677,124.13999938964844,,,,,,,,False,False,,0.5,,,0.15,7.15,22.62,26.15,,0.0,0.1713,59.7,9.73,,False,0.9299521709377832,,0.904,Canada,True,,,87.20784905373814,80.31645569620252,97.38219895287958,,12.658227848101266,,50.0,,50.0,73.70156612426076,standard,1,,True,44.6,False,28.17195325542571,50.04173622704508,50.04173622704508,50.04173622704508,50.04173622704508,50.04173622704508,1,SVAG,-8,UPPTREND,False,3,0.42857142857142855,LÅG,OK,8.1,True,0.0,EXTREME_GROWTH;EXTREME_EARNINGS_GROWTH;MISSING_CRITICAL;,2026-07-13,0
V,Visa Inc.,Financial Services,Credit Services,United States,USD,579188976996.0531,9.065088624999998,7.725641999999999,1.5282,14.03854015,15.424071,15.53,10.444999999999999,0.43066499999999996,0.16533500992500003,0.26247502600000006,0.30162002999999993,0.49807999999999997,0.10850000000000001,0.22199999999999998,0.315,1.7172500000000035,-0.6789999999999999,0.669,19739896064.0,13912999936.0,23975999488.0,668203679744.0,99627000000.0,,40000000000.0,,,26556000000.0,,20058000000.0,23059000000.0,0.77,0.2197,2.68,0.7,0.67,1778544000.0,0.754,365.0199890136719,293.2820187246287,348.9700012207031,401.15817,1.36585,38.0,2.31,0.0125,0.00081,0.91583997,False,False,,0.5,8292962.0,10205490.0,0.494079565636949,7.36,13.43,-1.54,,-0.04397016129537934,0.2164131321631628,69.53082613549401,0.05760855399825826,0.06355025585324059,True,0.7163142355748475,,0.869,US,True,72.29599653129064,95.67705076696784,66.17549219957682,70.92613428611517,63.58215625645833,21.73913043478261,67.53164556962025,84.57869634340223,50.0,88.02395209580838,50.0,71.42343958948591,standard,2,3561409858,False,47.4,False,84.0567612687813,18.697829716193656,7.0951585976627705,50.04173622704508,50.04173622704508,50.04173622704508,7,STARK,8,UPPTREND,False,6,0.8571428571428571,HÖG,VÄNTA,5.4,True,0.875,,2026-07-13,0
2330.TW,Taiwan Semiconductor Manufacturing Company Limited,Technology,Semiconductors,Taiwan,TWD,62626673711805.0,4.136150999999995,1.7737464999999988,1.1813,6.2988450500000015,15.260266,14.713,3.8019999999999996,0.23865499749999997,0.12426000895000003,0.34760750400000007,0.44270750000000003,0.247865,0.22149999999999997,0.38199999999999995,0.583,12.646749999999999,0.6930000000000001,2.187,709926586368.0,3383596154880.0,1094369804288.0,60378876739584.0,7932842500000.0,,3809054300000.0,,,1936095600000.0,,1697604000000.0,2274975600000.0,0.99,0.2785,24.0,1.7,7.0,1789516800.0,1.246,2535.0,1070.727733037243,2415.0,2833.9707,1.32353,34.0,,,0.00022,0.43839002,False,False,,0.5,33980625.0,25832127.0,1.33,,,,,,0.3366,42.3,,,False,0.47881798919215207,,0.927,Asia,True,67.53707183118948,92.571908512379,,80.42397324658238,56.663908521682565,2.503293807641634,67.53164556962025,65.18282988871225,50.0,,50.0,68.81431217541716,standard,5,1937830787,False,41.0,False,68.03005008347245,2.5459098497495827,7.262103505843072,50.04173622704508,50.04173622704508,50.04173622704508,5,NEUTRAL,0,UPPTREND,False,4,0.5714285714285714,MEDEL,OK,6.0,True,0.875,SUSPICIOUS_FWD_PE;,2026-07-13,0
AAPL,Apple Inc.,Technology,Consumer Electronics,United States,USD,4631217201493.408,0.39662137499999783,9.509896,2.5551,35.92279295,10.286465,10.295,7.373749999999998,1.2348599000000002,0.194334999075,0.16094502499999996,0.1789875,-0.0010800000000000254,0.036500000000000005,0.015999999999999986,0.194,32.048750000000005,-0.7080000000000001,0.906,99990892800.0,68507000832.0,84710998016.0,4647420952576.0,359241000000.0,,416161000000.0,,,133050000000.0,,112010000000.0,111482000000.0,0.34,0.1259,1.08,0.5,0.27,1778457600.0,1.097,317.3999938964844,200.70374904924734,315.32000732421875,315.56668,2.0,42.0,2.11,0.0095999995,0.01631,0.65731,False,False,,0.5,54717498.0,81136140.0,0.47,6.98,22.13,,,0.0,0.268,63.2,5.9,,True,0.8727703857010282,,0.911,US,True,69.88365370718311,83.64151982771105,89.98787981284177,59.90839360796412,44.76403814900136,12.121212121212121,67.53164556962025,77.10651828298887,50.0,92.66467065868264,50.0,68.69696051722326,standard,6,25583848259,False,44.9,False,76.79465776293823,9.766277128547578,11.519198664440735,50.04173622704508,50.04173622704508,50.04173622704508,6,NEUTRAL,0,UPPTREND,False,4,0.5714285714285714,MEDEL,OK,2.8,True,0.875,,2026-07-13,0
KO,The Coca-Cola Company,Consumer Defensive,Beverages - Non-Alcoholic,United States,USD,359214247887.72595,-2.1837756250000036,4.698174,4.2244,4.789755574999999,7.288658,7.957,7.940750000000001,0.21788001999999995,0.020655000075,0.18817500600000003,0.22325749799999997,0.13773999999999997,0.08499999999999999,0.118,0.178,25.383750000000003,0.19399999999999984,0.782,2024396544.0,13820000256.0,44646998016.0,392142258176.0,104816000000.0,,47941000000.0,,,14911000000.0,,13107000000.0,7408000000.0,2.57,0.64779997,2.12,2.89,0.53,1781481600.0,0.349,85.68000030517578,64.03758462860179,83.48999786376953,86.1825,1.8,24.0,2.44,0.0116,0.098950006,0.6826,False,False,,0.629,16907085.0,20763030.0,0.34,2.72,10.95,,,0.0,0.19,68.0,4.79,,True,0.7977628908949826,,0.887,US,True,53.15132244544009,81.65843572280986,79.83698818046865,65.19368039914016,76.49852090880296,26.08695652173913,67.53164556962025,54.372019077901435,50.0,89.67065868263472,62.9,66.87652200329602,standard,7,1733505330,False,44.4,False,63.188647746243745,22.287145242070117,18.030050083472453,50.04173622704508,50.04173622704508,50.04173622704508,7,STARK,8,UPPTREND,False,5,0.7142857142857143,HÖG,OK,10.2,True,0.875,,2026-07-13,0
LLY,Eli Lilly and Company,Healthcare,Drug Manufacturers - General,United States,USD,1059905961155.6252,11.685717375000003,7.096690499999999,1.5739,28.331275249999994,14.670181,15.197,13.596749999999997,0.9085249999999999,0.137565010075,0.221520006,0.30658499000000006,0.34861999999999993,0.47050000000000003,1.586,1.681,82.23899999999999,-0.6230000000000001,0.721,8056746240.0,5281999872.0,43370000384.0,1097994010624.0,112476000000.0,,65179000000.0,,,29696000000.0,,20640000000.0,16813000000.0,0.57,0.22129999,6.92,0.89,1.73,1786665600.0,0.506,1249.449951171875,619.3983893784804,1188.5799560546875,1240.4642,1.76667,28.0,2.74,0.0105,0.00155,0.85236,False,False,,0.284,3300485.0,3388710.0,0.33,2.42,28.13,,,-3.77,0.3971,65.1,8.77,,False,0.6187632893317456,,1.0,US,True,52.126318832201186,94.15332508809342,56.635473626848565,93.03729092882757,40.75122339988056,18.84057971014493,67.53164556962025,59.14149443561209,50.0,91.31736526946108,28.4,66.55211398448121,standard,8,4027752783,False,42.2,False,64.27378964941569,16.52754590984975,7.595993322203673,50.04173622704508,50.04173622704508,50.04173622704508,7,STARK,8,UPPTREND,False,3,0.42857142857142855,LÅG,OK,10.0,True,0.875,,2026-07-13,0
6857.T,Advantest Corporation,Technology,Semiconductor Equipment & Materials,Japan,JPY,21621191716440.0,26.962097499999995,101.501677,2.2104,23.1797211,19.350029,18.874,23.559874999999995,0.468469995,0.26091499915,0.23990750025000002,0.35521253500000005,0.36475496249999995,0.2825,2.004,2.173,-9.403374999999999,0.4229999999999999,1.722,190341372928.0,339966001152.0,20192000000.0,21301416689664.0,1171816000000.0,,1128610000000.0,,,499120000000.0,,375353000000.0,335182000000.0,0.2,0.1145,60.0,0.81,30.0,1774828800.0,1.186,35940.0,9711.253449554897,29830.0,35140.0,1.75,20.0,,,0.00279,0.65313005,False,False,,0.5,9287914.0,7913510.0,0.86,,,,,,0.7349,45.5,,,False,0.3797014320840355,,1.0,Japan,True,50.33169533169533,94.7801828019329,,92.65130376213166,34.14135426553862,5.401844532279315,67.53164556962025,62.16216216216216,50.0,,50.0,66.42634138968906,standard,9,1453902597,False,40.3,False,66.4440734557596,2.5459098497495827,5.175292153589315,50.04173622704508,50.04173622704508,50.04173622704508,6,NEUTRAL,0,UPPTREND,False,3,0.42857142857142855,LÅG,OK,4.8,True,0.875,,2026-07-13,0
000660.KS,SK hynix Inc.,Technology,Semiconductors,South Korea,KRW,1547483662380000.0,,-12.2677762,2.9836,,11.715922,11.445,-0.8520000000000003,0.48827499750000003,0.22991999895,0.451457504,0.57700753,0.312555,1.8515000000000001,3.7640000000000002,3.975,7.48175,0.8220000000000001,2.174,25799822215168.0,54361531088896.0,21832415576064.0,1511647160041472.0,176107659000000.0,,97146675000000.0,,,47206319000000.0,,42919287000000.0,53373126000000.0,0.14,0.028399998,3000.0,1.06,375.0,1779926400.0,2.027,2987000.0,243980.453125,2180000.0,3221475.2,1.43243,37.0,,,0.20716,0.41442,False,False,,0.5,5355752.0,5892603.0,0.82,1.4,118.47,,,-25.32,0.9471,33.2,1.73,,False,0.1933437583743126,,1.0,Asia,True,,95.81198062289529,50.68427382227484,96.29340058834042,42.47479400758238,0.2635046113306983,34.810126582278485,72.97297297297297,50.0,,50.0,66.4158929750683,standard,10,9377488414,False,42.6,False,72.95492487479132,2.5459098497495827,9.93322203672788,50.04173622704508,50.04173622704508,50.04173622704508,7,STARK,8,UPPTREND,False,2,0.2857142857142857,LÅG,VÄNTA,12.5,True,0.625,SUSPICIOUS_FWD_PE;,2026-07-13,0
MU,"Micron Technology, Inc.",Technology,Semiconductors,United States,USD,1106014698987.7625,-15.600616625,-16.8496533,0.1457,7.61793095,12.251754,12.034,-5.753250000000001,0.48652999999999996,0.280744999075,0.44848500500000005,0.65993753,0.24598999999999993,3.3274999999999997,13.483,13.983,-41.16924999999999,1.6469999999999998,2.927,6539646208.0,26022000640.0,6376000000.0,1086368710656.0,82798000000.0,,37378000000.0,,,9809000000.0,,8539000000.0,17525000000.0,0.05,0.0112,0.53,0.33,0.15,1783296000.0,2.142,1254.8069810301963,103.21433303891678,979.2999877929688,1486.0,1.42222,42.0,0.55,0.028099999,0.0025499999,0.81311995,False,False,,0.456,51537644.0,55761390.0,0.51,-6.59,118.07,,,-23.35,0.8993,32.0,2.52,,False,0.2819974941534497,,1.0,US,True,,94.56952953275754,51.095232726384424,98.14039692892891,30.452590162955627,18.44532279314888,25.63291139240506,56.43879173290938,50.0,63.47305389221557,45.6,66.17900727940082,standard,11,54607128546,False,42.1,False,62.93823038397329,16.193656093489146,9.515859766277128,50.04173622704508,50.04173622704508,50.04173622704508,6,NEUTRAL,0,UPPTREND,False,2,0.2857142857142857,LÅG,VÄNTA,11.1,True,0.875,SUSPICIOUS_FWD_PE;,2026-07-13,0
EXEL,"Exelixis, Inc.",Healthcare,Biotechnology,United States,USD,14201562189.5,-12.702012624999998,-5.261091500000001,2.56,1.6961052499999996,5.9783688,5.723,-2.933250000000001,0.24380500000000005,0.15048500007499999,0.22250000599999997,0.22421499000000003,0.48473999999999995,0.0155,0.323,0.319,-48.018,1.138,3.01,-470734208.0,777206976.0,169540992.0,13593895936.0,2844423000.0,,2320126000.0,,,892701000.0,,782570000.0,884267000.0,,0.0,,,,,0.424,57.56999969482422,33.7599983215332,56.5,50.375,2.26316,16.0,10.18,0.15439999,0.01821,1.0683999,False,False,,0.463,2726155.0,2935470.0,0.36,4.21,24.0,,,-2.36,0.3478,69.0,8.43,,True,0.8353716327547671,,1.0,US,True,,93.12997725564472,57.59221677283575,70.6204190859741,69.44755114578739,80.89591567852437,12.658227848101266,25.914149443561207,50.0,9.880239520958083,46.300000000000004,65.97315008979649,standard,12,165854055,False,44.5,False,28.17195325542571,75.70951585976627,23.78964941569282,50.04173622704508,50.04173622704508,50.04173622704508,5,NEUTRAL,0,UPPTREND,False,3,0.42857142857142855,LÅG,VÄNTA,6.7,True,0.875,SUSPICIOUS_FWD_PE;,2026-07-13,0
MA,Mastercard Incorporated,Financial Services,Credit Services,United States,USD,461970055225.39307,8.974254625,7.360573999999998,1.6098,64.84643115000002,13.713396,14.03,10.551999999999998,2.147935,0.22372499992499997,0.20444499600000005,0.23652002999999996,0.5203,0.0955,0.07899999999999999,0.184,216.54325000000003,-0.786,0.564,15048271104.0,8218999808.0,18959998976.0,476162949120.0,54157000000.0,,32791000000.0,,,19514000000.0,,14968000000.0,17648000000.0,0.67,0.1823,3.48,0.54,0.87,1783555200.0,0.729,598.0432666718583,463.74259988972767,526.739990234375,643.8421,1.34146,38.0,1.77,0.0088,0.00114,0.91477996,False,False,,0.297,3824840.0,4340630.0,0.33,11.0,6.19,,,-2.59,0.2492,76.4,8.04,,True,0.7889488808979779,,0.899,US,True,72.57970805029628,95.57018561370839,40.617612792904524,65.52250822741296,39.94205660233497,23.583662714097496,67.53164556962025,85.37360890302067,50.0,93.41317365269461,29.7,65.14296351696613,standard,13,2286383404,False,47.6,False,83.0550918196995,20.36727879799666,8.347245409015025,50.04173622704508,50.04173622704508,50.04173622704508,6,NEUTRAL,0,UPPTREND,False,4,0.5714285714285714,MEDEL,VÄNTA,-0.8,True,0.875,,2026-07-13,0
9999.HK,"NetEase, Inc.",Communication Services,Electronic Gaming & Multimedia,China,HKD,662018712640.2427,1.8991249999999962,0.024017500000000247,1.4026,1.1533298500000004,5.7874565,4.424,3.1670000000000016,0.06762001249999999,0.06491499845000001,0.1662725,0.2325,0.286015,0.0,-0.0695,0.036,-27.27825,2.0320000000000005,3.089,24916981760.0,170903830528.0,10955459584.0,506050707456.0,221415060000.0,,112625807000.0,,,35834867000.0,,33759800000.0,50739800000.0,2.18,0.3966,4.51,1.92,0.144,1780531200.0,0.79,247.3736598862898,168.6753483990376,206.8000030517578,249.85107,1.34783,20.0,,,0.44055998,0.26602,False,False,,0.5,7721984.0,12405960.0,1.42,,,,,,0.3434,64.2,,,True,0.7345041418347003,,0.506,Asia,True,87.68796068796068,84.68674351015305,,37.34234965507459,64.11899870225066,20.816864295125164,67.53164556962025,91.8918918918919,50.0,,50.0,65.03986170197794,standard,14,327314004,False,50.4,False,85.55926544240401,18.030050083472453,25.125208681135224,50.04173622704508,50.04173622704508,50.04173622704508,5,NEUTRAL,0,UPPTREND,False,4,0.5714285714285714,MEDEL,OK,4.8,True,0.875,SUSPICIOUS_FWD_PE;,2026-07-13,0
RILBA.CO,Ringkjøbing Landbobank A/S,Financial Services,Banks - Regional,Denmark,DKK,39919871700.0,2.9849487500000027,0.31740749999999984,2.15,0.6457998999999999,9.666209,11.927,,0.055245000000000016,0.00531999985,0.31780249,0.3630412710000001,-0.448525,-0.0865,-0.161,-0.049,,,,,4618790912.0,13522581504.0,49254572032.0,86308719000.0,,4114420000.0,,,,,2313411000.0,,0.71,0.1302,12.0,0.8,12.0,1772668800.0,0.303,1700.0,1355.8438528878348,1678.0,1803.3334,1.66667,3.0,,,0.00558,0.37622002,False,False,,0.5,24033.0,22519.0,1.26,8.01,7.74,,,0.0,0.2143,81.0,8.13,,True,0.882930437389948,,0.936,Nordic,True,,64.51550810317549,76.40763289926153,36.35554742586979,88.06852111600261,64.42687747035573,67.53164556962025,,50.0,,50.0,65.02030588656893,standard,15,5756607,False,40.3,False,28.17195325542571,58.59766277128548,12.85475792988314,50.04173622704508,50.04173622704508,50.04173622704508,1,SVAG,-8,UPPTREND,False,4,0.5714285714285714,MEDEL,VÄNTA,-7.7,True,0.75,SUSPICIOUS_FWD_PE;,2026-07-13,0
TXT.WA,Text S.A.,Technology,Software - Application,Poland,PLN,1273079964.6377563,-21.541144250000002,,,5.88742475,3.7716558,3.678,-9.616999999999999,0.788632475,0.31818000199999996,0.26194000900000003,0.24524749000000007,0.29997,-0.23149999999999998,-0.42400000000000004,-0.225,,-0.33499999999999985,1.264,-494782672.0,62780000.0,0.0,1210300032.0,195923000.0,,329073000.0,,,127731000.0,,116608000.0,161552000.0,14.3,1.2251999,7.15,7.51,2.13,1784592000.0,0.321,57.23767786026001,35.5,49.439998626708984,64.72,1.6,5.0,,,0.41265,0.21034999,False,False,,0.5,44854.0,91089.0,0.7,25.37,34.36,23.64,,0.0,0.3066,87.1,20.2,,True,0.9552611548271942,,0.5,Europe,True,,93.57157912257432,88.34813914655467,13.446270809428079,58.35159969802634,97.76021080368906,30.189873417721518,1.1128775834658187,50.0,,50.0,64.87420707285203,standard,16,4503440,False,50.0,False,28.17195325542571,97.53756260434056,38.73121869782972,50.04173622704508,50.04173622704508,50.04173622704508,2,SVAG,-8,UPPTREND,False,2,0.2857142857142857,LÅG,VÄNTA,-9.1,True,0.75,,2026-07-13,0
CSX,CSX Corporation,Industrials,Railroads,United States,USD,91810640591.43051,-4.016094625000002,-0.5715929999999982,2.251,0.57842065,6.480047,7.783,-3.255750000000001,0.046222495,0.007450001075000002,0.107520006,0.22486001,-0.01153997000000001,-0.048,0.199,0.249,68.90325000000001,-0.5105000000000002,0.775,30021376.0,1108999936.0,19428999168.0,110136639488.0,43682000000.0,,14092000000.0,,,4718000000.0,,2889000000.0,4613000000.0,1.13,0.3252,0.56,1.31,0.14,1780012800.0,1.211,49.66999816894531,31.482380199045476,49.40999984741211,48.36957,1.95833,23.0,3.13,0.021,0.0022200001,0.81859,False,False,,0.5,12427444.0,11966450.0,0.3,5.21,18.05,,,0.0,0.2362,82.3,7.14,,True,0.8836271627539022,,0.714,US,True,,68.38512031853256,86.69569874288291,52.523077317393316,41.81957471828507,46.24505928853755,67.53164556962025,49.60254372019078,50.0,75.44910179640718,50.0,64.53483078444137,standard,17,591262293,False,46.8,False,60.85141903171953,39.482470784641066,20.95158597662771,50.04173622704508,50.04173622704508,50.04173622704508,4,NEUTRAL,0,UPPTREND,False,3,0.42857142857142855,LÅG,VÄNTA,4.9,True,0.875,SUSPICIOUS_FWD_PE;,2026-07-13,0
SGSN.SW,SGS SA,Industrials,Consulting Services,Switzerland,CHF,18726299671.919243,-1.2564682500000028,1.5157531249999985,5.2676,16.31963095,2.679854,3.016,1.0965000000000007,0.59733495,0.031385003999999994,0.006335009999999988,0.017550010000000005,0.06757999999999997,-0.046,0.03599999999999999,0.127,424.702,0.14450000000000007,1.418,220317856.0,2331000064.0,4896999936.0,20944912384.0,7883000000.0,,6945000000.0,,,957000000.0,,668000000.0,1223000000.0,3.4,0.9249,3.2,3.6,3.2,1775088000.0,0.576,96.13999938964844,76.91934931784853,94.68000030517578,99.0,2.31579,19.0,,,0.14262,0.45738,False,False,,0.5,374594.0,307995.0,0.66,5.71,13.33,,,-0.1,0.1962,75.2,6.16,,False,0.7395435193998485,,0.5,Europe,True,72.37404249168955,69.24495730572319,73.33370915309018,38.22208583162851,56.55256386840589,78.26086956521739,67.53164556962025,63.910969793322735,50.0,,50.0,64.12277538356891,standard,18,35833088,False,58.9,False,69.86644407345575,71.78631051752922,54.34056761268782,50.04173622704508,50.04173622704508,50.04173622704508,5,NEUTRAL,0,UPPTREND,False,4,0.5714285714285714,MEDEL,VÄNTA,3.9,True,0.875,SUSPICIOUS_FWD_PE;,2026-07-13,0
CL,Colgate-Palmolive Company,Consumer Defensive,Household & Personal Products,United States,USD,73809460245.01122,6.906497375,3.3163589999999967,1.626,500.240451575,3.5251424,3.881,0.8807499999999981,3.4199298,0.08653500007500001,0.010585016000000003,0.08194749800000001,0.12092999999999998,0.04800000000000001,-0.123,-0.064,1540.97575,-0.13900000000000035,0.557,2219646464.0,1419000064.0,7973000192.0,80704462848.0,16330000000.0,,20382000000.0,,,4233000000.0,,2132000000.0,4198000000.0,2.33,0.8062,2.12,2.32,0.53,1784505600.0,0.319,98.71650072566527,73.63862621710845,92.23999786376953,96.2,2.09524,20.0,3.04,0.024400001,0.00145,0.87994003,False,False,,0.5,5408818.0,4936250.0,0.36,3.9,11.29,,,-5.73,0.247,61.2,3.56,,False,0.591742775600189,,0.867,US,True,86.86023991906345,77.65844772629178,42.33783377492155,45.71227774347416,52.117966142153634,51.91040843214756,67.53164556962025,83.30683624801271,50.0,69.01197604790418,50.0,64.06628067102363,standard,19,455319689,False,56.2,False,83.47245409015025,44.15692821368948,41.31886477462437,50.04173622704508,50.04173622704508,50.04173622704508,3,SVAG,-8,UPPTREND,False,3,0.42857142857142855,LÅG,VÄNTA,0.0,True,0.875,,2026-07-13,0
UNP,Union Pacific Corporation,Industrials,Railroads,United States,USD,170371938529.24698,-10.809352625000002,-2.182988,3.4666,2.5980121499999993,6.8976493,8.131,-3.9217499999999994,0.21624249499999998,0.027989991074999998,0.184010006,0.26686001,0.08555999999999997,-0.033,-0.0040000000000000036,0.046,88.08925000000002,-0.5605000000000001,0.656,2934521344.0,1035000000.0,31505000448.0,200841936896.0,69698000000.0,,24510000000.0,,,9846000000.0,,7138000000.0,9290000000.0,1.94,0.45099998,5.52,2.21,1.38,1780012800.0,0.965,288.8999938964844,207.4463147167709,286.9599914550781,296.0435,1.79167,23.0,10.28,0.053400002,0.00071000005,0.90765,False,False,,0.655,2944868.0,2661840.0,0.5,7.95,15.82,,,0.0,0.2532,89.0,7.72,,True,0.8963428678529163,,0.694,US,True,,81.95737932361187,84.5694984685345,41.06451052613342,42.25345357799344,34.65085638998682,67.53164556962025,70.74721780604133,50.0,36.227544910179645,65.5,63.95114359003512,standard,20,763841584,False,48.6,False,74.79131886477462,29.549248747913186,19.94991652754591,50.04173622704508,50.04173622704508,50.04173622704508,4,NEUTRAL,0,UPPTREND,False,3,0.42857142857142855,LÅG,VÄNTA,5.7,True,0.875,SUSPICIOUS_FWD_PE;,2026-07-13,0
ALL,The Allstate Corporation,Financial Services,Insurance - Property & Casualty,United States,USD,64769680354.41727,-15.847209375000002,-6.264311000000001,2.9793,-2.4943909500000006,0.9474585,1.01,-7.084,0.279385,0.048614999925,-0.07618500399999996,-0.18229997000000003,-0.13542000000000004,-0.0325,3.251,3.129,-41.79675,-1.403,0.236,11329146112.0,5401999872.0,7491999744.0,68840677376.0,119758000000.0,,67069000000.0,,,,,10282000000.0,10110000000.0,1.74,0.090299994,4.32,2.34,1.08,1788134400.0,0.166,257.6700134277344,185.27840152623034,251.61000061035156,249.09091,2.32,22.0,0.12,0.00090000004,0.005,0.85415,False,False,,0.5,1718365.0,1854210.0,0.3,16.25,19.29,,,0.0,0.2408,80.8,14.08,,True,0.8287368522517071,,1.0,US,True,,47.6870604714902,87.7930924328692,78.06772777173468,58.40820963807872,54.01844532279315,67.53164556962025,99.04610492845786,50.0,95.80838323353294,50.0,63.52738122893326,standard,21,466537779,False,66.3,False,97.53756260434056,46.494156928213684,82.80467445742904,50.04173622704508,50.04173622704508,50.04173622704508,5,NEUTRAL,0,UPPTREND,False,3,0.42857142857142855,LÅG,VÄNTA,2.5,True,0.875,SUSPICIOUS_FWD_PE;,2026-07-13,0
NOVO-B.CO,Novo Nordisk A/S,Healthcare,Drug Manufacturers - General,Denmark,DKK,1079516076820.0,-13.813429499999998,-3.235099,3.5983,3.0835332999999996,4.321542,4.748,-7.008499999999999,0.5722849999999999,0.12752001,0.26298752,0.423286231,0.38343496000000005,0.15549999999999997,0.558,0.672,30.55274999999999,-1.36925,0.541,-13028249920.0,21625999360.0,146381996032.0,1556365574144.0,542902000000.0,,309064000000.0,,,127658000000.0,,102434000000.0,119102000000.0,4.97,0.4269,15.9,1.85,7.95,1774569600.0,0.36,443.92002896878444,216.7734285890619,322.25,316.91,2.61538,24.0,,,0.05283,0.3342,False,False,,0.5,5486951.0,3904317.0,0.63,13.59,34.8,,,-16.39,0.525,63.9,9.68,,False,0.6800196106581216,,0.56,Nordic,True,,95.51953117969477,48.96640171373809,70.53496949695077,41.73480706385945,18.708827404479578,67.53164556962025,39.42766295707472,50.0,,50.0,63.49479778362753,standard,22,191674125,False,37.2,False,28.17195325542571,16.4440734557596,34.5575959933222,50.04173622704508,50.04173622704508,50.04173622704508,6,NEUTRAL,0,UPPTREND,False,3,0.42857142857142855,LÅG,VÄNTA,1.2,True,0.875,SUSPICIOUS_FWD_PE;,2026-07-13,0
BKT.MC,"Bankinter, S.A.",Financial Services,Banks - Regional,Spain,EUR,13803974429.377121,-2.649291,-1.6957048750000019,10.15,-0.15441654999999987,4.967151,2.295,,0.02603751500000001,-0.0073499971500000025,0.16542002000000006,0.21697002,-0.37562,-0.0015000000000000013,-0.064,0.076,,,,,18238898176.0,10182617088.0,6347385344.0,131018892000.0,,3128426000.0,,,,,1089976000.0,-598882000.0,5.07,0.5096,0.77,5.29,0.160932,1782086400.0,0.042,15.470000267028809,10.67598247701286,15.359999656677246,15.54682,2.5,22.0,,,0.28851,0.41019002,False,False,,0.5,1567717.0,1824692.0,1.0,6.69,4.54,10.05,,0.0,0.2556,59.3,7.71,,True,0.9160689570981216,,0.723,Europe,True,,56.424841034906876,69.72855481741198,44.96204013129552,86.43378421542351,81.81818181818183,67.53164556962025,,50.0,,50.0,63.05603573815624,standard,24,31925352,False,45.5,False,28.17195325542571,76.21035058430718,29.799666110183637,50.04173622704508,50.04173622704508,50.04173622704508,2,SVAG,-8,UPPTREND,False,3,0.42857142857142855,LÅG,VÄNTA,-5.4,True,0.75,SUSPICIOUS_FWD_PE;,2026-07-13,0
NXT.L,NEXT plc,Consumer Cyclical,Apparel Retail,United Kingdom,GBp,21629325341040.26,-2.9708837500000005,3.2719252500000007,2.9071,7.210309799999999,2.4041848,2.714,0.6929999999999996,0.36675745749999994,0.09671249982499999,0.03241501699999995,0.016995004999999994,0.04114499999999999,0.08,0.14200000000000002,0.232,13.935500000000001,0.471,1.081,183262464.0,96200000.0,1809799936.0,18729674752.0,4915300000.0,,6901300000.0,,,1277200000.0,,888500000.0,1233600000.0,1.84,0.32869998,2.68,2.95,1.81,1782950400.0,1.038,191053.51848336705,141625.23283196578,189478.20167541504,14799.5,2.1,20.0,,,0.06202,0.70672,False,False,,0.5,480569.0,283624.0,0.6,3.99,9.35,4.09,,0.0,0.2374,61.7,7.63,,False,0.7620188093518614,,0.5,UK,True,73.0198005492123,73.12943176302785,69.28639189593125,54.555716694985534,65.74107016162031,5.270092226613966,67.53164556962025,63.27503974562798,50.0,,50.0,62.951837410471505,standard,25,53740565472,False,45.7,False,56.677796327212015,2.5459098497495827,57.34557595993323,50.04173622704508,50.04173622704508,50.04173622704508,5,NEUTRAL,0,UPPTREND,False,5,0.7142857142857143,HÖG,VÄNTA,6.5,True,0.875,,2026-07-13,0
2914.T,Japan Tobacco Inc.,Consumer Defensive,Tobacco,Japan,JPY,10859862390264.0,0.1440654999999964,-0.8205399999999994,1.2329,0.10125512499999978,3.0252285,3.341,-0.46212500000000034,-0.007800004999999995,0.018145000149999996,0.08121751125,0.23986247300000002,0.2872150025,0.08100000000000002,0.187,0.251,-15.708374999999998,0.38599999999999973,0.833,79645998080.0,882317000704.0,1987193995264.0,11993516867584.0,8419240000000.0,,3467675000000.0,,,853707000000.0,,510175000000.0,514056000000.0,3.96,0.8325,242.0,5.37,121.0,1798502400.0,0.131,6344.988747058054,3964.9506490438853,6117.0,6674.5454,2.09091,11.0,,,0.34127998,0.20285,False,False,,0.5,4473206.0,4791960.0,0.74,,,,,,0.2304,72.7,,,True,0.7144949334028556,,0.66,Japan,True,,72.88360231840124,,61.22209207429985,81.25748403712451,7.905138339920949,67.53164556962025,57.710651828298886,50.0,,50.0,62.9375454183333,standard,26,180536313,False,46.8,False,65.4424040066778,6.260434056761269,46.744574290484145,50.04173622704508,50.04173622704508,50.04173622704508,6,NEUTRAL,0,UPPTREND,False,4,0.5714285714285714,MEDEL,VÄNTA,1.0,True,0.875,SUSPICIOUS_FWD_PE;,2026-07-13,0
SMFG,"Sumitomo Mitsui Financial Group, Inc.",Financial Services,Banks - Diversified,Japan,USD,163534832230.9171,-4.787542375,46.399427,2.1945,-3.01944135,0.036965463,-9.559,,-0.10410499499999999,-0.022625000075,0.016824996000000023,2.33891003,-0.4797,,,,,,,,110445922877440.0,68240592076800.0,-41862341591040.0,328511145000000.0,,5791563000000.0,,,,,1582973000000.0,-10283139000000.0,2.32,0.18040001,0.59,3.44,0.25,1774915200.0,0.384,25.81999969482422,14.399999618530273,25.739999771118164,28.86099,1.0,1.0,3.95,0.0018000001,4.0000003e-05,0.01962,False,False,,0.5,2001414.0,1685140.0,0.76,8.75,20.99,,,0.0,0.3166,59.5,11.55,,True,0.9278183063708527,,1.0,US,True,,38.49440722857426,89.50777007347277,95.44303797468355,68.89069812657102,35.177865612648226,67.53164556962025,,50.0,95.20958083832335,50.0,62.85188906948816,standard,27,43375503,False,48.7,False,28.17195325542571,30.133555926544243,97.53756260434056,50.04173622704508,50.04173622704508,50.04173622704508,1,SVAG,-8,UPPTREND,False,4,0.5714285714285714,MEDEL,VÄNTA,-4.2,True,0.625,EXTREME_GROWTH;EXTREME_EARNINGS_GROWTH;,2026-07-13,0
MPC,Marathon Petroleum Corporation,Energy,Oil & Gas Refining & Marketing,United States,USD,82834097963.9563,-5.542890124999999,-3.428672500000001,1.4053,0.5933783999999993,0.6093162,0.895,0.009499999999999176,0.12091500199999998,-0.007137501174999996,-0.07983499399999999,-0.142125,-0.37231000000000003,0.03949999999999999,,,89.82650000000001,-0.09850000000000025,0.687,2418896384.0,2151000064.0,34325999616.0,121683099648.0,83955000000.0,,132699000000.0,,,5768000000.0,,4047000000.0,8253000000.0,1.38,0.2515,3.91,2.34,1.0,1779235200.0,0.52,287.1499938964844,154.96715175961967,283.739990234375,272.11765,2.33333,17.0,2.84,0.028800001,0.00322,0.78422,False,False,,0.485,2336860.0,2453270.0,0.55,13.63,32.05,,,0.0,0.3722,87.5,15.24,,True,0.9796062380955046,,0.669,US,True,82.58895794189911,33.298939438304245,93.72587706935755,52.82240540820199,48.65194910542994,49.40711462450593,67.53164556962025,75.516693163752,50.0,62.125748502994014,48.5,62.82103522159172,standard,28,696090806,False,63.0,False,82.3873121869783,41.98664440734557,90.48414023372288,50.04173622704508,50.04173622704508,50.04173622704508,4,NEUTRAL,0,UPPTREND,False,3,0.42857142857142855,LÅG,VÄNTA,9.4,True,0.875,EXTREME_EARNINGS_GROWTH;SUSPICIOUS_FWD_PE;,2026-07-13,0
CNR.TO,Canadian National Railway Company,Industrials,Railroads,Canada,CAD,106876855480.95703,-11.985029999999998,-0.7746077499999977,2.931,0.34804795000000033,6.1944814,7.473,-4.1755,0.05670875650000001,0.014003746625000046,0.1770325,0.25945123999999997,0.16544998999999994,-0.07,-0.05500000000000001,-0.013,50.15350000000001,-0.93075,0.403,1966265600.0,586000000.0,22666000384.0,129133043712.0,58555000000.0,,17304000000.0,,,6587000000.0,,4720000000.0,7049000000.0,2.08,0.4713,3.66,2.03,0.915,1780963200.0,1.005,177.36000061035156,123.78891632192612,176.19000244140625,170.26315,2.2069,19.0,2.06,,0.02668,0.73533,False,False,,0.5,1598340.0,1310940.0,0.29,7.0,16.14,33.35,,0.0,0.234,89.2,9.45,,True,0.861517772540805,,0.528,Canada,True,,77.2290560259473,85.15362988611693,30.58813208463277,44.1443640715513,43.08300395256917,67.53164556962025,71.54213036565977,50.0,,50.0,62.63687788238202,standard,29,163269805,False,49.8,False,73.62270450751252,37.145242070116865,22.20367278797997,50.04173622704508,50.04173622704508,50.04173622704508,3,SVAG,-8,UPPTREND,False,3,0.42857142857142855,LÅG,VÄNTA,-3.9,True,0.875,SUSPICIOUS_FWD_PE;,2026-07-13,0
6098.T,"Recruit Holdings Co., Ltd.",Communication Services,Internet Content & Information,Japan,JPY,17039781323280.0,17.299895499999998,19.689878,3.2645,8.4799653,4.59735,4.457,13.804875,0.17010499999999998,0.10880999865,0.027052496250000002,0.034054995000000005,0.31322500249999996,0.054000000000000006,0.5105,0.523,-28.206375,0.20999999999999988,1.559,376787262464.0,725578022912.0,186275004416.0,16479887032320.0,2789018000000.0,,3697351000000.0,,,630567000000.0,,496912000000.0,610363000000.0,0.21,0.0719,26.0,0.37,13.0,1790640000.0,0.907,12615.0,6028.418262645158,12240.0,12775.0,1.5,16.0,,,0.03449,0.54806,False,False,,0.5,5840504.0,4340160.0,0.59,,,,,,0.5295,74.0,,,True,0.8528626122637667,,0.943,Japan,True,65.83509177626824,78.37067909564418,,74.69617207038416,42.744695631645676,6.587615283267458,67.53164556962025,78.85532591414945,50.0,,50.0,62.377286388318886,standard,31,327190030,False,47.6,False,77.71285475792989,5.091819699499165,32.7212020033389,50.04173622704508,50.04173622704508,50.04173622704508,6,NEUTRAL,0,UPPTREND,False,4,0.5714285714285714,MEDEL,VÄNTA,8.3,True,0.875,,2026-07-13,0
FTNT,"Fortinet, Inc.",Technology,Software - Infrastructure,United States,USD,115399444041.85219,25.236538374999995,22.582010999999994,3.6939,109.21999895000002,16.231724,15.848,26.036749999999994,1.1440700000000001,0.06790500907500001,0.16433500499999998,0.1690575,0.32333999999999996,0.07150000000000001,0.08399999999999996,0.233,9.810750000000006,-0.6250000000000001,1.034,713196416.0,3294899968.0,567200000.0,112671744000.0,10389200000.0,,6799600000.0,,,2084700000.0,,1853400000.0,2590600000.0,,0.0,,,,,1.09,165.27999877929688,70.12000274658203,157.50999450683594,113.89189,2.75,37.0,2.12,0.0249,0.17386,0.72240996,False,False,,0.5,6308293.0,5881900.0,0.38,11.1,104.68,,,-1.57,0.4821,64.6,18.7,,False,0.7181127974474992,,1.0,US,True,46.53851712675241,89.30208353837413,65.95824642501456,69.39044442900517,38.502448350974895,41.89723320158103,12.658227848101266,57.39268680445151,50.0,67.51497005988024,50.0,62.213128473427865,standard,33,926458037,False,45.0,False,64.60767946577629,35.80968280467446,6.67779632721202,50.04173622704508,50.04173622704508,50.04173622704508,8,STARK,8,UPPTREND,False,3,0.42857142857142855,LÅG,VÄNTA,16.5,True,0.875,,2026-07-13,0
MUFG,"Mitsubishi UFJ Financial Group, Inc.",Financial Services,Banks - Diversified,Japan,USD,244144285150.01453,-5.176281375000001,5.272504,1.8615,-2.8976364500000003,0.036376785,-8.812,,-0.078845,-0.022065000075,0.00335501600000003,0.79742003,-0.4797,,,,,,,,184063658819584.0,123410290049024.0,-59142081347584.0,431731548000000.0,,7521125000000.0,,,,,2427229000000.0,-23064420000000.0,2.54,0.1574,0.54,3.26,0.269,1774915200.0,0.312,21.729999542236328,13.1899995803833,21.649999618530273,20.92852,2.5,2.0,2.13,0.0007,2.0000001e-05,0.03211,False,False,,0.877,3146863.0,3052130.0,0.59,9.16,20.24,,,0.0,0.2723,62.9,11.8,,True,1.0002835929799654,,0.838,US,True,,38.201749282720534,88.82189901723135,70.56962025316456,78.44332842640299,29.512516469038207,67.53164556962025,,50.0,96.40718562874252,97.7,62.17957650993749,standard,34,66078613,False,48.0,False,28.17195325542571,25.375626043405674,97.53756260434056,50.04173622704508,50.04173622704508,50.04173622704508,1,SVAG,-8,UPPTREND,False,4,0.5714285714285714,MEDEL,VÄNTA,-3.1,True,0.625,EXTREME_GROWTH;EXTREME_EARNINGS_GROWTH;,2026-07-13,0
6861.T,Keyence Corporation,Technology,Scientific & Technical Instruments,Japan,JPY,18667159717920.0,10.621421499999997,16.005981999999996,2.9212,1.0890174000000004,15.974911,14.687,10.275875,0.02731999500000003,0.06151499915,0.28805753025,0.432102505,0.5515849425,0.04949999999999999,0.05199999999999999,0.254,,8.43,9.963,259404127232.0,1493889056768.0,0.0,17173268398080.0,3670655000000.0,,1169289000000.0,,,595759000000.0,,445185000000.0,430680000000.0,0.71,0.2996,550.0,0.5,275.0,1789603200.0,1.01,84170.0,51271.96903921346,76970.0,89075.0,1.625,16.0,,,0.22763,0.37324002,False,False,,0.5,791265.0,571400.0,1.07,,,,,,0.4655,53.8,,,False,0.4086599242254617,,0.75,Japan,True,63.15002167943344,88.12654130616409,,59.28319478681717,54.3659118526202,6.0606060606060606,67.53164556962025,71.38314785373609,50.0,,50.0,61.6505327952382,standard,35,270878556,False,41.9,False,71.78631051752922,2.5459098497495827,6.928213689482471,50.04173622704508,50.04173622704508,50.04173622704508,7,STARK,8,UPPTREND,False,3,0.42857142857142855,LÅG,VÄNTA,15.6,True,0.75,,2026-07-13,0
NVDA,NVIDIA Corporation,Technology,Semiconductors,United States,USD,5109662322616.577,-8.155982625000004,-7.539557,0.6241,17.500456949999997,19.375576,19.98,8.923749999999997,0.9630299999999999,0.459314999075,0.5190850049999999,0.5121975,0.26174995,0.7224999999999999,1.943,2.106,-40.94425,1.6629999999999998,2.139,45236019456.0,53171998720.0,12814000128.0,5064873738240.0,206803000000.0,,215938000000.0,,,130387000000.0,,120067000000.0,102718000000.0,0.49,0.0061000003,1.0,0.05,0.25,1780531200.0,2.211,236.26463268418732,161.80449980139463,210.9600067138672,301.6207,1.29508,58.0,1.9,0.013300001,0.039839998,0.70805,False,False,,0.5,159074213.0,144499290.0,0.5,-0.33,7.99,,,-13.28,0.392,45.9,-2.29,,True,0.8705073489572919,,0.889,US,True,57.76586211880329,95.636235811859,32.435312024353124,89.64330826445263,42.015455103078665,11.330698287220025,67.53164556962025,62.00317965023847,50.0,86.82634730538922,50.0,61.161641855833416,standard,36,30483571189,False,40.9,False,65.1085141903172,9.098497495826377,5.091819699499165,50.04173622704508,50.04173622704508,50.04173622704508,7,STARK,8,VARNING,False,3,0.42857142857142855,LÅG,VÄNTA,14.2,True,0.875,SUSPICIOUS_FWD_PE;,2026-07-13,0
OEM-B.ST,OEM International AB (publ),Industrials,Industrial Distribution,Sweden,SEK,18250168549.532593,8.467674499999998,6.0188065,,3.1595912,4.216198,4.139,7.204000000000003,0.06045249500000001,0.068995011,0.02678749999999999,0.011641251000000005,-0.08651500000000001,0.006999999999999992,0.152,0.216,-52.70100000000001,1.7642499999999999,2.026,-651812512.0,607000000.0,188000000.0,22417438720.0,3596000000.0,,5316900000.0,,,752700000.0,,592700000.0,762500000.0,1.06,0.38889998,1.75,1.54,1.75,1776816000.0,0.981,172.0,113.05817461569153,164.60000610351562,154.0,,2.0,,,0.18971,0.56215,False,False,,0.5,98251.0,70101.0,2.81,6.34,30.72,,,0.0,0.3461,68.2,10.21,,False,0.5172942660934267,,0.364,Nordic,True,36.10232692585633,62.25000834683508,93.21147377717648,44.6862402665813,58.414978632287436,78.78787878787878,67.53164556962025,28.45786963434022,50.0,,50.0,61.10964546432812,standard,37,1189143,False,45.8,False,28.17195325542571,72.45409015025042,35.475792988313856,50.04173622704508,50.04173622704508,50.04173622704508,5,NEUTRAL,0,UPPTREND,False,3,0.42857142857142855,LÅG,VÄNTA,8.9,True,0.875,,2026-07-13,0
MNST,Monster Beverage Corporation,Consumer Defensive,Beverages - Non-Alcoholic,United States,USD,95248209235.97122,18.628997374999997,18.339343,2.8044,5.0210895749999995,10.832184,10.503,17.20575,0.050699999999999995,0.102805000075,0.14125500600000002,0.18289749800000002,0.07501002999999995,0.233,0.22499999999999998,0.286,-98.47725,2.093,2.682,584486912.0,2984993024.0,94469000.0,92357689344.0,9988945000.0,,8294343000.0,,,2419354000.0,,1905432000.0,2098177000.0,,0.0,,,0.005208,,0.527,99.1500015258789,58.09000015258789,97.38999938964844,90.985,2.07407,24.0,3.27,0.028800001,0.28293,0.70998,False,False,,0.493,5603993.0,6499420.0,0.27,5.93,29.69,,,-0.15,0.2935,68.0,8.93,,False,0.7734279049427495,,0.729,US,True,48.88177482295129,78.50179220319592,79.99182592028863,70.65755053922263,74.65845224825148,45.45454545454545,12.658227848101266,57.23370429252782,50.0,62.125748502994014,49.3,61.054736732072186,standard,38,632978510,False,46.2,False,65.02504173622704,39.065108514190314,10.767946577629383,50.04173622704508,50.04173622704508,50.04173622704508,7,STARK,8,UPPTREND,False,4,0.5714285714285714,MEDEL,VÄNTA,11.8,True,0.875,,2026-07-13,0
EA,Electronic Arts Inc.,Communication Services,Electronic Gaming & Multimedia,United States,USD,51757614730.71936,34.383705375,2.7819019999999988,1.2819,2.0282425500000003,6.872609,6.723,20.350749999999994,-0.075164995,-0.007150001425000002,-0.007469998999999991,0.05343000999999997,0.30997005,0.057999999999999996,0.7525,0.815,-48.036249999999995,-0.18999999999999995,0.951,1119271424.0,2980000000.0,1854000000.0,50631614464.0,13131000000.0,,7531000000.0,,,1162000000.0,,887000000.0,2553000000.0,0.37,0.2165,0.76,0.52,0.19,1779840000.0,0.641,206.6300048828125,146.39356645346217,206.41000366210938,205.7857,2.88889,14.0,4.53,0.0431,0.00228,0.95027,False,False,,0.106,1904157.0,1894280.0,0.34,1.69,2.03,,,-0.04,0.0631,80.2,1.85,,True,0.8974831793607098,,0.808,US,True,62.59213759213758,51.68179791268847,65.37046432530958,73.40892813818874,68.60574783093584,59.55204216073782,67.53164556962025,78.37837837837837,50.0,47.30538922155689,10.6,61.05005877364467,standard,39,390998342,False,53.4,False,79.21535893155259,53.67278797996661,20.03338898163606,50.04173622704508,50.04173622704508,50.04173622704508,6,NEUTRAL,0,UPPTREND,False,5,0.7142857142857143,HÖG,VÄNTA,3.8,True,0.875,,2026-07-13,0
AFL,Aflac Incorporated,Financial Services,Insurance - Life,United States,USD,62050351510.59839,-7.386200374999999,0.3813499999999994,1.18,-2.6039476500000003,3.4255033,3.768,-0.11700000000000088,-0.00813499999999999,0.004284999925,0.0016450160000000408,-0.07616997000000003,0.02079995999999995,0.21650000000000003,38.467,34.138,-17.239749999999997,-0.832,0.814,3823271680.0,8270000128.0,14464000000.0,68244348928.0,116470000000.0,,17355000000.0,,,,,3646000000.0,2555000000.0,2.0,0.26860002,2.44,2.16,0.61,1779235200.0,0.603,122.80000305175781,94.92501041339828,121.91000366210938,113.64286,3.07143,14.0,4.31,0.0318,0.10786,0.59713,False,False,,0.5,2492544.0,1978750.0,0.41,6.18,10.83,,,0.0,0.1785,72.1,5.96,,True,0.8729691355946732,,0.621,US,True,,47.13455190915793,79.69981396922037,82.99738827166681,58.10632875923155,55.20421607378129,67.53164556962025,93.32273449920508,50.0,58.38323353293413,50.0,60.8696583433702,standard,41,241229420,False,59.2,False,92.82136894824707,47.412353923205345,42.73789649415693,50.04173622704508,50.04173622704508,50.04173622704508,6,NEUTRAL,0,UPPTREND,False,3,0.42857142857142855,LÅG,VÄNTA,7.9,True,0.875,SUSPICIOUS_FWD_PE;,2026-07-13,0
O39.SI,Oversea-Chinese Banking Corporation Limited,Financial Services,Banks - Regional,Singapore,SGD,123154883686.61453,0.4860609999999994,0.0,3.11,0.3679992000000003,8.723253,6.649,,,,0.04012001999999998,0.04340502500000001,0.0,-0.013499999999999998,,0.048,,,,,75255996416.0,44814000128.0,93869727744.0,675688000000.0,,14533000000.0,,,,,7422000000.0,9125000000.0,3.06,0.4967,0.84,4.76,0.58,1776902400.0,0.18,27.540000915527344,15.774320909726464,27.43000030517578,25.19933,2.0,15.0,,,0.28120002,0.1877,False,False,,0.5,6593202.0,5642255.0,0.8,,,,,,0.1894,86.6,,,True,1.0576015271528405,,0.836,Singapore,True,,60.01761338617348,,47.25045618040005,94.3257252767092,40.57971014492754,67.53164556962025,,50.0,,50.0,60.831189434149984,standard,42,119582344,False,36.9,False,28.17195325542571,34.72454090150251,14.273789649415694,50.04173622704508,50.04173622704508,50.04173622704508,1,SVAG,-8,UPPTREND,False,3,0.42857142857142855,LÅG,VÄNTA,-4.7,True,0.625,EXTREME_EARNINGS_GROWTH;SUSPICIOUS_FWD_PE;,2026-07-13,0
META,"Meta Platforms, Inc.",Communication Services,Internet Content & Information,United States,USD,1469615716198.4348,-1.433556625000004,-0.39092700000000136,0.9124,1.3474711499999992,7.9024687,7.928,1.8477499999999996,0.11923502500000004,0.09984000857500001,0.203120001,0.21950999999999996,0.33970999999999996,0.27,0.5235,0.609,-39.83825,1.112,2.11,24458395904.0,81180000256.0,86769000448.0,1704327249920.0,366021000000.0,,200966000000.0,,,83276000000.0,,60458000000.0,115800000000.0,0.33,0.0764,2.1,,0.525,1781481600.0,1.246,793.6488761977264,519.7782492802263,669.2100219726562,827.91,1.31746,58.0,1.82,0.015700001,0.00102,0.7924,False,False,,0.374,17376150.0,21262210.0,0.47,16.47,4.33,,,-10.26,0.4425,70.3,10.25,,True,1.178225880545939,,0.667,US,True,75.71426506720624,88.55256407489465,30.75229719826371,73.92620849240602,44.64250168799726,17.523056653491437,67.53164556962025,70.11128775834659,50.0,83.53293413173652,37.4,60.79119489953609,standard,43,14228884021,False,45.5,False,73.12186978297161,15.191986644407345,16.193656093489146,50.04173622704508,50.04173622704508,50.04173622704508,6,NEUTRAL,0,UPPTREND,False,4,0.5714285714285714,MEDEL,VÄNTA,3.3,True,0.875,SUSPICIOUS_FWD_PE;,2026-07-13,0
CRDO,Credo Technology Group Holding Ltd,Technology,Semiconductors,Cayman Islands,USD,48072138918.85907,70.900997375,6.181320999999999,,16.057789949999997,36.816055,34.944,75.59175,0.16423,0.11120499907500003,0.243165005,0.21285748000000002,0.20065007,1.4405000000000001,3.23,3.622,-46.266249999999985,8.375,8.507,-849043440.0,1443286016.0,25448000.0,46654300160.0,2295619000.0,,1335116000.0,,,445005000.0,,472279000.0,464292000.0,,0.0,,,,,3.202,308.6700134277344,86.48500061035156,257.7900085449219,269.81342,,19.0,0.45,0.0321,0.10946,0.76171994,False,False,,0.5,8779331.0,11001510.0,0.53,-10.67,76.03,,,-21.82,1.0125,35.0,4.6,,False,0.46531334935751767,,1.0,US,True,26.249747073276488,87.7357468444507,50.58003081722006,96.05152587544163,33.67336344297484,61.001317523056656,12.658227848101266,33.86327503974563,50.0,57.63473053892215,50.0,60.560120661748016,standard,45,2836079357,False,38.2,False,28.17195325542571,55.09181969949917,2.5459098497495827,50.04173622704508,50.04173622704508,50.04173622704508,6,NEUTRAL,0,UPPTREND,False,2,0.2857142857142857,LÅG,VÄNTA,12.4,True,0.875,,2026-07-13,0
ANET,"Arista Networks, Inc.",Technology,Computer Hardware,United States,USD,235414326582.37637,25.171031375,18.456098999999995,2.3587,9.77689295,24.174097,22.973,30.96775,0.13535998,0.075634999075,0.27259500500000006,0.28362748000000004,0.15566999999999998,0.22149999999999997,0.04799999999999999,0.257,,1.0510000000000002,2.176,3262383872.0,12353200128.0,0.0,223067324416.0,19448600000.0,,9005700000.0,,,3856100000.0,,3511400000.0,4371900000.0,,0.0,,,,,1.601,189.81700134277344,104.68099975585938,186.9600067138672,190.0881,1.3,27.0,2.62,0.0208,0.1727,0.72852,False,False,,0.5,9833406.0,9709990.0,0.58,16.59,19.95,,,-2.47,0.6056,54.2,13.53,,True,1.0592116053627512,,0.941,US,True,55.27070385893915,86.48856970204386,54.64330007328485,71.96095417035396,34.06594553766186,30.303030303030305,12.658227848101266,70.90620031796503,50.0,76.19760479041916,50.0,60.32814465847234,standard,46,1815379796,False,44.6,False,71.45242070116862,25.87646076794658,2.5459098497495827,50.04173622704508,50.04173622704508,50.04173622704508,6,NEUTRAL,0,UPPTREND,False,2,0.2857142857142857,LÅG,VÄNTA,3.7,True,0.75,,2026-07-13,0
MYCR.ST,Mycronic AB (publ),Industrials,Specialty Industrial Machinery,Sweden,SEK,57878068896.96564,6.8438894999999995,-3.632073499999997,0.42,2.9690565,6.9741015,6.694,3.6620000000000017,0.05543250500000001,0.066605001,0.11068748999999997,0.23246125100000004,0.08274496999999997,0.10400000000000001,0.086,0.153,-53.81700000000001,0.8352500000000003,1.592,497125056.0,2721999872.0,401000000.0,55557029888.0,10922000000.0,,7938000000.0,,,2017000000.0,,1560000000.0,1407000000.0,1.1,0.3247,3.25,1.36,3.25,1778112000.0,0.709,321.79998779296875,181.32472841046936,296.3999938964844,265.33334,3.25,3.0,,,0.002,0.81884,False,False,,0.5,289296.0,251157.0,0.64,-3.92,22.3,,,-8.41,0.3838,45.7,-2.24,,False,0.2676168380814103,,0.267,Nordic,True,66.26116490822373,78.04348911083385,49.097750718755286,47.561916878573484,59.53325547944042,56.916996047430835,67.53164556962025,62.32114467408585,50.0,,50.0,60.245965353472414,standard,47,7671911,False,50.1,False,67.52921535893155,51.58597662771286,19.782971619365608,50.04173622704508,50.04173622704508,50.04173622704508,5,NEUTRAL,0,VARNING,False,3,0.42857142857142855,LÅG,VÄNTA,6.7,True,0.875,SUSPICIOUS_FWD_PE;,2026-07-13,0
DIOS.ST,Diös Fastigheter AB (publ),Real Estate,Real Estate - Diversified,Sweden,SEK,9258729284.218483,-20.0540055,-15.609586,1.37,-1.66822417,3.4754992,10.068,-5.335999999999999,,,0.1802449785,0.3121812310000001,0.23916496000000004,-0.05499999999999999,28.915,28.5,71.6725,-0.57925,0.161,,236000000.0,17798000640.0,26820728832.0,33364000000.0,,2662000000.0,,,1737000000.0,,808000000.0,897000000.0,3.59,0.35759997,2.4,3.29,0.6,1791331200.0,1.227,70.77646782868955,58.349684377261916,66.6500015258789,76.75,1.75,4.0,,,0.29591,0.39962003,False,False,,0.5,177924.0,137438.0,0.57,3.39,1.59,,,-4.16,0.2165,73.4,3.26,,True,0.8973637662145173,,0.5,Nordic,True,,87.45046235138705,31.704953304395215,61.92255986480999,42.14038082701521,86.69301712779973,67.53164556962025,,50.0,,50.0,60.22022076787249,standard,48,944033,False,48.2,False,28.17195325542571,82.220367278798,42.23706176961603,50.04173622704508,50.04173622704508,50.04173622704508,3,SVAG,-8,UPPTREND,False,3,0.42857142857142855,LÅG,VÄNTA,2.9,True,0.75,SUSPICIOUS_FWD_PE;,2026-07-13,0
PUUILO.HE,Puuilo Oyj,Consumer Cyclical,Department Stores,Finland,EUR,1449987541.4296627,1.9276010000000028,0.955252999999999,,11.064689,3.2782898,3.583,2.559499999999999,0.39587000000000006,0.08711001000000002,0.057972497,0.057181231,-0.06643500000000002,0.083,0.031000000000000014,0.143,102.3605,1.03975,0.667,-930787500.0,33000000.0,163400000.0,1584567040.0,316700000.0,,442300000.0,,,74700000.0,,56000000.0,74900000.0,3.81,0.69699997,0.66,,0.33,1791936000.0,0.589,18.100000381469727,11.00821617219834,17.239999771118164,17.26667,,3.0,,,0.07625,0.46094,False,False,,0.5,109195.0,122301.0,0.77,1.3,34.4,,,-5.52,0.3345,48.3,14.81,,False,0.3821687799474134,,0.376,Nordic,True,,72.99606339860443,56.36356803277148,45.8172889168082,57.022802875477645,97.36495388669302,67.53164556962025,,50.0,,50.0,60.09629670448399,standard,49,2401719,False,50.9,False,28.17195325542571,97.53756260434056,44.574290484140235,50.04173622704508,50.04173622704508,50.04173622704508,3,SVAG,-8,UPPTREND,False,2,0.2857142857142857,LÅG,VÄNTA,5.5,True,0.875,SUSPICIOUS_FWD_PE;,2026-07-13,0
B3SA3.SA,"B3 S.A. - Brasil, Bolsa, Balcão",Financial Services,Financial Data & Stock Exchanges,Brazil,BRL,77073763976.07991,6.597979250000003,2.5114263750000005,1.21,2.260512025,7.250918,7.38,5.5951249999999995,0.09026250500000002,0.0623900013499999,0.24780249275000005,0.30973003000000016,0.647965,0.1405,0.256,0.335,-3.4261250000000025,0.30587500000000034,1.859,1052375168.0,14980616192.0,15579192320.0,77886865408.0,48487647000.0,,10067381000.0,,,6539094000.0,,4585619000.0,4358630000.0,5.98,0.66120005,0.88,3.04,0.221177,1782345600.0,0.159,20.030828945113228,11.499727509574972,15.420000076293945,20.03571,2.0,14.0,,,0.0,0.92456,False,False,,0.5,38424101.0,29398570.0,0.49,0.76,-20.8,,,-23.11,0.3922,57.0,-3.9,,True,1.1764630067340245,,0.655,LatAm,True,66.46972105795635,90.25680533500278,3.3584193021027113,66.26626182883967,65.29273359302356,51.11989459815547,67.53164556962025,68.20349761526232,50.0,,50.0,60.08613802145881,standard,50,88340079,False,53.0,False,85.0584307178631,43.32220367278798,18.196994991652755,50.04173622704508,50.04173622704508,50.04173622704508,7,STARK,8,VARNING,False,5,0.7142857142857143,HÖG,VÄNTA,16.3,True,0.875,,2026-07-13,0
2412.TW,"Chunghwa Telecom Co., Ltd.",Communication Services,Telecom Services,Taiwan,TWD,1035619113757.5,11.541930999999996,12.4945785,1.69,0.2856452500000004,4.3097925,4.265,2.639000000000001,-0.053799997499999995,0.011614998450000007,0.030282490000000006,0.03717998000000003,-0.004175019999999974,0.013999999999999999,-0.0685,0.032,-24.085250000000002,0.3910000000000001,1.281,33482622976.0,65680625664.0,39751520256.0,1024810483712.0,535680000000.0,,234751000000.0,,,48661000000.0,,38705000000.0,77446000000.0,3.9,0.996,5.2,3.8,5.2,1783555200.0,0.105,141.52043979892144,123.71003538278434,133.5,133.4,,5.0,,,0.41182,0.22441,False,False,,0.5,14699110.0,21389358.0,0.95,,,,,,0.1393,13.6,,,False,0.07343812736096988,,0.553,Asia,True,84.71137447608035,52.27239066160176,,39.80706554685688,86.8304799367376,18.972332015810274,67.53164556962025,85.69157392686805,50.0,,50.0,60.020867863502524,standard,51,88698763,False,50.8,False,82.47078464106845,16.69449081803005,34.64106844741235,50.04173622704508,50.04173622704508,50.04173622704508,5,NEUTRAL,0,UPPTREND,False,3,0.42857142857142855,LÅG,VÄNTA,-4.0,True,0.875,,2026-07-13,0
DIVISLAB.NS,Divi's Laboratories Limited,Healthcare,Drug Manufacturers - Specialty & Generic,India,INR,1814743212880.0,28.99875875,24.178298499999997,,5.262472499999999,17.185068,16.85,17.5545,0.0086600025,0.020924996074999997,0.10866500999999998,0.09435499000000003,0.20780002000000003,0.010499999999999995,0.023000000000000007,0.134,-19.623749999999998,3.0585,3.132,-25926580736.0,34140000256.0,70000000.0,1779365576704.0,200330000000.0,,105600000000.0,,,29780000000.0,,25680000000.0,27380000000.0,0.44,0.3101,30.0,1.14,30.0,1784764800.0,0.222,6968.0,5636.5,6836.0,7088.8,2.56667,30.0,,,0.52,0.29705,False,False,,0.5,345136.0,407646.0,0.74,4.99,12.32,,,0.0,0.219,61.2,3.21,,True,0.8322836738366506,,0.728,India,True,33.87830611360023,71.68373943575243,80.93438187045493,51.31903531168211,90.17949448090451,16.600790513833992,67.53164556962025,35.930047694753576,50.0,,50.0,59.99931922673555,standard,52,29146198,False,32.6,False,28.17195325542571,14.357262103505844,6.010016694490818,50.04173622704508,50.04173622704508,50.04173622704508,5,NEUTRAL,0,UPPTREND,False,4,0.5714285714285714,MEDEL,VÄNTA,-0.2,True,0.875,,2026-07-13,0
NESTE.HE,Neste Oyj,Energy,Oil & Gas Refining & Marketing,Finland,EUR,22802629612.94126,13.193200000000003,0.0,0.32,0.32369184999999945,1.1667377,1.376,3.35025,-0.033465002,-0.010742499249999999,-0.05720750000000001,-0.049803758999999975,-0.284395,-0.0195,,,26.19625,0.27425000000000005,0.742,199375040.0,1642000000.0,5207000064.0,26367373312.0,15749000000.0,,19016000000.0,,,396000000.0,,144000000.0,1747000000.0,0.69,0.2151,0.2,3.64,0.2,1774483200.0,0.57,31.010000228881836,12.19903044093451,29.68000030517578,29.58421,2.36842,19.0,,,0.46219003,0.32229,False,False,,0.5,1198970.0,1144504.0,1.1,10.79,20.11,,,0.0,0.4628,69.9,8.74,,True,1.0783691107724194,,1.0,Nordic,True,65.02601532013296,28.611617617202548,88.68472480598305,64.1384127203118,56.85376795748842,75.49407114624506,67.53164556962025,59.77742448330684,50.0,,50.0,59.9634857578988,standard,53,38693333,False,62.3,False,70.95158597662771,68.9482470784641,77.71285475792989,50.04173622704508,50.04173622704508,50.04173622704508,4,NEUTRAL,0,UPPTREND,False,4,0.5714285714285714,MEDEL,VÄNTA,9.0,True,0.875,EXTREME_EARNINGS_GROWTH;SUSPICIOUS_FWD_PE;,2026-07-13,0
VICI,VICI Properties Inc.,Real Estate,REIT - Diversified,United States,USD,28639095915.887253,-25.640079625,-17.3225085,,-3.233510120000001,7.0881257,11.249,-10.08775,0.007654999999999995,0.016990000575000004,0.5077175045,0.69511989,0.51171,-0.021999999999999992,0.40599999999999997,0.605,-28.456249999999997,10.416999999999998,11.119,185426432.0,486896000.0,17701677056.0,45450465280.0,46724168000.0,,4006116000.0,,,3655301000.0,,2775493000.0,2509991000.0,6.94,0.6104,1.8,5.15,0.45,1781740800.0,0.683,31.94206530552016,25.815000534057617,26.010000228881836,33.45833,1.84,24.0,2.9,0.0324,0.0028400002,0.98442,False,False,,0.5,9268113.0,11838160.0,0.27,-5.22,-6.02,,,-10.88,0.2041,50.9,-4.28,,False,0.17944870325414164,,0.723,US,True,,83.67090399258876,16.932747054512657,61.095804667109924,84.4502555043948,70.35573122529645,67.53164556962025,53.4181240063593,50.0,57.18562874251497,50.0,59.96008643543301,standard,54,307910544,False,52.9,False,72.03672787979967,63.77295492487479,19.031719532554256,50.04173622704508,50.04173622704508,50.04173622704508,5,NEUTRAL,0,VARNING,False,4,0.5714285714285714,MEDEL,VÄNTA,1.6,True,0.875,SUSPICIOUS_FWD_PE;,2026-07-13,0
RY.TO,Royal Bank of Canada,Financial Services,Banks - Diversified,Canada,CAD,415244998928.6197,-2.846392749999998,3.452539250000001,2.3424,0.047471649999999754,6.318685,1.755,,0.018071251500000014,-0.01527125052499995,0.09531749000000003,0.09308123999999995,-0.40116001,0.0985,0.14200000000000002,0.256,,,,,794214006784.0,483078995968.0,115338354688.0,2325006000000.0,,66532000000.0,,,,,20362000000.0,55220000000.0,2.38,0.41349998,7.04,3.49,1.64,1785110400.0,0.932,299.2900085449219,171.79028148889952,298.80999755859375,273.89285,2.0,14.0,2.94,,0.00027000002,0.49455002,False,False,,0.5,3647359.0,3455150.0,0.29,6.93,24.76,28.94,,-0.18,0.1519,67.5,9.84,,False,0.9362719168290082,,0.945,Canada,True,,48.51834383370025,79.28972455188499,70.61288729218488,72.68555487660922,24.769433465085637,67.53164556962025,,50.0,,50.0,59.741544442744484,standard,55,729799945,False,36.0,False,28.17195325542571,21.285475792988315,21.535893155258766,50.04173622704508,50.04173622704508,50.04173622704508,1,SVAG,-8,UPPTREND,False,4,0.5714285714285714,MEDEL,VÄNTA,-4.8,True,0.75,,2026-07-13,0
005930.KS,"Samsung Electronics Co., Ltd.",Technology,Consumer Electronics,South Korea,KRW,1642794692355000.0,,-12.754081500000002,0.2002,,4.8191686,4.566,-4.730999999999998,0.06510499749999998,0.053399998950000006,0.09714750400000001,0.2891675,0.10591503000000002,0.5625,4.719,4.867,-0.0182500000000001,0.7440000000000002,1.959,67558971344896.0,147378078220288.0,28138794909696.0,1773107723370496.0,566942110000000.0,,333605938000000.0,,,43601051000000.0,,44260956000000.0,85315148000000.0,0.52,0.1344,1488.0,2.19,372.0,1774828800.0,1.479,374500.0,59717.220081967214,285000.0,487814.5,1.35135,36.0,,,0.0967,0.48836,False,False,,0.5,30006587.0,29967982.0,0.67,-11.63,39.71,,,-21.38,0.8089,37.1,-6.05,,False,0.1548706429000624,,0.838,Asia,True,,78.60016956783434,48.41930210271154,89.46707084804324,30.805247270865834,0.13175230566534915,67.53164556962025,89.1891891891892,50.0,,50.0,59.72428478653143,standard,56,6234838655,False,49.2,False,86.81135225375625,2.5459098497495827,30.550918196994992,50.04173622704508,50.04173622704508,50.04173622704508,6,NEUTRAL,0,VARNING,False,3,0.42857142857142855,LÅG,VÄNTA,9.0,True,0.625,SUSPICIOUS_FWD_PE;,2026-07-13,0
ICE,"Intercontinental Exchange, Inc.",Financial Services,Financial Data & Stock Exchanges,United States,USD,76491216967.24709,-1.6444963749999983,-0.31913000000000125,2.0655,-2.0839107500000003,7.3302555,9.267,2.875,-0.034295000000000006,-0.005495000075000001,0.122395026,0.20122002999999997,0.5203,0.1415,0.664,0.773,5.470250000000004,-0.7560000000000001,0.026,2643271424.0,863000000.0,20984999936.0,96697221120.0,136887000000.0,,12640000000.0,,,4999000000.0,,3315000000.0,4662000000.0,1.54,0.28530002,2.08,1.23,0.52,1789516800.0,0.948,186.96017317735294,121.79000091552734,135.25999450683594,186.86667,1.4375,15.0,1.94,0.021,0.00808,0.96175003,False,False,,0.412,4240932.0,5853290.0,0.24,-1.79,-16.93,,,-21.8,0.2843,58.0,-4.73,,True,0.6058900242698533,,0.877,US,True,82.56713397889868,68.27088841781124,5.552455042561588,79.13985761558473,52.61396284739917,51.64690382081687,67.53164556962025,83.14785373608903,50.0,75.44910179640718,41.199999999999996,59.566741768711125,standard,57,791715973,False,53.2,False,85.89315525876461,43.572621035058425,17.696160267111853,50.04173622704508,50.04173622704508,50.04173622704508,7,STARK,8,VARNING,False,4,0.5714285714285714,MEDEL,VÄNTA,7.4,True,0.875,SUSPICIOUS_FWD_PE;,2026-07-13,0
GTT.PA,Gaztransport & Technigaz SA,Energy,Oil & Gas Equipment & Services,France,EUR,6974577807.71283,-1.3315247499999998,3.5624856249999977,,9.863674199999998,8.726123,8.409,4.924750000000001,0.655097467,0.30314750375,0.41926001,0.5892549899999999,0.5992299999999999,0.14750000000000002,0.02899999999999997,0.316,-28.567749999999997,0.9045000000000001,1.916,-301707168.0,346700000.0,126400000.0,6753135104.0,1045800000.0,,803000000.0,,,521300000.0,,413600000.0,423200000.0,5.17,0.7054,9.88,3.66,4.94,1781654400.0,0.443,209.66549742538493,140.29102289837044,188.10000610351562,217.09091,2.0,11.0,,,0.01476,0.53713,False,False,,0.5,96221.0,124820.0,0.75,-4.17,-2.73,14.15,,-8.23,0.2423,49.0,-2.47,,True,0.42615466341253067,,0.5,Europe,True,35.71195259430554,98.27258481863024,37.53334060434787,56.08427987259733,78.19905594968138,90.25032938076416,67.53164556962025,22.575516693163753,50.0,,50.0,59.51530021690367,standard,58,26744095,False,44.6,False,28.17195325542571,86.2270450751252,14.190317195325541,50.04173622704508,50.04173622704508,50.04173622704508,5,NEUTRAL,0,VARNING,False,3,0.42857142857142855,LÅG,VÄNTA,-6.2,True,0.875,,2026-07-13,0
CACC,Credit Acceptance Corporation,Financial Services,Credit Services,United States,USD,6547690337.422607,-5.678729374999999,-4.3081700000000005,1.77,-0.3639828500000004,5.141973,10.136,,0.10835499999999999,0.023914999925,0.10109499600000003,0.15527002999999992,0.46433,0.0645,0.299,0.278,357.74525,2.105,3.634,,25700000.0,6408600064.0,12930590720.0,8631700000.0,,2287900000.0,,,619900000.0,,423900000.0,1054600000.0,,0.0,,,,,1.365,668.8599853515625,401.8999938964844,625.969970703125,591.6667,3.0,3.0,5.91,0.34669998,0.52592,0.68511003,False,False,,0.452,166121.0,159080.0,0.27,14.3,32.05,,,-4.55,0.414,71.6,9.92,,False,0.6144678156030796,,0.708,US,True,,82.13769872677457,56.67108254880959,64.44323740250468,36.413946877741864,91.17259552042161,12.658227848101266,,50.0,11.197604790419161,45.2,59.280407978370135,standard,59,99579303,False,47.0,False,28.17195325542571,87.228714524207,29.215358931552586,50.04173622704508,50.04173622704508,50.04173622704508,6,NEUTRAL,0,UPPTREND,False,2,0.2857142857142857,LÅG,VÄNTA,7.3,True,0.875,SUSPICIOUS_FWD_PE;,2026-07-13,0
DOL.TO,Dollarama Inc.,Consumer Defensive,Discount Stores,Canada,CAD,50161835499.75,9.183934,14.84771125,2.1839,32.43729377499999,6.6521087,7.324,15.159000000000002,0.8076862515,0.07752875962500004,0.09943749999999998,0.09114872799999998,0.04981998999999998,0.178,0.069,0.104,370.337,0.28175,0.666,428450624.0,823004032.0,6183026176.0,55521857536.0,7558352000.0,,7255754000.0,,,1746323000.0,,1309438000.0,1761156000.0,0.25,0.09,0.45,0.26,0.12,1783641600.0,0.385,209.56591919946428,165.77656615562776,185.25,208.0,2.0625,16.0,2.14,,0.02043,0.46418998,False,False,,0.5,718066.0,653140.0,0.43,-1.26,6.83,-5.72,,-6.69,0.2862,56.4,4.15,,False,0.2535665907578601,,0.878,Canada,True,51.723514958809076,79.8958204015235,36.069180410078765,65.10928861819856,53.40361018377938,60.079051383399204,67.53164556962025,60.254372019077906,50.0,,50.0,59.06054843799845,standard,61,85527602,False,49.6,False,63.35559265442404,54.257095158597664,20.617696160267112,50.04173622704508,50.04173622704508,50.04173622704508,4,NEUTRAL,0,UPPTREND,False,3,0.42857142857142855,LÅG,VÄNTA,0.6,True,0.875,,2026-07-13,0
FEMSAUBD.MX,"Fomento Económico Mexicano, S.A.B. de C.V.",Consumer Defensive,Beverages - Brewers,Mexico,MXN,451460497836.0934,-0.6483319999999999,9.462673375,2.28,0.4068562499999999,1.0747243,1.155,0.26787499999999964,-0.095762495,-0.016009996500000102,-0.02399749725,0.007057498000000138,0.10083500000000004,0.025,1.6139999999999999,1.554,-35.122625,-0.03012500000000018,0.827,155828652672.0,115761553408.0,257757872128.0,985228574720.0,795877000000.0,,840954000000.0,,,72155000000.0,,19431000000.0,71080000000.0,2.13,1.0623001,4.75,2.55,3.202925,1784073600.0,0.165,229.89999389648438,147.22689931119945,223.1999969482422,236.35385,1.61538,13.0,,,0.0,0.22930999,False,False,,0.5,2703491.0,2700206.0,0.13,4.02,13.52,,,-1.18,0.208,54.1,4.71,,False,0.5651239718491088,,0.341,LatAm,True,98.5140916317387,39.64783479249893,50.90281301087998,61.36866343800044,77.42397102279348,23.847167325428195,30.189873417721518,99.04610492845786,50.0,,50.0,58.969251162892185,standard,62,31339670,False,61.9,False,97.53756260434056,20.45075125208681,79.63272120200334,50.04173622704508,50.04173622704508,50.04173622704508,4,NEUTRAL,0,UPPTREND,False,3,0.42857142857142855,LÅG,VÄNTA,12.2,True,0.875,,2026-07-13,0
DB1.DE,Deutsche Börse AG,Financial Services,Financial Data & Stock Exchanges,Germany,EUR,45344377815.0,6.821401999999999,6.366980124999996,3.1636,1.99455355,6.0532894,6.634,7.81325,0.041147505,-0.009329997550000003,0.03643000000000002,0.06811002000000002,0.43669003999999995,0.022500000000000006,-0.01100000000000001,0.114,6.6200000000000045,-0.5769999999999998,,,2875000064.0,7120999936.0,50012504064.0,297156000000.0,,7381000000.0,,,2978000000.0,,1995000000.0,2810000000.0,1.67,0.35650003,4.2,1.87,4.2,1778716800.0,0.296,264.9820570954214,196.67251329895487,249.0,285.66666,1.75,12.0,,,0.0,0.68208003,False,False,,0.5,398506.0,305669.0,1.02,3.51,1.94,23.34,,-2.41,0.2422,59.1,3.52,,True,0.6073654632861097,,0.684,Europe,True,,66.08768990726108,49.12406552772617,48.71725071996251,68.00183470548018,61.79183135704874,67.53164556962025,,50.0,,50.0,58.784429684834926,standard,63,86697319,False,41.4,False,28.17195325542571,55.75959933222037,22.95492487479132,50.04173622704508,50.04173622704508,50.04173622704508,2,SVAG,-8,UPPTREND,False,3,0.42857142857142855,LÅG,VÄNTA,-4.2,True,0.875,,2026-07-13,0
7974.T,"Nintendo Co., Ltd.",Communication Services,Electronic Gaming & Multimedia,Japan,JPY,8104385796150.0,1.4430014999999958,0.0,3.5418,0.45638000000000023,3.5037646,2.546,5.855875,0.011105000000000021,0.02084999865,0.07598249625,-7.499499999999437e-05,0.11436500249999998,0.8899999999999999,0.4704999999999999,0.567,,2.3920000000000003,3.11,228032240640.0,2216856125440.0,0.0,5888684326912.0,3805312000000.0,,2313051000000.0,,,360117000000.0,,424056000000.0,289789000000.0,3.12,0.60080004,219.0,2.66,177.0,1774828800.0,0.127,14463.938568521302,6544.0,7030.0,10169.878,1.88462,25.0,,,0.00733,0.50655997,False,False,,0.5,10486173.0,8721060.0,0.7643660896102126,-1.6,-19.26,-32.7,,-0.5139636436717319,0.36986819323428943,50.93283582089553,-0.02351346245735686,-0.28314121821721483,True,0.5090761735089836,,1.0,Japan,True,80.99826564532447,63.17760645333633,17.498183376407315,86.61428473415663,75.60899927624195,9.617918313570488,67.53164556962025,89.34817170111288,50.0,,50.0,58.77375465098698,standard,64,377604797,False,50.2,False,81.30217028380635,7.345575959933222,41.652754590984976,50.04173622704508,50.04173622704508,50.04173622704508,5,NEUTRAL,0,NEDTREND,True,5,0.7142857142857143,HÖG,EJ AKTUELL,-4.8,True,0.75,SUSPICIOUS_FWD_PE;,2026-07-13,0
MASI,Masimo Corporation,Healthcare,Medical Devices,United States,USD,9423817728.0,12.833762375,7.450070499999997,4.83,6.236030250000001,6.046723,6.278,9.887749999999999,0.083805,0.032155000075,-0.079379994,0.048844990000000005,0.13659999999999994,0.0005000000000000004,,,4.8160000000000025,0.5549999999999996,1.271,-771928576.0,124600000.0,485900000.0,9784526848.0,,,,,,,,,,,0.0,,,1.0,1353628800.0,1.098,179.99,125.94,179.95,180.0,3.0,3.0,3.84,0.0734,0.06215,1.04782,False,False,,0.5,946426.0,854373.0,,,,,,0.0,,,,,,,,0.956,US,True,22.984535337476512,61.74122811028191,97.67123287671234,64.74192046356018,64.14428629857905,86.16600790513834,12.658227848101266,13.354531001589825,50.0,25.748502994011975,50.0,58.67964142317656,standard,65,153744421,False,45.3,False,28.17195325542571,81.88647746243738,23.205342237061767,50.04173622704508,50.04173622704508,50.04173622704508,3,SVAG,-8,UPPTREND,False,4,0.5714285714285714,MEDEL,VÄNTA,-11.0,True,0.875,EXTREME_EARNINGS_GROWTH;,2026-07-13,0
VRTX,Vertex Pharmaceuticals Incorporated,Healthcare,Biotechnology,United States,USD,123194615075.48279,-2.0913426250000002,3.376767499999998,1.779,0.6628288499999995,10.083043,9.653,6.953749999999998,0.07590499999999999,0.051595000075,0.22673000599999998,0.19398499,0.06420996999999995,-0.006500000000000006,0.501,0.596,-46.51599999999999,0.9029999999999999,2.382,1683371520.0,7246700032.0,1986499968.0,117934407680.0,25643000000.0,,12001300000.0,,,4554400000.0,,3953200000.0,3631400000.0,,0.0,,,,,0.292,533.6699829101562,362.5,485.3900146484375,554.56,1.65517,25.0,2.71,0.022,0.002,0.97991997,False,False,,0.5,1491127.0,2551060.0,0.26,8.0,9.23,,,-9.24,0.3121,55.9,5.52,,False,0.5310458034386674,,0.707,US,True,65.3098713686949,79.39822394413162,36.478287013548304,62.77110391034935,73.54119098641245,40.44795783926219,12.658227848101266,69.79332273449921,50.0,73.50299401197606,50.0,58.65619746183088,standard,66,1238259051,False,47.6,False,72.37061769616027,34.64106844741235,12.020033388981636,50.04173622704508,50.04173622704508,50.04173622704508,4,NEUTRAL,0,UPPTREND,False,4,0.5714285714285714,MEDEL,VÄNTA,-5.4,True,0.875,,2026-07-13,0
BAJFINANCE.NS,Bajaj Finance Limited,Financial Services,Credit Services,India,INR,6345342800888.0,1.4985900000000036,-0.1281610000000022,,1.0361344000000006,14.475656,22.491,,0.019100002500000005,0.0011349959249999965,0.17334998000000001,0.22873002999999995,0.5119400199999999,0.20350000000000001,0.08099999999999999,0.22,285.0015,5.1815,7.198,,181471805440.0,3666413092864.0,9859054436352.0,5599523600000.0,,496654500000.0,,,,,190173900000.0,-657898000000.0,0.54,0.1442,5.4,0.37,6.0,1782777600.0,0.353,1095.764047568763,783.0862114062364,1020.5,1078.6477,2.0,36.0,,,0.56486,0.26832,False,False,,0.5,9251020.0,9770981.0,0.59,9.19,13.58,,,-1.91,0.3323,69.5,8.51,,True,0.7533045254105338,,0.461,India,True,,76.88256116508913,50.18391679350584,54.28389438008495,60.698413461226366,10.540184453227932,67.53164556962025,,50.0,,50.0,58.616676602831866,standard,67,104291244,False,32.0,False,28.17195325542571,8.263772954924875,7.846410684474124,50.04173622704508,50.04173622704508,50.04173622704508,6,NEUTRAL,0,UPPTREND,False,3,0.42857142857142855,LÅG,VÄNTA,1.6,True,0.875,SUSPICIOUS_FWD_PE;,2026-07-13,0
4519.T,"Chugai Pharmaceutical Co., Ltd.",Healthcare,Drug Manufacturers - General,Japan,JPY,12160543220784.0,3.0104855000000015,10.055119500000002,2.232,4.000926400000001,9.417806,8.759,4.918875000000001,0.142865005,0.12639500015,0.23977250125000005,0.346080015,0.43588500249999995,0.0305,0.074,0.187,,2.2470000000000003,3.671,258888358912.0,850094981120.0,0.0,11310448246784.0,2468595000000.0,,1257941000000.0,,,598833000000.0,,,386280000000.0,1.79,0.4626,132.0,1.68,66.0,1798502400.0,0.562,10605.003981733093,5786.306788263552,7389.0,10006.667,1.93333,15.0,,,0.59895,0.19794,False,False,,0.5,2858401.0,2488660.0,1.164029258079955,0.37,-16.07,-12.46,,-0.3032534440602376,0.4384910268496858,47.986590732283794,-0.030192149970947546,-0.0761353432827877,True,0.3251840736205642,,0.432,Japan,True,75.31001589825118,92.87182972170308,28.729409581350353,44.90678427623835,63.780412343292994,7.64163372859025,67.53164556962025,79.01430842607313,50.0,,50.0,58.59943894253686,standard,68,113256761,False,44.8,False,77.46243739565944,6.010016694490818,13.10517529215359,50.04173622704508,50.04173622704508,50.04173622704508,7,STARK,8,NEDTREND,True,4,0.5714285714285714,MEDEL,EJ AKTUELL,1.0,True,0.75,,2026-07-13,0
2881.TW,"Fubon Financial Holding Co., Ltd.",Financial Services,Insurance - Life,Taiwan,TWD,1701382377172.5,2.9124252499999983,2.2515004999999997,1.36,0.3524981500000004,1.6250993,1.219,-4.282749999999998,0.07092999749999998,0.012469999800000003,-0.08559250499999997,0.11823005000000003,0.123915,1.6935,,,57.05325,-0.5029999999999999,1.007,1155170764800.0,1336526110720.0,836762796032.0,1275737145344.0,12875478154000.0,,379304535000.0,,,,,120943979000.0,14407546000.0,3.41,0.4954,4.25,3.8,4.25,1782864000.0,0.658,136.37258933167166,75.58169301790565,124.5,117.935,1.9,10.0,,,0.40671003,0.22315,False,False,,0.5,42746017.0,34466008.0,0.72,,,,,,0.2903,33.9,,,False,0.41283940199570146,,1.0,Asia,True,,60.19724048780781,,97.24467975028455,48.524736775132396,16.86429512516469,67.53164556962025,99.04610492845786,50.0,,50.0,58.59112197031687,standard,69,133290404,False,59.6,False,97.53756260434056,14.691151919866444,69.69949916527545,50.04173622704508,50.04173622704508,50.04173622704508,6,NEUTRAL,0,UPPTREND,False,3,0.42857142857142855,LÅG,VÄNTA,8.8,True,0.875,EXTREME_EARNINGS_GROWTH;,2026-07-13,0
GOOGL,Alphabet Inc.,Communication Services,Internet Content & Information,United States,USD,2095630662099.8677,2.6752113749999973,5.436301999999998,1.4131,3.3200041499999995,10.205587,10.17,12.89075,0.17878497499999996,0.08229999857500002,0.2539400010000001,0.17454999999999996,0.12397999999999998,0.157,0.7194999999999999,0.812,-55.420249999999996,0.6859999999999999,1.707,26821896448.0,126839996416.0,95875997696.0,4296628764672.0,595281000000.0,,402836000000.0,,,129039000000.0,,132170000000.0,164713000000.0,0.25,0.0641,0.88,,0.22,1780876800.0,1.247,408.36608091552193,175.97799101310056,357.17999267578125,432.0987,1.4375,53.0,2.13,0.0146,0.011729999,0.80627,False,False,,0.5,31710096.0,37914530.0,0.29,-0.77,10.55,,,-11.77,0.3152,54.7,-4.76,,True,0.48139086868949377,,1.0,US,True,50.841017488076304,85.08926717281363,35.86353984628972,84.93763031212596,50.75883252523109,15.151515151515152,67.53164556962025,56.91573926868044,50.0,85.32934131736528,50.0,58.545508367852065,standard,70,13542311548,False,43.7,False,69.78297161936561,13.35559265442404,11.853088480801336,50.04173622704508,50.04173622704508,50.04173622704508,5,NEUTRAL,0,VARNING,False,3,0.42857142857142855,LÅG,VÄNTA,3.8,True,0.875,,2026-07-13,0
WES.AX,Wesfarmers Limited,Consumer Cyclical,Home Improvement Retail,Australia,AUD,101834857236.99207,1.7666525000000028,9.443351499999997,1.51,9.181053669999999,2.1936765,2.451,2.1949999999999994,0.239924995,0.03307000015000001,0.0,0.0,0.06679000000000002,-0.041999999999999996,-0.013999999999999999,0.093,0.0,0.20900000000000019,0.322,0.0,729000000.0,12688000000.0,113793884160.0,27981000000.0,,45576000000.0,,,3822000000.0,,2926000000.0,,2.37,0.763,2.13,3.12,1.02,1771891200.0,0.819,93.53029414522805,70.80000305175781,89.69999694824219,76.36304,3.66667,13.0,,,0.00715,0.33403,False,False,,0.5,1720313.0,1680341.0,0.514999273738561,6.39,18.56,12.04,11.52,-0.040952476756230594,0.20421028747605074,62.70577370585726,0.10852683562486765,0.10854276592724044,False,0.6738919837237325,,0.5,Australia,True,59.69041769041769,66.1545639163703,66.38655925022114,35.14477923952784,76.48766190623029,43.741765480895914,67.53164556962025,48.64864864864865,50.0,,50.0,58.33926101114492,standard,72,104395748,False,56.0,False,75.12520868113522,37.64607679465776,60.18363939899834,50.04173622704508,50.04173622704508,50.04173622704508,3,SVAG,-8,UPPTREND,False,4,0.5714285714285714,MEDEL,VÄNTA,-12.0,True,1.0,,2026-07-13,0
ZURN.SW,Zurich Insurance Group AG,Financial Services,Insurance - Diversified,Switzerland,CHF,91742606843.15533,0.5720899999999993,1.6202101249999985,3.5063,1.4594099500000004,1.2553207,0.967,-0.9907499999999994,0.10130752499999998,0.0012800028499999963,-0.14312999999999998,-0.21848998,-0.13747,0.0325,0.20500000000000002,0.339,0.0,3.5060000000000007,3.02,737567776.0,36086001664.0,17742999552.0,70695370752.0,407211000000.0,,88670000000.0,,,,,6798000000.0,5903000000.0,4.9,0.72029996,30.0,5.11,30.0,1775779200.0,0.323,617.5999755859375,493.58854967277733,614.2000122070312,596.4301,2.75,12.0,,,0.0018600001,0.43437,False,False,,0.5,271990.0,209052.0,1.37,7.97,12.4,,,0.0,0.1943,93.2,8.0,,True,0.843233598437512,,0.5,Europe,True,,35.87979991801131,81.1058496345153,54.18303315346029,92.65138263657231,46.50856389986825,67.53164556962025,63.751987281399046,50.0,,50.0,58.32542472496221,standard,74,157778007,False,56.0,False,64.44073455759599,39.64941569282137,76.04340567612688,50.04173622704508,50.04173622704508,50.04173622704508,6,NEUTRAL,0,UPPTREND,False,3,0.42857142857142855,LÅG,VÄNTA,-0.5,True,0.875,SUSPICIOUS_FWD_PE;,2026-07-13,0
CSCO,"Cisco Systems, Inc.",Technology,Communication Equipment,United States,USD,478135429588.5068,0.16376537499999966,1.2268279999999994,1.6419,1.8565339499999984,7.630828,8.14,7.39875,0.07244000000000002,0.005414999075000008,0.086275005,0.10615751000000001,0.16326997,-0.009500000000000008,0.16899999999999998,0.354,20.04175,-0.8530000000000001,0.704,8188521728.0,16640000000.0,33001000960.0,494496448512.0,122291000000.0,,56654000000.0,,,12504000000.0,,10180000000.0,14193000000.0,1.42,0.55,1.68,2.79,0.42,1783296000.0,1.007,129.88410380965527,64.4161739752737,121.30999755859375,127.18091,,22.0,2.04,0.0137,0.00052,0.8276,False,False,,0.5,24664526.0,26891820.0,0.35,-1.5,45.72,,,-7.69,0.4071,47.6,4.89,,False,0.7992282524426345,,0.85,US,True,66.67668738256972,71.0445377320872,55.269180900839956,60.84960247068729,39.058070943033925,23.18840579710145,67.53164556962025,72.65500794912559,50.0,85.92814371257485,50.0,58.32318787706682,standard,75,3262246619,False,46.6,False,73.87312186978298,20.20033388981636,16.9449081803005,50.04173622704508,50.04173622704508,50.04173622704508,5,NEUTRAL,0,UPPTREND,False,4,0.5714285714285714,MEDEL,VÄNTA,11.4,True,0.875,SUSPICIOUS_FWD_PE;,2026-07-13,0
APP,AppLovin Corporation,Communication Services,Advertising Agencies,United States,USD,155000012718.87207,20.920292375,4.619071999999999,1.4289,66.63701715000002,27.676542,27.807,21.436749999999993,2.4543750049999997,0.37824999857499997,0.517650001,0.59485,0.40396999999999994,0.5289999999999999,1.0305,1.092,87.44175000000001,2.0080000000000005,3.156,2080243712.0,2758671104.0,3849840128.0,171406032896.0,7259610000.0,,5480717000.0,,,4151914000.0,,3333764000.0,3971094000.0,,0.0,,,,,2.483,745.6099853515625,332.32000732421875,506.9800109863281,654.6,1.40625,30.0,2.29,0.041500002,0.14319,0.74467003,False,False,,0.5,4986827.0,5069200.0,1.1,-6.4,7.31,,,-33.0,0.8494,46.3,-11.69,,True,0.5518684059913816,,0.953,US,True,53.32548056077468,97.80268231119848,27.777026138264088,88.61763170117597,31.33616397879361,36.89064558629776,12.658227848101266,65.65977742448331,50.0,49.101796407185624,50.0,58.071909040647846,standard,76,2569983072,False,45.5,False,71.70283806343906,31.385642737896497,2.5459098497495827,50.04173622704508,50.04173622704508,50.04173622704508,9,STARK,8,VARNING,False,2,0.2857142857142857,LÅG,VÄNTA,7.7,True,0.875,,2026-07-13,0
MCO,Moody's Corporation,Financial Services,Financial Data & Stock Exchanges,United States,USD,85116334495.41193,13.622527625,10.419084999999997,2.2179,23.748386149999998,10.811169,11.579,12.177999999999999,0.540785,0.121584999925,0.06259499600000006,0.08559002999999996,0.26461999999999997,0.018500000000000003,-0.05500000000000001,0.058,170.02325,-0.61,0.99,1166271488.0,1510000000.0,7402999808.0,91158331392.0,15830000000.0,,7718000000.0,,,3462000000.0,,2459000000.0,2901000000.0,0.85,0.2762,4.12,0.8,1.03,1778803200.0,1.335,544.4014999183522,400.45682926644145,487.2799987792969,538.65,1.78261,20.0,2.71,0.0197,0.14247,0.80954003,False,False,,0.454,1063054.0,1069710.0,0.29,12.47,13.31,,,-7.49,0.3241,72.8,9.12,,True,0.79121600986088,,0.895,US,True,58.06373753432577,83.73433970299142,42.51160343499257,51.02918489356792,26.610191852602114,48.616600790513836,67.53164556962025,66.45468998410175,50.0,79.19161676646706,45.4,58.059953440439905,standard,77,521248287,False,48.6,False,73.03839732888147,41.235392320534224,10.851419031719532,50.04173622704508,50.04173622704508,50.04173622704508,4,NEUTRAL,0,UPPTREND,False,2,0.2857142857142857,LÅG,VÄNTA,0.7,True,0.875,,2026-07-13,0
8306.T,"Mitsubishi UFJ Financial Group, Inc.",Financial Services,Banks - Diversified,Japan,JPY,39029255694812.0,1.5511967500000008,5.226208999999999,1.874,0.6502909000000001,5.815245,-3.028,,-0.006985004999999985,0.0004049999999999991,0.021257511250000014,0.837325035,-0.2786049975,,,,,,,,184063658819584.0,123410290049024.0,-20320182337536.0,431731548000000.0,,7521125000000.0,,,,,2427229000000.0,-23064420000000.0,2.77,0.405,96.0,3.22,48.0,1790640000.0,0.312,3518.0,1898.4554900078717,3461.0,3484.5454,1.72727,11.0,,,0.03543,0.40709,False,False,,0.5,39451631.0,31672830.0,1.31,,,,,,0.3347,71.2,,,True,0.9605173449408383,,1.0,Japan,True,,54.286217421433875,,95.44303797468355,69.1174121960365,3.557312252964427,67.53164556962025,,50.0,,50.0,58.054405776351906,standard,78,675151711,False,33.7,False,28.17195325542571,2.5459098497495827,25.041736227045075,50.04173622704508,50.04173622704508,50.04173622704508,3,SVAG,-8,UPPTREND,False,3,0.42857142857142855,LÅG,VÄNTA,6.1,True,0.625,EXTREME_GROWTH;EXTREME_EARNINGS_GROWTH;,2026-07-13,0
SPG,"Simon Property Group, Inc.",Real Estate,REIT - Retail,United States,USD,70943155273.7218,-19.163613625,6.411521500000001,4.58,10.56742428,12.556854,15.178,-0.9467500000000015,1.030245,0.01880000057500001,0.4453575045000001,0.053969989999999995,0.33612,0.136,-0.031,0.159,367.16375,-0.5070000000000002,0.195,1394836992.0,542955008.0,28989048832.0,100909391872.0,40606466000.0,,6364505000.0,,,3175396000.0,,4627612000.0,4136551000.0,4.01,0.60150003,8.8,5.11,2.25,1780963200.0,1.327,229.58999633789062,152.09703098378446,218.77000427246094,221.63158,2.42857,19.0,0.0,0.0,0.01798,0.94938004,False,False,,0.5,1887093.0,2736820.0,0.27,1.57,9.93,,,-4.1,0.2167,55.4,4.04,,False,0.4393386705191443,,0.0,US,True,,84.37345126249065,42.26708570569555,43.135925946922086,33.335302442757325,52.96442687747036,67.53164556962025,68.99841017488076,50.0,99.0,50.0,57.97893391263057,standard,79,598734123,False,50.1,False,77.54590984974958,45.32554257095159,9.181969949916526,50.04173622704508,50.04173622704508,50.04173622704508,4,NEUTRAL,0,UPPTREND,False,2,0.2857142857142857,LÅG,VÄNTA,9.4,True,0.875,,2026-07-13,0
GOOG,Alphabet Inc.,Communication Services,Internet Content & Information,United States,USD,1952536578225.5144,2.434359374999997,5.276066999999998,1.4026,3.2609101499999995,10.138147,10.108,12.728749999999998,0.17878497499999996,0.08229999857500002,0.2539400010000001,0.17454999999999996,0.12397999999999998,0.157,0.7194999999999999,0.812,-55.420249999999996,0.6859999999999999,1.707,26821896448.0,126839996416.0,95875997696.0,4270579515392.0,595281000000.0,,402836000000.0,,,129039000000.0,,132170000000.0,164713000000.0,0.25,0.0641,0.88,,0.22,1780876800.0,1.247,404.2267181336527,177.03546641829647,355.0299987792969,428.54153,1.43077,13.0,2.13,,0.06641,0.61028,False,False,,0.5,21722819.0,26312040.0,0.29,-1.1,10.54,,,-11.58,0.3124,53.2,-4.68,,True,0.4785332745052258,,1.0,US,True,51.13412342824107,85.08926717281363,36.00043219272037,84.93763031212596,51.02061262994314,15.810276679841898,67.53164556962025,57.07472178060413,50.0,,50.0,57.88735369834276,standard,81,9341563529,False,44.1,False,70.70116861435726,13.939899833055092,11.936560934891485,50.04173622704508,50.04173622704508,50.04173622704508,6,NEUTRAL,0,VARNING,False,3,0.42857142857142855,LÅG,VÄNTA,3.8,True,0.875,,2026-07-13,0
105560.KS,KB Financial Group Inc.,Financial Services,Banks - Regional,South Korea,KRW,65404418149600.0,,-0.024017500000000247,0.74,,3.9691424,6.057,,-0.016510002500000003,-2.9999799999999577e-05,0.10464749500000002,0.24072003000000003,-0.370865,0.0895,0.035,0.115,,,,,139533874102272.0,172020872511488.0,99811692904448.0,797923033000000.0,,21231552000000.0,,,,,5833162000000.0,4226378000000.0,2.49,0.273,4598.0,4.76,1143.0,1778112000.0,0.674,189900.0,102488.86860259433,184400.0,199655.0,1.4,20.0,,,0.026719999,0.631,False,False,,0.5,1424513.0,1722493.0,1.25,14.39,20.45,,,0.0,0.4748,78.3,15.83,,True,1.065308056966981,,0.987,Asia,True,,53.951217712513596,89.0962474397279,64.60669476782792,44.72985265321427,2.1080368906455864,67.53164556962025,,50.0,,50.0,57.87196681227005,standard,82,231868228,False,35.5,False,28.17195325542571,2.5459098497495827,36.97829716193656,50.04173622704508,50.04173622704508,50.04173622704508,3,SVAG,-8,UPPTREND,False,3,0.42857142857142855,LÅG,VÄNTA,3.9,True,0.5,SUSPICIOUS_FWD_PE;,2026-07-13,0
PRY.MI,Prysmian S.p.A.,Industrials,Electrical Equipment & Parts,Italy,EUR,39467643440.30995,0.4299807499999968,2.7950461249999976,0.62,1.7858334500000002,1.9244343,2.077,1.2715000000000014,0.05826499,0.011884999999999993,-0.023584990000000014,-0.054459999999999995,0.007060029999999995,0.036000000000000004,0.468,0.64,8.771000000000011,-0.03349999999999986,0.771,580317856.0,1546000000.0,5423000064.0,42818912256.0,20190000000.0,,19650000000.0,,,1467000000.0,,1270000000.0,2162000000.0,0.66,0.1702,0.9,1.37,0.9,1776643200.0,0.965,157.25,59.55610408392384,135.0500030517578,153.05,1.95,20.0,,,0.0,0.54123,False,False,,0.5,1106609.0,870898.0,0.91,-8.38,10.62,50.51,,-15.01,0.4503,29.6,-8.86,,False,0.10534084076442485,,0.263,Europe,True,75.30828154357565,51.49202343008841,53.44264522350201,54.364765806067105,50.96502768033445,64.82213438735178,67.53164556962025,68.362480127186,50.0,,50.0,57.85497425416778,standard,83,133972857,False,59.0,False,71.95325542570951,58.848080133555925,64.35726210350585,50.04173622704508,50.04173622704508,50.04173622704508,5,NEUTRAL,0,VARNING,False,2,0.2857142857142857,LÅG,VÄNTA,9.6,True,0.875,,2026-07-13,0
CABK.MC,"CaixaBank, S.A.",Financial Services,Banks - Regional,Spain,EUR,87144462982.54523,0.0,-0.6855278750000031,0.94,0.007745749999999996,5.649117,6.077,,0.009297505000000011,-0.006689996150000009,0.15157000000000004,0.1999000499999999,-0.37562,-0.035500000000000004,-0.047000000000000014,0.069,,,,,47705001984.0,54319001600.0,93927931904.0,664040000000.0,,16762000000.0,,,,,5891000000.0,4410000000.0,3.98,0.96769994,0.5,5.04,0.3321,1775520000.0,0.114,12.819999694824219,6.984713511438258,12.524999618530273,12.20333,2.28571,21.0,,,0.49707,0.24699,False,False,,0.5,6806657.0,4847342.0,1.19,2.6,14.27,18.65,,-2.55,0.2761,44.6,5.4,,False,0.5494058356624275,,0.974,Europe,True,,55.040096694043925,57.718303978387915,48.62129240987291,82.17030983098866,47.82608695652174,67.53164556962025,,50.0,,50.0,57.839899395694594,standard,84,69157026,False,39.6,False,28.17195325542571,40.651085141903174,26.12687813021703,50.04173622704508,50.04173622704508,50.04173622704508,2,SVAG,-8,UPPTREND,False,2,0.2857142857142857,LÅG,VÄNTA,-3.0,True,0.75,SUSPICIOUS_FWD_PE;,2026-07-13,0
NDAQ,"Nasdaq, Inc.",Financial Services,Financial Data & Stock Exchanges,United States,USD,49812834523.37613,4.870595625000001,3.7075949999999995,2.1326,-0.5734488500000003,9.133813,10.851,6.561999999999999,-0.010824999999999987,0.028954997925000003,0.09851501600000005,0.11217003,0.5203,0.07450000000000001,0.20500000000000002,0.314,13.542250000000006,-0.771,0.345,459771392.0,531000000.0,9516999680.0,58803834880.0,31053000000.0,,8262000000.0,,,2433000000.0,,1788000000.0,2255000000.0,1.28,0.32529998,1.12,1.28,0.31,1781222400.0,0.997,101.10603805405401,76.55000305175781,88.08000183105469,106.86667,1.70588,15.0,1.95,0.0242,0.10882,0.8624,False,False,,0.5,3866473.0,5409940.0,0.28,2.89,3.6,,,-11.34,0.3339,63.1,1.9,,True,0.7596035085740052,,0.881,US,True,59.49154502095678,75.08877237153372,28.592930830373753,69.0858266998589,44.92210367012558,60.47430830039525,67.53164556962025,60.57233704292527,50.0,69.46107784431138,50.0,57.80097029110572,standard,85,476507525,False,50.5,False,71.03505843071787,54.59098497495827,13.52253756260434,50.04173622704508,50.04173622704508,50.04173622704508,7,STARK,8,UPPTREND,False,3,0.42857142857142855,LÅG,VÄNTA,11.3,True,0.875,,2026-07-13,0
WDC,Western Digital Corporation,Technology,Computer Hardware,United States,USD,200808371955.8902,-4.042758625000002,7.598955999999999,0.5143,19.730459949999997,16.746367,16.922,29.059749999999998,0.6793599499999999,0.078524999075,0.44228500500000006,0.22632748,-0.02541998000000001,0.3255,4.627,5.163,-29.689249999999994,-0.28800000000000014,1.107,975146496.0,3236999936.0,1724000000.0,199293632512.0,14002000000.0,,9520000000.0,,,2130000000.0,,1861000000.0,1691000000.0,0.1,0.0269,0.6,3.23,0.15,1780617600.0,2.166,799.8699951171875,64.05640879331524,582.5900268554688,606.125,1.5,24.0,2.17,0.0732,0.00543,1.01178,False,False,,0.5,8394385.0,10186080.0,0.36,2.16,54.46,,,-27.54,0.8271,33.0,-1.47,,False,0.3535978360322881,,0.997,US,True,43.92874692874693,84.04256881397978,48.07880940301032,93.51535512991659,14.344734638219427,32.54281949934124,34.49367088607595,54.054054054054056,50.0,26.047904191616766,50.0,57.79155037950397,standard,86,5934308621,False,43.3,False,62.85475792988314,27.545909849749584,6.176961602671119,50.04173622704508,50.04173622704508,50.04173622704508,6,NEUTRAL,0,VARNING,False,2,0.2857142857142857,LÅG,VÄNTA,10.4,True,0.875,,2026-07-13,0
ALK-B.CO,ALK-Abelló A/S,Healthcare,Biotechnology,Denmark,DKK,48842135698.00763,16.402094500000004,14.148376,9.87,4.261843300000001,8.193327,8.02,10.165500000000002,0.067325,0.06126,0.08602751,0.12939623100000003,0.23063499999999998,0.0795,0.12100000000000001,0.234,-35.29225000000001,1.09575,1.916,-116249984.0,1544999936.0,410000000.0,52616093696.0,9057000000.0,,6312000000.0,,,1654000000.0,,1197000000.0,1817000000.0,0.66,0.2759,1.6,0.66,1.6,1773705600.0,0.718,271.3999938964844,171.10009130256813,242.60000610351562,297.5,,4.0,,,0.0,0.64043,False,False,,0.5,198945.0,147244.0,0.48,-10.83,12.97,,,-11.09,0.2778,14.0,-5.68,,False,0.25354192555895866,,0.675,Nordic,True,44.76716288480994,78.68613843927832,38.74372850780765,60.0477110361203,69.37862714945257,60.86956521739131,67.53164556962025,44.992050874403816,50.0,,50.0,57.73460264278246,standard,87,5441942,False,47.7,False,58.59766277128548,54.92487479131887,15.525876460767945,50.04173622704508,50.04173622704508,50.04173622704508,5,NEUTRAL,0,VARNING,False,4,0.5714285714285714,MEDEL,VÄNTA,3.6,True,0.875,,2026-07-13,0
UGPA3.SA,Ultrapar Participações S.A.,Energy,Oil & Gas Refining & Marketing,Brazil,BRL,32823498871.924942,-2.090504499999998,2.585800875,0.78,0.3703627749999998,0.22601922,0.335,1.2106249999999998,0.03385250700000001,0.02095749824999991,-0.060887496250000006,-0.11932499999999986,-0.234445,0.05449999999999999,1.3889999999999998,1.631,34.27012499999999,0.3693749999999999,1.166,-611977088.0,7158525952.0,21122043904.0,48824827904.0,49348994000.0,,142369540000.0,,,4852933000.0,,2453853000.0,5452502000.0,5.81,0.4557,1.75,3.43,1.0,1765152000.0,0.308,31.030000686645508,14.617030266408266,30.709999084472656,32.08,2.25,15.0,,,0.32734,0.42883,False,False,,0.5,6156986.0,7067010.0,0.48,28.63,1.54,,,0.0,0.2807,92.1,13.78,,True,1.0461274864993073,,0.666,LatAm,True,53.36421448186154,39.127516433242505,68.31435443561269,72.68262167272866,69.80045894469038,68.11594202898551,67.53164556962025,36.88394276629571,50.0,,50.0,57.66671857880177,standard,88,42292437,False,67.5,False,84.80801335559266,61.26878130217028,97.53756260434056,50.04173622704508,50.04173622704508,50.04173622704508,6,NEUTRAL,0,UPPTREND,False,4,0.5714285714285714,MEDEL,VÄNTA,14.6,True,0.875,,2026-07-13,0
0700.HK,Tencent Holdings Limited,Communication Services,Internet Content & Information,China,HKD,4142549810198.1675,1.4784769999999963,-0.42062749999999927,1.3544,0.8684019500000004,5.3925266,5.45,5.422000000000001,0.0514900025,0.03405499445000001,0.17394252,0.16171,0.19362500000000005,0.03,0.1285,0.215,-0.27924999999999933,0.17200000000000026,1.141,120854767616.0,459714985984.0,405511012352.0,4186757660672.0,2038986000000.0,,751766000000.0,,,248767000000.0,,224842000000.0,303052000000.0,1.15,0.1712,5.3,0.69,5.3,1778803200.0,0.733,675.1340645101453,411.0,460.20001220703125,698.5513,1.33333,40.0,,,0.31726998,0.25661,False,False,,0.5,32147279.0,40583737.0,1.1682278623787454,1.54,-8.35,-22.28,,-0.31835758792450064,0.3124893208765139,57.04225352112677,0.022573498801434333,-0.1613155882535834,True,0.7237447599268735,,0.88,Asia,True,78.14395143806908,78.57488141408648,28.12893549312169,62.00490444293379,58.81635178190955,12.51646903820817,67.53164556962025,84.10174880763115,50.0,,50.0,57.61502360790303,standard,90,2382771135,False,48.4,False,80.46744574290484,10.601001669449083,27.712854757929883,50.04173622704508,50.04173622704508,50.04173622704508,6,NEUTRAL,0,NEDTREND,True,4,0.5714285714285714,MEDEL,EJ AKTUELL,-11.8,True,0.875,SUSPICIOUS_FWD_PE;,2026-07-13,0
GILD,"Gilead Sciences, Inc.",Healthcare,Drug Manufacturers - General,United States,USD,161193019014.80234,-13.019236624999998,-5.787607500000002,2.1441,1.2387822499999999,5.492202,5.834,-4.952250000000001,0.26753499999999997,0.063095000075,0.18159000599999997,0.20554499,0.31397995,-0.04050000000000001,0.43500000000000005,0.537,37.85900000000001,-0.15300000000000014,1.536,6834271488.0,9816999936.0,22173999104.0,173466009600.0,59023000000.0,,29442000000.0,,,11701000000.0,,8510000000.0,10019000000.0,2.43,0.43400002,3.28,3.62,0.82,1781481600.0,0.343,155.3805941192722,105.014303159646,129.8300018310547,158.2963,1.62069,27.0,2.73,0.020499999,0.00118,0.92247003,False,False,,0.5,7486465.0,9040830.0,0.3,4.74,-5.18,,,-14.9,0.2847,60.5,1.24,,True,0.6339845946850263,,0.921,US,True,,88.46184768940918,16.112426480260066,64.89656664773952,62.12473148396665,35.70487483530962,67.53164556962025,89.66613672496025,50.0,77.69461077844312,50.0,57.55678501335367,standard,92,1173770975,False,53.2,False,87.97996661101837,30.550918196994992,27.128547579298832,50.04173622704508,50.04173622704508,50.04173622704508,5,NEUTRAL,0,UPPTREND,False,4,0.5714285714285714,MEDEL,VÄNTA,5.0,True,0.875,SUSPICIOUS_FWD_PE;,2026-07-13,0
ISP.MI,Intesa Sanpaolo S.p.A.,Financial Services,Banks - Regional,Italy,EUR,110357454180.09337,-3.9030880000000003,-2.7182718750000023,1.8249,-0.7713378499999999,4.293062,8.509,,-0.010832494999999998,-0.005909997150000006,0.13213000000000003,0.30625005,-0.37562,-0.0025000000000000022,-0.066,0.056,,,,,86656000000.0,196448993280.0,218739818496.0,959887000000.0,,28529000000.0,,,,,9321000000.0,8235000000.0,6.14,0.661,0.38,6.08,0.19,1779062400.0,0.837,6.288000106811523,4.536431013150295,6.258999824523926,6.85133,1.66667,15.0,,,0.05559,0.38267,False,False,,0.5,56022506.0,49562296.0,0.97,7.48,12.94,9.52,,0.0,0.275,60.0,8.12,,True,0.8556513134443681,,0.702,Europe,True,,54.301989226988304,74.78000693135614,42.5847621254563,61.542627800074996,42.55599472990777,67.53164556962025,,50.0,,50.0,57.54478136784553,standard,93,353355034,False,40.3,False,28.17195325542571,36.64440734557596,34.891485809682806,50.04173622704508,50.04173622704508,50.04173622704508,2,SVAG,-8,UPPTREND,False,3,0.42857142857142855,LÅG,VÄNTA,-4.5,True,0.75,SUSPICIOUS_FWD_PE;,2026-07-13,0
DXCM,"DexCom, Inc.",Healthcare,Medical Devices,United States,USD,28925038002.64274,-0.24895962499999857,4.8426504999999995,1.3615,4.069904249999999,6.000858,5.79,4.86275,0.19017499999999998,0.026685000075,0.064770006,0.02692499000000001,0.13534000000000002,0.06549999999999999,0.809,0.893,-9.942999999999998,-0.17200000000000026,1.583,-43216064.0,2415200000.0,1384800000.0,27894638592.0,6339900000.0,,4662000000.0,,,911800000.0,,836300000.0,1440700000.0,,0.0,,,,,1.453,89.9800033569336,54.11000061035156,74.95999908447266,85.24,1.32143,25.0,3.42,0.054,0.0027200002,1.02175,False,False,,0.5,5817596.0,4704930.0,0.32,0.74,20.1,,,-3.04,0.3722,69.9,9.48,,True,0.8293077489351213,,0.962,US,True,52.14178349472468,72.38666593446371,53.547644549673976,79.68176917776172,32.919756795861666,70.09222661396575,12.658227848101266,45.78696343402226,50.0,35.62874251497006,50.0,57.516904652537775,standard,94,352681548,False,51.6,False,64.19031719532555,63.35559265442404,23.62270450751252,50.04173622704508,50.04173622704508,50.04173622704508,5,NEUTRAL,0,UPPTREND,False,2,0.2857142857142857,LÅG,VÄNTA,3.8,True,0.875,,2026-07-13,0
6954.T,Fanuc Corporation,Industrials,Specialty Industrial Machinery,Japan,JPY,6677678283044.0,12.719922499999996,16.748538000000003,3.5629,0.7633120000000002,7.833327,6.927,9.719375,-0.025237509999999973,0.01611000115,0.10403250125,0.14223500500000003,0.10429500250000001,0.040999999999999995,0.044,0.11,,5.085500000000001,5.14,110120623104.0,753871028224.0,0.0,5941886451712.0,2090700000000.0,,857831000000.0,,,183763000000.0,,166543000000.0,250896000000.0,1.5,0.6,107.09,2.1,55.76,1774828800.0,0.945,8880.0,3619.31635286877,7156.0,7404.5,2.45,20.0,,,0.0072899996,0.53584,False,False,,0.5,6961009.0,5169600.0,0.95,,,,,,0.5678,44.0,,,False,0.36166232163199163,,0.75,Japan,True,65.69865587512646,65.76057207556005,,54.644853124668344,52.997526371579006,10.276679841897234,67.53164556962025,74.24483306836248,50.0,,50.0,57.386032622423805,standard,95,227845353,False,45.1,False,75.70951585976627,8.013355592654424,16.52754590984975,50.04173622704508,50.04173622704508,50.04173622704508,6,NEUTRAL,0,UPPTREND,False,3,0.42857142857142855,LÅG,VÄNTA,2.5,True,0.75,,2026-07-13,0
U11.SI,United Overseas Bank Limited,Financial Services,Banks - Regional,Singapore,SGD,73300183984.73145,0.0,-2.9760720000000003,1.1119,-0.17039079999999984,6.3091917,4.665,,0.0,,-0.09360997999999998,-0.013364974999999979,0.0,-0.1065,,-0.036,,,,,78316003328.0,56228999168.0,54203527168.0,572061000000.0,,13807000000.0,,,,,4682000000.0,1318000000.0,3.2,0.6436,1.42,4.66,0.71,1776988800.0,0.373,44.459999084472656,32.61022795121959,44.380001068115234,40.53,2.64286,14.0,,,0.21761,0.28024,False,False,,0.5,3130072.0,3164801.0,1.251607458262272,16.61,21.02,25.66,26.59,-0.0017993256411326097,0.1388030058354653,93.61701408123001,0.1472680856037658,0.22853904828944227,True,1.0878680877389937,,0.73,Singapore,True,,40.58806781507359,79.69756928611505,32.33557220506422,90.49059466440762,52.17391304347826,67.53164556962025,,50.0,,50.0,57.33090297520124,standard,96,108523116,False,39.5,False,28.17195325542571,44.490818030050086,21.619365609348915,50.04173622704508,50.04173622704508,50.04173622704508,1,SVAG,-8,UPPTREND,False,3,0.42857142857142855,LÅG,VÄNTA,-6.4,True,0.875,EXTREME_EARNINGS_GROWTH;SUSPICIOUS_FWD_PE;,2026-07-13,0
D05.SI,DBS Group Holdings Ltd,Financial Services,Banks - Regional,Singapore,SGD,199911645434.2636,2.235188000000001,1.4825809999999997,3.3464,1.2177136000000002,8.959692,14.049,,,,0.0,0.06028502500000001,0.0,-0.0305,,0.011,,,,,70002999296.0,183164993536.0,313116950528.0,897488000000.0,,22895000000.0,,,,,10934000000.0,11024000000.0,4.6,0.79800004,3.24,4.59,0.81,1778457600.0,0.275,70.44999694824219,43.43540549804522,70.44999694824219,64.898,2.06667,15.0,,,0.006,0.54373,False,False,,0.5,5107413.0,3711304.0,0.96,,,,,,0.1593,79.1,,,True,1.0361721557827217,,0.686,Singapore,True,,55.96653456627036,,37.91945685394958,93.90571402780286,32.674571805006586,67.53164556962025,,50.0,,50.0,57.32598746987368,standard,97,202020782,False,35.8,False,28.17195325542571,27.629382303839733,13.856427378964941,50.04173622704508,50.04173622704508,50.04173622704508,0,SVAG,-8,UPPTREND,False,2,0.2857142857142857,LÅG,VÄNTA,-5.9,True,0.625,EXTREME_EARNINGS_GROWTH;SUSPICIOUS_FWD_PE;,2026-07-13,0
SUNPHARMA.NS,Sun Pharmaceutical Industries Limited,Healthcare,Drug Manufacturers - Specialty & Generic,India,INR,4643912834435.0,-1.181714249999997,5.556251499999998,1.04,0.0,7.9434676,7.455,-7.441500000000001,-0.006009997500000017,0.004924996074999997,0.06184499999999998,-0.0008550099999999894,0.38194002,0.0435,0.138,0.262,-14.14875,0.45149999999999996,2.183,41028481024.0,335165784064.0,46273200128.0,4358116737024.0,1087852200000.0,,582201100000.0,,,135948200000.0,,114794200000.0,124191800000.0,0.83,0.3452,16.0,0.93,5.0,1783382400.0,0.076,1953.9000244140625,1533.9890668325556,1935.5,2055.0,1.64706,34.0,,,0.55611,0.28833,False,False,,0.5,3528265.0,2087733.0,0.76,6.67,13.78,,,-0.89,0.2244,66.2,4.21,,True,0.9431503979974806,,0.574,India,True,,63.07207922554951,52.17064096059529,56.470810572675774,83.10402429155907,11.989459815546773,67.53164556962025,62.9570747217806,50.0,,50.0,57.28901268959899,standard,98,42263436,False,43.1,False,67.02838063439064,9.68280467445743,16.110183639398997,50.04173622704508,50.04173622704508,50.04173622704508,6,NEUTRAL,0,UPPTREND,False,3,0.42857142857142855,LÅG,VÄNTA,0.7,True,0.875,,2026-07-13,0
TXN,Texas Instruments Incorporated,Technology,Semiconductors,United States,USD,283457492908.18823,14.537784374999998,9.107065999999998,1.4723,9.248940950000001,15.357999,15.859,12.067749999999995,0.14361999999999997,0.053654999075,0.180505005,0.23447752000000002,0.09351999999999994,0.056499999999999995,0.11099999999999999,0.31,36.24175000000001,2.6780000000000004,2.827,-31603584.0,5103000064.0,14049999872.0,292404494336.0,34585000000.0,,17682000000.0,,,6140000000.0,,5001000000.0,7153000000.0,1.84,0.9504,5.68,2.71,1.42,1777939200.0,1.31,334.0299987792969,150.9724502444009,311.4599914550781,298.0,2.22222,32.0,1.6,0.0207,0.00279,0.92634004,False,False,,0.751,9001503.0,10881330.0,0.33,1.29,39.57,,,-9.43,0.5101,38.1,0.27,,True,0.6733590135268731,,0.588,US,True,45.29541841306547,82.5188642899437,53.213728695717535,57.917884005751404,47.852870891149315,28.19499341238472,67.53164556962025,47.69475357710652,50.0,76.79640718562875,75.1,57.288471861708466,standard,99,3389098949,False,42.0,False,59.09849749582637,24.040066777963272,7.178631051752922,50.04173622704508,50.04173622704508,50.04173622704508,6,NEUTRAL,0,UPPTREND,False,2,0.2857142857142857,LÅG,VÄNTA,8.9,True,0.875,,2026-07-13,0
SPGI,S&P Global Inc.,Financial Services,Financial Data & Stock Exchanges,United States,USD,127428000000.0,6.547334625000002,5.789879999999998,1.8016,-0.52202785,8.242085,9.189,6.636999999999999,-0.03342500999999999,0.042594999925,0.04930497600000004,0.07098002999999994,0.22499999999999998,0.041499999999999995,0.192,0.28,-27.123749999999998,-1.0899999999999999,0.568,4199021312.0,1810000000.0,13900000256.0,144550002688.0,61200000000.0,,15336000000.0,,,6177000000.0,,4471000000.0,5651000000.0,0.9,0.24350001,3.88,0.82,0.917692,1787702400.0,1.079,543.2673303052037,359.35744175720276,430.5,510.00092,1.33333,13.0,1.42,0.0116,0.0027599998,0.90742,False,False,,0.26,2341128.0,3071491.0,0.21,12.18,8.06,,,-14.74,0.3709,72.0,9.56,,True,0.7646726106239671,,0.713,US,True,75.8916028327793,66.12298113575609,31.95595392449781,61.51051004305209,27.219712860493814,39.52569169960474,67.53164556962025,84.26073131955485,50.0,89.67065868263472,26.0,57.253699995105514,standard,100,1322276876,False,51.0,False,84.30717863105176,33.97328881469115,15.358931552587645,50.04173622704508,50.04173622704508,50.04173622704508,4,NEUTRAL,0,UPPTREND,False,4,0.5714285714285714,MEDEL,VÄNTA,0.7,True,0.875,,2026-07-13,0
6871.T,"Micronics Japan Co., Ltd.",Technology,Semiconductor Equipment & Materials,Japan,JPY,647362607600.0,22.8538855,52.154982000000004,,4.5890041,8.533829,8.251,7.183875,0.13431999500000003,0.07858499515,0.09931749025000002,0.09205249500000004,0.19010498250000002,0.1285,0.8069999999999999,1.014,-6.963374999999997,-0.3930000000000002,1.092,,13397000192.0,1300999936.0,635266596864.0,99026000000.0,,70173000000.0,,,16542000000.0,,12063000000.0,12903000000.0,0.57,0.3049,95.0,2.49,95.0,1766966400.0,1.657,18180.0,4190.132899571132,16700.0,12400.0,,2.0,,,0.18466,0.40080002,False,False,,0.5,1157286.0,1378030.0,1.1,,,,,,0.8349,54.2,,,False,0.6733956557348624,,0.5,Japan,True,,80.41293724987871,,68.46675691374664,14.15288179991895,20.948616600790515,67.53164556962025,,50.0,,50.0,57.23809930081415,standard,101,141738570,False,34.5,False,28.17195325542571,18.113522537562606,14.691151919866444,50.04173622704508,50.04173622704508,50.04173622704508,5,NEUTRAL,0,UPPTREND,False,3,0.42857142857142855,LÅG,VÄNTA,13.0,True,0.875,,2026-07-13,0
OR.PA,L'Oréal S.A.,Consumer Defensive,Household & Personal Products,France,EUR,202844096724.0,10.979380749999995,9.534979124999998,3.1967,2.2497321749999992,4.604651,4.664,9.412999999999998,-0.013887495000000014,0.03023000299999999,0.06743000999999998,0.06908747800000001,0.36756004000000003,-0.025999999999999995,-0.06,0.002,-58.81949999999999,0.4600000000000001,1.058,5328105504.0,9864999936.0,11916000256.0,205472940032.0,61821200000.0,,44052000000.0,,,8891900000.0,,6127200000.0,8656900000.0,1.9,0.6119,7.2,1.53,7.2,1777420800.0,0.894,400.48242186158393,332.3214587819333,381.0,412.04166,2.08333,24.0,,,0.57256,0.16499001,False,False,,0.5,460276.0,380913.0,0.43,-1.05,8.65,-0.55,,-3.42,0.2736,55.0,1.64,,False,0.35082265556963643,,0.5,Europe,True,71.31319554848966,70.34162351073745,42.450730320459954,31.335026481679044,62.140059188447054,32.41106719367589,67.53164556962025,81.87599364069952,50.0,,50.0,57.229780232556124,standard,102,165312501,False,51.2,False,78.79799666110183,27.462437395659435,32.5542570951586,50.04173622704508,50.04173622704508,50.04173622704508,5,NEUTRAL,0,UPPTREND,False,4,0.5714285714285714,MEDEL,VÄNTA,-0.3,True,0.875,,2026-07-13,0
LIN,Linde plc,Basic Materials,Specialty Chemicals,United Kingdom,USD,244946971205.9015,8.136941374999996,8.699498499999997,2.2243,1.6393380999999998,7.0681567,7.761,3.7727499999999985,0.029820000000000013,0.014704997075000009,0.09195501300000002,0.12918002,0.007959999999999967,-0.018000000000000002,-0.286,0.11,11.160249999999998,-1.0830000000000002,0.624,3594646272.0,3959000064.0,26317000704.0,268964610048.0,86817000000.0,,33986000000.0,,,9254000000.0,,6898000000.0,10350000000.0,1.22,0.4045,6.4,1.3,1.6,1780531200.0,0.723,548.2000122070312,385.263556835197,529.7899780273438,547.32,1.66667,25.0,2.49,0.014199999,0.00247,0.89319,False,False,,0.706,2264365.0,2374340.0,0.32,1.72,3.36,,,-4.08,0.1985,54.1,2.39,,True,0.6626741713907442,,0.839,US,True,69.61078190489954,67.11861565778995,34.79095026025518,42.5533426926756,59.428990801199376,29.38076416337286,67.53164556962025,67.88553259141494,50.0,85.62874251497006,70.6,57.195180343759006,standard,103,1257901536,False,47.3,False,72.28714524207011,25.208681135225376,19.198664440734557,50.04173622704508,50.04173622704508,50.04173622704508,4,NEUTRAL,0,UPPTREND,False,3,0.42857142857142855,LÅG,VÄNTA,5.6,True,0.875,,2026-07-13,0
4063.T,"Shin-Etsu Chemical Co., Ltd.",Basic Materials,Chemicals,Japan,JPY,13612965650520.0,8.865746499999997,2.1755764999999982,2.035,1.6642149499999999,5.2887053,4.805,2.001874999999999,0.026190000000000022,0.035084997150000005,0.08982749825000001,0.09872500500000003,0.06358503249999997,-0.08700000000000001,-0.482,-0.112,-13.683874999999999,3.700999999999999,4.188,180015242240.0,1667094937600.0,243294994432.0,12366974550016.0,5661907000000.0,,2573969000000.0,,,635205000000.0,,474459000000.0,712651000000.0,1.45,0.41979998,106.0,2.04,53.0,1774828800.0,1.082,7930.0,4196.224482642085,7320.0,8086.4707,1.64706,17.0,,,0.00942,0.56595004,False,False,,0.5,7942363.0,7491820.0,1.04,,,,,,0.4702,50.4,,,True,0.6325570269368805,,0.618,Japan,True,75.48229512935396,70.20894513403198,,21.76019483879635,50.85788414669705,6.982872200263504,67.53164556962025,70.42925278219397,50.0,,50.0,57.14777958845055,standard,105,337762413,False,45.4,False,71.36894824707846,5.425709515859766,28.297161936560933,50.04173622704508,50.04173622704508,50.04173622704508,4,NEUTRAL,0,UPPTREND,False,3,0.42857142857142855,LÅG,VÄNTA,12.6,True,0.875,,2026-07-13,0
HWM,Howmet Aerospace Inc.,Industrials,Aerospace & Defense,United States,USD,108369114212.61227,29.437244375000002,21.820864,0.8,13.49276715,12.567451,12.847,23.377249999999997,0.14756249500000002,0.055790001075,0.09424000600000002,0.14517001000000002,-0.12923998000000003,0.126,0.6479999999999999,0.686,13.637250000000002,0.9674999999999997,1.458,92896384.0,2435000064.0,4848000000.0,110782111744.0,11179000000.0,,8252000000.0,,,2115000000.0,,1508000000.0,1884000000.0,0.18,0.1067,0.48,,0.12,1778198400.0,1.189,290.6300048828125,169.17969224324384,270.8500061035156,307.878,1.45455,20.0,2.14,0.0197,0.0086900005,0.94327,False,False,,0.829,2840562.0,4430600.0,0.27,2.83,6.27,,,-3.94,0.354,39.3,3.25,,False,0.40298057922043223,,0.922,US,True,42.18731030495736,71.92660231567896,38.597346712516675,79.73847291662362,57.31559647997725,42.81949934123847,67.53164556962025,50.39745627980922,50.0,79.19161676646706,92.89999999999999,57.130878368696045,standard,106,1200028037,False,44.7,False,61.018363939899835,36.81135225375626,9.098497495826377,50.04173622704508,50.04173622704508,50.04173622704508,5,NEUTRAL,0,UPPTREND,False,3,0.42857142857142855,LÅG,VÄNTA,9.9,True,0.875,,2026-07-13,0
STX,Seagate Technology Holdings plc,Technology,Computer Hardware,Singapore,USD,205966357355.54663,42.20577137499999,7.745666999999999,0.6158,168.93634294999998,17.706232,18.815,37.27475,17.69985,0.178684999075,0.10541500499999999,0.2129175,-0.06398999999999999,0.3115,0.881,1.2,334.05375,-0.45200000000000007,0.772,510146432.0,1146000000.0,4177999872.0,207156625408.0,8023000000.0,,9097000000.0,,,1915000000.0,,1469000000.0,1083000000.0,0.33,0.277,2.96,3.02,0.74,1782259200.0,2.067,1144.184150716912,137.16742889634483,910.3400268554688,966.43475,1.52,23.0,1.45,0.033299997,0.00242,0.88223,False,False,,0.5,4352240.0,5142900.0,0.54,-2.0,65.75,,,-22.24,0.755,32.8,-2.55,,False,0.37523785212172367,,0.969,US,True,40.693597340656154,81.07877213946797,50.06586241238702,87.97017906292481,10.65506488068465,32.14756258234519,67.53164556962025,51.51033386327504,50.0,56.287425149700596,50.0,57.046316990297534,standard,107,4681787724,False,42.8,False,61.43572621035058,27.212020033388985,5.926544240400668,50.04173622704508,50.04173622704508,50.04173622704508,5,NEUTRAL,0,VARNING,False,3,0.42857142857142855,LÅG,VÄNTA,10.9,True,0.875,,2026-07-13,0
NFLX,"Netflix, Inc.",Communication Services,Entertainment,United States,USD,308946299564.6636,0.5675023749999974,0.8311360000000008,1.4824,4.591309149999999,6.7773304,6.687,8.199749999999998,0.27488498499999997,0.08991000857500002,0.15996000100000002,0.13637001999999995,0.010589999999999988,0.101,0.7635,0.828,-21.658250000000002,0.17100000000000004,1.178,24893823232.0,12288449536.0,16742200320.0,313546473472.0,55596993000.0,,45183036000.0,,,13326603000.0,,10981201000.0,10149273000.0,,0.0,,,,,1.517,127.75,70.86000061035156,73.37000274658203,113.14591,1.68,44.0,2.18,0.0249,0.00567,0.84925,False,False,,0.5,42155345.0,45939910.0,0.9323819154563583,-9.88,-28.1,-19.13,,-0.4256751252713735,0.3451200609246798,41.1479126105673,-0.1096845812432139,-0.22719865821655016,True,0.32432635956789196,,0.453,US,True,82.32909379968204,81.04916452661041,21.91689708227618,63.545189641245955,40.631561195668766,27.536231884057973,12.658227848101266,96.18441971383149,50.0,67.51497005988024,50.0,56.91742957563781,standard,108,3370611323,False,52.7,False,94.40734557595994,23.45575959933222,20.28380634390651,50.04173622704508,50.04173622704508,50.04173622704508,6,NEUTRAL,0,NEDTREND,True,3,0.42857142857142855,LÅG,EJ AKTUELL,-1.2,True,0.875,SUSPICIOUS_FWD_PE;,2026-07-13,0
ROST,"Ross Stores, Inc.",Consumer Cyclical,Apparel Retail,United States,USD,71495687785.19385,0.49032687500000005,6.823414499999997,2.6096,5.92728395,3.0070448,3.032,3.0007499999999983,0.20330998000000006,0.046545000075,0.009484998000000008,0.023099999999999996,-0.15229997,0.133,0.267,0.356,-3.188249999999993,0.11799999999999977,0.884,947729920.0,4130980096.0,4723149824.0,72087855104.0,15548737000.0,,22750559000.0,,,2707357000.0,,2145044000.0,3026883000.0,0.81,0.2318,1.78,1.03,0.445,1780963200.0,0.879,242.80999755859375,125.18413169707951,222.8800048828125,256.17648,1.68421,17.0,3.04,0.039100002,0.021259999,0.94692004,False,False,,0.708,3051409.0,3947140.0,0.32,-7.57,0.22,,,-7.96,0.2906,34.1,-1.3,,False,0.48137473433336214,,0.946,US,True,71.29729729729729,62.92289011139771,25.365672623409814,75.86435966365882,57.41959840504115,52.70092226613966,67.53164556962025,67.56756756756756,50.0,51.49700598802395,70.8,56.91592865078762,standard,109,879738582,False,54.6,False,73.28881469115191,44.99165275459098,46.91151919866444,50.04173622704508,50.04173622704508,50.04173622704508,5,NEUTRAL,0,VARNING,False,4,0.5714285714285714,MEDEL,VÄNTA,10.3,True,0.875,,2026-07-13,0
ASML.AS,ASML Holding N.V.,Technology,Semiconductor Equipment & Materials,Netherlands,EUR,604720316385.0,28.554829749999996,15.695118124999995,2.7196,23.701261749999997,17.932095,17.779,29.64,0.3644325050000001,0.09940000199999999,0.204720009,0.22082751000000003,0.15041,0.0025000000000000022,-0.010000000000000009,0.171,-27.81249999999999,-0.23899999999999977,0.691,7658092576.0,8376300032.0,2705600000.0,599021912064.0,50566600000.0,,32667300000.0,,,11301400000.0,,9609400000.0,,0.67,0.2568,10.8,0.85,2.7,1776988800.0,1.394,1741.0,584.6851072627588,1569.0,1732.9635,1.43182,35.0,,,0.0001,0.46866,False,False,,0.5,706094.0,620567.0,0.83,-5.02,25.55,42.62,,-10.49,0.462,48.5,4.04,,False,0.3105180663012887,,0.732,Europe,True,52.406995230524636,87.58227238808809,63.0875866024002,50.587817457432934,26.951200201179017,21.47562582345191,67.53164556962025,66.29570747217805,50.0,,50.0,56.870805331012384,standard,110,1109089382,False,43.5,False,69.36560934891486,18.614357262103507,5.843071786310518,50.04173622704508,50.04173622704508,50.04173622704508,5,NEUTRAL,0,UPPTREND,False,3,0.42857142857142855,LÅG,VÄNTA,8.6,True,0.875,,2026-07-13,0
5802.T,"Sumitomo Electric Industries, Ltd.",Consumer Cyclical,Auto Parts,Japan,JPY,8055012469000.0,-1.909115,-9.4190565,0.53,0.8505173000000004,1.5762706,1.683,-0.44412500000000055,0.03487999500000001,0.003815000150000008,0.002297498250000002,0.03260500100000002,-0.0762549975,0.076,1.294,1.401,-18.231375,0.04499999999999974,0.865,112920747008.0,236981993472.0,689186013184.0,8598781427712.0,4824532000000.0,,5110171000000.0,,,418173000000.0,,369508000000.0,425192000000.0,1.51,0.325,39.0,2.82,20.0,1790640000.0,0.89,3712.5,765.307976929096,2582.0,3777.0,1.5,10.0,,,0.04488,0.47541,False,False,,0.5,27512649.0,22210120.0,0.76,,,,,,0.7818,23.8,,,False,0.22862563795256927,,1.0,Japan,True,,54.02093064898362,,85.13482823234972,36.44244283938327,9.749670619235836,67.53164556962025,67.40858505564388,50.0,,50.0,56.83684655264231,standard,113,353199473,False,52.5,False,73.20534223706177,7.429048414023372,70.36727879799666,50.04173622704508,50.04173622704508,50.04173622704508,6,NEUTRAL,0,UPPTREND,False,2,0.2857142857142857,LÅG,VÄNTA,6.7,True,0.875,SUSPICIOUS_FWD_PE;,2026-07-13,0
RACE.MI,Ferrari N.V.,Consumer Cyclical,Auto Manufacturers,Italy,EUR,58259936359.39526,9.32310025,13.052814374999997,4.3156,8.71558105,8.088184,8.27,4.652500000000001,0.20025251249999998,0.05846375149999997,0.100272492,0.13984747749999998,0.13389502500000003,-0.040999999999999995,-0.10200000000000001,0.003,2.013500000000011,1.3200000000000003,1.907,156144480.0,1816348032.0,2928934912.0,59571077120.0,9628352000.0,,7145768000.0,,,2097144000.0,,1596919000.0,2349306000.0,1.09,0.3321,3.62,0.66,3.615,1776643200.0,0.591,442.46194963327827,265.9715457815944,331.1499938964844,371.03888,1.72222,18.0,,,0.3049,0.42986,False,False,,0.5,601753.0,605919.0,0.5,7.87,9.63,7.64,,-2.46,0.3664,70.1,8.66,,True,0.9747792182512331,,0.677,Europe,True,56.71397600809365,80.52543169145085,48.996523150658454,34.526123315893585,72.54466278505235,56.65349143610013,67.53164556962025,51.669316375198726,50.0,,50.0,56.781034049044536,standard,114,228556854,False,48.6,False,63.939899833055094,51.25208681135225,16.026711185308848,50.04173622704508,50.04173622704508,50.04173622704508,5,NEUTRAL,0,UPPTREND,False,3,0.42857142857142855,LÅG,VÄNTA,0.0,True,0.875,,2026-07-13,0
UBSG.SW,UBS Group AG,Financial Services,Banks - Diversified,Switzerland,CHF,137864489699.2204,3.0832629999999988,-0.09946287500000173,0.9314,-0.54918775,2.6938672,3.443,,-0.049302495,-0.010209997150000004,-0.05850999999999999,-0.05273996000000003,-0.37562,0.07550000000000001,0.711,0.797,,,,,528411983872.0,574302978048.0,176676487168.0,1617427000000.0,,47295000000.0,,,,,7767000000.0,21851000000.0,2.06,0.32259998,0.86,2.38,1.1,1776729600.0,0.827,42.220001220703125,27.12580681280002,42.060001373291016,41.72294,2.47059,17.0,,,0.00064000004,0.55954,False,False,,0.5,6131999.0,5146245.0,0.92,6.91,32.07,,,0.0,0.2548,62.0,10.06,,False,0.9194466302840125,,1.0,Europe,True,,25.943941718363742,93.82875772779376,81.24612795693083,65.14557612454345,38.47167325428195,67.53164556962025,,50.0,,50.0,56.779311551799914,standard,115,265975760,False,42.6,False,28.17195325542571,32.8881469115192,54.173622704507515,50.04173622704508,50.04173622704508,50.04173622704508,1,SVAG,-8,UPPTREND,False,4,0.5714285714285714,MEDEL,VÄNTA,-4.0,True,0.75,SUSPICIOUS_FWD_PE;,2026-07-13,0
CME,CME Group Inc.,Financial Services,Financial Data & Stock Exchanges,United States,USD,86814264959.23393,-0.8844853749999997,2.9085610000000006,4.2026,-1.4152828500000003,12.843686,13.093,6.6999999999999975,-0.013634999999999994,-0.011095000075000002,0.3789249960000001,0.32622003,0.5203,0.08149999999999999,0.07999999999999999,0.207,-51.45675,-0.749,0.021,1930383872.0,2515399936.0,3742200064.0,88290877440.0,198424200000.0,,6520600000.0,,,4229500000.0,,4072200000.0,4277100000.0,2.17,0.95559996,5.2,3.54,1.3,1780963200.0,0.276,319.81669858888057,218.30999755859375,240.27000427246094,288.73334,2.4375,15.0,1.32,0.0185,0.00422,0.92565,False,False,,0.5,3316670.0,4263780.0,0.25,-7.17,-18.61,,,-23.27,0.2719,48.5,-7.41,,True,0.48039770366856316,,0.677,US,True,71.27865298453533,73.45889398052323,4.181558524531635,58.77601431183257,56.4780755779831,48.22134387351779,67.53164556962025,78.060413354531,50.0,80.83832335329342,50.0,56.74530546278808,standard,116,1024458439,False,49.6,False,78.38063439065108,40.90150250417362,9.015025041736227,50.04173622704508,50.04173622704508,50.04173622704508,6,NEUTRAL,0,VARNING,False,3,0.42857142857142855,LÅG,VÄNTA,-0.5,True,0.875,,2026-07-13,0
KMB,Kimberly-Clark Corporation,Consumer Defensive,Household & Personal Products,United States,USD,37313416745.97189,-6.450373625000002,-4.446513000000001,2.2208,14.882171575,2.25377,2.657,-2.390250000000001,0.90143,0.027194990074999995,0.03816499600000001,0.069197498,-0.10822999999999999,-0.008999999999999998,0.11499999999999999,0.173,271.70475,-0.39800000000000024,0.368,-45228544.0,542000000.0,7105999872.0,43995414528.0,17098000000.0,,16447000000.0,,,2351000000.0,,2021000000.0,2777000000.0,4.66,0.97870004,5.12,3.75,1.28,1780617600.0,0.279,131.04399620387045,91.16777681423233,112.41000366210938,115.46667,2.5625,15.0,8.18,0.1456,0.0070700003,0.93452,False,False,,0.337,4651429.0,5086600.0,1.15,8.1,15.18,,,-4.34,0.2608,66.6,8.35,,True,0.7581290211048869,,0.912,US,True,,68.63752506939831,47.17158050998741,58.357632246893004,49.957155205445616,66.00790513833992,67.53164556962025,46.10492845786963,50.0,13.17365269461078,33.7,56.73385955149406,standard,117,571784725,False,56.0,False,62.520868113522546,59.766277128547586,59.348914858096826,50.04173622704508,50.04173622704508,50.04173622704508,4,NEUTRAL,0,UPPTREND,False,2,0.2857142857142857,LÅG,VÄNTA,1.6,True,0.875,SUSPICIOUS_FWD_PE;,2026-07-13,0
HOLN.SW,Holcim AG,Basic Materials,Building Materials,Switzerland,CHF,41008695391.939224,85.03578675,2.215591624999995,0.4202,0.2749259999999998,2.608032,2.895,2.6869999999999994,-0.10965749500000001,-0.015359999999999999,0.743910007,-0.029790004999999994,0.047809999999999964,-0.136,,,9.704000000000004,-0.4079999999999998,1.037,1269017888.0,5442999808.0,9246999552.0,45520695296.0,33605000000.0,,15724000000.0,,,2230000000.0,,13179000000.0,2788000000.0,2.33,4.4286,1.7,3.99,1.7,1779062400.0,0.743,80.60190446052587,58.68881254340138,74.13999938964844,81.36429,2.19048,21.0,,,0.08778,0.46205002,False,False,,0.5,1156846.0,1014084.0,0.6489856595770498,2.57,9.12,-3.99,,-0.08017062517476992,0.2802366986052996,43.6463971957535,0.0010016075023937532,0.04338048037661402,False,0.3398179101900867,,0.5,Europe,True,83.1737245266657,47.68906534101761,59.54486225657033,17.826716793708826,58.76853019756218,63.63636363636363,30.189873417721518,83.6248012718601,50.0,,50.0,56.703541167793375,standard,118,92386567,False,59.9,False,81.80300500834724,57.84641068447412,55.00834724540902,50.04173622704508,50.04173622704508,50.04173622704508,4,NEUTRAL,0,UPPTREND,False,1,0.14285714285714285,LÅG,VÄNTA,-5.9,True,0.875,EXTREME_EARNINGS_GROWTH;,2026-07-13,0
EAT,"Brinker International, Inc.",Consumer Cyclical,Restaurants,United States,USD,7945391739.810333,-12.683940125,-4.336230500000003,1.3169,14.15424695,1.3857839,1.681,-6.366250000000001,1.20567,0.06679500007500001,-0.007174991999999991,0.003459999999999991,-0.29376,-0.040999999999999995,0.013999999999999999,0.074,352.44274999999993,-1.0260000000000002,0.228,-774066080.0,57100000.0,1748000000.0,9636291584.0,2678600000.0,,5384200000.0,,,553800000.0,,383100000.0,679000000.0,,0.0,,3.47,0.38,1583366400.0,1.249,189.39999389648438,100.30000305175781,185.25999450683594,183.42105,1.66667,19.0,5.8,0.1737,0.0117,1.14806,False,False,,0.551,1152755.0,1154920.0,0.32,18.21,21.73,,,0.0,0.5143,78.5,23.09,,True,0.9832373348953234,,0.895,US,True,,60.239431971247186,89.78211849596934,48.344481989703674,13.771613211755422,88.93280632411067,12.658227848101266,12.87758346581876,50.0,7.784431137724551,55.1,56.69285233645837,standard,119,213960473,False,53.3,False,28.17195325542571,84.3906510851419,73.70617696160268,50.04173622704508,50.04173622704508,50.04173622704508,2,SVAG,-8,UPPTREND,False,2,0.2857142857142857,LÅG,VÄNTA,-5.7,True,0.875,SUSPICIOUS_FWD_PE;,2026-07-13,0
GIVN.SW,Givaudan SA,Basic Materials,Specialty Chemicals,Switzerland,CHF,31683833301.0,8.785750749999997,10.949920624999997,4.9218,4.5812817,4.234166,4.736,9.979,0.103652505,0.024310000000000005,0.04909999699999999,0.017929980000000012,0.059599999999999986,-0.11800000000000001,-0.46699999999999997,-0.046,48.88900000000001,0.004000000000000115,1.097,545567776.0,742000000.0,4416000000.0,35388833792.0,11864000000.0,,7472000000.0,,,1375000000.0,,1071000000.0,1512000000.0,2.11,0.6063,72.0,1.94,72.0,1774224000.0,0.665,3754.27490234375,2566.0,3433.0,3481.0842,2.05263,19.0,,,0.17141001,0.36946,False,False,,0.5,22458.0,18221.0,0.96,6.94,22.41,,,-3.28,0.2624,62.4,11.3,,False,0.6455532639510503,,0.5,Europe,True,63.736233559762965,67.60474373733618,54.88551590657121,17.63743397329403,59.61512981228353,68.51119894598156,67.53164556962025,71.70111287758345,50.0,,50.0,56.682089559227656,standard,120,76864947,False,55.6,False,74.12353923205343,61.85308848080133,35.30884808013355,50.04173622704508,50.04173622704508,50.04173622704508,5,NEUTRAL,0,UPPTREND,False,3,0.42857142857142855,LÅG,VÄNTA,-1.2,True,0.875,,2026-07-13,0
2628.HK,China Life Insurance Company Limited,Financial Services,Insurance - Life,China,HKD,211478194067.7166,-7.153327750000001,-4.044461500000001,0.38,-0.2219312499999997,2.348183,-3.167,-13.391749999999996,0.13839999749999998,0.0074199998,0.162047515,0.014089999999999991,0.198365,-0.2145,-0.457,-0.323,21.261249999999997,4.545,6.246,64155764736.0,2176234946560.0,275873005568.0,-1083352088576.0,7591004000000.0,,605114000000.0,,,,,154078000000.0,459925000000.0,3.42,0.1345,0.97,4.87,0.7106,1782777600.0,0.87,35.230359869549844,17.3276916328475,28.420000076293945,34.993843,1.6875,15.0,,,0.0,0.50641996,False,False,,0.5,51545378.0,54004368.0,0.6662931647221627,6.54,11.08,6.3,,-0.19330940184752976,0.4170905316228204,54.591975854516704,0.004184541833288868,0.03999720347631719,True,0.5127964112524018,,0.5,Asia,True,,72.23672299031404,61.300306654715335,12.428433303736332,63.13977543357295,31.0935441370224,67.53164556962025,,50.0,,50.0,56.67440159156867,standard,121,195810796,False,59.6,False,97.53756260434056,26.54424040066778,58.263772954924875,50.04173622704508,50.04173622704508,50.04173622704508,5,NEUTRAL,0,UPPTREND,False,4,0.5714285714285714,MEDEL,VÄNTA,-1.6,True,0.875,SUSPICIOUS_FWD_PE;,2026-07-13,0
ASIANPAINT.NS,Asian Paints Limited,Basic Materials,Specialty Chemicals,India,INR,2567057739959.8037,22.393696749999997,22.6045375,,7.454938849999999,7.2141714,7.105,6.682499999999994,0.0692849925,0.037985003074999996,0.002970000999999972,0.0,0.028420020000000046,0.0059999999999999915,0.27199999999999996,0.693,0.47550000000000026,0.04550000000000026,1.485,24953380864.0,86016401408.0,39289298944.0,2528246759424.0,345344900000.0,,355409000000.0,,,56071900000.0,,43253500000.0,70881800000.0,1.03,0.5553,27.5,0.88,23.0,1782172800.0,0.304,2960.0187763517797,2096.8080953222207,2677.800048828125,2870.8,2.54286,35.0,,,0.52884996,0.28199,False,False,,0.5,1276527.0,1414961.0,1.05,-2.34,9.62,,,-7.32,0.2662,48.6,0.42,,False,0.40106699133824114,,0.717,India,True,61.33328515681457,62.51791886227504,38.8762989270346,63.24284673311641,77.44100816233002,14.361001317523057,67.53164556962025,63.59300476947536,50.0,,50.0,56.636932647834094,standard,122,39629563,False,44.4,False,68.9482470784641,12.604340567612688,18.530884808013358,50.04173622704508,50.04173622704508,50.04173622704508,6,NEUTRAL,0,UPPTREND,False,5,0.7142857142857143,HÖG,VÄNTA,-0.4,True,0.875,,2026-07-13,0
PG,The Procter & Gamble Company,Consumer Defensive,Household & Personal Products,United States,USD,342397178091.2157,-6.7274266250000005,1.529423999999997,4.125,0.4784295749999994,3.948444,4.245,-0.8202500000000006,0.09528000000000002,0.034814990074999996,0.10179500600000002,0.103177498,0.030139999999999945,0.038,-0.005999999999999998,0.043,-31.90825,-0.4320000000000003,0.487,11633896704.0,12305999872.0,37026000896.0,368102178816.0,125231000000.0,,84284000000.0,,,20451000000.0,,15974000000.0,17817000000.0,2.9,0.618,4.26,2.47,1.089,1776988800.0,0.38,166.00000775715966,135.62849904935726,147.0399932861328,163.30435,2.08,23.0,2.5,0.010299999,0.00064000004,0.71823996,False,False,,0.5,9015245.0,10489580.0,0.28,-0.41,3.67,,,-10.98,0.2237,50.1,0.93,,False,0.18644645438633523,,0.869,US,True,,73.7952859658512,28.867091342991902,52.513612131777236,64.12645869935737,26.613965744400524,67.53164556962025,85.53259141494436,50.0,91.61676646706587,50.0,56.627166903987636,standard,123,1542387773,False,52.5,False,84.14023372287144,22.78797996661102,37.145242070116865,50.04173622704508,50.04173622704508,50.04173622704508,5,NEUTRAL,0,UPPTREND,False,3,0.42857142857142855,LÅG,VÄNTA,7.9,True,0.875,SUSPICIOUS_FWD_PE;,2026-07-13,0
CSU.TO,Constellation Software Inc.,Technology,Software - Application,Canada,CAD,59381631597.76611,15.977784000000003,-6.857960749999998,0.5255,4.431419149999999,4.7710943,5.157,5.524999999999998,0.045866251499999997,0.013888748625000055,-0.03666250099999999,0.00597874000000001,-0.027089990000000008,0.0695,1.497,1.699,91.802,-0.9882499999999999,0.833,2119265536.0,3012999936.0,5560999936.0,62654631936.0,16171000000.0,,11623000000.0,,,2108000000.0,,512000000.0,2732000000.0,0.21,0.1141,5.67,0.19,1.413,1781827200.0,0.694,5051.449103550577,2193.5972382751766,2802.139892578125,3993.4932,1.41667,12.0,4.52,,0.04409,0.42791,False,False,,0.5,65501.0,54030.0,0.7297109021246952,-10.82,22.15,-15.63,,-0.44527999092210013,0.42774207739781106,51.47783431795345,0.023304900462842504,-0.051345496008137204,False,0.5073973943588684,,0.217,Canada,True,79.8540251481428,52.62439569675551,49.65163510329587,63.41873856353963,33.1957082169341,55.99472990777339,67.53164556962025,86.80445151033386,50.0,,50.0,56.560775665776255,standard,127,107020402,False,55.4,False,83.889816360601,48.41402337228715,30.884808013355592,50.04173622704508,50.04173622704508,50.04173622704508,6,NEUTRAL,0,NEDTREND,True,3,0.42857142857142855,LÅG,EJ AKTUELL,-0.5,True,0.875,SUSPICIOUS_FWD_PE;,2026-07-13,0
HINDUNILVR.NS,Hindustan Unilever Limited,Consumer Defensive,Household & Personal Products,India,INR,5053031197509.472,9.13125975,15.829878,3.69,4.627320824999999,7.8380456,7.757,1.4055,0.013045002499999986,0.02275499607499999,0.13729000999999996,0.078167498,0.10122002000000002,0.006999999999999999,0.15,0.214,-59.433,-0.19349999999999984,0.7,46792167424.0,69930000384.0,14780000256.0,5000570863616.0,797520000000.0,,637630000000.0,,,137210000000.0,,150400000000.0,109990000000.0,2.05,0.9503,44.0,1.59,22.0,1782172800.0,0.364,2701.0768426775303,2002.13518292342,2150.60009765625,2563.0,2.02632,37.0,,,0.62274,0.20775999,False,False,,0.5,2038330.0,2028395.0,0.89,-0.18,0.62,,,-12.61,0.2308,44.9,-1.97,,False,0.31844524729630636,,0.584,India,True,71.02919497037144,69.70760266475504,22.284138527162373,52.31868785228927,68.21470210426443,11.462450592885375,67.53164556962025,62.63910969793323,50.0,,50.0,56.48647158696243,standard,128,45625629,False,43.2,False,67.4457429048414,9.265442404006679,16.4440734557596,50.04173622704508,50.04173622704508,50.04173622704508,6,NEUTRAL,0,VARNING,False,4,0.5714285714285714,MEDEL,VÄNTA,-0.6,True,0.875,,2026-07-13,0
HARVIA.HE,Harvia Oyj,Consumer Cyclical,Leisure,Finland,EUR,739191542.340622,3.082251000000003,0.8211379999999977,,1.6434794,3.5968819,3.842,0.025500000000000078,0.03942000000000001,0.019490006000000004,0.064852497,0.104101241,0.18548499999999996,0.054000000000000006,0.010000000000000009,0.119,9.973499999999994,2.3537500000000002,2.289,-975300125.0,53449000.0,102811000.0,789526080.0,271283000.0,,198900000.0,,,38301000.0,,26437000.0,34957000.0,1.95,0.5172,0.77,1.83,0.38,1792108800.0,1.269,51.28123299220312,30.710798057913102,39.54999923706055,47.5,,4.0,,,0.15301,0.68799,False,False,,0.5,27050.0,16007.0,1.34,-0.99,15.86,,,-6.59,0.4142,49.3,1.03,,False,0.21405544747444338,,0.408,Nordic,True,,71.38891654246522,45.871056241426615,42.48163847499259,56.71660202651715,98.68247694334651,67.53164556962025,,50.0,,50.0,56.45156340809787,standard,129,721126,False,50.2,False,28.17195325542571,97.53756260434056,40.31719532554257,50.04173622704508,50.04173622704508,50.04173622704508,6,NEUTRAL,0,UPPTREND,False,2,0.2857142857142857,LÅG,VÄNTA,1.6,True,0.875,SUSPICIOUS_FWD_PE;,2026-07-13,0
AVGO,Broadcom Inc.,Technology,Semiconductors,United States,USD,1902889357601.653,28.661171374999995,-2.7664120000000008,0.4509,14.081448949999999,25.223087,25.816,24.614749999999997,0.19295997999999998,0.05323500307500001,0.27790500500000004,0.34611749999999997,0.28313999999999995,0.3495,0.6519999999999999,0.875,26.518750000000004,0.45999999999999985,1.929,26112395520.0,19627999232.0,64907001856.0,1948168355840.0,171092000000.0,,63887000000.0,,,26075000000.0,,23126000000.0,27537000000.0,0.65,0.41259998,2.6,1.87,0.65,1782086400.0,1.462,494.21781760890264,267.6191060163645,399.9700012207031,523.72894,1.3125,45.0,1.9,0.015,0.01941,0.7984,False,False,,0.5,26608872.0,26981650.0,0.34,0.49,2.03,,,-19.54,0.4846,47.8,-4.63,,True,0.8373292104670189,,0.857,US,True,54.176615117791584,90.03221289258437,23.04169720202191,82.4825886180447,42.70855882448287,15.942028985507244,67.53164556962025,68.04451510333863,50.0,84.4311377245509,50.0,56.44959482550442,standard,130,10791850583,False,42.7,False,70.6176961602671,14.023372287145241,2.5459098497495827,50.04173622704508,50.04173622704508,50.04173622704508,7,STARK,8,VARNING,False,3,0.42857142857142855,LÅG,VÄNTA,15.7,True,0.875,SUSPICIOUS_FWD_PE;,2026-07-13,0
TIH.TO,Toromont Industries Ltd.,Industrials,Industrial Distribution,Canada,CAD,18738843305.14229,1.244527999999999,5.660836250000003,1.32,0.9332023499999998,3.5080724,3.449,-0.37049999999999894,0.0009587464999999996,0.02200375462500005,0.0011424999999999977,-0.008188760000000003,-0.13981000999999998,0.062,0.176,0.245,-30.322499999999994,1.56725,1.858,-75261632.0,1161606016.0,845280000.0,18422517760.0,5470319000.0,,5202837000.0,,,681281000.0,,496586000.0,742122000.0,0.96,0.337,2.16,1.39,0.56,1780617600.0,0.975,243.5,124.0083452028748,229.8300018310547,243.55556,1.77778,9.0,4.26,,0.00037,0.43915,False,False,,0.5,261532.0,316910.0,0.32,7.8,5.52,32.42,,-6.27,0.3868,39.0,1.42,,False,0.5901727219400682,,0.889,Canada,True,,50.09011401563028,52.06063135007049,66.57704902632067,54.93155339624349,78.12911725955203,67.53164556962025,43.08426073131956,50.0,,50.0,56.337839814778754,standard,132,51485444,False,46.6,False,28.17195325542571,71.70283806343906,41.56928213689483,50.04173622704508,50.04173622704508,50.04173622704508,4,NEUTRAL,0,UPPTREND,False,2,0.2857142857142857,LÅG,VÄNTA,7.7,True,0.875,,2026-07-13,0
CPG.L,Compass Group PLC,Consumer Cyclical,Restaurants,United Kingdom,USD,709923334459.3108,4.242678249999999,5.860350249999998,1.6897,3.7787167999999998,1.1141374,1.311,4.144,0.1274974975,0.0065924998250000005,-0.05470498300000005,-0.10948500499999998,0.32272497,0.034,0.05600000000000001,0.163,25.394500000000004,-0.596,0.622,1328262528.0,523000000.0,9130999808.0,63542738944.0,26715000000.0,,46070000000.0,,,3295000000.0,,1868000000.0,3366000000.0,2.16,0.5592,0.69,2.93,0.255,1781740800.0,0.654,436.71985387286986,240.39214640123015,417.5250319683073,38.4027,1.84211,20.0,,,0.00121,0.76633,False,False,,0.5,3283361.0,2461451.0,0.53,-3.0,19.39,42.54,,-4.82,0.6674,52.2,1.49,,False,0.6111219749858292,,0.5,UK,True,74.87266946090475,54.97804872686936,63.700031389344296,47.16381749862776,39.9580350532274,20.421607378129117,67.53164556962025,76.31160572337043,50.0,,50.0,56.31256954669536,standard,133,1027717407,False,52.0,False,59.933222036727884,17.863105175292155,79.04841402337229,50.04173622704508,50.04173622704508,50.04173622704508,6,NEUTRAL,0,UPPTREND,False,3,0.42857142857142855,LÅG,VÄNTA,3.6,True,0.875,,2026-07-13,0
BESI.AS,BE Semiconductor Industries N.V.,Technology,Semiconductor Equipment & Materials,Netherlands,EUR,20216735957.863068,99.65113975,19.750822125000003,1.4748,38.366132750000006,31.546719,31.861,78.941,0.15477250499999998,0.044140002,0.14761000900000001,0.20639749000000004,0.25711,0.15349999999999997,0.433,0.637,72.80350000000001,3.1360000000000006,4.008,-433701552.0,611438016.0,519112992.0,20138260480.0,1113747000.0,,591331000.0,,,173056000.0,,131641000.0,178141000.0,0.62,1.1414,1.58,2.71,1.58,1777248000.0,1.375,328.3999938964844,104.73968512608042,255.3000030517578,293.86957,2.08696,23.0,,,0.108909994,0.63569,False,False,,0.5,441634.0,396616.0,0.77,-21.41,14.23,53.91,,-22.88,0.5669,28.6,-10.89,,False,0.21866438481668257,,0.481,Europe,True,25.28891458303223,84.12555645872077,55.434665575627044,63.06459521293608,40.79324813459922,76.9433465085639,30.189873417721518,32.75039745627981,50.0,,50.0,56.2798015347036,standard,134,115338946,False,40.5,False,28.17195325542571,70.36727879799666,2.5459098497495827,50.04173622704508,50.04173622704508,50.04173622704508,6,NEUTRAL,0,VARNING,False,2,0.2857142857142857,LÅG,VÄNTA,9.8,True,0.875,,2026-07-13,0
2303.TW,United Microelectronics Corporation,Technology,Semiconductors,Taiwan,TWD,1957243683720.0,10.844050999999997,9.9258065,1.8378,0.4927940500000001,8.13038,7.91,0.9690000000000012,0.0017050075000000012,-0.0006300010499999953,0.09071750400000002,0.046227510000000055,-0.07477499999999998,-0.07450000000000001,0.879,1.079,12.893749999999999,0.9239999999999999,2.178,25121937408.0,134263775232.0,76035743744.0,1904131571712.0,567274863000.0,,237553199000.0,,,43658935000.0,,40360314000.0,99864187000.0,1.67,0.72339994,2.61,5.75,2.608083,1783468800.0,1.572,182.37872164857154,39.42526386752027,156.0,105.26364,2.78261,22.0,,,0.07643,0.38421002,False,False,,0.5,263664373.0,120041603.0,0.65,,,,,,0.7391,41.9,,,False,0.48423731884210164,,0.675,Asia,True,75.68131232837115,56.03773877718059,,59.77092921684586,43.599456853502375,15.5467720685112,67.53164556962025,67.72655007949126,50.0,,50.0,56.26336039832965,standard,135,581694468,False,44.3,False,69.44908180300501,13.689482470784641,15.609348914858096,50.04173622704508,50.04173622704508,50.04173622704508,6,NEUTRAL,0,UPPTREND,False,2,0.2857142857142857,LÅG,VÄNTA,9.8,True,0.875,,2026-07-13,0
JNJ,Johnson & Johnson,Healthcare,Drug Manufacturers - General,United States,USD,618606643654.0555,-1.5773036249999999,0.7425315000000001,4.9765,1.9087332499999996,6.419612,6.761,2.2597499999999986,0.098095,0.014415000074999995,0.09000000600000001,0.08680499,0.20065007,0.014499999999999999,-0.642,-0.524,10.954000000000008,-1.0950000000000002,0.689,11411521792.0,22051000320.0,54987001856.0,651542593536.0,199210000000.0,,94193000000.0,,,25596000000.0,,26804000000.0,24530000000.0,2.07,0.6025,5.36,2.77,1.34,1779753600.0,0.235,269.42999267578125,151.02644490443114,256.9800109863281,258.5909,2.0,22.0,2.96,0.0123000005,0.00046999997,0.76864,False,False,,0.465,8206140.0,8712920.0,0.35,8.12,8.91,,,-3.58,0.2005,70.8,9.06,,True,0.6843805167288141,,0.682,US,True,77.18297441826854,74.01897951652322,41.614615630343685,27.519492566137796,66.644651155757,21.34387351778656,67.53164556962025,73.76788553259142,50.0,88.62275449101796,46.5,56.24459605230025,standard,136,2239046277,False,47.2,False,74.95826377295492,18.447412353923205,21.118530884808013,50.04173622704508,50.04173622704508,50.04173622704508,4,NEUTRAL,0,UPPTREND,False,4,0.5714285714285714,MEDEL,VÄNTA,4.6,True,0.875,SUSPICIOUS_FWD_PE;,2026-07-13,0
LRCX,Lam Research Corporation,Technology,Semiconductor Equipment & Materials,United States,USD,438112521637.6648,28.709031374999995,20.061243999999995,2.0383,33.76341695,20.206423,20.16,34.01975,0.48777,0.159824999075,0.198814985,0.20666748,0.020089999999999997,0.10849999999999999,0.20599999999999996,0.372,-12.21725,0.7579999999999999,1.695,3252487936.0,4750936064.0,3734479104.0,437096087552.0,21345260000.0,,18435591000.0,,,5900968000.0,,5358217000.0,6173264000.0,0.29,0.1909,1.04,0.98,0.26,1781654400.0,1.805,438.5,90.43946499164481,350.3299865722656,357.7742,1.48571,31.0,2.12,0.0253,0.00278,0.87793,False,False,,0.492,11205068.0,15440780.0,0.3,-9.2,23.13,,,-24.09,0.6904,36.7,-0.55,,False,0.2786448416184257,,0.931,US,True,46.8034398034398,85.19075507782642,43.27658455004979,73.73478997792303,30.313581838759518,24.242424242424242,67.53164556962025,59.45945945945946,50.0,66.76646706586826,49.2,56.16739116521577,standard,137,5409368250,False,42.1,False,64.35726210350585,20.868113522537563,2.5459098497495827,50.04173622704508,50.04173622704508,50.04173622704508,6,NEUTRAL,0,VARNING,False,3,0.42857142857142855,LÅG,VÄNTA,9.9,True,0.875,,2026-07-13,0
ABBN.SW,ABB Ltd,Industrials,Electrical Equipment & Parts,Switzerland,CHF,151682995165.38202,11.216810749999995,10.214980124999999,3.2522,8.96264095,4.414749,4.499,6.476500000000003,0.16680500000000004,0.036595004,0.05350500999999999,0.07354,0.028120019999999968,0.118,0.146,0.201,-7.739999999999991,0.07850000000000001,0.793,-109682176.0,5926000128.0,9176999936.0,155548696576.0,44885000000.0,,33220000000.0,,,5729000000.0,,4734000000.0,5469000000.0,1.11,0.44169998,0.94,2.17,0.94,1774224000.0,1.026,89.13999938964844,46.39344965349451,83.58000183105469,77.785,2.82143,28.0,,,0.00028,0.59467,False,False,,0.5,2464093.0,2323562.0,0.8,1.5,17.1,,,-5.35,0.319,44.2,0.27,,False,0.21920626665005213,,0.722,Europe,True,50.193525075878014,72.5247487112731,48.06424638743259,63.51605817946701,49.77747209896975,37.285902503293805,67.53164556962025,46.89984101748807,50.0,,50.0,56.166600228318394,standard,138,238637648,False,39.4,False,28.17195325542571,31.719532554257096,33.889816360601,50.04173622704508,50.04173622704508,50.04173622704508,4,NEUTRAL,0,UPPTREND,False,3,0.42857142857142855,LÅG,VÄNTA,8.2,True,0.875,,2026-07-13,0
PKO.WA,Powszechna Kasa Oszczednosci Bank Polski Spólka Akcyjna,Financial Services,Banks - Regional,Poland,PLN,141099996566.77246,-2.5322460000000007,0.24570612499999855,1.45,-0.03326914999999997,4.7714963,5.337,,0.035387505000000014,0.0032000028499999944,0.13189,0.22705002000000002,-0.37562,-0.0595,-0.112,0.021,,,,,24504000512.0,39096999936.0,155680997376.0,583079000000.0,,31050000000.0,,,,,10682000000.0,11852000000.0,5.7,0.638,6.14,3.87,6.14,1785801600.0,0.647,112.87999725341797,67.77999877929688,112.87999725341797,106.452,1.86667,15.0,,,0.31393,0.3657,False,False,,0.5,2182736.0,1975436.0,1.49,8.52,10.45,28.51,,-0.96,0.2894,73.2,9.66,,True,1.379264109722003,,0.903,Europe,True,,59.50203982577282,59.574767693991284,40.37088684242879,65.91650811726637,38.0764163372859,67.53164556962025,,50.0,,50.0,56.120831548652426,standard,140,222987210,False,39.1,False,28.17195325542571,32.47078464106845,30.801335559265443,50.04173622704508,50.04173622704508,50.04173622704508,2,SVAG,-8,UPPTREND,False,2,0.2857142857142857,LÅG,VÄNTA,-4.9,True,0.75,SUSPICIOUS_FWD_PE;,2026-07-13,0
TORNTPHARM.NS,Torrent Pharmaceuticals Limited,Healthcare,Drug Manufacturers - Specialty & Generic,India,INR,1658890324160.0,35.30591875,27.8002895,,14.219003500000003,11.866398,13.431,7.598500000000001,0.016650002499999997,-0.007275003925000006,0.02023500999999997,0.00878499000000002,0.35303002,0.33349999999999996,-0.33,-0.219,65.78025,-1.2465,0.723,7556894720.0,23552100352.0,150254993408.0,1877557248000.0,443119600000.0,,137529900000.0,,,34397600000.0,,21633700000.0,30227100000.0,0.78,0.5476,38.0,1.04,9.0,1780012800.0,0.142,4948.0,3280.3436576850613,4901.5,4912.3794,1.72414,29.0,,,0.71188,0.15853,False,False,,0.5,469038.0,622511.0,1.45,9.93,19.37,,,0.0,0.2166,91.1,9.68,,True,0.9079970480799417,,0.418,India,True,52.6246567423038,59.78547714257377,87.9302666441175,33.401151134140186,56.15293965116743,16.99604743083004,67.53164556962025,53.10015898251193,50.0,,50.0,56.10952460399843,standard,141,31913373,False,42.4,False,64.77462437395658,14.774624373956593,9.766277128547578,50.04173622704508,50.04173622704508,50.04173622704508,6,NEUTRAL,0,UPPTREND,False,2,0.2857142857142857,LÅG,VÄNTA,-1.9,True,0.875,,2026-07-13,0
0939.HK,China Construction Bank Corporation,Financial Services,Banks - Diversified,China,HKD,1954592838137.9788,-6.542126750000001,-4.3758285,0.9636,-0.8662082499999997,3.4611843,4.764,,-0.020940002500000006,2.9999799999999577e-05,0.2951374950000001,0.31711003000000004,-0.370865,-0.012499999999999997,-0.133,0.035,,,,,5293374177280.0,6010644201472.0,2927056125952.0,45631818000000.0,,760713000000.0,,,,,338906000000.0,2101242000000.0,5.4,0.30290002,0.44,7.84,0.2029,1782950400.0,0.23,8.84195688840645,6.8239271157994175,8.130000114440918,10.766276,1.35294,17.0,,,0.63251,0.15617,False,False,,0.5,252778425.0,258508704.0,0.6203472449698194,-4.03,-2.0,8.73,,-0.0805202720337902,0.2054324349135978,40.95881161377448,-0.032561447786311426,0.03658795853325447,True,0.42857271161744953,,0.511,Asia,True,,57.58982903327836,57.27311254374636,34.24357893747477,91.10589942644467,15.678524374176547,67.53164556962025,,50.0,,50.0,55.96138493537661,standard,144,268132459,False,38.0,False,28.17195325542571,13.772954924874792,42.40400667779633,50.04173622704508,50.04173622704508,50.04173622704508,2,SVAG,-8,VARNING,False,2,0.2857142857142857,LÅG,VÄNTA,-10.7,True,0.75,SUSPICIOUS_FWD_PE;,2026-07-13,0
SLM,SLM Corporation,Financial Services,Credit Services,United States,USD,4707280982.537956,-14.448698975,-8.401579400000001,0.51,-2.52577955,2.8298597,3.557,,0.136475,-0.0009250000750000032,0.19497499600000007,0.32874998,0.5203,-0.0375,-0.033,0.011,187.56525000000002,-0.4660000000000001,1.279,,5203270144.0,6169181184.0,5924007424.0,29746295000.0,,1984393000.0,,,,,744847000.0,-398581000.0,2.1,0.1444,0.52,2.01,0.13,1780531200.0,0.955,33.13924841861383,17.54623391365214,24.959999084472656,28.45455,2.09091,11.0,6.43,0.12100001,0.01298,1.131,False,False,,0.5,2985173.0,3616490.0,0.25,11.56,13.21,,,-10.18,0.4229,63.7,7.88,,False,0.649675479573001,,0.464,US,True,,83.24177665689244,39.805701185711335,28.576844588135813,28.797185742746397,93.14888010540184,67.53164556962025,,50.0,15.269461077844312,50.0,55.83107182747119,standard,147,90267587,False,50.8,False,28.17195325542571,89.39899833055091,52.504173622704506,50.04173622704508,50.04173622704508,50.04173622704508,1,SVAG,-8,UPPTREND,False,2,0.2857142857142857,LÅG,VÄNTA,-8.1,True,0.875,SUSPICIOUS_FWD_PE;,2026-07-13,0
MRK,"Merck & Co., Inc.",Healthcare,Drug Manufacturers - General,United States,USD,305122110490.2918,3.5982503749999983,-6.601085500000002,6.1793,0.9416422499999992,4.6393704,5.3,-4.91225,0.023374999999999993,0.055955000075,0.007520016000000004,0.19876499,0.28755995999999995,-0.035500000000000004,,,50.16000000000001,-0.8210000000000003,0.696,12949396736.0,5702000128.0,49116999680.0,348590112768.0,136866000000.0,,,,,,,,16472000000.0,2.72,0.9352,3.4,3.01,0.85,1781481600.0,0.205,130.2899932861328,74.18001712198526,123.54000091552734,132.07407,1.86207,27.0,2.48,0.0127,0.00058,0.82238996,False,False,,0.766,10437062.0,10751010.0,0.28,3.1,3.63,,,-4.58,0.276,62.6,4.79,,False,0.5459814433956374,,0.928,US,True,,74.26285100530967,34.620422045586935,55.39397440761563,54.32379074695294,27.66798418972332,67.53164556962025,88.55325914149444,50.0,87.57485029940119,76.6,55.81220947755078,standard,149,1328179785,False,52.8,False,87.56260434056762,23.53923205342237,32.30383973288814,50.04173622704508,50.04173622704508,50.04173622704508,4,NEUTRAL,0,UPPTREND,False,2,0.2857142857142857,LÅG,VÄNTA,8.4,True,0.875,EXTREME_EARNINGS_GROWTH;SUSPICIOUS_FWD_PE;,2026-07-13,0
1398.HK,Industrial and Commercial Bank of China Limited,Financial Services,Banks - Diversified,China,HKD,578048323459.2798,-6.212126750000001,-4.1503909000000005,1.0483,-0.8632540499999997,3.5302474,5.562,,-0.027530002500000005,-0.0006299996999999981,0.290277495,0.2901400300000001,-0.370865,-0.028499999999999998,-0.09000000000000001,0.033,,,,,4014556053504.0,5242882097152.0,3745286717440.0,53477773000000.0,,833496000000.0,,,,,368562000000.0,1890530000000.0,5.26,0.3034,0.35,7.49,0.19441,1777852800.0,0.125,7.289999961853027,5.273010173300673,6.659999847412109,8.300667,1.5,16.0,,,0.0,0.49289,False,False,,0.5,200879444.0,207941856.0,0.6571420757142833,-3.9,-0.01,9.77,,-0.08641976923697814,0.19844130701847498,42.276420557961494,-0.02445418906178376,0.06082557417700141,False,0.40360834014564484,,0.15,Asia,True,,56.36333808814296,58.99053780130074,24.929282382786923,94.34134875775966,21.870882740447957,67.53164556962025,,50.0,,50.0,55.75058940212746,standard,150,176685050,False,38.6,False,28.17195325542571,18.781302170283805,41.151919866444075,50.04173622704508,50.04173622704508,50.04173622704508,1,SVAG,-8,VARNING,False,2,0.2857142857142857,LÅG,VÄNTA,-10.8,True,0.75,SUSPICIOUS_FWD_PE;,2026-07-13,0
AVB,"AvalonBay Communities, Inc.",Real Estate,REIT - Residential,United States,USD,27216737197.408966,-11.159807625,12.9859715,7.17,-1.9128452200000006,8.847358,11.854,-1.8287499999999994,-0.008465,-0.010359999424999993,0.11209750450000004,-0.08659001,0.14756999999999998,-0.031999999999999994,0.20800000000000002,0.377,-9.002249999999997,-0.3280000000000002,0.052,292182016.0,124626000.0,9524757504.0,36274573312.0,22192137000.0,,3040725000.0,,,919756000.0,,1051301000.0,1671105000.0,3.76,0.8711,7.12,3.37,1.78,1782777600.0,0.78,198.6300048828125,157.11803610789784,191.83999633789062,196.77779,2.5,18.0,2.36,0.0293,0.00402,0.96675,False,False,,0.5,1099175.0,968970.0,0.5,6.41,15.7,,,-0.53,0.2209,74.4,5.17,,True,0.7402698746095295,,0.063,US,True,,51.29026175667686,55.8364338463273,42.23206198426438,58.32495087435012,71.40974967061923,67.53164556962025,60.89030206677265,50.0,60.778443113772454,50.0,55.656560920767745,standard,153,185887201,False,53.3,False,75.95993322203672,64.77462437395658,13.939899833055092,50.04173622704508,50.04173622704508,50.04173622704508,4,NEUTRAL,0,UPPTREND,False,1,0.14285714285714285,LÅG,VÄNTA,6.6,True,0.875,,2026-07-13,0
UCG.MI,UniCredit S.p.A.,Financial Services,Banks - Regional,Italy,EUR,124312075632.70187,-4.030279,-2.5416008750000016,1.2644,-0.53446715,4.9036455,5.665,,0.018937504999999993,-0.002429997150000005,0.21004998000000003,0.25508002,-0.37562,0.0015000000000000013,0.068,0.161,,,,,113316003840.0,132993998848.0,144245866496.0,870238000000.0,,25039000000.0,,,,,10915000000.0,8525000000.0,3.84,0.3994,3.15,4.04,1.7208,1776643200.0,1.061,83.5199966430664,54.35079195468852,82.97000122070312,86.15706,2.0,17.0,,,0.0,0.54367,False,False,,0.5,5642774.0,4578936.0,0.7,10.73,20.51,18.48,,-0.48,0.3659,62.7,9.79,,True,0.8973010234882204,,0.781,Europe,True,,58.970187404786564,65.18800157327708,53.838525959640876,40.35215326287722,40.05270092226614,67.53164556962025,,50.0,,50.0,55.5444326023194,standard,155,432753507,False,39.2,False,28.17195325542571,34.390651085141904,30.133555926544243,50.04173622704508,50.04173622704508,50.04173622704508,3,SVAG,-8,UPPTREND,False,2,0.2857142857142857,LÅG,VÄNTA,-2.5,True,0.75,SUSPICIOUS_FWD_PE;,2026-07-13,0
KIMBERA.MX,"Kimberly-Clark de México, S. A. B. de C. V.",Consumer Defensive,Household & Personal Products,Mexico,MXN,59515363657.66191,-2.204606,0.947683375,2.41,42.006911949999996,2.0448153,2.238,-0.17912499999999953,2.763937505,0.0695800014999999,0.08169249275000001,0.11355750800000014,0.090195,0.0,0.069,0.102,1117.129375,0.36187499999999995,1.353,2185612416.0,20361144320.0,31308175360.0,125051142144.0,45633156000.0,,55371444000.0,,,12091264000.0,,7581467000.0,9812087000.0,5.72,0.5907,2.2,5.14,0.55,1790726400.0,0.246,42.79674829699097,32.073559849299954,38.130001068115234,43.125,2.41667,12.0,,,0.0,0.37803,False,False,,0.5,4199376.0,2861632.0,0.14,3.88,-4.79,,,-9.98,0.2565,67.9,1.66,,True,0.5695065372549745,,0.512,LatAm,True,,80.7164043500949,19.366555799838398,45.495039712243624,57.71061285843296,55.86297760210803,67.53164556962025,73.60890302066773,50.0,,50.0,55.535331208959796,standard,156,5673930,False,62.4,False,92.98831385642737,48.330550918197,62.687813021702844,50.04173622704508,50.04173622704508,50.04173622704508,4,NEUTRAL,0,UPPTREND,False,2,0.2857142857142857,LÅG,VÄNTA,8.9,True,0.875,SUSPICIOUS_FWD_PE;,2026-07-13,0
2388.HK,BOC Hong Kong (Holdings) Limited,Financial Services,Banks - Regional,Hong Kong,HKD,479369858873.71826,0.0009332499999992194,1.3509505000000006,2.5144,-0.04892004999999955,6.9748855,-0.799,,0.00031000249999999646,0.0018899998000000001,0.322577495,0.32499003000000004,-0.370865,-0.0895,-0.14500000000000002,-0.012,,,,,689727012864.0,150518005760.0,-54892142592.0,4489809000000.0,,88921000000.0,,,,,40121000000.0,-87083000000.0,7.82,0.6032,3.54,5.6,1.255,1782691200.0,0.223,48.000326059395796,33.134152626360375,45.34000015258789,48.31583,,12.0,,,0.0,0.7697,False,False,,0.5,13195299.0,16923250.0,1.2,,,,,,0.2394,43.8,,,True,0.5395237451996615,,0.5,Asia,True,,60.9587100266905,,23.525813624956108,86.46451039482272,22.92490118577075,67.53164556962025,,50.0,,50.0,55.44181265284937,standard,158,97892396,False,35.5,False,28.17195325542571,20.03338898163606,19.61602671118531,50.04173622704508,50.04173622704508,50.04173622704508,1,SVAG,-8,UPPTREND,False,3,0.42857142857142855,LÅG,VÄNTA,-7.4,True,0.75,SUSPICIOUS_FWD_PE;,2026-07-13,0
ECL,Ecolab Inc.,Basic Materials,Specialty Chemicals,United States,USD,77201120486.51672,10.201585374999997,10.854796499999999,2.5424,3.0015439999999995,4.6924214,5.226,5.257749999999998,0.0718,0.022424997075,0.015584993000000005,0.013800000000000007,-0.03595999999999999,0.0,-0.34199999999999997,0.075,37.88725000000001,-0.9200000000000002,0.682,486571392.0,519800000.0,9266499584.0,85975924736.0,24696300000.0,,16081200000.0,,,2892500000.0,,2075600000.0,2952600000.0,1.07,0.3735,2.92,1.06,0.73,1781568000.0,0.895,307.60498613603636,242.48911386784812,274.30999755859375,319.4,1.73077,20.0,1.9,0.0147,0.00158,0.93788004,False,False,,0.618,1670247.0,1519970.0,0.3899616101524488,4.02,0.95,2.62,,-0.10823943069218689,0.2146608945171223,56.73852161909004,0.045403984593482605,0.01800793669026901,False,0.48540219805480156,,0.502,US,True,58.58707905766728,60.692980419254,54.50206110015616,33.90640972414679,50.357133759894005,50.988142292490124,67.53164556962025,55.643879173290934,50.0,85.02994011976048,61.8,55.25526668017486,standard,162,416942967,False,50.2,False,65.7762938230384,43.23873121869783,31.636060100166947,50.04173622704508,50.04173622704508,50.04173622704508,4,NEUTRAL,0,UPPTREND,False,2,0.2857142857142857,LÅG,VÄNTA,2.1,True,0.875,,2026-07-13,0
BMY,Bristol-Myers Squibb Company,Healthcare,Drug Manufacturers - General,United States,USD,117582466141.40413,-15.378613624999996,-10.126674500000002,1.5053,0.1498962499999994,2.4252808,3.167,-8.62925,0.22125498,0.037065000075,0.021720006,0.14312501000000002,0.24010999999999993,-0.05850000000000001,-0.021000000000000005,0.09,174.19100000000003,-0.7000000000000003,1.178,8751896832.0,10485999616.0,46428999680.0,153559465984.0,90038000000.0,,48195000000.0,,,13724000000.0,,7054000000.0,14156000000.0,4.35,0.7003,2.52,3.96,0.63,1782950400.0,0.235,61.553327951774804,40.99242480961215,57.58000183105469,63.0,2.5,24.0,2.89,0.0199,0.00083,0.83789,False,False,,0.643,11488304.0,11929000.0,0.4,4.72,2.63,,,-3.48,0.27,66.6,4.6,,True,0.7411142543645082,,1.0,US,True,,78.42894447856251,34.412781629930286,50.25066235429213,47.41119908008754,41.63372859025033,67.53164556962025,93.79968203497614,50.0,78.44311377245509,64.3,55.24688357409137,standard,163,686871842,False,59.9,False,93.82303839732889,35.64273789649416,57.011686143572625,50.04173622704508,50.04173622704508,50.04173622704508,3,SVAG,-8,UPPTREND,False,2,0.2857142857142857,LÅG,VÄNTA,-1.1,True,0.875,SUSPICIOUS_FWD_PE;,2026-07-13,0
NTAP,"NetApp, Inc.",Technology,Software - Infrastructure,United States,USD,33084997115.84973,-10.543689625000003,-5.948455000000001,1.8913,17.286502949999996,4.8585305,4.655,-4.568249999999999,0.8874899999999999,0.030284999075,0.073685015,0.1288275,0.22773999999999994,-0.004500000000000004,0.032,0.188,154.79575,-0.3420000000000002,1.211,195396480.0,3584000000.0,2732999936.0,32233998336.0,10744000000.0,,6925000000.0,,,1695000000.0,,1276000000.0,2067000000.0,1.21,0.32759997,2.08,2.29,0.52,1783641600.0,1.451,192.24610634817552,92.93030836511167,168.8699951171875,175.6875,2.4,16.0,4.61,0.0888,0.00556,1.05889,False,False,,0.1,3154590.0,3052250.0,0.39,1.62,65.72,,,-9.95,0.527,56.0,11.07,,True,0.9498557025973227,,0.893,US,True,,81.16345698777847,54.860289005393014,55.93940003192323,20.929454539891065,67.85243741765481,67.53164556962025,56.75675675675676,50.0,21.25748502994012,10.0,55.198238362067535,standard,164,515433443,False,53.8,False,70.36727879799666,61.101836393989984,30.30050083472454,50.04173622704508,50.04173622704508,50.04173622704508,4,NEUTRAL,0,UPPTREND,False,2,0.2857142857142857,LÅG,VÄNTA,6.4,True,0.875,SUSPICIOUS_FWD_PE;,2026-07-13,0
2308.TW,"Delta Electronics, Inc.",Technology,Electronic Components,Taiwan,TWD,4883381458520.0,52.66525099999999,11.3449225,1.6791,11.97059905,8.202974,8.141,21.053000000000004,0.1193550075,0.04935999895000002,0.0008675080000000064,0.03964750000000006,-0.015884979999999993,0.21050000000000002,0.808,1.009,13.56975,0.15900000000000003,1.383,23290105856.0,164034822144.0,69202780160.0,4846265040896.0,639618600000.0,,554885168000.0,,,84350955000.0,,60108399000.0,98474281000.0,0.62,0.3033,11.6,1.89,11.6,1781654400.0,1.442,2571.553237672836,455.61755737937176,1880.0,2677.7368,1.52632,19.0,,,0.25931,0.38811,False,False,,0.5,10982768.0,9105672.0,1.09,,,,,,0.6433,37.0,,,False,0.22764091040293793,,0.526,Asia,True,45.36291371585489,65.30652847211864,,73.81643075969724,41.08060028106678,11.725955204216074,67.53164556962025,53.89507154213037,50.0,,50.0,55.17274664933426,standard,165,531751105,False,41.7,False,61.85308848080133,9.432387312186979,15.442404006677796,50.04173622704508,50.04173622704508,50.04173622704508,6,NEUTRAL,0,UPPTREND,False,3,0.42857142857142855,LÅG,VÄNTA,11.9,True,0.875,,2026-07-13,0
TJX,"The TJX Companies, Inc.",Consumer Cyclical,Apparel Retail,United States,USD,167185966812.0915,-1.001571124999999,6.9889794999999975,3.2244,10.634888949999999,2.7113547,2.854,1.8867499999999975,0.42599000000000004,0.06365499007499999,0.006105003000000012,0.007039999999999991,-0.16618002000000004,0.019000000000000003,0.186,0.286,58.20774999999999,-0.28400000000000014,0.489,3214396672.0,5580000256.0,14179999744.0,175785967616.0,35767000000.0,,60372000000.0,,,7178000000.0,,5494000000.0,6874000000.0,1.27,0.3307,1.92,1.33,0.48,1786579200.0,0.623,170.0,118.3926794663703,151.33999633789062,177.63158,1.38095,19.0,2.62,0.0153,0.00154,0.9394,False,False,,0.5,5781791.0,6837540.0,0.27,-10.25,-4.86,,,-10.28,0.228,27.0,-3.43,,False,0.2385694743055193,,0.985,US,True,78.31464084405262,63.1048663917194,18.852622282353384,67.25513130449788,57.18879711079271,34.91436100131752,67.53164556962025,74.0858505564388,50.0,83.8323353293413,50.0,55.165760210101446,standard,166,1034793279,False,54.2,False,76.37729549248748,29.716193656093488,54.00667779632721,50.04173622704508,50.04173622704508,50.04173622704508,5,NEUTRAL,0,VARNING,False,4,0.5714285714285714,MEDEL,VÄNTA,6.6,True,0.875,,2026-07-13,0
IOT,Samsara Inc.,Technology,Software - Infrastructure,United States,USD,13688646744.259186,329.179511375,17.636590999999996,,6.56687095,12.364022,11.939,-16013.79425,-0.136200002,-0.07118500102499999,-0.07734499499999999,-0.1287325,0.28328,0.1755,,,-42.921249999999986,-0.15700000000000014,1.202,-857173312.0,804318976.0,69020000.0,20661815296.0,2540674000.0,,1618635000.0,,,-52576000.0,,-9117000.0,236210000.0,,0.0,,,,,1.35,47.470001220703125,23.3799991607666,36.720001220703125,44.78,1.59091,20.0,5.48,0.13340001,0.03867,1.02747,False,False,,0.714,6242627.0,6181880.0,0.36,17.14,42.12,,,-1.97,0.658,73.5,16.64,,True,0.8377796094328492,,1.0,US,True,,27.995766038547167,61.981133848206404,88.8999931017832,24.14610666496183,81.94993412384717,12.658227848101266,23.84737678855326,50.0,14.37125748502994,71.39999999999999,55.16293685150231,standard,167,226998641,False,42.4,False,28.17195325542571,76.37729549248748,9.348914858096828,50.04173622704508,50.04173622704508,50.04173622704508,3,SVAG,-8,UPPTREND,False,2,0.2857142857142857,LÅG,VÄNTA,-7.2,True,0.875,EXTREME_EARNINGS_GROWTH;,2026-07-13,0
IMO.TO,Imperial Oil Limited,Energy,Oil & Gas Integrated,Canada,CAD,82583130006.68098,3.8536155000000054,2.7460677500000017,5.19,0.7863321999999996,1.7620364,1.83,2.516749999999999,-0.0009587464999999996,0.00512625237500005,-0.0388425,-0.06793376,-0.23407001000000002,-0.052500000000000005,-0.515,-0.27,-19.517249999999994,-0.16475,0.928,2888390400.0,1029000000.0,4216000000.0,85770125312.0,42309000000.0,,45203000000.0,,,4114000000.0,,3268000000.0,6708000000.0,2.04,0.5136,3.48,2.22,0.87,1780531200.0,0.818,190.81036869942162,105.78087913746846,170.77000427246094,152.625,3.82353,16.0,4.13,0.0269,0.69606,0.28474,False,False,,0.5,657109.0,532460.0,0.84,3.19,0.65,32.8,,-7.05,0.3058,72.3,2.75,,True,0.9158149107232133,,0.702,Canada,True,85.54054054054053,37.71474424540646,46.460510803623386,23.887656589540747,51.92794296008609,49.538866930171274,67.53164556962025,86.48648648648648,50.0,64.97005988023952,50.0,55.162615826124,standard,168,64274747,False,59.9,False,83.7228714524207,42.15358931552588,67.36227045075125,50.04173622704508,50.04173622704508,50.04173622704508,5,NEUTRAL,0,UPPTREND,False,2,0.2857142857142857,LÅG,VÄNTA,12.7,True,0.875,,2026-07-13,0
EGIE3.SA,Engie Brasil Energia S.A.,Utilities,Utilities - Renewable,Brazil,BRL,38358397004.49164,0.6644350000000028,-1.3966288749999998,1.38,0.9662569750000001,2.8704696,4.937,-0.6101250000000005,0.062042505000000005,0.018670001499999908,0.09001749125,0.2901750000000001,0.161955,0.052000000000000005,-0.08199999999999999,-0.022,42.369375000000005,0.512875,1.407,-3060735488.0,6536088064.0,32421304320.0,65441054720.0,55312909000.0,,12860075000.0,,,5560612000.0,,2582841000.0,3345511000.0,5.61,0.598,1.83,5.31,0.48829,1777939200.0,0.294,38.813228805087284,26.720942174643397,33.58000183105469,34.23857,3.71429,14.0,,,0.68711996,0.19004999,False,False,,0.5,2413388.0,2106360.0,0.54,-7.53,-11.06,,,-13.77,0.2804,39.8,-2.06,,False,0.515444305863023,,0.531,LatAm,True,,76.10619540902185,11.105097995001596,39.94524385372045,68.74244462306825,65.21739130434783,67.53164556962025,22.098569157392685,50.0,,50.0,55.162239921790814,standard,169,13783532,False,46.3,False,28.17195325542571,59.18196994991652,52.17028380634391,50.04173622704508,50.04173622704508,50.04173622704508,4,NEUTRAL,0,VARNING,False,3,0.42857142857142855,LÅG,VÄNTA,3.7,True,0.875,SUSPICIOUS_FWD_PE;,2026-07-13,0
NESN.SW,Nestlé S.A.,Consumer Defensive,Packaged Foods,Switzerland,CHF,213905824619.75098,1.4489047499999952,1.5034221249999988,2.2969,2.9628953749999996,2.3840644,2.957,4.608000000000001,0.07142250500000001,0.001520002999999992,0.02884001,0.025947498000000013,0.08263999999999999,-0.057999999999999996,-0.304,-0.243,82.14050000000002,-0.19899999999999995,0.447,5653192736.0,6230000128.0,57851998208.0,265776218112.0,127151000000.0,,89885000000.0,,,13981000000.0,,9033000000.0,15904000000.0,3.72,0.8689,3.1,3.1,3.1,1776643200.0,0.503,85.58000183105469,67.15778239946611,83.16000366210938,88.19091,2.18182,22.0,,,0.00018999999,0.47749,False,False,,0.5,3646354.0,3739283.0,0.78,6.38,12.17,,,-1.13,0.2129,65.3,5.26,,False,0.6104982626041133,,0.5,Europe,True,74.47926000867177,61.91761540509115,49.01647969633764,18.722946166651507,59.81058846346639,30.8300395256917,67.53164556962025,76.7885532591415,50.0,,50.0,55.13192866662672,standard,170,382107141,False,54.9,False,78.96494156928213,26.37729549248748,57.595993322203675,50.04173622704508,50.04173622704508,50.04173622704508,4,NEUTRAL,0,UPPTREND,False,3,0.42857142857142855,LÅG,VÄNTA,8.0,True,0.875,SUSPICIOUS_FWD_PE;,2026-07-13,0
WALMEX.MX,"Wal-Mart de México, S.A.B. de C.V.",Consumer Defensive,Discount Stores,Mexico,MXN,852678987753.1691,0.0,1.676606375,2.01,0.2029271499999996,0.83526266,0.893,0.22887499999999994,-0.018242505,0.022139997499999904,-0.008017497249999998,-0.04336250199999987,-0.06339499999999998,-0.018999999999999996,-0.05,0.015,-90.527625,-0.12312500000000015,0.361,33413732992.0,28085067776.0,81270472704.0,906037297152.0,495273263000.0,,1010803706000.0,,,78493750000.0,,49890741000.0,82437748000.0,4.1,0.5862,2.01,2.42,0.58,1794873600.0,0.028,62.423591709902254,48.900001525878906,49.310001373291016,63.70556,2.61111,18.0,,,0.71497,0.13124,False,False,,0.5,25895478.0,20636507.0,0.4127845540303026,-4.64,-14.67,-15.06,,-0.21007426803560603,0.2408017871834076,41.405087752410424,-0.06329543815191785,-0.12413302706386942,False,0.1583933283554242,,0.268,LatAm,True,91.03743315508021,47.287921795454764,32.28978066655315,27.80937204800204,73.86384109103527,19.76284584980237,67.53164556962025,88.23529411764706,50.0,,50.0,55.11059854400397,standard,171,52914482,False,59.6,False,86.89482470784641,17.362270450751254,85.30884808013356,50.04173622704508,50.04173622704508,50.04173622704508,5,NEUTRAL,0,NEDTREND,True,3,0.42857142857142855,LÅG,EJ AKTUELL,-6.1,True,0.875,SUSPICIOUS_FWD_PE;,2026-07-13,0
CDNS,"Cadence Design Systems, Inc.",Technology,Software - Application,United States,USD,105960236423.58398,52.578101374999996,17.665375999999995,3.6594,8.59670895,19.254593,19.444,31.691749999999995,0.026709999999999998,0.035934999075,0.10122501500000002,0.1532275,0.38109000000000004,0.057499999999999996,0.027999999999999997,0.227,-0.5072499999999991,-0.30700000000000005,1.211,399298688.0,1546153984.0,3083354112.0,107497431040.0,10153148000.0,,5296759000.0,,,1649781000.0,,1108888000.0,1728781000.0,,0.0,,,,,1.148,416.69000244140625,262.75,384.1700134277344,388.7796,,25.0,2.14,0.022,0.0029300002,0.90950996,False,False,,0.5,2483698.0,2189370.0,0.3,-0.5,32.48,,,-8.3,0.451,44.9,2.2,,False,0.6332094962250896,,0.902,US,True,42.40208122561064,78.61144840210623,52.86994757314392,62.386625369422966,30.636067965155586,43.21475625823452,12.658227848101266,52.78219395866455,50.0,73.50299401197606,50.0,55.096939134796784,standard,172,841090302,False,44.6,False,63.02170283806344,37.228714524207014,5.258764607679465,50.04173622704508,50.04173622704508,50.04173622704508,7,STARK,8,UPPTREND,False,2,0.2857142857142857,LÅG,VÄNTA,16.5,True,0.875,,2026-07-13,0
PZU.WA,Powszechny Zaklad Ubezpieczen SA,Financial Services,Insurance - Property & Casualty,Poland,PLN,59945765078.84216,-6.047253000000001,-1.6328428750000028,1.72,-0.74277745,0.9516652,1.503,-3.8547499999999992,0.031997515000000004,0.013560002849999996,-0.13545,-0.02312000000000003,0.2132,-0.1095,-0.359,-0.226,3.0870000000000033,3.015,4.102,2917317920.0,49941000192.0,46239997952.0,94056120320.0,535483000000.0,,64701000000.0,,,,,6699000000.0,10519000000.0,7.1,0.6123,4.8,6.57,4.8,1789516800.0,0.322,72.72000122070312,53.36000061035156,69.41999816894531,72.41667,1.88889,9.0,,,0.34188,0.32828,False,False,,0.5,1781376.0,1800369.0,1.0573288985498936,7.03,1.97,-0.83,,-0.04537957915790458,0.22242525271197577,62.7571780662784,0.06405803701354862,0.07937495463114708,True,0.9337431818874691,,0.591,Europe,True,,51.60735021174471,57.30564678224997,19.947366323257192,88.90662323814675,55.73122529644269,67.53164556962025,85.21462639109699,50.0,,50.0,55.03055244311223,standard,173,124981613,False,64.6,False,89.89983305509182,48.24707846410685,82.5542570951586,50.04173622704508,50.04173622704508,50.04173622704508,6,NEUTRAL,0,UPPTREND,False,2,0.2857142857142857,LÅG,VÄNTA,1.5,True,0.875,SUSPICIOUS_FWD_PE;,2026-07-13,0
AI.PA,L'Air Liquide S.A.,Basic Materials,Specialty Chemicals,France,EUR,110831950513.31787,10.405411749999997,9.097110624999996,2.1202,1.8035860999999995,4.083315,4.5,4.315000000000001,0.0030225049999999948,0.016099999999999996,0.036340006999999994,0.043589989999999995,0.26613004,-0.134,-0.367,0.056,2.873000000000001,-0.5589999999999998,0.776,938905376.0,3960800000.0,13650599936.0,121231761408.0,51913400000.0,,26940200000.0,,,5234300000.0,,3517900000.0,6518400000.0,1.94,0.5428,3.36,1.83,3.363636,1779062400.0,0.651,186.1775706536632,151.90441981466176,174.3000030517578,190.01605,1.45,20.0,,,0.0014599999,0.30234,False,False,,0.5,932728.0,974199.0,0.6808511655994213,5.62,-5.23,11.88,2.24,-0.06379698456803173,0.19849946870298446,67.39485496726023,0.01064391359112804,0.03968219250625116,True,0.6221836725981339,,0.5,Europe,True,63.3802572626102,66.3054206503724,46.6579848775369,21.580678470257254,67.773534395506,42.29249011857708,67.53164556962025,60.413354531001595,50.0,,50.0,54.96566496717895,standard,176,193419386,False,49.6,False,64.85809682804674,36.39398998330551,36.31051752921536,50.04173622704508,50.04173622704508,50.04173622704508,3,SVAG,-8,UPPTREND,False,4,0.5714285714285714,MEDEL,EJ AKTUELL,-3.4,True,1.0,,2026-07-13,0
UU.L,United Utilities Group PLC,Utilities,Utilities - Regulated Water,United Kingdom,GBp,12921911879391.031,-1.962368249999999,-2.156651499999999,1.0462,1.92696525,3.8303082,7.522,1.5750000000000002,0.1861824975,0.006262499825000004,0.07988002849999998,0.12271997499999998,0.584085,0.15000000000000002,1.089,1.146,349.4715,1.678,2.524,-1155587520.0,1794300032.0,11490599936.0,19680393216.0,18127000000.0,,2616300000.0,,,1100300000.0,,586800000.0,1381900000.0,4.02,0.6113,0.54,4.38,0.3578,1782345600.0,0.579,18783.17490107376,13566.696314505618,17394.720153808594,1500.929,2.28571,14.0,,,0.00053,0.73957,False,False,,0.5,2642762.0,2088626.0,0.6,6.36,-0.23,14.12,,-6.63,0.2912,69.9,1.9,,True,0.8228427316544139,,0.5,UK,True,39.95013730307848,79.47089612610546,40.160680380988246,70.75804527037465,56.103481827291844,7.246376811594203,67.53164556962025,18.75993640699523,50.0,,50.0,54.956556602388886,standard,177,36331064776,False,36.2,False,28.17195325542571,5.592654424040067,38.397328881469114,50.04173622704508,50.04173622704508,50.04173622704508,5,NEUTRAL,0,UPPTREND,False,3,0.42857142857142855,LÅG,EJ AKTUELL,4.9,True,0.875,SUSPICIOUS_FWD_PE;,2026-07-13,0
INVE-A.ST,Investor AB (publ),Financial Services,Asset Management,Sweden,SEK,484990953264.0,-8.978379949999999,,4.91,-1.6825978,4.658689,5.028,-4.5722499999999995,0.063555,0.09730999585,0.51016249,0.31843127100000007,0.41921504000000004,3.5105,,,-37.87700000000001,1.7097499999999999,2.737,125135376064.0,28041000960.0,122116997120.0,1286136791040.0,1102807000000.0,,216578000000.0,,,,,157494000000.0,,1.43,0.0836,5.6,1.73,1.6,1793923200.0,0.778,400.0,274.3024848007919,389.0,380.0,,1.0,,,0.49436,0.27783,False,False,,0.5,378972.0,413500.0,0.49,3.13,5.33,,,-3.43,0.1918,53.6,2.14,,False,0.5381325499938376,,0.5,Nordic,True,,90.46540597099231,38.18497848431892,64.08012278825923,78.89057305099765,22.793148880105402,67.53164556962025,97.61526232114467,50.0,,50.0,54.78847196040126,holding,182,16576972,False,54.7,False,97.53756260434056,19.94991652754591,31.886477462437394,50.04173622704508,50.04173622704508,50.04173622704508,8,STARK,8,UPPTREND,False,4,0.5714285714285714,MEDEL,EJ AKTUELL,12.4,True,0.875,EXTREME_EARNINGS_GROWTH;,2026-07-13,0
COST,Costco Wholesale Corporation,Consumer Defensive,Discount Stores,United States,USD,406337454165.0,17.562263375,21.088247000000003,4.452,18.619195575,1.3802454,1.378,13.82875,0.07568,0.012215005074999992,-0.05972499399999999,-0.09056249900000002,-0.35093999,0.179,0.391,0.456,-39.30225,-0.09200000000000019,0.564,5854521600.0,11125999616.0,10227999744.0,404705705984.0,77099000000.0,,275235000000.0,,,10383000000.0,,8099000000.0,13335000000.0,0.64,0.2701,5.88,0.59,1.47,1784851200.0,0.872,1096.5,841.6871429370814,916.25,1080.3334,1.97297,33.0,2.83,0.0164,0.00161,0.73722,False,False,,0.5,2324985.0,3220670.0,0.7807842429899938,-5.4,-11.09,4.11,,-0.16438668490652075,0.19615108347926066,38.035358860191465,-0.07021026499823779,-0.04060515447551405,False,0.053346177782049774,,0.851,US,True,59.73464373464373,39.484537998317066,45.133349179754,75.88938796338172,63.56793536283314,25.03293807641634,67.53164556962025,70.27027027027027,50.0,82.63473053892216,50.0,54.74473678091319,standard,184,2950938888,False,54.7,False,71.61936560934892,21.452420701168613,73.78964941569282,50.04173622704508,50.04173622704508,50.04173622704508,5,NEUTRAL,0,NEDTREND,True,3,0.42857142857142855,LÅG,EJ AKTUELL,1.1,True,0.875,,2026-07-13,0
GJF.OL,Gjensidige Forsikring ASA,Financial Services,Insurance - Property & Casualty,Norway,NOK,135890244159.12225,5.6585367500000014,1.4397395,1.62,4.203381800000001,2.901868,1.278,-4.69925,0.154065,0.009619999849999998,-0.08684750999999999,-0.19825873900000002,-0.07363502999999999,-0.003500000000000003,0.15899999999999997,0.291,-25.85800000000001,8.19175,9.732,9963675328.0,81469399040.0,5348700160.0,59895050240.0,191899400000.0,,44936300000.0,,,,,6556100000.0,,3.68,0.7675,10.0,4.06,14.5,1774569600.0,0.194,285.9179780691262,240.62403639310895,271.79998779296875,288.03333,2.26667,15.0,,,0.62237,0.26679,False,False,,0.5,343347.0,269074.0,0.5544771916961029,7.09,3.98,-1.29,,-0.049377763411380005,0.2056108025845097,55.10203657954286,0.046866285148591924,0.039557811382139096,True,0.7063851218517369,,0.324,Nordic,True,,42.890795057873724,58.997492404017606,44.793610442955455,93.86843707007591,38.73517786561265,67.53164556962025,99.04610492845786,50.0,,50.0,54.73680046676951,standard,185,7477265,False,58.1,False,93.57262103505843,33.2220367278798,47.996661101836395,50.04173622704508,50.04173622704508,50.04173622704508,7,STARK,8,UPPTREND,False,2,0.2857142857142857,LÅG,EJ AKTUELL,7.9,True,0.875,SUSPICIOUS_FWD_PE;,2026-07-13,0
INVE-B.ST,Investor AB (publ),Financial Services,Asset Management,Sweden,SEK,716613886116.4808,-8.893601649999999,10.560629500000001,5.08,-1.6657996,4.723389,5.092,-4.4902500000000005,0.063555,0.09730999585,0.51016249,0.31843127100000007,0.41921504000000004,3.5105,,,-37.87700000000001,1.7097499999999999,2.737,125135376064.0,28041000960.0,122116997120.0,1302680829952.0,1102807000000.0,,216578000000.0,,,,,157494000000.0,,1.41,0.0836,5.6,1.76,1.6,1793923200.0,0.778,407.6499938964844,274.4538460406749,394.3999938964844,379.2,3.0,5.0,,,0.00254,0.46223998,False,False,,0.5,2876201.0,2535469.0,0.75,3.2,5.94,,,-3.59,0.1945,52.4,2.21,,False,0.5106721423992112,,0.5,Nordic,True,,90.46540597099231,38.45970272657233,64.08012278825923,78.49790289392958,20.28985507246377,67.53164556962025,97.2972972972973,50.0,,50.0,54.65281269862051,holding,186,103056478,False,54.3,False,97.53756260434056,17.779632721202006,31.469115191986646,50.04173622704508,50.04173622704508,50.04173622704508,7,STARK,8,UPPTREND,False,4,0.5714285714285714,MEDEL,EJ AKTUELL,12.5,True,0.875,EXTREME_EARNINGS_GROWTH;,2026-07-13,0
IBE.MC,"Iberdrola, S.A.",Utilities,Utilities - Diversified,Spain,EUR,137417497491.83655,6.865180750000002,2.4529768749999996,3.4869,0.5960738999999997,3.1582463,4.813,2.968000000000001,-0.014092495000000003,0.004810003,0.019875008499999992,-0.0032550100000000026,0.16345000000000004,-0.124,-0.246,-0.146,-51.9875,0.0,0.535,,4872000000.0,59747000320.0,209397972992.0,160762000000.0,,44076000000.0,,,10677000000.0,,6285000000.0,11635000000.0,3.23,0.828,0.68,4.08,0.427,1783296000.0,0.568,21.646720576356632,14.596965154945352,20.899999618530273,20.39045,2.52174,22.0,,,0.00244,0.45275003,False,False,,0.5,12429690.0,13837576.0,0.6,5.24,8.44,17.48,,-1.27,0.1628,57.9,5.97,,False,0.527839013275566,,0.924,Europe,True,,55.66038122657221,53.76021291803571,31.363066342046498,73.85710566850058,38.6034255599473,67.53164556962025,,50.0,,50.0,54.56538666325069,standard,187,329428542,False,41.4,False,28.17195325542571,33.13856427378965,45.57595993322204,50.04173622704508,50.04173622704508,50.04173622704508,2,SVAG,-8,UPPTREND,False,2,0.2857142857142857,LÅG,EJ AKTUELL,-2.9,True,0.875,,2026-07-13,0
ROK,"Rockwell Automation, Inc.",Industrials,Specialty Industrial Machinery,United States,USD,52534658147.03015,14.229932375,9.294699,2.0365,8.74058315,5.9671354,6.386,8.67225,0.08121249500000002,0.029980001075,0.015570005999999997,0.07053003,0.009509999999999963,0.05399999999999999,0.33,0.389,39.210250000000016,-0.3855000000000002,0.616,-125353600.0,423000000.0,4054000128.0,56219660288.0,11219000000.0,,8342000000.0,,,1423000000.0,,869000000.0,1544000000.0,1.18,0.55869997,5.52,1.63,1.38,1786924800.0,1.54,497.3599853515625,301.1794698525613,472.1199951171875,468.8084,2.25,25.0,4.88,0.0434,0.0017,0.90973,False,False,,0.675,803257.0,1133010.0,0.33,0.87,13.54,,,-6.77,0.3616,44.0,1.23,,False,0.5299699046697942,,0.981,US,True,46.019511490099724,66.70467374197318,43.88240599808332,73.22068704675343,35.42336767401798,59.025032938076414,67.53164556962025,44.83306836248013,50.0,46.8562874251497,67.5,54.50036027865535,standard,188,534916676,False,49.2,False,60.434056761268785,53.33889816360601,23.95659432387312,50.04173622704508,50.04173622704508,50.04173622704508,4,NEUTRAL,0,UPPTREND,False,3,0.42857142857142855,LÅG,EJ AKTUELL,8.1,True,0.875,,2026-07-13,0
FRES.L,Fresnillo plc,Basic Materials,Other Precious Metals & Mining,Mexico,GBp,25140178768863.203,-0.27261925000000353,-1.0130727499999992,1.56,3.32949845,4.268306,3.938,-3.5850000000000017,0.23170751750000002,0.150062496825,0.18260499699999994,0.3251849950000001,0.18137499999999995,0.207,14.481,14.901,-47.324,2.564,3.846,1142708224.0,2756475904.0,850972992.0,17960804352.0,7279268000.0,,4561231000.0,,,2291228000.0,,1383988000.0,2289707000.0,3.6,0.25100002,0.95,2.16,0.797486,1776902400.0,0.718,54391.81200144534,17570.936133736315,34116.43030166626,3616.6846,2.76923,13.0,,,0.74994004,0.1491,False,False,,0.5,1139551.0,851877.0,0.3326413243066825,-6.6,-23.92,-21.41,74.54,-0.3727653290763747,0.5597450302777608,35.171588149802034,-0.13576714738177986,-0.1285879541652437,False,0.19302379132554937,,0.5,UK,True,,89.40340284215867,38.94294759581512,78.04994406099527,55.931868490865725,5.006587615283268,67.53164556962025,94.4356120826709,50.0,,50.0,54.48023757000989,commodity,189,29063002296,False,42.7,False,58.01335559265443,2.5459098497495827,35.058430717863104,50.04173622704508,50.04173622704508,50.04173622704508,7,STARK,8,NEDTREND,True,3,0.42857142857142855,LÅG,EJ AKTUELL,14.0,True,1.0,SUSPICIOUS_FWD_PE;,2026-07-13,0
HEI,HEICO Corporation,Industrials,Aerospace & Defense,United States,USD,19360592971.260956,28.596725375,27.923454,2.724,4.080045149999998,9.978879,10.589,17.980249999999998,-0.018557505000000002,0.018959991075,0.05277000600000001,0.11802001000000001,-0.07909998000000001,0.188,0.416,0.491,-26.168749999999996,1.4415,1.192,-391698560.0,210335008.0,2587290112.0,52005699584.0,8500434000.0,,4485044000.0,,,1018998000.0,,690385000.0,934266000.0,0.07,0.0429,0.25,0.1,0.13,1782864000.0,1.03,369.4800109863281,256.0165208931262,350.9200134277344,386.05,1.82609,20.0,1.35,0.0150999995,0.22848,0.76325995,False,False,,0.695,669593.0,473960.0,0.38,1.38,17.05,,,-5.9,0.3883,59.9,6.78,,False,0.6284123392485178,,0.997,US,True,36.58996964879318,59.01257870228483,47.41346750098652,80.7320284259672,53.10204798278237,77.4703557312253,26.075949367088608,40.06359300476948,50.0,84.13173652694611,69.5,54.453820342976655,standard,190,166322050,False,42.1,False,28.17195325542571,71.20200333889817,12.186978297161936,50.04173622704508,50.04173622704508,50.04173622704508,6,NEUTRAL,0,UPPTREND,False,1,0.14285714285714285,LÅG,EJ AKTUELL,7.5,True,0.875,,2026-07-13,0
SAMPO.HE,Sampo Oyj,Financial Services,Insurance - Diversified,Finland,EUR,25330316408.1363,0.5315347500000023,1.3154035000000004,33.7544,0.21927240000000014,2.3783875,0.869,-7.04625,0.06406500000000001,0.03010999985,-0.07883751999999997,-0.352398731,-0.03876497000000001,-0.1405,,,-20.71800000000001,0.09175000000000005,1.671,-280750016.0,18642999296.0,2424999936.0,9276478464.0,25723000000.0,,10322000000.0,,,,,1998000000.0,1759000000.0,3.74,0.5574,0.36,4.11,0.36,1776902400.0,0.24,9.98901438913238,8.577668915457046,9.600000381469727,10.58067,1.8,15.0,,,0.07637,0.50712,False,False,,0.5,3634688.0,3646952.0,0.5981983173268061,7.0,6.41,-0.15,,-0.0389441833306281,0.1666524250903008,75.39069048372977,0.05670549720363294,0.04272940629220412,True,0.9857569523950647,,0.565,Nordic,True,,43.44283580551111,62.90700972940525,25.219708205428898,81.395863778118,72.99077733860344,67.53164556962025,27.821939586645467,50.0,,50.0,54.42338390049751,standard,192,39880099,False,48.2,False,28.17195325542571,66.2771285475793,57.76293823038397,50.04173622704508,50.04173622704508,50.04173622704508,3,SVAG,-8,UPPTREND,False,3,0.42857142857142855,LÅG,EJ AKTUELL,-10.2,True,0.875,EXTREME_EARNINGS_GROWTH;SUSPICIOUS_FWD_PE;,2026-07-13,0
GMG.AX,GOOD GROUP STAPLED [GMG],Real Estate,REIT - Diversified,Australia,AUD,,0.0,-8.874365500000001,2.72,0.0,,20.157,9.140500000000003,0.036169994999999996,0.020035000650000002,0.30685249649999996,0.19324998999999995,0.5528599999999999,-0.216,-0.229,0.031,-156.11900000000003,2.7419999999999995,2.375,104987648.0,2963399936.0,4179800064.0,62498848768.0,31565300000.0,,2068600000.0,,,503900000.0,,1666400000.0,,1.0,0.35759997,0.3,1.19,0.15,1782691200.0,1.046,36.957314084852634,24.444910328485406,29.969999313354492,34.90357,1.5,14.0,,,0.02533,0.54982,False,False,,0.5,4234510.0,3683567.0,0.57,-6.24,5.85,-1.92,,-8.07,0.305,29.2,-3.31,,False,0.06253895414717084,,0.5,Australia,True,49.905188611070955,83.02533225072504,36.46353996252264,21.18676756304574,61.95873570924693,,67.53164556962025,51.03338632750397,50.0,,50.0,54.372511067345556,standard,193,76462460,False,44.6,False,28.17195325542571,50.04173622704508,50.04173622704508,50.04173622704508,50.04173622704508,50.04173622704508,4,NEUTRAL,0,VARNING,False,3,0.42857142857142855,LÅG,EJ AKTUELL,0.1,True,0.875,SUSPICIOUS_FWD_PE;,2026-07-13,0
RNR,RenaissanceRe Holdings Ltd.,Financial Services,Insurance - Reinsurance,Bermuda,USD,13428981168.251709,-16.089280375,-8.0124054,3.62,-3.4234934500000005,1.1588999,-0.587,,0.06084501000000002,0.028994999925,-0.012185003999999958,-0.10430997000000003,-0.02177000000000001,-0.4285,0.8759999999999999,0.726,-52.94475,-0.4049999999999999,1.195,1423445248.0,30354900992.0,2332781056.0,-6800015360.0,53800390000.0,,12776742000.0,,,,,2682334000.0,3693107000.0,0.53,0.0271,1.64,0.75,0.41,1781481600.0,0.172,329.57000732421875,230.3863204823629,314.989990234375,331.86667,2.64706,15.0,4.39,0.0506,0.02258,0.97919,False,False,,0.347,369190.0,394770.0,0.19,7.53,4.14,,,-1.88,0.2427,64.0,6.56,,False,0.597489913402242,,1.0,US,True,,51.57597980587466,39.68994870060319,65.42600746185951,66.40622807929954,82.21343873517787,67.53164556962025,,50.0,40.26946107784431,34.699999999999996,54.3405167152988,standard,194,124348598,False,70.1,True,97.53756260434056,76.79465776293823,78.04674457429049,50.04173622704508,50.04173622704508,50.04173622704508,5,NEUTRAL,0,UPPTREND,False,3,0.42857142857142855,LÅG,EJ AKTUELL,5.1,True,0.875,SUSPICIOUS_FWD_PE;,2026-07-13,0
FRO.OL,Frontline plc,Energy,Oil & Gas Midstream,Cyprus,NOK,81435450078.63544,-9.454054999999999,-5.360312,,0.19732714999999956,34.765667,37.129,60.36124999999999,0.220755002,0.038377500749999995,0.30729251999999996,0.3352262410000001,0.10973499999999997,0.6205,15.512,15.797,51.16524999999999,0.7222499999999998,1.0,-615036384.0,471672000.0,2631087104.0,83594395648.0,5753627000.0,,1965104000.0,,,592823000.0,,379081000.0,682460000.0,17.1,0.4335,60.14,10.92,1.55,1781136000.0,0.027,424.6000061035156,178.22665561562923,365.79998779296875,359.1403,2.71429,6.0,,,0.35786998,0.35830003,False,False,,0.5,965656.0,818581.0,0.72,-0.24,10.85,,,-11.81,0.4444,35.9,3.78,,False,0.41866192706952454,,0.0,Nordic,True,31.267090620031794,86.01228230552823,36.343743540597934,73.62659187253598,61.90442884507651,49.93412384716733,67.53164556962025,40.38155802861685,50.0,,50.0,54.31139051241181,standard,195,30614485,False,36.3,False,28.17195325542571,42.40400667779633,2.5459098497495827,50.04173622704508,50.04173622704508,50.04173622704508,5,NEUTRAL,0,UPPTREND,False,4,0.5714285714285714,MEDEL,EJ AKTUELL,7.9,True,0.875,SUSPICIOUS_FWD_PE;,2026-07-13,0
SHW,The Sherwin-Williams Company,Basic Materials,Specialty Chemicals,United States,USD,82373828649.23901,4.934388374999997,6.8485344999999995,2.5656,13.658139599999998,3.421296,4.023,5.107749999999999,0.45476000000000005,0.03678499707500001,-0.0038049969999999905,-0.013899999999999996,0.010660000000000003,-0.032,-0.345,0.061,275.03925,-1.048,0.468,1040171392.0,216900000.0,14601400320.0,96281763840.0,25901700000.0,,23574300000.0,,,3796700000.0,,2568500000.0,3451600000.0,0.96,0.3045,3.2,0.87,0.8,1779408000.0,1.1,376.951782499269,289.8599853515625,333.989990234375,378.9,2.04167,20.0,2.75,0.032,0.062750004,0.82866997,False,False,,0.5,2299688.0,2946970.0,0.3865730646325858,7.55,-0.26,1.26,,-0.11397158538433838,0.25253420150562156,60.18516817865211,0.05214682113632296,0.005979925711184997,False,0.5371647916012083,,0.662,US,True,65.02139037433155,64.31844776203779,52.67129583620767,32.50692626984534,30.961626743231953,49.670619235836625,67.53164556962025,64.70588235294117,50.0,58.08383233532935,50.0,54.29439432632557,standard,196,984258482,False,53.4,False,72.45409015025042,42.23706176961603,42.904841402337226,50.04173622704508,50.04173622704508,50.04173622704508,4,NEUTRAL,0,UPPTREND,False,3,0.42857142857142855,LÅG,EJ AKTUELL,2.2,True,0.875,,2026-07-13,0
FSV.TO,FirstService Corporation,Real Estate,Real Estate Services,Canada,CAD,9331538689.600159,4.727053000000005,-2.715583249999998,,1.9010744799999992,1.6771997,1.974,0.37049999999999894,0.03556124549999999,0.015803750125000054,-0.21866000249999998,-0.33116878000000005,-0.06551001000000001,-0.003999999999999997,6.069,6.131,0.0,0.91675,1.256,-286657632.0,191419008.0,1366308992.0,10984034304.0,4283713000.0,,5497500000.0,,,350199000.0,,145047000.0,445941000.0,0.86,0.3183,1.73,0.58,0.433,1782777600.0,0.904,288.137469113826,169.2356064365207,202.94000244140625,252.44818,1.7,1.0,5.97,,0.08953,0.77887,False,False,,0.5,146969.0,106860.0,0.40088733956583744,2.04,0.79,-8.25,,-0.2956834004770247,0.2889694440525667,63.28401124842574,0.0671737581291516,-0.031486802171346806,True,0.6729558100365443,,0.928,Canada,True,49.71990171990171,36.50297376230331,40.63377546396789,79.17776182394117,72.0228344058589,86.42951251646905,67.53164556962025,29.72972972972973,50.0,,50.0,54.276605661694965,standard,197,15329381,False,52.1,False,28.17195325542571,82.0534223706177,68.53088480801335,50.04173622704508,50.04173622704508,50.04173622704508,4,NEUTRAL,0,NEDTREND,True,3,0.42857142857142855,LÅG,EJ AKTUELL,-0.9,True,0.875,SUSPICIOUS_FWD_PE;,2026-07-13,0
CAST.ST,Castellum AB (publ),Real Estate,Real Estate - Development,Sweden,SEK,58107812028.75,-0.20700949999999807,-10.767096,0.92,-1.5266774000000003,5.9237237,12.284,-2.1919999999999993,-0.05281499999999999,-0.0059149994999999934,-0.01513500149999997,0.270951231,0.24212505,-0.056999999999999995,653.6379999999999,648.5,2.800499999999996,-0.41424999999999995,0.171,1789625024.0,104000000.0,60651999232.0,121387106304.0,155889000000.0,,9593000000.0,,,6189000000.0,,938000000.0,3921000000.0,1.93,0.407,2.48,3.44,0.62,1766966400.0,1.471,134.1999969482422,100.25,128.25,131.33333,2.75,12.0,,,0.30322,0.48826998,False,False,,0.5,1550829.0,1107485.0,0.64,2.32,8.07,,,-3.87,0.2844,65.8,2.76,,True,0.6305934331425341,,0.531,Nordic,True,,56.4300796197992,40.62047841855046,65.08108088712572,50.265316096104094,56.78524374176548,67.53164556962025,71.2241653418124,50.0,,50.0,54.26318912301833,standard,198,14637783,False,54.6,False,82.8881469115192,51.50250417362271,24.290484140233723,50.04173622704508,50.04173622704508,50.04173622704508,5,NEUTRAL,0,UPPTREND,False,2,0.2857142857142857,LÅG,EJ AKTUELL,7.2,True,0.875,EXTREME_EARNINGS_GROWTH;SUSPICIOUS_FWD_PE;,2026-07-13,0
EVO.ST,Evolution AB (publ),Consumer Cyclical,Gambling,Sweden,SEK,132345245484.0,-12.463202999999998,-8.451383000000002,,28.060409,64.287865,65.704,90.2935,0.08753001000000002,0.05918,0.44595249699999995,0.45450124100000006,0.5514749999999999,-0.088,-0.09,-0.011,-60.80050000000001,0.3067499999999999,1.746,-137939648.0,1097950976.0,88399000.0,135261454336.0,5521787000.0,,2066540000.0,,,1205639000.0,,1062096000.0,1255217000.0,5.05,0.53330004,30.5,2.46,2.8,1747008000.0,0.704,887.5999755859375,515.4000244140625,684.0,676.8419,3.1875,17.0,,,0.40673,0.30326,False,False,,0.5,668719.0,735040.0,0.9849114240276412,-5.71,13.32,11.29,,-0.2293825835805523,0.29131568244282713,44.635190322386286,0.006764750465477087,0.06651199043139489,False,0.5181577842900427,,0.36,Nordic,True,34.49602543720191,91.65523340915809,64.57800962369787,21.546782912472697,63.28677883506169,38.998682476943344,67.53164556962025,46.42289348171701,50.0,,50.0,54.22411081175325,standard,199,51814005,False,35.0,False,28.17195325542571,33.63939899833055,2.5459098497495827,50.04173622704508,50.04173622704508,50.04173622704508,3,SVAG,-8,UPPTREND,False,4,0.5714285714285714,MEDEL,EJ AKTUELL,-7.6,True,0.875,SUSPICIOUS_FWD_PE;,2026-07-13,0
ATCO-B.ST,Atlas Copco AB (publ),Industrials,Specialty Industrial Machinery,Sweden,SEK,260978467786.98438,3.0607664999999997,,2.4686,2.3089756000000006,4.909363,4.999,1.0220000000000011,0.05791249500000002,0.04654500100000001,0.06823749999999999,0.06188126100000001,-0.022175,-0.11599999999999999,-0.118,-0.051,-29.839000000000006,0.18424999999999997,1.185,20445499072.0,20828000256.0,35472998400.0,830537400320.0,202454000000.0,,168343000000.0,,,34811000000.0,,26420000000.0,32566000000.0,1.8,0.5607,3.0,1.62,2.5,1792368000.0,1.072,172.9499969482422,123.33925671519435,167.1999969482422,,,,,,0.00016000001,0.54825,False,False,,0.5,1421074.0,1198148.0,0.54,1.0,6.44,,,-4.11,0.2958,45.6,2.17,,False,0.3660412829226782,,0.5,Nordic,True,84.01849978320566,67.59786364559709,38.73499069846102,22.47401479531017,52.583307586052506,29.117259552042164,67.53164556962025,80.28616852146264,50.0,,50.0,54.126662775385824,standard,201,20645567,False,54.3,False,93.98998330550918,25.125208681135224,29.966611018363942,50.04173622704508,50.04173622704508,50.04173622704508,4,NEUTRAL,0,UPPTREND,False,3,0.42857142857142855,LÅG,EJ AKTUELL,4.4,True,0.875,,2026-07-13,0
ENVA,"Enova International, Inc.",Financial Services,Credit Services,United States,USD,5924844797.508789,-2.101171374999999,-3.5833280000000016,,-0.44838285,3.749401,6.758,,0.07851500000000002,0.026355001925000003,-0.04766500399999997,-0.10578999,0.34851,0.1955,0.15299999999999997,0.249,281.48924999999997,20.947000000000003,21.561,,110445000.0,4864254976.0,10678654976.0,6468432000.0,,3151653000.0,,,406727000.0,,308389000.0,1819121000.0,,0.0,,,,,1.216,246.3800048828125,99.61000061035156,238.08999633789062,241.42857,1.28571,7.0,5.31,0.1155,0.04533,0.97253996,False,False,,0.183,315539.0,500030.0,0.34,23.79,55.73,,,-3.09,0.3976,69.8,24.39,,False,0.7496992994676719,,0.942,US,True,,57.74042947735855,61.22958828945637,73.60271810807606,42.4963595273165,91.699604743083,12.658227848101266,,50.0,16.61676646706587,18.3,54.06985968373495,standard,202,119052141,False,48.6,False,28.17195325542571,88.14691151919867,38.81469115191987,50.04173622704508,50.04173622704508,50.04173622704508,5,NEUTRAL,0,UPPTREND,False,2,0.2857142857142857,LÅG,EJ AKTUELL,5.6,True,0.875,SUSPICIOUS_FWD_PE;,2026-07-13,0
AMAT,"Applied Materials, Inc.",Technology,Semiconductor Equipment & Materials,United States,USD,478360556575.0,17.260906375,13.096888000000002,1.4872,12.400715949999999,16.498512,16.448,29.792749999999995,0.21707002999999997,0.080624999075,0.182565005,0.17519750000000003,0.00985999999999998,-0.0155,0.133,0.313,-17.100249999999996,0.7299999999999999,1.624,1940521472.0,8240999936.0,7267999744.0,477387554816.0,36299000000.0,,28368000000.0,,,8470000000.0,,6998000000.0,7958000000.0,0.36,0.1731,2.12,0.79,0.53,1787184000.0,1.567,739.6699829101562,153.78458584516943,602.5,602.7714,1.48718,35.0,1.63,0.0252,0.0030500002,0.84866995,False,False,,0.5,9279996.0,14953270.0,0.27,3.6,44.86,,,-20.81,0.6537,43.5,11.87,,False,0.46631247238303497,,0.906,US,True,43.19048995519583,81.67455490686464,48.96771708288705,60.827929220727256,32.028076095560465,23.056653491436098,67.53164556962025,53.25914149443561,50.0,67.06586826347305,50.0,54.014177330081615,standard,206,9009345175,False,41.9,False,61.686143572621035,20.11686143572621,6.51085141903172,50.04173622704508,50.04173622704508,50.04173622704508,4,NEUTRAL,0,UPPTREND,False,3,0.42857142857142855,LÅG,EJ AKTUELL,10.1,True,0.875,,2026-07-13,0
MFC.TO,Manulife Financial Corporation,Financial Services,Insurance - Life,Canada,CAD,97475271332.08527,-5.4103177499999955,-1.6284062499999994,0.776,-1.1592383500000003,3.0433443,2.964,-0.9927500000000018,-0.018318748499999992,-0.018941250524999956,-0.041172509999999975,-0.16929875000000003,0.10200999,0.058499999999999996,1.483,1.142,-2.5915,28.253750000000004,8.905,4819015680.0,30281000960.0,23491999744.0,94925471744.0,1025433000000.0,,53014000000.0,,,,,5782000000.0,32105000000.0,3.15,0.5202,1.85,4.56,0.485,1780012800.0,0.782,59.29999923706055,39.52700456455675,58.52000045776367,56.04667,2.13333,15.0,3.04,,0.00017000001,0.54423,False,False,,0.5,6326930.0,5293770.0,0.19,3.96,13.25,16.82,,-0.48,0.2138,65.7,6.27,,False,0.7686828744614,,0.543,Canada,True,,34.578804512745386,59.76806464513091,70.42236121672194,81.34222434075792,45.059288537549406,67.53164556962025,92.36883942766295,50.0,,50.0,53.9221577470231,standard,209,218983395,False,57.7,False,89.64941569282136,38.73121869782972,46.327212020033386,50.04173622704508,50.04173622704508,50.04173622704508,5,NEUTRAL,0,UPPTREND,False,3,0.42857142857142855,LÅG,EJ AKTUELL,7.4,True,0.875,SUSPICIOUS_FWD_PE;,2026-07-13,0
PSA,Public Storage,Real Estate,REIT - Industrial,United States,USD,56283814098.69873,-1.5038226249999989,4.341951499999999,4.6501,7.324744279999999,11.553733,14.496,-0.9307499999999997,0.09609500000000003,0.03529999657500001,0.13002750450000006,0.08272999,0.26797994999999997,-0.024999999999999994,0.133,0.291,17.336750000000002,-0.5150000000000002,0.091,1238669056.0,134608992.0,10032266240.0,70615982080.0,20208604000.0,,4824113000.0,,,2260491000.0,,1784348000.0,3186449000.0,3.76,1.2397,12.0,3.45,3.0,1781481600.0,0.952,330.80999755859375,251.61753365914436,320.55999755859375,330.4375,2.42105,16.0,6.64,0.0508,0.10172,0.87226,False,False,,0.5,968373.0,869480.0,0.52,-0.31,9.28,,,-2.7,0.2499,50.5,3.32,,False,0.43806248253421093,,0.863,US,True,,79.29158051529933,43.670255745344534,58.122046650636804,54.06800181534693,57.44400527009223,30.189873417721518,73.9268680445151,50.0,39.37125748502994,50.0,53.91933577075298,standard,210,278720507,False,51.6,False,79.13188647746243,52.00333889816361,10.10016694490818,50.04173622704508,50.04173622704508,50.04173622704508,6,NEUTRAL,0,UPPTREND,False,1,0.14285714285714285,LÅG,EJ AKTUELL,10.2,True,0.875,,2026-07-13,0
TITAN.NS,Titan Company Limited,Consumer Cyclical,Luxury Goods,India,INR,4066570203318.4863,39.63227025,29.532510499999994,,20.6498472,4.643051,4.952,19.5585,0.1976249825,0.008224996075000008,-0.036169995000000024,-0.05300999999999999,-0.20791996999999998,0.7320000000000001,0.244,0.352,154.012,-0.3994999999999998,0.129,-86479081472.0,38610001920.0,306210013184.0,4337566744576.0,605610000000.0,,873050000000.0,,,75540000000.0,,50730000000.0,55900000000.0,0.33,0.1924,15.0,0.28,15.0,1783555200.0,0.219,4679.7998046875,3292.2971645749917,4584.39990234375,5051.4326,1.80556,37.0,,,0.58747,0.2194,False,False,,0.5,1150236.0,1179469.0,0.64,7.78,3.48,,,0.0,0.2792,79.8,8.13,,True,0.9216792456777829,,0.744,India,True,31.44095967625379,47.468549974259915,71.4007741886991,74.47970667654499,51.433989065898096,12.779973649538867,67.53164556962025,33.227344992050874,50.0,,50.0,53.90516375253117,standard,211,56554308,False,36.0,False,28.17195325542571,10.851419031719532,32.136894824707845,50.04173622704508,50.04173622704508,50.04173622704508,3,SVAG,-8,UPPTREND,False,3,0.42857142857142855,LÅG,EJ AKTUELL,-7.4,True,0.875,,2026-07-13,0
INGA.AS,ING Groep N.V.,Financial Services,Banks - Diversified,Netherlands,EUR,81255370475.53165,-2.518942000000001,-2.570342875000003,2.1316,-0.75077215,3.3011851,9.541,,0.014747514999999989,-0.008039997150000006,0.10613,0.04931001999999998,-0.37562,-0.0335,0.0040000000000000036,0.069,,,,,132432003072.0,284335996928.0,234834591744.0,1054405000000.0,,22903000000.0,,,,,6327000000.0,-6380000000.0,3.82,0.48400003,1.09,5.55,0.736,1776297600.0,0.899,28.829999923706055,18.22764364779281,28.415000915527344,28.6895,2.05,20.0,,,0.00377,0.52246,False,False,,0.5,7607713.0,5947001.0,0.73,7.96,16.67,16.97,,-1.04,0.2778,56.7,6.54,,True,0.7759140773859828,,0.949,Europe,True,,49.6488579216999,59.15472777056811,50.25265389053112,58.23695960114989,50.06587615283268,67.53164556962025,,50.0,,50.0,53.90407440493631,standard,212,192486649,False,42.5,False,28.17195325542571,42.48747913188648,43.989983305509185,50.04173622704508,50.04173622704508,50.04173622704508,2,SVAG,-8,UPPTREND,False,1,0.14285714285714285,LÅG,EJ AKTUELL,-0.9,True,0.75,SUSPICIOUS_FWD_PE;,2026-07-13,0
CFR.SW,Compagnie Financière Richemont SA,Consumer Cyclical,Luxury Goods,Switzerland,CHF,97327974985.60564,9.556055250000002,8.584922624999995,2.381,1.7833217499999998,4.825201,4.618,5.477000000000002,-0.014977495000000007,0.005170006999999997,0.085650007,0.08802999000000002,0.26826999999999995,-0.030999999999999993,-0.379,-0.271,-15.42049999999999,1.854,2.027,2006817824.0,17234999296.0,13514999808.0,103541604352.0,42623000000.0,,22420000000.0,,,4635000000.0,,3484000000.0,4880000000.0,1.79,0.5459,3.3,1.82,4.3,1789516800.0,1.063,190.35000610351562,125.46450898117243,182.1999969482422,192.43668,1.88462,26.0,,,0.0058399998,0.51942,False,False,,0.5,992369.0,1027733.0,0.76,1.88,20.44,,,-3.03,0.3293,58.3,8.16,,False,0.3516132141931782,,0.5,Europe,True,71.82092787975141,65.9900640588101,54.06185993197663,19.45989446768101,58.03354553870377,45.19104084321476,67.53164556962025,75.19872813990462,50.0,,50.0,53.83447626161763,standard,213,230097016,False,52.0,False,76.46076794657763,38.81469115191987,30.38397328881469,50.04173622704508,50.04173622704508,50.04173622704508,5,NEUTRAL,0,UPPTREND,False,3,0.42857142857142855,LÅG,EJ AKTUELL,0.1,True,0.875,,2026-07-13,0
OMF,"OneMain Holdings, Inc.",Financial Services,Credit Services,United States,USD,6845208906.0,-12.555218374999999,-8.868839300000001,0.75,-2.6523261500000004,2.2517135,9.344,,0.06632500000000001,0.003414999924999997,0.007524996000000048,0.001910030000000007,0.45418002999999996,0.028499999999999998,-0.049,0.061,597.6762500000001,,,,834000000.0,22396000256.0,28407207936.0,27388000000.0,,4970000000.0,,,,,783000000.0,3132000000.0,7.14,0.62299997,4.2,8.75,1.05,1778457600.0,1.184,69.2812040118039,44.92300197881704,59.25,68.21429,1.9375,14.0,5.28,0.0504,0.0023100001,0.93147004,False,False,,0.765,1133839.0,1362120.0,0.31,3.91,5.65,,,-7.8,0.3007,52.7,4.8,,False,0.5573357291332677,,0.982,US,True,,65.72258837446107,34.00727211229494,54.711690878783585,29.947656103099323,90.6455862977602,67.53164556962025,,50.0,40.7185628742515,76.5,53.832788239245716,standard,214,80705610,False,51.5,False,28.17195325542571,86.56093489148581,59.432387312186975,50.04173622704508,50.04173622704508,50.04173622704508,2,SVAG,-8,UPPTREND,False,2,0.2857142857142857,LÅG,EJ AKTUELL,-4.6,True,0.875,SUSPICIOUS_FWD_PE;,2026-07-13,0
HSY,The Hershey Company,Consumer Defensive,Confectioners,United States,USD,25741597683.113953,3.7296743749999974,-1.753402000000003,0.9854,1.5489049749999997,2.9376056,3.338,2.186749999999999,0.016499999999999987,0.0039250000749999885,0.0014250060000000064,0.086137498,-0.12935000000000002,0.07,0.8720000000000001,0.941,20.45175,0.07599999999999973,0.609,427387008.0,876976000.0,5681147904.0,40029949952.0,13741297000.0,,11692576000.0,,,1462122000.0,,883259000.0,2277367000.0,3.38,1.0358,5.81,2.33,1.452,1778803200.0,0.098,237.65293938503106,156.60033377917688,173.66000366210938,214.09525,2.47826,21.0,4.28,0.0783,0.00306,0.87526,False,False,,0.466,2148857.0,2179290.0,0.53,-2.42,-10.02,,,-24.75,0.3069,55.4,-3.61,,False,0.2365569256856383,,1.0,US,True,70.79881485763838,53.425044940632596,8.914538587293533,82.29001684604631,70.35651569103602,72.46376811594203,30.189873417721518,64.3879173290938,50.0,23.353293413173652,46.6,53.80881627531744,standard,215,378455509,False,59.4,False,79.29883138564274,65.85976627712856,47.74624373956594,50.04173622704508,50.04173622704508,50.04173622704508,5,NEUTRAL,0,VARNING,False,3,0.42857142857142855,LÅG,EJ AKTUELL,2.1,True,0.875,SUSPICIOUS_FWD_PE;,2026-07-13,0
KPN.AS,Koninklijke KPN N.V.,Communication Services,Telecom Services,Netherlands,EUR,16032592223.830221,1.6499377499999959,0.003962124999997929,2.29,1.0278789499999996,2.751904,3.926,0.0,0.04524750999999999,0.015285001500000003,0.04482500499999999,0.06306998999999999,0.15389999999999998,-0.039,0.17550000000000002,0.17,120.81950000000003,-0.19999999999999973,0.239,-354932176.0,449000000.0,7104999936.0,22872995840.0,12696000000.0,,5797000000.0,,,1435000000.0,,855000000.0,2308000000.0,5.16,0.8333,0.22,4.44,0.109,1776384000.0,0.252,4.796524048236586,3.665803244635766,4.249000072479248,4.584,2.42857,20.0,,,0.00133,0.72120005,False,False,,0.5,11220203.0,10057927.0,0.7640933039601258,-4.28,-9.42,13.34,8.74,-0.11415015754140379,0.17445535126103234,43.12039894955312,-0.04219394545473831,0.0027735884662352106,False,0.3242390091442561,,0.062,Europe,True,,67.68588392249075,47.13463801772825,36.79636429077446,62.182610589345444,79.97364953886694,67.53164556962025,35.453100158982515,50.0,,50.0,53.78192381695703,standard,217,48679952,False,48.7,False,28.17195325542571,74.45742904841403,53.42237061769616,50.04173622704508,50.04173622704508,50.04173622704508,2,SVAG,-8,VARNING,False,3,0.42857142857142855,LÅG,EJ AKTUELL,-7.4,True,1.0,SUSPICIOUS_FWD_PE;,2026-07-13,0
MMM,3M Company,Industrials,Conglomerates,United States,USD,82157277181.09575,-4.345399625000003,-6.410098,1.644,19.003653149999998,3.2831395,3.577,-5.534749999999999,0.5239624949999999,0.017790001075000006,0.0033600059999999987,0.09645999999999999,-0.08256000000000002,-0.052000000000000005,-0.463,-0.415,322.34024999999997,0.11749999999999994,1.06,1222521344.0,5818999808.0,13127999488.0,89514278912.0,37733000000.0,,24948000000.0,,,4791000000.0,,3250000000.0,2306000000.0,2.01,0.5723,3.12,3.88,0.78,1779408000.0,1.081,175.70877631560407,138.62307999597104,157.52000427246094,171.43471,2.27778,17.0,2.43,0.0188,0.00098,0.77468,False,False,,0.488,3886563.0,3266070.0,0.535039984141253,0.72,5.21,-2.37,,-0.10351658252102836,0.26025662188874316,44.334067454157676,0.026669896216965805,0.004138099315175392,False,0.28173822922635217,,0.904,US,True,,66.0010324647178,56.62215010615617,29.30753790921097,43.41178214921012,49.80237154150198,67.53164556962025,68.68044515103338,50.0,80.38922155688623,48.8,53.74747075664349,standard,218,514471360,False,54.1,False,74.29048414023373,42.320534223706176,44.24040066777963,50.04173622704508,50.04173622704508,50.04173622704508,3,SVAG,-8,UPPTREND,False,2,0.2857142857142857,LÅG,EJ AKTUELL,-3.5,True,0.875,SUSPICIOUS_FWD_PE;,2026-07-13,0
KXS.TO,Kinaxis Inc.,Technology,Software - Application,Canada,CAD,4229416099.7506714,-1.9264779999999995,-0.14226275000000044,,1.5778721499999997,7.281927,6.8,15.822000000000003,0.0587462515,0.022808748625000052,0.047167499,0.11172873,0.25611996000000004,0.1175,0.6890000000000001,0.849,-16.699999999999996,-0.18324999999999986,1.625,-473933504.0,327628000.0,47662000.0,3949450240.0,724714000.0,,548030000.0,,,79482000.0,,70699000.0,117800000.0,,0.0,,,,,0.756,212.4499969482422,117.22000122070312,154.80999755859375,209.96786,,10.0,5.25,,0.00236,0.62399,False,False,,0.5,104145.0,71780.0,0.4,-2.84,13.48,-8.68,,-8.68,0.4474,71.7,4.27,,True,0.607554806025494,,1.0,Canada,True,16.061280531868764,73.83907275075946,37.805330790157164,83.4380105377549,42.70343182675402,93.93939393939394,12.658227848101266,9.697933227344992,50.0,,50.0,53.69046809557332,standard,220,7854965,False,45.9,False,28.17195325542571,90.48414023372288,18.113522537562606,50.04173622704508,50.04173622704508,50.04173622704508,4,NEUTRAL,0,UPPTREND,False,2,0.2857142857142857,LÅG,EJ AKTUELL,6.9,True,0.875,SUSPICIOUS_FWD_PE;,2026-07-13,0
6383.T,"Daifuku Co., Ltd.",Industrials,Specialty Industrial Machinery,Japan,JPY,2525063615487.0,6.4009055,23.242900000000006,5.2503,2.701463300000001,3.7728088,3.468,4.399375,,,0.029822501249999994,0.05542501500000002,-0.029325007499999993,0.012999999999999998,0.09,0.156,-25.218874999999997,0.9634999999999997,2.361,,251888992256.0,61326000128.0,2334513692672.0,754211000000.0,,660724000000.0,,,101443000000.0,,78096000000.0,116129000000.0,1.19,0.3852,82.0,1.36,46.0,1798502400.0,1.057,7817.512354907401,3563.7114074925553,6867.0,7486.6665,1.66667,15.0,,,0.06687,0.60828996,False,False,,0.5,1788563.0,1391200.0,0.89,,,,,,0.4366,44.3,,,False,0.24916201662823712,,1.0,Japan,True,,57.948040510788196,,62.989269547141134,48.364548309557904,14.492753623188406,67.53164556962025,,50.0,,50.0,53.67569347496304,standard,221,58839574,False,37.3,False,28.17195325542571,12.687813021702837,38.64774624373957,50.04173622704508,50.04173622704508,50.04173622704508,3,SVAG,-8,UPPTREND,False,2,0.2857142857142857,LÅG,EJ AKTUELL,2.8,True,0.75,,2026-07-13,0
PLTR,Palantir Technologies Inc.,Technology,Software - Infrastructure,United States,USD,291118886539.9761,107.71514137499999,37.141219,1.8568,28.341614949999997,58.182438,56.707,125.10674999999999,0.14601999999999998,0.07906499907500002,0.32615500500000005,0.31807747,0.36103997,0.7175,3.048,3.067,-45.022249999999985,5.129,6.82,653143552.0,8026413056.0,211976992.0,296247361536.0,8900392000.0,,4475446000.0,,,1414015000.0,,1625033000.0,2134473000.0,,0.0,,,,,1.562,207.52000427246094,106.37000274658203,126.79000091552734,183.12444,1.875,27.0,2.05,0.040700004,0.03498,0.62268,False,False,,0.472,43986762.0,49129440.0,0.5,-1.55,-2.51,,,-27.89,0.5618,59.7,-3.03,,True,0.5557977334076704,,1.0,US,True,37.01647636941754,91.56673707757113,15.225585809045983,94.98769117340058,42.25192756405566,28.063241106719367,12.658227848101266,51.19236883942766,50.0,49.700598802395206,47.199999999999996,53.668345583854276,standard,222,6229121743,False,41.7,False,60.76794657762938,23.95659432387312,2.5459098497495827,50.04173622704508,50.04173622704508,50.04173622704508,9,STARK,8,VARNING,False,2,0.2857142857142857,LÅG,EJ AKTUELL,11.3,True,0.875,,2026-07-13,0
ALV.DE,Allianz SE,Financial Services,Insurance - Diversified,Germany,EUR,159907093746.97968,-1.844831000000001,0.31463712499999774,2.9468,0.07304454999999987,1.3868357,1.178,-0.6587499999999995,0.036157505000000006,-0.0043799971500000055,-0.13188999999999998,-0.17458999,-0.13220001,0.025499999999999995,0.391,0.523,,173.285,87.927,,27517999104.0,0.0,136013094912.0,1024276000000.0,,137450000000.0,,,,,10775000000.0,33209000000.0,4.05,0.49740002,17.1,4.8,17.1,1778198400.0,0.66,425.5,319.4020080566406,421.6000061035156,413.8957,2.27778,18.0,,,6.0000002e-05,0.42665002,False,False,,0.5,629890.0,503971.0,0.72,6.66,14.06,16.22,,-0.43,0.1939,77.1,7.41,,True,0.8112986812354425,,0.95,Europe,True,,32.173326898012625,61.52683750192995,71.77396498312946,86.02730125457647,35.96837944664031,67.53164556962025,,50.0,,50.0,53.626263793148944,standard,224,242025475,False,45.2,False,28.17195325542571,30.884808013355592,73.53923205342237,50.04173622704508,50.04173622704508,50.04173622704508,3,SVAG,-8,UPPTREND,False,4,0.5714285714285714,MEDEL,EJ AKTUELL,-5.1,True,0.75,SUSPICIOUS_FWD_PE;,2026-07-13,0
2454.TW,MediaTek Inc.,Technology,Semiconductors,Taiwan,TWD,6264732554625.0,30.874188999999994,14.290363499999998,1.9085,11.71971005,10.585824,10.315,34.373000000000005,0.1307949975,0.033659998950000006,0.051787504,0.015127500000000044,0.099435,-0.1565,-0.379,-0.176,0.7467500000000005,-0.5739999999999998,0.909,64327518208.0,194710732800.0,26086395904.0,6104273649664.0,743784805000.0,,595965682000.0,,,103469109000.0,,105319255000.0,162792872000.0,1.36,0.8178,53.5,6.31,24.500216,1783382400.0,1.898,4940.480971598757,1101.92757445756,3925.0,4841.7827,1.43478,23.0,,,0.081,0.44085997,False,False,,0.5,12560554.0,7594902.0,0.0,-4.97,150.7,183.45,,-0.20554293750677954,0.5545635315043737,34.21835531181267,-0.011502488769736585,0.8431359894719479,False,0.1732801544896194,,0.684,Asia,True,49.939875704581596,70.02952580313122,88.00078547620656,21.145287102391013,34.404206976799834,10.67193675889328,67.53164556962025,64.06995230524643,50.0,,50.0,53.60524660739103,standard,225,925977395,False,42.2,False,66.86143572621035,8.347245409015025,11.185308848080133,50.04173622704508,50.04173622704508,50.04173622704508,5,NEUTRAL,0,VARNING,False,3,0.42857142857142855,LÅG,EJ AKTUELL,13.9,True,0.875,,2026-07-13,0
CCH.L,Coca-Cola HBC AG,Consumer Defensive,Beverages - Non-Alcoholic,Switzerland,GBp,23264650791777.53,1.4855727499999976,4.33917475,2.002,1.942924424999999,1.5364388,1.66,1.2879999999999994,0.08892749749999998,0.009902499824999987,-0.01719498000000004,-0.076197507,-0.03331500000000004,0.037,0.006000000000000005,0.07,-9.8965,0.15699999999999992,0.926,0.0,2671500032.0,3912999936.0,19266709504.0,11599300000.0,,11604500000.0,,,1342500000.0,,940400000.0,1513500000.0,2.12,0.3977,1.04,2.64,1.2,1778716800.0,0.543,66981.90301895142,41210.01673733124,63832.41056442261,4837.764,2.26667,15.0,,,0.46415,0.29081,False,False,,0.5,664009.0,694631.0,0.42,7.19,11.07,27.96,,-4.84,0.2449,62.5,8.84,,False,0.6609822550469381,,0.5,UK,True,61.41769041769042,50.477706588677464,56.08225855017391,42.67080901762451,70.36070843884455,5.138339920948617,67.53164556962025,48.64864864864865,50.0,,50.0,53.551249458247234,standard,226,44339971183,False,47.6,False,56.34390651085142,2.5459098497495827,70.95158597662771,50.04173622704508,50.04173622704508,50.04173622704508,5,NEUTRAL,0,UPPTREND,False,3,0.42857142857142855,LÅG,EJ AKTUELL,3.8,True,0.875,,2026-07-13,0
PLD,"Prologis, Inc.",Real Estate,REIT - Industrial,United States,USD,131338449507.56836,0.9664143749999985,15.370051499999997,109.965,-1.7623323200000003,14.334672,18.162,4.478249999999999,-0.037215,-0.011999997424999994,0.13587750450000002,0.005120010000000008,0.2763,0.02600000000000001,0.457,0.656,-29.37525,-0.17200000000000015,0.317,3754456832.0,871209984.0,35310190592.0,170286481408.0,98724256000.0,,8790127000.0,,,3414302000.0,,3328231000.0,5008434000.0,3.03,1.0302,4.28,2.75,1.07,1781568000.0,1.34,149.0978957023848,100.16504776943994,140.8699951171875,152.35715,2.0,14.0,3.1,0.0161,0.0026699998,0.98042,False,False,,0.1,3699121.0,3942670.0,0.32,-3.09,4.0,,,-4.1,0.2257,45.3,-0.3,,True,0.42740304128695195,,0.668,US,True,75.57175892470009,56.3428843343797,35.751310671401995,64.28709942290777,48.52001856314504,39.130434782608695,30.189873417721518,78.21939586645469,50.0,82.93413173652695,10.0,53.41709505231027,standard,228,555403904,False,49.0,False,80.80133555926544,33.7228714524207,7.929883138564274,50.04173622704508,50.04173622704508,50.04173622704508,5,NEUTRAL,0,VARNING,False,2,0.2857142857142857,LÅG,EJ AKTUELL,1.5,True,0.875,,2026-07-13,0
MDB,"MongoDB, Inc.",Technology,Software - Infrastructure,United States,USD,27514152508.14145,,23.221666,1.67,1.7556739499999994,10.572612,9.662,-335.59324999999995,-0.1896,-0.08618499992499999,-0.12175499499999999,-0.17983249999999998,0.24000003999999997,0.1225,,,-45.501249999999985,3.171,4.553,-582248192.0,2427152896.0,58635000.0,25145634816.0,3758848000.0,,2463797000.0,,,-136968000.0,,-71151000.0,505148000.0,,0.0,,,,,1.549,444.7200012207031,198.47000122070312,342.0799865722656,394.68445,,36.0,1.96,0.0496,0.026700001,0.9385,False,False,,0.477,2046868.0,1639210.0,0.8973846020888614,0.53,49.06,-22.36,,-0.2307969382233832,0.7458906332716645,53.12604231233368,0.048222229433799724,0.026081532155194598,True,0.5315728644045835,,1.0,US,True,,23.995870358343673,56.839152437336416,85.18745904183768,37.3504095130153,71.27799736495388,12.658227848101266,31.4785373608903,50.0,41.31736526946108,47.699999999999996,53.324688591125096,standard,231,560740935,False,41.0,False,28.17195325542571,64.69115191986644,11.268781302170282,50.04173622704508,50.04173622704508,50.04173622704508,3,SVAG,-8,UPPTREND,False,1,0.14285714285714285,LÅG,EJ AKTUELL,-4.8,True,0.75,EXTREME_EARNINGS_GROWTH;,2026-07-13,0
028260.KS,Samsung C&T Corporation,Industrials,Engineering & Construction,South Korea,KRW,63488607961500.0,,5.5413594999999995,,,1.5447599,1.659,0.20250000000000234,-0.059422507500000006,-0.019875000049999994,-0.053377495,-0.06257998999999997,-0.18268499,0.009999999999999995,0.07599999999999998,0.152,-25.52075,0.013499999999999956,0.984,938984409088.0,6695283064832.0,4864112328704.0,68799457918976.0,86532745699420.0,,40742240967140.0,,,3307955495650.0,,2439114193250.0,3023741373860.0,0.72,0.17959999,2800.0,2.12,2800.0,1766966400.0,1.177,565000.0,153491.93623231133,391500.0,534166.7,1.38889,18.0,,,0.48700002,0.30331,False,False,,0.5,675936.0,691385.0,0.667731993152614,-4.51,26.7,53.83,,-0.3070796460176991,0.6765273213215499,32.56445047489824,-0.08702952287673149,0.30454520292862886,False,0.10773927771219546,,0.838,Asia,True,77.32866021101314,25.49631589316893,78.02229373129417,55.60635300467018,30.43346004464014,2.371541501976284,67.53164556962025,68.5214626391097,50.0,,50.0,53.27109056062339,standard,232,197594376,False,51.3,False,71.20200333889817,2.5459098497495827,70.78464106844741,50.04173622704508,50.04173622704508,50.04173622704508,5,NEUTRAL,0,VARNING,False,3,0.42857142857142855,LÅG,EJ AKTUELL,14.6,True,0.625,,2026-07-13,0
7564.T,"Workman Co.,Ltd.",Consumer Cyclical,Apparel Retail,Japan,JPY,488046505440.0,0.0,-2.1346645000000013,,1.0947783000000002,3.034134,2.524,-1.8851249999999995,0.02814999500000003,0.054164995150000006,0.05816749824999999,0.051155009000000015,0.10053502250000002,0.173,0.075,0.183,-41.43837499999999,3.4789999999999996,3.892,-45470375168.0,83742998528.0,1692999936.0,405996503040.0,185257000000.0,,160851000000.0,,,29691000000.0,,20618000000.0,18838000000.0,1.49,0.3523,89.0,1.34,89.0,1806364800.0,0.837,8330.0,5225.007899187613,5980.0,7437.0,2.6,10.0,,,0.76319003,0.059159998,False,False,,0.5,365495.0,560050.0,0.9174247397542905,-17.86,-8.98,-9.33,,-0.28211284513805523,0.3728484023351288,33.64928909952607,-0.16613213598460552,-0.09208341860931313,False,0.10195736390604129,,0.695,Japan,True,,69.3517601985935,34.470492240581216,62.22906800655663,62.78376988858509,22.66139657444005,67.53164556962025,10.333863275039745,50.0,,50.0,53.248647880292374,standard,234,20627229,False,39.5,False,28.17195325542571,19.86644407345576,46.410684474123535,50.04173622704508,50.04173622704508,50.04173622704508,5,NEUTRAL,0,NEDTREND,True,4,0.5714285714285714,MEDEL,EJ AKTUELL,-6.1,True,0.875,SUSPICIOUS_FWD_PE;,2026-07-13,0
BBVA.MC,"Banco Bilbao Vizcaya Argentaria, S.A.",Financial Services,Banks - Diversified,Spain,EUR,124586531238.6254,-3.299234,-2.4797758750000027,2.2102,-0.007745749999999996,3.8339794,4.421,,0.039527494999999996,-0.002169996150000006,0.09509000000000001,0.18116002,-0.37562,0.056499999999999995,0.0,0.108,,,,,160842006528.0,168716992512.0,144159424512.0,859576000000.0,,39415000000.0,,,,,10511000000.0,14968000000.0,4.16,0.4011,0.92,5.04,0.6,1775606400.0,0.883,23.110000610351562,11.896416760839527,22.479999542236328,21.53043,2.43478,23.0,,,0.00103,0.44719002,False,False,,0.5,10023909.0,7919771.0,0.72,8.69,13.34,10.06,,-1.8,0.3367,59.4,9.81,,False,0.7723575483099727,,0.561,Europe,True,,56.053613523689386,54.14363882765674,49.27223498859717,50.985147277348034,39.920948616600796,67.53164556962025,,50.0,,50.0,53.23545696377134,standard,235,202798085,False,40.4,False,28.17195325542571,34.307178631051755,38.230383973288816,50.04173622704508,50.04173622704508,50.04173622704508,2,SVAG,-8,UPPTREND,False,1,0.14285714285714285,LÅG,EJ AKTUELL,-0.2,True,0.75,SUSPICIOUS_FWD_PE;,2026-07-13,0
SYY,Sysco Corporation,Consumer Defensive,Food Distribution,United States,USD,40086048904.218506,-5.902359625000003,-2.7455460000000027,1.6108,11.183175575,0.46938765,0.641,-3.781250000000001,0.60310994,0.008495000074999993,-0.06903499399999999,-0.08981250200000002,-0.29432999000000004,0.011000000000000003,-0.199,-0.152,570.8807500000001,0.1649999999999997,0.763,768521472.0,1902000000.0,15399999488.0,53584048128.0,26774000000.0,,81370000000.0,,,3088000000.0,,1828000000.0,2510000000.0,2.68,0.6,2.2,2.57,0.55,1782950400.0,0.641,90.56248301345241,67.23413987703975,83.83000183105469,87.07143,2.3125,14.0,4.07,0.035099998,0.00141,0.89722,False,False,,0.733,4017218.0,3925250.0,0.6876849886707688,8.81,12.53,17.89,,-0.07434073093377591,0.272323216283849,70.8296686198675,0.09002780141979949,0.08434041122481561,True,0.7730802797665296,,0.698,US,True,,43.57945620690052,73.33101254947407,34.557489516313616,49.70645484971544,64.16337285902503,67.53164556962025,69.9523052464229,50.0,55.38922155688623,73.3,53.21283497559649,standard,236,329053715,False,64.9,False,78.46410684474124,58.43071786310517,93.07178631051754,50.04173622704508,50.04173622704508,50.04173622704508,3,SVAG,-8,UPPTREND,False,2,0.2857142857142857,LÅG,EJ AKTUELL,-4.1,True,0.875,SUSPICIOUS_FWD_PE;,2026-07-13,0
ALFA.ST,Alfa Laval AB (publ),Industrials,Specialty Industrial Machinery,Sweden,SEK,231462736400.0,0.1341745000000003,3.7857935000000005,3.2269,0.5605047999999999,3.3483207,3.557,-1.0749999999999966,0.016722505000000012,0.018845001000000007,0.029597499999999995,0.029041251000000004,-0.08227499999999999,-0.098,-0.112,-0.046,-18.710000000000004,-0.13274999999999998,0.808,3875875008.0,5024000000.0,18990000128.0,245879734272.0,98161000000.0,,69675000000.0,,,11751000000.0,,8272000000.0,9166000000.0,1.61,0.42970002,9.0,1.74,9.0,1776902400.0,0.786,592.2000122070312,392.1520252656869,560.0,561.2353,2.47059,17.0,,,0.29624,0.55631,False,False,,0.5,589487.0,522041.0,0.8964581705359514,5.98,5.16,19.01,,-0.054373541950847204,0.22314017948298365,49.72876323762327,0.02309266068238025,0.1288935024565796,False,0.5003075663491074,,0.271,Nordic,True,,57.36668279321714,69.78736544345085,18.522778937347802,62.152410527844836,30.566534914361,67.53164556962025,72.17806041335453,50.0,,50.0,53.12895895882412,standard,239,30128168,False,51.4,False,73.53923205342237,26.04340567612688,43.73956594323873,50.04173622704508,50.04173622704508,50.04173622704508,4,NEUTRAL,0,UPPTREND,False,3,0.42857142857142855,LÅG,EJ AKTUELL,5.7,True,0.875,,2026-07-13,0
068270.KS,"Celltrion, Inc.",Healthcare,Biotechnology,South Korea,KRW,40178124038400.0,,10.860401,0.85,,8.9973135,9.59,13.887000000000002,-0.03711000250000001,-0.01295000005,0.148542505,0.09925499000000007,0.23600500000000002,0.27549999999999997,2.13,2.185,6.625000000000002,-0.7470000000000001,0.691,11545126912.0,1418676273152.0,3866065371136.0,42825211183104.0,22334900189800.0,,4162495108880.0,,,1156472907540.0,,1029613370420.0,646050776660.0,0.41,0.13,714.29,,714.2857,1766966400.0,0.353,239047.625,158384.92361709222,175200.0,256664.69,1.54167,24.0,,,0.36058998,0.20416,False,False,,0.5,641091.0,635937.0,0.7001431104818231,5.42,-8.93,-12.19,,-0.26709165171584537,0.4155322295575361,54.49664429530202,-0.015324135811383366,-0.04993535833571561,True,0.5739910075238679,,0.74,Asia,True,44.95375054198583,60.19718330363546,33.66537977458176,84.66758225429486,54.133765350673244,3.4255599472990776,67.53164556962025,49.2845786963434,50.0,,50.0,53.06988695166888,standard,241,81333799,False,39.6,False,58.68113522537563,2.5459098497495827,13.689482470784641,50.04173622704508,50.04173622704508,50.04173622704508,5,NEUTRAL,0,NEDTREND,True,3,0.42857142857142855,LÅG,EJ AKTUELL,-4.8,True,0.625,,2026-07-13,0
8316.T,"Sumitomo Mitsui Financial Group, Inc.",Financial Services,Banks - Diversified,Japan,JPY,25974973348990.0,1.821017750000001,3.848916000000001,2.1765,0.29455490000000006,5.931303,-3.658,,-0.03224499999999998,-0.0001549999999999989,0.034727491250000006,2.3788150349999997,-0.2786049975,,,,,,,,110445922877440.0,68240592076800.0,-16017958895616.0,328511145000000.0,,5791563000000.0,,,,,1582973000000.0,-10283139000000.0,1.98,0.3812,135.0,3.78,45.0,1790640000.0,0.384,6970.0,3454.4996605800156,6814.0,6690.0,1.66667,12.0,,,0.053049996,0.4294,False,False,,0.5,13280593.0,10752760.0,1.18,,,,,,0.3716,75.7,,,True,0.8453691765899607,,0.838,Japan,True,,52.1322311218691,,70.56962025316456,62.41164053494799,4.743083003952568,67.53164556962025,,50.0,,50.0,53.06375904769221,standard,242,451268465,False,33.6,False,28.17195325542571,2.5459098497495827,24.207011686143574,50.04173622704508,50.04173622704508,50.04173622704508,3,SVAG,-8,UPPTREND,False,3,0.42857142857142855,LÅG,EJ AKTUELL,3.9,True,0.625,EXTREME_GROWTH;EXTREME_EARNINGS_GROWTH;,2026-07-13,0
207940.KS,"Samsung Biologics Co.,Ltd.",Healthcare,Biotechnology,South Korea,KRW,64575876645000.0,,15.783161,2.0772,,13.412662,13.317,10.642000000000001,0.07283999749999998,0.043439999950000016,0.25487250499999997,0.28011496,0.17774500000000004,0.1735,0.138,0.249,0.0,-0.43599999999999994,0.81,1107641960448.0,1652953972736.0,1194488102912.0,64117410889728.0,11060741976830.0,,4556971695180.0,,,2069221266710.0,,1784352060590.0,2247807426550.0,,0.0,,,,,0.199,1987000.0,1228000.0,1395000.0,2052158.8,1.41667,24.0,,,0.74373,0.16083,False,False,,0.5,63610.0,54981.0,0.7013164231818911,8.48,-12.7,-18.56,,-0.29793658782083543,0.3782360468001144,58.771929824561404,0.006493506493506551,-0.13916631745147212,True,0.6109258824614885,,0.198,Asia,True,63.91964156670039,83.22306645373848,28.542866085411692,52.79041672086027,64.37205698306137,2.2397891963109355,12.658227848101266,73.13195548489666,50.0,,50.0,53.05541228122375,standard,243,55989901,False,42.6,False,73.45575959933221,2.5459098497495827,8.681135225375627,50.04173622704508,50.04173622704508,50.04173622704508,6,NEUTRAL,0,NEDTREND,True,3,0.42857142857142855,LÅG,EJ AKTUELL,-8.5,True,0.625,,2026-07-13,0
7167.T,"Mebuki Financial Group,Inc.",Financial Services,Banks - Regional,Japan,JPY,1444901538341.5,2.5665437499999992,21.671376000000002,,-0.004216199999999892,4.2046466,1.719,,-0.018575004999999974,-0.000174999700000001,0.008497481250000036,0.01624503499999999,-0.2786049975,0.0295,1.11,1.138,,,,,2456853938176.0,1602583003136.0,590666203136.0,21173586000000.0,,341887000000.0,,,,,84163000000.0,-1119492000000.0,2.6,0.3145,40.0,2.91,20.0,1790640000.0,0.137,1585.5,740.1118894707251,1539.5,1536.0,2.0,5.0,,,0.05113,0.40348,False,False,,0.5,2526368.0,2762690.0,1.08,,,,,,0.3678,76.2,,,True,0.8519058381659035,,1.0,Japan,True,,43.18107719260969,,80.52291011373357,69.53247600927688,17.654808959156785,67.53164556962025,,50.0,,50.0,53.05496838036223,standard,244,26195383,False,37.2,False,28.17195325542571,15.275459098497496,35.80968280467446,50.04173622704508,50.04173622704508,50.04173622704508,2,SVAG,-8,UPPTREND,False,3,0.42857142857142855,LÅG,EJ AKTUELL,5.5,True,0.75,,2026-07-13,0
EOAN.DE,E.ON SE,Utilities,Utilities - Diversified,Germany,EUR,49543955691.33568,-4.995092249999999,-1.5493131250000025,1.0105,0.03957119999999992,0.64854616,1.225,-2.275999999999999,0.03979750499999999,0.003780002999999997,-0.07324499150000001,-0.04037500999999999,-0.09750999999999999,-0.21300000000000002,3.154,3.216,3.1514999999999986,0.128,0.896,-3991082208.0,5426999808.0,43249000448.0,94349443072.0,110685000000.0,,78704000000.0,,,6393000000.0,,1734000000.0,7003000000.0,2.96,0.41979998,0.57,4.26,0.57,1776988800.0,0.819,19.790293074469396,14.16573516708632,18.959999084472656,20.16565,2.11765,17.0,,,0.15,0.48389,False,False,,0.5,4154404.0,3981068.0,0.52,4.89,1.31,16.23,,-3.03,0.2504,68.3,4.45,,True,0.7791297754538676,,0.305,Europe,True,,42.74422616877536,45.05122868845297,50.65454855456389,70.5492174371936,60.60606060606061,67.53164556962025,23.211446740858506,50.0,,50.0,52.86245382662618,standard,247,85979088,False,51.1,False,28.17195325542571,54.67445742904842,89.23205342237061,50.04173622704508,50.04173622704508,50.04173622704508,4,NEUTRAL,0,UPPTREND,False,2,0.2857142857142857,LÅG,EJ AKTUELL,-0.2,True,0.875,SUSPICIOUS_FWD_PE;,2026-07-13,0
3968.HK,"China Merchants Bank Co., Ltd.",Financial Services,Banks - Regional,China,HKD,209896007187.9674,-5.0152377500000025,-3.1427973,1.1916,-0.5020572899999997,3.863875,0.173,,0.002789997499999995,0.004059999800000002,0.243307495,0.25312003,-0.370865,-0.0455,-0.126,0.015,,,,,1800973058048.0,691305971712.0,51614339072.0,13070523000000.0,,332059000000.0,,,,,150181000000.0,451457000000.0,9.76,0.5249,4.46,4.85,1.153271,1782950400.0,0.544,51.25418861448981,42.383186143646626,45.720001220703125,58.47606,1.78947,19.0,,,0.17571,0.55166,False,False,,0.5,15235724.0,17211900.0,0.619669849976152,-2.16,-5.58,-9.37,,-0.10797531954729156,0.2010111806839246,48.40829019936107,-0.002726887308294068,-0.031544328358816265,True,0.5322279483842258,,0.084,Asia,True,,60.46781677259044,43.51420272582974,21.203670206540338,83.20684100156929,31.357048748353094,67.53164556962025,,50.0,,50.0,52.844596143483656,standard,248,100396533,False,39.2,False,28.17195325542571,26.627712854757927,37.89649415692821,50.04173622704508,50.04173622704508,50.04173622704508,2,SVAG,-8,NEDTREND,True,3,0.42857142857142855,LÅG,EJ AKTUELL,-15.4,True,0.75,SUSPICIOUS_FWD_PE;,2026-07-13,0
HIG,"The Hartford Insurance Group, Inc.",Financial Services,Insurance - Diversified,United States,USD,38043874864.96765,-11.587209375,-5.8039000000000005,0.12,-2.6249275500000007,1.3213809,1.332,-4.776000000000001,0.05452501,0.012244999924999998,-0.11322500399999998,-0.21887997,-0.09798000000000001,-0.0015000000000000013,0.28099999999999997,0.359,-42.36475,0.025000000000000022,1.062,4503396608.0,4393999872.0,4373000192.0,38356873216.0,85997000000.0,,28071000000.0,,,,,3836000000.0,5922000000.0,1.73,0.1576,2.4,1.93,0.6,1780272000.0,0.468,143.20528921057172,117.55543797396345,138.77999877929688,147.9,2.26087,20.0,0.03,0.0002,0.0035299999,0.96019,False,False,,0.82,1726416.0,1624760.0,0.37,9.28,1.37,,,-1.36,0.2005,76.9,5.89,,True,0.8534119707134665,,0.838,US,True,,37.882567183357295,35.471090065204734,62.772083804981136,74.25788330048844,65.61264822134387,67.53164556962025,99.04610492845786,50.0,97.45508982035929,92.0,52.826280658174596,standard,249,225484191,False,67.0,False,97.53756260434056,59.432387312186975,74.45742904841403,50.04173622704508,50.04173622704508,50.04173622704508,5,NEUTRAL,0,UPPTREND,False,3,0.42857142857142855,LÅG,EJ AKTUELL,3.9,True,0.875,SUSPICIOUS_FWD_PE;,2026-07-13,0
0016.HK,Sun Hung Kai Properties Limited,Real Estate,Real Estate - Development,Hong Kong,HKD,341938072332.0,-9.599571000000001,-6.268877000000001,0.9513,-0.3748182799999997,3.6969078,4.651,-2.508499999999998,-0.012630002500000008,0.0029650004500000084,-0.029579986499999978,-0.13097999999999999,0.004175019999999974,0.263,0.16699999999999998,0.362,-32.00625,2.562,0.636,29409642496.0,20468000768.0,104009998336.0,430215004160.0,,,,,,,,,24516000000.0,3.2,0.4941,3.78,4.99,0.98,1773187200.0,0.832,147.89999389648438,84.78233416738797,118.0,143.53786,2.0,14.0,,,0.54958,0.16833,False,False,,0.5,5800155.0,5269055.0,0.7136012533296502,0.68,-14.68,25.95,,-0.20216359114532123,0.29846854599225736,61.572054438540086,-0.06636706264371917,0.027799235990940474,True,0.8943608123207795,,0.5,Asia,True,,40.54570671516262,52.04822671514096,62.87037272995144,68.04228068583603,26.877470355731226,67.53164556962025,95.07154213036566,50.0,,50.0,52.815103482827446,standard,250,79322868,False,55.5,False,94.82470784641069,22.95492487479132,39.065108514190314,50.04173622704508,50.04173622704508,50.04173622704508,6,NEUTRAL,0,VARNING,False,3,0.42857142857142855,LÅG,EJ AKTUELL,-1.7,True,0.875,SUSPICIOUS_FWD_PE;,2026-07-13,0
IFX.DE,Infineon Technologies AG,Technology,Semiconductors,Germany,EUR,94187739646.65405,56.20892974999998,6.521387124999999,0.657,0.3045117499999992,6.228112,6.634,7.465,-0.094827495,-0.008229998000000002,-0.020069987000000004,0.32729749,0.035999999999999976,,,,6.8435000000000095,-0.007999999999999896,0.701,770942880.0,2152999936.0,8294000128.0,100328734720.0,30470000000.0,,14662000000.0,,,1944000000.0,,1015000000.0,3217000000.0,0.48,0.4268,0.35,0.93,0.35,1771545600.0,1.983,88.83000183105469,30.58465687844879,72.4800033569336,84.70833,1.66667,24.0,,,5e-05,0.59698004,False,False,,0.5,5726271.0,4057316.0,0.7743592879146575,-5.94,68.83,75.3,92.31,-0.18405941840704976,0.4760393329392042,29.838226195338564,-0.024700022489259066,0.5146926722338716,False,0.14843111387116809,,0.453,Europe,True,57.70313629137159,49.76753833548882,87.94038453861329,16.835443037974684,41.891593740386945,45.586297760210805,67.53164556962025,60.095389507154216,50.0,,50.0,52.773112428020575,standard,251,334974668,False,47.9,False,64.69115191986644,39.14858096828047,22.036727879799667,50.04173622704508,50.04173622704508,50.04173622704508,4,NEUTRAL,0,VARNING,False,2,0.2857142857142857,LÅG,EJ AKTUELL,-0.8,True,0.875,EXTREME_GROWTH;EXTREME_EARNINGS_GROWTH;,2026-07-13,0
ISRG,"Intuitive Surgical, Inc.",Healthcare,Medical Instruments & Supplies,United States,USD,144066360436.4323,18.374637375,15.0881205,2.1527,2.5410702499999993,13.614157,13.199,19.223749999999995,0.006264989999999984,0.032594995075,0.15318000599999998,0.12140499000000002,0.18321999999999994,0.14550000000000002,0.075,0.176,,2.49,3.259,1154233856.0,4517300224.0,0.0,139671764992.0,20458700000.0,,10064700000.0,,,2945500000.0,,,3030500000.0,,0.0,,,,,1.46,603.8800048828125,396.67999267578125,406.7799987792969,561.84265,1.91176,30.0,2.79,0.0208,0.00509,0.89032,False,False,,0.493,2462070.0,2569790.0,0.7400110253363822,-4.65,-10.59,-31.32,,-0.3263893563453295,0.3145126514864441,50.0,-0.04052087865971754,-0.16642588957645676,True,0.41182056507995407,,1.0,US,True,51.20942332707038,74.01885393328097,24.649800883331405,71.09780232371966,53.279889117788095,37.68115942028986,12.658227848101266,61.208267090620026,50.0,76.19760479041916,49.3,52.76882957871382,standard,252,1045339173,False,45.2,False,66.2771285475793,32.30383973288814,8.514190317195327,50.04173622704508,50.04173622704508,50.04173622704508,6,NEUTRAL,0,NEDTREND,True,2,0.2857142857142857,LÅG,EJ AKTUELL,2.5,True,0.75,,2026-07-13,0
APPF,"AppFolio, Inc.",Technology,Software - Application,United States,USD,4218995710.6382446,3.532955374999996,-2.12495,7.45,5.527195949999999,6.2146187,6.122,11.602749999999999,0.14612999999999998,0.11745500907499999,0.04210500500000002,0.0497775,0.15779003000000003,0.07449999999999998,0.16999999999999998,0.352,-39.63525,1.745,2.944,-922241312.0,151652992.0,36979000.0,6093577216.0,688967000.0,,950822000.0,,,152917000.0,,140923000.0,242105000.0,,0.0,,,,,0.792,326.0400085449219,142.55999755859375,175.5800018310547,224.25,1.33333,8.0,6.57,0.1091,0.047319997,0.92579,False,False,,0.5,372698.0,382150.0,0.5199269810390544,3.72,18.15,-22.26,,-0.4614771278695289,0.4494805147150322,72.0512874256099,0.07785637633530551,-0.11229675164817787,True,0.8229893809821481,,0.727,US,True,17.837115190056366,76.99364805438256,44.571191271786326,64.97755266934129,56.6417869183785,94.0711462450593,12.658227848101266,7.94912559618442,50.0,17.964071856287426,50.0,52.75852694565819,standard,253,67097898,False,46.5,False,28.17195325542571,90.56761268781302,22.120200333889816,50.04173622704508,50.04173622704508,50.04173622704508,5,NEUTRAL,0,NEDTREND,True,2,0.2857142857142857,LÅG,EJ AKTUELL,-1.4,True,0.875,SUSPICIOUS_FWD_PE;,2026-07-13,0
WN.TO,George Weston Limited,Consumer Defensive,Grocery Stores,Canada,CAD,38073866417.23041,8.265006,1.824546250000001,1.3001,5.015088774999998,0.5848879,1.0,-4.644,0.0068262415,-0.0031812503749999617,-0.0591625,-0.036751272,-0.08149001,0.006000000000000005,0.244,0.247,82.71900000000001,-0.17224999999999996,0.199,4257765376.0,1238000000.0,20039999488.0,65064865792.0,52167000000.0,,64511000000.0,,,5100000000.0,,1142000000.0,6262000000.0,1.29,0.4414,1.29,1.49,0.322,1781481600.0,0.507,105.84131040213563,81.99840118981479,100.9800033569336,106.57143,2.42857,7.0,4.86,,0.59836,0.14879,False,False,,0.5,348517.0,266680.0,0.5674740484429066,-3.37,2.5,5.25,,-0.04593014794253669,0.20379208058240061,48.964346841636484,0.017435270803940917,0.0607853298644323,False,0.37165803029012023,,0.352,Canada,True,,40.104824443280506,61.08464681369744,46.903957286117034,60.44488479740045,65.48089591567853,67.53164556962025,94.5945945945946,50.0,,50.0,52.752059161518815,standard,255,19035646,False,69.5,False,97.53756260434056,59.348914858096826,90.98497495826378,50.04173622704508,50.04173622704508,50.04173622704508,6,NEUTRAL,0,UPPTREND,False,3,0.42857142857142855,LÅG,EJ AKTUELL,2.7,True,0.875,SUSPICIOUS_FWD_PE;,2026-07-13,0
FPH.NZ,Fisher & Paykel Healthcare Corporation Limited,Healthcare,Medical Instruments & Supplies,New Zealand,NZD,23638382612.25,19.351035375000002,18.0165375,43.64,5.459271249999999,10.240158,10.098,13.97175,0.06784501,0.07736500007499998,0.07461000599999999,0.09987499000000002,0.15715,0.05550000000000001,0.029999999999999985,0.141,-49.86999999999999,0.19499999999999973,1.615,-700441056.0,461100000.0,146100000.0,23309207552.0,2853600000.0,,2308400000.0,,,477800000.0,,468500000.0,,1.29,0.5422,0.52,1.47,0.33,1782086400.0,0.892,41.04394215457752,31.88340762441554,40.25,39.71364,2.41667,11.0,,,0.036510002,0.37804002,False,False,,0.5,531177.0,439128.0,0.73,2.07,6.47,,,-2.35,0.3118,61.0,8.07,,True,0.8685346462906306,,0.5,US,True,29.950281832634772,76.6857638428119,41.95426273559201,47.48277804957183,55.86997075910569,74.57180500658761,67.53164556962025,27.980922098569156,50.0,,50.0,52.71485565990244,standard,256,17674902,False,41.5,False,28.17195325542571,68.03005008347245,11.686143572621036,50.04173622704508,50.04173622704508,50.04173622704508,4,NEUTRAL,0,UPPTREND,False,2,0.2857142857142857,LÅG,EJ AKTUELL,5.4,True,0.875,,2026-07-13,0
2379.TW,Realtek Semiconductor Corp.,Technology,Semiconductors,Taiwan,TWD,430804920000.0,1.2862329999999957,5.831276499999999,0.85,5.247926050000001,3.4712508,3.059,6.412000000000003,0.19275501750000001,0.014689998950000005,-0.0020424959999999874,-0.019412499999999958,0.12390501999999998,-0.0895,-0.29400000000000004,-0.091,19.14875,-0.6479999999999999,0.913,-4076544.0,64720822272.0,11279789056.0,379599290368.0,129903363000.0,,122706372000.0,,,14389062000.0,,14753249000.0,23015343000.0,3.04,0.90879995,25.5,4.78,25.5,1757462400.0,0.662,970.0,438.0,840.0,620.8,2.2,15.0,,,0.055710003,0.51691,False,False,,0.5,5283605.0,5444024.0,0.0,30.23,65.35,73.55,,-0.134020618556701,0.4374524910303281,42.537313432835816,0.26311990616823566,0.529330371772931,False,0.6972109179997156,,0.136,Asia,True,51.06344847521318,62.85723800669471,88.11938437624285,13.089491066625602,45.835776452862945,24.37417654808959,67.53164556962025,48.012718600953896,50.0,,50.0,52.697147555845746,standard,257,142048897,False,39.1,False,28.17195325542571,20.95158597662771,42.320534223706176,50.04173622704508,50.04173622704508,50.04173622704508,3,SVAG,-8,UPPTREND,False,3,0.42857142857142855,LÅG,EJ AKTUELL,6.5,True,0.875,,2026-07-13,0
2800.HK,Tracker Fund Of Hong Kong,Unknown,Unknown,Unknown,HKD,77700476842.53223,,,,0.03834615000000019,,,,,,,,,,,,,,,,,,,,,,,,,,,,3.18,,,,,,,28.11288681640194,22.920000076293945,24.6200008392334,,,,,,,,False,False,,0.5,728321135.0,803900666.0,1.1349106631841057,-1.12,-5.34,-3.95,,-0.12424501261573329,0.18895126383889957,54.358978873411644,-0.022371846623503666,-0.049838549665533916,True,0.6937026817921274,,0.5,Asia,True,,,46.025052584093395,29.11392405063291,95.94240837696336,50.72463768115942,67.53164556962025,,50.0,,50.0,52.69491751364129,standard,258,2525074066,False,43.5,False,28.17195325542571,42.904841402337226,50.04173622704508,50.04173622704508,50.04173622704508,50.04173622704508,1,SVAG,-8,NEDTREND,True,2,0.2857142857142857,LÅG,EJ AKTUELL,-13.9,True,0.125,EXTREME_GROWTH;EXTREME_EARNINGS_GROWTH;MISSING_CRITICAL;,2026-07-13,0
AMGN,Amgen Inc.,Healthcare,Drug Manufacturers - General,United States,USD,196124597594.74292,-6.247112624999997,-3.9076155000000004,1.993,15.655348249999998,5.275134,6.486,-2.4532500000000006,0.847115,0.013654990075000003,0.081219996,0.15073497,0.23473003000000003,-0.026500000000000003,-0.069,0.051,566.9780000000001,-0.8590000000000003,0.849,6336771328.0,12037999616.0,57322999808.0,241409589248.0,90586000000.0,,36751000000.0,,,9080000000.0,,7711000000.0,9958000000.0,2.77,0.6722,10.08,3.07,2.52,1778803200.0,0.403,388.35733457222824,264.0224916487972,363.3900146484375,355.65518,2.44118,29.0,4.09,0.0239,0.0021600001,0.8507,False,False,,0.5,2734395.0,2370110.0,0.31,1.24,3.24,,,-6.96,0.2729,63.7,4.36,,True,0.6777323722060209,,0.988,US,True,,79.5772283474333,31.537008850555274,48.132138644418,40.36170632311379,32.93807641633729,67.53164556962025,82.1939586645469,50.0,70.20958083832335,50.0,52.691170671849314,standard,259,861274308,False,51.9,False,83.63939899833055,27.879799666110184,28.46410684474123,50.04173622704508,50.04173622704508,50.04173622704508,3,SVAG,-8,UPPTREND,False,2,0.2857142857142857,LÅG,EJ AKTUELL,1.7,True,0.875,SUSPICIOUS_FWD_PE;,2026-07-13,0
GALP.LS,"Galp Energia, SGPS, S.A.",Energy,Oil & Gas Integrated,Portugal,EUR,161391554183.72375,0.8841662499999998,-0.9553153750000027,0.95,1.4432333999999996,0.8095354,0.896,-1.0552499999999991,0.028967496999999988,0.03771750375,-0.06295998700000001,-0.026155009999999992,-0.07095002,-0.0005000000000000004,,,37.31125000000001,0.2975000000000001,0.972,1027192864.0,1832999936.0,4361999872.0,17685487616.0,15329000000.0,,19507000000.0,,,2143000000.0,,1120000000.0,2527000000.0,3.37,0.6301,0.66,4.21,0.33,1779148800.0,-0.078,235.89706072468516,149.12435601944526,215.75690624431445,21.90556,2.11111,18.0,,,0.49872002,0.38268003,False,False,,0.5,2068805.0,1393794.0,0.75,7.73,4.5,24.94,,-8.89,0.3099,72.3,4.48,,True,0.9415027244298293,,0.83,Europe,True,,49.68527684946169,47.395017624461396,54.19454695961093,69.27435190625633,35.573122529644266,67.53164556962025,93.95866454689984,50.0,,50.0,52.68833235258936,standard,260,342545466,False,55.8,False,63.43906510851419,30.467445742904843,85.97662771285476,50.04173622704508,50.04173622704508,50.04173622704508,4,NEUTRAL,0,UPPTREND,False,2,0.2857142857142857,LÅG,EJ AKTUELL,8.2,True,0.875,EXTREME_EARNINGS_GROWTH;SUSPICIOUS_FWD_PE;,2026-07-13,0
PHIA.AS,PHIA.AS,Unknown,Unknown,Unknown,USD,,,,,,,,,,,,,,,,,,,,,,,,26944000000.0,,17834000000.0,,,1449000000.0,,895000000.0,1172000000.0,,,,,,,,26.672283596444757,19.903108891793273,24.059999465942383,,,,,,,,False,False,,0.5,,,0.76,4.38,1.25,-2.77,,-9.26,0.3024,61.8,4.38,,False,0.6222965039250578,,1.0,Europe,True,,,30.67951440729576,95.44303797468355,60.07853403141361,,12.658227848101266,,50.0,,50.0,52.67252179137161,standard,261,,True,44.6,False,28.17195325542571,50.04173622704508,50.04173622704508,50.04173622704508,50.04173622704508,50.04173622704508,1,SVAG,-8,UPPTREND,False,2,0.2857142857142857,LÅG,EJ AKTUELL,,True,0.0,EXTREME_GROWTH;EXTREME_EARNINGS_GROWTH;MISSING_CRITICAL;,2026-07-13,0
TROW,"T. Rowe Price Group, Inc.",Financial Services,Asset Management,United States,USD,25401306795.18979,-8.730241374999999,-3.9582500000000014,4.8669,-2.3090193500000007,3.4410963,3.136,-3.7910000000000004,0.014064990000000013,0.081884999925,0.028464996000000006,0.0,0.04028999999999994,-0.009500000000000001,-0.096,0.016,-61.64575000000001,3.7779999999999996,5.545,780496384.0,3729799936.0,459600000.0,23228905472.0,14341800000.0,,7314800000.0,,,2477400000.0,,2087100000.0,1753400000.0,4.44,0.5483,5.2,4.16,1.3,1781481600.0,1.497,121.16999816894531,84.2095526998167,118.55000305175781,104.08333,3.38462,12.0,11.53,0.14739999,0.01768,0.89942,False,False,,0.5,2151529.0,2494530.0,0.7449611642991111,13.28,30.18,14.87,,-0.021622473853094237,0.242482226744687,72.63289898368708,0.114659921123762,0.19495124546115927,True,0.8141087761055066,,0.739,US,True,,63.500314516489496,83.20097116474484,40.827708391368894,62.16497139497682,72.85902503293808,67.53164556962025,86.3275039745628,50.0,12.275449101796406,50.0,52.63824712866512,holding,262,295726539,False,60.5,False,86.72787979966611,66.19365609348915,42.57095158597663,50.04173622704508,50.04173622704508,50.04173622704508,4,NEUTRAL,0,UPPTREND,False,4,0.5714285714285714,MEDEL,EJ AKTUELL,1.8,True,0.875,SUSPICIOUS_FWD_PE;,2026-07-13,0
WPM,Wheaton Precious Metals Corp.,Basic Materials,Gold,Canada,USD,49976467430.32979,1.1452823749999963,1.5679424999999974,0.43,0.6777710999999993,18.157341,17.416,4.948749999999997,0.06295,0.082744997075,0.5430950529999999,0.5946800499999999,0.37837997,0.8160000000000001,0.8680000000000001,1.292,-54.39874999999999,2.6199999999999997,4.525,-460163328.0,2164505088.0,7662000.0,47819624448.0,9125781000.0,,2314600000.0,,,1581641000.0,,1471720000.0,1904981000.0,0.7,0.1744,0.78,1.14,0.195,1779840000.0,1.187,165.2509605582595,87.68987204905376,110.05000305175781,171.11111,1.3125,9.0,1.37,,0.00113,0.71721,False,False,,0.5,2156244.0,1929660.0,0.3803653607237222,-2.25,-21.77,-10.25,,-0.3340431869201782,0.46834306733317127,29.832480229078456,-0.10631996776206032,-0.1117979707964829,False,0.25827714143091046,,0.927,US,True,46.74981933805463,90.47392223364795,26.995431465296047,88.47009581008336,47.593859416243184,60.21080368906456,67.53164556962025,38.47376788553259,50.0,,50.0,52.62545654406924,commodity,264,212359089,False,38.6,False,28.17195325542571,54.42404006677797,5.759599332220367,50.04173622704508,50.04173622704508,50.04173622704508,6,NEUTRAL,0,NEDTREND,True,3,0.42857142857142855,LÅG,EJ AKTUELL,-1.2,True,0.875,SUSPICIOUS_FWD_PE;,2026-07-13,0
SEDG,"SolarEdge Technologies, Inc.",Technology,Solar,Israel,USD,3355948404.9202423,,11.824281999999998,4.61,0.4818119499999982,2.6111298,2.524,-40.57525,-0.9048600000000001,-0.118824998925,-0.396185015,-0.29655251,-0.2967,0.2855,,,50.948750000000004,0.24699999999999978,1.262,-822014208.0,541649984.0,404347008.0,3218645504.0,2182194000.0,,1184444000.0,,,-229702000.0,,-405448000.0,104261000.0,,0.0,,,,,1.451,81.25,23.010000228881836,55.18000030517578,43.95238,3.19231,21.0,3.73,0.19469999,0.01194,1.07265,False,False,,0.5,3776270.0,2638710.0,0.4129256905516606,-4.53,31.88,80.8,,-0.3208615347055288,0.9657813745823488,45.915172974781406,-0.015823864611123173,0.31690739749429175,False,0.4863124662191867,,0.701,US,True,,5.878245910975751,79.48871982165737,73.37684958438243,31.7629913951717,94.99341238471673,12.658227848101266,4.292527821939586,50.0,5.688622754491018,50.0,52.58380012194144,standard,265,145604019,False,51.6,False,28.17195325542571,91.90317195325542,54.92487479131887,50.04173622704508,50.04173622704508,50.04173622704508,1,SVAG,-8,VARNING,False,2,0.2857142857142857,LÅG,EJ AKTUELL,-1.2,True,0.75,EXTREME_EARNINGS_GROWTH;,2026-07-13,0
ADSK,"Autodesk, Inc.",Technology,Software - Application,United States,USD,44013226926.58583,-7.618442625000005,-8.815823,0.7997,6.131588949999999,5.848895,5.832,-1.2082499999999996,0.32410999999999995,0.04529499407500001,0.084305015,0.15147750000000001,0.44464000000000004,0.05449999999999999,2.112,2.23,37.91975000000001,-0.9430000000000002,0.669,1961146368.0,2924000000.0,2724000000.0,43782950912.0,12467000000.0,,7206000000.0,,,1794000000.0,,1124000000.0,2452000000.0,,0.0,,0.48,0.015,1111449600.0,1.318,329.0899963378906,185.5,208.4499969482422,318.53183,1.38235,33.0,2.53,0.0463,0.00223,0.97411,False,False,,0.5,2576326.0,2850520.0,0.29,3.58,-6.26,,,-21.82,0.4065,76.5,-4.06,,True,0.8056622062598024,,0.919,US,True,,85.44093611519551,12.92570982956574,82.15737638187466,29.918869967196123,62.97760210803689,12.658227848101266,91.7329093799682,50.0,43.11377245508982,50.0,52.565875296332074,standard,266,594190885,False,57.3,False,90.31719532554257,56.51085141903172,24.958263772954925,50.04173622704508,50.04173622704508,50.04173622704508,7,STARK,8,VARNING,False,2,0.2857142857142857,LÅG,EJ AKTUELL,14.8,True,0.875,SUSPICIOUS_FWD_PE;,2026-07-13,0
KLAC,KLA Corporation,Technology,Semiconductor Equipment & Materials,United States,USD,302428842200.20984,26.831051375,22.035211999999994,2.374,44.27150095,23.092058,23.183,30.22075,0.7699099599999999,0.14486499907499997,0.246044985,0.2683875,0.13476,-0.014499999999999999,-0.08400000000000002,0.103,57.900750000000016,1.2479999999999998,1.963,1790333440.0,4957938176.0,6145359872.0,303616262144.0,16067926000.0,,12156162000.0,,,5014227000.0,,4061643000.0,4081903000.0,0.4,0.2152,0.92,0.93,0.23,1779062400.0,1.407,307.3699951171875,82.87100394695247,231.52000427246094,225.7857,1.96552,28.0,2.34,0.0294,0.00085,0.93713,False,False,,0.5,12360967.0,17167250.0,0.23,-8.5,24.91,,,-26.86,0.7127,39.0,3.29,,False,0.2968310910834024,,0.877,US,True,45.102760514525215,89.60475577387254,43.5520604318169,47.79987380161367,37.16654030136741,27.79973649538867,67.53164556962025,56.120826709062,50.0,60.47904191616767,50.0,52.54695004126261,standard,267,3974561793,False,42.4,False,63.77295492487479,23.62270450751252,2.5459098497495827,50.04173622704508,50.04173622704508,50.04173622704508,4,NEUTRAL,0,UPPTREND,False,2,0.2857142857142857,LÅG,EJ AKTUELL,8.4,True,0.875,,2026-07-13,0
NET,"Cloudflare, Inc.",Technology,Software - Infrastructure,United States,USD,86206007485.24335,,151.314356,2.38,56.21540995,42.039043,40.467,-2618.78925,-0.23861,-0.09448500192499999,-0.147824992,-0.24066249,0.25357005,0.20550000000000002,,,183.35975000000002,0.17799999999999983,1.895,-344855296.0,4163877888.0,3524536064.0,94230994944.0,6036256000.0,,2167937000.0,,,-207205000.0,,-102267000.0,603114000.0,,0.0,,,,,1.671,280.1400146484375,158.8300018310547,268.3999938964844,246.06805,1.88235,31.0,2.36,0.0328,0.00657,0.89605004,False,False,,0.5,4160062.0,3569490.0,0.44,18.93,46.99,,,-1.93,0.7504,83.6,16.34,,True,0.883963376920826,,0.969,US,True,,22.088605382889696,62.59832384388447,86.41879074259305,22.90780690789119,48.35309617918313,12.658227848101266,43.56120826709062,50.0,56.886227544910184,50.0,52.54255132289403,standard,268,958051094,False,36.1,False,28.17195325542571,40.98497495826378,2.5459098497495827,50.04173622704508,50.04173622704508,50.04173622704508,1,SVAG,-8,UPPTREND,False,2,0.2857142857142857,LÅG,EJ AKTUELL,-0.4,True,0.75,EXTREME_EARNINGS_GROWTH;,2026-07-13,0
TRP.TO,TC Energy Corporation,Energy,Oil & Gas Midstream,Canada,CAD,99353311732.81824,2.931202500000003,11.63987375,4.3182,1.079170799999999,6.4052815,10.828,6.69175,-0.0115187465,-0.02091374962499995,0.1211275,0.30937623000000003,0.29063998999999996,0.0175,-0.37000000000000005,-0.079,128.45475,-0.74675,0.401,-364984496.0,1532999936.0,61869998080.0,167590002688.0,118751000000.0,,15239000000.0,,,6762000000.0,,3519000000.0,7346000000.0,3.64,1.0111,3.51,5.79,0.878,1782777600.0,0.977,99.2758244513092,60.752043253553914,95.37000274658203,95.08696,2.29167,23.0,2.77,,0.00048000002,0.76177,False,False,,0.5,4765850.0,6995480.0,0.6341339609146074,0.09,8.88,29.79,,-0.039343130377555546,0.17022919276077156,49.68222601865152,0.014413959834691736,0.16825900765070978,False,0.3608954396552127,,0.709,Canada,True,48.33299609770198,65.1531423419281,77.08538605503357,34.68892313256395,43.16578275570013,44.26877470355731,30.189873417721518,45.151033386327505,50.0,,50.0,52.53592088409003,standard,269,471597083,False,38.4,False,28.17195325542571,37.97996661101836,21.202003338898166,50.04173622704508,50.04173622704508,50.04173622704508,3,SVAG,-8,UPPTREND,False,2,0.2857142857142857,LÅG,EJ AKTUELL,-6.2,True,0.875,,2026-07-13,0
SLF.TO,Sun Life Financial Inc.,Financial Services,Insurance - Diversified,Canada,CAD,62735647798.218864,-1.0812027499999974,-0.1789027499999989,1.525,-0.47460545,1.8077445,-0.855,-16.141750000000002,-0.02423874449999999,-0.017281250524999955,-0.15306250999999996,-0.27485874,0.0002800099999999972,-0.0605,-0.617,-0.488,7.244499999999999,46.28675,45.002,-4803609600.0,109036003328.0,14042000384.0,-29848774656.0,398455000000.0,,38447000000.0,,,,,3745000000.0,2799000000.0,3.23,0.6704,3.68,4.07,0.96,1779840000.0,0.823,114.52999877929688,74.2086925415297,113.18000030517578,101.0,2.26667,14.0,4.73,,0.00063,0.55717,False,False,,0.5,1839608.0,1084040.0,0.45357681948678485,8.34,26.58,32.11,,-0.011787291439010583,0.19290444578687121,70.94972781379838,0.08953427750894027,0.26061568426310466,False,0.7886081965992595,,0.691,Canada,True,,25.32497775772979,88.44684155458424,21.082724866282724,83.55116231765368,54.9407114624506,67.53164556962025,,50.0,,50.0,52.52645808132358,standard,270,86727493,False,46.6,False,28.17195325542571,47.16193656093489,66.36060100166945,50.04173622704508,50.04173622704508,50.04173622704508,2,SVAG,-8,UPPTREND,False,3,0.42857142857142855,LÅG,EJ AKTUELL,-8.9,True,0.875,SUSPICIOUS_FWD_PE;,2026-07-13,0
COL.AX,Coles Group Limited,Consumer Defensive,Grocery Stores,Australia,AUD,31644459223.844,1.5402559999999994,0.20066700000000104,,3.8328332949999995,0.69965625,0.92,-3.465,0.11189501499999997,9.000214999999034e-05,-0.04537000200000002,-0.07406250199999997,0.0,-0.010999999999999996,-0.178,-0.113,89.297,0.0,0.17,-1924875008.0,598000000.0,10572000256.0,41473720320.0,20294000000.0,,44352000000.0,,,1819000000.0,,1079000000.0,,3.1,0.90910006,0.73,3.57,0.41,1773100800.0,0.283,24.59000015258789,19.45711390223576,23.559999465942383,23.3345,2.13333,15.0,,,0.00564,0.41208,False,False,,0.5,3089957.0,2832930.0,0.43065578312101144,-2.24,3.51,14.25,19.07,-0.04188697357682236,0.21339098824921432,47.826070315420424,0.04521576371183489,0.07564447072062253,False,0.4586490943358286,,0.5,Australia,True,,47.87600967929239,62.44200819677405,26.399852237124684,64.93499843201725,68.77470355731225,67.53164556962025,22.416534181240063,50.0,,50.0,52.52178818242467,standard,271,46227891,False,52.0,False,28.17195325542571,62.02003338898163,87.81302170283807,50.04173622704508,50.04173622704508,50.04173622704508,1,SVAG,-8,UPPTREND,False,3,0.42857142857142855,LÅG,EJ AKTUELL,-10.1,True,1.0,SUSPICIOUS_FWD_PE;,2026-07-13,0
ADC,Agree Realty Corporation,Real Estate,REIT - Retail,United States,USD,9362017492.525162,7.283862374999997,13.616857499999997,0.13,-2.6823317200000005,12.48595,17.608,-1.1047499999999992,-0.06861500000000001,-0.012959999424999995,0.03193752450000002,0.10688998999999996,0.39674993999999997,0.13,-0.0050000000000000044,0.32,-30.702249999999996,-0.41500000000000015,0.273,-654969568.0,34882000.0,3718807040.0,13206537216.0,9797612000.0,,718398000.0,,,346881000.0,,204349000.0,504136000.0,4.12,1.68,3.2,4.21,0.267,1782777600.0,0.473,80.933342137387,67.52620309069715,77.94999694824219,84.52778,1.85,18.0,0.02,0.0002,0.01808,1.20679,False,False,,0.5,1146662.0,1128170.0,0.22,5.38,2.37,,,-2.78,0.1793,77.5,4.51,,True,0.8103288077344662,,0.523,US,True,,56.60437159398102,35.165642557829266,57.29445812298151,66.63511840300917,86.29776021080369,30.189873417721518,21.144674085850557,50.0,97.45508982035929,50.0,52.51045719727745,standard,272,87940848,False,43.2,False,28.17195325542571,81.96994991652755,9.265442404006679,50.04173622704508,50.04173622704508,50.04173622704508,3,SVAG,-8,UPPTREND,False,1,0.14285714285714285,LÅG,EJ AKTUELL,-4.2,True,0.875,,2026-07-13,0
VST,Vistra Corp.,Utilities,Utilities - Independent Power Producers,United States,USD,53564807072.27985,0.9590223750000026,-5.369679250000001,0.4673,12.6373314,2.7546828,3.874,-5.127250000000001,0.293275,0.018305000075000008,-0.020749995499999986,0.042495000000000005,-0.09333000000000002,0.355,,,201.61675,-0.1050000000000002,0.263,-622978560.0,658000000.0,19925999616.0,75321810944.0,41550000000.0,,17738000000.0,,,2134000000.0,,944000000.0,4070000000.0,0.58,0.1515,0.92,1.82,0.229,1782086400.0,1.409,218.90834935343653,132.47448547608124,158.86000061035156,222.88889,1.4,18.0,3.62,0.0546,0.0078799995,0.90948,False,False,,0.5,4679509.0,3839790.0,0.70034032301449,8.8,4.15,3.04,,-0.27430817015633535,0.49117799448496435,44.620127427304155,0.032501818140763916,-0.0475551987308076,False,0.5334965397126883,,0.185,US,True,,60.604330360934526,52.08776463248089,48.82419894457283,24.527247946469622,58.36627140974967,67.53164556962025,39.58664546899841,50.0,35.029940119760475,50.0,52.496338229313906,standard,273,609989042,False,45.5,False,28.17195325542571,52.83806343906511,53.33889816360601,50.04173622704508,50.04173622704508,50.04173622704508,1,SVAG,-8,NEDTREND,True,2,0.2857142857142857,LÅG,EJ AKTUELL,-5.1,True,0.875,EXTREME_EARNINGS_GROWTH;SUSPICIOUS_FWD_PE;,2026-07-13,0
AXP,American Express Company,Financial Services,Credit Services,United States,USD,239209995224.84177,0.32626162500000166,1.6453310000000005,1.6501,2.3582621499999994,3.4792583,3.572,,0.171365,0.011364999924999999,-0.09126500399999997,-0.15938996000000002,0.14788999999999997,0.053500000000000006,0.04299999999999998,0.15,112.33125000000001,-0.19299999999999995,1.559,,53866999808.0,60458999808.0,245802008576.0,300052000000.0,,72230000000.0,,,,,10833000000.0,18428000000.0,1.1,0.21290001,3.8,1.1,0.95,1782950400.0,1.045,384.36054451249834,285.2884358028253,350.5799865722656,371.3828,2.26667,25.0,3.41,0.020399999,0.22326,0.65289,False,False,,0.5,3211365.0,3439060.0,0.8375078741338453,10.42,10.63,-6.76,,-0.087887683641093,0.266461791255018,60.71731004373582,0.0825548600206798,0.04191997271922787,True,0.7883501731952117,,0.718,US,True,,50.16281856734,58.58228324966823,55.641922774916935,43.623718629936135,30.039525691699602,67.53164556962025,,50.0,78.1437125748503,50.0,52.4805463271355,standard,274,1205665609,False,39.7,False,28.17195325542571,25.626043405676125,42.15358931552588,50.04173622704508,50.04173622704508,50.04173622704508,3,SVAG,-8,UPPTREND,False,1,0.14285714285714285,LÅG,EJ AKTUELL,-5.5,True,0.875,SUSPICIOUS_FWD_PE;,2026-07-13,0
TD.TO,The Toronto-Dominion Bank,Financial Services,Banks - Diversified,Canada,CAD,282269434868.3319,-2.305388749999997,2.295737250000002,0.91,-0.83617295,4.7495766,2.883,,-0.024868742499999996,-0.01763125052499995,0.01038749000000002,-0.00597874000000001,-0.40116001,-0.3775,-0.745,-0.618,,,,,637163995136.0,522703994880.0,170645438464.0,2094558000000.0,,61281000000.0,,,,,20538000000.0,-69646000000.0,2.64,0.5,4.48,4.15,1.12,1783641600.0,0.875,171.83828583555083,96.35599149332225,170.86000061035156,161.64285,2.07143,14.0,7.73,,0.00043000001,0.55077,False,False,,0.5,4722269.0,7419020.0,2.097657995409964,7.73,23.49,32.16,,-0.005693057402443413,0.15693190972433227,56.33811460139946,0.0809578935608326,0.2932312086019484,False,0.7865213663234477,,0.931,Canada,True,,33.94993338244608,87.7378737267572,23.065664912170057,75.20544877581347,28.326745718050066,67.53164556962025,,50.0,,50.0,52.479928893453284,standard,275,896042773,False,37.9,False,28.17195325542571,24.290484140233723,31.21869782971619,50.04173622704508,50.04173622704508,50.04173622704508,0,SVAG,-8,UPPTREND,False,3,0.42857142857142855,LÅG,EJ AKTUELL,-6.0,True,0.75,,2026-07-13,0
CBK.DE,Commerzbank AG,Financial Services,Banks - Regional,Germany,EUR,42369667563.935165,1.9716090000000008,-2.5156048750000024,0.9444,-1.14903215,3.5835338,-3.136,,-0.068562495,-0.010849997150000006,-0.0029899999999999927,0.07402999999999996,-0.37562,-0.019500000000000003,0.017999999999999988,0.095,,,,,100426997760.0,20475000832.0,-36371001344.0,590092000000.0,,12934000000.0,,,,,2625000000.0,-6727000000.0,2.9,0.29950002,1.1,2.92,1.1,1779321600.0,0.675,38.86000061035156,26.976850903341926,38.63999938964844,39.95385,,13.0,,,0.42490003,0.34479,False,False,,0.5,3002674.0,2024071.0,0.79,7.29,13.45,11.12,,0.0,0.389,58.4,5.7,,False,0.8666992016224502,,0.502,Europe,True,,36.46872712478164,76.24475410184341,41.082971051653466,52.352896246198284,63.24110671936759,67.53164556962025,,50.0,,50.0,52.44311585561845,standard,277,89087707,False,44.2,False,28.17195325542571,57.095158597662774,40.56761268781302,50.04173622704508,50.04173622704508,50.04173622704508,2,SVAG,-8,UPPTREND,False,2,0.2857142857142857,LÅG,EJ AKTUELL,-3.1,True,0.75,SUSPICIOUS_FWD_PE;,2026-07-13,0
LAGR-B.ST,Lagercrantz Group AB (publ),Industrials,Conglomerates,Sweden,SEK,47210684755.36789,13.2567025,22.5341965,3.02,6.785501200000001,4.67157,5.064,6.947000000000002,0.12381249500000002,0.028465000999999997,0.024377499999999993,0.01811125100000001,-0.05649500000000002,0.064,0.126,0.186,42.28099999999999,-0.14774999999999988,0.815,28875008.0,331000000.0,4488999936.0,53718687744.0,12771000000.0,,10610000000.0,,,1673000000.0,,1200000000.0,1502000000.0,0.91,0.3787,2.2,1.02,2.2,1756252800.0,1.212,266.79998779296875,185.1999969482422,240.39999389648438,277.2857,1.66667,7.0,,,0.04654,0.65349996,False,False,,0.5,208243.0,205232.0,0.54,-3.34,8.8,,,-10.62,0.3567,37.3,-4.71,,False,0.13640098878016857,,0.88,Nordic,True,51.71238618297441,63.49592883045848,34.69661950128718,63.96518486158534,41.70844948289027,61.396574440052696,67.53164556962025,50.23847376788553,50.0,,50.0,52.38442313600404,standard,280,5084633,False,50.8,False,60.934891485809686,55.342237061769616,31.719532554257096,50.04173622704508,50.04173622704508,50.04173622704508,5,NEUTRAL,0,VARNING,False,3,0.42857142857142855,LÅG,EJ AKTUELL,7.1,True,0.875,,2026-07-13,0
CTT.ST,CTT Systems AB (publ),Industrials,Aerospace & Defense,Sweden,SEK,1580778067.8965836,10.237434499999996,-9.738364499999998,0.8,1.5441162,5.6623163,5.819,6.387000000000003,-0.01847750499999999,0.038045001,0.060747499999999996,-0.05942874899999999,0.227725,0.157,0.7450000000000001,0.811,-45.367000000000004,1.08125,1.226,-975725000.0,15600000.0,36400000.0,1619500416.0,346900000.0,,264400000.0,,,55300000.0,,38600000.0,35800000.0,1.9,1.6163001,2.4,1.62,2.4,1778198400.0,0.17,264.617919921875,112.4000015258789,127.5999984741211,,,,,,0.23466,0.63105,False,False,,0.5,18467.0,9234.0,0.7119233351951451,-4.63,-3.27,-32.47,,-0.5177953234921001,0.517778043258378,38.834954332885324,0.000581566351785634,-0.1904885801748557,False,0.30313859708514734,,0.5,Nordic,True,,60.2244111860637,25.203068264817578,68.4771924273548,64.2749143287994,96.96969696969697,30.189873417721518,,50.0,,50.0,52.341263097518656,standard,281,121428,False,48.1,False,28.17195325542571,97.53756260434056,25.959933222036728,50.04173622704508,50.04173622704508,50.04173622704508,4,NEUTRAL,0,NEDTREND,True,3,0.42857142857142855,LÅG,EJ AKTUELL,7.2,True,0.875,SUSPICIOUS_FWD_PE;,2026-07-13,0
CBOE,"Cboe Global Markets, Inc.",Financial Services,Financial Data & Stock Exchanges,United States,USD,28054540643.387207,1.5406166249999993,2.261963999999997,2.5269,0.5365676499999998,5.849649,5.739,3.6919999999999984,0.07857500000000002,0.079334999925,0.003424996000000055,0.025390030000000008,0.061370000000000036,0.0025000000000000022,0.41100000000000003,0.539,-36.02674999999999,-0.382,0.59,-96778560.0,2136199936.0,1584600064.0,27502940160.0,9305300000.0,,4714200000.0,,,1514100000.0,,1100000000.0,1752600000.0,1.08,0.2383,2.88,1.29,0.72,1780012800.0,0.443,370.403634917837,227.14999389648438,268.07000732421875,313.7143,3.0,14.0,2.87,0.0298,0.00254,0.91668,False,False,,0.5,1421185.0,1573820.0,0.3,-7.55,-8.71,,,-25.24,0.3976,61.4,-9.15,,True,0.6268588812519237,,0.895,US,True,53.05867899985547,67.55176848061826,9.737677809722458,68.04798000923529,48.47219512307699,70.7509881422925,67.53164556962025,43.72019077901431,50.0,60.17964071856288,50.0,52.26684875012964,standard,283,421893939,False,51.5,False,62.604340567612695,64.19031719532555,24.874791318864776,50.04173622704508,50.04173622704508,50.04173622704508,4,NEUTRAL,0,VARNING,False,3,0.42857142857142855,LÅG,EJ AKTUELL,5.2,True,0.875,,2026-07-13,0
RR.L,Rolls-Royce Holdings plc,Industrials,Aerospace & Defense,United Kingdom,GBp,154150930760395.88,-5.867252250000002,15.000633750000004,2.5197,39.80351399999999,5.5459986,5.592,11.3955,6.0895999925,0.01630750082500001,0.15901001999999997,0.000755005000000003,-0.12267500000000003,0.101,-0.025,0.039,74.67699999999999,-0.14549999999999996,0.729,2944387456.0,6248999936.0,4361999872.0,118599065600.0,38115000000.0,,21207000000.0,,,4412000000.0,,5841000000.0,4565000000.0,0.66,0.1519,0.1,1.74,0.05,1776902400.0,1.203,19680.42261473206,12388.688716812867,18616.492480590823,1471.5,1.6,20.0,,,0.00051,0.71873003,False,False,,0.5,32359980.0,18896634.0,0.47,4.2,7.87,8.46,,-5.9,0.4513,53.7,7.34,,False,0.6372774035186625,,0.5,UK,True,68.76615117791587,67.1166244586324,45.000763908543554,44.473079957946986,33.47856536508848,0.6587615283267457,67.53164556962025,80.44515103338632,50.0,,50.0,52.238898669273745,standard,284,351789044769,False,41.2,False,57.17863105175292,2.5459098497495827,26.627712854757927,50.04173622704508,50.04173622704508,50.04173622704508,3,SVAG,-8,UPPTREND,False,3,0.42857142857142855,LÅG,EJ AKTUELL,-2.8,True,0.875,,2026-07-13,0
IDXX,"IDEXX Laboratories, Inc.",Healthcare,Diagnostics & Research,United States,USD,44456091197.046326,9.568213375,14.686554499999998,3.5795,22.989056249999997,9.998908,10.202,12.62075,0.563085,0.19480500007499996,0.118000006,0.13055499,0.14083,0.05849999999999998,0.05899999999999998,0.147,14.26400000000001,-1.0010000000000003,0.691,-313009088.0,200528000.0,1105451008.0,45361012736.0,3350759000.0,,4303702000.0,,,1360031000.0,,1059464000.0,1181805000.0,,0.0,,,,,1.549,769.97998046875,506.9100036621094,563.5700073242188,709.1429,2.13333,14.0,2.88,0.028099999,0.0021799998,0.96145,False,False,,0.496,643829.0,779650.0,0.8520849998261051,-2.65,-3.62,-21.13,,-0.26807186989312703,0.4266584533865458,50.57274753473853,0.015092855833556573,-0.09959084076589986,True,0.6889728891725496,,0.911,US,True,39.85330250036132,85.14003701402564,34.300214895286736,61.89967714356293,31.757642765348788,62.582345191040844,12.658227848101266,40.69952305246423,50.0,63.47305389221557,49.6,52.202300721820365,standard,285,439387356,False,39.8,False,28.17195325542571,56.26043405676127,12.103505843071787,50.04173622704508,50.04173622704508,50.04173622704508,4,NEUTRAL,0,NEDTREND,True,2,0.2857142857142857,LÅG,EJ AKTUELL,2.4,True,0.875,,2026-07-13,0
0002.HK,CLP Holdings Limited,Utilities,Utilities - Regulated Electric,Hong Kong,HKD,193526109806.94238,2.4436050000000016,1.5225442500000002,5.5896,0.5232401000000002,2.1987107,2.91,-0.7669999999999986,0.022179997499999993,0.013629999950000006,-0.02167749249999999,-0.07007499999999997,-0.03551500000000002,-0.11599999999999999,-0.224,-0.155,-58.16425,-0.42300000000000004,0.465,-6303482624.0,6370999808.0,63065001984.0,256163119104.0,238644000000.0,,88018000000.0,,,,,10667000000.0,24378000000.0,4.18,0.76089996,3.2,4.72,0.63,1780358400.0,0.555,76.94685422522001,61.77362749270428,76.5999984741211,77.40444,2.33333,9.0,,,0.28348,0.14147,False,False,,0.5,3117022.0,3362635.0,0.9459578749223447,5.29,3.9,13.3,,-0.004507731402295989,0.1109122455916484,70.90907241358902,0.027623757778311386,0.09054133247223417,True,1.0475392624672535,,0.5,Asia,True,,47.66424913376899,68.96629807272268,18.193722713368256,65.85095512188555,33.201581027667984,67.53164556962025,30.842607313195547,50.0,,50.0,52.13855966764168,standard,287,32861861,False,42.8,False,28.17195325542571,28.46410684474123,60.01669449081803,50.04173622704508,50.04173622704508,50.04173622704508,3,SVAG,-8,UPPTREND,False,3,0.42857142857142855,LÅG,EJ AKTUELL,-4.3,True,0.875,SUSPICIOUS_FWD_PE;,2026-07-13,0
EQIX,"Equinix, Inc.",Real Estate,REIT - Specialty,United States,USD,103674791887.57031,36.896507375,28.4995555,3.3942,3.0310282799999997,10.88335,13.192,7.87125,-0.005065,-0.0018699994249999925,-0.11130248549999998,-0.13636001,0.03635999999999995,0.064,0.0050000000000000044,0.21,72.65175000000002,0.47499999999999976,0.554,1625271552.0,1362000000.0,23335999488.0,125670793216.0,40141000000.0,,9217000000.0,,,1966000000.0,,1350000000.0,3911000000.0,1.9,1.3299,19.7,1.86,5.16,1779235200.0,0.971,1124.0,713.1863099090233,1051.2099609375,1198.5714,1.54839,28.0,2.74,0.020599999,0.00271,1.00052,False,False,,0.1,598304.0,693050.0,0.48430769682338176,-0.81,2.41,36.78,,-0.06475982122998225,0.22936548127467346,40.44844845756219,-0.01407848847991211,0.15985107108738417,False,0.4376370066821199,,0.523,US,True,62.03396444572914,36.41976101686076,71.28317521459662,51.98576433907565,58.07794669244647,43.61001317523056,30.189873417721518,66.93163751987281,50.0,77.24550898203593,10.0,52.11983107204043,standard,288,728541063,False,48.3,False,74.37395659432387,37.47913188647746,10.601001669449083,50.04173622704508,50.04173622704508,50.04173622704508,5,NEUTRAL,0,VARNING,False,2,0.2857142857142857,LÅG,EJ AKTUELL,3.2,True,0.875,,2026-07-13,0
SWED-A.ST,Swedbank AB (publ),Financial Services,Banks - Regional,Sweden,SEK,409032138060.0,-2.3008152499999976,-0.1410184999999995,7.1951,-1.0764301,6.010103,17.808,,0.011235000000000023,-0.011590000650000001,0.23282247000000003,0.176331271,-0.448525,-0.0945,-0.238,-0.104,,,,,316877996032.0,1122453028864.0,1214631116800.0,3062782000000.0,,67899000000.0,,,,,32762000000.0,-46342000000.0,5.55,0.72470003,20.45,5.97,29.8,1774396800.0,0.56,370.6000061035156,220.63634575882423,364.0,353.5,2.9375,16.0,,,0.17117001,0.49633,False,False,,0.5,1906805.0,1300208.0,1.17,4.11,8.22,,,-1.76,0.1891,56.3,5.36,,False,0.6896993314590923,,0.981,Nordic,True,,53.75585181253912,44.38783659356972,34.6795265113891,84.57684669546016,24.90118577075099,67.53164556962025,,50.0,,50.0,52.08878129997917,standard,290,48774666,False,36.3,False,28.17195325542571,21.368948247078464,23.45575959933222,50.04173622704508,50.04173622704508,50.04173622704508,1,SVAG,-8,UPPTREND,False,2,0.2857142857142857,LÅG,EJ AKTUELL,-3.8,True,0.75,SUSPICIOUS_FWD_PE;,2026-07-13,0
WPM.TO,Wheaton Precious Metals Corp.,Basic Materials,Gold,Canada,CAD,70766313450.39787,0.0,3.53933475,0.43,2.7604167999999993,25.664738,24.988,15.418,0.0918162515,0.08451874662500007,0.555857547,0.6067312799999999,0.45691996,0.8160000000000001,0.8680000000000001,1.292,-35.7525,2.4977499999999995,4.525,7455744.0,2164505088.0,7662000.0,68609470464.0,9125781000.0,,2314600000.0,,,1581641000.0,,1471720000.0,1904981000.0,0.69,0.1744,1.09,1.12,0.269,1779840000.0,1.187,225.98550369159796,119.82742501338764,155.8300018310547,263.23727,1.3125,7.0,2.22,,0.00113,0.71721,False,False,,0.5,806951.0,765740.0,0.5118601747815231,3.89,-22.06,-10.06,,-0.3104424873034527,0.46465164466354636,42.034686244178715,-0.09123907133444864,-0.09183341212948315,False,0.21841437138455266,,0.927,Canada,True,43.751553692730155,92.73858483920426,27.77209527973614,88.47009581008336,47.51550346653346,53.0961791831357,67.53164556962025,49.12559618441971,50.0,,50.0,52.05925848253087,commodity,291,84347887,False,36.8,False,28.17195325542571,45.40901502504174,2.5459098497495827,50.04173622704508,50.04173622704508,50.04173622704508,6,NEUTRAL,0,NEDTREND,True,3,0.42857142857142855,LÅG,EJ AKTUELL,0.4,True,0.875,,2026-07-13,0
NNN,"NNN REIT, Inc.",Real Estate,REIT - Retail,United States,USD,8897907325.378704,-11.939542624999998,-4.030570500000001,4.79,-2.2067374200000005,9.455656,14.691,-5.219750000000001,-0.017155000000000004,0.0021400005750000072,0.15326748450000005,0.22571998999999995,0.4799,-0.015999999999999993,-0.222,-0.026,20.13075,-0.5460000000000002,0.109,-2493260544.0,4570000.0,4854123008.0,13747460096.0,9379355000.0,,926213000.0,,,569868000.0,,389777000.0,667131000.0,5.16,1.161,2.4,5.19,0.6,1777507200.0,0.782,48.150001525878906,37.813283839333785,46.77000045776367,46.23333,2.88235,15.0,3.72,0.0525,0.00863,0.97897005,False,False,,0.5,1834790.0,1841670.0,0.24,2.34,9.32,,,-0.72,0.1718,64.2,4.06,,False,0.6065438545265939,,0.49,US,True,,72.82213757311993,47.30048668658512,24.632865589939488,61.13639759681878,87.22002635046113,30.189873417721518,6.200317965023848,50.0,36.82634730538922,50.0,52.05448851066703,standard,292,86134907,False,44.0,False,28.17195325542571,83.0550918196995,13.02170283806344,50.04173622704508,50.04173622704508,50.04173622704508,2,SVAG,-8,UPPTREND,False,2,0.2857142857142857,LÅG,EJ AKTUELL,-2.1,True,0.875,SUSPICIOUS_FWD_PE;,2026-07-13,0
FNV,Franco-Nevada Corporation,Basic Materials,Gold,Canada,USD,39635669349.56772,2.6004553749999983,3.694668499999999,,0.1737605999999996,18.985329,18.705,4.3147499999999965,0.03794,0.072524997075,0.5442550030000001,0.6370700399999999,0.43853995,0.677,0.8110000000000002,1.234,,4.244,5.431,-1927803584.0,714700032.0,0.0,39050952704.0,8241400000.0,,1822800000.0,,,1300900000.0,,1112100000.0,1493700000.0,0.85,0.2225,1.76,0.93,0.44,1781136000.0,0.897,284.59501209520727,152.31466343256295,205.52000427246094,282.8578,1.66667,9.0,3.01,,0.0061799996,0.85484004,False,False,,0.5,827983.0,698880.0,0.4800753428689152,-2.92,-20.84,-5.19,,-0.2778509968976297,0.37350856992748827,37.934677164341494,-0.07237262285738855,-0.08968148401561615,False,0.2314566841908572,,0.944,US,True,36.20566555860674,89.34222271917204,32.64607652245584,88.30398233359188,61.736679161267695,64.69038208168642,67.53164556962025,21.462639109697935,50.0,,50.0,52.045990651806214,commodity,293,143633821,False,39.2,False,28.17195325542571,58.764607679465776,5.342237061769616,50.04173622704508,50.04173622704508,50.04173622704508,5,NEUTRAL,0,NEDTREND,True,4,0.5714285714285714,MEDEL,EJ AKTUELL,-2.1,True,0.75,,2026-07-13,0
7011.T,"Mitsubishi Heavy Industries, Ltd.",Industrials,Specialty Industrial Machinery,Japan,JPY,12829279260120.0,8.803199499999998,16.35067,1.4189,1.3138163000000005,2.5791807,2.515,2.695375000000003,0.007032490000000034,-0.002389998849999995,-0.023337498750000005,0.019445015000000024,-0.06094498750000001,0.048,0.415,0.652,-11.456874999999998,-0.44050000000000017,0.614,269888248832.0,1334873948160.0,876239978496.0,12511964299264.0,6658924000000.0,,,,,,,,530459000000.0,0.79,0.23889999,30.0,1.72,15.0,1790640000.0,0.362,5193.207704974735,3152.1608119419643,3818.0,5323.078,1.6875,16.0,,,0.01845,0.45039,False,False,,0.5,23807265.0,21104140.0,0.675342130264464,9.27,-21.28,-8.0,,-0.26480891639619586,0.43833353424381855,46.2240663900415,-0.02627377570122058,-0.10463333604438174,True,0.5338591035782593,,0.838,Japan,True,78.63130510189333,47.769540825096925,31.567007597177014,70.49519345629486,45.94015654427724,7.378129117259552,67.53164556962025,77.26550079491255,50.0,,50.0,52.03638279635235,standard,295,496268245,False,51.0,False,77.29549248747914,5.759599332220367,55.342237061769616,50.04173622704508,50.04173622704508,50.04173622704508,4,NEUTRAL,0,NEDTREND,True,3,0.42857142857142855,LÅG,EJ AKTUELL,0.7,True,0.875,,2026-07-13,0
O,Realty Income Corporation,Real Estate,REIT - Retail,United States,USD,59036103354.88361,17.376231375000003,11.119196499999996,5.68,-2.7118684200000005,9.956772,15.352,-4.078749999999999,-0.077345,-0.013689999424999993,-0.07159249549999998,0.07546998999999996,0.44626999999999994,0.063,-0.016000000000000014,0.248,-16.84225,1.3589999999999995,1.049,698049024.0,395743008.0,30294552576.0,91023097856.0,72795612000.0,,5749377000.0,,,2593823000.0,,1058590000.0,3994754000.0,5.15,2.65,3.25,5.04,0.271,1785456000.0,0.729,66.76517850838935,53.09637936804043,63.310001373291016,68.0625,2.5,20.0,6.53,0.053200003,0.00125,0.80347997,False,False,,0.665,5996203.0,6183210.0,0.7201590327699617,3.81,1.48,13.3,,-0.0517511854576137,0.16858988508135858,69.8951108257811,0.02575804143239635,0.06086461665074916,True,0.7486122789611295,,0.0,US,True,,47.35168871129497,63.391638346194185,41.86777270811796,79.78063505676609,56.258234519104086,30.189873417721518,59.93640699523053,50.0,36.52694610778443,66.5,52.01824412810987,standard,296,391459034,False,49.9,False,72.78797996661102,48.580968280467445,12.353923205342237,50.04173622704508,50.04173622704508,50.04173622704508,4,NEUTRAL,0,UPPTREND,False,2,0.2857142857142857,LÅG,EJ AKTUELL,-0.4,True,0.875,,2026-07-13,0
TRV,"The Travelers Companies, Inc.",Financial Services,Insurance - Property & Casualty,United States,USD,72069542206.89645,-11.290649375000001,-3.9928940000000015,2.3596,-2.43495375,1.4682268,1.516,-4.706,0.07989500000000001,0.017824999925,-0.09894500399999996,-0.18439997000000002,-0.15092,-0.0525,3.443,3.332,-36.54075,-1.432,0.204,12204521728.0,7141000192.0,9267999744.0,74196541440.0,143708000000.0,,48828000000.0,,,,,6288000000.0,10606000000.0,1.48,0.1313,5.0,1.9,1.25,1781049600.0,0.473,349.3500061035156,245.28763749965526,338.9200134277344,321.73914,2.64286,23.0,3.72,0.0419,0.0026699998,0.87855005,False,False,,0.5,1684619.0,1707940.0,0.44,11.78,13.21,,,-1.17,0.1829,75.8,9.85,,True,0.7692137039760208,,1.0,US,True,,40.18797764351963,50.07967378845106,76.74676779104468,58.40392764697602,52.30566534914362,67.53164556962025,99.04610492845786,50.0,48.65269461077844,50.0,51.980601293824265,standard,297,578855048,False,64.4,False,97.53756260434056,44.657762938230384,71.95325542570951,50.04173622704508,50.04173622704508,50.04173622704508,5,NEUTRAL,0,UPPTREND,False,2,0.2857142857142857,LÅG,EJ AKTUELL,4.3,True,0.875,SUSPICIOUS_FWD_PE;,2026-07-13,0
ANZ.AX,ANZ Group Holdings Limited,Financial Services,Banks - Diversified,Australia,AUD,108547641171.36617,-4.194865749999996,-5.244572,2.13,-1.5137353299999996,5.044973,4.492,,-0.027850001,-0.003939999999999999,0.04180998800000005,0.13019002999999998,-0.26982,-0.0835,-0.126,0.002,,,,,284675014656.0,272083992576.0,96659644416.0,1297108000000.0,,22307000000.0,,,,,5891000000.0,26110000000.0,4.6,0.84139997,1.66,5.55,0.83,1778457600.0,0.566,40.07502154105189,28.347575452713524,36.04999923706055,35.47597,2.5,14.0,,,0.00013,0.36415002,False,False,,0.5,4886247.0,4044642.0,0.73459310834099,6.56,-5.04,4.04,25.29,-0.10043718379210864,0.21258407085044828,57.905140574783616,0.02622470244781705,0.014700002615134267,True,0.9794936647167578,,0.5,Australia,True,,48.12233498766294,53.67619136561598,24.92674952975254,81.3657005568903,42.68774703557312,67.53164556962025,,50.0,,50.0,51.97584028197046,standard,298,100989985,False,39.5,False,28.17195325542571,36.727879799666105,29.63272120200334,50.04173622704508,50.04173622704508,50.04173622704508,0,SVAG,-8,UPPTREND,False,2,0.2857142857142857,LÅG,EJ AKTUELL,-14.2,True,0.875,SUSPICIOUS_FWD_PE;,2026-07-13,0
WSM,"Williams-Sonoma, Inc.",Consumer Cyclical,Specialty Retail,United States,USD,26110310989.25,-5.477538125,2.491715499999996,2.8924,7.317123949999999,3.3364851,3.419,-1.6732500000000012,0.35356000000000004,0.09849501007499999,0.050185003000000006,0.05106000000000001,-0.019079979999999996,-0.028999999999999998,-0.064,0.0,1.7787500000000058,-0.09200000000000019,0.449,-214391424.0,651601024.0,1493564032.0,26952273920.0,5411912000.0,,7806816000.0,,,1415722000.0,,1088437000.0,1314889000.0,1.38,0.30719998,3.04,1.73,0.76,1784246400.0,1.485,244.64999389648438,159.42566900823817,221.75,212.63158,2.22727,19.0,5.13,0.0554,0.011510001,0.98964,False,False,,0.297,1203149.0,1164240.0,0.44,-1.69,11.56,,,-10.46,0.3623,38.5,4.81,,False,0.30606583570283297,,0.924,US,True,,73.92181966477321,38.05710581205254,44.30099260952398,49.985896628321534,71.93675889328063,67.53164556962025,39.7456279809221,50.0,34.4311377245509,29.7,51.96990539697381,standard,299,258170220,False,53.9,False,59.68280467445742,65.52587646076795,43.906510851419036,50.04173622704508,50.04173622704508,50.04173622704508,3,SVAG,-8,UPPTREND,False,2,0.2857142857142857,LÅG,EJ AKTUELL,-1.4,True,0.875,,2026-07-13,0
ASM.AS,ASM International NV,Technology,Semiconductor Equipment & Materials,Netherlands,EUR,44505879321.50757,13.921916749999996,12.574184124999997,2.0507,5.080828749999999,13.932492,13.639,22.46,0.09143251499999999,0.052120002000000006,0.217650009,0.18305749000000002,0.14231999999999995,-0.1015,,,-39.12249999999999,0.6460000000000002,1.702,-525732176.0,981600000.0,72000000.0,43596214272.0,5337000000.0,,3173200000.0,,,938100000.0,,723700000.0,1060900000.0,0.35,0.1489,3.25,0.61,3.25,1778630400.0,1.555,1092.5,398.4486910663275,910.4000244140625,1031.9474,1.73684,19.0,,,0.047340002,0.62832,False,False,,0.5,161772.0,158056.0,1.02,-13.21,18.51,46.36,,-17.55,0.4943,37.1,-3.77,,False,0.17752899000634406,,0.757,Europe,True,33.22315363491834,81.46634596592851,57.80974764090771,37.99813748146104,35.265216157110736,62.450592885375485,67.53164556962025,37.20190779014308,50.0,,50.0,51.946433256626136,standard,300,163907254,False,39.2,False,28.17195325542571,56.17696160267111,8.096828046744573,50.04173622704508,50.04173622704508,50.04173622704508,3,SVAG,-8,VARNING,False,2,0.2857142857142857,LÅG,EJ AKTUELL,-0.5,True,0.875,EXTREME_EARNINGS_GROWTH;,2026-07-13,0
CCI,Crown Castle Inc.,Real Estate,REIT - Specialty,United States,USD,34767766564.1149,-2.684692625000001,0.8759064999999975,1.2509,-22.001004720000005,8.1124325,15.332,2.18225,,0.0036600005750000077,-0.009222495499999997,0.09743997000000001,0.25849,-0.105,,,,-0.4360000000000003,0.09,103021440.0,55000000.0,29878999040.0,64591765504.0,31518000000.0,,4264000000.0,,,2086000000.0,,444000000.0,3057000000.0,5.54,1.7932,4.25,4.92,1.063,1781481600.0,0.972,110.4468887121738,73.75,79.66000366210938,99.07368,2.14286,19.0,2.59,0.0343,0.00096000003,1.0030999,False,False,,0.5,3908893.0,4580650.0,1.1201097516284733,-12.94,-6.91,-4.11,,-0.2787483233710232,0.29132526728789965,45.300828462582984,-0.07778178250996859,-0.07972933185675779,False,0.40812586871077766,,1.0,US,True,61.430264489088,64.44625418655961,38.59120348011678,53.10299037698755,43.386176092938165,67.06192358366272,30.189873417721518,50.87440381558028,50.0,55.98802395209581,50.0,51.93516244442934,standard,301,364894596,False,50.7,False,67.19532554257096,60.434056761268785,15.692821368948248,50.04173622704508,50.04173622704508,50.04173622704508,2,SVAG,-8,NEDTREND,True,2,0.2857142857142857,LÅG,EJ AKTUELL,-3.6,True,0.625,EXTREME_EARNINGS_GROWTH;SUSPICIOUS_FWD_PE;,2026-07-13,0
ASRNL.AS,ASR Nederland N.V.,Financial Services,Insurance - Diversified,Netherlands,EUR,13918165153.998962,16.033949,-1.7182038750000017,,-0.9797395499999999,0.82172996,-3.159,-15.94175,-0.094432495,0.012220001849999995,-0.20415,-0.01802998,0.14440996,0.0325,-0.727,-0.593,180.485,3.4250000000000003,4.738,404817824.0,92259000320.0,24227000320.0,-54100836352.0,142151000000.0,,13109000000.0,,,,,548000000.0,-569000000.0,5.0,1.4954,3.41,5.97,2.14,1779408000.0,0.509,68.30000305175781,53.89067474580092,68.04000091552734,70.01357,1.93333,14.0,,,0.00021,0.86624,False,False,,0.5,475118.0,431838.0,0.7307449044328616,4.94,13.39,14.69,25.46,-0.003806766099753167,0.1584639368866603,60.956134125045786,0.04414155169155154,0.1407548984383742,True,0.9894969716811035,,0.5,Europe,True,,40.09891903238496,72.94872106972517,22.278345597007807,70.51188653704074,81.55467720685112,30.189873417721518,,50.0,,50.0,51.85147643994446,standard,302,33468796,False,67.1,False,81.0517529215359,76.12687813021702,85.72621035058431,50.04173622704508,50.04173622704508,50.04173622704508,4,NEUTRAL,0,UPPTREND,False,2,0.2857142857142857,LÅG,EJ AKTUELL,1.4,True,1.0,SUSPICIOUS_FWD_PE;,2026-07-13,0
ANTO.L,Antofagasta plc,Basic Materials,Copper,United Kingdom,GBp,48205203565334.49,17.955077749999994,11.96038325,0.92,2.47664815,4.296676,5.111,-1.6050000000000022,0.04397749749999999,0.036342496825,0.033345026999999944,0.21082499500000002,0.09789500000000001,0.218,-0.0030000000000000027,0.417,-11.015,1.1189999999999998,2.595,-613675028.0,4909899776.0,7659400192.0,44055465984.0,26418400000.0,,8620300000.0,,,3402600000.0,,1328900000.0,3071600000.0,1.29,0.2982,0.48,3.31,0.355766,1776297600.0,1.405,55365.4048538208,23588.785133285946,48896.76543235779,3807.1726,2.90476,21.0,,,0.65474,0.22674999,False,False,,0.5,1376923.0,973603.0,0.42687463451021607,-0.29,3.5,13.69,100.89,-0.11683540359800348,0.48331084822079634,46.627075546816535,-0.01622609095747829,0.1373259139471712,False,0.4160482027117365,,0.5,UK,True,,71.91411671120999,70.84043453553645,57.97808822394471,39.839017986090134,3.1620553359683794,67.53164556962025,36.248012718600954,50.0,,50.0,51.84972796865946,commodity,303,47606037515,False,35.2,False,28.17195325542571,2.5459098497495827,34.80801335559266,50.04173622704508,50.04173622704508,50.04173622704508,4,NEUTRAL,0,VARNING,False,3,0.42857142857142855,LÅG,EJ AKTUELL,9.9,True,1.0,,2026-07-13,0
GE,GE Aerospace,Industrials,Aerospace & Defense,United States,USD,374839756956.00476,10.212802374999999,18.171698,8.6407,14.52520915,7.7479334,7.986,15.07725,0.263662515,-0.014869995924999999,0.07062001600000001,0.06536001999999999,-0.16821000000000003,0.182,-0.084,-0.037,42.37025000000001,-0.46850000000000014,0.65,4568146176.0,10581000192.0,21321000960.0,385819770880.0,130169000000.0,,45855000000.0,,,8680000000.0,,8704000000.0,8537000000.0,0.52,0.1925,1.88,0.4,0.47,1783296000.0,1.348,382.49321489599305,250.12974786725079,359.2699890136719,372.0476,1.5,21.0,2.49,0.0124,0.00302,0.80982,False,False,,0.5,5659204.0,4972640.0,0.32,6.51,13.63,,,-6.52,0.3817,49.4,7.91,,False,0.4789739390778832,,1.0,US,True,55.37563231680879,57.156557261705075,44.636206475374415,58.99161812530106,33.56090731845353,25.823451910408433,67.53164556962025,65.34181240063593,50.0,88.32335329341318,50.0,51.82410049378102,standard,305,1786520318,False,45.8,False,69.69949916527545,22.20367278797997,16.69449081803005,50.04173622704508,50.04173622704508,50.04173622704508,3,SVAG,-8,UPPTREND,False,1,0.14285714285714285,LÅG,EJ AKTUELL,-4.2,True,0.875,,2026-07-13,0
DNB.OL,DNB Bank ASA,Financial Services,Banks - Regional,Norway,NOK,427968035216.39935,-4.576720249999999,-3.8470665000000004,5.22,-1.3309485,4.8678684,13.856,,-0.005264999999999992,-0.01093000015,0.25114249,0.22607127100000007,-0.448525,-0.0795,-0.21000000000000002,-0.093,,,,,672902021120.0,1450560978944.0,1212442345472.0,3695290000000.0,,89445000000.0,,,,,43547000000.0,72590000000.0,6.03,0.601,18.0,5.88,18.0,1776816000.0,0.337,301.20001220703125,241.61848144381588,298.79998779296875,306.17648,3.0,17.0,,,0.45593,0.45676997,False,False,,0.5,1976532.0,1433179.0,1.1,3.5,3.26,,,-0.5,0.1747,58.0,3.29,,True,0.7893637985763065,,0.716,Nordic,True,,53.5259491515459,42.83847266850819,28.627038518073128,90.73614370825058,24.50592885375494,67.53164556962025,,50.0,,50.0,51.78912285135266,standard,306,43782709,False,37.2,False,28.17195325542571,21.03505843071786,30.217028380634392,50.04173622704508,50.04173622704508,50.04173622704508,1,SVAG,-8,UPPTREND,False,2,0.2857142857142857,LÅG,EJ AKTUELL,-6.0,True,0.75,SUSPICIOUS_FWD_PE;,2026-07-13,0
CAT,Caterpillar Inc.,Industrials,Farm & Heavy Construction Machinery,United States,USD,438672398159.6164,11.520816374999999,7.698500000000001,2.2045,16.871908149999996,6.077878,6.762,12.98825,0.322692495,0.021810005075,0.02527000600000001,0.04509002000000001,-0.19368002,0.157,0.236,0.273,156.63625,-0.12350000000000017,0.73,2676771328.0,3316000000.0,43065999360.0,478464311296.0,98585000000.0,,67589000000.0,,,11151000000.0,,8884000000.0,11739000000.0,0.69,0.2958,6.52,1.72,1.51,1784505600.0,1.565,1073.4599609375,397.39909501532196,952.4099731445312,962.4865,2.10714,26.0,2.39,0.0219,0.0021600001,0.72833,False,False,,0.5,3040036.0,4502230.0,0.3,3.82,17.93,,,-12.49,0.435,39.4,0.41,,False,0.3786741857705994,,0.783,US,True,49.63723081370139,62.72400568488115,42.65441494259353,69.94828829667098,26.604059707988114,24.110671936758894,67.53164556962025,55.325914149443555,50.0,73.95209580838323,50.0,51.76710857441031,standard,307,4287968753,False,45.0,False,63.68948247078464,20.70116861435726,22.871452420701168,50.04173622704508,50.04173622704508,50.04173622704508,4,NEUTRAL,0,UPPTREND,False,3,0.42857142857142855,LÅG,EJ AKTUELL,7.6,True,0.875,,2026-07-13,0
VIG.VI,Vienna Insurance Group AG,Financial Services,Insurance - Diversified,Austria,EUR,8537599609.375,-5.26163,-4.078037875000003,1.21,-1.12610715,0.6137449,-0.202,-9.15575,-0.027312494999999992,0.0014000038499999944,-0.175589997,-0.252699975,-0.22270999,0.020500000000000004,0.499,0.632,-25.878999999999998,0.007000000000000228,1.371,134995104.0,13896567808.0,2414864896.0,-2783596032.0,54315636000.0,,14781083000.0,,,,,834866000.0,842256000.0,2.62,0.2399,1.73,4.15,1.73,1779753600.0,0.438,67.5999984741211,41.85729612700173,66.69999694824219,69.375,,4.0,,,0.72470003,0.10576,False,False,,0.5,42294.0,26295.0,0.5088386985301201,7.58,2.88,1.97,56.98,-0.013313632340146375,0.3035505363977396,51.45629342010626,0.042133530659956175,0.1427645479054409,True,0.7590335871525151,,0.5,Europe,True,,24.482911118057736,67.17618438874973,58.51866748283917,63.43167181821474,88.14229249011858,67.53164556962025,,50.0,,50.0,51.75279333994017,standard,308,1997809,False,67.3,False,74.70784641068448,83.63939899833055,90.40066777963273,50.04173622704508,50.04173622704508,50.04173622704508,6,NEUTRAL,0,UPPTREND,False,3,0.42857142857142855,LÅG,EJ AKTUELL,6.2,True,1.0,SUSPICIOUS_FWD_PE;,2026-07-13,0
2269.HK,WuXi Biologics (Cayman) Inc.,Healthcare,Biotechnology,China,HKD,155873193741.9371,6.100895000000001,5.763009999999999,1.0742,0.46863785000000013,7.1534224,6.887,6.554,0.00672999749999998,0.018019999949999997,0.090052495,0.14950499000000003,0.08891500000000002,0.08749999999999998,0.281,0.383,-9.225,1.25,2.965,-4947785728.0,15732761600.0,3104066048.0,150072639488.0,63696738000.0,,21790018000.0,,,7056897000.0,,4908343000.0,6340922000.0,,0.0,,,,,0.585,44.0,25.600000381469727,37.959999084472656,47.110718,1.48,22.0,,,0.09988,0.39470002,False,False,,0.5,29866244.0,39242034.0,0.64,,,,,,0.4618,77.8,,,True,0.8711154355044763,,0.5,Asia,True,35.96907067495303,68.74320175045143,,60.04864889459319,59.56044077509309,36.62714097496706,12.658227848101266,26.70906200317965,50.0,,50.0,51.751809282960494,standard,309,190047155,False,37.0,False,28.17195325542571,31.21869782971619,18.697829716193656,50.04173622704508,50.04173622704508,50.04173622704508,5,NEUTRAL,0,UPPTREND,False,2,0.2857142857142857,LÅG,EJ AKTUELL,3.5,True,0.875,,2026-07-13,0
POW.TO,Power Corporation of Canada,Financial Services,Insurance - Life,Canada,CAD,52377376949.76364,-0.3902537499999976,0.14226275000000044,0.9648,-0.6626726500000003,1.4538889,-2.426,-23.30075,-0.039298748499999994,-0.020271250524999954,-0.17148250999999998,-0.17216876000000003,0.12385999000000003,0.011499999999999996,0.07699999999999999,0.197,0.6635000000000026,77.30975,64.623,-26988984832.0,196672995328.0,21473599488.0,-95732490240.0,925735000000.0,,37649000000.0,,,,,2627000000.0,4780000000.0,2.93,0.60220003,2.67,4.89,0.668,1782777600.0,0.937,92.16000366210938,50.62202192476823,91.04000091552734,82.55556,2.88889,9.0,2.35,,0.0061500003,0.42761,False,False,,0.5,2179498.0,2762830.0,0.23,3.61,22.27,26.86,,-2.76,0.2219,53.7,6.26,,True,0.8434925583867741,,0.622,Canada,True,,27.72996432522201,64.2861655646172,51.60737292853825,81.79878845783713,59.42028985507246,67.53164556962025,,50.0,,50.0,51.74711493038405,standard,310,177798549,False,48.4,False,28.17195325542571,53.50584307178631,72.28714524207011,50.04173622704508,50.04173622704508,50.04173622704508,3,SVAG,-8,UPPTREND,False,3,0.42857142857142855,LÅG,EJ AKTUELL,-6.5,True,0.875,SUSPICIOUS_FWD_PE;,2026-07-13,0
FDS,FactSet Research Systems Inc.,Financial Services,Financial Data & Stock Exchanges,United States,USD,8788601352.437485,-5.410961375,-3.185206000000001,1.0752,-0.33079725000000004,3.6041625,4.124,-0.9410000000000007,0.09749500000000001,0.084195009925,-0.02221500399999997,-0.06641997,0.03412000000000004,0.0015000000000000013,-0.229,-0.147,11.768250000000005,-1.084,0.558,-478692224.0,304236000.0,1570642048.0,10055007232.0,4304272000.0,,2321748000.0,,,748303000.0,,597040000.0,726260000.0,1.92,0.2938,4.64,1.0,1.16,1780012800.0,0.715,445.8032681422438,183.15660522687796,247.11000061035156,254.0,3.33333,16.0,5.13,0.1713,0.00426,1.09507,False,False,,0.581,940170.0,1176650.0,0.48969560336504037,0.42,16.3,-14.8,,-0.4456971981382931,0.44211957042737543,64.2494560054972,0.062472992133846716,-0.001609752055078073,True,0.7239906699214267,,0.63,US,True,,59.74174574745429,46.497256548061955,31.153911912860707,44.13836870198601,87.74703557312253,67.53164556962025,21.62162162162162,50.0,8.08383233532934,58.099999999999994,51.74613095620272,standard,311,290761982,False,48.1,False,28.17195325542571,83.47245409015025,40.15025041736227,50.04173622704508,50.04173622704508,50.04173622704508,2,SVAG,-8,NEDTREND,True,1,0.14285714285714285,LÅG,EJ AKTUELL,-10.4,True,0.875,SUSPICIOUS_FWD_PE;,2026-07-13,0
SU.PA,Schneider Electric S.E.,Industrials,Specialty Industrial Machinery,France,EUR,151623089238.8181,5.424040749999998,3.522320124999999,1.9412,2.4210834500000002,3.7811291,4.163,5.370500000000002,-0.012565000000000007,0.015125003999999997,0.013835009999999981,0.04394000000000001,0.04515999999999998,-0.023,-0.128,-0.057,13.952000000000009,-0.10649999999999982,0.844,3398817824.0,4633999872.0,19908999168.0,167134396416.0,62504000000.0,,40152000000.0,,,7010000000.0,,4163000000.0,6131000000.0,1.56,0.4889,4.2,1.77,4.2,1778457600.0,1.155,293.70001220703125,205.58298415658774,269.6499938964844,308.79166,1.45833,24.0,,,0.03477,0.52674997,False,False,,0.5,965223.0,843065.0,0.65,-0.59,2.46,18.07,,-8.27,0.3596,39.6,-1.65,,False,0.22007544727897763,,0.5,Europe,True,72.42751842751842,57.95643407065948,43.389343391871456,27.266553448172004,49.2490944597655,37.417654808959156,67.53164556962025,75.67567567567568,50.0,,50.0,51.69635235295384,standard,313,258950290,False,52.3,False,77.12854757929884,31.803005008347245,38.48080133555926,50.04173622704508,50.04173622704508,50.04173622704508,5,NEUTRAL,0,VARNING,False,2,0.2857142857142857,LÅG,EJ AKTUELL,3.2,True,0.875,,2026-07-13,0
UDR,"UDR, Inc.",Real Estate,REIT - Residential,United States,USD,12908898744.955418,-7.490002625,44.761911500000004,8.17,-0.20108112000000067,8.332307,11.103,-2.7197500000000012,0.017845003999999998,-0.014679999424999994,0.017237504500000042,-0.16025001,0.18648999999999993,-0.014999999999999993,1.321,1.474,52.05875,-0.4800000000000001,0.003,-92723072.0,2371000.0,5845310976.0,19615119360.0,10605674000.0,,1712317000.0,,,322375000.0,,377704000.0,902887000.0,4.36,1.1701,1.73,3.85,0.435,1784246400.0,0.695,42.0,32.15207637461423,39.72999954223633,40.61905,2.54545,21.0,2.57,0.0507,0.0044,1.1045899,False,False,,0.9,4412786.0,3215380.0,0.28,2.63,16.96,,,-2.67,0.22,69.4,4.7,,False,0.5738647672460632,,0.519,US,True,,46.60415605545525,51.2146494541218,63.74453846033328,54.787344583562316,82.74044795783925,30.189873417721518,42.289348171701114,50.0,39.82035928143712,100.0,51.68997478602912,standard,314,127747046,False,53.8,False,69.53255425709516,77.54590984974958,15.108514190317196,50.04173622704508,50.04173622704508,50.04173622704508,4,NEUTRAL,0,UPPTREND,False,1,0.14285714285714285,LÅG,EJ AKTUELL,7.8,True,0.875,,2026-07-13,0
PEP,"PepsiCo, Inc.",Consumer Defensive,Beverages - Non-Alcoholic,United States,USD,187661086669.92188,-10.116802625000002,-4.014634000000001,1.4843,2.8967665749999987,1.9660876,2.415,-3.191250000000001,0.22295001999999997,0.01646499507499999,0.0016650060000000105,0.042327487999999996,0.06413000000000002,0.04900000000000001,0.21400000000000002,0.269,145.27775,-0.26700000000000024,0.667,7646396672.0,10828000256.0,52728000512.0,230475677696.0,107399000000.0,,93925000000.0,,,13491000000.0,,8240000000.0,12087000000.0,4.15,0.8932,5.92,3.03,1.48,1780617600.0,0.368,168.19198174363117,128.65616987738687,137.3800048828125,162.81818,2.58333,22.0,3.65,0.0256,0.00182,0.80974,False,False,,0.5,8184877.0,10971650.0,0.3,-3.67,-10.24,,,-17.2,0.2311,46.5,-4.46,,False,0.12187169015885355,,0.683,US,True,,66.8571976236194,10.626491534659976,60.91645735044724,54.97343083313369,33.72859025032938,67.53164556962025,86.16852146263912,50.0,66.01796407185628,50.0,51.6592697029107,standard,316,1507285331,False,58.2,False,87.3956594323873,28.71452420701169,63.60601001669449,50.04173622704508,50.04173622704508,50.04173622704508,4,NEUTRAL,0,VARNING,False,3,0.42857142857142855,LÅG,EJ AKTUELL,3.7,True,0.875,SUSPICIOUS_FWD_PE;,2026-07-13,0
BLK,"BlackRock, Inc.",Financial Services,Asset Management,United States,USD,160592270226.34973,4.306943625,0.9813010000000002,1.1652,-1.84134985,6.5712566,6.603,4.647999999999998,-0.053834995999999996,0.009554999925,-0.010345013999999972,-0.01545995,-0.010790020000000011,0.20750000000000002,0.326,0.465,-41.88074999999999,0.40100000000000013,1.596,5982521600.0,13144999936.0,14965000192.0,169287483392.0,169998000000.0,,24216000000.0,,,7909000000.0,,5553000000.0,3927000000.0,2.25,0.5376,22.92,2.34,5.73,1780617600.0,1.443,1200.5442226097864,912.2493207582107,1036.1099853515625,1255.0,1.58824,16.0,2.36,0.0136,0.0191,0.84248,False,False,,0.5,736680.0,866320.0,0.6872177498527391,2.39,4.03,-2.54,,-0.13696641419902955,0.2654575825601275,46.972720010700314,0.003919969233102005,-0.014185133580516207,True,0.6973017628263325,,0.934,US,True,82.06720624367682,44.73892810478849,53.8580422877298,79.06672514361064,51.477230921413366,35.83662714097497,67.53164556962025,87.75834658187598,50.0,86.22754491017965,50.0,51.656643515966145,holding,317,897602803,False,51.8,False,86.14357262103506,30.71786310517529,20.784641068447414,50.04173622704508,50.04173622704508,50.04173622704508,4,NEUTRAL,0,NEDTREND,True,3,0.42857142857142855,LÅG,EJ AKTUELL,0.8,True,0.875,SUSPICIOUS_FWD_PE;,2026-07-13,0
ITW,Illinois Tool Works Inc.,Industrials,Specialty Industrial Machinery,United States,USD,77336636297.60742,-9.653304625,-0.9383290000000013,2.6264,17.776331149999997,4.767686,5.281,-1.7627499999999987,0.7778624949999999,0.107060001075,0.085199996,0.12001001,-0.038479980000000025,-0.019000000000000003,0.05199999999999999,0.097,209.06325,-0.2885000000000002,0.789,1115896320.0,827000000.0,9148000256.0,85658640384.0,16148000000.0,,16044000000.0,,,4216000000.0,,3066000000.0,3126000000.0,2.43,0.5877,6.44,2.26,1.61,1782777600.0,1.011,299.4414681991758,234.37654391512544,268.80999755859375,278.97644,3.25,14.0,6.87,0.0354,0.00368,0.86469,False,False,,0.716,1390180.0,1402060.0,0.4,7.36,-0.49,,,-8.24,0.2266,59.2,5.85,,False,0.6725631271731407,,0.858,US,True,,77.84422351946242,24.20034951237387,51.33725509816918,42.30486421047392,50.856389986824766,67.53164556962025,67.24960254372019,50.0,55.08982035928144,71.6,51.64384182734851,standard,318,376887745,False,52.1,False,73.95659432387312,43.15525876460768,31.05175292153589,50.04173622704508,50.04173622704508,50.04173622704508,4,NEUTRAL,0,UPPTREND,False,2,0.2857142857142857,LÅG,EJ AKTUELL,8.6,True,0.875,SUSPICIOUS_FWD_PE;,2026-07-13,0
CSL,Carlisle Companies Incorporated,Industrials,Building Products & Equipment,United States,USD,13357116788.652466,-15.027717625000001,-8.925338,1.0511,1.8903221499999998,2.683468,3.104,-6.93975,0.19166249500000004,0.045390005075,0.03770000600000001,0.03732000999999999,-0.12398999999999999,-0.10500000000000001,-0.098,-0.109,100.57125000000002,1.9034999999999997,2.434,-377603584.0,771299968.0,2888600064.0,15443718144.0,6263000000.0,,5019900000.0,,,1002500000.0,,740700000.0,1101800000.0,1.33,0.25100002,4.4,1.03,1.1,1779062400.0,0.848,430.5372112320468,291.6678355327013,330.0899963378906,407.2857,2.11111,7.0,5.52,0.0792,0.01145,1.03717,False,False,,0.5,441962.0,660700.0,1.4521511196199643,-5.06,-5.5,1.67,,-0.23330669747850918,0.383341850793195,36.54197798922877,-0.055662019566974585,-0.039926740665764515,False,0.11532582824708057,,0.722,US,True,,65.93046724325454,44.54007765779313,30.16614327035122,51.780724548052056,82.47694334650856,67.53164556962025,31.160572337042925,50.0,22.305389221556887,50.0,51.64334945106255,standard,319,218090461,False,49.2,False,28.17195325542571,76.87813021702839,54.257095158597664,50.04173622704508,50.04173622704508,50.04173622704508,3,SVAG,-8,NEDTREND,True,2,0.2857142857142857,LÅG,EJ AKTUELL,-8.3,True,0.875,SUSPICIOUS_FWD_PE;,2026-07-13,0
KNIN.SW,Kuehne + Nagel International AG,Industrials,Integrated Freight & Logistics,Switzerland,CHF,24405195207.0,0.7788637499999975,3.254790124999998,2.608,6.051277949999999,1.0276304,1.151,3.5035000000000007,0.15406502,0.007625007999999996,-0.05464499000000001,-0.0711,-0.010429999999999995,-0.18,-0.225,-0.158,77.421,-0.26349999999999985,0.991,-207557184.0,749000000.0,3622000128.0,27345532928.0,11927000000.0,,24476000000.0,,,1237000000.0,,882000000.0,1781000000.0,2.94,1.1735,6.0,4.16,6.0,1778198400.0,0.641,210.5,142.4033839338917,205.5,187.05556,3.22222,18.0,,,0.60231996,0.18285999,False,False,,0.5,214080.0,235486.0,0.6239909053100827,5.57,16.27,22.64,,-0.02375296912114011,0.28577315130965386,75.83815734510478,0.10579860308861133,0.2156863574316965,True,0.7786358888792498,,0.239,Europe,True,50.75140916317387,50.02146604583166,79.98257733185666,11.238721003216863,50.654445770092565,73.38603425559947,30.189873417721518,39.90461049284579,50.0,,50.0,51.61940307199191,standard,320,59464701,False,51.7,False,28.17195325542571,66.86143572621035,80.80133555926544,50.04173622704508,50.04173622704508,50.04173622704508,3,SVAG,-8,UPPTREND,False,1,0.14285714285714285,LÅG,EJ AKTUELL,-4.4,True,0.875,,2026-07-13,0
SLHN.SW,Swiss Life Holding AG,Financial Services,Insurance - Diversified,Switzerland,CHF,26084328515.463135,5.830309,5.617134124999998,2.7261,1.3131675500000002,2.2134953,-3.638,-29.732749999999996,0.01493750499999999,-0.010509997150000006,-0.13077999999999998,-0.20197998,-0.029109980000000035,-0.051500000000000004,-0.035,0.073,139.73800000000006,4.08,5.365,-807432176.0,83701997568.0,14849999872.0,-42600673280.0,219125000000.0,,17796000000.0,,,,,1231000000.0,,3.93,0.8052,36.5,4.56,36.5,1778457600.0,0.527,939.2000122070312,760.0860925810925,933.4000244140625,860.6167,3.25,12.0,,,0.00397,0.39233002,False,False,,0.5,68991.0,42503.0,1.0062263977157595,9.37,7.49,7.2,,-0.006175455406287056,0.15814222037265824,79.2452706026352,0.07328291833641032,0.10688181255919815,True,0.996570294286533,,0.5,Europe,True,,31.742906826978224,68.42258180811534,33.26061092493786,72.19343093388245,72.06851119894598,67.53164556962025,,50.0,,50.0,51.57939556562616,standard,322,48749449,False,48.4,False,28.17195325542571,65.6093489148581,59.766277128547586,50.04173622704508,50.04173622704508,50.04173622704508,1,SVAG,-8,UPPTREND,False,3,0.42857142857142855,LÅG,EJ AKTUELL,-7.6,True,0.875,,2026-07-13,0
MKTX,MarketAxess Holdings Inc.,Financial Services,Capital Markets,United States,USD,4046522140.2715607,-7.826472374999999,-2.7860520000000015,0.9596,-1.2814011500000004,4.6454506,4.448,-2.889000000000001,0.07015500000000001,0.081344995925,0.10093499600000004,0.06695004999999996,0.14088999999999996,0.056499999999999995,4.367,4.17,-41.26474999999999,3.174,4.275,-1353640688.0,477640000.0,291960992.0,3874363136.0,1934886000.0,,846268000.0,,,341838000.0,,246627000.0,382139000.0,2.74,0.36259997,3.12,1.2,0.78,1779235200.0,0.87,215.18605323081837,108.75,113.86000061035156,166.81818,2.5,11.0,2.46,0.076799996,0.009330001,1.11489,False,False,,0.785,665752.0,708320.0,0.6635320380004234,-2.27,-33.73,-33.8,,-0.4708764861809137,0.28735061195989314,40.19399342840439,-0.11413378378218908,-0.28975730904351416,True,0.3377213033512516,,0.884,US,True,,76.37260584337574,16.628096065470643,82.3578870947335,69.68197286671851,94.33465085638998,67.53164556962025,2.384737678855326,50.0,23.952095808383234,78.5,51.56336334329843,holding,323,80649316,False,48.0,False,28.17195325542571,90.90150250417362,32.053422370617696,50.04173622704508,50.04173622704508,50.04173622704508,4,NEUTRAL,0,NEDTREND,True,4,0.5714285714285714,MEDEL,EJ AKTUELL,-2.2,True,0.875,SUSPICIOUS_FWD_PE;,2026-07-13,0
DANSKE.CO,Danske Bank A/S,Financial Services,Banks - Regional,Denmark,DKK,297147849915.0,-2.116768249999998,-3.0150974999999995,6.7661,-1.1073344999999999,5.244033,21.504,,-0.012124999999999997,-0.015660000450000003,0.17026249000000002,0.165451311,-0.448525,-0.0535,-0.11900000000000001,-0.012,,,,,629637971968.0,1549290045440.0,1218510061568.0,3753911000000.0,,56845000000.0,,,,,23037000000.0,22555000000.0,4.58,0.605,16.94,5.27,6.14,1777852800.0,0.586,369.6000061035156,227.51571341331132,367.5,373.25,2.0,16.0,,,0.22231,0.34013,False,False,,0.5,1028281.0,840633.0,1.04,7.27,13.9,,,-1.06,0.2199,65.5,7.89,,True,0.874792082429692,,0.719,Nordic,True,,48.8231857623046,51.69128286073999,33.97193901135794,79.19299512547391,27.931488801054016,67.53164556962025,,50.0,,50.0,51.49879173420388,standard,325,47064047,False,37.4,False,28.17195325542571,23.78964941569282,28.63105175292154,50.04173622704508,50.04173622704508,50.04173622704508,1,SVAG,-8,UPPTREND,False,2,0.2857142857142857,LÅG,EJ AKTUELL,-3.7,True,0.75,SUSPICIOUS_FWD_PE;,2026-07-13,0
SECT-B.ST,Sectra AB (publ),Healthcare,Medical Devices,Sweden,SEK,50708880693.62814,71.90840050000001,66.78525499999999,,21.793469299999998,15.083391,14.451,55.7315,0.13631500000000002,0.04116,0.0455875,-0.006143758999999985,-0.07142500000000002,0.0465,0.08700000000000001,0.2,-37.95625000000001,-0.54725,1.569,-168658112.0,1810310016.0,76484000.0,52683366400.0,4473711000.0,,3546534000.0,,,716635000.0,,563778000.0,1097318000.0,0.46,0.3754,1.3,0.52,2.3,1788912000.0,0.908,374.97630901630845,173.3000030517578,282.3999938964844,336.66666,,3.0,,,0.27826,0.47853002,False,False,,0.5,158823.0,110287.0,0.52,-5.17,19.43,,,-8.09,0.3909,54.7,2.49,,False,0.44331585033702064,,0.838,Nordic,True,34.028905911258846,64.09277387295114,47.519495649886316,60.638862587766624,35.23039845103063,59.94729907773386,67.53164556962025,44.19713831478537,50.0,,50.0,51.49135543588793,standard,326,3209734,False,38.8,False,28.17195325542571,54.00667779632721,7.429048414023372,50.04173622704508,50.04173622704508,50.04173622704508,4,NEUTRAL,0,UPPTREND,False,3,0.42857142857142855,LÅG,EJ AKTUELL,6.8,True,0.875,,2026-07-13,0
SBRY.L,SBRY.L,Unknown,Unknown,Unknown,USD,,,,,,,,,,,,,,,,,,,,,,,,18943000000.0,,33647000000.0,,,953000000.0,,393000000.0,1774000000.0,,,,,,,,4603.91672889974,3603.3770511790867,4419.8637890815735,,,,,,,,False,False,,0.5,,,0.7316293098678752,12.14,0.87,14.56,22.31,-0.03997746932798063,0.22135784975975586,86.79913078769532,0.113597250627131,0.07755195279646077,True,0.8618631552544763,,0.5,UK,True,,,61.4520409492143,29.11392405063291,86.91099476439791,,12.658227848101266,,50.0,,50.0,51.45650621571223,standard,327,,True,44.6,False,28.17195325542571,50.04173622704508,50.04173622704508,50.04173622704508,50.04173622704508,50.04173622704508,1,SVAG,-8,UPPTREND,False,2,0.2857142857142857,LÅG,EJ AKTUELL,,True,0.125,EXTREME_GROWTH;EXTREME_EARNINGS_GROWTH;,2026-07-13,0
AMD,"Advanced Micro Devices, Inc.",Technology,Semiconductors,United States,USD,909695814377.4615,142.521871375,18.338170999999996,1.3096,6.388170949999999,24.13053,24.062,99.61775,-0.09922,-0.03148500092499999,0.02316500500000001,0.0001975000000000171,0.050899999999999945,0.2485,0.71,0.951,-41.494249999999994,0.947,1.75,6073521408.0,12346999808.0,3871000064.0,901219811328.0,76926000000.0,,34639000000.0,,,3694000000.0,,4335000000.0,7709000000.0,,0.0,,,,798940800.0,2.469,584.72998046875,141.60000610351562,557.8900146484375,516.125,1.48077,48.0,1.3,0.0256,0.00397,0.71984,False,False,,0.5,36705606.0,30788550.0,0.52,10.41,118.49,,,-7.16,0.7584,48.0,10.98,,False,0.8125511503066796,,0.746,US,True,42.549501373030786,39.75333401845732,58.90345190446662,79.38126065071015,28.976402493964418,19.367588932806324,12.658227848101266,58.18759936406995,50.0,66.01796407185628,50.0,51.36405484645019,standard,329,17176624611,False,41.5,False,64.02337228714524,17.111853088480803,2.5459098497495827,50.04173622704508,50.04173622704508,50.04173622704508,4,NEUTRAL,0,UPPTREND,False,1,0.14285714285714285,LÅG,EJ AKTUELL,9.6,True,0.875,,2026-07-13,0
PGR,The Progressive Corporation,Financial Services,Insurance - Property & Casualty,United States,USD,134325184710.69336,-9.662789375,-1.7571760000000012,35.0092,-0.4754808500000005,1.5022668,1.576,-2.421000000000001,0.20620499999999997,0.052754999925000004,-0.12504500399999996,-0.20790997000000003,-0.29407999,0.024499999999999994,-0.035,0.098,-39.341750000000005,-1.4660000000000002,0.242,14401771776.0,2288000000.0,8385999872.0,140916113408.0,123039000000.0,,87637000000.0,,,,,11308000000.0,17548000000.0,6.06,0.70699996,13.9,1.95,0.1,1782950400.0,0.246,239.3800048828125,187.78087006708716,230.72000122070312,233.0,2.72,21.0,2.09,0.0134000005,0.00252,0.90492994,False,False,,0.5,3191173.0,3399780.0,0.26,15.33,16.88,,,-0.53,0.2446,72.1,12.77,,True,0.7702274714498353,,0.653,US,True,,42.55858509603722,56.7966533250653,46.131675208494684,56.75674982630117,38.866930171278,67.53164556962025,97.77424483306835,50.0,86.52694610778443,50.0,51.33898801644731,standard,331,784397246,False,62.6,False,97.53756260434056,33.30550918196995,71.45242070116862,50.04173622704508,50.04173622704508,50.04173622704508,4,NEUTRAL,0,UPPTREND,False,1,0.14285714285714285,LÅG,EJ AKTUELL,9.3,True,0.875,SUSPICIOUS_FWD_PE;,2026-07-13,0
ATCO-A.ST,Atlas Copco AB (publ),Industrials,Specialty Industrial Machinery,Sweden,SEK,634021035477.5067,7.594949500000002,8.074430500000002,2.8238,3.2661246,5.61112,5.7,3.849000000000003,0.05791249500000002,0.04654500100000001,0.06823749999999999,0.06188126100000001,-0.022175,-0.11599999999999999,-0.118,-0.051,-29.839000000000006,0.18424999999999997,1.185,20445499072.0,20828000256.0,35472998400.0,947136430080.0,202454000000.0,,168343000000.0,,,34811000000.0,,26420000000.0,32566000000.0,1.57,0.5607,3.0,1.54,2.5,1792368000.0,1.072,197.89999389648438,139.96714715217726,191.10000610351562,203.90475,1.95238,21.0,,,0.00029,0.69111,False,False,,0.5,4350176.0,3559616.0,0.8,1.64,6.93,,,-4.26,0.3191,48.2,2.83,,False,0.43408465856409456,,0.093,Nordic,True,76.01532013296719,67.59786364559709,38.80385966890279,15.986673023158271,50.35817669600015,21.080368906455863,67.53164556962025,77.42448330683625,50.0,,50.0,51.27087329840363,standard,335,70104184,False,49.8,False,82.5542570951586,18.196994991652755,26.293823038397328,50.04173622704508,50.04173622704508,50.04173622704508,4,NEUTRAL,0,UPPTREND,False,3,0.42857142857142855,LÅG,EJ AKTUELL,3.3,True,0.875,,2026-07-13,0
SYF,Synchrony Financial,Financial Services,Credit Services,United States,USD,24366661151.69641,-13.911727875,-8.872394000000002,0.9173,-3.07764315,2.4680302,2.173,,0.044975,0.0029749999249999975,0.10961501600000005,0.10848003000000003,-0.4797,-0.0015000000000000013,0.068,0.063,,,,,20558999552.0,16428000256.0,21499754496.0,119095000000.0,,14981000000.0,,,,,3552000000.0,9851000000.0,1.68,0.1242,1.2,2.17,0.3,1777939200.0,1.308,88.05281204586298,62.825099122585115,72.44000244140625,89.78261,1.875,23.0,5.15,0.071,0.00342,1.07856,False,False,,0.5,3870388.0,4035330.0,0.7623183003121415,0.15,0.34,-16.47,,-0.17731187956069683,0.31501178342907704,43.648646280135694,-0.010139717473181431,-0.01822915641280487,False,0.24221718562079864,,1.0,US,True,,55.704129172519444,41.40905933541765,57.501776475436856,38.88146291332787,73.51778656126481,67.53164556962025,,50.0,27.245508982035926,50.0,51.25217687281593,standard,336,292319315,False,48.1,False,28.17195325542571,67.02838063439064,56.677796327212015,50.04173622704508,50.04173622704508,50.04173622704508,2,SVAG,-8,NEDTREND,True,1,0.14285714285714285,LÅG,EJ AKTUELL,-4.0,True,0.75,SUSPICIOUS_FWD_PE;,2026-07-13,0
PRAA,"PRA Group, Inc.",Financial Services,Credit Services,United States,USD,705225010.3902435,,-9.201780400000002,5.82,-3.97738845,0.5656503,3.573,-1.1219999999999999,-0.40037499,0.023195001925,-0.47937500399999994,-0.04355997,0.5203,0.10450000000000001,6.978,6.71,291.45324999999997,20.623000000000005,21.806,-1537153696.0,131306000.0,3814404096.0,4454588928.0,5103322000.0,,1213341000.0,,,243635000.0,,-305142000.0,-85541000.0,,0.0,,,0.333333,1178496000.0,1.102,22.549999237060547,10.25,18.489999771118164,26.0,,1.0,0.87,0.0277,0.02337,1.01342,False,False,,0.5,658880.0,503690.0,0.18719206529156077,18.98,-3.7,9.47,,-0.18004432830622197,0.5862987935095134,74.48276959758742,0.08818473673924765,0.13798970181938675,True,0.6948422487553158,,0.669,US,True,,43.05944976345786,51.81638531521107,79.3750866908992,38.48744558740192,98.81422924901186,12.658227848101266,2.7027027027027026,50.0,64.07185628742515,50.0,51.20640984435965,standard,337,9313228,False,57.9,False,28.17195325542571,97.53756260434056,91.23539232053423,50.04173622704508,50.04173622704508,50.04173622704508,4,NEUTRAL,0,UPPTREND,False,1,0.14285714285714285,LÅG,EJ AKTUELL,6.3,True,0.75,SUSPICIOUS_FWD_PE;,2026-07-13,0
WIHL.ST,Wihlborgs Fastigheter AB (publ),Real Estate,Real Estate Services,Sweden,SEK,24348210492.20752,-17.326601999999998,-12.241397,1.97,-1.4574002700000002,5.2468853,12.877,-2.2280000000000006,0.011355000000000004,-0.0016749994999999927,0.23207499850000005,0.325911231,0.26835499999999995,0.01100000000000001,-0.529,-0.334,73.6845,-0.29324999999999996,0.447,392374976.0,828000000.0,35970998272.0,59491217408.0,65897000000.0,,4354000000.0,,,3020000000.0,,2220000000.0,2181000000.0,4.18,0.4641,3.3,3.39,3.3,1776902400.0,1.189,96.60263494020887,72.21143341064453,79.19999694824219,94.14286,1.71429,7.0,,,0.11685,0.51429003,False,False,,0.5,520121.0,786347.0,0.7354527974982924,-0.31,-6.52,-12.06,,-0.1801466181821837,0.4383617146273654,54.324318416979644,-0.02014156768838926,-0.07656056366577901,True,0.6899974742212314,,0.0,Nordic,True,,74.56579220946682,37.822792848343745,15.361381535939975,32.11672532717806,73.64953886693017,67.53164556962025,57.5516693163752,50.0,,50.0,51.205633551128514,standard,338,6418292,False,56.0,False,76.62771285475793,67.1118530884808,28.547579298831387,50.04173622704508,50.04173622704508,50.04173622704508,6,NEUTRAL,0,NEDTREND,True,2,0.2857142857142857,LÅG,EJ AKTUELL,-2.9,True,0.875,SUSPICIOUS_FWD_PE;,2026-07-13,0
0005.HK,HSBC Holdings plc,Financial Services,Banks - Diversified,United Kingdom,HKD,2632250159017.5,4.21279425,1.4324035000000004,0.962,0.5395285500000004,41.27466,35.214,,-0.00031000249999999646,-0.0003800001999999976,0.08858749500000006,0.14042002999999997,-0.370865,-0.0295,-0.10700000000000001,0.003,,,,,1162820976640.0,773452988416.0,2245756977152.0,3233034000000.0,,71020000000.0,,,,,22285000000.0,29766000000.0,3.82,0.6191,5.86,5.07,0.783188,1778716800.0,0.565,154.60000610351562,89.94196515922475,153.5,163.6208,1.63636,10.0,,,0.00198,0.52712,False,False,,0.5,14742001.0,14971864.0,0.55,,,,,,0.3216,75.9,,,True,0.8426189588427107,,1.0,Asia,True,,52.86357796535744,,45.91801769940223,64.12223811573875,14.09749670619236,67.53164556962025,,50.0,,50.0,51.15877241550636,standard,339,293202671,False,31.8,False,28.17195325542571,12.353923205342237,2.5459098497495827,50.04173622704508,50.04173622704508,50.04173622704508,1,SVAG,-8,UPPTREND,False,2,0.2857142857142857,LÅG,EJ AKTUELL,1.3,True,0.75,SUSPICIOUS_FWD_PE;,2026-07-13,0
CARL-B.CO,Carlsberg A/S,Consumer Defensive,Beverages - Brewers,Denmark,DKK,90654077529.07837,-1.8215325,-5.152098500000001,3.59,0.23437462499999984,1.3538384,2.083,-4.135499999999999,0.036199999999999996,-0.010960000000000004,-0.003707500000000006,-0.0006512510000000055,0.0030850000000000044,,,,145.90550000000002,-0.5982500000000002,0.426,4617000128.0,9585000448.0,70623002624.0,185587613696.0,153955000000.0,,89095000000.0,,,12612000000.0,,5955000000.0,12431000000.0,3.16,0.6013,29.0,2.9,29.0,1773705600.0,0.651,981.8151245117188,713.2911525331018,920.5999755859375,1057.6818,1.78261,22.0,,,0.06729,0.52354,False,False,,0.5,231925.0,261283.0,0.5684477358219916,7.95,7.17,17.35,,-0.06234895694464382,0.2384373472675346,66.2759096657872,0.0661805331704397,0.11742627355616508,True,0.7514358292169144,,0.5,Nordic,True,,49.15599136505776,70.01438511464472,29.11392405063291,45.81573832831324,46.9038208168643,67.53164556962025,80.60413354531002,50.0,,50.0,51.1488547636812,standard,340,36644399,False,62.4,False,90.90150250417362,39.89983305509182,74.20701168614357,50.04173622704508,50.04173622704508,50.04173622704508,3,SVAG,-8,UPPTREND,False,2,0.2857142857142857,LÅG,EJ AKTUELL,-6.5,True,0.75,EXTREME_GROWTH;EXTREME_EARNINGS_GROWTH;SUSPICIOUS_FWD_PE;,2026-07-13,0
BBD,Banco Bradesco S.A.,Financial Services,Banks - Regional,Brazil,USD,19262843554.850784,-12.844624374999999,-9.3033867,1.8717,-3.57848565,0.42088735,5.834,,-0.03916499999999999,-0.016134999575000003,-0.0007350039999999419,-0.020989970000000024,-0.4797,0.042499999999999996,-0.20800000000000002,-0.076,,,,,353307787264.0,849051254784.0,534853517312.0,2330327216000.0,,117814239000.0,,,,,23672706000.0,,4.98,0.5907,0.17,4.9,0.067,1783382400.0,0.252,4.20361142939599,2.616837075049716,3.6500000953674316,4.4,2.16667,5.0,0.61,0.0036000002,5e-05,0.55259997,False,False,,0.868,31656193.0,39806340.0,1.1514638694294428,11.88,-5.71,8.99,,-0.13169897915804885,0.3408402831514153,76.37780951063117,0.05735129138241901,0.04824983574169561,True,1.322730933243558,,0.552,US,True,,29.73378189523651,52.20158248530121,35.22999273609548,69.98989681558737,77.60210803689066,67.53164556962025,,50.0,94.91017964071857,96.8,51.13662320829984,standard,342,145293145,False,54.3,False,28.17195325542571,71.36894824707846,93.82303839732889,50.04173622704508,50.04173622704508,50.04173622704508,0,SVAG,-8,UPPTREND,False,2,0.2857142857142857,LÅG,EJ AKTUELL,-0.2,True,0.75,SUSPICIOUS_FWD_PE;,2026-07-13,0
DEMANT.CO,Demant A/S,Healthcare,Medical Devices,Denmark,DKK,57406603944.24591,-1.172442499999999,-0.12320100000000167,1.5635,1.9122578999999997,2.4990902,3.358,0.5025000000000004,0.10025500000000001,0.004379999999999995,-0.041802500000000006,-0.011963768999999971,0.30768500000000004,-0.0505,-0.747,-0.64,170.06074999999998,-0.8002500000000001,0.811,2290375104.0,1330000000.0,20988000256.0,77141598208.0,39074000000.0,,22971000000.0,,,3924000000.0,,1545000000.0,3852000000.0,,0.0,,,0.6,956707200.0,0.749,286.79998779296875,175.0,272.20001220703125,262.15,1.8,20.0,,,0.589,0.17517,False,False,,0.5,401580.0,301649.0,0.6,8.93,37.77,,,-3.05,0.4182,68.2,9.89,,False,0.6527410352392121,,0.5,Nordic,True,88.13455701690995,59.79921244078454,59.44622958828946,14.29943871784495,29.709329833403658,57.180500658761524,12.658227848101266,84.73767885532591,50.0,,50.0,51.10270233630508,standard,343,12508796,False,60.6,False,87.31218697829716,51.83639398998331,56.26043405676127,50.04173622704508,50.04173622704508,50.04173622704508,4,NEUTRAL,0,UPPTREND,False,1,0.14285714285714285,LÅG,EJ AKTUELL,13.0,True,0.875,SUSPICIOUS_FWD_PE;,2026-07-13,0
ENR.DE,Siemens Energy AG,Industrials,Specialty Industrial Machinery,Germany,EUR,129431079857.50598,31.194064749999995,5.450285124999999,0.5807,8.326858950000002,3.223907,3.073,17.853500000000004,0.06444499,-0.022774996000000002,-0.034414987000000015,-0.013799999999999993,-0.18734001,-0.032,0.7410000000000001,0.765,-33.91,-0.38549999999999984,0.584,4087692832.0,11694999552.0,3729999872.0,123357413376.0,56637000000.0,,39077000000.0,,,1569000000.0,,1414000000.0,5821000000.0,0.45,0.2756,0.7,,0.7,1772150400.0,1.897,191.66000366210938,82.96619587932783,152.1199951171875,197.0784,1.84,25.0,,,0.120670006,0.55872,False,False,,0.5,2562140.0,2278267.0,0.6223006605580137,3.48,-8.31,19.16,66.63,-0.20630286856630597,0.5014357001740859,37.990411045923835,-0.08055706016382236,0.07785881807969641,False,0.12624265346718566,,0.25,Europe,True,68.73175314351785,38.82831958824865,61.41664501973203,49.6948645167291,19.292350815207296,39.39393939393939,67.53164556962025,85.85055643879174,50.0,,50.0,51.10215879777381,standard,344,394771552,False,54.9,False,82.0534223706177,33.889816360601,45.24207011686144,50.04173622704508,50.04173622704508,50.04173622704508,5,NEUTRAL,0,VARNING,False,3,0.42857142857142855,LÅG,EJ AKTUELL,7.0,True,1.0,,2026-07-13,0
ABNB,"Airbnb, Inc.",Consumer Cyclical,Travel Services,United States,USD,62112789187.785034,6.000917875000002,5.268383499999997,1.3574,6.173996949999999,6.9834313,6.226,12.052749999999998,0.13673999999999997,-0.012614999924999997,0.11110500300000001,-0.07856,0.34943,0.106,-0.047,0.039,-44.914249999999996,0.018999999999999795,0.745,2091146496.0,12005000192.0,2534000128.0,78735704064.0,22208000000.0,,12241000000.0,,,2544000000.0,,2511000000.0,4646000000.0,,0.0,,,,,1.143,150.19000244140625,110.80999755859375,148.6199951171875,156.74324,2.11628,37.0,3.69,0.0361,0.01121,0.88334,False,False,,0.5,3786363.0,3551730.0,0.49,10.8,11.26,,,-2.64,0.3435,57.1,4.69,,True,0.7791758863897429,,0.25,US,True,69.84925567278508,62.241394880530535,46.207602833680966,38.726689764715005,44.24352916611889,55.072463768115945,12.658227848101266,82.51192368839428,50.0,54.191616766467064,50.0,51.09476468298975,standard,345,527858095,False,54.0,False,85.72621035058431,47.32888146911519,19.36560934891486,50.04173622704508,50.04173622704508,50.04173622704508,4,NEUTRAL,0,UPPTREND,False,2,0.2857142857142857,LÅG,EJ AKTUELL,-0.8,True,0.875,,2026-07-13,0
EG,"Everest Group, Ltd.",Financial Services,Insurance - Reinsurance,Bermuda,USD,14664443737.80304,-13.779388874999999,-9.6199904,0.97,-3.7164591500000004,0.84584665,0.843,,-0.03460499999999998,-4.50000750000009e-05,-0.13699500399999998,-0.16951996000000003,-0.32483,-0.1095,2.174,2.11,-42.04474999999999,-1.3849999999999998,0.24,2893396480.0,3638000128.0,3588999936.0,14615444480.0,62514000000.0,,17218000000.0,,,,,1591000000.0,3068000000.0,2.16,0.16290002,8.0,2.12,2.0,1781222400.0,0.287,379.2200012207031,298.7757447658431,370.5799865722656,393.13333,2.4375,15.0,3.05,0.046,0.00804,1.01267,False,False,,0.689,404109.0,403680.0,0.5043381535038932,12.34,11.08,13.18,,-0.022783647013937647,0.23641576679607526,83.10283768917398,0.07077522803291703,0.11445044515853375,True,0.7971203812601974,,0.431,US,True,,23.542732918624367,73.3908776663427,52.938864337795664,57.053480236770525,80.76416337285902,67.53164556962025,99.04610492845786,50.0,44.01197604790419,68.89999999999999,51.083982474226644,standard,346,149595729,False,71.0,True,97.53756260434056,75.54257095158597,84.97495826377296,50.04173622704508,50.04173622704508,50.04173622704508,5,NEUTRAL,0,UPPTREND,False,2,0.2857142857142857,LÅG,EJ AKTUELL,3.6,True,0.875,SUSPICIOUS_FWD_PE;,2026-07-13,0
VAIAS.HE,Vaisala Oyj,Technology,Scientific & Technical Instruments,Finland,EUR,1772302262.6426697,-0.1341745000000003,0.4801384999999989,1.6546,0.4067539999999994,3.2383006,3.232,-3.238500000000001,0.05086001000000001,0.028359999000000004,0.011492505000000004,-0.01098125899999998,0.10420495999999996,-0.11950000000000001,-0.07400000000000001,0.143,-2.694500000000005,-0.006250000000000033,1.399,-922837500.0,95400000.0,91700000.0,1933775232.0,588900000.0,,596900000.0,,,84400000.0,,59800000.0,90400000.0,1.59,0.5119,0.86,1.72,0.86,1774396800.0,0.824,57.70000076293945,40.076190390699956,53.400001525878906,57.2,,5.0,,,0.3811,0.33249,False,False,,0.5,18093.0,17728.0,0.64,-1.3,11.81,,,-7.34,0.249,42.7,-1.17,,False,0.12303903224320653,,0.671,Nordic,True,,62.18787040076668,40.93400605069809,36.348058014490796,60.6405940341374,96.70619235836627,67.53164556962025,1.1128775834658187,50.0,,50.0,51.081958266828124,standard,347,1078341,False,50.5,False,28.17195325542571,94.74123539232053,44.99165275459098,50.04173622704508,50.04173622704508,50.04173622704508,3,SVAG,-8,VARNING,False,3,0.42857142857142855,LÅG,EJ AKTUELL,-0.7,True,0.875,SUSPICIOUS_FWD_PE;,2026-07-13,0
TEAM,Atlassian Corporation,Technology,Software - Application,Australia,USD,14185099108.13301,,-9.198020000000001,0.6935,7.09411695,3.6161876,3.66,107.69875,-0.37273998999999997,-0.062465000524999995,-0.145594995,-0.05000249399999998,0.36841999999999997,0.1875,,,93.90875,-1.076,0.615,479142784.0,1136342016.0,1243017984.0,22656487424.0,6041970000.0,,5215304000.0,,,-130392000.0,,-256687000.0,1460393000.0,,0.0,,,,,1.111,206.0,56.0099983215332,88.86000061035156,139.866,1.53125,30.0,3.25,0.10609999,0.0095,1.0856199,False,False,,0.5,6874921.0,3946790.0,0.5660105810358823,-7.06,50.71,-44.76,,-0.5686407737361574,0.64809987023987,58.104538804368495,0.007836088618469184,-0.21758005231519761,True,0.7490973126930959,,1.0,US,True,55.36797225032518,29.59210725826021,45.274056225864314,89.27465250232814,19.49298680054227,81.02766798418972,12.658227848101266,76.6295707472178,50.0,18.562874251497004,50.0,51.07807479077111,standard,348,350711762,False,62.6,False,90.73455759599332,75.79298831385643,39.983305509181974,50.04173622704508,50.04173622704508,50.04173622704508,4,NEUTRAL,0,NEDTREND,True,1,0.14285714285714285,LÅG,EJ AKTUELL,0.6,True,0.75,EXTREME_EARNINGS_GROWTH;SUSPICIOUS_FWD_PE;,2026-07-13,0
AMT,American Tower Corporation,Real Estate,REIT - Specialty,United States,USD,78544910796.55862,-7.969894624999999,-1.7018545000000014,1.7301,18.046276279999997,7.2476463,11.895,-3.06475,0.193865,0.012290000575000007,0.007487484500000016,0.07928001999999998,0.25993999999999995,0.01100000000000001,0.5740000000000001,0.759,354.24075,-0.39900000000000013,0.264,3514509056.0,1608800000.0,45131198464.0,128696811520.0,63190400000.0,,10644600000.0,,,4929200000.0,,2529500000.0,5464000000.0,4.23,0.8226,6.98,2.93,1.79,1781222400.0,0.909,225.61456595211138,160.05999755859375,168.58999633789062,215.56522,1.56,23.0,2.13,0.0189,0.00077,0.96731,False,False,,0.1,3244713.0,4158070.0,0.3,-9.66,-4.54,,,-11.9,0.2993,42.5,-4.71,,False,0.36077679409182317,,0.638,US,True,,72.2055740019371,18.031268203769475,63.33072306204478,35.228987723739685,50.59288537549407,67.53164556962025,82.98887122416534,50.0,79.79041916167665,10.0,51.03946634735706,standard,350,701009006,False,54.1,False,89.56594323873122,42.65442404006678,18.280467445742904,50.04173622704508,50.04173622704508,50.04173622704508,4,NEUTRAL,0,VARNING,False,3,0.42857142857142855,LÅG,EJ AKTUELL,3.9,True,0.875,SUSPICIOUS_FWD_PE;,2026-07-13,0
0883.HK,CNOOC Limited,Energy,Oil & Gas E&P,Hong Kong,HKD,971861782338.3647,-7.480049200000002,-3.1451320000000003,0.16,0.0,2.545383,2.068,-4.123249999999999,0.05621999949999999,0.05418749570000001,0.185187505,0.27481502,0.39319496,0.03749999999999999,-0.22000000000000003,0.071,-6.737500000000001,1.8744999999999998,3.027,56341391360.0,266312007680.0,69351997440.0,842617585664.0,1098559000000.0,,398220000000.0,,,173402000000.0,,122082000000.0,209042000000.0,5.87,0.4945,1.28,7.01,0.55,1781136000.0,0.302,30.313371311720044,17.12644211844907,21.81999969482422,32.897453,1.625,15.0,,,0.66305,0.03118,False,False,,0.5,94783836.0,71905726.0,0.5395704986156904,-16.48,-14.63,4.79,,-0.28018564908390897,0.29724792066768096,43.45794538294285,-0.11960035480648312,-0.054071449580192166,True,0.4560276088124564,,0.265,Asia,True,,85.64661743071652,40.01883618953121,31.060344584659326,77.96139582747348,19.235836627140976,67.53164556962025,94.91255961844197,50.0,,50.0,51.033837283239954,commodity,351,200171335,False,56.4,False,91.90317195325542,16.9449081803005,55.67612687813022,50.04173622704508,50.04173622704508,50.04173622704508,7,STARK,8,NEDTREND,True,3,0.42857142857142855,LÅG,EJ AKTUELL,3.5,True,0.875,SUSPICIOUS_FWD_PE;,2026-07-13,0
SHB-A.ST,Svenska Handelsbanken AB (publ),Financial Services,Banks - Diversified,Sweden,SEK,278881033591.0222,-3.3641302499999988,-1.9258635000000002,19.8719,-1.2457904,5.1536636,24.057,,-0.013545000000000001,-0.015269999749999999,0.19140249,0.14215127100000002,-0.448525,-0.1555,-0.127,0.006,,,,,593015996416.0,1649639030784.0,1340563128320.0,3387566000000.0,,56805000000.0,,,,,23727000000.0,-46294000000.0,5.55,0.65900004,8.0,5.5,17.5,1774483200.0,0.503,146.10000610351562,99.54871368408203,143.39999389648438,133.07236,3.88235,17.0,,,0.27364,0.42526,False,False,,0.5,4758683.0,3742426.0,0.79,3.07,10.03,,,-1.99,0.1789,54.1,4.17,,False,0.7048369592695507,,0.795,Nordic,True,,48.688959493634016,45.7260837702238,32.07624995134879,86.59331731637202,28.458498023715418,67.53164556962025,,50.0,,50.0,50.99594440233728,standard,352,55307298,False,37.6,False,28.17195325542571,24.37395659432387,29.04841402337229,50.04173622704508,50.04173622704508,50.04173622704508,1,SVAG,-8,UPPTREND,False,2,0.2857142857142857,LÅG,EJ AKTUELL,-4.0,True,0.75,SUSPICIOUS_FWD_PE;,2026-07-13,0
ADDT-B.ST,Addtech AB (publ.),Industrials,Industrial Distribution,Sweden,SEK,84636025431.97961,13.2693865,20.2514325,4.1,6.996460200000001,3.914504,4.188,6.554000000000001,0.11972249499999998,0.03666500100000001,0.005837495999999994,0.0006512510000000055,-0.11552499999999999,-0.046,0.07100000000000001,0.138,26.55799999999999,-0.01974999999999999,0.897,1477749952.0,1490000000.0,7148000256.0,95084978176.0,21310000000.0,,22703000000.0,,,3009000000.0,,2147000000.0,2996000000.0,0.98,0.4025,3.2,0.95,3.2,1756339200.0,1.136,358.3999938964844,283.20001220703125,329.20001220703125,379.14285,1.42857,7.0,,,0.02031,0.67272,False,False,,0.5,381783.0,324300.0,1.33,3.48,2.27,,,-6.51,0.2862,58.7,0.76,,False,0.4299626786178045,,0.5,Nordic,True,67.48388495447318,59.64536605119853,30.884397842794595,39.39062005409389,52.69600571341981,48.74835309617918,67.53164556962025,71.86009538950715,50.0,,50.0,50.95603261625544,standard,353,11002386,False,53.1,False,75.20868113522538,41.31886477462437,37.47913188647746,50.04173622704508,50.04173622704508,50.04173622704508,5,NEUTRAL,0,UPPTREND,False,2,0.2857142857142857,LÅG,EJ AKTUELL,5.0,True,0.875,,2026-07-13,0
MRVL,"Marvell Technology, Inc.",Technology,Semiconductors,United States,USD,206514478069.52838,45.304601375,14.775709999999998,1.3748,3.70766195,24.279858,23.829,54.91575,-0.01956999999999999,-0.029875000924999992,0.179285005,0.001037490000000002,0.03532996999999993,0.14650000000000002,-1.006,-0.806,-18.529249999999998,1.5,2.51,1169846528.0,3843599872.0,5277199872.0,207720185856.0,22285300000.0,,8194600000.0,,,1338400000.0,,2670100000.0,1750500000.0,0.1,0.0825,0.24,0.37,0.06,1783641600.0,2.197,329.79864574979393,61.309377526675206,235.80999755859375,252.25777,1.43182,41.0,0.49,0.0456,0.00693,0.85429,False,False,,0.577,42930945.0,33129970.0,0.30346108862777393,-11.62,96.77,179.01,,-0.2849879749430685,0.748477386412791,29.150796912118878,0.018997679995362393,0.8615005428594233,False,0.14178528147187006,,0.677,US,True,42.20306402659344,49.88134636030334,85.03274894652621,33.605760027575315,31.103129577767675,32.015810276679844,34.49367088607595,55.484896661367245,50.0,44.76047904191617,57.699999999999996,50.93435746045265,standard,355,7812378145,False,43.0,False,63.939899833055094,27.128547579298832,2.5459098497495827,50.04173622704508,50.04173622704508,50.04173622704508,4,NEUTRAL,0,UPPTREND,False,1,0.14285714285714285,LÅG,EJ AKTUELL,9.0,True,0.875,,2026-07-13,0
FABG.ST,Fabege AB (publ),Real Estate,Real Estate Services,Sweden,SEK,23970773755.18689,27.203818500000008,-7.8330449999999985,5.07,-1.7888444700000001,6.044068,15.151,3.0730000000000013,-0.06980500099999999,-0.013194999499999999,-0.1326350055,0.20994123100000006,0.21183504000000003,0.08300000000000002,,,21.85249999999999,-0.6552500000000001,0.003,774250048.0,28000000.0,36145999872.0,60088774656.0,83089000000.0,,3760000000.0,,,2491000000.0,,-348000000.0,1744000000.0,2.88,1.4964,2.2,2.82,0.55,1783900800.0,1.362,88.05481605250249,72.00062712906032,76.19999694824219,84.11,3.45455,10.0,,,0.39844,0.3052,False,False,,0.5,476452.0,460139.0,0.6737140103942201,-0.39,-1.5,-7.5,,-0.13462999113179552,0.23331269372647057,59.73447085242364,-0.013247384597051548,-0.03840601153931633,True,0.6431001735018528,,0.163,Nordic,True,70.6499494146553,45.18962560778636,45.78192303095147,36.66936846825096,46.01288603325642,74.30830039525692,30.189873417721518,66.77265500794913,50.0,,50.0,50.87010458171472,standard,356,3613467,False,57.5,False,85.30884808013356,67.69616026711185,23.28881469115192,50.04173622704508,50.04173622704508,50.04173622704508,5,NEUTRAL,0,NEDTREND,True,1,0.14285714285714285,LÅG,EJ AKTUELL,7.0,True,0.875,EXTREME_EARNINGS_GROWTH;SUSPICIOUS_FWD_PE;,2026-07-13,0
EICHERMOT.NS,Eicher Motors Limited,Consumer Cyclical,Auto Manufacturers,India,INR,2021811557215.0,-3.7310497499999986,3.432112499999999,,2.7804402,8.637429,8.392,-1.4875000000000007,0.0640850025,0.019144996075000007,0.14153000699999996,0.09429,0.03712002000000003,0.11800000000000001,0.008000000000000007,0.116,-38.940999999999995,0.2265000000000001,1.287,13062281216.0,61139701760.0,5139500032.0,1964427837440.0,321635600000.0,,229775700000.0,,,49447000000.0,,55152300000.0,48048400000.0,1.11,0.3487,82.0,0.45,82.0,1785456000.0,0.275,8230.0,5284.478673610159,7365.5,7898.8613,2.08108,36.0,,,0.49795,0.29302,False,False,,0.5,597097.0,945862.0,0.99,-4.3,2.32,,,-10.91,0.3337,38.9,0.23,,False,0.351370359779486,,0.72,India,True,,71.64516023539868,26.740797113704268,57.373635555669736,67.45291054806881,15.41501976284585,67.53164556962025,57.869634340222575,50.0,,50.0,50.847637177826066,standard,358,72866294,False,43.3,False,66.19365609348915,13.52253756260434,14.524207011686144,50.04173622704508,50.04173622704508,50.04173622704508,6,NEUTRAL,0,UPPTREND,False,3,0.42857142857142855,LÅG,EJ AKTUELL,6.2,True,0.875,,2026-07-13,0
PH,Parker-Hannifin Corporation,Industrials,Specialty Industrial Machinery,United States,USD,121203065616.65479,0.6758223749999983,5.168038000000001,3.7113,2.12108915,5.7751493,6.209,3.9052500000000006,0.057802485000000015,0.03202000507500001,0.057810006,0.07857001,-0.10527998,0.040999999999999995,-0.10800000000000001,-0.059,-8.602749999999993,-0.34750000000000014,0.604,1674628352.0,476000000.0,9582000128.0,130317066240.0,29494000000.0,,19850000000.0,,,4060000000.0,,3531000000.0,3776000000.0,0.84,0.26569998,8.0,1.22,2.0,1778198400.0,1.11,1032.6259315247044,686.057638008684,961.27001953125,1040.6957,1.68,23.0,1.99,0.0127,0.00187,0.90909,False,False,,0.1,742639.0,605140.0,0.26,5.68,-3.41,,,-6.58,0.276,47.7,5.45,,False,0.6024692214530445,,0.925,US,True,68.26593438358144,64.57486194502432,23.785914275513463,47.59710202188279,43.60891740184584,41.10671936758894,67.53164556962025,66.61367249602543,50.0,87.57485029940119,10.0,50.828977129367104,standard,359,581702940,False,49.7,False,72.62103505843072,35.14190317195325,25.208681135225376,50.04173622704508,50.04173622704508,50.04173622704508,4,NEUTRAL,0,UPPTREND,False,3,0.42857142857142855,LÅG,EJ AKTUELL,4.0,True,0.875,,2026-07-13,0
FNV.TO,Franco-Nevada Corporation,Basic Materials,Gold,Canada,CAD,56105533377.21283,1.1729720000000015,5.890288750000002,9.18,1.6941200999999997,26.874329,26.62,14.271999999999998,0.0668062515,0.07429874662500006,0.557017497,0.6491212699999999,0.51707994,0.677,0.8110000000000002,1.234,,4.12175,5.431,-1460184512.0,714700032.0,0.0,55574827008.0,8241400000.0,,1822800000.0,,,1300900000.0,,1112100000.0,1493700000.0,0.85,0.2225,2.51,0.92,0.613,1781136000.0,0.897,386.7594143923018,208.6072071910075,290.9200134277344,409.57837,1.66667,9.0,1.43,,0.0061799996,0.85484004,False,False,,0.5,374708.0,334310.0,0.5297516708248768,0.2,-19.32,-8.26,,-0.24780108097731945,0.36804674880895083,42.959230043714285,-0.05763372685257928,-0.0696324453400673,False,0.17705143658927294,,0.944,Canada,True,30.69952305246423,91.61049364128176,32.206024519849905,88.30398233359188,62.250317675761,57.57575757575758,67.53164556962025,29.570747217806044,50.0,,50.0,50.76811573881691,commodity,361,68748743,False,37.8,False,28.17195325542571,52.08681135225376,2.5459098497495827,50.04173622704508,50.04173622704508,50.04173622704508,5,NEUTRAL,0,NEDTREND,True,4,0.5714285714285714,MEDEL,EJ AKTUELL,1.4,True,0.75,,2026-07-13,0
SOBI.ST,Swedish Orphan Biovitrum AB (publ),Healthcare,Drug Manufacturers - Specialty & Generic,Sweden,SEK,162962257278.54303,157.0117545,12.712945999999999,0.3465,0.19082670000000013,5.7562537,6.254,-0.43849999999999856,-0.118595002,0.005379999999999996,-0.07725250000000002,0.07341623100000001,0.338265,0.026499999999999996,0.383,0.506,5.6677499999999945,-1.45225,0.471,3137749952.0,940000000.0,19061000192.0,181089255424.0,67434000000.0,,28238000000.0,,,922000000.0,,478000000.0,8565000000.0,,0.0,,,,,0.288,487.0,261.20001220703125,471.20001220703125,485.41666,1.76923,12.0,,,0.10054,0.74681,False,False,,0.5,440730.0,517414.0,0.53,5.01,13.6,,,-3.92,0.2822,45.9,2.84,,True,0.6370360335958528,,0.773,Nordic,True,,50.09037396515034,46.96487964372287,66.14022657095506,61.14990547195073,35.44137022397892,12.658227848101266,73.29093799682035,50.0,,50.0,50.75691675138713,standard,362,25126012,False,49.8,False,75.79298831385643,30.30050083472454,25.375626043405674,50.04173622704508,50.04173622704508,50.04173622704508,8,STARK,8,UPPTREND,False,2,0.2857142857142857,LÅG,EJ AKTUELL,13.3,True,0.875,,2026-07-13,0
VTR,"Ventas, Inc.",Real Estate,REIT - Healthcare Facilities,United States,USD,44076148867.5867,133.371677375,80.8938015,1.72,-0.8622421200000006,7.210412,9.336,3.462250000000001,-0.084255,-0.014700000424999993,-0.21798249349999999,-0.24208001,-0.07477,0.162,-0.095,0.193,3.4267500000000055,-0.4970000000000002,0.188,383261696.0,183612992.0,12726149120.0,57070297088.0,27591945000.0,,5833980000.0,,,857524000.0,,251381000.0,1646726000.0,2.18,3.5635998,2.0,3.31,0.52,1782777600.0,0.724,94.5999984741211,61.25070825850141,90.66000366210938,97.18182,1.6087,22.0,5.46,0.0542,0.00528,1.06906,False,False,,0.211,4475426.0,4375110.0,0.7060118946785278,10.57,7.35,21.25,,-0.041648994456268906,0.20155025208591537,78.08566235559343,0.05173451455974831,0.13506427473196037,True,0.7017030430030208,,0.669,US,True,63.529122705593295,19.70851612406313,73.03344983100057,55.13942251276773,66.51614502965866,62.845849802371546,30.189873417721518,58.028616852146264,50.0,35.32934131736527,21.099999999999998,50.75455339099691,standard,363,396647489,False,51.6,False,71.11853088480802,56.42737896494157,18.614357262103507,50.04173622704508,50.04173622704508,50.04173622704508,3,SVAG,-8,UPPTREND,False,3,0.42857142857142855,LÅG,EJ AKTUELL,-3.5,True,0.875,,2026-07-13,0
SNOW,Snowflake Inc.,Technology,Software - Application,United States,USD,90618574230.95703,,77.60156599999999,6.9119,40.86102795,18.686619,17.969,-101.94525,-0.7285400000000001,-0.16475500092500003,-0.34843499499999997,-0.36550249,0.19174996,0.20550000000000002,,,95.41275000000002,-0.7250000000000002,0.941,639644160.0,2954998016.0,2772094976.0,90435665920.0,9132495000.0,,4683946000.0,,,-1435165000.0,,-1331616000.0,1221942000.0,,0.0,,,,,1.353,284.989990234375,118.30000305175781,261.45001220703125,292.53418,,48.0,2.71,0.0682,0.028499998,0.76175004,False,False,,0.5,8562834.0,7513560.0,0.51,12.91,102.2,,,-3.12,0.8034,81.7,27.59,,False,0.7653173841999549,,1.0,US,True,,17.525550198683003,63.08153409624744,90.05803124892216,15.911490585969512,47.03557312252965,12.658227848101266,58.82352941176471,50.0,28.443113772455092,50.0,50.74604250830258,standard,364,1964420354,False,46.0,False,66.52754590984975,39.983305509181974,5.676126878130217,50.04173622704508,50.04173622704508,50.04173622704508,3,SVAG,-8,UPPTREND,False,2,0.2857142857142857,LÅG,EJ AKTUELL,-1.1,True,0.75,EXTREME_EARNINGS_GROWTH;,2026-07-13,0
BEAN.SW,BELIMO Holding AG,Industrials,Building Products & Equipment,Switzerland,CHF,10098274549.0,26.043280749999994,17.076042125,1.41,12.09117295,8.845164,8.948,22.727500000000006,0.133365,0.124535004,0.07220500999999999,0.054990010000000006,0.22840999999999995,0.124,0.09,0.156,-59.95899999999999,1.1555,1.346,-513491680.0,115992000.0,46638000.0,10028920832.0,878803000.0,,1120813000.0,,,232852000.0,,181625000.0,184857000.0,1.23,0.6432,10.0,1.65,10.0,1774396800.0,1.13,969.5,598.9996380559579,821.0,964.7778,2.5,9.0,,,0.20236999,0.51131,False,False,,0.5,29348.0,24599.0,0.48,-10.89,12.35,,,-15.69,0.4495,32.6,-3.4,,False,0.10988695826877698,,0.5,Europe,True,21.46740858505564,79.36699652230277,35.934475825394145,53.54254964923474,46.84254188493147,85.63899868247694,67.53164556962025,20.66772655007949,50.0,,50.0,50.64764964038773,standard,365,24816637,False,43.9,False,28.17195325542571,81.30217028380635,14.023372287145241,50.04173622704508,50.04173622704508,50.04173622704508,4,NEUTRAL,0,VARNING,False,2,0.2857142857142857,LÅG,EJ AKTUELL,7.4,True,0.875,,2026-07-13,0
VACN.SW,VAT Group AG,Industrials,Specialty Industrial Machinery,Switzerland,CHF,20395489103.985596,66.74363075000001,25.514595125,3.5168,21.756420950000003,18.920614,19.099,53.75350000000001,0.108325,0.07067500400000001,0.10976501999999999,0.08966999,0.23454999999999998,-0.018000000000000002,-0.14300000000000002,-0.077,-36.15599999999999,0.01650000000000018,0.745,-447543920.0,140983008.0,248282000.0,20502788096.0,1262878000.0,,1073516000.0,,,261817000.0,,214280000.0,299172000.0,1.03,0.8754,7.0,1.65,7.0,1777507200.0,1.57,727.2000122070312,254.3879610883726,680.5999755859375,653.8889,2.27778,18.0,,,0.100889996,0.45648998,False,False,,0.5,80399.0,76687.0,0.58,0.95,24.98,,,-4.62,0.4264,51.9,5.88,,False,0.47471892548261696,,0.5,Europe,True,26.26853591559474,80.77179026674908,54.68229137305748,27.352554691907535,32.30444317697597,76.6798418972332,67.53164556962025,32.591414944356124,50.0,,50.0,50.64514676856643,standard,366,64135133,False,40.9,False,28.17195325542571,70.2838063439065,5.509181969949917,50.04173622704508,50.04173622704508,50.04173622704508,3,SVAG,-8,UPPTREND,False,2,0.2857142857142857,LÅG,EJ AKTUELL,1.6,True,0.875,,2026-07-13,0
WEGE3.SA,WEG S.A.,Industrials,Electrical Equipment & Parts,Brazil,BRL,195148031885.84918,7.490838,8.227391375000002,1.15,7.582605525,4.7747917,4.826,9.195375,0.13034003000000002,0.0511850064999999,0.08088749274999998,0.06012001000000014,0.026705000000000007,-0.126,-0.124,-0.057,-71.800125,0.04937500000000006,0.904,1871983744.0,7385767936.0,4866904064.0,193966702592.0,42645030000.0,,40804110000.0,,,7859202000.0,,6376219000.0,6451033000.0,0.91,1.2186,0.42,1.23,0.104424,1782086400.0,-0.077,54.28539070044376,33.7708809465441,46.5099983215332,52.74375,2.3125,16.0,,,0.65172,0.20535,False,False,,0.5,7684083.0,4613010.0,1.0913641861547678,10.08,-11.2,-2.06,,-0.1432317660163216,0.29053797660118896,61.97715680636227,0.0525546158910577,0.032475188005068656,False,0.6671787861126481,,0.288,LatAm,True,58.27214915450209,72.84127033000327,42.541844656388704,16.723647138604885,72.25199349275013,33.06982872200264,30.189873417721518,63.11605723370429,50.0,,50.0,50.629043971023265,standard,367,41809784,False,50.1,False,75.04173622704508,28.130217028380635,30.71786310517529,50.04173622704508,50.04173622704508,50.04173622704508,5,NEUTRAL,0,UPPTREND,False,2,0.2857142857142857,LÅG,EJ AKTUELL,5.2,True,0.875,,2026-07-13,0
WELL,Welltower Inc.,Real Estate,REIT - Healthcare Facilities,United States,USD,163482724890.36407,76.448807375,41.8482215,3.66,-0.5416220200000004,13.713497,15.289,38.71525,-0.069005,-0.029379999124999993,-0.14096250049999998,-0.19940001000000002,-0.08099002,0.326,1.384,1.825,-45.82325,0.9429999999999997,1.237,1500359168.0,4703775232.0,19987095552.0,179901644800.0,67303047000.0,,10667136000.0,,,355168000.0,,936845000.0,2881677000.0,1.28,1.3961,2.96,2.48,0.74,1778630400.0,0.763,239.11000061035156,149.61918372195112,231.58999633789062,241.0,1.72727,22.0,5.04,0.0312,0.00062,1.02599,False,False,,0.5,3457214.0,3296170.0,0.6850139993477345,12.0,12.62,25.62,,-0.031449978057234707,0.22340153380755778,77.58850945201345,0.07208846982165107,0.16979232077133743,True,0.716325226663736,,0.693,US,True,47.50252926723515,18.763868209503194,78.49936591716455,82.14435763165658,73.62520216052313,35.30961791831357,30.189873417721518,61.367249602543716,50.0,58.982035928143716,50.0,50.59505082799037,standard,368,763359998,False,45.2,False,67.6126878130217,30.217028380634392,8.263772954924875,50.04173622704508,50.04173622704508,50.04173622704508,4,NEUTRAL,0,UPPTREND,False,3,0.42857142857142855,LÅG,EJ AKTUELL,5.5,True,0.875,,2026-07-13,0
ICICIBANK.NS,ICICI Bank Limited,Financial Services,Banks - Regional,India,INR,10050851013433.934,-12.674429999999997,-5.268966000000001,0.53,-1.7652711999999997,4.6221237,4.485,,0.0036200025000000108,-0.015695004075,-0.011199999999999988,-0.044799989999999984,-0.40460998,0.6065,-0.049,0.093,,,,,2649807126528.0,2202642677760.0,9752148967424.0,29144979700000.0,,2230897800000.0,,,,,542077000000.0,673254200000.0,0.87,0.1471,12.0,0.63,12.0,1785456000.0,0.235,1488.5144734435703,1187.5999755859375,1401.199951171875,1680.35,1.225,40.0,,,0.030079998,0.59276,False,False,,0.5,17196766.0,13863313.0,0.5312882405218213,6.39,3.71,-1.86,,-0.05865883323908805,0.1872966933898208,62.551419914914995,0.0717372101626752,0.0427107707988541,False,0.7282815953186585,,0.667,India,True,,32.74292611424097,57.80861501572988,57.08630917653509,93.5256294526921,8.432147562582346,67.53164556962025,,50.0,,50.0,50.586961853838744,standard,369,203171980,False,35.4,False,28.17195325542571,6.59432387312187,32.47078464106845,50.04173622704508,50.04173622704508,50.04173622704508,1,SVAG,-8,UPPTREND,False,2,0.2857142857142857,LÅG,EJ AKTUELL,-9.1,True,0.75,SUSPICIOUS_FWD_PE;,2026-07-13,0
LLOY.L,Lloyds Banking Group plc,Financial Services,Banks - Regional,United Kingdom,GBp,84376147140013.17,0.5251610000000007,-0.68467725,1.1692,-0.9116373,3.4075415,-4.996,,-0.01980750249999999,-0.012317500325000001,0.0022250099999999995,-0.023554975000000034,-0.401355,0.052500000000000005,0.314,0.366,,,,,323060989952.0,161334001664.0,-95581675520.0,944072000000.0,,20028000000.0,,,,,4659000000.0,5701000000.0,3.27,0.4382,0.04,4.3,0.0243,1775692800.0,0.907,1493.2912483215332,961.3093773343571,1451.5014075832369,116.737,1.94737,19.0,,,0.00074,0.51485,False,False,,0.5,176778226.0,144380192.0,0.6919833421211299,16.27,15.33,16.87,48.77,-0.02798505702438714,0.2770583055502264,65.55662827963283,0.11201660373352729,0.19228574251265051,False,0.6962914325338047,,0.609,UK,True,,33.87920687895088,77.07656921019645,61.93086401182415,58.134452206035526,1.4492753623188406,67.53164556962025,,50.0,,50.0,50.56178484295698,standard,370,209568051915,False,36.4,False,28.17195325542571,2.5459098497495827,43.07178631051753,50.04173622704508,50.04173622704508,50.04173622704508,1,SVAG,-8,UPPTREND,False,3,0.42857142857142855,LÅG,EJ AKTUELL,1.6,True,0.875,SUSPICIOUS_FWD_PE;,2026-07-13,0
CLAS-B.ST,Clas Ohlson AB (publ),Consumer Cyclical,Specialty Retail,Sweden,SEK,23387495111.407562,-1.910702999999998,13.985117999999998,3.14,4.589656999999999,2.0724242,2.06,-1.9284999999999988,0.25871,0.06269,0.024772486999999992,-0.047438759,0.02859499999999998,0.04100000000000001,0.639,0.736,-2.620500000000007,0.049750000000000016,0.658,656437440.0,1836499968.0,1899900032.0,25781391360.0,7887300000.0,,12513900000.0,,,1528500000.0,,1168900000.0,2118800000.0,1.69,0.3827,7.0,5.03,3.5,1768176000.0,0.944,452.6000061035156,276.2021351088865,404.6000061035156,415.0,2.5,4.0,,,0.35682,0.33948,False,False,,0.5,84433.0,60396.0,0.85,-2.59,0.55,,,-10.27,0.3668,56.0,-1.98,,False,0.2864390554321744,,0.439,Nordic,True,,66.37296450760456,23.859387037976585,58.087153535841665,47.830046771044,74.83530961791831,67.53164556962025,81.39904610492846,50.0,,50.0,50.546952753273466,standard,371,2518339,False,62.9,False,83.2220367278798,68.19699499165276,62.02003338898163,50.04173622704508,50.04173622704508,50.04173622704508,6,NEUTRAL,0,VARNING,False,2,0.2857142857142857,LÅG,EJ AKTUELL,13.2,True,0.875,,2026-07-13,0
SAN.MC,"Banco Santander, S.A.",Financial Services,Banks - Diversified,Spain,EUR,173790745395.21747,-1.958997,-2.781715875000003,3.8858,-0.70532715,3.6406784,5.65,,-0.022042494999999995,-0.008119996750000004,0.10483998000000005,0.06512001999999997,-0.37562,-0.0165,0.541,0.603,,,,,307914997760.0,392526004224.0,267642519552.0,1867515000000.0,,60023000000.0,,,,,14101000000.0,-14835000000.0,2.08,0.2545,0.25,3.17,0.125,1777507200.0,0.934,12.593999862670898,6.954689355013084,12.137999534606934,12.4945,1.65,20.0,,,0.01568,0.40433,False,False,,0.5,24698725.0,19866281.0,0.79,4.87,14.11,15.87,,-3.98,0.3596,52.0,7.75,,False,0.6232690964532448,,0.672,Europe,True,,46.24158802703771,54.63145222630265,60.6634360173704,46.08084977849376,34.51910408432148,67.53164556962025,,50.0,,50.0,50.5427686314294,standard,372,274674674,False,39.9,False,28.17195325542571,29.29883138564274,39.64941569282137,50.04173622704508,50.04173622704508,50.04173622704508,1,SVAG,-8,UPPTREND,False,2,0.2857142857142857,LÅG,EJ AKTUELL,1.4,True,0.75,SUSPICIOUS_FWD_PE;,2026-07-13,0
CMI,Cummins Inc.,Industrials,Specialty Industrial Machinery,United States,USD,93273711523.08685,0.5443573749999997,-3.1740429999999993,1.6188,1.3479451499999997,2.7415018,2.931,-0.02474999999999916,0.02932248500000001,0.009340001075000005,-0.029149994,-0.03906999,-0.22122002000000002,-0.038000000000000006,-0.276,-0.206,-12.535749999999993,0.23249999999999993,0.955,588771456.0,3182000128.0,8240000000.0,99352707072.0,33992000000.0,,33670000000.0,,,3865000000.0,,2843000000.0,3621000000.0,1.19,0.4062,8.0,2.31,2.0,1779408000.0,1.222,737.760009765625,329.4245875814354,675.9500122070312,753.3342,1.95455,19.0,2.06,0.020499999,0.00211,0.87878996,False,False,,0.5,1006218.0,1215830.0,0.4966408044731481,1.0,10.98,26.22,,-0.08378062885006443,0.3558520824954242,41.54298514761915,-0.0023066043688226845,0.2073866225622396,False,0.363684184632582,,0.248,US,True,,43.48742349937664,74.93822704898771,15.750565779452604,44.3825685314608,46.113306982872196,67.53164556962025,56.27980922098569,50.0,77.69461077844312,50.0,50.53537822103712,standard,373,821840303,False,52.8,False,65.19198664440734,39.39899833055092,53.50584307178631,50.04173622704508,50.04173622704508,50.04173622704508,4,NEUTRAL,0,VARNING,False,2,0.2857142857142857,LÅG,EJ AKTUELL,1.1,True,0.875,SUSPICIOUS_FWD_PE;,2026-07-13,0
WMB,"The Williams Companies, Inc.",Energy,Oil & Gas Midstream,United States,USD,91749325734.77603,8.648093874999997,13.669571499999998,2.3688,2.764456399999999,7.530494,10.183,6.224500000000001,0.042895002,-0.009737497174999997,0.116664996,0.15840500000000002,0.15535999999999994,0.041499999999999995,-0.03500000000000003,0.252,143.1585,-0.44550000000000023,0.623,-1290103568.0,950000000.0,30301999104.0,123306328064.0,58573000000.0,,11950000000.0,,,4408000000.0,,2618000000.0,5898000000.0,2.78,0.8882,2.1,4.5,0.525,1781222400.0,0.595,79.49299040577026,54.103766929854714,75.0199966430664,83.63636,1.52174,22.0,3.18,0.0226,0.00446,0.89129996,False,False,,0.5,6853644.0,8441240.0,0.65,5.62,5.74,,,-4.73,0.2321,50.6,1.42,,True,0.6155361482004095,,0.351,US,True,44.89088018499783,67.43568210804828,36.88407839600128,42.776426990202204,49.214900803024996,46.3768115942029,67.53164556962025,38.15580286168522,50.0,71.8562874251497,50.0,50.48929043470398,standard,375,633261796,False,38.1,False,28.17195325542571,39.565943238731215,17.2787979966611,50.04173622704508,50.04173622704508,50.04173622704508,1,SVAG,-8,UPPTREND,False,2,0.2857142857142857,LÅG,EJ AKTUELL,-0.3,True,0.875,,2026-07-13,0
JYSK.CO,Jyske Bank A/S,Financial Services,Banks - Regional,Denmark,DKK,55763942344.0,-3.4110432499999987,-3.916444499999999,0.6,-1.6663714,3.9361858,30.653,,-0.04560500999999999,-0.01496000015,0.13250249,0.07984127099999995,-0.448525,-0.14350000000000002,-0.259,-0.165,,,,,101490999296.0,479152996352.0,434264473600.0,777056000000.0,,14437000000.0,,,,,5414000000.0,5391000000.0,2.55,0.301,25.0,,25.0,1773792000.0,0.342,989.0,622.3555586441703,982.0,986.6667,2.5,6.0,,,0.30672002,0.24080999,False,False,,0.5,89729.0,77521.0,0.75,3.29,5.99,,,-0.92,0.2278,62.6,5.6,,True,0.9382668127721496,,1.0,Nordic,True,,42.81107392321914,43.18582407877182,33.27558418519921,84.25361423194968,57.70750988142292,67.53164556962025,,50.0,,50.0,50.47033977878322,standard,376,11597285,False,43.0,False,28.17195325542571,52.17028380634391,37.228714524207014,50.04173622704508,50.04173622704508,50.04173622704508,1,SVAG,-8,UPPTREND,False,2,0.2857142857142857,LÅG,EJ AKTUELL,-6.9,True,0.75,SUSPICIOUS_FWD_PE;,2026-07-13,0
WBC.AX,Westpac Banking Corporation,Financial Services,Banks - Diversified,Australia,AUD,124780717585.82104,-4.494357749999997,-2.5671219999999995,1.25,-1.2779787299999996,5.6038404,11.248,,-0.01226000499999999,-0.0022900000000000004,0.08259000800000002,0.14651002999999993,-0.26982,-0.0475,-0.07900000000000001,0.056,,,,,132742995968.0,258104000512.0,250451722240.0,1077544000000.0,,21587000000.0,,,,,6990000000.0,-19767000000.0,4.21,0.7541,1.54,5.0,0.77,1778198400.0,0.729,42.47209761283912,31.138306439398757,36.540000915527344,33.29041,4.0,14.0,,,0.00093999994,0.34120998,False,False,,0.5,5229724.0,3993220.0,0.4888580014217324,5.91,-12.49,-1.66,13.22,-0.1396704432021867,0.21775251951203675,64.66946464109081,0.016770816283643963,-0.03594956218559486,True,1.0376618334790433,,0.5,Australia,True,,52.24685929804407,41.539619219179485,31.033111197738073,74.44901190162068,39.789196310935445,67.53164556962025,,50.0,,50.0,50.45052693338887,standard,378,101061270,False,38.7,False,28.17195325542571,34.223706176961606,26.37729549248748,50.04173622704508,50.04173622704508,50.04173622704508,0,SVAG,-8,NEDTREND,True,2,0.2857142857142857,LÅG,EJ AKTUELL,-15.1,True,0.875,SUSPICIOUS_FWD_PE;,2026-07-13,0
PANW,"Palo Alto Networks, Inc.",Technology,Software - Infrastructure,United States,USD,265616652984.61914,255.59211137500003,55.722376000000004,5.5212,1.9493969499999997,25.042818,24.95,156.70875,-0.13154000300000002,-0.050235001924999995,-0.03110499499999999,-0.1684125,0.23993995999999995,0.1815,,,-39.801249999999996,-0.9220000000000002,0.728,2479521536.0,3111000064.0,2130000000.0,264635645952.0,23576200000.0,,9221500000.0,,,1242900000.0,,1133900000.0,3716000000.0,,0.0,,,,,0.908,368.1700134277344,139.57000732421875,325.9100036621094,324.14368,1.62963,49.0,2.79,0.0309,0.00758,0.83087,False,False,,0.5,8185490.0,8767270.0,0.29,17.45,102.03,,,-8.17,0.5012,63.1,21.59,,False,0.6373728293337441,,0.924,US,True,44.685937274172566,30.302221821602473,57.60208204145292,83.25233677094471,25.583966953974066,28.85375494071146,12.658227848101266,62.79809220985692,50.0,59.58083832335329,50.0,50.44968883525634,standard,379,2857340998,False,43.4,False,67.1118530884808,24.707846410684475,2.5459098497495827,50.04173622704508,50.04173622704508,50.04173622704508,3,SVAG,-8,UPPTREND,False,1,0.14285714285714285,LÅG,EJ AKTUELL,1.6,True,0.875,EXTREME_EARNINGS_GROWTH;,2026-07-13,0
IMI.L,IMI plc,Industrials,Specialty Industrial Machinery,United Kingdom,GBp,8637869893066.574,-3.726953250000003,1.1405817500000008,2.3192,2.4812980000000007,2.8967164,3.237,0.026500000000000412,0.13702999249999998,0.058167500825,0.018090019999999943,0.03753500500000001,0.07321499999999997,0.025999999999999995,0.583,0.576,-25.73,0.1475000000000002,0.853,-393912528.0,114900000.0,643699968.0,7459081728.0,2480100000.0,,2304000000.0,,,422400000.0,,309900000.0,415300000.0,1.22,0.2593,0.34,1.57,0.232,1775088000.0,1.046,38521.414332329296,27317.641383421673,36471.96532249451,3089.2861,1.73333,14.0,,,0.00414,0.79682,False,False,,0.5,1238884.0,896372.0,0.65,-4.49,-1.47,7.1,,-7.57,0.2723,35.9,-0.94,,False,0.18243173822920025,,0.5,UK,True,43.860818037288624,70.63059992446446,34.78118540396136,59.03995902109332,54.99911191956651,8.959156785243742,67.53164556962025,20.190779014308426,50.0,,50.0,50.41749052358359,standard,381,32692448500,False,37.8,False,28.17195325542571,7.0951585976627705,48.080133555926544,50.04173622704508,50.04173622704508,50.04173622704508,3,SVAG,-8,VARNING,False,2,0.2857142857142857,LÅG,EJ AKTUELL,-0.4,True,0.875,SUSPICIOUS_FWD_PE;,2026-07-13,0
DDOG,"Datadog, Inc.",Technology,Software - Application,United States,USD,85200878843.8006,680.743361375,66.411476,1.6756,15.459456949999998,25.083254,24.02,2524.5977500000004,-0.140549998,-0.070115001025,-0.07362499499999998,-0.13579249999999998,0.31936,0.1925,0.8380000000000001,1.134,-15.27825,1.6189999999999998,3.285,-163127040.0,4758617088.0,1285052032.0,88200421376.0,6643844000.0,,3427158000.0,,,-44373000.0,,107741000.0,1050135000.0,,0.0,,,,,1.543,278.7049865722656,98.01000213623047,257.5400085449219,247.68239,1.45652,46.0,2.53,0.0513,0.0064600003,0.91865,False,False,,0.385,5843450.0,4974270.0,0.37,11.67,137.63,,,-5.73,0.7573,73.3,17.09,,True,0.7272765597283831,,1.0,US,True,32.19193525075878,28.364089434336176,60.23906834282278,87.37081389563832,34.04512705093743,48.484848484848484,12.658227848101266,45.46899841017488,50.0,38.772455089820355,38.5,50.39053409004282,standard,382,1281073538,False,43.9,False,59.18196994991652,41.151919866444075,2.5459098497495827,50.04173622704508,50.04173622704508,50.04173622704508,6,NEUTRAL,0,UPPTREND,False,2,0.2857142857142857,LÅG,EJ AKTUELL,10.3,True,0.875,,2026-07-13,0
RIO.L,Rio Tinto Group,Basic Materials,Other Industrial Metals & Mining,United Kingdom,GBp,109644359416977.62,-4.253526250000004,-1.7472417500000006,5.63,0.05115684999999959,1.9022508,2.236,-4.189000000000002,0.056707487500000014,0.029712496825000004,0.052095016999999966,0.03182499500000002,-0.12011498000000004,0.045999999999999985,-0.476,-0.053,-28.660999999999998,-0.33699999999999986,0.917,2849887360.0,9420000256.0,23747999744.0,128878051328.0,128102000000.0,,57638000000.0,,,15448000000.0,,9966000000.0,16832000000.0,4.5,0.6054,3.0,7.46,1.917705,1772668800.0,0.649,113955.2051897049,55907.04879894477,87400.70327281952,7558.609,2.85,19.0,,,0.14696999,0.47981,False,False,,0.5,2531105.0,2093017.0,1.0161828680906644,-9.51,-4.6,17.53,52.25,-0.23302579178089533,0.2649863877836852,26.733160487491247,-0.08514660214043068,0.07332052820123125,False,0.20679828843656367,,0.5,UK,True,,61.37450308530212,59.72624967102399,29.252566356323,56.869467649612886,0.7905138339920948,67.53164556962025,78.53736089030207,50.0,,50.0,50.36007711352405,standard,385,182931157762,False,47.0,False,57.595993322203675,2.5459098497495827,64.9415692821369,50.04173622704508,50.04173622704508,50.04173622704508,4,NEUTRAL,0,VARNING,False,2,0.2857142857142857,LÅG,EJ AKTUELL,-1.9,True,1.0,SUSPICIOUS_FWD_PE;,2026-07-13,0
GSK.L,GSK plc,Healthcare,Drug Manufacturers - General,United Kingdom,GBp,101688903803354.52,-9.889206249999999,-3.477806749999999,19.5278,1.1342750999999998,2.4066567,2.87,-3.016,0.2881724675,0.039132499825,0.04107001999999996,0.109729985,0.32732496,-0.0695,-0.028999999999999998,0.07,43.312749999999994,-1.1989999999999998,0.507,2373387392.0,3443000064.0,19111999488.0,94091296768.0,61118000000.0,,32667000000.0,,,8338000000.0,,5716000000.0,7741000000.0,3.47,0.4645,0.68,4.33,0.17,1778716800.0,0.3,27740.083570055423,16623.751459801642,25386.71397447586,2116.895,2.71429,19.0,,,0.01747,0.47384998,False,False,,0.5,7849777.0,9562983.0,0.51,-0.23,-10.79,5.16,,-13.85,0.2659,49.3,1.54,,False,0.5993458800700354,,0.975,UK,True,,81.02511062546118,25.066691540510366,47.15102538593401,53.42936444465238,0.922266139657444,67.53164556962025,81.08108108108108,50.0,,50.0,50.35151890571526,standard,386,242772714164,False,45.8,False,57.42904841402338,2.5459098497495827,57.17863105175292,50.04173622704508,50.04173622704508,50.04173622704508,3,SVAG,-8,UPPTREND,False,2,0.2857142857142857,LÅG,EJ AKTUELL,1.5,True,0.875,SUSPICIOUS_FWD_PE;,2026-07-13,0
GAW.L,Games Workshop Group PLC,Consumer Cyclical,Leisure,United Kingdom,GBp,8579318139989.09,9.820843249999998,18.920548249999996,,17.7974358,10.237242,9.991,9.609999999999998,0.5376174475000001,0.351322499825,0.22116501699999996,0.24626499500000001,0.321145,0.036000000000000004,0.0,0.108,-72.1085,2.538,3.059,-459300032.0,171100000.0,49800000.0,6494888960.0,383000000.0,,617500000.0,,,261300000.0,,196100000.0,247400000.0,1.74,0.8969,3.5,2.92,0.9,1782950400.0,0.926,302269.22095683473,177342.38554248257,259626.5522956848,20283.332,,3.0,,,0.00519,0.67728996,False,False,,0.5,87779.0,66743.0,2.16,1.36,4.13,8.43,,-7.84,0.2733,48.6,0.76,,False,0.31710988118836214,,0.5,UK,True,24.501806619453674,92.90683295162899,40.85287967368513,43.74991063444272,68.44179440334348,9.090909090909092,67.53164556962025,15.262321144674084,50.0,,50.0,50.284524562905425,standard,387,17328254980,False,32.4,False,28.17195325542571,7.178631051752922,11.769616026711185,50.04173622704508,50.04173622704508,50.04173622704508,5,NEUTRAL,0,UPPTREND,False,3,0.42857142857142855,LÅG,EJ AKTUELL,5.9,True,0.875,,2026-07-13,0
SEB-A.ST,Skandinaviska Enskilda Banken AB (publ),Financial Services,Banks - Regional,Sweden,SEK,386738744879.2423,-2.1810002499999985,-1.7763965000000006,2.0947,-1.0738276,5.2770934,10.168,,-0.01214499999999999,-0.014250000150000004,0.17978249000000004,0.151061271,-0.448525,-0.1305,-0.14600000000000002,-0.042,,,,,828516007936.0,1189482987520.0,753429643264.0,3670681000000.0,,77063000000.0,,,,,31063000000.0,34721000000.0,4.22,0.5527,8.5,4.95,11.0,1774396800.0,0.417,201.8000030517578,151.72970764267046,200.89999389648438,197.11765,2.70588,17.0,,,0.00988,0.7268,False,False,,0.5,2305612.0,2173924.0,0.9,5.8,9.21,,,-0.67,0.2208,66.6,6.44,,True,0.910849367880783,,0.53,Nordic,True,,49.223930506110555,47.3686040175132,24.5458188818935,83.90468982182287,25.428194993412383,67.53164556962025,,50.0,,50.0,50.1741858495309,standard,390,45009519,False,37.1,False,28.17195325542571,22.036727879799667,28.380634390651082,50.04173622704508,50.04173622704508,50.04173622704508,0,SVAG,-8,UPPTREND,False,2,0.2857142857142857,LÅG,EJ AKTUELL,-7.3,True,0.75,SUSPICIOUS_FWD_PE;,2026-07-13,0
2395.TW,"Advantech Co., Ltd.",Technology,Computer Hardware,Taiwan,TWD,468857160000.0,13.373726999999992,13.2106265,2.7811,5.11799505,6.343075,6.097,16.655,0.10545499749999998,0.048819998950000006,0.033977504000000006,0.04455751000000005,0.023494999999999988,0.045499999999999985,0.017999999999999988,0.22,-1.3962500000000002,-0.14100000000000001,1.108,-1732356608.0,20509259776.0,2189991936.0,450649456640.0,75717524000.0,,70882362000.0,,,11546311000.0,,10592508000.0,9902694000.0,2.07,0.65410006,11.16,2.44,11.158556,1784246400.0,0.739,562.0,271.0,540.0,489.73334,,15.0,,,0.48346,0.25589,False,False,,0.5,3880834.0,3049626.0,1.44,,,,,,0.5068,63.8,,,True,0.9292630239909816,,0.52,Asia,True,39.38155802861685,69.39640701267686,,51.177790402672315,41.5044955744301,23.3201581027668,67.53164556962025,43.40222575516693,50.0,,50.0,50.11956523552323,standard,391,51153917,False,35.8,False,28.17195325542571,20.28380634390651,21.452420701168613,50.04173622704508,50.04173622704508,50.04173622704508,4,NEUTRAL,0,UPPTREND,False,2,0.2857142857142857,LÅG,EJ AKTUELL,10.2,True,0.875,,2026-07-13,0
C,Citigroup Inc.,Financial Services,Banks - Diversified,United States,USD,240128168043.43286,-4.026998375000001,-4.5447500000000005,0.7237,-3.42113915,3.0628638,0.385,,-0.09633499999999999,-0.020504999774999998,-0.050754993999999956,-0.031059969999999992,-0.4797,0.0965,0.42800000000000005,0.423,,,,,1046570008576.0,815575007232.0,30296178688.0,2657202000000.0,,85213000000.0,,,,,14306000000.0,-67632000000.0,1.72,0.2917,2.4,3.42,0.6,1777852800.0,1.094,147.9600067138672,83.72192620262231,140.7899932861328,155.15,1.68182,20.0,0.04,0.0004,0.00252,0.81601995,False,False,,0.5,12110762.0,12890830.0,0.7705273402289113,4.5,13.24,17.16,,-0.04845913153816028,0.28447735220336556,45.74108162733641,0.05758430088258937,0.21819054983259245,False,0.39831473210005675,,0.803,US,True,,21.26208563695298,74.97418757551507,71.4253533165725,50.288513616731706,29.907773386034254,67.53164556962025,,50.0,96.7065868263473,50.0,50.11815755716445,standard,392,1814899869,False,40.3,False,28.17195325542571,25.542570951585976,46.24373956594324,50.04173622704508,50.04173622704508,50.04173622704508,1,SVAG,-8,UPPTREND,False,3,0.42857142857142855,LÅG,EJ AKTUELL,-6.3,True,0.75,SUSPICIOUS_FWD_PE;,2026-07-13,0
NDA-SE.ST,Nordea Bank Abp,Financial Services,Banks - Regional,Finland,SEK,629201907108.5715,-2.917830249999998,121.24927949999999,11.1968,18.0972502,54.496414,69.425,,0.008795000000000025,-0.014610000150000003,0.17135249,0.10162127099999997,-0.448525,-0.0485,-0.219,-0.109,,,,,57399001088.0,231558004736.0,803944267776.0,654350000000.0,,11719000000.0,,,,,4840000000.0,-3164000000.0,5.64,0.70589995,10.48,7.12,0.96,1774396800.0,0.637,189.8000030517578,134.6539580909839,185.39999389648438,188.37538,2.2,10.0,,,0.01767,0.59139997,False,False,,0.5,1979543.0,1436373.0,0.91,4.07,7.89,,,-1.91,0.203,58.2,4.21,,True,0.6840300816880562,,0.917,Nordic,True,,49.96557102004931,43.63384820640021,35.81970362225388,79.92781951754691,21.21212121212121,67.53164556962025,,50.0,,50.0,50.08171274456148,standard,395,27444608,False,32.7,False,28.17195325542571,18.280467445742904,2.5459098497495827,50.04173622704508,50.04173622704508,50.04173622704508,0,SVAG,-8,UPPTREND,False,2,0.2857142857142857,LÅG,EJ AKTUELL,-3.8,True,0.75,,2026-07-13,0
EQR,Equity Residential,Real Estate,REIT - Residential,United States,USD,25738978086.18457,-7.259274625000001,17.5673545,16.1,-1.8042107200000006,8.525606,11.151,-3.133749999999999,-0.018945000000000004,-0.009759999424999994,0.04573750450000001,-0.10580999000000002,0.14805004,-0.031999999999999994,-0.841,-0.649,-11.889249999999997,-0.5880000000000002,0.029,316687360.0,34677000.0,8643318784.0,34712969216.0,20746023000.0,,3093959000.0,,,869752000.0,,1120089000.0,1648763000.0,4.13,1.1118,2.81,3.81,0.703,1782691200.0,0.754,71.5,56.29634029167226,68.69000244140625,71.66667,2.33333,18.0,3.69,0.036,0.00592,0.99027,False,False,,0.789,3017255.0,2768750.0,0.7795814244405949,2.27,14.79,13.41,,-0.03930066515515729,0.20362102114994526,75.78170409585343,0.04003388182178047,0.11596161970812391,True,0.7064275103897555,,0.182,US,True,,46.75954887316712,75.67869851680989,9.453117117955955,55.44776292737871,72.59552042160738,30.189873417721518,62.48012718600954,50.0,54.64071856287425,78.9,50.0665556503012,standard,397,190185444,False,53.9,False,77.04507512520868,65.9432387312187,14.774624373956593,50.04173622704508,50.04173622704508,50.04173622704508,3,SVAG,-8,UPPTREND,False,1,0.14285714285714285,LÅG,EJ AKTUELL,-3.6,True,0.875,,2026-07-13,0
BAM.TO,Brookfield Asset Management Ltd.,Financial Services,Asset Management,United States,CAD,105705848388.05946,7.544947250000005,7.967595250000002,1.2089,6.67395335,20.833122,21.919,24.289250000000003,0.0799212615,0.09518874947500006,0.25529749,0.2852012599999999,0.30931999,0.1755,-0.07700000000000001,0.062,-20.496499999999997,-0.76325,1.017,2285515520.0,1096000000.0,2963000064.0,111217262592.0,17047000000.0,,4608000000.0,,,3034000000.0,,2485000000.0,2101000000.0,4.37,1.1635,2.85,,0.692,1780012800.0,1.259,84.9810278461141,57.49526220527826,66.19999694824219,80.78093,2.23529,5.0,4.79,0.0248,0.03568,0.89595,False,False,,0.5,1890511.0,1280930.0,0.655094127189295,3.75,7.65,-10.0,,-0.22100263286861044,0.2912760475906674,49.11876129062433,0.009657524350100921,-0.02832518411703655,True,0.5900569720110991,,0.707,Canada,True,59.83191212602977,88.58928160225499,48.86944247655663,53.411369199013606,32.04936289870209,43.34650856389987,30.189873417721518,75.99364069952306,50.0,68.11377245508982,50.0,50.021823160567884,holding,399,59941163,False,47.6,False,76.21035058430718,37.31218697829716,2.5459098497495827,50.04173622704508,50.04173622704508,50.04173622704508,7,STARK,8,NEDTREND,True,1,0.14285714285714285,LÅG,EJ AKTUELL,8.8,True,0.875,,2026-07-13,0
POWL,"Powell Industries, Inc.",Industrials,Electrical Equipment & Parts,United States,USD,8459064670.254456,11.777279374999996,10.770911000000003,2.6139,5.75443915,7.472308,6.993,14.264249999999997,0.108372495,0.066960001075,0.057120006,0.057420009999999994,-0.17867,0.0,-0.082,-0.01,-73.88074999999999,0.7774999999999999,2.004,-957671936.0,544889024.0,1955000.0,7916130816.0,1108984000.0,,1104318000.0,,,217860000.0,,180747000.0,167937000.0,0.15,0.0698,0.36,1.85,0.09,1779235200.0,1.135,327.8871434238099,68.14815004023077,232.19000244140625,316.25,,4.0,2.84,0.0908,0.20741,0.96629,False,False,,0.694,715577.0,1004440.0,0.7211844208949724,-18.1,0.63,95.91,,-0.29185999787344663,0.6153989040606622,27.991054870281147,-0.18036209103489764,0.28135887220503664,False,0.10058610259437259,,0.757,US,True,16.768174591704003,66.26646316562167,62.477959817894025,41.54633365469617,39.41751127937392,88.40579710144928,67.53164556962025,9.538950715421304,50.0,20.65868263473054,69.39999999999999,50.016757300661304,standard,400,233220926,False,44.8,False,28.17195325542571,83.80634390651085,17.529215358931552,50.04173622704508,50.04173622704508,50.04173622704508,3,SVAG,-8,VARNING,False,3,0.42857142857142855,LÅG,EJ AKTUELL,2.8,True,0.875,,2026-07-13,0
ENGI.PA,Engie SA,Utilities,Utilities - Diversified,France,EUR,68300312281.64306,-1.7759432499999992,-4.011406125000002,3.45,0.04384140000000003,0.9500602,1.572,-3.364,0.0016175049999999982,-0.0021499970000000007,-0.0646449945,-0.114165015,-0.056499980000000005,-0.14500000000000002,-0.6539999999999999,-0.582,-11.709499999999991,0.263,0.834,-1122432160.0,15365000192.0,55187001344.0,113071480832.0,169249000000.0,,71944000000.0,,,9056000000.0,,3827000000.0,-1476000000.0,4.98,0.98010004,1.35,7.33,1.35,1777507200.0,0.572,28.454002905550343,16.37366602730382,26.8799991607666,30.59444,1.68421,18.0,,,0.26514,0.43388,False,False,,0.5,3484764.0,2514534.0,0.5935918100292927,-1.93,-2.53,18.59,44.88,-0.05531748028593586,0.21210426512275024,47.42267129018335,-0.007231578814635653,0.12611924161006183,False,0.34477304660984853,,0.5,Europe,True,,36.323773110099644,65.6127754363351,10.71212141611199,74.78323900401489,53.62318840579711,67.53164556962025,38.3147853736089,50.0,,50.0,50.007922810806825,standard,401,76991307,False,48.8,False,28.17195325542571,45.826377295492485,82.63772954924875,50.04173622704508,50.04173622704508,50.04173622704508,3,SVAG,-8,VARNING,False,3,0.42857142857142855,LÅG,EJ AKTUELL,-9.8,True,1.0,SUSPICIOUS_FWD_PE;,2026-07-13,0
FFH.TO,Fairfax Financial Holdings Limited,Financial Services,Insurance - Property & Casualty,Canada,CAD,44885712349.390625,-14.074870749999997,-3.4180997499999997,0.28,-1.83221195,1.2579912,1.575,-2.378750000000001,0.028251261500000003,0.01855874947500005,-0.12432250999999997,-0.21555873000000003,0.02844996999999999,-0.1405,-0.404,-0.264,-1.0455000000000005,0.6597500000000001,0.771,1787952896.0,6691800064.0,14048799744.0,60760539136.0,107787700000.0,,30405400000.0,,,,,4772400000.0,2419400000.0,0.88,0.074200004,20.77,1.4,20.817,1768435200.0,0.454,2678.1534874492927,2066.159912109375,2352.989990234375,2759.0625,2.85714,7.0,1.84,,0.025880001,0.34754002,False,False,,0.5,65314.0,55490.0,0.4563466700754186,3.22,-1.51,-9.24,,-0.12141331657753773,0.22582598315021774,67.5929590936683,0.040496492129220796,0.003946005855846035,True,0.6015239487459149,,1.0,Canada,True,,41.9996068836059,45.504592588459865,30.471791189139243,78.35332605809852,62.31884057971014,67.53164556962025,84.41971383147853,50.0,,50.0,49.98620017472778,standard,402,92294666,False,63.6,False,85.22537562604342,56.093489148580964,75.95993322203672,50.04173622704508,50.04173622704508,50.04173622704508,4,NEUTRAL,0,UPPTREND,False,2,0.2857142857142857,LÅG,EJ AKTUELL,1.3,True,0.875,SUSPICIOUS_FWD_PE;,2026-07-13,0
SHOP.TO,Shopify Inc.,Technology,Software - Application,Canada,CAD,211609496948.39136,84.58935699999999,33.158036249999995,2.4295,7.054753149999999,18.799517,17.758,81.908,-0.0378737485,0.030018748625000046,0.009897499000000004,0.025388729999999998,0.07853999,0.21350000000000002,,,-27.420999999999992,4.295749999999999,4.528,624515456.0,5743000064.0,179000000.0,219592048640.0,15189000000.0,,11556000000.0,,,1885000000.0,,1231000000.0,2033000000.0,,0.0,,,,,2.585,253.10000610351562,129.00999450683594,173.50999450683594,188.64851,1.76,4.0,2.56,0.0042,0.0023,0.73649,False,False,,0.5,2045812.0,1997250.0,0.7360693650142176,14.96,13.0,-24.24,,-0.314460725710643,0.5657649591519751,72.12916052311638,0.11528915226778125,-0.07437837804899083,True,0.844752919133819,,0.583,Canada,True,38.79549067784362,56.887827444875825,43.604952865293086,65.55418549305006,37.65254681871915,30.96179183135705,12.658227848101266,52.30524642289348,50.0,94.311377245509,50.0,49.95326709982882,standard,403,244962002,False,42.4,False,60.350584307178636,26.46076794657763,5.592654424040067,50.04173622704508,50.04173622704508,50.04173622704508,4,NEUTRAL,0,NEDTREND,True,1,0.14285714285714285,LÅG,EJ AKTUELL,3.9,True,0.875,EXTREME_EARNINGS_GROWTH;,2026-07-13,0
VRT,Vertiv Holdings Co,Industrials,Electrical Equipment & Parts,United States,USD,122476931443.16602,47.049667375000006,12.970753999999998,1.6238,24.772888149999996,11.295067,11.366,31.83725,0.26035249499999996,0.04810999607500001,0.03571000599999999,0.02693999999999999,-0.10819000000000001,0.236,1.291,1.371,2.7562500000000014,0.01749999999999985,1.057,864896384.0,2500499968.0,3264900096.0,123241340928.0,12212400000.0,,10229900000.0,,,1896200000.0,,1332800000.0,2113800000.0,0.08,0.050300002,0.25,0.07,0.063,1781481600.0,2.029,379.8559491193527,118.56939204767133,318.8599853515625,378.52,1.46154,25.0,2.01,0.0378,0.00229,0.85839,False,False,,0.5,6280068.0,7568910.0,0.38,1.81,1.11,,,-19.39,0.7079,36.8,-6.6,,True,0.5465237508326817,,1.0,US,True,46.42881919352507,66.65462677764182,21.018236653700885,90.33379596111433,40.30711363578422,40.843214756258234,34.24050632911392,58.66454689984102,50.0,52.69461077844312,50.0,49.93710173324227,standard,405,2413422532,False,45.6,False,65.27545909849749,34.891485809682806,10.35058430717863,50.04173622704508,50.04173622704508,50.04173622704508,5,NEUTRAL,0,VARNING,False,2,0.2857142857142857,LÅG,EJ AKTUELL,12.2,True,0.875,,2026-07-13,0
TLS.AX,Telstra Group Limited,Communication Services,Telecom Services,Australia,AUD,54581768672.61082,-1.083926,0.0,3.06,0.1908535700000007,2.3563187,3.253,-7.406,0.0,0.012514996650000002,-0.005345002999999987,-0.007530010000000004,0.21960003,-0.057999999999999996,0.011499999999999996,0.094,-39.709999999999994,-0.11599999999999966,0.433,609374976.0,1436000000.0,18752000000.0,75355324416.0,44968000000.0,,22717000000.0,,,3312000000.0,,2172000000.0,,4.29,0.9596,0.21,3.76,0.105,1771977600.0,0.132,5.579999923706055,4.610899991776986,4.900000095367432,5.24429,2.85714,14.0,,,0.00465,0.30481002,False,False,,0.5,23407881.0,24246856.0,1.2377457010320125,-5.77,-9.93,3.52,4.88,-0.1218637701856794,0.13946604487461672,39.99999999999999,-0.055476289198260864,-0.020088376846727485,False,-0.01720706301632075,,0.5,Australia,True,,57.22941953028982,40.39587960621318,35.225201685446635,79.24553614489726,57.839262187088266,67.53164556962025,61.04928457869634,50.0,,50.0,49.905311627558596,standard,406,82289511,False,61.3,False,88.81469115191987,52.42070116861436,58.180300500834726,50.04173622704508,50.04173622704508,50.04173622704508,5,NEUTRAL,0,NEDTREND,True,2,0.2857142857142857,LÅG,EJ AKTUELL,-4.0,True,1.0,SUSPICIOUS_FWD_PE;,2026-07-13,0
TRENT.NS,Trent Limited,Consumer Cyclical,Apparel Retail,India,INR,1547866749379.5334,49.73236024999999,33.934510499999995,,16.8917872,7.7107234,7.798,21.154499999999995,0.0976050025,0.052134996074999995,-0.008429993000000024,-0.005409999999999998,0.01920002000000004,0.11900000000000001,0.15100000000000002,0.258,-4.954999999999998,-0.4114999999999998,0.498,-8478693376.0,9288899584.0,25612500992.0,1565419896832.0,117285800000.0,,198501100000.0,,,23782200000.0,,17196500000.0,26676200000.0,0.14,0.1034,4.0,0.09,4.0,1781222400.0,0.331,5665.627845083876,2180.44477277369,2902.800048828125,3296.734,1.92,25.0,,,0.43422002,0.30594,False,False,,0.5,1775707.0,2270873.0,0.47893052445822626,7.24,12.52,7.39,,-0.4876472426004975,0.4707670114480436,31.26012654329425,-0.006849937531926864,-0.12756846842427783,False,0.14345276141749258,,0.602,India,True,36.702847232258996,62.262059993794594,54.546613176279415,61.73527145122693,45.31910419356027,17.25955204216074,34.810126582278485,41.65341812400636,50.0,,50.0,49.896006708210095,standard,407,68945613,False,34.3,False,28.17195325542571,15.025041736227045,16.7779632721202,50.04173622704508,50.04173622704508,50.04173622704508,4,NEUTRAL,0,NEDTREND,True,2,0.2857142857142857,LÅG,EJ AKTUELL,1.0,True,0.875,,2026-07-13,0
ALNY,"Alnylam Pharmaceuticals, Inc.",Healthcare,Biotechnology,United States,USD,39888217613.31372,47.569872375,2.801711499999998,0.5673,31.522479250000004,9.344724,9.296,32.66074999999999,0.7374950399999999,0.030795000075000002,-0.0028399840000000037,0.042885000000000006,0.32857004,0.8795,,,219.42699999999996,1.0069999999999997,2.885,-895139440.0,3009222912.0,2970230016.0,39849222144.0,4966331000.0,,3713937000.0,,,501578000.0,,313747000.0,524080000.0,,0.0,,,,,0.269,495.54998779296875,273.1099853515625,298.760009765625,438.75,1.75,24.0,4.56,0.0579,0.00184,1.02017,False,False,,0.5,1210745.0,1619600.0,1.6437513357382019,0.36,-7.01,-29.29,,-0.39711428286738015,0.37510390506935104,63.683313757314735,0.007930959371998503,-0.1778516107762007,True,0.537418760285457,,0.67,US,True,27.864142217083394,75.13783901215726,25.47529091645585,74.22921049908598,54.993222579132414,64.55862977602108,12.658227848101266,32.273449920508746,50.0,33.23353293413174,50.0,49.8788676642652,standard,409,483871712,False,40.3,False,28.17195325542571,58.68113522537563,13.18864774624374,50.04173622704508,50.04173622704508,50.04173622704508,2,SVAG,-8,NEDTREND,True,2,0.2857142857142857,LÅG,EJ AKTUELL,-6.4,True,0.875,EXTREME_EARNINGS_GROWTH;,2026-07-13,0
BLND.L,British Land Company PLC,Real Estate,REIT - Diversified,United Kingdom,GBp,5621758095359.411,-17.206694249999998,-7.41030675,5.86,-1.0932029300000001,7.091299,11.665,2.0524999999999984,0.017512492500000004,-0.0011124996749999963,0.4680174584999999,0.182214985,0.360005,0.01200000000000001,-0.169,0.031,-46.818500000000014,-0.2539999999999999,0.277,-427487520.0,202000000.0,3150000128.0,7185556480.0,9360000000.0,,523000000.0,,,300000000.0,,454000000.0,,5.52,0.5051,0.23,5.47,0.108,1781740800.0,1.179,5523.85889085388,4031.491744766469,5485.031390510558,453.625,2.17647,16.0,,,0.00273,0.88945997,False,False,,0.5,4987237.0,2065751.0,0.83,0.69,8.92,6.32,,-0.66,0.2746,65.7,5.19,,True,0.8465498893389278,,0.5,UK,True,38.889001300766004,75.74749456060351,49.47170913462205,32.783986422681345,44.4662571475781,11.067193675889328,67.53164556962025,18.282988871224166,50.0,,50.0,49.86775717540766,standard,410,11330709080,False,33.7,False,28.17195325542571,8.764607679465776,18.948247078464107,50.04173622704508,50.04173622704508,50.04173622704508,3,SVAG,-8,UPPTREND,False,2,0.2857142857142857,LÅG,EJ AKTUELL,-5.3,True,0.875,SUSPICIOUS_FWD_PE;,2026-07-13,0
GLE.PA,Société Générale Société anonyme,Financial Services,Banks - Regional,France,EUR,54212400659.52301,-5.005192000000001,-4.331943875000002,2.0348,-1.5982364500000001,2.0902627,-15.466,,-0.062062494999999995,-0.011399997150000007,0.0,0.0022700199999999837,-0.37562,-0.0605,0.00799999999999998,0.055,,,,,760943017984.0,298519003136.0,-398843609088.0,1546641000000.0,,52597000000.0,,,,,6002000000.0,-19648000000.0,2.2,0.24139999,1.61,4.39,1.0,1780272000.0,0.981,79.06999969482422,47.40286437158241,74.26000213623047,82.8585,1.85,20.0,,,0.09405,0.5118,False,False,,0.5,1754870.0,1494603.0,0.6639488455216425,7.39,6.85,8.83,54.53,-0.06083214338128551,0.3520248910762835,37.23989158415076,0.034242473473538926,0.12807206912950098,False,0.17951474656276134,,1.0,Europe,True,,33.088522248624926,70.04360434416529,49.70773885588275,45.10151790798117,57.971014492753625,67.53164556962025,,50.0,,50.0,49.84446426993122,standard,413,126425807,False,46.7,False,28.17195325542571,52.504173622704506,61.43572621035058,50.04173622704508,50.04173622704508,50.04173622704508,2,SVAG,-8,UPPTREND,False,2,0.2857142857142857,LÅG,EJ AKTUELL,2.7,True,0.875,SUSPICIOUS_FWD_PE;,2026-07-13,0
LOTB.BR,Lotus Bakeries NV,Consumer Defensive,Packaged Foods,Belgium,EUR,9120042360.0,24.811416375,22.46078,9.38,4.707186575,6.7303553,6.864,19.638749999999998,-0.007120000000000015,0.024745000074999995,0.03729500600000002,0.048537497999999984,-0.08361998000000004,0.067,0.09,0.154,-63.23424999999999,0.32099999999999984,0.937,-1069879444.0,121885000.0,312249984.0,9301599232.0,1536521000.0,,1355061000.0,,,233186000.0,,172258000.0,205878000.0,0.8,0.35869998,90.0,0.69,90.0,1778803200.0,0.614,11860.0,7209.19140625,11220.0,11169.3,2.1,10.0,,,0.5,0.13659,False,False,,0.5,620.0,752.0,0.86,-4.18,12.05,22.71,,-6.62,0.2426,48.5,-0.63,,False,0.2981103060130533,,0.5,US,True,15.011128775834658,57.45161616365738,53.28955678904507,50.68972996454496,70.59094112340848,86.95652173913044,67.53164556962025,10.01589825119237,50.0,,50.0,49.805714949654806,standard,415,9610935,False,45.0,False,28.17195325542571,82.3873121869783,20.36727879799666,50.04173622704508,50.04173622704508,50.04173622704508,4,NEUTRAL,0,VARNING,False,2,0.2857142857142857,LÅG,EJ AKTUELL,6.2,True,0.875,,2026-07-13,0
SHOP,Shopify Inc.,Technology,Software - Application,Canada,USD,149447459920.05978,82.734417375,29.467203999999995,2.5698,5.18967995,12.925128,12.409,49.76174999999999,-0.06674,0.028244999075,-0.0028649949999999882,0.013337500000000002,0.0,0.21350000000000002,,,-46.06724999999999,4.417999999999999,4.528,156896384.0,5743000064.0,179000000.0,153450594304.0,15189000000.0,,11556000000.0,,,1885000000.0,,1231000000.0,2033000000.0,,0.0,,,,,2.585,182.19000244140625,94.0,122.54000091552734,147.33333,1.7451,45.0,2.39,0.0175,0.0023,0.73649,False,False,,0.5,10321916.0,7932760.0,0.6351670948770258,10.98,9.04,-26.51,,-0.3274054598306667,0.5778830126164736,68.29726312354693,0.09508882077417469,-0.09546384098476979,True,0.8564199788670404,,0.752,US,True,39.116779881485755,50.15195192187114,40.01507218031703,75.20608422722727,37.43935757892451,37.54940711462451,12.658227848101266,50.5564387917329,50.0,81.73652694610777,50.0,49.7421536956003,standard,416,972080418,False,43.8,False,60.60100166944908,31.886477462437394,8.848080133555927,50.04173622704508,50.04173622704508,50.04173622704508,4,NEUTRAL,0,NEDTREND,True,1,0.14285714285714285,LÅG,EJ AKTUELL,4.4,True,0.875,EXTREME_EARNINGS_GROWTH;,2026-07-13,0
JPM,JPMorgan Chase & Co.,Financial Services,Banks - Diversified,United States,USD,901575210085.3479,-5.280036375000001,-1.6870830000000012,1.7627,-2.0601072500000006,5.194632,3.806,,-0.00817498999999998,-0.013875000075,0.08504499600000003,0.06557003000000003,-0.4797,0.0645,0.03899999999999998,0.126,,,,,1582246002688.0,1321104965632.0,660479213568.0,4424900000000.0,,181847000000.0,,,,,57048000000.0,-147782000000.0,1.79,0.2824,6.0,2.39,1.5,1783296000.0,0.982,341.90972446819404,276.43363807803536,336.4700012207031,352.7619,2.16667,21.0,2.74,0.0101,0.0038,0.75563,False,False,,0.49,9299324.0,11723510.0,0.32,7.2,7.14,,,-1.37,0.2351,55.3,6.43,,False,0.7542488199622096,,0.727,US,True,,43.919714097270955,43.392994719732414,56.30502882722123,61.62334911883568,19.63109354413702,67.53164556962025,,50.0,92.21556886227546,49.0,49.73220434500627,standard,417,3944609424,False,36.5,False,28.17195325542571,17.2787979966611,28.96494156928214,50.04173622704508,50.04173622704508,50.04173622704508,1,SVAG,-8,UPPTREND,False,2,0.2857142857142857,LÅG,EJ AKTUELL,-2.8,True,0.75,SUSPICIOUS_FWD_PE;,2026-07-13,0
WMT,Walmart Inc.,Consumer Defensive,Discount Stores,United States,USD,906425227897.5651,11.303405374999997,15.328256999999999,4.2698,3.7085985749999995,1.2480701,1.348,6.2897500000000015,0.025480000000000003,-0.006094999925000013,-0.05847499399999999,-0.08514250000000001,-0.22994,0.037,0.13,0.188,-24.743249999999993,-0.39300000000000024,0.187,5762396416.0,10728999936.0,75545001984.0,977886183424.0,284668000000.0,,713163000000.0,,,29825000000.0,,21893000000.0,41565000000.0,0.88,0.33540002,0.99,1.26,0.248,1787270400.0,0.603,135.16000366210938,93.44869804801509,113.9000015258789,138.58537,1.53488,41.0,3.44,0.0189,0.44851002,0.3806,False,False,,0.5,22077244.0,26014650.0,0.5267067883696828,-4.19,-11.63,1.45,,-0.15729506925272807,0.24352284673617644,42.5724620154053,-0.060676029574593504,-0.025738262255290967,True,0.376263712040094,,0.652,US,True,57.264200028905904,34.5394023514042,43.68979966417728,54.93311534128959,58.58167970738943,19.499341238471672,67.53164556962025,55.96184419713831,50.0,79.79041916167665,50.0,49.73097192922827,standard,418,2963068675,False,52.4,False,63.60601001669449,17.195325542570952,76.21035058430718,50.04173622704508,50.04173622704508,50.04173622704508,6,NEUTRAL,0,NEDTREND,True,1,0.14285714285714285,LÅG,EJ AKTUELL,0.0,True,0.875,,2026-07-13,0
MOD,Modine Manufacturing Company,Consumer Cyclical,Auto Parts,United States,USD,12987929882.767181,77.09007887500002,2.3839994999999963,1.112,5.44940695,4.0828424,4.245,12.096749999999998,-0.07024,0.025324995075000002,-0.04972499699999999,0.0076200099999999965,-0.24947000000000003,0.40199999999999997,0.367,0.478,-29.870249999999995,0.5199999999999999,1.167,-1201303568.0,73500000.0,580099968.0,13502829568.0,2674600000.0,,3181100000.0,,,371000000.0,,121500000.0,248700000.0,,0.0,,4.37,0.1,1227052800.0,1.672,323.25,88.4800033569336,245.91000366210938,340.85715,,7.0,1.39,0.0506,0.02243,1.08,False,False,,0.74,1391291.0,2332290.0,0.5124692152381798,-11.6,1.82,105.47,,-0.23925752927421695,0.6850596511047248,29.724189792937324,-0.08619718583177505,0.2335819804772823,False,0.2987712449990777,,0.998,US,True,20.27605145252204,38.70520598448372,66.36216807189031,82.79839778110455,29.240008627818995,82.6086956521739,12.658227848101266,12.082670906200319,50.0,40.26946107784431,74.0,49.69702315834267,standard,420,573533442,False,46.6,False,28.17195325542571,77.29549248747914,36.39398998330551,50.04173622704508,50.04173622704508,50.04173622704508,3,SVAG,-8,VARNING,False,2,0.2857142857142857,LÅG,EJ AKTUELL,6.7,True,0.875,,2026-07-13,0
NU,Nu Holdings Ltd.,Financial Services,Banks - Regional,Brazil,USD,52396482950.27545,-0.16376537499999966,-3.7967630000000003,0.8045,0.6337747499999993,8.695367,7.525,,0.12772499999999998,0.021804999925,0.16492499600000005,0.11047002999999997,-0.4797,0.3745,0.42600000000000005,0.565,,,,,15906660352.0,6147460096.0,57141407744.0,74893877000.0,,10626855000.0,,,,,2868892000.0,3500464000.0,,0.0,,,,,0.949,18.979999542236328,11.199999809265137,13.760000228881836,17.91364,1.63636,22.0,2.44,0.0394,0.01763,0.88762003,False,False,,0.5,53721890.0,59051250.0,2.080430199945034,15.82,-7.46,-21.37,,-0.2750263139753186,0.3752996037381312,66.5615118230005,0.05800580015779344,-0.09595609859777232,True,0.824453649371019,,0.498,US,True,,64.02964290082784,31.259879555579573,66.05190830915721,43.48795950393712,59.15678524374176,12.658227848101266,,50.0,51.19760479041916,50.0,49.68707605729615,standard,421,812545214,False,39.7,False,28.17195325542571,53.42237061769616,14.440734557595993,50.04173622704508,50.04173622704508,50.04173622704508,3,SVAG,-8,NEDTREND,True,2,0.2857142857142857,LÅG,EJ AKTUELL,-4.7,True,0.75,SUSPICIOUS_FWD_PE;,2026-07-13,0
PWR,"Quanta Services, Inc.",Industrials,Engineering & Construction,United States,USD,98823611359.08221,57.42928237500001,16.976274000000004,2.072,4.750728149999999,3.2808712,3.482,19.560249999999996,-0.055277505000000005,-0.016299998924999996,-0.071329996,-0.09426999,-0.32869999000000005,0.198,0.444,0.529,-5.03575,-0.34150000000000014,1.02,-62676800.0,364760992.0,6319672832.0,104876875776.0,24926901000.0,,28479697000.0,,,1587077000.0,,1028378000.0,2229970000.0,0.07,0.057600003,0.44,0.15,0.11,1782864000.0,1.215,788.6295298146063,362.7011588526852,658.5599975585938,763.6223,1.6,26.0,2.29,0.0255,0.00648,0.94857,False,False,,0.74,1263357.0,1701550.0,0.5761552013822283,-4.81,13.16,50.79,,-0.16493109544932927,0.3883280951268318,41.32911077299327,-0.07921012087055002,0.20856174890903545,False,0.11793409585535057,,0.964,US,True,41.032085561497325,21.22642946388651,76.07076892657676,80.8756901052467,31.915913976239455,44.66403162055336,26.075949367088608,47.05882352941176,50.0,66.46706586826348,74.0,49.681433154381786,standard,422,1120572764,False,49.9,False,60.10016694490818,38.313856427378965,44.32387312186978,50.04173622704508,50.04173622704508,50.04173622704508,4,NEUTRAL,0,VARNING,False,2,0.2857142857142857,LÅG,EJ AKTUELL,11.5,True,0.875,,2026-07-13,0
011070.KS,"LG Innotek Co., Ltd.",Technology,Electronic Components,South Korea,KRW,17559064194000.0,,-0.3151055000000005,19.3886,,0.7821898,0.819,-7.8149999999999995,-0.0388050025,-0.002940001049999995,-0.09584249599999999,-0.08498249999999996,-0.28464500400000003,-0.018500000000000003,1.474,1.677,30.326750000000004,-0.22699999999999987,0.985,268345608192.0,1374028038144.0,2196819017728.0,18379926667264.0,11930883000000.0,,21896603000000.0,,,665007000000.0,,341262000000.0,1331402000000.0,0.25,0.091800004,1880.0,0.89,1880.0,1774828800.0,2.126,1788000.0,147628.92036776527,742000.0,1103653.9,1.76923,26.0,,,0.40798,0.28821,False,False,,0.5,439987.0,303441.0,1.1389525136895484,-30.78,113.83,173.4,,-0.5850111856823266,0.8075737233102971,12.835249042145591,-0.20505678165845298,0.7095057339204709,False,0.16073710441994968,,0.333,Asia,True,,26.48772865555848,78.77704118396913,56.76653394491993,27.657654504300368,6.455862977602108,67.53164556962025,70.58823529411765,50.0,,50.0,49.641875659702976,standard,423,164361852,False,53.9,False,71.86978297161937,2.5459098497495827,86.64440734557596,50.04173622704508,50.04173622704508,50.04173622704508,6,NEUTRAL,0,VARNING,False,2,0.2857142857142857,LÅG,EJ AKTUELL,10.9,True,0.625,SUSPICIOUS_FWD_PE;,2026-07-13,0
DLR,"Digital Realty Trust, Inc.",Real Estate,REIT - Specialty,United States,USD,66747371875.712585,13.079093375,36.797735499999995,12.0922,-1.4394034200000003,10.749866,13.168,7.305250000000001,-0.048775,-0.024269999424999994,-0.04235249549999996,-0.20788001,0.07372995999999998,0.11000000000000001,0.48100000000000004,0.63,-13.71725,0.5239999999999999,1.119,2178148096.0,2464262912.0,19452149760.0,83145007104.0,49410468000.0,,6112692000.0,,,922135000.0,,1308589000.0,2412136000.0,2.72,1.2944,4.88,3.4,1.22,1781481600.0,1.053,206.7614403055562,144.27911912668085,180.41000366210938,219.58621,1.71875,29.0,0.02,0.0002,0.00013,0.99001,False,False,,0.5,2712154.0,5004000.0,0.13,-1.79,-6.4,,,-11.94,0.2476,23.6,-4.92,,False,0.36662534299897254,,1.0,US,True,73.42448330683624,29.354234511927224,15.630813461863688,81.05993468983003,60.90462293490173,53.75494071146245,30.189873417721518,82.0349761526232,50.0,97.45508982035929,50.0,49.63887260269899,standard,425,902771658,False,52.2,False,84.72454090150251,45.99332220367279,10.934891485809683,50.04173622704508,50.04173622704508,50.04173622704508,4,NEUTRAL,0,VARNING,False,3,0.42857142857142855,LÅG,EJ AKTUELL,2.7,True,0.875,,2026-07-13,0
SAND.ST,Sandvik AB (publ),Industrials,Specialty Industrial Machinery,Sweden,SEK,490339449644.5359,4.817729500000002,6.9748705000000015,2.4684,0.4980372000000002,4.0129576,4.29,0.8810000000000029,-0.012817504999999993,0.013945001000000005,0.032757499999999995,0.031811251,-0.047845000000000026,-0.018000000000000002,-0.026000000000000002,0.037,-17.584000000000007,0.4452500000000001,1.047,14861975232.0,8226999808.0,41472999424.0,523659444224.0,169860000000.0,,120680000000.0,,,20979000000.0,,14690000000.0,19189000000.0,1.54,0.48650002,6.0,2.31,6.0,1777420800.0,1.332,413.1000061035156,218.33527829253677,390.8999938964844,391.25,2.6,20.0,,,0.18391001,0.45655,False,False,,0.5,1975440.0,1439974.0,0.75,2.83,-0.43,,,-5.46,0.3447,48.3,1.68,,False,0.4230314270021041,,0.105,Nordic,True,87.21448186154068,55.02084038440504,27.419621549504857,28.420168446057616,45.52725329600622,22.529644268774703,67.53164556962025,83.94276629570747,50.0,,50.0,49.638739496035896,standard,426,58009671,False,51.2,False,80.8848080133556,19.782971619365608,36.81135225375626,50.04173622704508,50.04173622704508,50.04173622704508,5,NEUTRAL,0,UPPTREND,False,2,0.2857142857142857,LÅG,EJ AKTUELL,4.8,True,0.875,,2026-07-13,0
PODD,Insulet Corporation,Healthcare,Medical Devices,United States,USD,11171006538.168396,5.477530375,0.5711674999999996,1.3967,2.8671122499999986,3.851009,4.035,2.7207500000000007,0.06391498999999999,0.027624996074999998,-0.023959994,-0.026975009999999994,0.23038000000000003,0.2545,1.477,1.573,21.067999999999998,0.3669999999999999,1.491,-846478560.0,480400000.0,1014000000.0,11704606720.0,3190400000.0,,2708100000.0,,,473800000.0,,247100000.0,569300000.0,,0.0,,,,,1.111,354.8800048828125,138.7899932861328,161.27999877929688,238.66667,1.4,24.0,3.05,0.0791,0.00329,1.05094,False,False,,0.5,1519683.0,1482690.0,0.4924042575642566,1.05,-19.13,-46.09,,-0.5455365290795848,0.3969496426711346,63.219772698501494,0.048899194533553736,-0.33776752277311906,True,0.7873821651898236,,1.0,US,True,34.69301922243098,61.21896260870757,15.128994965629603,91.18074622909,51.65466972352448,84.84848484848484,12.658227848101266,14.626391096979333,50.0,22.75449101796407,50.0,49.610657005581466,standard,428,239128241,False,47.3,False,28.17195325542571,80.38397328881469,38.06343906510851,50.04173622704508,50.04173622704508,50.04173622704508,3,SVAG,-8,NEDTREND,True,2,0.2857142857142857,LÅG,EJ AKTUELL,-10.5,True,0.875,SUSPICIOUS_FWD_PE;,2026-07-13,0
QSR,Restaurant Brands International Inc.,Consumer Cyclical,Restaurants,United States,USD,26114014549.217735,-6.149974125000001,-2.2750945000000034,1.2624,1.5689009500000002,3.5849264,4.414,-3.2622500000000016,0.09485,-0.010704999924999995,0.011674999000000005,0.14815998000000002,-0.14055997000000003,0.0,0.893,1.126,218.30974999999998,-0.43400000000000016,0.82,550146432.0,1018000000.0,15683000320.0,42327015424.0,25615000000.0,,9434000000.0,,,2493000000.0,,776000000.0,1714000000.0,3.47,0.8071,2.6,3.41,0.65,1782172800.0,0.526,81.21854264128145,59.13975011127952,75.26000213623047,85.45833,1.88889,24.0,4.73,0.0586,0.013049999,0.92977,False,False,,0.5,3437275.0,3506940.0,0.19,3.49,-1.33,,,-6.35,0.2586,67.1,1.63,,True,0.833166701030473,,0.681,US,True,,55.81344044840173,25.774564518856756,66.66110064202331,46.44372988289133,71.80500658761528,67.53164556962025,67.0906200317965,50.0,32.33532934131736,50.0,49.597371559334796,standard,430,263932312,False,58.7,False,81.21869782971619,65.4424040066778,40.48414023372287,50.04173622704508,50.04173622704508,50.04173622704508,3,SVAG,-8,UPPTREND,False,2,0.2857142857142857,LÅG,EJ AKTUELL,3.4,True,0.875,SUSPICIOUS_FWD_PE;,2026-07-13,0
TTC,The Toro Company,Industrials,Tools & Accessories,United States,USD,8887772582.590485,-7.220121625000002,-4.461405999999998,1.46,0.37415914999999966,1.9203311,2.113,-5.2677499999999995,0.048282485000000014,0.024070005074999998,-0.03506999399999999,0.007740009999999992,-0.14402998,0.016,0.028999999999999998,0.063,8.951250000000009,0.0794999999999999,0.668,-429316096.0,180400000.0,1136999936.0,9844372480.0,3438800000.0,,4510400000.0,,,491000000.0,,316100000.0,662000000.0,1.67,0.4438,1.56,1.5,0.39,1781568000.0,0.69,104.28571127066971,66.72179650792044,93.33000183105469,109.25,2.2,4.0,3.83,0.061,0.01677,0.95652,False,False,,0.695,856131.0,641970.0,0.31,1.94,-3.82,,,-7.23,0.2235,54.9,1.44,,False,0.4543454487971098,,0.92,US,True,,51.243252731014664,22.41520566736193,55.09427589329534,72.18605005795719,87.35177865612648,67.53164556962025,23.052464228934817,50.0,30.239520958083833,69.5,49.58514369501925,standard,431,59915061,False,51.7,False,28.17195325542571,83.13856427378965,64.52420701168614,50.04173622704508,50.04173622704508,50.04173622704508,3,SVAG,-8,UPPTREND,False,2,0.2857142857142857,LÅG,EJ AKTUELL,-2.8,True,0.875,SUSPICIOUS_FWD_PE;,2026-07-13,0
ACA.PA,Crédit Agricole S.A.,Financial Services,Banks - Regional,France,EUR,52915733461.66142,-7.343594000000001,-5.472149875000003,4.18,-1.69368949,1.9832505,-9.772,,-0.058142495,-0.012449997150000003,0.03210002000000001,0.01679001999999999,-0.37562,-0.0735,-0.21700000000000003,0.018,,,,,839499972608.0,519500005376.0,-258798518272.0,2374307000000.0,,26261000000.0,,,,,7074000000.0,19012000000.0,6.48,0.5159,1.13,8.02,1.13,1779753600.0,0.806,17.940000534057617,14.29987403845285,17.489999771118164,20.10882,2.41176,17.0,,,0.70044,0.09746,False,False,,0.5,5467927.0,4573543.0,0.5671178102038499,7.66,9.46,6.01,17.88,-0.02508365382069877,0.2172952555413152,45.30121390056788,0.04627542940299589,0.08420317153048629,False,0.45555198155986015,,0.423,Europe,True,,36.3627835055565,62.270425096122665,21.011969334325325,71.82878053522575,58.89328063241107,67.53164556962025,,50.0,,50.0,49.577012072823024,standard,432,91116598,False,47.1,False,28.17195325542571,53.171953255425706,63.43906510851419,50.04173622704508,50.04173622704508,50.04173622704508,1,SVAG,-8,UPPTREND,False,3,0.42857142857142855,LÅG,EJ AKTUELL,-4.0,True,0.875,SUSPICIOUS_FWD_PE;,2026-07-13,0
7186.T,"Yokohama Financial Group, Inc.",Financial Services,Banks - Regional,Japan,JPY,2078462893210.0,5.145831750000001,7.651413,,0.13491580000000014,5.3863635,1.367,,-0.021325004999999977,0.0001549999999999989,0.039647501250000036,-0.016294965000000022,-0.2786049975,0.1495,-0.038000000000000006,0.073,,,,,4153681117184.0,2588399894528.0,527667888128.0,24793138000000.0,,,,,,,,376257000000.0,2.57,0.4042,48.0,3.18,24.0,1790640000.0,0.226,1952.0,897.6051421841129,1870.0,1832.2222,1.77778,9.0,,,0.07495,0.48249,False,False,,0.5,3525672.0,3509550.0,0.69,,,,,,0.4001,72.7,,,True,0.7922685974975436,,0.977,Japan,True,,42.834989845713025,,62.38133373101656,64.20972960962129,15.2832674571805,67.53164556962025,,50.0,,50.0,49.553248957040005,standard,433,40420897,False,35.7,False,28.17195325542571,13.439065108514189,27.79632721202003,50.04173622704508,50.04173622704508,50.04173622704508,2,SVAG,-8,UPPTREND,False,3,0.42857142857142855,LÅG,EJ AKTUELL,5.8,True,0.75,,2026-07-13,0
WM,"Waste Management, Inc.",Industrials,Waste Management,United States,USD,93699670949.46716,-0.8576356250000048,2.2633519999999994,2.3583,3.15263115,3.6719065,4.582,-4.68375,0.10874249500000004,0.002570006075000004,0.0019300160000000066,0.03849000999999999,-0.07365,-0.03,0.067,0.135,154.25125,-0.5425000000000001,0.801,1036896384.0,158000000.0,22890999808.0,116433674240.0,45835000000.0,,25204000000.0,,,4607000000.0,,2708000000.0,6043000000.0,1.53,0.49490002,3.54,1.49,0.945,1780617600.0,0.448,246.08089111114813,191.7655110993001,233.3300018310547,256.24,1.75,25.0,2.57,0.0159,0.0024899999,0.86043,False,False,,0.5,2251657.0,2463540.0,0.36,8.35,3.07,,,-3.03,0.2134,77.4,7.31,,True,0.8474570471052145,,0.511,US,True,,57.57796178284487,35.78339628314261,43.055968617580774,51.602822469492395,45.98155467720685,67.53164556962025,61.84419713831478,50.0,83.23353293413174,50.0,49.47840078497488,standard,435,574817793,False,51.9,False,70.53422370617696,39.31552587646077,39.31552587646077,50.04173622704508,50.04173622704508,50.04173622704508,4,NEUTRAL,0,UPPTREND,False,1,0.14285714285714285,LÅG,EJ AKTUELL,9.7,True,0.875,,2026-07-13,0
NOW,"ServiceNow, Inc.",Technology,Software - Application,United States,USD,111082183735.80933,27.545771375,-1.7386160000000022,1.0559,1.943698949999999,8.040657,7.76,15.833749999999998,-0.019149999999999986,-0.011394998924999998,0.015285005000000011,-0.010342499999999977,0.28591999999999995,0.0915,-0.17900000000000002,0.02,-26.771249999999995,-0.9330000000000002,0.691,4008271616.0,5182000128.0,2431000064.0,108331188224.0,26038000000.0,,13278000000.0,,,1824000000.0,,1748000000.0,5444000000.0,,0.0,,,,,0.959,210.1999969482422,81.23999786376953,107.70999908447266,140.7311,1.41667,46.0,2.13,0.060300004,0.00166,0.88397,False,False,,0.721,28918503.0,21036770.0,0.4816563501872121,0.69,19.93,-28.62,,-0.48758325095982646,0.5216105888798543,66.19789443622093,0.05775990271479836,-0.17665526675840038,True,0.7616615033728474,,0.937,US,True,71.05781182251769,52.06158680586522,43.379768382671294,52.40848580962252,23.792274042356024,42.16073781291173,12.658227848101266,88.39427662957074,50.0,31.137724550898206,72.1,49.44764807807596,standard,436,2265870477,False,51.9,False,86.0601001669449,36.31051752921536,16.026711185308848,50.04173622704508,50.04173622704508,50.04173622704508,4,NEUTRAL,0,NEDTREND,True,1,0.14285714285714285,LÅG,EJ AKTUELL,2.5,True,0.875,SUSPICIOUS_FWD_PE;,2026-07-13,0
HMS.ST,HMS Networks AB (publ),Technology,Communication Equipment,Sweden,SEK,24454525207.91992,18.830108499999998,19.195338500000005,0.72,0.7419895999999992,6.6845813,7.267,5.585500000000001,-0.019820000000000004,0.013759995000000004,0.04038249899999999,0.09513874100000001,0.17956495999999994,-0.038500000000000006,0.20799999999999996,0.409,26.59249999999999,-0.29724999999999996,0.823,-236118272.0,59000000.0,2188000000.0,26585524224.0,6600064000.0,,3577348000.0,,,789704000.0,,434746000.0,877277000.0,0.98,0.0,4.8,1.02,4.8,1776988800.0,1.103,593.5,371.7366102015162,487.20001220703125,600.6,1.4,5.0,,,0.122530006,0.78593004,False,False,,0.5,50030.0,26115.0,1.0,-4.67,6.31,,,-16.88,0.3938,47.3,-7.78,,False,0.19396240282286403,,0.838,Nordic,True,46.08368261309438,63.59414068681936,29.59073228479621,58.65756558281976,42.46561921913488,73.25428194993412,67.53164556962025,38.950715421303656,50.0,,50.0,49.40727094146877,standard,437,1311226,False,42.7,False,28.17195325542571,66.7779632721202,20.534223706176963,50.04173622704508,50.04173622704508,50.04173622704508,4,NEUTRAL,0,VARNING,False,2,0.2857142857142857,LÅG,EJ AKTUELL,8.8,True,0.875,,2026-07-13,0
ALLY,Ally Financial Inc.,Financial Services,Credit Services,United States,USD,13974386443.351707,-10.335399374999998,-8.737588400000002,0.4864,-3.62238315,1.8243047,3.691,,-0.07926499999999999,-0.019445000074999996,-0.07270501399999997,-0.16164997000000003,-0.4797,0.1345,,,,,,,9518000128.0,21596000256.0,28376385536.0,196002000000.0,,8770000000.0,,,,,852000000.0,3729000000.0,2.66,0.2913,1.2,3.2,0.3,1777593600.0,1.078,47.290000915527344,35.33893510278628,45.59000015258789,53.93529,1.66667,17.0,4.11,0.045300003,0.102299996,0.87741,False,False,,0.626,3316688.0,3008170.0,0.6651947866961042,5.17,9.81,-0.69,,-0.035948418905216606,0.30034012147853656,50.595228904500885,0.039750008815713445,0.09553602673401818,False,0.5085329757493593,,1.0,US,True,,15.669934831835835,64.75780902764258,86.481736970993,48.00401349868763,81.42292490118577,67.53164556962025,,50.0,45.209580838323355,62.6,49.349776901320695,standard,438,137142471,False,50.9,False,28.17195325542571,76.04340567612688,66.19365609348915,50.04173622704508,50.04173622704508,50.04173622704508,1,SVAG,-8,UPPTREND,False,3,0.42857142857142855,LÅG,EJ AKTUELL,-2.7,True,0.75,EXTREME_EARNINGS_GROWTH;SUSPICIOUS_FWD_PE;,2026-07-13,0
TOST,"Toast, Inc.",Technology,Software - Infrastructure,United States,USD,15129119842.529297,5.178041374999995,-6.038418999999999,0.23,0.9344669499999982,2.643112,2.366,14.638749999999998,0.045100020000000005,0.012684999075000007,-0.046654994999999984,-0.07628249999999999,-0.21613,0.0895,1.028,1.25,-46.64524999999999,0.6579999999999998,1.793,-511728576.0,1770000000.0,17000000.0,15252599808.0,3145000000.0,,6153000000.0,,,304000000.0,,342000000.0,661000000.0,,0.0,,,,,1.743,49.65999984741211,22.260000228881836,29.31999969482422,34.26923,1.8,26.0,3.09,0.0868,0.055749997,0.89293,False,False,,0.5,12647481.0,19214150.0,0.49652025194953087,17.28,12.94,-20.02,,-0.40958518354985163,0.46202245861050883,76.72017887077978,0.13193269402233532,-0.049718033672288664,True,0.8138348968383833,,1.0,US,True,28.180661945367824,41.49787007492078,43.52076859402148,84.90232792846876,35.69143234549205,80.63241106719367,12.658227848101266,26.232114467408586,50.0,21.856287425149702,50.0,49.290442624940155,standard,439,563358872,False,49.0,False,28.17195325542571,75.12520868113522,54.757929883138566,50.04173622704508,50.04173622704508,50.04173622704508,4,NEUTRAL,0,NEDTREND,True,1,0.14285714285714285,LÅG,EJ AKTUELL,2.9,True,0.875,SUSPICIOUS_FWD_PE;,2026-07-13,0
5801.T,"Furukawa Electric Co., Ltd.",Industrials,Electrical Equipment & Parts,Japan,JPY,2620530236250.0,8.407692499999996,-12.288593999999998,0.38,3.4435453000000007,2.0041375,2.216,11.114374999999999,0.06897250000000002,-0.002049998849999995,-0.03464749875,-0.01673498499999998,-0.10284499750000001,0.056999999999999995,1.1139999999999999,1.176,37.077125,-0.41850000000000015,0.776,-44240750080.0,70971998208.0,329362997248.0,2897099620352.0,1066372000000.0,,1307560000000.0,,,63857000000.0,,72514000000.0,28116000000.0,0.59,0.2038,22.0,2.21,11.0,1790640000.0,1.167,6241.0,692.559535669335,3725.0,6513.3335,1.77778,9.0,,,0.05014,0.48972,False,False,,0.5,44000811.0,19981850.0,0.5802982676305629,-9.23,2.03,274.68,,-0.4031405223521871,0.8688706402729349,29.633375474083437,-0.21822203753373703,0.4797628883446583,False,0.18607883534860864,,0.506,Japan,True,37.473912415088876,46.57950245241595,62.54043759238499,68.80764348703042,29.187215441261426,14.229249011857709,67.53164556962025,35.6120826709062,50.0,,50.0,49.23874640903191,standard,441,458431947,False,40.9,False,28.17195325542571,12.437395659432388,63.10517529215359,50.04173622704508,50.04173622704508,50.04173622704508,3,SVAG,-8,VARNING,False,3,0.42857142857142855,LÅG,EJ AKTUELL,-0.7,True,0.875,SUSPICIOUS_FWD_PE;,2026-07-13,0
HNR1.DE,Hannover Rück SE,Financial Services,Insurance - Reinsurance,Germany,EUR,30149283500.0,-4.994038,-1.9319858750000019,4.6867,-0.18243435000000008,1.2406908,1.136,-1.949749999999999,0.066207515,0.025540002849999993,-0.11797999999999999,-0.268309984,-0.15253999000000001,-0.2905,0.347,0.479,-30.961,-1.388,0.156,3129817888.0,7716299776.0,4143300096.0,27594891264.0,71327100000.0,,24017800000.0,,,,,2641500000.0,5686900000.0,4.99,0.294,12.5,2.66,12.5,1778112000.0,0.127,267.70153536115265,221.8152814172551,250.0,285.57144,2.28571,14.0,,,0.50200003,0.28796,False,False,,0.5,176717.0,138535.0,0.700106090597565,8.23,-4.09,6.49,-0.83,-0.06612414582259207,0.2010347204066009,80.00002653704206,0.05000010119324716,0.03242141567395196,True,0.8476828110045864,,0.666,Europe,True,,39.05301655351225,43.060164371325385,49.89958410044257,62.821206522640885,69.433465085639,67.53164556962025,97.93322734499205,50.0,,50.0,49.23240411817067,standard,442,39450676,False,67.8,False,97.53756260434056,62.604340567612695,76.46076794657763,50.04173622704508,50.04173622704508,50.04173622704508,6,NEUTRAL,0,UPPTREND,False,2,0.2857142857142857,LÅG,EJ AKTUELL,1.4,True,1.0,SUSPICIOUS_FWD_PE;,2026-07-13,0
CNA.L,Centrica plc,Utilities,Utilities - Independent Power Producers,United Kingdom,GBp,10023513727990.203,,-2.373578499999999,0.37,0.35645894999999994,0.3990672,0.343,-9.496000000000002,-0.10280750250000002,0.153572509825,-0.14809998150000003,-0.08789001500000002,-0.012525000000000008,-0.079,29.829,24.571,-81.48850000000002,0.58,1.173,2882387584.0,4309000192.0,2856000000.0,6687521280.0,15415000000.0,,19492000000.0,,,771000000.0,,-72000000.0,695000000.0,3.2,0.16610001,0.06,8.77,0.0367,1775692800.0,0.343,2753.7499084721107,1945.6897864053947,2213.167519569397,219.42899,2.07143,14.0,,,0.00282,0.55821997,False,False,,0.5,17989990.0,10675994.0,0.5051640434285299,-7.32,-16.07,-1.23,10.85,-0.19630772832332122,0.2563608532287865,53.3889128637303,-0.06404665902083695,-0.041861538208528004,True,0.44802358279788695,,0.5,UK,True,,39.35106872342599,37.344677262441806,60.6793718539108,76.27013451869482,8.563899868247695,67.53164556962025,99.04610492845786,50.0,,50.0,49.14060903480147,standard,443,23627763160,False,52.3,False,58.764607679465776,6.67779632721202,94.24040066777964,50.04173622704508,50.04173622704508,50.04173622704508,4,NEUTRAL,0,NEDTREND,True,3,0.42857142857142855,LÅG,EJ AKTUELL,-1.7,True,0.875,SUSPICIOUS_FWD_PE;,2026-07-13,0
NOVN.SW,Novartis AG,Healthcare,Drug Manufacturers - General,Switzerland,CHF,237137667080.98618,-3.7201542499999984,-0.4186323750000027,4.1417,4.2629360499999995,4.192015,4.908,-0.4429999999999996,0.20514750499999998,0.04630000299999999,0.12903500999999998,0.12190498000000002,0.37992,-0.09150000000000001,-0.20600000000000002,-0.125,70.65575,-1.093,0.526,11439567904.0,6892000256.0,46997999616.0,277658664960.0,110949000000.0,,56674000000.0,,,17644000000.0,,13984000000.0,19144000000.0,2.98,0.66260004,3.7,3.58,3.7,1773100800.0,0.495,128.9199981689453,88.50694029549845,124.27999877929688,123.621155,2.63636,21.0,,,0.02111,0.46238998,False,False,,0.5,2758487.0,2396594.0,0.9,3.63,3.28,,,-2.69,0.1984,53.8,3.97,,False,0.5313178849624349,,0.322,Europe,True,,85.16873983255913,36.60568991111863,15.27567478453279,53.070530359603715,30.171277997364953,67.53164556962025,90.30206677265501,50.0,,50.0,49.08760743204209,standard,445,365997422,False,54.2,False,89.73288814691152,25.79298831385643,35.97662771285476,50.04173622704508,50.04173622704508,50.04173622704508,4,NEUTRAL,0,UPPTREND,False,2,0.2857142857142857,LÅG,EJ AKTUELL,9.6,True,0.875,SUSPICIOUS_FWD_PE;,2026-07-13,0
NAB.AX,National Australia Bank Limited,Financial Services,Banks - Diversified,Australia,AUD,121259481218.4906,-2.7343577499999956,-3.2881359999999997,2.34,-1.0437324299999997,5.881573,11.048,,-0.011210004999999995,-0.0029800000000000035,0.06429000800000004,0.16688003000000004,-0.26982,,,,,,,,186704003072.0,292010000384.0,227253485568.0,1080248000000.0,,,,,,,,-35781000000.0,4.29,0.85,1.7,4.6,0.85,1778112000.0,0.716,48.39997655664054,35.41658373790548,39.61000061035156,37.95925,3.14286,14.0,,,0.00026,0.38759997,False,False,,0.5,6138065.0,4435215.0,0.6046668308108868,11.01,-9.97,-1.34,4.09,-0.18161116123687415,0.22415126785372153,62.8698380954047,0.05018134441195454,-0.03648634690831132,True,0.9512450362553132,,0.5,Australia,True,,52.009225346392824,35.721799531976316,29.11392405063291,74.16449095226852,40.974967061923586,67.53164556962025,,50.0,,50.0,49.063232339856434,standard,447,121678119,False,38.5,False,28.17195325542571,35.058430717863104,24.624373956594322,50.04173622704508,50.04173622704508,50.04173622704508,0,SVAG,-8,NEDTREND,True,2,0.2857142857142857,LÅG,EJ AKTUELL,-15.4,True,0.75,EXTREME_GROWTH;EXTREME_EARNINGS_GROWTH;SUSPICIOUS_FWD_PE;,2026-07-13,0
HD,"The Home Depot, Inc.",Consumer Cyclical,Home Improvement Retail,United States,USD,342310144758.7655,-6.253591125000001,2.077173499999999,1.9097,19.24845795,2.0547812,2.428,-1.79725,1.09729,0.050125000075,-0.0038049969999999905,0.00859,-0.14843002,-0.024999999999999994,-0.15,-0.042,381.25674999999995,-0.3780000000000002,0.231,9028396288.0,1600999936.0,63730999296.0,404440154112.0,105095000000.0,,164683000000.0,,,20890000000.0,,14156000000.0,16325000000.0,2.75,0.65550005,9.32,2.37,2.33,1780531200.0,0.951,418.0559748917175,286.94770281038166,343.29998779296875,370.34375,1.94444,32.0,2.5,0.0148,0.00064000004,0.75995004,False,False,,0.589,4842922.0,4728980.0,0.5454321668992653,6.84,1.85,-0.25,,-0.17881812864440372,0.24965276561883185,55.95457737725171,0.0632501924860942,-0.016912178508882048,False,0.5828627218672964,,0.52,US,True,,62.514045590815684,51.25681552680599,30.214717109625703,38.68502271243524,26.745718050065875,67.53164556962025,78.69634340222575,50.0,84.73053892215569,58.9,48.98788399507598,standard,448,1623458776,False,55.2,False,79.46577629382304,22.871452420701168,62.43739565943238,50.04173622704508,50.04173622704508,50.04173622704508,3,SVAG,-8,NEDTREND,True,2,0.2857142857142857,LÅG,EJ AKTUELL,2.0,True,0.875,,2026-07-13,0
STAG,"STAG Industrial, Inc.",Real Estate,REIT - Industrial,United States,USD,7453172956.373272,-4.346670624999999,18.042753499999996,19.49,-2.144494720000001,8.795098,12.43,-4.481750000000002,-0.036504999999999996,-0.007630001424999993,0.022027504500000003,-0.005120010000000008,0.31716999999999995,0.034,-0.542,-0.322,-2.1612500000000026,0.9209999999999999,0.901,-642539936.0,24434000.0,3229938944.0,10737234944.0,7208069000.0,,845184000.0,,,319629000.0,,273519000.0,463388000.0,3.98,1.1667,1.55,4.03,0.388,1782777600.0,0.978,39.7400016784668,32.48171916735953,38.97999954223633,41.54545,2.45455,11.0,5.07,0.0508,0.00133,0.96576,False,False,,0.5,1279540.0,1585920.0,0.8,3.87,3.68,,,-1.05,0.2073,61.0,2.96,,True,0.7221010362262212,,0.944,US,True,,52.924855551706365,40.16855516094481,38.63108390889411,69.70144038879279,89.72332015810277,30.189873417721518,18.124006359300477,50.0,39.37125748502994,50.0,48.9704176147331,standard,449,61819161,False,44.5,False,28.17195325542571,85.55926544240401,14.106844741235392,50.04173622704508,50.04173622704508,50.04173622704508,3,SVAG,-8,UPPTREND,False,1,0.14285714285714285,LÅG,EJ AKTUELL,-4.9,True,0.875,,2026-07-13,0
ULTRACEMCO.NS,UltraTech Cement Limited,Basic Materials,Building Materials,India,INR,3445020595485.0,4.708851749999999,3.6200954999999997,1.22,0.2186338499999998,3.8921716,4.148,-11.879500000000002,-0.03368499750000001,-0.011375006924999997,-0.026319997000000026,0.008810000000000012,0.17979002000000005,-0.07,0.03300000000000003,0.453,12.060499999999998,-1.4174999999999998,0.331,-297756672.0,51199700992.0,237550895104.0,3671782326272.0,1413760500000.0,,885115300000.0,,,123757700000.0,,81656400000.0,153158600000.0,0.67,0.2793,77.5,0.54,77.5,1753401600.0,0.453,13110.0,10325.0,11711.0,13716.82,1.4359,39.0,,,0.61737,0.21829,False,False,,0.5,325911.0,179795.0,0.5970609560663347,8.13,1.82,-3.88,,-0.1067124332570557,0.2254466167111354,59.02980713033315,0.022069938174848813,-0.009967114440057823,True,0.9567479438634483,,0.532,India,True,,46.17751254804784,52.36838188349884,45.679333088447414,61.160908039822765,13.306982872200262,67.53164556962025,47.85373608903021,50.0,,50.0,48.95508024799347,standard,450,22022583,False,44.8,False,59.849749582637735,11.268781302170282,37.64607679465776,50.04173622704508,50.04173622704508,50.04173622704508,6,NEUTRAL,0,NEDTREND,True,2,0.2857142857142857,LÅG,EJ AKTUELL,0.8,True,0.875,,2026-07-13,0
GFNORTEO.MX,"Grupo Financiero Banorte, S.A.B. de C.V.",Financial Services,Banks - Regional,Mexico,MXN,517501872275.5659,-1.513641749999998,-1.3346803249999994,0.52,0.25233182499999995,3.6472068,8.08,,0.058042515000000024,-0.005999998650000095,0.19598251275000006,0.23029003000000006,-0.30571499999999996,-0.0215,-0.133,0.011,,,,,110442274816.0,670458249216.0,1140178157568.0,2598663000000.0,,247467000000.0,,,,,58788000000.0,81433000000.0,9.4,0.7853,17.44,6.96,10.448829,1779926400.0,0.153,199.02599965925697,141.4788096484392,186.50999450683594,220.86667,1.9375,15.0,,,0.0,0.43923,False,False,,0.5,6328564.0,5873631.0,0.14,-1.57,-0.56,,,-6.85,0.2902,49.1,0.43,,False,0.42617908737319343,,0.476,LatAm,True,,60.7862994873321,25.77550406824887,26.60243326708104,79.47838404599553,22.266139657444008,67.53164556962025,,50.0,,50.0,48.923536244806584,standard,451,56965526,False,38.4,False,28.17195325542571,19.36560934891486,39.565943238731215,50.04173622704508,50.04173622704508,50.04173622704508,0,SVAG,-8,UPPTREND,False,3,0.42857142857142855,LÅG,EJ AKTUELL,-3.3,True,0.75,SUSPICIOUS_FWD_PE;,2026-07-13,0
LSEG.L,London Stock Exchange Group plc,Financial Services,Financial Data & Stock Exchanges,United Kingdom,GBp,56136720085394.04,24.092913000000003,6.44082575,0.8478,0.0,4.640909,5.861,9.99225,-0.0639975025,-0.015947500425000004,-0.12908499,-0.18905497500000001,0.47955503999999993,-0.0165,0.671,0.77,-22.154000000000007,-0.6379999999999998,0.008,1407762432.0,4079000064.0,11742999552.0,54774530048.0,796704000000.0,,9346000000.0,,,2170000000.0,,1249000000.0,3622000000.0,1.71,0.5738,1.5,1.27,1.03,1776297600.0,0.394,142723.91023234234,81386.88170245243,115291.7910194397,12076.667,1.46667,15.0,,,0.04937,0.70658,False,False,,0.5,1587982.0,1325275.0,0.44031199337069227,2.43,3.08,4.0,-16.75,-0.19220408947768808,0.33359680012812376,72.796904188258,0.01863065672223696,0.052448897120262794,True,0.8014360529345714,,0.5,UK,True,70.54516548634196,33.42889398791324,41.063365832027316,56.375239198904346,48.92832131116504,2.898550724637681,67.53164556962025,81.55802861685216,50.0,,50.0,48.91138994035562,standard,452,152793328343,False,42.1,False,57.512520868113526,2.5459098497495827,32.220367278797994,50.04173622704508,50.04173622704508,50.04173622704508,5,NEUTRAL,0,UPPTREND,False,2,0.2857142857142857,LÅG,EJ AKTUELL,-0.7,True,1.0,,2026-07-13,0
NVMI,Nova Ltd.,Technology,Semiconductor Equipment & Materials,Israel,USD,15136551825.7706,21.228261375000002,13.163945999999997,1.46,3.231948949999999,16.70395,16.432,30.568749999999998,0.042670009999999994,0.016004999075000012,0.181555005,0.1572775,0.09340002999999997,-0.02650000000000001,-0.197,0.068,10.16675,-0.19900000000000018,1.351,-977437696.0,1098544000.0,800171008.0,14830487552.0,2360546000.0,,880577000.0,,,253468000.0,,259223000.0,245613000.0,,0.0,,,,,1.735,615.989990234375,232.72999572753906,475.8999938964844,603.375,1.5,8.0,2.78,0.0462,0.00096000003,0.72686994,False,False,,0.561,439216.0,617520.0,0.40992719578237635,-7.5,-3.68,25.57,,-0.22742252075328118,0.5734375028311344,33.82367181689095,-0.07235911567661446,0.12692371019088644,False,0.2603283176193745,,0.873,US,True,17.301199595317243,73.47145232835923,56.243788722914736,42.01786697203687,36.07510493543692,80.50065876152833,12.658227848101266,16.534181240063592,50.0,43.56287425149701,56.10000000000001,48.885266693235096,standard,453,293877764,False,41.8,False,28.17195325542571,75.04173622704508,6.3439065108514185,50.04173622704508,50.04173622704508,50.04173622704508,2,SVAG,-8,VARNING,False,1,0.14285714285714285,LÅG,EJ AKTUELL,-6.3,True,0.875,,2026-07-13,0
LAND.L,Land Securities Group Plc,Real Estate,REIT - Diversified,United Kingdom,GBp,6431727876660.831,-12.17780525,-8.47850175,3.56,-1.05575047,5.571147,10.485,5.547499999999999,-0.00783750250000001,-0.0047324996749999945,0.1155374985,0.025104985000000024,0.180485,-0.05299999999999999,0.424,0.618,-30.832500000000007,0.0,0.447,-353362528.0,106000000.0,4517000192.0,9352480768.0,11540000000.0,,870000000.0,,,421000000.0,,343000000.0,214000000.0,13.5,0.6819,0.89,6.04,0.222,1781740800.0,1.143,8703.831326961517,6549.87270980552,8632.647576332092,703.94104,2.0,17.0,,,0.0075700004,0.75788003,False,False,,0.5,3454671.0,2604646.0,0.77,1.4,12.4,6.49,,-1.0,0.2756,72.3,6.39,,True,0.8452436849196939,,0.5,UK,True,36.26998121115768,60.50166673328315,51.267760792920285,50.935840481801584,50.049755920096466,10.408432147562582,67.53164556962025,24.80127186009539,50.0,,50.0,48.88071970269599,standard,454,22484990979,False,34.7,False,28.17195325542571,8.096828046744573,26.46076794657763,50.04173622704508,50.04173622704508,50.04173622704508,3,SVAG,-8,UPPTREND,False,2,0.2857142857142857,LÅG,EJ AKTUELL,-3.1,True,0.875,SUSPICIOUS_FWD_PE;,2026-07-13,0
SVS.L,Savills plc,Real Estate,Real Estate Services,United Kingdom,GBp,1606721726880.3271,-8.24923525,-11.39250775,,-0.18276997000000006,0.4904659,0.535,-6.5595,0.032562497499999996,0.003887500325000008,-0.2412024815,-0.369165015,0.598645,0.0040000000000000036,0.174,0.362,-22.9315,0.5950000000000001,1.12,-527587528.0,531600000.0,619299968.0,1364432000.0,2351200000.0,,2550900000.0,,,89900000.0,,70900000.0,172300000.0,2.56,0.44419998,0.23,2.06,0.264,1775692800.0,1.252,13907.664950220751,9926.991056858253,11596.480102539062,1246.6,1.2,5.0,,,0.0744,0.77277,False,False,,0.5,693898.0,716423.0,0.6130397888416226,6.02,13.52,-9.42,-5.02,-0.16618065332707088,0.2555945532077202,70.11516851985517,0.08191395489838338,-0.011491914253013324,True,0.8211267705478014,,0.5,UK,True,,45.20870167631388,43.32157409708212,51.625005762926314,56.405368104599155,17.12779973649539,67.53164556962025,1.1128775834658187,50.0,,50.0,48.86061080007478,standard,456,8307985065,False,45.7,False,28.17195325542571,14.941569282136896,92.90484140233723,50.04173622704508,50.04173622704508,50.04173622704508,5,NEUTRAL,0,NEDTREND,True,1,0.14285714285714285,LÅG,EJ AKTUELL,4.7,True,1.0,SUSPICIOUS_FWD_PE;,2026-07-13,0
DBK.DE,Deutsche Bank Aktiengesellschaft,Financial Services,Banks - Regional,Germany,EUR,59977680875.16401,-5.615664000000001,-4.442463875000003,1.7252,-1.60471561,2.0023272,-1.423,,-0.064372495,-0.011069997150000004,-0.009629999999999972,0.005590040000000018,-0.37562,-0.0505,-0.06200000000000001,0.076,,,,,622900019200.0,519844986880.0,-42439770112.0,1435067000000.0,,32099000000.0,,,,,6931000000.0,47064000000.0,3.23,0.2152,1.0,2.72,1.0,1780012800.0,0.982,33.05366197776915,22.97644509463702,31.350000381469727,32.00361,2.5,18.0,,,0.08527,0.5309,False,False,,0.5,5321719.0,4830499.0,0.7786526595701121,16.28,18.23,-3.72,28.01,-0.05154229499428098,0.3279709371952213,49.022166772892966,0.10231402765387454,0.08602903416562824,False,0.668196497162093,,0.988,Europe,True,,32.34932063255393,66.46395462778212,47.80398273267102,47.68355854291944,55.59947299077734,67.53164556962025,,50.0,,50.0,48.856127511947875,standard,457,172498163,False,46.3,False,28.17195325542571,48.16360601001669,63.188647746243745,50.04173622704508,50.04173622704508,50.04173622704508,1,SVAG,-8,UPPTREND,False,2,0.2857142857142857,LÅG,EJ AKTUELL,-0.1,True,0.875,SUSPICIOUS_FWD_PE;,2026-07-13,0
ARM,Arm Holdings plc,Technology,Semiconductors,United Kingdom,USD,345406005842.08496,349.84811137500003,82.35631000000001,2.7048,34.21301795,70.729744,69.572,299.81775000000005,-0.06030999399999999,-0.010154998924999993,0.07316500499999999,0.15153750000000002,0.49571,0.07150000000000001,0.27699999999999997,0.49,-41.57324999999999,4.218,5.834,-349353600.0,3600999936.0,491000000.0,342296002560.0,10703000000.0,,4920000000.0,,,908000000.0,,904000000.0,1524000000.0,,0.0,,,,,3.77,452.70001220703125,100.0199966430664,323.3900146484375,298.83838,1.925,37.0,1.38,0.1185,0.00071000005,0.9604,False,False,,0.5,11120283.0,6916470.0,0.55,-12.68,89.63,,,-32.0,0.9066,25.1,-3.96,,False,0.2956641332487517,,0.754,US,True,32.74837404249169,62.03948120393913,49.38196440986902,68.50474104563551,32.74911939980784,26.48221343873518,12.658227848101266,46.26391096979332,50.0,15.868263473053892,50.0,48.78479586896803,standard,460,2236717335,False,33.3,False,28.17195325542571,22.70450751252087,2.5459098497495827,50.04173622704508,50.04173622704508,50.04173622704508,5,NEUTRAL,0,VARNING,False,2,0.2857142857142857,LÅG,EJ AKTUELL,11.6,True,0.875,,2026-07-13,0
ORCL,Oracle Corporation,Technology,Software - Infrastructure,United States,USD,405109439681.9,-13.259923625000003,-10.5168605,0.815,3.158098949999999,6.014363,8.108,-3.7672500000000007,0.35391,-0.002905000925,0.143105005,0.21825750000000002,0.17852,0.07649999999999998,0.016999999999999987,0.256,341.37075,-0.6630000000000001,1.012,-25636603648.0,31893999616.0,167431995392.0,546149433344.0,261759000000.0,,67357000000.0,,,22444000000.0,,17087000000.0,31977000000.0,1.39,0.3431,2.0,1.28,0.5,1783641600.0,1.712,341.82404981051184,134.10346627490406,140.63999938964844,251.8495,1.51163,40.0,1.34,0.024400001,0.40479,0.43897998,False,False,,0.721,30029283.0,38745660.0,0.8615539738855432,-31.43,2.37,-26.37,,-0.5885602564605639,0.6481151458345179,12.534537711698832,-0.22912604080784604,-0.2761834454299793,False,0.2556690298158902,,0.838,US,True,,76.98873677922653,30.030872753564847,62.014814806079244,9.98787311423521,25.164690382081687,67.53164556962025,21.78060413354531,50.0,69.01197604790418,72.1,48.747293454001365,standard,461,5449189599,False,36.3,False,28.17195325542571,21.619365609348915,23.372287145242073,50.04173622704508,50.04173622704508,50.04173622704508,4,NEUTRAL,0,NEDTREND,True,3,0.42857142857142855,LÅG,EJ AKTUELL,2.3,True,0.875,SUSPICIOUS_FWD_PE;,2026-07-13,0
BIOG-B.ST,BioGaia AB (publ),Healthcare,Drug Manufacturers - Specialty & Generic,Sweden,SEK,11474920538.0,10.020554500000003,8.750091999999999,,4.4818943,7.6307936,7.066,8.692500000000003,0.066945,0.07785,0.10588750999999999,0.06352621100000001,0.28118499999999996,-0.0675,-0.126,-0.01,,2.78075,3.271,-653987264.0,871782016.0,0.0,10913629184.0,1597807000.0,,1538168000.0,,,451971000.0,,332764000.0,306566000.0,1.37,0.5945,1.64,1.28,4.0,1778198400.0,0.32,136.3000030517578,90.34547824468368,116.5,165.0,1.0,1.0,,,0.16997999,0.53225,False,False,,0.5,165038.0,97619.0,0.94,-5.94,1.51,,,-13.19,0.3293,50.0,-4.75,,True,0.22392600157077008,,0.548,Nordic,True,27.120971238618296,79.00988046876506,23.96471052483229,28.67257010294587,76.40089247747927,84.45322793148881,67.53164556962025,17.965023847376788,50.0,,50.0,48.70601458650851,standard,463,1172034,False,44.1,False,28.17195325542571,79.63272120200334,17.028380634390654,50.04173622704508,50.04173622704508,50.04173622704508,3,SVAG,-8,VARNING,False,3,0.42857142857142855,LÅG,EJ AKTUELL,-1.6,True,0.75,,2026-07-13,0
ADBE,Adobe Inc.,Technology,Software - Application,United States,USD,88896899757.38525,-25.287002625000003,-15.271709000000001,0.6087,0.11869194999999966,3.527304,3.586,-12.391250000000001,0.44968996999999994,0.13130500907499995,0.17631500499999997,0.20951748,0.41433999999999993,-0.0025000000000000022,-0.12300000000000001,0.012,13.943750000000001,-1.0270000000000001,0.631,8118521088.0,5625999872.0,7077000192.0,90347896832.0,29496000000.0,,23769000000.0,,,8706000000.0,,7130000000.0,10031000000.0,,0.0,,0.12,0.0065,1111622400.0,1.433,376.1600036621094,190.1199951171875,223.63999938964844,272.47516,2.66667,33.0,2.23,0.0552,0.00232,0.88069,False,False,,0.5,6471491.0,6616980.0,0.36062190152944584,-5.99,-2.74,-33.85,,-0.40546576666206124,0.35384425796142255,82.10103079520896,-0.03852437894239569,-0.21570965674471365,True,0.8642958916529168,,0.86,US,True,,92.02776503588339,27.256951648463627,43.12772692301657,36.189068601040205,47.43083003952569,12.658227848101266,96.82034976152623,50.0,34.73053892215569,50.0,48.65192755783901,standard,464,1479821403,False,59.1,False,97.53756260434056,40.40066777963272,41.235392320534224,50.04173622704508,50.04173622704508,50.04173622704508,4,NEUTRAL,0,NEDTREND,True,1,0.14285714285714285,LÅG,EJ AKTUELL,1.6,True,0.875,SUSPICIOUS_FWD_PE;,2026-07-13,0
CARL-A.CO,Carlsberg A/S,Consumer Defensive,Beverages - Brewers,Denmark,DKK,37911658500.0,2.9297194999999974,,3.78,1.2440626249999995,1.668933,2.386,-2.5894999999999992,0.036199999999999996,-0.010960000000000004,-0.003707500000000006,-0.0006512510000000055,0.0030850000000000044,,,,145.90550000000002,-0.5982500000000002,0.426,4617000128.0,9585000448.0,70623002624.0,212603584512.0,153955000000.0,,89095000000.0,,,12612000000.0,,5955000000.0,12431000000.0,2.61,0.6013,29.0,2.42,29.0,1773705600.0,0.651,1140.0,835.1781274968928,1125.0,,,,,,0.98330003,0.00208,False,False,,0.5,661.0,455.0,0.68,4.72,16.84,,,-1.77,0.3238,56.5,5.17,,True,0.8224704659313746,,0.5,Nordic,True,,49.15599136505776,52.515549542439445,29.11392405063291,39.17306817124518,65.74440052700923,67.53164556962025,77.74244833068363,50.0,,50.0,48.61121949279388,standard,467,77981,False,66.2,False,97.53756260434056,59.515859766277124,68.86477462437396,50.04173622704508,50.04173622704508,50.04173622704508,3,SVAG,-8,UPPTREND,False,1,0.14285714285714285,LÅG,EJ AKTUELL,-4.2,True,0.75,EXTREME_GROWTH;EXTREME_EARNINGS_GROWTH;,2026-07-13,0
SAF.PA,Safran SA,Industrials,Aerospace & Defense,France,EUR,139284611452.28348,-8.651018250000002,7.546484124999997,2.4137,5.70084995,4.517645,4.464,7.863500000000004,0.387785,-0.0038849960000000017,0.14026499999999997,0.0,0.10474,0.06,,,-33.010999999999996,-0.3684999999999998,0.596,-2289057120.0,6848000000.0,5326000128.0,139224875008.0,61814000000.0,,31189000000.0,,,4592000000.0,,7177000000.0,5721000000.0,0.99,0.1689,3.35,0.76,3.35,1779753600.0,0.961,360.79998779296875,259.6822067309178,336.1000061035156,351.97272,1.86364,22.0,,,0.1674,0.45828998,False,False,,0.5,738666.0,683368.0,0.65,4.33,8.1,4.25,,-7.56,0.4091,49.4,6.74,,False,0.4589356016172396,,0.5,Europe,True,39.6447463506287,67.5148131265989,41.95707815507628,45.58557237953989,36.400347671629966,38.20816864295125,67.53164556962025,34.81717011128776,50.0,,50.0,48.57326745503904,standard,469,261624303,False,39.5,False,28.17195325542571,32.637729549248746,33.30550918196995,50.04173622704508,50.04173622704508,50.04173622704508,3,SVAG,-8,UPPTREND,False,2,0.2857142857142857,LÅG,EJ AKTUELL,-0.8,True,0.875,EXTREME_EARNINGS_GROWTH;,2026-07-13,0
ENB.TO,Enbridge Inc.,Energy,Oil & Gas Midstream,Canada,CAD,168887072739.1649,1.0773535000000027,11.07854875,5.4947,0.06069709999999928,2.4459019,4.159,6.338749999999998,-0.023528746500000006,-0.025113749624999945,-0.0011424999999999977,-0.01829377,-0.01255001,0.15949999999999998,-0.547,-0.248,122.08275,-0.58775,0.526,-2062734464.0,1706000000.0,109671997440.0,287189073920.0,218475000000.0,,65194000000.0,,,11528000000.0,,7491000000.0,12270000000.0,5.02,1.2873,3.88,6.39,0.97,1778803200.0,0.795,80.6500015258789,56.52739531319627,77.33999633789062,78.80952,2.47826,21.0,3.56,0.0109,0.00126,0.53103,False,False,,0.5,8431040.0,4298120.0,0.7685971287919792,-1.92,4.2,24.92,,-0.04104160105844723,0.1592866858356565,49.35320875263423,0.003684173759921139,0.10966873773998831,False,0.3728668428441216,,0.741,Canada,True,46.28746928746928,38.89057827744561,71.8692609594885,40.26672934821455,48.76077229824176,34.78260869565217,30.189873417721518,40.54054054054054,50.0,90.41916167664671,50.0,48.40407943685099,standard,472,234976527,False,42.5,False,28.17195325542571,29.63272120200334,56.92821368948246,50.04173622704508,50.04173622704508,50.04173622704508,1,SVAG,-8,UPPTREND,False,1,0.14285714285714285,LÅG,EJ AKTUELL,-5.0,True,0.875,,2026-07-13,0
SCHW,The Charles Schwab Corporation,Financial Services,Capital Markets,United States,USD,179339658258.51834,-1.0677703750000012,-1.9163120000000013,1.2165,-0.4596148500000006,7.2323747,6.011,,0.018005000000000007,-0.006885001075000003,0.12554499600000002,0.12168005000000001,0.4949,0.0955,0.253,0.299,55.25025000000001,-1.1349999999999998,0.632,,96474996736.0,59457998848.0,149085650944.0,490995000000.0,,23921000000.0,,,,,8852000000.0,9311000000.0,1.26,0.22469999,1.28,1.25,0.32,1778198400.0,0.762,106.75513779186181,83.95999908447266,103.12000274658203,118.52632,1.66667,19.0,0.0,0.0,0.061680004,0.84425,False,False,,0.5,11749413.0,10318700.0,0.32,15.55,6.27,,,-3.74,0.2928,76.3,11.69,,True,0.9492382507649714,,0.702,US,True,,71.22954038202583,38.8713193152564,65.92714201414762,42.10776805449875,33.99209486166008,67.53164556962025,,50.0,99.0,50.0,48.37103584499005,holding,474,1064064372,False,36.7,False,28.17195325542571,28.881469115191987,18.447412353923205,50.04173622704508,50.04173622704508,50.04173622704508,6,NEUTRAL,0,UPPTREND,False,3,0.42857142857142855,LÅG,EJ AKTUELL,5.2,True,0.875,SUSPICIOUS_FWD_PE;,2026-07-13,0
TXRH,"Texas Roadhouse, Inc.",Consumer Cyclical,Restaurants,United States,USD,12455762042.5,-0.3556231249999984,5.638675499999996,2.3105,2.8285269499999983,2.0608008,2.196,0.9767499999999973,0.10270999999999998,0.014845000075000008,-0.019424997,-0.02106000000000001,-0.31545001,0.05500000000000001,-0.006999999999999992,0.086,-9.568249999999988,-0.9640000000000001,0.34,-909611440.0,214560992.0,1054270016.0,13316899840.0,3549472000.0,,5878075000.0,,,475089000.0,,405554000.0,730067000.0,1.6,0.445,3.0,1.54,0.75,1780358400.0,0.796,196.86000061035156,153.17223310879282,189.5,196.30435,2.14286,23.0,2.46,0.0481,0.00445,1.03754,False,False,,0.788,1206604.0,1176620.0,0.37,13.74,17.9,,,-2.98,0.3333,61.3,8.2,,False,0.6650303467873778,,0.284,US,True,39.310594016476365,48.6451083706293,51.729663453407746,39.1943151786075,38.04119782221259,83.26745718050066,67.53164556962025,15.89825119236884,50.0,42.66467065868264,78.8,48.2429081575449,standard,477,222969490,False,50.7,False,28.17195325542571,78.29716193656094,62.353923205342234,50.04173622704508,50.04173622704508,50.04173622704508,2,SVAG,-8,UPPTREND,False,1,0.14285714285714285,LÅG,EJ AKTUELL,-1.3,True,0.875,,2026-07-13,0
MAA,"Mid-America Apartment Communities, Inc.",Real Estate,REIT - Residential,United States,USD,15741044470.5,6.592212375000002,8.584116500000002,7.03,-1.3796428200000006,7.290951,9.713,-4.13475,-0.038544999999999996,-0.004939999424999996,-0.08458249549999998,-0.11412001,0.10526999999999997,-0.048999999999999995,-0.51,-0.315,9.515750000000004,-0.6270000000000001,0.044,-190771072.0,71529000.0,5680351232.0,21499547648.0,11975383000.0,,2209126000.0,,,619438000.0,,446909000.0,1078175000.0,4.5,1.8409,6.12,3.5,1.53,1784073600.0,0.728,148.65552165284583,118.84315159765492,135.25,141.79167,2.44,24.0,3.04,0.028900001,0.00461,0.97033,False,False,,0.558,986426.0,984220.0,1.3353938893634993,-2.63,8.99,2.58,,-0.09017843066839892,0.1947200910981631,56.02805851455237,0.012981136194513798,0.035796878337707394,False,0.3242042868109531,,0.941,US,True,,35.09573805064885,62.525483582197694,31.04883137176451,62.89009007270011,80.23715415019763,30.189873417721518,39.109697933227345,50.0,61.52694610778443,55.800000000000004,48.22867594107247,standard,478,133115755,False,51.8,False,61.602671118530886,74.70784641068448,17.863105175292155,50.04173622704508,50.04173622704508,50.04173622704508,3,SVAG,-8,UPPTREND,False,2,0.2857142857142857,LÅG,EJ AKTUELL,-6.8,True,0.875,,2026-07-13,0
METSO.HE,Metso Oyj,Industrials,Farm & Heavy Construction Machinery,Finland,EUR,12637011573.880129,-1.8812235000000008,-4.013139499999998,1.3546,0.12639820000000013,2.3933735,2.611,-3.0969999999999986,0.009412495000000007,0.004065001000000006,-0.0074825000000000065,-0.010098749000000004,-0.12333500000000003,-0.032,0.0040000000000000036,0.051,-3.7610000000000063,0.006250000000000033,0.781,-434875008.0,416000000.0,1552000000.0,13787011072.0,7215000000.0,,5240000000.0,,,725000000.0,,423000000.0,779000000.0,2.65,0.65519994,0.4,2.83,0.2,1792627200.0,1.2,17.67024076681784,9.925441169832201,15.260000228881836,17.09474,2.26316,19.0,,,0.16879,0.43602002,False,False,,0.5,1168370.0,1143526.0,0.7546165162163602,0.79,-3.15,0.7,,-0.1364011147183738,0.3543197720249599,45.1680660904416,-0.0030574561133902556,0.03303083803999618,True,0.5299182107126784,,0.325,Nordic,True,,46.86918547551959,49.518026659568704,30.612776483744938,41.64318066582529,83.00395256916995,67.53164556962025,27.344992050874406,50.0,,50.0,48.2090630655121,standard,479,19877214,False,49.9,False,28.17195325542571,78.04674457429049,57.512520868113526,50.04173622704508,50.04173622704508,50.04173622704508,4,NEUTRAL,0,VARNING,False,1,0.14285714285714285,LÅG,EJ AKTUELL,-2.8,True,0.875,SUSPICIOUS_FWD_PE;,2026-07-13,0
BHARTIARTL.NS,Bharti Airtel Limited,Communication Services,Telecom Services,India,INR,11978586229174.273,8.743671749999999,-0.25244900000000037,,2.0613070000000002,5.678798,6.261,-20.140500000000003,-0.0036200025000000108,0.0044199945749999955,-0.004895005000000008,0.12971,0.27191002000000003,0.096,-0.4405,-0.335,61.382000000000005,-0.9714999999999996,0.298,591053062144.0,440774000640.0,1954117058560.0,13209164578816.0,5521516000000.0,,2109728000000.0,,,669637000000.0,,266952000000.0,1222296000000.0,0.83,0.36060002,16.0,0.8,24.0,1784851200.0,0.016,2174.5,1740.5,1920.4000244140625,2294.879,1.48485,33.0,,,0.53131,0.33516997,False,False,,0.5,9020200.0,6521338.0,0.9829452176282609,7.73,2.65,-7.86,,-0.11685443807125206,0.19439005771981424,50.75517634204515,0.03533868469018753,-0.015503097571074709,True,0.7891787405783711,,0.59,India,True,,63.10090736761183,50.55807296676184,33.32426588977724,59.832296241060305,7.7733860342556,67.53164556962025,91.57392686804452,50.0,,50.0,48.20893515322176,standard,480,130986061,False,49.8,False,90.15025041736226,6.176961602671119,25.626043405676125,50.04173622704508,50.04173622704508,50.04173622704508,6,NEUTRAL,0,NEDTREND,True,2,0.2857142857142857,LÅG,EJ AKTUELL,-1.4,True,0.875,SUSPICIOUS_FWD_PE;,2026-07-13,0
ISS.CO,ISS A/S,Industrials,Specialty Business Services,Denmark,DKK,43839098639.46875,-10.008571500000002,-9.213067499999998,,0.2399095,0.5176787,0.699,-5.542999999999998,0.06646249500000002,-0.007624999,-0.057992502,-0.08755874599999999,0.46680499999999997,-0.065,-0.065,-0.076,84.13199999999999,-0.7847500000000001,0.692,1639499968.0,1864000000.0,15077000192.0,59210510336.0,45601000000.0,,84684000000.0,,,4073000000.0,,2603000000.0,3989000000.0,1.13,0.2013,3.2,3.4,3.2,1776384000.0,0.845,290.6000061035156,179.70984445936452,280.20001220703125,297.16666,1.75,12.0,,,0.0,0.53687,False,False,,0.5,338700.0,328545.0,0.69,6.19,16.87,,,-2.56,0.2422,70.7,6.19,,True,0.6791186077964779,,0.5,Nordic,True,,51.68700157793137,51.28276678504989,25.86020021417484,43.8287816267269,63.109354413702235,67.53164556962025,83.46581875993641,50.0,,50.0,48.176496435559415,standard,481,14024536,False,66.5,False,86.47746243739566,56.677796327212015,92.40400667779632,50.04173622704508,50.04173622704508,50.04173622704508,3,SVAG,-8,UPPTREND,False,1,0.14285714285714285,LÅG,EJ AKTUELL,-3.4,True,0.875,SUSPICIOUS_FWD_PE;,2026-07-13,0
DRI,"Darden Restaurants, Inc.",Consumer Cyclical,Restaurants,United States,USD,23393774362.75,-10.813146125,-2.6529915000000006,1.8025,5.230907949999999,1.7835377,2.356,-3.5252500000000015,0.35067,0.003105000075000008,0.00342500300000001,0.03268,-0.26302001,0.06400000000000002,0.253,0.333,284.27874999999995,-1.109,0.116,-24441088.0,219500000.0,7999499776.0,31125774336.0,12587000000.0,,12076700000.0,,,1436300000.0,,1049600000.0,1698500000.0,3.03,0.5747,6.12,3.0,1.62,1783641600.0,0.585,217.61991927860964,165.13102845460602,204.25,228.25,1.96429,24.0,4.37,0.0761,0.0028799998,0.99192,False,False,,0.5,1255357.0,1828660.0,0.5,-5.12,4.24,,,-7.81,0.2722,33.9,-1.01,,False,0.37250412634093427,,0.493,US,True,,55.84473487629216,32.6356239547513,54.93255854688125,38.3458701688826,74.70355731225297,67.53164556962025,46.74085850556439,50.0,24.550898203592812,50.0,48.13168974884525,standard,482,373503805,False,59.4,False,66.6110183639399,68.11352253756262,66.86143572621035,50.04173622704508,50.04173622704508,50.04173622704508,4,NEUTRAL,0,VARNING,False,1,0.14285714285714285,LÅG,EJ AKTUELL,6.1,True,0.875,SUSPICIOUS_FWD_PE;,2026-07-13,0
MSAB-B.ST,Micro Systemation AB (publ),Technology,Software - Application,Sweden,SEK,1435902755.4906616,1.3594584999999988,3.9674145000000003,,4.369783,3.2376938,3.09,1.0075000000000012,0.182,0.05637999900000001,0.0069624990000000005,-0.221071254,0.48571504000000004,-0.05450000000000001,,,19.054499999999994,-0.21225,1.487,-934906876.0,145600000.0,76300000.0,1448769536.0,318067000.0,,461784000.0,,,67843000.0,,49172000.0,101888000.0,1.47,0.6073,1.2,4.0,0.6,1794441600.0,0.38,88.0,51.61550828737911,82.19999694824219,86.0,1.0,2.0,,,0.2339,0.55896,False,False,,0.5,17422.0,18031.0,0.56,13.5,17.78,,,-5.07,0.5444,71.4,13.24,,True,0.8410121380828011,,0.167,Nordic,True,,66.72913104888985,48.68134242817145,13.107387990204533,52.7697193037247,97.49670619235836,67.53164556962025,,50.0,,50.0,48.12899398544261,standard,483,152747,False,51.0,False,28.17195325542571,97.53756260434056,45.07512520868113,50.04173622704508,50.04173622704508,50.04173622704508,3,SVAG,-8,UPPTREND,False,2,0.2857142857142857,LÅG,EJ AKTUELL,-0.9,True,0.875,EXTREME_EARNINGS_GROWTH;,2026-07-13,0
CRWD,"CrowdStrike Holdings, Inc.",Technology,Software - Infrastructure,United States,USD,190597764572.4463,,102.450346,6.452,35.55673695,39.283596,36.69,3129.21475,-0.1823399999,-0.07798500142499999,-0.11655499499999998,-0.16584249899999998,0.27166,0.1265,,,-29.93125,-0.24700000000000022,1.333,826511488.0,4552800768.0,821342976.0,186907770880.0,11086684000.0,,4812005000.0,,,-293292000.0,,-162502000.0,1612349000.0,,0.0,,,,,1.237,209.5,85.68000030517578,187.17999267578125,183.81082,1.67308,49.0,1.95,0.028499998,0.01508,0.74783,False,False,,0.44,12793108.0,11503880.0,0.33,8.78,87.01,,,-5.68,0.5426,65.5,14.17,,True,0.6385748454201378,,0.89,US,True,37.86761092643446,25.26657765437896,59.587349906984606,77.13206636084573,26.181645659301324,33.59683794466403,12.658227848101266,53.57710651828299,50.0,62.874251497005986,44.0,48.115801090518815,standard,484,2153296174,False,42.8,False,62.43739565943238,28.63105175292154,2.5459098497495827,50.04173622704508,50.04173622704508,50.04173622704508,3,SVAG,-8,UPPTREND,False,1,0.14285714285714285,LÅG,EJ AKTUELL,-0.0,True,0.75,EXTREME_EARNINGS_GROWTH;,2026-07-13,0
AZN.L,AstraZeneca PLC,Healthcare,Drug Manufacturers - General,United Kingdom,GBp,257606943115939.3,2.813639750000002,1.8964222500000005,1.3411,2.5566294000000003,3.4297426,3.726,0.0,0.11394248749999998,0.023812499825,0.035140009999999944,0.026329985000000028,0.41369495,0.040499999999999994,-0.060000000000000005,0.056,5.427749999999996,-1.0819999999999999,0.701,5913012608.0,7674999808.0,34029000704.0,225203666944.0,114074000000.0,,58739000000.0,,,13327000000.0,,10225000000.0,14575000000.0,1.77,0.477,2.36,2.08,1.595,1771459200.0,0.225,193207.77797317505,131586.63866151177,166104.04646873474,16047.643,1.75,22.0,,,0.00046,0.68327004,False,False,,0.5,2187464.0,2619991.0,1.02,-4.47,-15.47,-9.97,,-18.87,0.2783,38.7,-7.81,,False,0.16658269360623432,,0.86,UK,True,,74.29277509077096,13.893918222524945,51.094790338494406,62.99158749183804,0.5270092226613966,67.53164556962025,82.35294117647058,50.0,,50.0,48.104324855929875,standard,485,435191106812,False,43.6,False,57.34557595993323,2.5459098497495827,42.65442404006678,50.04173622704508,50.04173622704508,50.04173622704508,4,NEUTRAL,0,VARNING,False,3,0.42857142857142855,LÅG,EJ AKTUELL,5.6,True,0.875,SUSPICIOUS_FWD_PE;,2026-07-13,0
4661.T,"Oriental Land Co., Ltd.",Consumer Cyclical,Leisure,Japan,JPY,4287858893310.0,11.513067,8.802074499999998,7.762,1.8123931,6.086049,5.702,3.0938750000000015,0.002689995000000018,0.01564500015,0.10297749825000001,0.07872500500000003,0.10882500249999999,-0.072,-0.321,-0.214,-12.841374999999998,1.5179999999999996,3.058,21829000192.0,597097971712.0,326706003968.0,4017466900480.0,1629076000000.0,,704539000000.0,,,168413000000.0,,121881000000.0,181281000000.0,0.61,0.2018,16.0,0.29,8.0,1790640000.0,0.293,3696.72509765625,2103.0,2615.0,3029.1213,2.5,14.0,,,0.30672002,0.17355,False,False,,0.5,6099239.0,5142490.0,0.8085404135645481,13.42,-2.21,-8.3,,-0.2926171324835789,0.30164321890686907,81.41783029001074,0.13604274822425455,-0.06648416754497777,True,0.8678314081859533,,0.257,Japan,True,62.323746206099145,67.12204259993709,38.67862677527212,13.12238237202018,76.49765903198889,12.25296442687747,67.53164556962025,55.00794912559619,50.0,,50.0,48.06621953768264,standard,487,82824353,False,44.3,False,67.2787979966611,10.267111853088482,22.78797996661102,50.04173622704508,50.04173622704508,50.04173622704508,6,NEUTRAL,0,NEDTREND,True,4,0.5714285714285714,MEDEL,EJ AKTUELL,-0.8,True,0.875,,2026-07-13,0
BAC,Bank of America Corporation,Financial Services,Banks - Diversified,United States,USD,423453551150.92444,-6.635952375,-4.090340000000001,1.0543,-3.1377228500000003,3.8639798,3.623,,-0.06638499999999999,-0.017325000075,0.035244996000000015,-0.012279970000000029,-0.4797,0.018500000000000003,0.11099999999999999,0.166,,,,,851284983808.0,799901024256.0,397065551872.0,3411738000000.0,,113097000000.0,,,,,30509000000.0,12613000000.0,1.89,0.273,1.12,2.35,0.28,1780617600.0,1.175,60.83000183105469,43.79597402924707,59.66999816894531,65.45238,1.5,21.0,0.0,0.0,0.0734,0.70583,False,False,,0.708,36123027.0,34032580.0,0.47,7.52,11.75,,,-0.98,0.2366,61.2,9.18,,False,0.8541222893222539,,0.919,US,True,,31.40203884618102,49.15309017795065,61.01670817935109,55.492868748871636,24.637681159420293,67.53164556962025,,50.0,99.0,70.8,48.049889036700364,standard,488,2030723986,False,38.4,False,28.17195325542571,21.118530884808013,37.813021702838064,50.04173622704508,50.04173622704508,50.04173622704508,2,SVAG,-8,UPPTREND,False,2,0.2857142857142857,LÅG,EJ AKTUELL,-4.6,True,0.75,SUSPICIOUS_FWD_PE;,2026-07-13,0
NDX1.DE,Nordex SE,Industrials,Specialty Industrial Machinery,Germany,EUR,9707018713.488556,3.713664749999994,-1.954249875,1.5,3.69658525,1.3051586,1.083,-3.8284999999999982,0.10598502000000004,0.0076050039999999985,-0.048284990000000014,-0.07654,-0.10633999999999999,0.040999999999999995,6.267,5.769,-32.084999999999994,-0.1904999999999999,0.786,2516704.0,1829081984.0,472779008.0,8344162304.0,6752008000.0,,7553549000.0,,,581174000.0,,274452000.0,1016287000.0,,0.0,,,,,1.176,51.70000076293945,18.600000381469727,40.97999954223633,47.93333,2.06667,15.0,,,0.46995,0.38754,False,False,,0.5,646024.0,544600.0,0.79,-0.88,-12.34,25.75,,-19.32,0.4929,33.2,-7.44,,False,0.1880087479070309,,1.0,Europe,True,,45.88444314531072,32.63131817100793,85.96868873097549,30.43210199451104,86.03425559947298,12.658227848101266,49.76152623211447,50.0,,50.0,48.00181773894561,standard,490,25421696,False,61.1,False,60.517529215358934,81.80300500834724,74.79131886477462,50.04173622704508,50.04173622704508,50.04173622704508,5,NEUTRAL,0,VARNING,False,1,0.14285714285714285,LÅG,EJ AKTUELL,11.4,True,0.875,SUSPICIOUS_FWD_PE;,2026-07-13,0
AAL.L,Anglo American plc,Basic Materials,Other Industrial Metals & Mining,United Kingdom,GBp,50215060746420.49,,7.740653250000001,1.4,0.6039899500000001,2.1035736,2.928,-1.4540000000000024,-0.13403250249999998,-0.007807503174999994,-0.322524983,-0.000755005000000003,0.22940499999999997,0.07499999999999998,,,1.4129999999999967,0.8660000000000002,1.483,-1237487552.0,6438000128.0,15797999616.0,54300577792.0,55994000000.0,,18546000000.0,,,3990000000.0,,-3741000000.0,5511000000.0,0.47,5.6102004,0.17,4.12,0.11822,1773273600.0,0.972,53163.63441611081,26177.078456011088,46864.792914390564,3919.6511,2.4375,16.0,,,0.07,0.58321,False,False,,0.5,4665155.0,3977145.0,0.7558295762200784,-3.13,7.15,17.66,60.93,-0.11848026514551901,0.3779803047384491,42.00146253844711,-0.03417722822344782,0.12982913821211106,False,0.33291334047759297,,0.5,UK,True,,36.333401725320144,72.26963039694036,47.59510916428104,63.714002996084645,3.0303030303030303,30.189873417721518,31.79650238473768,50.0,,50.0,47.92987913707342,standard,492,186388076816,False,39.1,False,28.17195325542571,2.5459098497495827,61.101836393989984,50.04173622704508,50.04173622704508,50.04173622704508,3,SVAG,-8,VARNING,False,2,0.2857142857142857,LÅG,EJ AKTUELL,3.3,True,0.875,EXTREME_EARNINGS_GROWTH;,2026-07-13,0
HUBB,Hubbell Incorporated,Industrials,Electrical Equipment & Parts,United States,USD,25942142129.388245,-5.632505625000001,-1.1747199999999989,2.3491,0.7083425500000002,4.3265023,4.699,-0.67075,0.067602515,0.038560001075,0.04304000599999999,0.04078002,-0.12284997000000003,0.046,0.059,0.114,-1.6887499999999918,0.10249999999999981,0.84,-558403584.0,516900000.0,2738700032.0,28174542848.0,8228800000.0,,5844600000.0,,,1208800000.0,,887100000.0,1029800000.0,1.17,0.32389998,5.68,1.54,1.42,1780012800.0,0.892,563.8055092962444,400.1887437138488,490.94000244140625,557.2727,2.08333,11.0,4.07,0.0585,0.00343,0.99447,False,False,,0.864,647445.0,546176.0,0.29,1.54,-11.45,,,-14.32,0.3471,31.8,-2.77,,False,0.36535624995677185,,0.888,US,True,,63.05896232859484,10.625270120450232,58.98111677654003,51.76073544194218,72.20026350461133,67.53164556962025,33.38632750397456,50.0,32.634730538922156,96.4,47.91644754895556,standard,493,268139647,False,44.6,False,28.17195325542571,65.69282136894824,34.390651085141904,50.04173622704508,50.04173622704508,50.04173622704508,3,SVAG,-8,VARNING,False,2,0.2857142857142857,LÅG,EJ AKTUELL,-0.9,True,0.875,SUSPICIOUS_FWD_PE;,2026-07-13,0
HM-B.ST,H & M Hennes & Mauritz AB (publ),Consumer Cyclical,Apparel Manufacturing,Sweden,SEK,232727518498.0,-2.579024999999998,0.7672589999999992,2.5114,4.174688399999999,1.2008624,1.464,-3.7975000000000003,0.18451,0.0,-0.012897503000000008,-0.005888753999999996,0.09263499999999997,-0.106,-0.09999999999999999,0.002,163.50549999999998,-0.39325000000000004,0.525,21323249344.0,18697000960.0,76790996992.0,323073933312.0,170273000000.0,,228285000000.0,,,18529000000.0,,12158000000.0,31120000000.0,4.3,0.90489995,7.1,4.91,3.55,1793750400.0,1.002,190.12972139864354,122.30078726595396,166.0,155.01923,3.73077,26.0,,,0.70359004,0.20547001,False,False,,0.5,2432326.0,2760515.0,0.4976660991434034,0.45,-2.34,-5.02,,-0.126911885323026,0.26527361158024687,48.67549150231888,0.006526204852365991,-0.028281998779318807,False,0.44413184704753783,,0.99,Nordic,True,,58.48807787094099,47.224908816892935,40.13133445351582,39.4654015253862,30.434782608695656,67.53164556962025,94.75357710651828,50.0,,50.0,47.8830980168719,standard,494,47225687,False,62.4,False,97.53756260434056,25.959933222036728,77.04507512520868,50.04173622704508,50.04173622704508,50.04173622704508,4,NEUTRAL,0,NEDTREND,True,1,0.14285714285714285,LÅG,EJ AKTUELL,8.0,True,0.875,SUSPICIOUS_FWD_PE;,2026-07-13,0
SY1.DE,Symrise AG,Basic Materials,Specialty Chemicals,Germany,EUR,12383803771.124771,28.863079749999997,5.745657624999996,3.2895,0.9350898999999999,2.5105917,2.846,7.210000000000001,-0.065207495,0.0,-0.04365999100000001,-0.06328001,0.0006499999999999839,-0.124,,,22.502000000000006,0.7910000000000003,1.613,-355861680.0,1009803008.0,2630163968.0,14026605568.0,7903801000.0,,4929283000.0,,,618061000.0,,249333000.0,772295000.0,1.41,0.6742,1.25,1.07,1.25,1778112000.0,0.578,92.45999908447266,63.6344453220138,88.5999984741211,94.61667,1.94444,18.0,,,0.050240003,0.74034,False,False,,0.5,421402.0,334502.0,0.6385044796408647,6.7,24.67,27.16,0.45,-0.04174778983963667,0.27730950574487306,56.862732265063244,0.09059864738701884,0.19589037137908183,False,0.6022709466830618,,0.5,Europe,True,37.23558317675965,36.993062140913885,66.8041549597786,18.576035594798743,70.8285561389514,83.399209486166,67.53164556962025,30.206677265500797,50.0,,50.0,47.79037815804444,standard,498,33758828,False,49.7,False,28.17195325542571,78.38063439065108,55.926544240400666,50.04173622704508,50.04173622704508,50.04173622704508,3,SVAG,-8,UPPTREND,False,3,0.42857142857142855,LÅG,EJ AKTUELL,-7.2,True,1.0,EXTREME_EARNINGS_GROWTH;,2026-07-13,0
ZS,"Zscaler, Inc.",Technology,Software - Infrastructure,United States,USD,22521286237.64763,,6.900698,1.6026,1.889051949999998,7.096528,6.57,-364.63325,-0.21695000199999998,-0.081515000925,-0.134964994,-0.17652249999999997,0.28767,0.1245,,,31.439749999999997,0.08299999999999985,1.718,8964992.0,3539107072.0,1868162944.0,20850341888.0,6419888000.0,,2673115000.0,,,-127144000.0,,-41478000.0,972453000.0,,0.0,,,,,0.958,336.989990234375,114.625,139.27000427246094,192.57614,1.52174,44.0,1.68,0.0787,0.34958,0.5589,False,False,,0.468,4606242.0,2930650.0,0.9904969426532453,10.67,13.94,-39.75,,-0.5867236169964595,0.598165460206326,63.76480999984415,-0.02360533736585768,-0.3088667389365889,True,0.6113311949477178,,0.972,US,True,,24.575554388214577,36.86170872586964,81.91080605663436,44.1550187550603,75.6258234519104,12.658227848101266,50.07949125596184,50.0,23.053892215568865,46.800000000000004,47.771923722930886,standard,499,408151638,False,52.9,False,68.61435726210351,69.1151919866444,18.864774624373958,50.04173622704508,50.04173622704508,50.04173622704508,5,NEUTRAL,0,NEDTREND,True,1,0.14285714285714285,LÅG,EJ AKTUELL,0.8,True,0.75,EXTREME_EARNINGS_GROWTH;,2026-07-13,0
GS,"The Goldman Sachs Group, Inc.",Financial Services,Capital Markets,United States,USD,311285946335.90515,-2.067901375000001,-0.052567000000001585,1.5867,-1.7253191500000005,5.0485377,0.579,,-0.027344999999999994,-0.017155000074999996,0.03931499600000003,0.01416001,0.34301004,0.08249999999999999,0.10899999999999999,0.188,613.0802500000001,-0.267,1.349,,1142199943168.0,839667023872.0,35643584512.0,1809320000000.0,,58283000000.0,,,,,17176000000.0,-45154000000.0,1.7,0.2831,18.0,2.2,4.5,1780272000.0,1.292,1125.0,677.6583500663052,1055.1800537109375,1012.2,2.68,20.0,2.58,0.0221,0.00526,0.74559,False,False,,0.5,2152934.0,2033570.0,0.5149268962446193,2.25,17.27,13.22,,-0.06206217447916662,0.28819361784237413,39.7927935740534,0.04656077615519294,0.18671954142086133,False,0.48744934896095565,,1.0,US,True,,53.696463074651135,74.94891724842854,69.65479562599093,30.45603699540441,27.40447957839262,67.53164556962025,,50.0,73.05389221556887,50.0,47.750317044172675,holding,500,2145782502,False,37.5,False,28.17195325542571,23.372287145242073,29.465776293823037,50.04173622704508,50.04173622704508,50.04173622704508,2,SVAG,-8,UPPTREND,False,3,0.42857142857142855,LÅG,EJ AKTUELL,-0.2,True,0.875,SUSPICIOUS_FWD_PE;,2026-07-13,0
SPOT,Spotify Technology S.A.,Communication Services,Internet Content & Information,Sweden,USD,98650334406.96054,9.109528375,7.982595,1.6732,5.330106149999999,5.699508,5.296,24.20875,0.16981498500000003,0.05229999357500001,0.029240011000000024,-0.02893000000000001,-0.15651998,0.021000000000000005,2.1235000000000004,2.204,-69.50325,0.8240000000000001,1.508,-392103552.0,6293000192.0,476000000.0,92833333248.0,15015000000.0,,17186000000.0,,,2198000000.0,,2212000000.0,2933000000.0,,0.0,,,,,1.564,748.2999877929688,405.0,479.7699890136719,598.3462,1.55,38.0,3.39,0.0399,0.23448999,0.68951,False,False,,0.5,2193088.0,1719910.0,0.5183944633608021,-3.32,-1.41,-15.77,,-0.35885340526504295,0.4514552546816312,55.4448059867309,0.02475103060819306,-0.11027744070581291,True,0.652423499941762,,0.663,US,True,36.77496748084984,60.197437917225315,34.03370767434921,71.27842473987255,38.53936300032811,44.79578392621871,12.658227848101266,42.92527821939587,50.0,50.898203592814376,50.0,47.750016131135055,standard,501,825161202,False,39.2,False,28.17195325542571,38.397328881469114,25.542570951585976,50.04173622704508,50.04173622704508,50.04173622704508,4,NEUTRAL,0,NEDTREND,True,2,0.2857142857142857,LÅG,EJ AKTUELL,3.0,True,0.875,,2026-07-13,0
SRT.DE,Sartorius Aktiengesellschaft,Unknown,Unknown,Unknown,EUR,6697083865.376251,68.90667950000001,11.740032124999997,0.7513,3.0418610500000005,,,,,,,,,,,,,,,,,,,9717200000.0,,3538100000.0,,,569200000.0,,154900000.0,837000000.0,0.39,,0.73,,,,,207.10153636329073,144.77192516588585,195.60000610351562,,,,,,,,False,False,,0.5,,,1.0097131636159618,6.77,14.12,-3.47,11.37,-0.0555357070823439,0.40664220747708557,68.07692070684558,0.06838543684438636,0.06948399694534801,True,0.9981509079257891,,0.448,Europe,True,,,56.98269022717096,16.582278481012658,36.78010471204188,90.9090909090909,67.53164556962025,,50.0,,50.0,47.741377819069584,standard,502,,True,50.1,False,28.17195325542571,86.81135225375625,50.04173622704508,50.04173622704508,50.04173622704508,50.04173622704508,1,SVAG,-8,UPPTREND,False,1,0.14285714285714285,LÅG,EJ AKTUELL,-3.3,True,0.375,EXTREME_GROWTH;EXTREME_EARNINGS_GROWTH;,2026-07-13,0
BRK-B,Berkshire Hathaway Inc.,Financial Services,Insurance - Diversified,United States,USD,690358964973.2316,-6.582175374999999,7.201772,10.06,-4.680042288260001,2.8366468,-0.707,-13.973000000000003,-0.06783499999999999,0.027345001925,-0.06126500399999997,-0.22831997,-0.20190000000000002,-0.018500000000000003,1.063,1.196,-47.84675,1.109,2.7,60128395520.0,397383008256.0,128885997568.0,-265518088192.0,1222176000000.0,,410522000000.0,,,,,66968000000.0,45969000000.0,,0.0,,,,,0.607,516.8499755859375,455.19000244140625,493.7099914550781,520.3333,2.0,3.0,2.33,0.0095999995,0.00261,0.67307997,False,False,,0.29,5181896.0,4961430.0,0.5326006634141782,1.22,1.75,-0.49,,-0.04477118162698235,0.1455406297218218,53.803468523829025,0.01690787068030275,0.006712418403105547,False,0.43160561746974896,,0.688,US,True,,30.308071889929884,57.37481569818497,65.72243537725242,82.15860360757767,20.55335968379447,12.658227848101266,,50.0,92.66467065868264,28.999999999999996,47.71109812138999,standard,503,2449507563,False,56.8,False,94.90818030050083,17.946577629382304,52.33722871452421,50.04173622704508,50.04173622704508,50.04173622704508,5,NEUTRAL,0,UPPTREND,False,2,0.2857142857142857,LÅG,EJ AKTUELL,1.8,True,0.875,,2026-07-13,0
IBM,International Business Machines Corporation,Technology,Information Technology Services,United States,USD,270273408822.1582,-11.902414625000002,-2.0437410000000025,2.7565,0.5693859499999983,3.922065,4.765,-1.9092500000000001,0.17786999999999997,-0.014265000924999995,0.045485005000000016,-0.005672499999999997,0.10387999999999997,-0.0345,-0.060000000000000026,0.153,163.66975000000002,-0.9820000000000001,0.644,11980896512.0,11783000064.0,69802000384.0,328373403648.0,151880000000.0,,67536000000.0,,,12492000000.0,,10593000000.0,13193000000.0,2.29,0.59470004,6.76,3.91,1.69,1778198400.0,0.675,332.4599914550781,212.33999633789062,287.55999755859375,294.57272,1.91304,22.0,3.26,0.0405,0.00117,0.65546995,False,False,,0.567,9121877.0,7907190.0,0.36,5.59,22.93,,,-11.85,0.5142,71.5,10.47,,True,0.6651612664934131,,0.911,US,True,,59.047692050699524,47.04342597290339,49.06869443231089,27.227964934011993,28.590250329380762,67.53164556962025,87.91732909379968,50.0,50.0,56.699999999999996,47.66403456277762,standard,505,2273791537,False,53.9,False,88.39732888146912,24.457429048414024,37.39565943238731,50.04173622704508,50.04173622704508,50.04173622704508,2,SVAG,-8,UPPTREND,False,1,0.14285714285714285,LÅG,EJ AKTUELL,2.2,True,0.875,SUSPICIOUS_FWD_PE;,2026-07-13,0
ITUB,Itaú Unibanco Holding S.A.,Financial Services,Banks - Regional,Brazil,USD,46583596231.84645,-10.947454375,-7.108600000000001,1.4423,-2.3537962500000003,0.687541,5.262,,0.045335,-0.010855000074999998,0.07846499600000005,-0.04108995000000004,-0.4797,-0.0835,-0.019000000000000003,0.107,,,,,531765002240.0,1153635057664.0,727186145280.0,3066169000000.0,,165243000000.0,,,,,44857000000.0,34466000000.0,2.1,0.7489,0.17,4.24,0.003,1785801600.0,0.154,9.47104351280717,5.431094099073752,8.619999885559082,8.95,1.75,8.0,1.06,0.0046,2.0000001e-05,0.32719,False,False,,0.846,22695586.0,21929230.0,0.49,8.37,-6.45,,,-9.51,0.3574,69.9,6.41,,True,1.1436901601357847,,0.689,US,True,,42.39969967590434,17.548527726102563,39.63983173476569,70.3806574360826,61.6600790513834,67.53164556962025,,50.0,94.01197604790418,94.6,47.64666953627284,standard,508,189029960,False,51.1,False,28.17195325542571,55.509181969949914,88.23038397328882,50.04173622704508,50.04173622704508,50.04173622704508,0,SVAG,-8,UPPTREND,False,2,0.2857142857142857,LÅG,EJ AKTUELL,0.1,True,0.75,SUSPICIOUS_FWD_PE;,2026-07-13,0
0083.HK,Sino Land Company Limited,Real Estate,Real Estate - Development,Hong Kong,HKD,98833120279.07495,0.0,0.27032399999999956,0.34,-0.3513230799999998,10.388177,5.276,-1.8074999999999974,-0.02730000350000001,-0.0070249995499999905,0.12481002350000002,-0.06367001,0.10201497999999998,0.288,-0.398,-0.158,-45.594249999999995,6.259,5.673,-3083357696.0,53209001984.0,5155999744.0,50197139456.0,183613000000.0,,8183000000.0,,,2647000000.0,,4019000000.0,3839000000.0,5.63,1.4146,0.58,6.1,0.15,1773273600.0,0.559,13.279999732971191,8.06600043785939,10.3100004196167,13.43,1.5,10.0,,,0.60333,0.11882,False,False,,0.5,9130456.0,7825110.0,0.652659926950402,-10.11,-13.36,2.29,,-0.22364453110497173,0.22785942331180992,32.608731707873304,-0.11175818089998968,-0.0635190206349927,True,0.30429241045076355,,0.5,Asia,True,,50.71999082711099,41.06534504676986,36.19217183060448,85.18884110486881,44.532279314888015,30.189873417721518,17.647058823529413,50.0,,50.0,47.638066849470185,standard,510,10292783,False,37.0,False,28.17195325542571,38.230383973288816,11.435726210350584,50.04173622704508,50.04173622704508,50.04173622704508,4,NEUTRAL,0,NEDTREND,True,1,0.14285714285714285,LÅG,EJ AKTUELL,-5.7,True,0.875,SUSPICIOUS_FWD_PE;,2026-07-13,0
LMAT,"LeMaitre Vascular, Inc.",Healthcare,Medical Instruments & Supplies,United States,USD,2347684876.045555,6.035365375000004,12.136827499999997,2.8444,0.06400774999999914,9.160553,8.468,10.83675,-0.0005850000000000161,0.0021450000750000055,0.11515001600000001,0.07981499,0.23363999999999996,0.027499999999999997,0.304,0.424,-10.094999999999999,12.199,12.077,-1046586692.0,367232992.0,189815008.0,2170266880.0,615690000.0,,249602000.0,,,67912000.0,,57734000.0,81251000.0,0.98,0.3125,1.0,0.88,0.25,1779321600.0,0.517,117.71913682542741,78.28996144485977,102.73999786376953,118.75,2.11111,8.0,3.86,0.0747,0.06511,1.0066301,False,False,,0.5,298380.0,403490.0,0.53,9.02,-12.37,,,-14.03,0.466,75.1,2.28,,True,0.8128431718062473,,0.981,US,True,13.415377944789707,67.13902568525793,10.213653531766166,71.16172504387512,66.56808201200285,96.04743083003953,67.53164556962025,1.1128775834658187,50.0,24.850299401197603,50.0,47.579247936244286,standard,512,41454562,False,45.6,False,28.17195325542571,93.57262103505843,13.439065108514189,50.04173622704508,50.04173622704508,50.04173622704508,5,NEUTRAL,0,UPPTREND,False,4,0.5714285714285714,MEDEL,EJ AKTUELL,9.7,True,0.875,,2026-07-13,0
PRU,"Prudential Financial, Inc.",Financial Services,Insurance - Life,United States,USD,40070898548.5469,-9.488026375,-7.853465000000002,1.2503,-3.42782795,0.63314164,0.945,0.0,-0.065715,-0.022505000075000003,-0.19955500599999998,-0.32462997000000005,-0.19014000000000003,0.0905,-0.276,-0.156,93.45625000000001,-0.957,0.715,9279146240.0,38684000256.0,55523999744.0,59825389568.0,773740000000.0,,60967000000.0,,,,,3576000000.0,6271000000.0,4.87,0.56130004,5.6,4.78,1.4,1779753600.0,0.84,116.69999694824219,90.65444080592968,115.37000274658203,101.4,3.38889,15.0,6.1,0.038900003,0.00174,0.64656997,False,False,,0.5,2063829.0,1787100.0,0.34,9.86,20.44,,,0.0,0.2561,70.5,11.56,,True,0.9267199964486236,,0.803,US,True,,15.553678346977744,88.9933667812917,42.08536935493281,41.124148920949715,64.29512516469038,67.53164556962025,99.04610492845786,50.0,51.796407185628745,50.0,47.51800475574704,standard,513,206177732,False,69.2,False,97.53756260434056,58.51419031719532,89.81636060100166,50.04173622704508,50.04173622704508,50.04173622704508,3,SVAG,-8,UPPTREND,False,2,0.2857142857142857,LÅG,EJ AKTUELL,0.8,True,0.875,SUSPICIOUS_FWD_PE;,2026-07-13,0
BARC.L,Barclays PLC,Financial Services,Banks - Diversified,United Kingdom,GBp,89475231639902.27,-1.6028915000000001,-1.9443522499999997,1.6376,-1.1752352,2.5453105,3.898,,-0.0321275025,-0.013397500625000003,0.004955009999999954,-0.04011495500000001,-0.401355,-0.0235,-0.052000000000000005,0.038,,,,,724346994688.0,759123017728.0,105592602624.0,1544165000000.0,,29140000000.0,,,,,7172000000.0,18739000000.0,1.7,0.1982,0.09,3.25,0.056,1771459200.0,0.884,6850.210162606963,4353.980873195073,6634.325242683408,560.059,1.70588,17.0,,,0.00275,0.4864,False,False,,0.5,49834227.0,32907528.0,0.6683943156993398,16.19,20.61,10.48,49.52,-0.031515079800324974,0.3017862131643702,55.05697555324129,0.11470797558006063,0.20698622667559108,False,0.6424468596032202,,0.692,UK,True,,31.853322097375383,78.1148565620924,39.89670486522196,55.27049453525352,1.3175230566534915,67.53164556962025,,50.0,,50.0,47.48156137282462,standard,514,218319243685,False,38.3,False,28.17195325542571,2.5459098497495827,55.75959933222037,50.04173622704508,50.04173622704508,50.04173622704508,0,SVAG,-8,UPPTREND,False,2,0.2857142857142857,LÅG,EJ AKTUELL,1.2,True,0.875,SUSPICIOUS_FWD_PE;,2026-07-13,0
BEN,"Franklin Resources, Inc.",Financial Services,Asset Management,United States,USD,17407844927.0,4.436235624999999,-4.914289000000002,0.3769,-3.2452225500000003,1.9278431,2.299,-0.10599999999999987,-0.10578499999999999,-0.0005550000750000009,-0.17307500399999998,-0.19945995000000002,-0.10614002,0.024499999999999994,0.739,0.771,-42.04474999999999,3.7410000000000005,1.171,-1341991072.0,2571500032.0,3430400000.0,20758245376.0,32368300000.0,,8770700000.0,,,1099800000.0,,524900000.0,1066100000.0,3.92,0.9924,1.32,4.8,0.33,1782691200.0,1.576,34.91999816894531,20.320361704085197,33.5,33.27273,2.72727,11.0,4.37,0.0519,0.48494998,0.51597,False,False,,0.784,4817072.0,4309980.0,0.911165941642738,6.4,35.13,36.5,,-0.040664325412483326,0.27753950122831694,56.586224882384236,0.055908949130453856,0.2990981179678476,False,0.6121721826396694,,0.838,US,True,,23.206562279958547,89.13588060348388,71.03928872286971,57.3491356788644,79.31488801054019,67.53164556962025,17.170111287758345,50.0,37.87425149700599,78.4,47.39844918575973,holding,516,144384330,False,50.2,False,28.17195325542571,73.37228714524207,64.27378964941569,50.04173622704508,50.04173622704508,50.04173622704508,5,NEUTRAL,0,UPPTREND,False,3,0.42857142857142855,LÅG,EJ AKTUELL,1.8,True,0.875,SUSPICIOUS_FWD_PE;,2026-07-13,0
FIX,"Comfort Systems USA, Inc.",Industrials,Engineering & Construction,United States,USD,61786211406.453,17.251419375,9.413977000000001,0.8514,89.49828315,6.0959077,6.329,17.06425,0.34232249499999995,0.109270011075,0.012720006000000006,-0.05785999,-0.22842,-0.055,0.322,0.382,-28.667749999999998,-0.23650000000000015,1.183,0.0,70540000.0,303920992.0,64145838080.0,6441169000.0,,9101641000.0,,,1312615000.0,,1022558000.0,1186356000.0,0.15,0.065,2.6,0.38,0.8,1778803200.0,1.66,2073.1775510595326,512.8397505853744,1756.0899658203125,2064.0,1.22222,7.0,1.39,0.024500001,0.01158,0.96826,False,False,,0.5,466598.0,577580.0,0.33,-6.63,5.78,,,-16.71,0.5696,34.6,-8.56,,False,0.2225116781719636,,1.0,US,True,42.96314496314497,59.524708816931216,28.870473720803503,64.72063255996599,20.689046496032947,55.33596837944664,67.53164556962025,48.64864864864865,50.0,68.562874251497,50.0,47.37717103150617,standard,517,1014282442,False,48.4,False,61.51919866444074,47.495826377295494,22.70450751252087,50.04173622704508,50.04173622704508,50.04173622704508,5,NEUTRAL,0,VARNING,False,2,0.2857142857142857,LÅG,EJ AKTUELL,11.0,True,0.875,,2026-07-13,0
PUM.DE,PUM.DE,Unknown,Unknown,Unknown,USD,,,,,,,,,,,,,,,,,,,,,,,,6454600000.0,,7296200000.0,,,-357400000.0,,-645500000.0,-319300000.0,,,,,,,,30.309999465942383,15.300000190734863,28.18000030517578,,,,,,,,False,False,,0.5,,,0.597828093324812,1.4,16.88,20.58,23.65,-0.07027381056736604,0.6036533055564188,50.41598288273678,0.040451344642832954,0.2275296999753431,True,0.7407796811025666,,0.641,Europe,True,,,71.73773135493,48.22784810126583,13.743455497382199,,12.658227848101266,,50.0,,50.0,47.3676986985844,standard,518,,True,44.6,False,28.17195325542571,50.04173622704508,50.04173622704508,50.04173622704508,50.04173622704508,50.04173622704508,1,SVAG,-8,UPPTREND,False,1,0.14285714285714285,LÅG,EJ AKTUELL,-5.2,True,0.125,EXTREME_GROWTH;EXTREME_EARNINGS_GROWTH;,2026-07-13,0
HDFCBANK.NS,HDFC Bank Limited,Financial Services,Banks - Regional,India,INR,12705226031345.217,-13.152469999999997,-7.592062,0.89,-2.3621719,4.484482,5.538,,-0.021789997500000005,-0.019505004075000002,0.007850000000000024,0.02765005000000001,-0.40460998,-0.0805,-0.05800000000000001,0.08,,,,,3119260631040.0,5884845490176.0,15688647311360.0,48187671100000.0,,2371508200000.0,,,,,673508300000.0,1195617400000.0,1.59,0.2176,13.0,1.04,13.0,1781827200.0,0.422,1003.8961237048558,714.8271607333363,824.9500122070312,1039.625,1.15,40.0,,,0.00153,0.611,False,False,,0.5,38372783.0,40164176.0,0.6627633065116605,12.62,5.52,-11.64,,-0.17825162113130588,0.20084577474792445,67.98880119848822,0.07385758458447089,-0.055370002640997895,True,0.8805928428190593,,0.92,India,True,,35.67854851063315,48.202419233137846,44.553226678983165,86.42215340175261,7.5098814229249005,67.53164556962025,,50.0,,50.0,47.3549964464382,standard,519,346547815,False,35.5,False,28.17195325542571,5.843071786310518,33.5559265442404,50.04173622704508,50.04173622704508,50.04173622704508,0,SVAG,-8,NEDTREND,True,2,0.2857142857142857,LÅG,EJ AKTUELL,-8.0,True,0.75,SUSPICIOUS_FWD_PE;,2026-07-13,0
RMBS,Rambus Inc.,Technology,Semiconductors,United States,USD,12122153835.696083,16.396988374999996,7.1612709999999975,3.8,1.0735369499999985,16.80936,15.752,15.903749999999999,0.00033000000000001084,0.04313500307500001,0.208375005,0.19897747000000002,0.32441005,-0.0485,-0.22,-0.007,-45.81924999999998,8.041,9.038,-850062448.0,786139008.0,23404000.0,11359419392.0,1529545000.0,,707630000.0,,,260218000.0,,230455000.0,360019000.0,,0.0,,,,,1.84,174.10000610351562,61.15999984741211,112.0999984741211,144.57143,,7.0,1.32,0.0612,0.0076200003,0.98877,False,False,,0.742,2997806.0,4661430.0,0.503388725325535,-23.66,6.18,22.31,,-0.3561172053752304,0.7972124293824064,32.30675644864925,-0.1545799133234067,0.025886930433081767,False,0.2294433159688222,,0.48,US,True,18.772944067061715,79.46207873754801,59.17385970829284,22.08709686829386,37.17175017389452,84.05797101449275,12.658227848101266,13.831478537360889,50.0,29.94011976047904,74.2,47.34298029608152,standard,520,522546296,False,42.3,False,28.17195325542571,78.88146911519198,6.093489148580968,50.04173622704508,50.04173622704508,50.04173622704508,3,SVAG,-8,VARNING,False,1,0.14285714285714285,LÅG,EJ AKTUELL,-8.6,True,0.875,,2026-07-13,0
ELISA.HE,Elisa Oyj,Communication Services,Telecom Services,Finland,EUR,5809585567.543449,-1.4154254999999996,-3.5226755,5.07,0.49199279999999956,2.582382,3.22,-2.8634999999999993,0.06601500499999999,0.026654988500000008,0.046667495,0.034271240999999994,-0.0030850000000000044,-0.074,-0.0835,0.016,55.5445,0.22375000000000028,1.392,-636687488.0,134200000.0,1561900032.0,7243635712.0,3515700000.0,,2257100000.0,,,462600000.0,,342000000.0,688600000.0,6.72,0.8271,2.4,4.4,0.6,1784246400.0,0.434,52.80203628540039,33.988129007437756,36.18000030517578,42.02222,2.68421,18.0,,,0.11387999,0.51373,False,False,,0.5,284440.0,429107.0,1.2823428405821575,-9.14,-14.63,-0.53,,-0.3147991469567728,0.3395676212283209,35.87787148696705,-0.07889242926527718,-0.09098202977618897,True,0.3748143766917825,,0.136,Nordic,True,,65.07700532325855,35.76284598099192,21.072840398331522,58.97565896995383,91.83135704874836,67.53164556962025,12.241653418124006,50.0,,50.0,47.29994538469081,standard,521,17684350,False,51.1,False,28.17195325542571,88.31385642737897,55.25876460767947,50.04173622704508,50.04173622704508,50.04173622704508,3,SVAG,-8,NEDTREND,True,2,0.2857142857142857,LÅG,EJ AKTUELL,-11.5,True,0.875,SUSPICIOUS_FWD_PE;,2026-07-13,0
AMZN,"Amazon.com, Inc.",Consumer Cyclical,Internet Retail,United States,USD,2639149189634.529,1.3793418750000006,5.559128499999998,1.8344,0.55253855,3.554972,3.678,-0.4842500000000012,0.056340000000000015,-0.006614999924999998,0.03432500300000001,0.020729999999999985,0.02634000000000003,0.09300000000000001,0.641,0.767,-24.799249999999997,-0.2460000000000001,0.974,8706771200.0,143088992256.0,235540004864.0,2731600248832.0,818042000000.0,,716924000000.0,,,79975000000.0,,77670000000.0,139514000000.0,,0.0,,,,,1.461,278.55999755859375,196.0,245.33999633789062,312.90628,1.34848,62.0,1.6,0.010199999,0.08898,0.67894995,False,False,,0.5,50461552.0,72033830.0,0.38,2.86,3.55,,,-9.67,0.3109,68.7,-2.1,,True,0.729019016172027,,0.838,US,True,,57.28182374803477,29.757220437078377,75.45189031589922,36.09200922224344,13.965744400527008,12.658227848101266,52.46422893481717,50.0,91.91616766467065,50.0,47.27607316267619,standard,522,17672779588,False,45.8,False,61.18530884808013,12.186978297161936,40.90150250417362,50.04173622704508,50.04173622704508,50.04173622704508,6,NEUTRAL,0,VARNING,False,1,0.14285714285714285,LÅG,EJ AKTUELL,7.2,True,0.875,,2026-07-13,0
HSBA.L,HSBC Holdings plc,Financial Services,Banks - Diversified,United Kingdom,GBp,326474774820432.4,2.4955409999999993,0.3816737500000009,0.9448,-0.34197349999999993,3.9553761,-2.139,,-0.011537502499999991,-0.010607500325000005,0.08704501,0.06917502499999995,-0.401355,-0.0295,-0.10700000000000001,0.003,,,,,1162820976640.0,773452988416.0,-136434556928.0,3233034000000.0,,71020000000.0,,,,,22285000000.0,29766000000.0,3.82,0.6082,0.56,5.05,0.074489,1778716800.0,0.565,20468.388662338257,11670.697352157076,19038.41766834259,1431.1678,2.29412,17.0,,,0.00198,0.52712,False,False,,0.5,22127988.0,17954508.0,1.16,5.59,8.72,,,-0.61,0.3144,55.9,5.25,,True,0.889660490220643,,0.956,UK,True,,45.89632517579865,47.3677584230603,43.97181516775666,64.90757842987487,0.3952569169960474,67.53164556962025,,50.0,,50.0,47.22658134359227,standard,523,341825422334,False,35.5,False,28.17195325542571,2.5459098497495827,37.061769616026716,50.04173622704508,50.04173622704508,50.04173622704508,0,SVAG,-8,UPPTREND,False,2,0.2857142857142857,LÅG,EJ AKTUELL,-3.0,True,0.75,SUSPICIOUS_FWD_PE;,2026-07-13,0
EXR,Extra Space Storage Inc.,Real Estate,REIT - Industrial,United States,USD,30413125764.937866,-2.4548496250000023,4.106397499999998,6.1604,-1.9394494200000005,9.133765,12.964,-1.7417499999999997,-0.037355,-0.003069999424999992,0.010837504500000025,0.06002998999999995,0.26861,-0.018999999999999996,-0.301,-0.11,7.78275,-0.014000000000000234,0.1,241141632.0,141698000.0,13941396480.0,45092843520.0,29264046000.0,,3377542000.0,,,1489001000.0,,973999000.0,1850193000.0,4.54,1.4562,6.48,3.65,1.62,1781481600.0,1.2,151.76140020451106,121.45179784954341,143.9600067138672,156.42105,2.35,19.0,3.46,0.0292,0.00942,1.02013,False,False,,0.869,1157101.0,985490.0,0.34,-2.51,4.83,,,-2.98,0.2426,47.8,0.86,,False,0.1668632218786248,,0.454,US,True,,56.39688758402258,38.69811338482064,20.989357832020385,60.1075228766834,69.30171277997364,30.189873417721518,54.531001589825124,50.0,61.07784431137725,96.9,47.217473967617416,standard,524,141871147,False,52.1,False,72.87145242070116,62.43739565943238,13.606010016694492,50.04173622704508,50.04173622704508,50.04173622704508,4,NEUTRAL,0,UPPTREND,False,1,0.14285714285714285,LÅG,EJ AKTUELL,10.1,True,0.875,,2026-07-13,0
LONN.SW,Lonza Group AG,Healthcare,Diagnostics & Research,Switzerland,CHF,40928718194.0,19.076338750000005,10.586420624999997,1.7121,1.7869810499999996,6.266838,6.881,8.474000000000002,-0.039382495000000003,-0.012719997000000004,-0.15228499,0.031014980000000025,-0.01595002000000001,,,,8.658750000000008,-0.05599999999999994,0.624,-2384057184.0,719000000.0,4679000064.0,44941717504.0,17907000000.0,,6531000000.0,,,1358000000.0,,-275000000.0,1156000000.0,0.86,0.3077,5.0,0.67,5.0,1778544000.0,0.846,591.0,449.8822856236341,586.0,669.2174,1.5,23.0,,,0.00090000004,0.61589,False,False,,0.5,162769.0,163770.0,0.6458667680223591,19.11,16.98,7.27,,-0.008460236886632777,0.2191481184533707,90.53025672592445,0.1548405899190044,0.12679418011908705,True,0.8420522961433993,,0.5,Europe,True,28.749530278942043,35.22652859413673,74.66427510987724,29.11392405063291,67.8681613040793,63.76811594202898,67.53164556962025,20.03179650238474,50.0,,50.0,47.207650434884734,standard,525,117927281,False,41.6,False,28.17195325542571,58.01335559265443,21.953255425709518,50.04173622704508,50.04173622704508,50.04173622704508,1,SVAG,-8,UPPTREND,False,3,0.42857142857142855,LÅG,EJ AKTUELL,-8.0,True,0.75,EXTREME_GROWTH;EXTREME_EARNINGS_GROWTH;,2026-07-13,0
NWG.L,NatWest Group plc,Financial Services,Banks - Regional,United Kingdom,GBp,68238583981228.14,-4.0221599999999995,-2.1757065499999992,2.6886,-0.9204475999999999,3.2467194,-3.561,,0.013072497500000016,-0.009607500325000004,0.10604501,0.06491502500000002,-0.401355,0.012499999999999997,0.022999999999999993,0.121,,,,,248496996352.0,137801007104.0,-57880096768.0,714553000000.0,,16609000000.0,,,,,5831000000.0,7072000000.0,4.9,0.4656,0.33,4.74,0.23,1773878400.0,0.814,8865.432804042357,6283.127012902722,8573.11239178467,755.94403,1.83333,18.0,,,0.00063,0.61231,False,False,,0.5,24286873.0,22886115.0,0.46,6.54,4.33,4.21,,-5.61,0.3501,49.1,6.66,,False,0.6237806907134582,,1.0,UK,True,,49.36699975691533,40.629102900805485,59.777904889147095,52.06351465829711,1.9762845849802373,67.53164556962025,,50.0,,50.0,47.176127758176726,standard,527,196205236106,False,36.7,False,28.17195325542571,2.5459098497495827,44.90818030050083,50.04173622704508,50.04173622704508,50.04173622704508,1,SVAG,-8,UPPTREND,False,1,0.14285714285714285,LÅG,EJ AKTUELL,1.5,True,0.75,SUSPICIOUS_FWD_PE;,2026-07-13,0
MUV2.DE,Münchener Rückversicherungs-Gesellschaft Aktiengesellschaft in München,Financial Services,Insurance - Reinsurance,Germany,EUR,64441608081.41739,-5.851859000000001,-2.941830875000002,2.0309,-0.49501284999999995,1.0503587,1.08,,0.04757750499999999,0.006810002849999993,-0.12640999999999997,-0.21280998,-0.014539980000000008,-0.1225,0.475,0.563,-37.099999999999994,-1.299,0.229,,5600000000.0,7518000128.0,66237341696.0,279934000000.0,,62312000000.0,,,,,6118000000.0,4906000000.0,4.8,0.383,24.0,3.61,24.0,1777507200.0,0.326,583.9169414517542,437.3999938964844,503.6000061035156,552.0706,2.82353,17.0,,,0.0,0.50200003,False,False,,0.5,355629.0,236919.0,0.5550193019341567,9.12,-4.65,0.5,-7.14,-0.13754856152752104,0.21390073895486555,71.84298359499783,0.05607517518191307,-0.0044770310869254315,True,0.8228351483513562,,0.719,Europe,True,,39.03135499069823,37.40051296678925,55.48871912878657,58.45727894152608,54.1501976284585,67.53164556962025,,50.0,,50.0,47.14029435495631,standard,528,135906599,False,48.6,False,28.17195325542571,46.57762938230384,80.13355592654425,50.04173622704508,50.04173622704508,50.04173622704508,3,SVAG,-8,NEDTREND,True,1,0.14285714285714285,LÅG,EJ AKTUELL,-5.8,True,1.0,SUSPICIOUS_FWD_PE;,2026-07-13,0
NTRS,Northern Trust Corporation,Financial Services,Asset Management,United States,USD,33965424770.619415,-2.245313375000001,-0.9406400000000019,1.433,-1.8850798500000001,4.0458827,4.838,,-0.028204999999999994,-0.015585000075000003,-0.03067499399999997,-0.05462995000000004,-0.4797,0.07650000000000001,0.293,0.341,,,,,11795300352.0,17407500288.0,40462524416.0,177132700000.0,,8086400000.0,,,,,1736900000.0,5533500000.0,1.75,0.3298,3.2,2.96,0.8,1780617600.0,1.26,185.57000732421875,116.34903568506763,183.5500030517578,179.34615,2.93333,13.0,3.11,0.0217,0.00849,0.86414003,False,False,,0.5,1112403.0,881940.0,0.7795776964911262,7.59,20.82,30.02,,-0.010885402773798902,0.24582834914677062,72.53740442227708,0.08219151036237426,0.25701906902681215,True,1.0054653033904777,,0.914,US,True,,26.367637714591723,86.3431581787258,72.17160478585157,50.67285125057286,67.58893280632411,67.53164556962025,,50.0,74.25149700598801,50.0,47.13341460172146,holding,529,161880090,False,44.2,False,28.17195325542571,60.85141903171953,36.64440734557596,50.04173622704508,50.04173622704508,50.04173622704508,1,SVAG,-8,UPPTREND,False,3,0.42857142857142855,LÅG,EJ AKTUELL,-3.4,True,0.75,SUSPICIOUS_FWD_PE;,2026-07-13,0
CIGI.TO,Colliers International Group Inc.,Real Estate,Real Estate Services,Canada,CAD,6871372316.8762665,25.203255000000006,-12.249332249999998,1.21,0.6431884799999995,1.2496028,1.874,-4.1405,0.008491251499999995,0.004403750125000053,-0.23328000149999997,-0.32899878000000005,-0.0002800099999999972,0.094,,,22.566000000000003,0.4017500000000001,0.911,-402100864.0,260066000.0,2649479936.0,10741346304.0,6788467000.0,,5558462000.0,,,401526000.0,,103100000.0,330140000.0,0.3,0.184,0.43,0.23,0.213,1782777600.0,1.248,238.6329888399582,124.87722856326202,138.0399932861328,217.9604,,3.0,3.96,,0.11057,0.86353993,False,False,,0.5,101735.0,113670.0,0.8026064022340591,0.29,-10.04,-31.94,,-0.42153851419633004,0.33611085651587164,63.80408964528257,0.03031952653187453,-0.20285606991666394,True,0.6922923810465721,,0.549,Canada,True,,34.425042175865215,22.869009315228634,56.86838202324699,52.776145938556915,90.51383399209486,67.53164556962025,24.96025437201908,50.0,,50.0,47.07506070525825,standard,530,11091559,False,53.9,False,28.17195325542571,86.3939899833055,76.12687813021702,50.04173622704508,50.04173622704508,50.04173622704508,3,SVAG,-8,NEDTREND,True,1,0.14285714285714285,LÅG,EJ AKTUELL,-5.9,True,0.875,EXTREME_EARNINGS_GROWTH;SUSPICIOUS_FWD_PE;,2026-07-13,0
AIG,"American International Group, Inc.",Financial Services,Insurance - Diversified,United States,USD,41976425545.73341,-7.405179375,-6.821555000000002,0.6465,-3.6376265500000002,1.5709004,1.557,-6.725000000000001,-0.095595,-0.007745000075000003,-0.13592500999999996,-0.18563996000000002,-0.12436000000000003,-0.0485,0.08299999999999999,0.093,-42.868750000000006,-1.1560000000000001,0.204,8417395968.0,9592999936.0,9155999744.0,41563426816.0,161254000000.0,,26774000000.0,,,,,3096000000.0,3314000000.0,2.53,0.3169,2.0,2.17,0.5,1781481600.0,0.541,86.2052751457103,70.36459211908439,79.16999816894531,88.1,2.27273,20.0,2.05,0.0207,0.0057099997,1.00128,False,False,,0.5,4480159.0,4898470.0,0.45490434939541596,7.81,2.54,4.02,,-0.0816107478907,0.24011375391445552,67.77088435173567,0.04307865165069735,0.03152326210121914,True,0.7739485605525648,,1.0,US,True,,21.790296049472538,58.50221168635426,54.87245792214897,52.49765696707789,63.37285902503294,67.53164556962025,99.04610492845786,50.0,76.79640718562875,50.0,47.07258854357565,standard,531,387811861,False,66.1,False,97.53756260434056,57.42904841402338,70.4507512520868,50.04173622704508,50.04173622704508,50.04173622704508,5,NEUTRAL,0,UPPTREND,False,1,0.14285714285714285,LÅG,EJ AKTUELL,1.9,True,0.875,SUSPICIOUS_FWD_PE;,2026-07-13,0
STAN.L,Standard Chartered PLC,Financial Services,Banks - Diversified,United Kingdom,GBp,59806809108752.2,0.0,0.13591975000000112,1.0545,-0.8385247999999998,2.2102711,-7.145,,-0.026577502500000003,-0.011967499925,-0.0022250099999999995,0.0022250249999999916,-0.401355,0.023499999999999993,0.174,0.195,,,,,386666987520.0,189356998656.0,-147970752512.0,919955000000.0,,20553000000.0,,,,,5085000000.0,36841000000.0,2.16,0.2969,0.45,2.19,0.49,1773878400.0,0.596,29276.17221069336,16591.641964297483,27502.81274318695,2172.309,2.21429,14.0,,,0.01208,0.7264,False,False,,0.5,7334793.0,4130077.0,0.52,6.6,19.13,14.66,,-2.33,0.3553,54.8,5.99,,True,0.8184917291665252,,0.792,UK,True,,34.69249514709543,58.85758994797092,59.39117486356523,58.37453303151082,2.635046113306983,67.53164556962025,,50.0,,50.0,47.02944068800497,standard,535,113588734346,False,38.9,False,28.17195325542571,2.5459098497495827,59.849749582637735,50.04173622704508,50.04173622704508,50.04173622704508,1,SVAG,-8,UPPTREND,False,1,0.14285714285714285,LÅG,EJ AKTUELL,-0.6,True,0.75,SUSPICIOUS_FWD_PE;,2026-07-13,0
CW,Curtiss-Wright Corporation,Industrials,Aerospace & Defense,United States,USD,27881713301.393555,21.609966374999996,21.491206000000005,2.0,4.4900641499999985,7.78185,7.954,14.941249999999997,0.006292495000000009,0.022390001075,0.033700006000000005,0.03886001,-0.10799000000000003,0.069,0.22499999999999998,0.265,-30.52274999999999,0.046499999999999764,0.985,-576657312.0,343447008.0,1148382976.0,28686649344.0,,,3498372000.0,,,638025000.0,,484228000.0,643402000.0,0.14,0.070300005,1.04,0.35,0.26,1781481600.0,0.863,808.1599731445312,462.27094544352724,754.760009765625,798.1667,1.71429,6.0,2.51,0.0248,0.00368,0.8907,False,False,,0.435,277790.0,307750.0,0.34,-2.12,0.97,,,-6.54,0.3645,36.9,-0.34,,False,0.3233528836871848,,0.877,US,True,32.763838705015175,57.30930114422578,28.243982186143526,68.18808410196758,50.20623568572989,70.88274044795784,34.810126582278485,32.909379968203496,50.0,68.11377245508982,43.5,46.97488232343187,standard,536,232277393,False,41.7,False,28.17195325542571,64.35726210350585,16.6110183639399,50.04173622704508,50.04173622704508,50.04173622704508,3,SVAG,-8,VARNING,False,1,0.14285714285714285,LÅG,EJ AKTUELL,3.6,True,0.875,,2026-07-13,0
CMG,"Chipotle Mexican Grill, Inc.",Consumer Cyclical,Restaurants,United States,USD,45216373500.0,1.2012888749999986,6.5574264999999965,1.8601,13.264208949999999,3.6943645,4.085,3.51375,0.30580997000000004,0.06032500007500001,0.03170499800000001,0.02203999999999999,-0.08321002,0.0010000000000000009,-0.286,-0.217,139.78574999999998,-0.5040000000000001,0.781,-11943808.0,871422016.0,5245879808.0,49590833152.0,8994531000.0,,11925601000.0,,,2012808000.0,,1535761000.0,2113926000.0,,0.0,,,,,0.964,56.310001373291016,28.040000915527344,35.25,43.03125,1.68571,32.0,2.21,0.0458,0.0066299997,0.92612,False,False,,0.5,18989327.0,21444070.0,0.6620168738279403,17.97,2.95,-9.31,,-0.37400108079699323,0.3943226060117387,61.44278504675853,0.09100025008322965,-0.003619477615472322,True,0.8829272334276389,,0.854,US,True,55.77973695620754,67.64353637489808,40.78428029903113,36.26767789245776,30.914770302336578,61.9235836627141,12.658227848101266,47.21780604133545,50.0,44.31137724550898,50.0,46.96414445901788,standard,537,755903468,False,52.3,False,62.270450751252085,55.84307178631052,39.14858096828047,50.04173622704508,50.04173622704508,50.04173622704508,3,SVAG,-8,NEDTREND,True,1,0.14285714285714285,LÅG,EJ AKTUELL,-5.8,True,0.875,,2026-07-13,0
NTRA,"Natera, Inc.",Healthcare,Diagnostics & Research,United States,USD,38660994119.13464,,-1341.0476925,,16.96793025,16.140116,15.12,-158.03925,-0.31625499999999995,-0.160994999925,-0.21882999400000003,-0.31117501399999997,0.17096003999999998,0.3035,,,-43.242999999999995,0.8389999999999999,2.697,-962935312.0,1087932032.0,240080992.0,37813141504.0,2398344000.0,,2306113000.0,,,-309911000.0,,-208160000.0,215301000.0,,0.0,,,,,1.505,288.0400085449219,131.81100463867188,269.95001220703125,271.2381,1.5,21.0,3.66,0.0419,0.02984,0.95958,False,False,,0.872,1583998.0,1864470.0,0.5613541503852544,21.15,32.98,6.11,,-0.06280376267614696,0.4444018058898857,71.87289780100025,0.19701883091315398,0.26645113663901876,True,0.6621524648709471,,0.339,US,True,,18.75240238157109,76.33558625008531,51.46095609285,39.77786895327083,65.08563899868248,12.658227848101266,29.88871224165342,50.0,48.65269461077844,97.2,46.940656121374786,standard,539,503313699,False,39.5,False,28.17195325542571,59.09849749582637,6.844741235392321,50.04173622704508,50.04173622704508,50.04173622704508,1,SVAG,-8,UPPTREND,False,1,0.14285714285714285,LÅG,EJ AKTUELL,-4.8,True,0.75,EXTREME_EARNINGS_GROWTH;SUSPICIOUS_FWD_PE;,2026-07-13,0
7013.T,IHI Corporation,Industrials,Specialty Industrial Machinery,Japan,JPY,2979585098644.0,-9.176115500000002,-19.989859699999997,2.24,1.7282299,1.8130592,2.032,2.545375000000001,0.15888248,-0.005119998849999998,0.007852496249999993,-0.036124984999999984,-0.0476749975,0.012999999999999998,1.046,1.113,33.282125,-0.5735000000000002,0.714,-38072999936.0,159183994880.0,489893003264.0,3339581915136.0,2428559000000.0,,1643402000000.0,,,165534000000.0,,160992000000.0,121360000000.0,0.82,0.1317,23.0,1.58,11.5,1790640000.0,0.875,4684.577361328125,2058.6646367539297,2810.5,3879.0908,2.09091,11.0,,,0.05163,0.62945,False,False,,0.5,18528634.0,13641110.0,0.5965029968655517,19.19,-18.35,-6.11,,-0.4000526017136379,0.5220001900964013,49.70267591674926,0.024623034969522006,-0.09247178485502017,True,0.5144345512196913,,0.669,Japan,True,51.173001878884236,52.972229356667846,29.425907554668054,67.68008052123346,37.53664335564341,13.70223978919631,67.53164556962025,37.51987281399046,50.0,,50.0,46.845037915224516,standard,541,236127302,False,41.3,False,28.17195325542571,11.936560934891485,66.2771285475793,50.04173622704508,50.04173622704508,50.04173622704508,3,SVAG,-8,NEDTREND,True,2,0.2857142857142857,LÅG,EJ AKTUELL,-9.3,True,0.875,SUSPICIOUS_FWD_PE;,2026-07-13,0
PRU.L,Prudential plc,Financial Services,Insurance - Life,Hong Kong,GBp,33672034834389.727,-4.519451,0.5151887500000001,4.638,-0.5154269,1.7998718,2.068,-1.6387500000000008,0.0781324775,0.0011124996749999963,0.013005009999999956,0.01717502500000001,0.012525000000000008,0.1255,0.175,0.244,-46.873000000000005,0.7540000000000001,1.012,2136637568.0,3851000064.0,6034999808.0,29831731200.0,212195000000.0,,27393000000.0,,,,,3978000000.0,2450000000.0,1.91,0.1538,0.2,1.68,0.139402,1774483200.0,0.901,15152.425788331884,11531.43204498291,13499.027619361877,1410.441,1.5,14.0,,,0.00302,0.65885,False,False,,0.5,8766782.0,6877641.0,1.03,4.77,-6.27,-9.75,,-13.6,0.3026,63.1,-0.07,,True,0.9275735225420852,,0.5,UK,True,,58.668446100226085,19.70002221985882,57.55837072922432,60.365552274686394,4.3478260869565215,67.53164556962025,95.54848966613673,50.0,,50.0,46.80954487822795,standard,544,92841465815,False,47.4,False,58.09682804674458,2.5459098497495827,66.52754590984975,50.04173622704508,50.04173622704508,50.04173622704508,4,NEUTRAL,0,VARNING,False,2,0.2857142857142857,LÅG,EJ AKTUELL,18.0,True,0.875,SUSPICIOUS_FWD_PE;,2026-07-13,0
LDOS,LDOS,Unknown,Unknown,Unknown,USD,,,,,,,,,,,,,,,,,,,,,,,,13493000000.0,,17174000000.0,,,2100000000.0,,1448000000.0,1750000000.0,,,,,,,,204.07501521051967,98.86000061035156,107.0199966430664,,,,,,,,False,False,,0.747,,,0.5129707635483359,-13.05,-30.99,-45.24,,-0.47558501204732617,0.31093601460457276,49.78954939680888,-0.11385019598466861,-0.35111457636466437,True,0.46394928239502825,,0.988,US,True,,,15.036042212436703,90.0,57.72251308900523,,12.658227848101266,,50.0,,74.7,46.80673367121746,standard,545,,True,44.6,False,28.17195325542571,50.04173622704508,50.04173622704508,50.04173622704508,50.04173622704508,50.04173622704508,1,SVAG,-8,NEDTREND,True,1,0.14285714285714285,LÅG,EJ AKTUELL,,True,0.0,EXTREME_GROWTH;EXTREME_EARNINGS_GROWTH;MISSING_CRITICAL;,2026-07-13,0
086790.KS,Hana Financial Group Inc.,Financial Services,Banks - Regional,South Korea,KRW,34473626753500.0,,-2.2540419,4.79,,2.4548888,0.038,,-0.025450002500000006,-0.001390000199999998,0.02972749500000003,0.27857003,-0.370865,0.1945,-0.019000000000000003,0.073,,,,,196834089762816.0,161647435972608.0,538081624064.0,674590676000000.0,,14390802000000.0,,,,,4002882000000.0,-1962471000000.0,3.56,0.2851,4580.0,6.31,1145.0,1778198400.0,0.729,136000.0,78164.67431940185,128500.0,152809.53,1.38095,21.0,,,0.01535,0.60156,False,False,,0.5,903558.0,935873.0,1.27,6.2,10.72,,,-2.65,0.4728,61.0,6.31,,True,0.7844326590827781,,0.71,Asia,True,,49.33574754426031,45.247477309882186,56.59259542378659,42.839064257641624,4.084321475625823,67.53164556962025,,50.0,,50.0,46.78435912549757,standard,546,87789567,False,38.5,False,28.17195325542571,2.5459098497495827,56.761268781302164,50.04173622704508,50.04173622704508,50.04173622704508,2,SVAG,-8,UPPTREND,False,1,0.14285714285714285,LÅG,EJ AKTUELL,1.8,True,0.5,SUSPICIOUS_FWD_PE;,2026-07-13,0
BWXT,"BWX Technologies, Inc.",Industrials,Aerospace & Defense,United States,USD,17040324714.0,15.440452374999996,12.823710000000004,1.67,7.133152149999999,5.0469155,5.493,20.039249999999996,0.09970249500000004,-0.003799998925000001,-0.005959993999999996,-0.03290999,-0.25311999,0.196,0.141,0.207,83.46625,0.9204999999999995,2.241,-934352576.0,512356992.0,2017945984.0,18545723392.0,4271495000.0,,3198425000.0,,,324576000.0,,328945000.0,479848000.0,0.56,0.272,1.04,1.13,0.27,1779148800.0,0.737,241.49667915308143,134.9646416849478,186.0,238.79,1.8,13.0,2.6,0.0403,0.0036199999,0.95134,False,False,,0.584,1003263.0,992870.0,0.6451224407868326,-1.57,-19.12,-2.98,,-0.229803073680789,0.4606915244339905,32.9285538579864,-0.06575237795325406,-0.061041278803671384,False,0.18625125874459628,,1.0,US,True,22.39687816158404,45.374800612992615,36.00699386361243,74.65952961860235,49.38353977770329,79.71014492753623,67.53164556962025,20.82670906200318,50.0,50.59880239520959,58.4,46.75848856622868,standard,547,184673820,False,45.0,False,28.17195325542571,73.62270450751252,29.549248747913186,50.04173622704508,50.04173622704508,50.04173622704508,3,SVAG,-8,NEDTREND,True,2,0.2857142857142857,LÅG,EJ AKTUELL,-1.6,True,0.875,,2026-07-13,0
6506.T,YASKAWA Electric Corporation,Industrials,Electrical Equipment & Parts,Japan,JPY,1808313410148.0,24.00120949999999,9.452043999999999,2.1589,0.9297806000000004,3.362413,3.472,12.058375000000002,-0.040357509999999985,-0.003870000849999996,-0.02510749875,-0.008834988999999988,0.0741550225,-0.045,-0.223,-0.157,-13.305874999999999,0.6594999999999999,1.178,-62895625216.0,61222998016.0,124851003392.0,1882013958144.0,743774000000.0,,537682000000.0,,,50157000000.0,,56987000000.0,56505000000.0,1.03,0.5011,72.0,1.28,36.0,1787875200.0,1.275,7915.0,2774.5625336923517,6972.0,6858.8237,1.88235,17.0,,,0.016970001,0.62156,False,False,,0.5,5245067.0,5084360.0,1.2006925310666954,15.89,49.65,41.34,,-0.11914087176247634,0.5880233026961716,40.81248318536454,0.026822270791236447,0.37386021323361596,False,0.4159461251310969,,0.389,Japan,True,30.585055643879173,43.974148872561265,86.85757406280594,18.053770276275337,35.758640137607834,16.73254281949934,67.53164556962025,26.550079491255964,50.0,,50.0,46.71259257038736,standard,548,218326562,False,38.3,False,28.17195325542571,14.440734557595993,43.65609348914858,50.04173622704508,50.04173622704508,50.04173622704508,1,SVAG,-8,UPPTREND,False,2,0.2857142857142857,LÅG,EJ AKTUELL,-5.7,True,0.875,,2026-07-13,0
ROKU,"Roku, Inc.",Communication Services,Entertainment,United States,USD,18564060172.523804,79.79224537500001,19.365057999999998,0.9988,2.1508345499999995,4.2030883,3.803,34.53975,-0.132514995,-0.047670001425,-0.08466999899999998,-0.14384000000000002,-0.037780000000000036,0.163,,,-56.685249999999996,1.6740000000000004,2.709,-419872960.0,2380218880.0,501116992.0,18884431872.0,4433483000.0,,4737251000.0,,,-5624000.0,,88361000.0,483718000.0,,0.0,,,,,2.008,148.8800048828125,78.52999877929688,140.69000244140625,153.64429,2.30769,21.0,0.78,0.0519,0.0063899998,0.87708,False,False,,0.489,4430572.0,4747700.0,0.36,19.16,37.98,,,-0.77,0.516,72.4,9.13,,False,0.6451329050506575,,0.838,US,True,27.7027027027027,19.8400811329604,63.55591258432456,76.02050494947056,37.01834044506228,78.39262187088273,12.658227848101266,32.432432432432435,50.0,37.87425149700599,48.9,46.71062744916729,standard,549,667953925,False,45.7,False,28.17195325542571,71.86978297161937,35.89315525876461,50.04173622704508,50.04173622704508,50.04173622704508,3,SVAG,-8,UPPTREND,False,2,0.2857142857142857,LÅG,EJ AKTUELL,3.2,True,0.875,EXTREME_EARNINGS_GROWTH;,2026-07-13,0
ENEL.MI,Enel SpA,Utilities,Utilities - Diversified,Italy,EUR,100423427042.8526,7.0831697500000015,-3.3958261250000024,0.9272,1.9125221999999997,1.291038,2.381,-2.916999999999999,-0.007402505000000011,0.015950002999999997,-0.0654749895,-0.026304999999999995,0.009689999999999976,-0.14600000000000002,-0.11299999999999999,-0.073,-6.9315,-0.0129999999999999,0.415,1037317792.0,4696999936.0,70528999424.0,185469550592.0,178657000000.0,,67452000000.0,,,3571000000.0,,4225000000.0,13926000000.0,5.16,1.2763,0.52,6.16,0.26,1784505600.0,0.899,10.3100004196167,7.373696441664331,10.119999885559082,10.22727,2.34783,22.0,,,0.236,0.3179,False,False,,0.5,22277119.0,17280622.0,0.5448439174632578,4.76,3.02,11.87,33.75,-0.018428761040213515,0.19354105565357962,64.87559545273386,0.032155931427510165,0.10051832490139123,False,0.7073768184545542,,0.427,Europe,True,,46.261105750035924,67.7443155360704,17.90376273585575,64.11217808526686,44.13702239789196,30.189873417721518,55.16693163751988,50.0,,50.0,46.670258951590334,standard,551,199202509,False,56.3,False,67.36227045075125,37.89649415692821,75.04173622704508,50.04173622704508,50.04173622704508,50.04173622704508,5,NEUTRAL,0,UPPTREND,False,2,0.2857142857142857,LÅG,EJ AKTUELL,4.6,True,1.0,SUSPICIOUS_FWD_PE;,2026-07-13,0
SSE.L,SSE plc,Utilities,Utilities - Diversified,United Kingdom,GBp,37875812103959.57,5.4287747500000005,-2.7925284999999995,0.8039,0.14003495,2.8622308,3.793,3.4509999999999996,0.006512502499999996,0.005882499825000005,-0.02574998150000004,-0.05750000499999999,-0.03084502,-0.1,0.21800000000000003,0.374,-101.17150000000002,0.32700000000000007,0.695,-2904500096.0,1542899968.0,10170399744.0,38639087616.0,35353600000.0,,10186500000.0,,,1992900000.0,,1208700000.0,3435200000.0,2.84,0.611,0.69,4.39,0.473,1784764800.0,0.59,34580.743560791016,20217.354568749673,31398.505277633667,2728.857,,14.0,,,0.00107,0.73684996,False,False,,0.5,4132462.0,3658531.0,0.6171051049377176,3.04,-8.54,9.6,32.78,-0.09202341984240892,0.2985738945947905,64.18795584041888,0.027522165609560778,0.08090839053958976,True,0.6466310775613912,,0.5,UK,True,32.570747217806044,45.49533002103813,56.575596898735824,44.81590903351787,65.12727855000276,3.689064558629776,67.53164556962025,13.672496025437203,50.0,,50.0,46.60683063171666,standard,552,114872404912,False,37.8,False,28.17195325542571,2.5459098497495827,52.25375626043406,50.04173622704508,50.04173622704508,50.04173622704508,3,SVAG,-8,UPPTREND,False,2,0.2857142857142857,LÅG,EJ AKTUELL,-8.6,True,1.0,SUSPICIOUS_FWD_PE;,2026-07-13,0
TTWO,"Take-Two Interactive Software, Inc.",Communication Services,Electronic Gaming & Multimedia,United States,USD,45154131874.99031,,5.731114999999999,3.4372,7.339403149999999,6.846605,6.929,44.75075,-0.31564498999999996,-0.069460001425,-0.170049999,-0.16338000000000003,0.09700999999999993,0.0,,,8.813750000000006,0.0,1.1,347933952.0,1989299968.0,2958299904.0,46123130880.0,9383200000.0,,6656400000.0,,,-108600000.0,,-298200000.0,624300000.0,,0.0,,,0.001,,0.961,265.94000244140625,187.6300048828125,243.1999969482422,284.13965,1.17241,29.0,2.84,0.0523,0.0135,0.93691003,False,False,,0.281,2463427.0,2847010.0,0.7397670872082215,14.69,22.8,-5.25,,-0.08550802919607514,0.30820295543099174,54.044570393985914,0.056883064085007984,0.053265238016467986,True,0.5643591995324324,,0.585,US,True,45.823818470877285,19.818307137847153,66.9974894336209,43.20120373883351,59.044302330712284,62.055335968379445,12.658227848101266,59.61844197138315,50.0,37.27544910179641,28.1,46.528733363876455,standard,554,692392823,False,51.5,False,70.11686143572621,55.926544240400666,20.11686143572621,50.04173622704508,50.04173622704508,50.04173622704508,3,SVAG,-8,UPPTREND,False,1,0.14285714285714285,LÅG,EJ AKTUELL,-6.4,True,0.75,EXTREME_EARNINGS_GROWTH;,2026-07-13,0
BAJAJFINSV.NS,Bajaj Finserv Ltd.,Financial Services,Financial Conglomerates,India,INR,3063173133088.0,0.0,0.0,,-0.6027295999999998,2.0525956,4.776,-16.60225,-0.013949997499999992,0.012614995925,-0.19480999999999998,-0.005689950000000027,0.11288002000000003,-0.009500000000000001,-0.07600000000000001,0.05,227.95450000000005,0.6315000000000002,2.436,-176212508672.0,176180396032.0,3613785063424.0,7127289561088.0,7584975400000.0,,1371476300000.0,,,,,98009700000.0,-553014100000.0,0.07,0.0164,1.3,0.04,1.5,1782777600.0,0.341,2193.128599829014,1595.6384533474438,1916.0,2162.7334,1.93333,15.0,,,0.63927,0.15533,False,False,,0.5,1112201.0,1554201.0,0.6248236058082312,16.57,7.23,-5.62,,-0.12636222055132573,0.22887129517953586,70.96977882701897,0.07948690738070274,-0.002807293169122982,True,0.9679129651074192,,0.838,India,True,,45.556872137307394,54.974199198806524,44.73755423103988,62.413526432169974,13.570487483530963,26.075949367088608,30.683624801271858,50.0,,50.0,46.52824608856632,standard,555,31145791,False,40.7,False,28.17195325542571,11.686143572621036,62.520868113522546,50.04173622704508,50.04173622704508,50.04173622704508,2,SVAG,-8,NEDTREND,True,1,0.14285714285714285,LÅG,EJ AKTUELL,-6.6,True,0.875,SUSPICIOUS_FWD_PE;,2026-07-13,0
7148.T,"Financial Partners Group Co.,Ltd.",Financial Services,Financial Conglomerates,Japan,JPY,130797139330.0,-6.25334125,-12.725523399999998,,0.8421689000000003,1.2838479,1.74,0.0031249999999998224,0.16771499499999998,0.08641499999999999,-0.08512250874999996,-0.050914965000000006,0.05606498249999998,-0.4825,-0.41000000000000003,-0.28,73.419125,0.09800000000000011,2.113,-5579375616.0,15852999680.0,62077001728.0,177285136384.0,126857000000.0,,129764000000.0,,,25418000000.0,,18156000000.0,108246000000.0,5.93,0.6056,92.7,4.58,46.35,1790640000.0,0.466,2379.135430806849,1467.0,1562.0,,,,,,0.32399,0.15319,False,False,,0.5,611860.0,431370.0,0.9686483124729296,3.51,-6.69,-16.76,,-0.3434589810340176,0.3708629071235167,60.62176165803109,0.020688213076832662,-0.17794121452517941,True,0.771786420721768,,0.5,Japan,True,48.98005492123139,58.33790784282364,30.420574594829816,12.33226041617231,53.82242708664284,39.26218708827404,67.53164556962025,27.503974562798096,50.0,,50.0,46.484472517506,standard,557,4149960,False,63.2,False,97.53756260434056,33.80634390651085,75.12520868113522,50.04173622704508,50.04173622704508,50.04173622704508,5,NEUTRAL,0,NEDTREND,True,1,0.14285714285714285,LÅG,EJ AKTUELL,2.8,True,0.875,SUSPICIOUS_FWD_PE;,2026-07-13,0
WWD,"Woodward, Inc.",Industrials,Aerospace & Defense,United States,USD,24214474346.735077,13.633514375,14.291167,2.5606,3.3355721499999995,6.0071983,6.224,14.542249999999996,0.020692495000000005,0.01667000107500001,0.020510005999999997,0.017359999999999987,-0.19425000000000003,0.169,0.164,0.23,-28.001749999999994,0.25549999999999984,1.142,-909310448.0,497568992.0,1165618944.0,24882524160.0,4630143000.0,,3567064000.0,,,478901000.0,,442111000.0,471294000.0,0.32,0.1389,1.28,0.58,0.32,1787184000.0,0.855,450.9200134277344,232.65898933387876,406.3999938964844,450.45456,1.41667,11.0,1.68,0.0305,0.00248,0.90887,False,False,,0.5,836239.0,878650.0,0.27,1.62,-1.1,,,-9.61,0.4183,29.9,2.87,,False,0.32214048498051745,,1.0,US,True,27.49255672785084,53.11376873017453,22.62406749722833,75.12223380335837,49.693216981941454,73.91304347826086,67.53164556962025,25.119236883942765,50.0,59.88023952095808,50.0,46.4618469180509,standard,558,357083355,False,43.2,False,28.17195325542571,67.36227045075125,23.53923205342237,50.04173622704508,50.04173622704508,50.04173622704508,3,SVAG,-8,UPPTREND,False,2,0.2857142857142857,LÅG,EJ AKTUELL,3.1,True,0.875,,2026-07-13,0
BNP.PA,BNP Paribas SA,Financial Services,Banks - Regional,France,EUR,110779996857.66335,-6.004206,-4.802547875000002,3.0946,-1.5069895,2.2576966,,,-0.055152494999999996,-0.011319997150000004,0.018350000000000033,-0.01108996000000001,-0.37562,0.0305,-0.013000000000000012,0.09,,,,,1143160045568.0,653543014400.0,,2792981000000.0,,68804000000.0,,,,,12225000000.0,46571000000.0,9.97,0.6961,9.95,6.88,2.57,1779062400.0,1.039,103.5999984741211,63.2448373359118,100.69999694824219,,,,,,0.11287,0.46240002,False,False,,0.5,2022445.0,1692996.0,0.63,2.3,13.73,19.44,,-2.59,0.2967,48.5,5.9,,False,0.40465736356442983,,0.5,Europe,True,,34.07207400530983,57.58199344226811,42.11282929593093,49.65315872067994,42.42424242424242,67.53164556962025,,50.0,,50.0,46.382207138429116,standard,560,194196016,False,43.9,False,28.17195325542571,36.47746243739566,59.26544240400668,50.04173622704508,50.04173622704508,50.04173622704508,1,SVAG,-8,UPPTREND,False,1,0.14285714285714285,LÅG,EJ AKTUELL,-0.4,True,0.75,SUSPICIOUS_FWD_PE;,2026-07-13,0
FER.MC,Ferrovial N.V.,Industrials,Engineering & Construction,Netherlands,EUR,40648140555.61284,21.231210749999995,28.422570125000004,4.9947,3.05714325,4.2104125,5.108,18.039500000000004,-0.025525000000000006,-0.028994996000000002,0.002395009999999989,-0.008629999999999999,0.49879999999999997,-0.008,-0.942,-0.877,72.55400000000002,-0.16649999999999987,0.993,-263807168.0,4241999872.0,10732000256.0,49178566656.0,27420000000.0,,9627000000.0,,,967000000.0,,888000000.0,1926000000.0,2.52,0.7493,1.43,2.05,0.5578,1779062400.0,0.8,62.92955387144173,42.952027931807926,56.79999923706055,61.69773,2.22727,22.0,,,0.34631002,0.45705003,False,False,,0.5,1132182.0,880289.0,0.5103973661939073,-0.11,-4.99,-0.33,29.46,-0.09740343379683258,0.21235164845012064,23.632385029023425,-0.03174319362261879,0.0028340247507354643,False,0.06274480150564726,,0.5,Europe,True,37.834513658043065,49.24040150740406,53.776316964243314,17.326442606128765,56.277123529677084,64.03162055335969,67.53164556962025,41.971383147853736,50.0,,50.0,46.344746107922326,standard,561,56954564,False,43.6,False,28.17195325542571,58.263772954924875,35.64273789649416,50.04173622704508,50.04173622704508,50.04173622704508,2,SVAG,-8,VARNING,False,1,0.14285714285714285,LÅG,EJ AKTUELL,-1.5,True,1.0,,2026-07-13,0
BE,Bloom Energy Corporation,Industrials,Electrical Equipment & Parts,United States,USD,69577814725.09076,,31.931928999999997,1.2472,69.27496315,28.41039,28.61,282.66225000000003,-0.17775750499999998,-0.032499998924999995,-0.105549994,-0.04058998,-0.17880000000000001,1.239,,,237.31924999999998,3.5494999999999997,3.979,-834332320.0,2491432960.0,2952817920.0,70065741824.0,4396711000.0,,2023994000.0,,,72802000.0,,-88434000.0,113949000.0,,0.0,,,,,3.737,351.2799987792969,24.040000915527344,244.61000061035156,282.488,2.28571,25.0,1.4,0.077800006,0.05834,0.87988,False,False,,0.433,12184511.0,18694600.0,0.9854288698647573,-5.78,52.76,126.49,,-0.30366089313261535,1.102147041118831,35.03939453563669,-0.13423789926723173,0.44369921108391064,False,0.16307532768245253,,0.853,US,True,26.5162595750831,20.024363148997885,82.74770218828479,85.90858138171282,26.270612999400242,53.49143610013175,12.658227848101266,37.36089030206677,50.0,23.652694610778443,43.3,46.26270169026462,standard,563,4572886117,False,36.8,False,28.17195325542571,45.65943238731219,2.5459098497495827,50.04173622704508,50.04173622704508,50.04173622704508,2,SVAG,-8,VARNING,False,2,0.2857142857142857,LÅG,EJ AKTUELL,2.6,True,0.75,EXTREME_EARNINGS_GROWTH;,2026-07-13,0
ETN,Eaton Corporation plc,Industrials,Specialty Industrial Machinery,Ireland,USD,158146823526.00098,5.403736374999997,2.809372999999999,3.0552,1.8438406499999993,5.544731,6.285,8.383250000000002,0.01783248500000001,0.006830001075000007,0.031850006000000014,0.02434,-0.10865000000000002,0.10300000000000001,-0.16,-0.102,36.306250000000006,-0.2835000000000001,0.686,1546646528.0,751000000.0,21833000960.0,179272826880.0,41251000000.0,,27448000000.0,,,5209000000.0,,4087000000.0,4472000000.0,1.08,0.4129,4.4,1.55,1.1,1778198400.0,1.181,436.739990234375,310.09345546939005,407.2799987792969,455.7916,1.62963,25.0,3.67,0.0239,0.00055,0.88028,False,False,,0.391,2607703.0,2444440.0,0.39,1.29,-0.88,,,-8.51,0.4113,38.9,-1.6,,False,0.47652134931614015,,0.841,US,True,57.977453389218084,54.17341963459073,23.514854275889284,46.79842231683949,39.25426298346196,36.231884057971016,67.53164556962025,61.526232114467405,50.0,70.20958083832335,39.1,46.23988603724697,standard,564,995571520,False,48.2,False,68.11352253756262,31.05175292153589,26.71118530884808,50.04173622704508,50.04173622704508,50.04173622704508,4,NEUTRAL,0,VARNING,False,1,0.14285714285714285,LÅG,EJ AKTUELL,7.1,True,0.875,,2026-07-13,0
EME,"EMCOR Group, Inc.",Industrials,Engineering & Construction,United States,USD,34742521836.80127,-7.978465625000003,0.9264510000000019,0.4168,2.809981149999999,1.9616902,1.935,-1.3237499999999986,0.201672495,0.054149995075,-0.03263999399999999,-0.04944999,-0.28675999,0.132,0.23399999999999999,0.269,-60.801749999999984,-0.21650000000000014,1.215,-208333568.0,916419968.0,516518016.0,34343655424.0,9291399000.0,,16986422000.0,,,1568542000.0,,1272817000.0,1302063000.0,0.2,0.038599998,1.6,0.3,0.4,1784073600.0,1.126,951.9600219726562,539.2092508588904,781.780029296875,1000.1429,1.6,7.0,2.8,0.028900001,0.0070200004,0.96476,False,False,,0.47,402901.0,506940.0,0.25,-6.25,-6.29,,,-19.39,0.3941,30.4,-10.24,,False,0.22851724061988918,,0.97,US,True,,52.17450061377482,13.336480823796908,74.57199148110226,36.05662569005985,67.19367588932806,67.53164556962025,41.17647058823529,50.0,61.52694610778443,47.0,46.21403829982155,standard,566,396315568,False,56.0,False,59.432387312186975,60.517529215358934,63.68948247078464,50.04173622704508,50.04173622704508,50.04173622704508,4,NEUTRAL,0,VARNING,False,2,0.2857142857142857,LÅG,EJ AKTUELL,9.2,True,0.875,SUSPICIOUS_FWD_PE;,2026-07-13,0
7733.T,Olympus Corporation,Healthcare,Medical Devices,Japan,JPY,1863654259782.0,3.6515275000000003,-7.3096035,3.61,0.004216199999999892,1.8439682,1.894,-3.3981249999999994,-0.007015004999999987,0.010165000150000002,-0.042987498750000006,0.011379995000000032,0.36857500249999997,0.0005000000000000004,-0.5,-0.402,8.284875000000001,-0.8340000000000003,1.003,-46862750208.0,188038004736.0,239576006656.0,1914032488448.0,1537162000000.0,,1010676000000.0,,,100820000000.0,,68172000000.0,100585000000.0,1.71,0.4902,30.0,0.87,30.0,1806364800.0,0.203,2125.4902108099714,1276.960817618663,1753.5,1913.0769,2.57143,13.0,,,0.042659998,0.64056,False,False,,0.5,5134821.0,3912700.0,0.8906069241838549,0.75,9.46,-12.09,,-0.17501384335626513,0.4226841427100432,60.833333333333336,0.013912017762975237,-0.0037366626868731156,True,0.7670885972770818,,0.503,Japan,True,,56.923462439493655,50.990811981831236,23.660179540557625,54.951368823768526,16.205533596837945,67.53164556962025,31.001589825119236,50.0,,50.0,46.19888664011973,standard,567,42256666,False,41.6,False,28.17195325542571,14.190317195325541,66.02671118530886,50.04173622704508,50.04173622704508,50.04173622704508,4,NEUTRAL,0,NEDTREND,True,1,0.14285714285714285,LÅG,EJ AKTUELL,-1.0,True,0.875,SUSPICIOUS_FWD_PE;,2026-07-13,0
WFC,Wells Fargo & Company,Financial Services,Banks - Diversified,United States,USD,266726127503.78864,-7.860774374999999,-4.704220000000001,1.5431,-3.0398562500000006,3.2927165,3.599,,-0.052544999999999994,-0.016085000075,0.013104996000000022,-0.07736997000000001,-0.4797,-0.005499999999999998,0.017999999999999988,0.073,,,,,461199998976.0,469223997440.0,292015112192.0,2148631000000.0,,83699000000.0,,,,,21338000000.0,-19001000000.0,2.07,0.2705,1.8,2.14,0.45,1778198400.0,0.917,96.7288599692398,72.77999877929688,87.16000366210938,97.93182,1.92,22.0,0.0,0.0,0.00090000004,0.78698,False,False,,0.5,16668249.0,13487460.0,0.9523331960014745,6.29,1.9,-6.58,,-0.09892452273471819,0.2699052303843013,67.97103484421112,0.08223596661715837,0.04013443896927393,True,0.8827052725902006,,0.73,US,True,,27.293160002582123,51.3586213536524,47.6074023096557,59.274098351549156,28.722002635046113,67.53164556962025,,50.0,99.0,50.0,46.05122181350707,standard,569,1175567063,False,39.9,False,28.17195325542571,24.624373956594322,44.073455759599334,50.04173622704508,50.04173622704508,50.04173622704508,1,SVAG,-8,UPPTREND,False,1,0.14285714285714285,LÅG,EJ AKTUELL,-3.3,True,0.75,SUSPICIOUS_FWD_PE;,2026-07-13,0
MS,Morgan Stanley,Financial Services,Capital Markets,United States,USD,350598867197.3635,-1.2171593750000005,1.2983409999999989,2.6368,-1.3221988500000001,4.791304,3.794,,-0.008944999999999995,-0.013895000074999999,-0.0067850039999999695,0.03432003,0.39418,0.1005,0.186,0.29,436.73024999999996,0.19400000000000006,1.53,,663304994816.0,579511975936.0,277653880832.0,1420270000000.0,,65966000000.0,,,,,16861000000.0,-17889000000.0,1.8,0.35549998,4.0,2.98,1.0,1777507200.0,1.218,230.47000122070312,132.07221613554933,222.27999877929688,216.4762,2.4,21.0,0.0,0.0,0.24306999,0.62658,False,False,,0.233,5851277.0,5279980.0,0.33,3.29,21.91,,,-3.28,0.3161,41.6,5.77,,False,0.6679232283855683,,1.0,US,True,,54.975174029887924,54.542580378450495,74.4928025050708,36.23945417981377,26.35046113306983,67.53164556962025,,50.0,99.0,23.3,45.95591396330061,holding,572,1173633948,False,37.5,False,28.17195325542571,22.537562604340565,30.63439065108514,50.04173622704508,50.04173622704508,50.04173622704508,3,SVAG,-8,UPPTREND,False,2,0.2857142857142857,LÅG,EJ AKTUELL,-1.3,True,0.875,SUSPICIOUS_FWD_PE;,2026-07-13,0
Z74.SI,Singapore Telecommunications Limited,Communication Services,Telecom Services,Singapore,SGD,72023274297.8624,-6.286574250000003,2.1679319999999986,1.4773,0.0,5.0505085,5.642,10.50325,0.07674000500000001,-0.014395000749999949,0.03014502500000002,-0.271055005,0.25263,-0.015,-0.9075000000000001,-0.788,-39.88700000000001,0.1985000000000001,0.919,433403136.0,3658899968.0,11678699520.0,80451805184.0,50696900000.0,,14260600000.0,,,1249000000.0,,5606100000.0,4920300000.0,3.05,0.38959998,0.13,3.42,0.103,1785456000.0,0.251,5.269999980926514,3.814535140991211,4.400000095367432,5.324,1.5625,15.0,,,0.05728,0.73582,False,False,,0.5,39178940.0,24853890.0,0.8620356251429601,3.53,-9.84,-1.57,12.51,-0.1650853678762496,0.2168484954749645,55.88234469140235,-0.020393602087854568,-0.044053790774046364,True,0.5559023473268453,,0.5,Singapore,True,51.39427662957075,50.533036076689235,41.45911965658968,16.662273668799067,79.50052819208823,52.43741765480896,67.53164556962025,54.8489666136725,50.0,,50.0,45.948376124635416,standard,573,84495892,False,50.2,False,66.110183639399,44.74123539232053,29.382303839732888,50.04173622704508,50.04173622704508,50.04173622704508,4,NEUTRAL,0,NEDTREND,True,2,0.2857142857142857,LÅG,EJ AKTUELL,-5.4,True,1.0,,2026-07-13,0
TXT,TXT,Unknown,Unknown,Unknown,USD,,,,,,,,,,,,,,,,,,,,,,,,18129000000.0,,14799000000.0,,,1001000000.0,,921000000.0,1312000000.0,,,,,,,,101.52614824798137,75.73140431373872,90.91000366210938,,,,,,,,False,False,,0.296,,,0.36,-4.09,-3.43,,,-10.75,0.2911,59.1,-1.45,,True,0.4944123326339471,,0.917,US,True,,,19.744724430163295,82.34177215189872,64.13612565445025,,12.658227848101266,,50.0,,29.599999999999998,45.89640894869233,standard,575,,True,44.6,False,28.17195325542571,50.04173622704508,50.04173622704508,50.04173622704508,50.04173622704508,50.04173622704508,1,SVAG,-8,VARNING,False,2,0.2857142857142857,LÅG,EJ AKTUELL,,True,0.0,EXTREME_GROWTH;EXTREME_EARNINGS_GROWTH;MISSING_CRITICAL;,2026-07-13,0
DLTR,"Dollar Tree, Inc.",Consumer Defensive,Discount Stores,United States,USD,24004528490.84436,-8.799650625000002,-3.044690000000001,1.5085,0.984406575,1.2135048,1.549,-2.8012500000000005,0.12392000000000002,-0.0070550049250000125,-0.024684993999999988,-0.036412492000000005,-0.10979,0.036,0.031,0.011,116.95875000000002,-0.0030000000000002247,0.316,343771392.0,1007299968.0,7593299968.0,30590527488.0,13466200000.0,,19411800000.0,,,1653100000.0,,1282500000.0,2534000000.0,,0.0,,,,,0.651,142.39999389648438,84.70999908447266,124.91000366210938,127.2,2.62963,25.0,4.22,0.1001,0.00159,1.05836,False,False,,0.5,3938759.0,4807880.0,0.22,10.76,24.6,,,-9.89,0.4701,70.2,18.53,,False,0.8169425427306641,,1.0,US,True,,46.6958987339233,49.647575023018966,57.299440126349126,41.53869678057971,74.17654808959156,12.658227848101266,65.02384737678855,50.0,19.46107784431138,50.0,45.61691165921487,standard,577,600552308,False,63.7,False,78.21368948247078,67.52921535893155,76.79465776293823,50.04173622704508,50.04173622704508,50.04173622704508,4,NEUTRAL,0,UPPTREND,False,0,0.0,LÅG,EJ AKTUELL,8.1,True,0.875,SUSPICIOUS_FWD_PE;,2026-07-13,0
MDGL,"Madrigal Pharmaceuticals, Inc.",Healthcare,Biotechnology,United States,USD,12373972466.74115,,23.930687499999998,,17.04711625,10.926342,10.515,-54.89125,-0.6595449999999999,-0.246034999925,-0.40157999399999994,-0.48509501,0.45099999999999996,1.1835,,,7.132000000000005,1.375,2.957,-1256257072.0,812771008.0,347311008.0,11908511744.0,1259589000.0,,958403000.0,,,-300097000.0,,-288284000.0,-189553000.0,,0.0,,,,,-1.056,615.0,286.44000244140625,536.7000122070312,678.7143,1.4,14.0,8.54,0.17989999,0.056799997,1.0699099,False,False,,0.442,329172.0,562540.0,0.6744356762708754,12.54,2.37,-4.35,,-0.12731705332190035,0.4543959978249301,60.81488322097266,0.049305041029604535,0.07351746463000963,True,0.6961111716036441,,0.492,US,True,,20.9858130577961,51.34048062439289,58.27234159969648,73.86969462449547,83.53096179183136,12.658227848101266,10.651828298887123,50.0,6.88622754491018,44.2,45.51875796516014,standard,578,301915225,False,42.9,False,28.17195325542571,78.46410684474124,10.51752921535893,50.04173622704508,50.04173622704508,50.04173622704508,3,SVAG,-8,UPPTREND,False,1,0.14285714285714285,LÅG,EJ AKTUELL,-6.6,True,0.75,EXTREME_EARNINGS_GROWTH;,2026-07-13,0
1818.HK,Zhaojin Mining Industry Company Limited,Basic Materials,Gold,China,HKD,53279962328.99426,-0.6260720000000042,-3.806523000000001,0.68,0.8090467000000001,3.3759966,3.953,-1.8019999999999996,0.08628500750000001,0.02500999695000001,0.09352751200000002,0.22189000000000003,0.051864999999999994,0.367,0.462,0.804,41.02825,-0.724,0.635,-7090760576.0,9684997120.0,16349121536.0,76981108736.0,53567945000.0,,11550680000.0,,,3034796000.0,,1450799000.0,2597165000.0,0.62,0.052199997,0.11,0.74,0.114769,1780444800.0,0.86,42.138617502341724,15.819999694824219,18.489999771118164,34.34395,1.2,9.0,,,0.42804,0.17805,False,False,,0.5,19934414.0,16780674.0,0.6813643738379536,-3.6,-46.56,-39.38,,-0.5612100997359337,0.5547657235097316,42.98245302161014,-0.16019407853826606,-0.36675833383242973,True,0.4610805387530433,,0.0,Asia,True,,74.81020874227423,14.57047708510064,62.87086006892216,33.35854779036775,58.498023715415016,67.53164556962025,11.76470588235294,50.0,,50.0,45.489092388590905,commodity,579,39584939,False,44.0,False,28.17195325542571,52.92153589315526,43.489148580968276,50.04173622704508,50.04173622704508,50.04173622704508,5,NEUTRAL,0,NEDTREND,True,3,0.42857142857142855,LÅG,EJ AKTUELL,-11.1,True,0.875,SUSPICIOUS_FWD_PE;,2026-07-13,0
SPX.L,Spirax Group plc,Industrials,Specialty Industrial Machinery,United Kingdom,GBp,6260701464776.321,2.4838907499999987,0.5989687500000027,1.3449,0.09187940000000006,2.7712998,3.223,0.19950000000000045,-0.0108700075,0.016897500825,-0.020469980000000054,-0.017455004999999996,0.36316505,-0.014000000000000005,-0.058,0.008,0.0,0.5045000000000002,1.341,-452325024.0,369000000.0,1023900032.0,5489142272.0,2661100000.0,,1702900000.0,,,265400000.0,,163400000.0,296200000.0,2.66,0.7523,1.7,1.73,1.211,1776902400.0,1.147,97881.24243157587,74909.90509986877,84838.08825016022,8117.353,2.23529,17.0,,,0.0055,1.09259,False,False,,0.5,192563.0,171139.0,1.0406086884633694,-0.36,-8.29,-3.64,6.46,-0.1332548898787579,0.29227264759811317,40.63988882461207,-0.03255383596996331,-0.034838650613199684,False,0.2526483553240367,,0.5,UK,True,38.63029339499927,57.85845194262106,39.31128378898414,33.009600621872465,65.2524198960289,10.80368906455863,67.53164556962025,12.71860095389507,50.0,,50.0,45.47403436442841,standard,580,14519105585,False,38.8,False,28.17195325542571,8.430717863105174,53.08848080133556,50.04173622704508,50.04173622704508,50.04173622704508,2,SVAG,-8,NEDTREND,True,2,0.2857142857142857,LÅG,EJ AKTUELL,-10.1,True,1.0,SUSPICIOUS_FWD_PE;,2026-07-13,0
AXFO.ST,Axfood AB (publ),Consumer Defensive,Grocery Stores,Sweden,SEK,57737467412.31839,1.9758844999999994,3.367549499999999,4.89,5.328902625,0.64362276,0.822,-0.5184999999999995,0.20316999999999996,-0.006110000000000011,-0.0436675,-0.095011261,-0.30085500000000004,-0.009999999999999998,0.095,0.16,165.2645,-0.6052500000000001,0.18,2968036032.0,384000000.0,16088000512.0,73766469632.0,36913000000.0,,89152000000.0,,,3620000000.0,,2339000000.0,6751000000.0,3.39,0.78690004,9.0,3.07,4.5,1789603200.0,0.607,334.2624263763428,252.89999389648438,267.3999938964844,286.66666,,6.0,,,0.51752996,0.25333,False,False,,0.5,348936.0,284860.0,0.5263082357654227,-0.82,-17.11,-6.94,,-0.20002975866805517,0.2205441016449427,64.39022901581555,0.0007859324288077563,-0.06892963151430231,True,0.8460690005547964,,0.478,Nordic,True,,39.610678963331985,35.47486408336431,41.48144268583689,47.189437444081236,57.04874835309618,67.53164556962025,90.14308426073131,50.0,,50.0,45.467274856566355,standard,581,7850060,False,66.5,False,91.15191986644408,51.66944908180301,89.48247078464107,50.04173622704508,50.04173622704508,50.04173622704508,4,NEUTRAL,0,NEDTREND,True,1,0.14285714285714285,LÅG,EJ AKTUELL,3.6,True,0.875,,2026-07-13,0
MET,"MetLife, Inc.",Financial Services,Insurance - Life,United States,USD,58970981777.15661,-3.7079963749999996,-7.426592000000001,0.4816,-2.51414735,0.7600921,1.048,1.9579999999999984,-0.04268499999999999,-0.022065000075,-0.207665004,-0.27264997,-0.24215001000000003,-0.035500000000000004,0.22599999999999998,0.254,112.50325000000001,0.31899999999999984,1.754,-18529603328.0,27634999296.0,49491001344.0,81303977984.0,745166000000.0,,75654000000.0,,,,,3379000000.0,17092000000.0,2.6,0.4391,2.37,2.95,0.593,1785801600.0,0.778,92.48999786376953,66.81799154145124,91.6500015258789,93.8125,1.94444,16.0,3.58,0.0223,0.16416,0.78502,False,False,,0.729,3592727.0,3456850.0,0.5172721128826866,7.11,23.71,18.84,,-0.009082023540835982,0.2403451922831499,66.1179011257716,0.09259937828277454,0.17568027228294447,True,0.9041883839915534,,0.692,US,True,29.833935539817894,15.875120000289181,83.82088133349116,53.19325556579078,56.82323770423438,56.38998682476944,67.53164556962025,5.087440381558029,50.0,72.75449101796407,72.89999999999999,45.45714060508261,standard,582,316820308,False,49.9,False,28.17195325542571,48.664440734557594,86.97829716193655,50.04173622704508,50.04173622704508,50.04173622704508,2,SVAG,-8,UPPTREND,False,2,0.2857142857142857,LÅG,EJ AKTUELL,-12.1,True,0.875,SUSPICIOUS_FWD_PE;,2026-07-13,0
MC.PA,"LVMH Moët Hennessy - Louis Vuitton, Société Européenne",Consumer Cyclical,Luxury Goods,France,EUR,241569308297.66116,-2.0237197499999997,2.984248624999998,1.9631,0.5067261500000002,2.9894602,3.316,-0.8300000000000001,-0.002227494999999996,0.011480008000000007,0.06487000699999998,0.10537000000000002,0.2868,-0.12,-0.121,-0.02,-18.059499999999993,0.3400000000000002,0.691,11111943200.0,13520000000.0,36778999808.0,267917950976.0,142037000000.0,,80807000000.0,,,17668000000.0,,10878000000.0,18875000000.0,2.64,0.595,13.0,1.8,7.5,1777334400.0,0.84,643.802043116836,439.13713539750216,489.8999938964844,576.92694,1.88462,26.0,,,0.50196,0.18952999,False,False,,0.5,589472.0,427370.0,0.5606833860662487,-0.67,3.35,-23.2,5.2,-0.2390518185920416,0.3063743247135237,55.40795857796281,0.018697950586883838,-0.08214787006181223,False,0.37644603347358974,,0.5,Europe,True,,68.74157948600785,34.924221004477154,22.88098207063365,58.8019365437193,29.77602108036891,67.53164556962025,90.62003179650239,50.0,,50.0,45.422399737677715,standard,584,238487924,False,55.6,False,88.64774624373956,25.459098497495823,47.07846410684474,50.04173622704508,50.04173622704508,50.04173622704508,5,NEUTRAL,0,NEDTREND,True,2,0.2857142857142857,LÅG,EJ AKTUELL,5.1,True,1.0,,2026-07-13,0
HOOD,"Robinhood Markets, Inc.",Financial Services,Capital Markets,United States,USD,88588951600.86163,34.652003625,22.05129,3.1175,6.147801149999999,21.857695,20.711,,0.04178501,0.025274999925,0.15691499600000003,0.013350029999999957,0.44269000000000003,0.0885,-0.10600000000000001,0.042,74.96725,-0.6529999999999999,1.07,,19270000640.0,13610000384.0,95538552832.0,38137000000.0,,4473000000.0,,,2094000000.0,,1883000000.0,1638000000.0,,0.0,,,,,2.336,153.86000061035156,63.51499938964844,111.97000122070312,114.97692,1.71429,26.0,1.11,0.0481,0.00717,0.73397005,False,False,,0.488,31470173.0,25992330.0,0.8098671861021067,33.66,59.68,-4.27,,-0.2722604915083441,0.6930854884701304,53.682991793179596,0.2503377994538911,0.09566951467764695,True,0.7399980414925085,,0.837,US,True,,74.93859471728602,64.21908819540458,50.95623563639622,15.387899398662826,47.56258234519104,12.658227848101266,,50.0,42.66467065868264,48.8,45.34801801031879,holding,585,2910361222,False,36.0,False,28.17195325542571,40.48414023372287,2.5459098497495827,50.04173622704508,50.04173622704508,50.04173622704508,3,SVAG,-8,UPPTREND,False,2,0.2857142857142857,LÅG,EJ AKTUELL,-7.3,True,0.875,,2026-07-13,0
6501.T,"Hitachi, Ltd.",Industrials,Conglomerates,Japan,JPY,21076742594600.0,-1.0758875000000039,1.5583890000000036,0.13,0.38256630000000036,1.9925492,1.952,-4.232624999999998,0.014232490000000018,0.016760001150000006,-0.014317498750000004,0.05924501500000001,0.021725002499999986,0.048,-0.16799999999999998,-0.114,-23.699875,-0.7095000000000001,0.793,1163442314240.0,1678783938560.0,1009037017088.0,20669425254400.0,15041246000000.0,,10586781000000.0,,,1199275000000.0,,802368000000.0,1668061000000.0,1.17,0.2831,55.0,1.45,28.0,1790640000.0,0.518,6004.425743829508,3777.929085460556,4700.0,6000.0,1.57143,14.0,,,0.01723,0.51293,False,False,,0.5,14116837.0,12289500.0,0.9264274776370437,0.97,-4.37,-6.73,,-0.21724404622207394,0.41590982559155976,43.33333333333333,-0.030815929261935326,-0.029430375141424214,True,0.5180499309933405,,0.675,Japan,True,,58.02139420437847,41.46596438739733,37.55934023965379,40.57418906052528,5.533596837944664,67.53164556962025,93.48171701112878,50.0,,50.0,45.34305331110511,standard,586,355750055,False,55.3,False,91.65275459098497,2.5459098497495827,63.35559265442404,50.04173622704508,50.04173622704508,50.04173622704508,4,NEUTRAL,0,NEDTREND,True,1,0.14285714285714285,LÅG,EJ AKTUELL,-0.2,True,0.875,SUSPICIOUS_FWD_PE;,2026-07-13,0
MYRG,MYR Group Inc.,Industrials,Engineering & Construction,United States,USD,6529558179.217163,13.090882374999996,8.811751,3.41,3.1133591499999995,1.7072307,1.681,4.719250000000001,0.03616249500000002,0.012190001074999996,-0.070909992,-0.072929995,-0.359079995,0.135,0.996,1.008,-65.40275,-0.1655000000000002,1.25,-872030944.0,163192000.0,61522000.0,6427888128.0,1644079000.0,,3657889000.0,,,162611000.0,,118416000.0,326567000.0,,0.0,,,,,1.309,503.57000732421875,171.50999450683594,419.3399963378906,455.0,2.14286,6.0,2.67,0.0664,0.01849,1.028,False,False,,0.773,300377.0,363000.0,0.5,-3.36,28.55,,,-18.03,0.5505,32.0,-8.77,,False,0.16760998573957897,,1.0,US,True,26.595750831044953,37.57872085433173,46.97803333521243,86.10681489185309,26.664905351565068,91.30434782608695,12.658227848101266,8.90302066772655,50.0,29.041916167664674,77.3,45.31391321347258,standard,588,152220419,False,52.9,False,28.17195325542571,87.31218697829716,68.11352253756262,50.04173622704508,50.04173622704508,50.04173622704508,3,SVAG,-8,VARNING,False,1,0.14285714285714285,LÅG,EJ AKTUELL,2.2,True,0.875,,2026-07-13,0
GLW,Corning Incorporated,Technology,Electronic Components,United States,USD,164287153888.95837,52.785335374999995,20.406073,1.8307,6.73664095,9.864034,10.599,22.600749999999994,-0.012450000000000003,-0.014205000924999997,0.00032500500000001015,0.012847500000000012,-0.11587000000000003,0.07050000000000001,1.187,1.363,32.86375,-0.16800000000000004,0.749,-487853568.0,1755000064.0,9923999744.0,172993150976.0,30976000000.0,,15629000000.0,,,2279000000.0,,1596000000.0,2695000000.0,0.58,0.5385,1.12,2.58,0.28,1788134400.0,1.086,271.7799987792969,50.76506912066068,190.88999938964844,212.06667,1.75,15.0,1.21,0.027,0.08173,0.73536,False,False,,0.5,14664416.0,20529540.0,0.31,3.99,4.97,,,-28.2,0.8537,42.7,-4.05,,False,0.39113037727185385,,0.857,US,True,38.14019366960543,41.70699278209902,25.23930323017081,79.19038065853391,35.269956785360314,35.046113306982875,67.53164556962025,44.35612082670906,50.0,64.67065868263472,50.0,45.229471747814785,standard,590,3918883878,False,35.9,False,28.17195325542571,29.966611018363942,12.604340567612688,50.04173622704508,50.04173622704508,50.04173622704508,3,SVAG,-8,VARNING,False,2,0.2857142857142857,LÅG,EJ AKTUELL,3.9,True,0.875,,2026-07-13,0
SBIN.NS,State Bank of India,Financial Services,Banks - Regional,India,INR,9562919819096.0,-20.188632,-10.585208000000002,0.53,-2.9248908999999994,2.538749,4.275,,-0.0051999975000000115,-0.025455005075,-0.039349999999999996,-0.08813999000000003,-0.40460998,0.008499999999999994,-0.164,0.002,,,,,2256107732992.0,8610153758720.0,16104648867840.0,83215685742000.0,,3817091770000.0,,,,,832987824000.0,380973900000.0,1.7,0.1744,17.35,1.51,17.35,1778803200.0,0.362,1212.8384373028666,772.62337460265,1036.0,1197.9736,1.48718,38.0,,,0.57004,0.29375,False,False,,0.5,15474483.0,10980962.0,0.8592311564254648,3.53,-0.83,4.72,,-0.1458054361272746,0.22521855822830125,48.24787964258762,0.03314218142270975,0.03670755512101631,False,0.5432211951805528,,1.0,India,True,,25.31260354670639,52.10604419549937,47.79886549145172,84.08088796922522,8.827404479578393,67.53164556962025,,50.0,,50.0,45.07420019028137,standard,592,118986260,False,39.0,False,28.17195325542571,6.928213689482471,55.84307178631052,50.04173622704508,50.04173622704508,50.04173622704508,1,SVAG,-8,UPPTREND,False,2,0.2857142857142857,LÅG,EJ AKTUELL,-4.5,True,0.75,SUSPICIOUS_FWD_PE;,2026-07-13,0
KOG.OL,Kongsberg Gruppen ASA,Industrials,Aerospace & Defense,Norway,NOK,263442968877.5,29.2940325,5.640012500000001,2.413,6.680937200000001,7.871018,7.487,21.277,0.04150248500000002,-0.016465001,0.1311975,0.024891251000000017,0.128735,0.20600000000000002,-0.329,-0.26,-41.00800000000001,-0.31175,0.657,-2708000064.0,18466000896.0,4384000000.0,250605780992.0,82527000000.0,,31562000000.0,,,4697000000.0,,7953000000.0,12732000000.0,0.7,0.3676,2.2,1.09,5.7,1776124800.0,0.22,421.0506055892801,225.31630734764482,299.5,390.44443,2.66667,9.0,,,0.5417,0.30006,False,False,,0.5,1576637.0,1379169.0,0.5769715565323311,-0.79,-28.28,6.54,,-0.288684077343065,0.4720147075817226,52.640694585179034,-0.025851525724953195,-0.04158313808732417,True,0.4367738540757916,,0.56,Nordic,True,33.94103194103194,59.69456077775726,37.5747608491641,38.339550621589154,49.65058534221169,28.985507246376812,67.53164556962025,37.83783783783784,50.0,,50.0,44.8262838081867,standard,595,42231444,False,35.8,False,28.17195325542571,25.041736227045075,16.2771285475793,50.04173622704508,50.04173622704508,50.04173622704508,2,SVAG,-8,NEDTREND,True,1,0.14285714285714285,LÅG,EJ AKTUELL,-1.5,True,0.875,,2026-07-13,0
6976.T,"Taiyo Yuden Co., Ltd.",Technology,Electronic Components,Japan,JPY,1843413881190.0,106.02742149999997,53.676306,1.3172,1.0746041000000002,5.2053413,5.388,10.160875,-0.06337000499999998,-0.025004999849999994,-0.05100249974999999,-0.06702749499999996,-0.04804499750000001,-0.1005,,,37.769625,1.2859999999999998,1.984,-48731125184.0,100071997440.0,171211997184.0,1914550747136.0,615536000000.0,,355341000000.0,,,19996000000.0,,14806000000.0,58117000000.0,0.61,0.8368,90.0,2.24,45.0,1790640000.0,1.64,24065.0,2460.8284671054994,14730.0,16106.25,2.625,16.0,,,0.01671,0.6013,False,False,,0.5,16052722.0,23034300.0,0.8628379137287786,-11.43,193.43,305.46,,-0.3879077498441721,0.794698704486034,42.49201277955272,0.05685795341215161,1.2988115155460687,False,0.08747316130544237,,0.662,Japan,True,34.397022691140336,28.048193583279023,82.24736081867233,30.602731693857137,38.484815124435244,16.337285902503293,67.53164556962025,30.047694753577108,50.0,,50.0,44.81402571687596,standard,596,2089732366,False,36.0,False,28.17195325542571,14.273789649415694,28.797996661101838,50.04173622704508,50.04173622704508,50.04173622704508,2,SVAG,-8,UPPTREND,False,2,0.2857142857142857,LÅG,EJ AKTUELL,5.4,True,0.875,EXTREME_EARNINGS_GROWTH;,2026-07-13,0
2382.TW,Quanta Computer Inc.,Technology,Computer Hardware,Taiwan,TWD,1439662622400.0,-8.887713000000005,-3.9205034999999997,1.02,2.6066210499999998,0.58828044,0.684,0.0,0.24497499750000004,-0.01054000104999999,-0.086112496,-0.10989249899999995,-0.310164997,0.5365,-0.14300000000000002,0.087,218.41475,-0.6239999999999999,0.669,-107422685184.0,268589678592.0,492037177344.0,1675075780608.0,1343111743000.0,,2123689447000.0,,,87396109000.0,,74987700000.0,-10364961000.0,4.18,0.6875,15.6,4.94,15.6,1784160000.0,0.666,438.0,252.5,373.5,391.4737,1.72222,19.0,,,0.31611001,0.30021,False,False,,0.5,30757502.0,12545277.0,1.18,,,,,,0.4367,51.1,,,False,0.5886886221207877,,0.949,Asia,True,,35.4809066947652,,62.7613070965036,30.80279335441594,17.786561264822133,67.53164556962025,17.488076311605724,50.0,,50.0,44.60231998021843,standard,599,145549062,False,45.5,False,28.17195325542571,15.442404006677796,90.90150250417362,50.04173622704508,50.04173622704508,50.04173622704508,1,SVAG,-8,UPPTREND,False,2,0.2857142857142857,LÅG,EJ AKTUELL,0.6,True,0.875,SUSPICIOUS_FWD_PE;,2026-07-13,0
058470.KQ,LEENO Industrial Inc.,Technology,Semiconductor Equipment & Materials,South Korea,KRW,5601095280000.0,,0.5974810000000002,,,37.338993,6.456,-5.1442499999999995,0.006440000000000015,0.052574999075,0.18165500499999998,0.1854275,-0.07840997,-0.1595,-0.438,-0.236,,5.781000000000001,7.192,13288328448.0,146558238720.0,0.0,968406269952.0,791928165320.0,,372534084600.0,,,176997188360.0,,151960670400.0,179468846370.0,1.08,0.32569999,800.0,1.44,800.0,1766966400.0,0.321,129000.0,43423.894817073175,73800.0,121153.84,,13.0,,,0.34668,0.35232,False,False,,0.5,1298629.0,1425158.0,0.8627356752577376,-26.05,-36.82,13.54,,-0.4279069767441861,0.6695318269193743,29.05405405405405,-0.23260892170115421,-0.10860137653367119,False,0.22464052828831352,,0.838,US,True,,70.22889721591491,37.7249279630369,24.114634134915754,64.73481117259372,11.198945981554678,67.53164556962025,68.83942766295708,50.0,,50.0,44.56960388303807,standard,602,76778962,False,39.3,False,60.26711185308849,8.848080133555927,2.5459098497495827,50.04173622704508,50.04173622704508,50.04173622704508,4,NEUTRAL,0,NEDTREND,True,3,0.42857142857142855,LÅG,EJ AKTUELL,5.7,True,0.5,SUSPICIOUS_FWD_PE;,2026-07-13,0
BX,Blackstone Inc.,Financial Services,Asset Management,United States,USD,91355024199.38297,9.987613624999998,0.7222889999999982,1.4355,6.869136149999999,10.449651,8.512,,0.12250502000000003,0.10368499992500001,-0.04218500399999996,0.008480029999999972,0.5203,-0.005499999999999998,-0.094,0.057,6.506250000000005,-0.871,0.847,,2605123072.0,15424749568.0,122552393728.0,47708975000.0,,12410012000.0,,,,,3019214000.0,4663161000.0,4.07,1.2154,4.97,3.38,1.16,1777852800.0,1.58,184.54309934162563,100.79603809633919,123.08999633789062,141.5,2.04545,20.0,3.99,0.0313,0.0107700005,0.73584,False,False,,0.494,5545819.0,4848450.0,0.4964915281590984,2.33,6.27,-18.18,,-0.3330013596984909,0.3531813886632829,48.89029080957936,0.02807565546997237,-0.07521757913132443,True,0.6494648403691741,,0.998,US,True,,72.21407784556936,40.98176454091518,49.95616191151936,38.76726732481588,46.6403162055336,30.189873417721518,,50.0,58.68263473053892,49.4,44.55145313131584,holding,603,596795693,False,37.2,False,28.17195325542571,39.73288814691152,11.352253756260435,50.04173622704508,50.04173622704508,50.04173622704508,2,SVAG,-8,NEDTREND,True,1,0.14285714285714285,LÅG,EJ AKTUELL,-5.4,True,0.875,SUSPICIOUS_FWD_PE;,2026-07-13,0
AXISBANK.NS,Axis Bank Limited,Financial Services,Banks - Regional,India,INR,4117918931068.4204,-16.038045999999998,-9.616189,0.54,-2.6157491999999998,5.5237875,8.637,,-0.028449997500000004,-0.021805004075,0.09344003000000001,0.015140029999999999,-0.40460998,-0.1725,-0.069,0.017,,,,,946491883520.0,3263375343616.0,6439153172480.0,19460502900000.0,,880673100000.0,,,,,263848500000.0,-86367100000.0,0.08,0.0117999995,1.0,1.03,1.0,1783641600.0,0.422,1417.2070248903838,1041.6966606316682,1323.699951171875,1590.0,1.25641,39.0,,,0.02832,0.70982003,False,False,,0.5,6868840.0,5851506.0,0.6249901221001314,0.56,-2.13,2.26,,-0.06597982657173274,0.2364404889610764,41.024009425107295,0.013463467883897628,0.035333180533830166,False,0.18629342001865196,,0.46,India,True,,38.20250856670018,54.338906895304554,22.188930776351576,81.05566125515574,12.648221343873518,34.24050632911392,,50.0,,50.0,44.4901314518817,standard,605,81012844,False,35.2,False,28.17195325542571,10.767946577629383,26.961602671118527,50.04173622704508,50.04173622704508,50.04173622704508,0,SVAG,-8,UPPTREND,False,1,0.14285714285714285,LÅG,EJ AKTUELL,-6.2,True,0.75,SUSPICIOUS_FWD_PE;,2026-07-13,0
LMT,Lockheed Martin Corporation,Industrials,Aerospace & Defense,United States,USD,120635484222.9668,-9.161525625,-6.694114000000001,1.096,9.89353915,1.6062031,1.857,-2.4387500000000006,0.485782495,0.008870001075000007,-0.044189993999999996,-0.026669996,-0.38064000000000003,-0.062,-0.181,-0.131,202.20825,-0.34150000000000014,0.91,2887271424.0,1894000000.0,20696999936.0,139438489600.0,59840000000.0,,75048000000.0,,,7731000000.0,,5017000000.0,8557000000.0,2.66,0.65379995,13.8,2.63,3.45,1780272000.0,0.113,687.4992440281471,399.33923873245766,523.219970703125,615.7368,2.52381,19.0,2.57,0.018099999,0.001,0.75904,False,False,,0.594,1398426.0,1358260.0,0.4791814405835275,-1.3,-15.58,6.55,,-0.23895193304139306,0.27330526218288875,54.47841824382186,0.0076198468408279485,-0.02466497867254769,True,0.5305919708862271,,0.325,US,True,,47.011304765476055,41.80187234436042,17.010076364939195,52.31926103485404,41.23847167325428,67.53164556962025,76.15262321144675,50.0,81.437125748503,59.4,44.46029129856915,standard,606,710668757,False,57.9,False,78.54757929883138,35.30884808013355,69.94991652754591,50.04173622704508,50.04173622704508,50.04173622704508,3,SVAG,-8,NEDTREND,True,1,0.14285714285714285,LÅG,EJ AKTUELL,1.6,True,0.875,SUSPICIOUS_FWD_PE;,2026-07-13,0
BA,The Boeing Company,Industrials,Aerospace & Defense,United States,USD,175223841172.39688,54.26560237500001,30.101253999999997,24.1723,23.10666615,1.9008054,2.22,-82.67975,1.5088524950000002,-0.084079998925,-0.083409993,-0.11955999,-0.431450003,0.07500000000000001,,,754.5392500000002,-0.3005000000000002,0.317,1454396416.0,20177999872.0,49614000128.0,204665847808.0,168235000000.0,,89463000000.0,,,-5416000000.0,,2235000000.0,1065000000.0,,0.0,,2.48,2.055,1581552000.0,1.205,254.35000610351562,176.77000427246094,222.27999877929688,270.44,1.62963,25.0,0.02,0.0002,0.00052,0.75421,False,False,,0.739,6527506.0,5911190.0,0.6676688737908295,3.62,1.01,-2.56,,-0.12608612759838844,0.3208110157280344,49.534092847947136,-0.004637389865118413,0.016654176416163846,True,0.48637043589193785,,0.746,US,True,,29.38963312011499,50.679405277503825,64.91006449832719,28.79746049484472,34.387351778656125,12.658227848101266,58.9825119236884,50.0,97.45508982035929,73.9,44.43026930911921,standard,607,1313939306,False,53.2,False,66.02671118530886,29.215358931552586,65.1085141903172,50.04173622704508,50.04173622704508,50.04173622704508,2,SVAG,-8,VARNING,False,1,0.14285714285714285,LÅG,EJ AKTUELL,-1.6,True,0.875,EXTREME_EARNINGS_GROWTH;,2026-07-13,0
AIR.PA,Airbus SE,Industrials,Aerospace & Defense,Netherlands,EUR,155288615613.12677,2.393762749999995,2.8734061249999976,1.7198,2.0395809500000004,2.1410553,2.126,4.428500000000001,0.02878499999999999,-0.027854994,-0.020714990000000016,-0.11753999899999999,-0.22196000000000002,-0.131,-0.331,-0.261,-11.803999999999991,-0.15749999999999997,0.399,-669307176.0,15776000000.0,14570000384.0,154170621952.0,134939000000.0,,73420000000.0,,,5236000000.0,,5221000000.0,7995000000.0,1.63,0.316,3.2,1.8,3.2,1776729600.0,0.88,217.28503984305604,154.56398910495966,197.25999450683594,213.52478,1.78261,23.0,,,0.2573,0.37381,False,False,,0.5,1320755.0,1169138.0,0.566394316454168,12.55,17.86,-7.05,11.53,-0.09216025802183203,0.2866345100407027,59.546120411257334,0.07814734592019446,0.05167471269393209,False,0.5803047834023919,,0.699,Europe,True,50.845497904321434,31.05146561109501,56.115553044461976,21.878724781773183,52.68258391842182,36.75889328063241,67.53164556962025,42.76629570747218,50.0,,50.0,44.42562423787658,standard,608,262699786,False,43.4,False,28.17195325542571,31.302170283806348,60.76794657762938,50.04173622704508,50.04173622704508,50.04173622704508,3,SVAG,-8,UPPTREND,False,1,0.14285714285714285,LÅG,EJ AKTUELL,-6.1,True,1.0,,2026-07-13,0
DIXON.NS,Dixon Technologies (India) Limited,Technology,Consumer Electronics,India,INR,816022205953.0,1.9129637500000012,22.026127999999996,,7.4747992000000005,1.6696858,1.44,-1.4054999999999982,0.20433500249999997,-0.026635007925,-0.08730999100000003,-0.12079249899999997,-0.33103997999999996,-0.1085,-0.563,-0.36,8.068000000000001,-0.9664999999999997,0.612,-9333593088.0,12413700096.0,9942200320.0,703791169536.0,191616400000.0,,488728000000.0,,,14735400000.0,,14386400000.0,17822900000.0,0.06,0.0297,8.0,,8.0,1757980800.0,-0.101,18471.0,9600.0,13421.0,12608.104,2.28571,29.0,,,0.40328,0.35305,False,False,,0.5,664656.0,724351.0,2.4478859866568015,18.03,27.78,14.03,,-0.27340154837312547,0.3856344325069476,66.40459631085577,0.14053932782878564,0.06826857868779901,True,0.9283390077394222,,0.837,India,True,,30.5485231182871,71.30390793784923,22.787786207368235,57.63059099875197,19.894598155467722,25.82278481012658,36.56597774244833,50.0,,50.0,44.344264635981624,standard,610,101678846,False,42.5,False,28.17195325542571,17.445742904841403,68.78130217028381,50.04173622704508,50.04173622704508,50.04173622704508,2,SVAG,-8,UPPTREND,False,1,0.14285714285714285,LÅG,EJ AKTUELL,-14.6,True,0.875,,2026-07-13,0
BAH,Booz Allen Hamilton Holding Corporation,Industrials,Consulting Services,United States,USD,7527060211.854694,-25.130123625000003,-13.893905,1.09,0.6597351499999995,0.67104036,0.973,-11.207749999999999,0.6167824949999999,0.03145999707500001,-0.03213999399999999,-0.041849990000000004,-0.25611001,-0.13,0.03699999999999999,0.062,298.87524999999994,0.30449999999999977,1.678,-314478592.0,728000000.0,4121999872.0,10909266944.0,7118000000.0,,11217000000.0,,,1033000000.0,,851000000.0,1041000000.0,3.74,0.32459998,2.36,1.79,0.59,1781049600.0,0.361,116.89951169064041,59.5,62.7599983215332,90.58333,2.85714,12.0,3.42,0.0792,0.012519999,1.00778,False,False,,0.621,1976952.0,2822850.0,0.5636026877855121,-19.9,-20.49,-29.41,,-0.463128652858538,0.3950538492676219,39.749429262058484,-0.13389973609220784,-0.2359674214332559,True,0.37759675878048965,,0.838,US,True,,53.02401819527645,18.344078743408545,42.18026184353641,48.02599967655801,89.59156785243742,67.53164556962025,28.61685214626391,50.0,22.305389221556887,62.1,44.28909869065073,standard,611,177162061,False,55.6,False,28.17195325542571,85.14190317195326,88.48080133555926,50.04173622704508,50.04173622704508,50.04173622704508,2,SVAG,-8,NEDTREND,True,1,0.14285714285714285,LÅG,EJ AKTUELL,-12.3,True,0.875,SUSPICIOUS_FWD_PE;,2026-07-13,0
ARQQ,Arqit Quantum Inc.,Technology,Software - Infrastructure,United Kingdom,USD,332038000.5523014,,-41.606359,,3.6031899499999986,309.34952,266.735,-27.47825,-2.3819500000000002,-1.0230950009249997,-0.110574995,-49.4599725,0.01753998000000001,8.1695,,,-39.87925,3.102,4.609,-1119556444.0,28860000.0,2172000.0,289674720.0,42851000.0,,530000.0,,,-35171000.0,,-35343000.0,-29553000.0,,0.0,,,,,2.209,62.0,11.520000457763672,19.079999923706055,60.0,,1.0,2.25,0.254,0.69253,0.24885,False,False,,0.5,901822.0,866600.0,0.36618382309349246,52.76,53.38,-29.33,,-0.6922580657466766,1.1389480719792084,41.90097851889237,0.06934488387986404,-0.19765773581596746,False,0.31269460052730425,,0.5,US,True,,14.430450259177581,46.53677767620312,64.08012278825923,32.10623213354311,99.4729907773386,12.658227848101266,,50.0,12.694610778443113,50.0,44.20123174205471,standard,612,16534728,False,44.6,False,28.17195325542571,97.53756260434056,2.5459098497495827,50.04173622704508,50.04173622704508,50.04173622704508,3,SVAG,-8,NEDTREND,True,1,0.14285714285714285,LÅG,EJ AKTUELL,-9.5,True,0.75,EXTREME_EARNINGS_GROWTH;SUSPICIOUS_FWD_PE;,2026-07-13,0
ROIV,Roivant Sciences Ltd.,Healthcare,Biotechnology,United Kingdom,USD,25872156626.465607,,-42.488797500000004,,0.014275949999999149,3132.2224,2718.257,-34.31125,-0.24200499999999997,-0.21336499992500002,-0.128339994,-146.93809501,-0.4797,-0.7515000000000001,,,-54.745999999999995,16.253000000000004,17.999,-2190338944.0,4291833088.0,107438000.0,22452803584.0,5708687000.0,,8260000.0,,,-1285303000.0,,-299771000.0,-750349000.0,,0.0,,,,,1.108,37.0,10.899999618530273,35.970001220703125,39.375,1.30769,12.0,5.42,0.060900003,0.23385,0.76067,False,False,,0.822,6008655.0,6591140.0,0.9559474302476075,23.82,26.3,63.65,,-0.027837804845861513,0.417761805443843,79.32815047442183,0.16705767341528,0.43810831715859067,True,0.7602740859324,,0.778,US,True,,4.45674654957917,90.76330671535015,33.20318697616666,55.21305171402256,72.33201581027669,12.658227848101266,11.446740858505565,50.0,30.688622754491018,92.19999999999999,44.164088218521556,standard,613,237083314,False,39.8,False,28.17195325542571,65.7762938230384,2.5459098497495827,50.04173622704508,50.04173622704508,50.04173622704508,4,NEUTRAL,0,UPPTREND,False,1,0.14285714285714285,LÅG,EJ AKTUELL,2.0,True,0.75,EXTREME_EARNINGS_GROWTH;SUSPICIOUS_FWD_PE;,2026-07-13,0
MQG.AX,Macquarie Group Limited,Financial Services,Capital Markets,Australia,AUD,96995917327.00584,3.7147052500000033,1.2976089999999996,0.8,-0.34864762999999943,5.451965,9.585,,0.0017799890000000096,0.0,-0.021130011999999976,-0.07420997000000004,-0.26982,-0.004499999999999997,-0.07200000000000001,0.027,,,,,95800999936.0,194255994880.0,170518347776.0,540101000000.0,,7216000000.0,,,-6354000000.0,,4847000000.0,,3.43,0.6699,6.7,3.31,4.2,1763337600.0,0.879,254.49000549316406,184.07200965178643,254.49000549316406,240.0323,2.15385,13.0,,,0.08745,0.37018,False,False,,0.5,779936.0,559320.0,0.6037222022326764,7.91,15.74,25.66,18.69,0.0,0.23986329741535597,67.52001953125,0.05029554211237719,0.18150089979863804,False,1.0140805123241041,,0.5,Australia,True,,37.3489904777752,73.7403002729308,33.893956320923174,66.00781868429459,45.3227931488801,67.53164556962025,,50.0,,50.0,44.122186987221525,holding,616,98587996,False,39.5,False,28.17195325542571,38.898163606010016,27.462437395659435,50.04173622704508,50.04173622704508,50.04173622704508,1,SVAG,-8,UPPTREND,False,3,0.42857142857142855,LÅG,EJ AKTUELL,-12.9,True,0.875,SUSPICIOUS_FWD_PE;,2026-07-13,0
EQTL3.SA,Equatorial S.A.,Utilities,Utilities - Regulated Electric,Brazil,BRL,51338616027.66501,29.040840000000003,8.373695125,3.0,0.15552687499999984,0.95316297,1.895,-1.247125000000001,-0.07063749999999999,0.004090001499999905,-0.07459249875,-0.03763499999999989,-0.08490499999999998,0.040999999999999995,-0.3,-0.237,29.149375000000003,0.534875,1.52,611977088.0,10733063168.0,58052804608.0,101267865600.0,109603944000.0,,49253121000.0,,,10825603000.0,,1678352000.0,3973867000.0,6.01,2.4276,2.37,2.27,0.133293,1767052800.0,0.039,46.31999969482422,31.802247732915955,40.90999984741211,50.66857,1.35714,14.0,,,0.0,1.0121499,False,False,,0.5,8446477.0,6110770.0,1.3107670632667754,5.19,-6.6,6.95,,-0.11679619782071415,0.24920119857150388,71.96768297855385,0.043659720517238876,0.04392278034126673,True,1.037130484087054,,0.335,LatAm,True,,34.49181968963486,51.19177739950421,23.532501397278594,76.86095089549859,59.683794466403164,30.189873417721518,56.59777424483307,50.0,,50.0,43.869807630721084,standard,618,48716111,False,65.3,False,89.23205342237061,53.839732888146905,82.47078464106845,50.04173622704508,50.04173622704508,50.04173622704508,4,NEUTRAL,0,UPPTREND,False,1,0.14285714285714285,LÅG,EJ AKTUELL,4.2,True,0.875,,2026-07-13,0
AIXA.DE,AIXTRON SE,Technology,Semiconductor Equipment & Materials,Germany,EUR,4920847105.008293,50.969629749999996,13.721336124999995,2.08,0.41674575,9.873901,9.474,31.373999999999995,-0.091017495,-0.007449996,0.023220008999999993,-0.51463251,0.019669999999999965,-0.6014999999999999,,,-40.4905,2.9550000000000005,2.347,-405414800.0,272673984.0,2770000.0,4769308160.0,1039783000.0,,556552000.0,,,106678000.0,,85227000.0,208360000.0,0.33,0.283,0.15,1.25,0.15,1778716800.0,0.917,62.65999984741211,11.641035044555371,43.630001068115234,51.80667,2.53333,15.0,,,0.01625,0.63439,False,False,,0.5,902730.0,730275.0,0.8343876476729766,-20.7,19.07,118.79,177.74,-0.30370250280303546,0.6674214413232462,22.229577646252253,-0.17692725928328878,0.4282531632389004,False,0.1267676137974817,,0.495,Europe,True,14.337187454834512,34.791236346620714,82.14963014816722,10.228503431862864,49.42682119380927,92.7536231884058,67.53164556962025,12.559618441971383,50.0,,50.0,43.74054800391697,standard,620,36293310,False,44.8,False,28.17195325542571,88.98163606010017,12.520868113522537,50.04173622704508,50.04173622704508,50.04173622704508,3,SVAG,-8,VARNING,False,2,0.2857142857142857,LÅG,EJ AKTUELL,-8.8,True,1.0,EXTREME_EARNINGS_GROWTH;,2026-07-13,0
WOW.AX,Woolworths Group Limited,Consumer Defensive,Grocery Stores,Australia,AUD,49059423364.318756,52.604699000000004,5.345325000000001,2.16,6.332567795,0.69803685,0.926,0.0,-0.034505005000000005,-0.019969999850000003,-0.05936000200000002,-0.08736250099999998,0.003479999999999983,-0.001999999999999995,-0.5569999999999999,-0.494,178.56299999999996,-0.07500000000000007,0.179,-1019000064.0,1288999936.0,17198000128.0,65087406080.0,33829000000.0,,69077000000.0,,,-1041000000.0,,963000000.0,,2.24,1.7248,0.9,2.86,0.45,1772582400.0,0.27,40.75,25.198903077337572,40.15999984741211,35.38524,2.46667,15.0,,,0.00524,0.32977,False,False,,0.5,2382381.0,1889402.0,0.6713118117072326,5.43,8.07,35.16,33.23,-0.014478531351850066,0.2642071393761016,64.71665901866623,0.10000274360627781,0.24059518498916854,False,0.7542389120605483,,0.5,Australia,True,,30.933724580735248,75.9555650444406,20.030346035822724,56.04496292003546,60.73781291172595,30.189873417721518,35.294117647058826,50.0,,50.0,43.620557333330275,standard,621,52554636,False,62.6,False,74.54090150250417,54.841402337228715,87.89649415692821,50.04173622704508,50.04173622704508,50.04173622704508,2,SVAG,-8,UPPTREND,False,1,0.14285714285714285,LÅG,EJ AKTUELL,-7.3,True,1.0,,2026-07-13,0
SMIN.L,Smiths Group plc,Industrials,Specialty Industrial Machinery,United Kingdom,GBp,9643453355756.428,7.236429750000001,3.6352507500000026,0.8141,1.0926100000000003,2.5486698,3.098,2.487499999999999,-0.020160007499999993,0.010767500825000005,-0.02935997600000005,-0.017834994999999992,-0.03143498,-0.075,-0.24,-0.222,-10.673000000000002,1.6895000000000002,0.766,-1424612544.0,345000000.0,1228000000.0,9002896384.0,4232000000.0,,,,,,,,418000000.0,1.88,0.6199,0.47,2.37,0.15,1775088000.0,0.732,34195.00429916382,26012.338482278734,32459.790287017822,2790.0,1.81818,10.0,,,0.00727,0.85303,False,False,,0.5,912895.0,983787.0,0.8640052320929391,3.12,4.18,6.63,9.26,-0.050744664248760674,0.23312737393456928,45.40499132230011,0.016385939010122863,0.04614306894344078,False,0.34072775230815355,,0.5,UK,True,30.21014597485185,45.1193790310754,54.92391078258716,18.79342787677351,75.619517838422,8.695652173913043,67.53164556962025,7.3131955484896665,50.0,,50.0,43.527856970779936,standard,622,31933519707,False,38.9,False,28.17195325542571,6.76126878130217,55.59265442404006,50.04173622704508,50.04173622704508,50.04173622704508,3,SVAG,-8,UPPTREND,False,2,0.2857142857142857,LÅG,EJ AKTUELL,-1.8,True,1.0,,2026-07-13,0
MNG.L,M&G plc,Financial Services,Asset Management,United Kingdom,GBp,10723992072898.209,15.489745000000001,1.1932007500000008,,0.3681692999999999,1.1282507,1.409,-2.42675,-0.0311975025,-0.009277500325,-0.22160499000000003,0.046975025000000004,0.20008499999999996,0.3075,,,141.68599999999998,-0.21999999999999986,0.328,-4098737536.0,4904000000.0,6912000000.0,10344263680.0,190601000000.0,,21713000000.0,,,,,302000000.0,953000000.0,5.93,1.6423,0.21,8.92,0.138,1773878400.0,0.941,4502.695710819244,3124.976904160443,4501.401381813048,308.84198,,11.0,,,0.17502001,0.51143,False,False,,0.5,5749494.0,4599662.0,0.6310172488620961,12.18,24.15,22.97,35.53,-0.0002874564681520919,0.20181142049854892,77.24995714749788,0.10890523985561629,0.22809640491605632,True,0.8801080394821621,,0.5,UK,True,,43.54743566751687,82.01173874080311,59.78856965474425,49.01865975470099,8.036890645586297,30.189873417721518,1.1128775834658187,50.0,,50.0,43.486038226868075,holding,624,20704924883,False,42.3,False,28.17195325542571,6.3439065108514185,78.79799666110183,50.04173622704508,50.04173622704508,50.04173622704508,2,SVAG,-8,UPPTREND,False,1,0.14285714285714285,LÅG,EJ AKTUELL,-3.8,True,1.0,EXTREME_EARNINGS_GROWTH;SUSPICIOUS_FWD_PE;,2026-07-13,0
2318.HK,"Ping An Insurance (Group) Company of China, Ltd.",Financial Services,Insurance - Life,China,HKD,395093949499.54974,-5.616432750000001,-4.6231458000000005,0.4,-0.5681642499999997,1.0080851,-0.212,-8.281749999999999,-0.0036300025,0.0021899998000000018,-0.12183250499999997,0.12314003000000001,-0.010015019999999986,-0.0955,-0.265,-0.074,116.72524999999999,1.891,3.437,518457133056.0,3594554966016.0,2015781978112.0,-202182590464.0,13898471000000.0,,927890000000.0,,,,,134778000000.0,658632000000.0,5.75,0.3547,3.05,5.75,2.01129,1780358400.0,0.647,72.20425974107576,46.691166417197074,53.04999923706055,82.77331,1.25,15.0,,,0.12951,0.4104,False,False,,0.5,37001315.0,38645309.0,0.5835950024721911,-6.77,-12.05,-15.95,,-0.26527881558099653,0.2854229812014573,46.899229047044656,-0.0736342142120644,-0.10398843032581817,True,0.4198256268326184,,0.5,Asia,True,,48.53603525195038,31.171197716255694,19.97053619701625,60.88896214964821,25.296442687747035,67.53164556962025,,50.0,,50.0,43.48482684846982,standard,625,261556692,False,62.4,False,97.53756260434056,21.869782971619365,81.30217028380635,50.04173622704508,50.04173622704508,50.04173622704508,5,NEUTRAL,0,NEDTREND,True,2,0.2857142857142857,LÅG,EJ AKTUELL,-7.1,True,0.875,SUSPICIOUS_FWD_PE;,2026-07-13,0
KOTAKBANK.NS,Kotak Mahindra Bank Limited,Financial Services,Banks - Regional,India,INR,3755785225828.4043,-11.945649999999997,-5.030448000000002,0.94,-2.4557313999999995,5.0724154,4.984,,-0.0460799975,-0.016065003075000004,0.0,-0.026539989999999986,-0.40460998,-0.1725,-0.035,0.099,,,,,1020911091712.0,953935331328.0,3690421288960.0,10033527900000.0,,780153800000.0,,,,,192878900000.0,417265200000.0,0.17,0.025799999,0.65,0.06,0.65,1784246400.0,0.287,453.20001220703125,345.5,377.6000061035156,464.14594,1.7027,37.0,,,0.28254998,0.48650002,False,False,,0.5,18254745.0,23757607.0,0.896701666085611,-4.0,1.53,-11.94,,-0.16681377772995287,0.216011757323207,32.820180106916055,-0.027300488320712524,-0.06921102351980235,False,0.1142613273494849,,0.287,India,True,,29.90112523694747,44.4979942396259,25.01710849970775,88.56760453844765,13.043478260869565,67.53164556962025,,50.0,,50.0,43.4129507763299,standard,627,93827762,False,35.6,False,28.17195325542571,11.018363939899833,29.29883138564274,50.04173622704508,50.04173622704508,50.04173622704508,1,SVAG,-8,NEDTREND,True,2,0.2857142857142857,LÅG,EJ AKTUELL,-7.4,True,0.75,SUSPICIOUS_FWD_PE;,2026-07-13,0
ONCO.ST,Oncopeptides AB (publ),Healthcare,Biotechnology,Sweden,SEK,606740178.0666649,,-20.396065,,4.280473300000001,7.2894835,6.759,-18.7565,-6.3750247,-0.6357499999999999,-2.7654126,-1.6709836690000002,0.5171650000000001,0.8285,,,139.23375,2.39575,4.383,-1109110376.0,205154000.0,138802000.0,562549632.0,135399000.0,,71118000.0,,,-225888000.0,,-249585000.0,-222884000.0,,0.0,,,,,-1.314,6.960000038146973,1.2549999952316284,1.590999960899353,2.5,,3.0,,,0.09047,0.09161,False,False,,0.5,6236295.0,1732425.0,0.534939179737912,-6.74,16.56,-65.93,,-0.7714080528478071,1.0266355497180186,32.698408613642144,-0.028017078749923652,-0.49461020213998075,False,0.2069617446057268,,0.5,Nordic,True,,20.599538766443104,36.301489970358666,62.8539647501121,52.510638661048006,98.9459815546772,12.658227848101266,,50.0,,50.0,43.35825337113083,standard,628,284056,False,46.9,False,28.17195325542571,97.53756260434056,17.946577629382304,50.04173622704508,50.04173622704508,50.04173622704508,3,SVAG,-8,NEDTREND,True,1,0.14285714285714285,LÅG,EJ AKTUELL,-10.1,True,0.75,EXTREME_EARNINGS_GROWTH;SUSPICIOUS_FWD_PE;,2026-07-13,0
0003.HK,The Hong Kong and China Gas Company Limited,Utilities,Utilities - Regulated Gas,Hong Kong,HKD,123714940885.19266,6.041188000000002,6.126972249999999,2.83,0.8090727000000002,2.277257,3.475,4.168000000000002,0.016820007499999998,0.008669999950000007,-0.038167496499999995,-0.08750499999999997,0.01564500000000002,-0.121,-0.03899999999999999,0.02,-26.34125000000001,-0.39,0.43,-6644532736.0,8012899840.0,61059100672.0,188799336448.0,163555100000.0,,54326300000.0,,,8132100000.0,,5688200000.0,10533000000.0,5.28,1.1589,0.35,4.92,0.23,1780444800.0,0.552,7.511074330032385,6.308091115849373,6.630000114440918,7.34,2.25,10.0,,,0.41854,0.13081999,False,False,,0.5,24494159.0,31779658.0,0.7399176744796976,-2.36,-5.65,-2.29,,-0.1173033546038238,0.15107955735595166,41.09588862136673,-0.034084189785773766,-0.04896720327314552,True,0.4771112877069666,,0.5,Asia,True,39.28096545743604,45.95945390494244,46.998111279713406,27.33095929731803,66.769799355297,40.316205533596836,30.189873417721518,25.59618441971383,50.0,,50.0,43.200993068493915,standard,630,26881062,False,43.6,False,28.17195325542571,34.5575959933222,59.01502504173622,50.04173622704508,50.04173622704508,50.04173622704508,3,SVAG,-8,NEDTREND,True,1,0.14285714285714285,LÅG,EJ AKTUELL,-8.2,True,0.875,,2026-07-13,0
6701.T,6701.T,Unknown,Unknown,Unknown,USD,,,,,,,,,,,,,,,,,,,,,,,,4466784000000.0,,3582733000000.0,,,359913000000.0,,270228000000.0,438463000000.0,,,,,,,,6159.847439939296,3586.1172275143363,4333.0,,,,,,,,False,False,,0.5,,,0.7263013792810591,8.33,3.46,-19.82,,-0.2965734878585401,0.48115859187704046,72.43243243243244,0.05965155976405456,-0.07930095238507029,True,0.8339715706809439,,0.832,Japan,True,,,39.49331231325649,67.84810126582278,24.083769633507853,,12.658227848101266,,50.0,,50.0,43.14454552793436,standard,633,,True,44.6,False,28.17195325542571,50.04173622704508,50.04173622704508,50.04173622704508,50.04173622704508,50.04173622704508,1,SVAG,-8,NEDTREND,True,1,0.14285714285714285,LÅG,EJ AKTUELL,-15.8,True,0.0,EXTREME_GROWTH;EXTREME_EARNINGS_GROWTH;MISSING_CRITICAL;,2026-07-13,0
ASAN,"Asana, Inc.",Technology,Software - Application,United States,USD,1179906767.2289982,,-7.918331,,4.898419949999999,2.0923462,1.871,-34.09025,-1.05538,-0.169435000925,-0.31265499499999994,-0.21807250499999997,0.40535995,-0.0345,,,133.72175000000001,-0.6300000000000002,1.039,-910721936.0,424640000.0,248240000.0,1513236992.0,844088000.0,,790806000.0,,,-197331000.0,,-189024000.0,90361000.0,,0.0,,,,,0.965,15.710000038146973,5.380000114440918,7.329999923706055,9.13462,2.66667,13.0,5.66,0.3861,0.44356,0.65639,False,False,,0.5,6673780.0,6060830.0,0.8273724283628011,-2.79,27.92,-45.86,,-0.5334182109543366,0.602986057260494,57.79467356599843,0.04172587685013096,-0.25492987205405826,True,0.6742008044078475,,1.0,US,True,,22.042819371318295,42.97510930252696,61.03895767943987,23.247174925919293,97.89196310935442,12.658227848101266,,50.0,11.197604790419161,50.0,43.113468944643216,standard,634,44425883,False,53.4,False,28.17195325542571,97.53756260434056,61.35225375626043,50.04173622704508,50.04173622704508,50.04173622704508,1,SVAG,-8,NEDTREND,True,1,0.14285714285714285,LÅG,EJ AKTUELL,-9.9,True,0.75,EXTREME_EARNINGS_GROWTH;SUSPICIOUS_FWD_PE;,2026-07-13,0
1299.HK,AIA Group Limited,Financial Services,Insurance - Life,Hong Kong,HKD,748670297000.3348,3.7938122499999984,1.2500115000000003,1.01,0.8669690500000002,28.676779,29.466,70.07124999999999,0.03204999749999999,0.011109999800000003,-0.02338250499999996,-0.05212994999999998,0.068085,-0.0025000000000000022,-0.03900000000000001,0.051,23.378249999999994,0.17700000000000027,0.976,-4158482432.0,8771999744.0,20580999168.0,772464312320.0,345423000000.0,,39604000000.0,,,,,6234000000.0,6970000000.0,2.66,0.3893,1.93,2.22,1.4408,1779926400.0,0.641,90.57969287387601,65.89819765849207,72.6500015258789,103.88785,1.28571,18.0,,,0.00042,0.57614,False,False,,0.5,36271883.0,29373682.0,0.7114305064055891,2.32,-16.63,-7.73,,-0.19794383022431494,0.3227752652329165,46.34147897556626,-0.07661247648639069,-0.08483325047394774,True,0.3655590591094338,,0.5,Asia,True,31.905044081514667,51.68160251375766,35.26792493962507,36.30013447617885,62.548991827109234,20.158102766798418,67.53164556962025,41.81240063593005,50.0,,50.0,43.09179135542328,standard,635,272256142,False,32.6,False,28.17195325542571,17.696160267111853,2.5459098497495827,50.04173622704508,50.04173622704508,50.04173622704508,2,SVAG,-8,NEDTREND,True,2,0.2857142857142857,LÅG,EJ AKTUELL,-7.2,True,0.875,SUSPICIOUS_FWD_PE;,2026-07-13,0
DASH,"DoorDash, Inc.",Consumer Cyclical,Internet Retail,United States,USD,78902591542.91931,60.40722387500001,5.387306499999999,4.2885,2.7604449499999997,5.6645503,5.526,42.24575,-0.08728999999999999,-0.04197499992499999,-0.025014996999999997,-0.05814000200000001,0.03793000000000002,0.258,-0.16799999999999998,-0.047,-45.905249999999995,0.0029999999999997806,1.123,1195771392.0,5533000192.0,3287000064.0,81345568768.0,19659000000.0,,13717000000.0,,,725000000.0,,935000000.0,2431000000.0,,0.0,,,,,1.779,285.5,143.3000030517578,191.82000732421875,245.93658,1.5814,41.0,4.08,0.0523,0.00654,0.92234004,False,False,,0.201,4964973.0,4747470.0,0.5075955616964761,23.22,24.12,-16.79,,-0.3281260689169221,0.462339630782864,70.06120526522004,0.1445626814665033,-0.02790647443884675,True,0.759526312048628,,0.6,US,True,54.20017343546755,31.297087639142728,52.35624135558057,45.19918987726049,28.858806487108215,50.461133069828726,12.658227848101266,71.06518282988871,50.0,37.27544910179641,20.1,42.951375645026346,standard,638,910659730,False,51.4,False,74.45742904841403,42.57095158597663,25.79298831385643,50.04173622704508,50.04173622704508,50.04173622704508,3,SVAG,-8,NEDTREND,True,0,0.0,LÅG,EJ AKTUELL,-10.2,True,0.875,,2026-07-13,0
0101.HK,Hang Lung Properties Limited,Real Estate,Real Estate Services,Hong Kong,HKD,36941885452.59538,-5.957155,-9.265418,0.4131,-0.6583891199999998,3.711633,9.46,-1.5844999999999985,-0.0329400025,-0.001224999549999991,-0.08599998649999997,0.21503999000000001,0.285215,-0.086,-0.42200000000000004,-0.181,-10.906250000000002,0.7909999999999999,0.56,-5529107712.0,5952000000.0,54470000640.0,94157193216.0,222912000000.0,,9950000000.0,,,5890000000.0,,1806000000.0,5864000000.0,7.32,1.4053999,0.52,7.18,0.4,1778025600.0,0.744,9.856513080827808,6.849999904632568,7.099999904632568,10.48465,1.71429,13.0,,,0.66769,0.12597,False,False,,0.5,8955947.0,7712704.0,0.7862950092884163,-7.31,-20.13,-13.53,,-0.279664132091197,0.27591154038140536,39.516109804934956,-0.10609059295752099,-0.16452730884960498,True,0.3480841957447273,,0.5,Asia,True,,53.923502607715136,28.247434949442233,16.816676604513326,67.29210054259518,66.40316205533597,30.189873417721518,18.60095389507154,50.0,,50.0,42.890256221272224,standard,640,6986323,False,44.4,False,28.17195325542571,60.18363939899834,38.981636060100165,50.04173622704508,50.04173622704508,50.04173622704508,3,SVAG,-8,NEDTREND,True,1,0.14285714285714285,LÅG,EJ AKTUELL,-17.3,True,0.875,SUSPICIOUS_FWD_PE;,2026-07-13,0
TLN,Talen Energy Corporation,Utilities,Utilities - Independent Power Producers,United States,USD,18439312345.56488,,-7.130775250000001,,11.8722344,5.7402744,7.202,19.414749999999994,-0.154345,-0.022484999924999992,-0.14248999549999997,-0.050845010000000024,-0.07828000000000002,0.888,,,481.84475,0.24599999999999989,0.979,287021440.0,1026000000.0,6817999872.0,23305394176.0,10905000000.0,,2626000000.0,,,16000000.0,,-219000000.0,704000000.0,,0.0,,,,,1.619,451.2799987792969,255.5,385.79998779296875,473.2225,1.58824,16.0,2.56,0.059499998,0.01429,1.09289,False,False,,0.5,819045.0,915930.0,0.4603536937162925,7.54,23.35,2.96,,-0.1450984115481524,0.5823505374431356,32.97131469396048,0.022788696682072507,0.039181950753244266,False,0.45298770141618055,,0.482,US,True,54.34585922821216,22.390288676916935,68.74802621982086,57.80998861794227,22.505942751449105,78.65612648221344,12.658227848101266,65.81875993640699,50.0,31.736526946107784,50.0,42.677007976083274,standard,641,353365783,False,57.3,False,80.7178631051753,72.12020033388981,25.459098497495823,50.04173622704508,50.04173622704508,50.04173622704508,2,SVAG,-8,UPPTREND,False,1,0.14285714285714285,LÅG,EJ AKTUELL,-3.0,True,0.75,EXTREME_EARNINGS_GROWTH;SUSPICIOUS_FWD_PE;,2026-07-13,0
III.L,3i Group Ord,Financial Services,Asset Management,United Kingdom,GBp,33843218569275.594,-11.06459995,-8.07454525,,-3.014730674999999,4.708259,4.873,-4.301375,0.034629974999999945,0.09265249982499998,0.6389450509999999,0.49740006000000014,0.5185299999999999,-0.395,-0.4775,-0.329,-53.00312500000001,4.633,5.681,2639268608.0,635000000.0,1260999936.0,27203096576.0,32338000000.0,,5428000000.0,,,,,5294000000.0,,3.24,0.1467,0.85,2.6,0.48,1781740800.0,1.122,56688.67895795591,23009.00105394267,33622.369530677795,3382.2,1.90909,10.0,,,0.02056,0.80741996,False,False,,0.5,3009903.0,3094469.0,1.11,19.49,-1.19,-14.84,,-23.98,0.543,87.3,12.26,,True,0.933960166805492,,0.5,UK,True,,90.12499000959218,18.78410362500111,11.567603415031648,48.48298242735094,4.216073781291173,67.53164556962025,97.45627980922097,50.0,,50.0,42.582914791418055,holding,642,104043380219,False,42.2,False,58.01335559265443,2.5459098497495827,32.30383973288814,50.04173622704508,50.04173622704508,50.04173622704508,4,NEUTRAL,0,UPPTREND,False,2,0.2857142857142857,LÅG,EJ AKTUELL,0.0,True,0.875,SUSPICIOUS_FWD_PE;,2026-07-13,0
HEXA-B.ST,Hexagon AB (publ),Technology,Scientific & Technical Instruments,Sweden,SEK,209534014011.00745,-22.365901500000003,-6.855776499999999,0.6876,12.326728,40.265423,40.506,151.36849999999998,0.023370000000000002,-0.026240001,0.283862479,0.09244874100000001,0.21191496999999998,-0.1275,7.235,7.501,-5.273500000000006,1.62775,0.903,-7067737408.0,1978099968.0,3254000128.0,219816263680.0,17108300000.0,,5424600000.0,,,1015400000.0,,617400000.0,1466900000.0,1.89,0.1847,1.52,1.21,0.14,1777248000.0,0.871,121.9326510983536,71.57263946533203,81.4000015258789,93.69066,2.5,14.0,,,0.25674,0.67958,False,False,,0.5,5166562.0,3525214.0,0.8195289125828911,1.19,-13.49,-24.46,,-0.33241834084112676,0.38446973922593913,47.70372178819444,-0.041633231167832796,-0.18802559765490545,True,0.5898539265468234,,0.212,Nordic,True,19.848388495447317,64.62953889127081,24.446835613790828,51.96739616697712,58.351992098597805,31.488801054018445,67.53164556962025,27.186009538950717,50.0,,50.0,42.383986469202675,standard,645,29572633,False,34.0,False,28.17195325542571,26.71118530884808,2.5459098497495827,50.04173622704508,50.04173622704508,50.04173622704508,4,NEUTRAL,0,NEDTREND,True,2,0.2857142857142857,LÅG,EJ AKTUELL,-3.5,True,0.875,SUSPICIOUS_FWD_PE;,2026-07-13,0
KR,The Kroger Co.,Consumer Defensive,Grocery Stores,United States,USD,37089667013.17534,6.801100374999996,-8.370908000000002,0.5801,0.6512719749999998,0.24951844,0.468,-6.90525,-0.07804999000000001,-0.016734999925000008,-0.08274499399999999,-0.09505250200000001,-0.23990999000000002,-0.013999999999999999,0.068,0.043,273.88975,-0.3730000000000002,0.277,1894646528.0,2872999936.0,24192000000.0,69600731136.0,49953000000.0,,147642000000.0,,,1890000000.0,,1016000000.0,7311000000.0,2.41,0.80120003,1.44,2.01,0.35,1786665600.0,0.435,76.17869785654563,54.150001525878906,60.540000915527344,71.31818,2.08333,22.0,2.9,0.0446,0.0849,0.82057,False,False,,0.253,7115567.0,8354380.0,1.0560902936737964,-3.89,-13.49,3.18,,-0.20528963320517735,0.2767706116994603,67.04248968245724,-0.0365728682273726,-0.07298941366504963,True,0.6077609997634594,,0.703,US,True,,20.682680326799094,42.1853847829289,45.95211383239941,46.60598783550805,66.27140974967062,67.53164556962025,82.82988871224165,50.0,46.10778443113773,25.3,42.2330847095612,standard,646,505774173,False,69.1,False,91.98664440734558,60.01669449081803,97.53756260434056,50.04173622704508,50.04173622704508,50.04173622704508,4,NEUTRAL,0,NEDTREND,True,1,0.14285714285714285,LÅG,EJ AKTUELL,0.6,True,0.875,SUSPICIOUS_FWD_PE;,2026-07-13,0
COLD,"Americold Realty Trust, Inc.",Real Estate,REIT - Industrial,United States,USD,4425096931.821373,,602.6154815,5.84,-2.6294465200000006,1.7322161,3.451,-4.91675,-0.142674998,-0.02330999942499999,-0.30353249549999994,-0.33668001200000003,-0.16147998000000002,-0.05399999999999999,,,69.10375000000002,0.05999999999999983,0.763,-624339808.0,44136000.0,4557070848.0,8976913408.0,8121598000.0,,2601846000.0,,,202550000.0,,-114548000.0,359641000.0,5.85,7.6364,0.92,3.96,0.23,1782777600.0,0.981,16.8799991607666,9.588037914483149,15.510000228881836,15.82353,2.52941,17.0,4.48,0.074499995,0.00075,1.20277,False,False,,0.5,4547483.0,5392590.0,0.5446157024319145,5.67,31.01,24.76,,-0.08116107819892493,0.4568816858487249,71.1561223147284,0.07312313640906631,0.2391794124939144,True,0.6298290798373772,,0.162,US,True,,12.878853222468944,83.07465439918657,12.545010864691479,40.891290286194376,93.67588932806325,30.189873417721518,15.580286168521463,50.0,25.149700598802394,50.0,42.1628493979023,standard,647,83639072,False,53.3,False,28.17195325542571,90.23372287145241,67.779632721202,50.04173622704508,50.04173622704508,50.04173622704508,1,SVAG,-8,UPPTREND,False,1,0.14285714285714285,LÅG,EJ AKTUELL,-8.6,True,0.75,EXTREME_EARNINGS_GROWTH;,2026-07-13,0
ALGM,"Allegro MicroSystems, Inc.",Technology,Semiconductors,United States,USD,10222778142.68045,,13.248819999999997,,2.9552339499999998,11.409676,11.636,76.00275,-0.1953799995,-0.051025001924999994,-0.127314995,-0.03948249999999999,-0.014770000000000005,0.1315,,,-15.515249999999995,1.673,1.944,-949891440.0,168752992.0,305912000.0,10356880384.0,1416175000.0,,890096000.0,,,25077000.0,,-14897000.0,163069000.0,,0.0,,,,,1.897,71.7699966430664,22.40999984741211,54.869998931884766,56.90909,1.27273,11.0,4.54,0.1575,0.32564998,0.76142,False,False,,0.452,2939329.0,5227640.0,0.17,6.21,33.91,,,-26.83,0.7953,40.8,-0.8,,False,0.408265379279906,,0.894,US,True,10.801127330539096,22.86558996519866,45.815434917413604,77.69177042734452,32.152393860099146,85.5072463768116,12.658227848101266,11.92368839427663,50.0,9.281437125748502,45.2,42.07114216153627,standard,649,286840601,False,43.3,False,28.17195325542571,81.21869782971619,10.267111853088482,50.04173622704508,50.04173622704508,50.04173622704508,3,SVAG,-8,VARNING,False,1,0.14285714285714285,LÅG,EJ AKTUELL,3.3,True,0.75,EXTREME_EARNINGS_GROWTH;,2026-07-13,0
RKLB,Rocket Lab Corporation,Industrials,Aerospace & Defense,United States,USD,46911420703.969,,2408.438364,,14.42975815,74.50994,67.185,-296.87474999999995,-0.326107505,-0.129169998925,-0.376729994,-0.36026999000000004,-0.11414000000000002,0.5700000000000001,,,-68.03275,2.9984999999999995,3.874,-1314852944.0,1383351040.0,138670000.0,45657305088.0,2324478000.0,,601799000.0,,,-228838000.0,,-198209000.0,-165521000.0,,0.0,,,,,2.553,151.0,37.56999969482422,81.04000091552734,116.5,1.5625,14.0,1.41,0.074099995,0.00829,0.59775,False,False,,0.449,27671704.0,26460700.0,0.48299638271892137,-25.12,21.43,-3.62,,-0.46331125221505065,0.95057478661122,30.98693812106488,-0.2432830065040955,0.05529216280626237,False,0.15820713803592065,,0.838,US,True,,9.9567020193528,54.92270543473467,82.76437415927982,31.966566378123023,61.528326745718054,12.658227848101266,28.7758346581876,50.0,25.449101796407188,44.9,42.06368597105372,standard,650,2144375152,False,38.3,False,28.17195325542571,55.425709515859765,2.5459098497495827,50.04173622704508,50.04173622704508,50.04173622704508,2,SVAG,-8,VARNING,False,1,0.14285714285714285,LÅG,EJ AKTUELL,-4.0,True,0.75,EXTREME_EARNINGS_GROWTH;,2026-07-13,0
AV.L,Aviva plc,Financial Services,Insurance - Diversified,United Kingdom,GBp,25603867614873.82,11.829488999999999,-0.1957002499999998,1.4136,-0.39529290000000006,0.6898484,0.516,-1.8607500000000003,-0.020697502499999992,-0.012467500025000001,-0.23050499000000002,-0.32234497500000003,-0.20956499,0.3085,9.661999999999999,4.65,36.992999999999995,-0.10199999999999976,0.81,-1556112512.0,18200000512.0,12433000448.0,14791025664.0,395304000000.0,,57436000000.0,,,,,1033000000.0,-2563000000.0,5.97,1.3925,0.39,6.3,0.262,1774483200.0,0.62,8964.918811130574,7366.799689899607,8560.16989167023,692.531,2.125,16.0,,,0.0062,0.71414,False,False,,0.5,8246542.0,5611387.0,0.5825084497384972,8.73,9.53,1.39,5.92,-0.04514808532987713,0.22024421923295778,72.9878218131524,0.06959649863531747,0.05982606527009726,True,0.7374160265547115,,0.5,UK,True,,20.244113187536406,54.150708429638584,78.35818633048268,64.697523776438,4.874835309617918,30.189873417721518,10.81081081081081,50.0,,50.0,42.02974186561403,standard,651,48034426048,False,43.2,False,28.17195325542571,2.5459098497495827,88.14691151919867,50.04173622704508,50.04173622704508,50.04173622704508,3,SVAG,-8,UPPTREND,False,2,0.2857142857142857,LÅG,EJ AKTUELL,-6.0,True,1.0,SUSPICIOUS_FWD_PE;,2026-07-13,0
STT,State Street Corporation,Financial Services,Asset Management,United States,USD,49878955025.11038,-2.865956374999999,-3.1893520000000013,1.2119,-2.5882802500000004,3.5013638,,,-0.06021499999999999,-0.018585000074999997,-0.04136500399999997,-0.09365997000000004,-0.4797,-0.0905,-0.374,-0.237,,,,,,,,366047000000.0,,13965000000.0,,,,,2945000000.0,11898000000.0,1.87,0.333,3.36,3.0,0.84,1782864000.0,1.433,183.32000732421875,99.41994252919119,180.22000122070312,180.9643,2.125,14.0,0.02,0.0001,0.00366,0.96760005,False,False,,0.248,2266049.0,2355590.0,0.7668930466184185,10.94,30.78,37.66,,-0.016910353369302356,0.25423770584076255,70.29509767899391,0.11940052158202663,0.3521897225162087,True,0.951664221700031,,0.91,US,True,,20.54501925374792,89.95820845559582,29.23803999394392,46.21147943949894,60.342555994729906,67.53164556962025,,50.0,98.35329341317365,24.8,41.99460932771985,holding,652,424524433,False,44.0,False,28.17195325542571,54.50751252086812,41.736227045075125,50.04173622704508,50.04173622704508,50.04173622704508,0,SVAG,-8,UPPTREND,False,2,0.2857142857142857,LÅG,EJ AKTUELL,-6.9,True,0.75,SUSPICIOUS_FWD_PE;,2026-07-13,0
RADL3.SA,Raia Drogasil S.A.,Healthcare,Pharmaceutical Retailers,Brazil,BRL,32820025968.90637,3.222984000000004,2.8016628749999994,0.27,1.458375025,0.71367925,0.9,1.3818749999999995,0.018242505,-0.004119998500000097,-0.06751249725000001,-0.13556501199999985,-0.008495000000000003,0.05550000000000001,-0.14700000000000002,-0.031,38.508624999999995,-0.673125,0.43,-2962972480.0,537736000.0,8693282816.0,40975572992.0,25170475000.0,,44250449000.0,,,2648975000.0,,1296861000.0,1509470000.0,2.43,0.5089,0.44,1.16,0.115582,1783296000.0,0.027,27.12717517771307,12.53289984818048,18.770000457763672,25.78667,1.86667,15.0,,,0.25069,0.69263,False,False,,0.5,10759836.0,9807020.0,1.5487332925679507,7.25,-19.48,-21.54,,-0.3080739024686735,0.39718528703893163,76.53674232626054,0.026796864306140478,-0.12011192606376786,True,1.1850549690311423,,0.787,LatAm,True,37.62248879895938,37.97329395737944,24.5173115042754,44.122089345073796,50.77444160335858,68.24769433465086,67.53164556962025,14.785373608903022,50.0,,50.0,41.77038386761299,standard,654,35871418,False,51.9,False,28.17195325542571,61.35225375626043,87.31218697829716,50.04173622704508,50.04173622704508,50.04173622704508,2,SVAG,-8,NEDTREND,True,1,0.14285714285714285,LÅG,EJ AKTUELL,-10.9,True,0.875,,2026-07-13,0
PYPL,"PayPal Holdings, Inc.",Financial Services,Credit Services,United States,USD,40859126166.56277,-12.833913374999998,-7.698078000000001,0.8167,-2.61758325,1.2112149,1.28,-5.152000000000001,0.07837502000000003,0.020784999925,-0.10434500399999998,-0.19213998000000002,-0.07040998000000004,0.009499999999999995,-0.195,-0.135,-7.2357499999999995,-0.5080000000000001,0.216,2983646464.0,9342000128.0,11669999616.0,43187126272.0,80173000000.0,,33172000000.0,,,6396000000.0,,5233000000.0,6416000000.0,1.24,0.0525,0.56,,0.14,1780531200.0,1.332,78.81740953286102,38.21792222779819,46.31999969482422,51.37912,2.90909,34.0,3.17,0.0694,0.00679,0.79869,False,False,,0.5,15285013.0,15271140.0,0.6614007418177428,11.72,1.07,-20.33,,-0.412312584626215,0.3913540802432984,67.27108103929898,0.044919926550395006,-0.12472929662774757,True,0.9520796903593597,,0.734,US,True,,42.700560315878185,33.621142818804444,36.08324877393455,26.482814278813706,63.899868247694336,67.53164556962025,95.23052464228935,50.0,27.844311377245507,50.0,41.725886569177035,standard,656,707359200,False,66.3,False,94.15692821368948,58.180300500834726,76.87813021702839,50.04173622704508,50.04173622704508,50.04173622704508,4,NEUTRAL,0,NEDTREND,True,1,0.14285714285714285,LÅG,EJ AKTUELL,1.0,True,0.875,SUSPICIOUS_FWD_PE;,2026-07-13,0
ADANIENT.NS,Adani Enterprises Limited,Energy,Thermal Coal,India,INR,4271666682570.1743,7.576446250000005,28.808972499999996,,0.8262173499999999,4.471799,5.108,8.989250000000002,-0.0041699955000000025,-0.046737503175,-0.02712000000000002,-0.12828499999999998,0.05683002000000004,0.15450000000000003,,,99.97375000000001,-0.49199999999999994,0.421,-333596000256.0,98084003840.0,1066217897984.0,5132042895360.0,2616003500000.0,,1002670200000.0,,,84377600000.0,,93394700000.0,23569100000.0,0.04,0.0171,1.3,0.05,1.3,1781222400.0,0.825,3245.0,1752.216581309528,3157.300048828125,3394.0,1.33333,3.0,,,0.74332,0.15791,False,False,,0.5,2621777.0,2460505.0,1.0248864972128993,8.59,48.37,38.9,,-0.02702617909765026,0.34944628040270176,55.8439931200237,0.09424851237999565,0.31195906344737745,False,0.784550149979373,,0.167,India,True,26.180517415811533,34.41370733793651,91.49144587094518,42.73954057876039,38.18509329224052,12.384716732542818,25.44303797468355,17.011128775834656,50.0,,50.0,41.58988950707277,standard,658,81252509,False,36.2,False,28.17195325542571,10.434056761268781,33.80634390651085,50.04173622704508,50.04173622704508,50.04173622704508,1,SVAG,-8,UPPTREND,False,1,0.14285714285714285,LÅG,EJ AKTUELL,-5.2,True,0.875,EXTREME_EARNINGS_GROWTH;,2026-07-13,0
TM,Toyota Motor Corporation,Consumer Cyclical,Auto Manufacturers,Japan,USD,208935367395.99756,-20.743041124999998,-8.076733500000001,1.56,9.50301795,0.004121302,0.687,-11.805250000000001,-0.08417999999999999,-0.051384999924999994,-0.011994996999999993,-0.06501,-0.3126,-0.05399999999999999,0.125,0.229,28.961750000000013,-0.14900000000000013,1.016,-1205935959808.0,13867543429120.0,43916481003520.0,34829737394176.0,105522331000000.0,,50684952000000.0,,,3766216000000.0,,3848098000000.0,5472920000000.0,3.59,0.314,6.27,2.77,3.457,1774915200.0,0.321,248.89999389648438,166.10000610351562,176.4499969482422,256.52435,,4.0,1.69,0.00090000004,0.0,0.02174,False,False,,0.5,515180.0,517790.0,0.8962979786509199,0.38,-16.43,-17.29,,-0.29108075020031376,0.29657936359274445,53.532220195637265,-0.02567213211270647,-0.1376854327270287,True,0.6736884371277148,,0.675,US,True,,22.89289500612205,27.560036721852118,48.25694685742489,63.5284792829301,31.620553359683797,67.53164556962025,26.073131955484897,50.0,95.80838323353294,50.0,41.54873252720249,standard,660,91364044,False,48.2,False,28.17195325542571,26.79465776293823,97.53756260434056,50.04173622704508,50.04173622704508,50.04173622704508,2,SVAG,-8,NEDTREND,True,2,0.2857142857142857,LÅG,EJ AKTUELL,-6.3,True,0.875,SUSPICIOUS_FWD_PE;,2026-07-13,0
CCO.TO,Cameco Corporation,Energy,Uranium,Canada,CAD,59219419550.31647,65.9946295,37.61812275,1.92,5.527780599999999,16.73874,16.711,55.63875,-0.028818750500000007,-0.021143749624999944,0.0827475,0.01630622999999999,-0.033339989999999986,0.022499999999999992,0.59,0.874,-23.739249999999995,1.68125,1.837,-7455744.0,1109720064.0,1010993984.0,59120705536.0,10301282000.0,,3481933000.0,,,621259000.0,,589577000.0,1408432000.0,0.18,0.1611,0.24,0.23,0.24,1764547200.0,1.0,182.72000122070312,94.77613395571522,135.97000122070312,179.38889,1.79167,18.0,3.19,,0.0014399999,0.68324,False,False,,0.5,956674.0,1068950.0,0.6125763786835795,2.67,-15.4,-9.14,,-0.2558559527565446,0.541748609619741,27.408716599123736,-0.09229400327629544,-0.06038034552878835,False,0.18361654877110625,,0.712,Canada,True,36.45685792744616,45.62690074363057,33.1432079264132,67.7641794202715,47.44981837758107,56.126482213438734,67.53164556962025,47.53577106518283,50.0,,50.0,41.53762253735997,commodity,661,102740645,False,37.8,False,28.17195325542571,48.497495826377296,6.260434056761269,50.04173622704508,50.04173622704508,50.04173622704508,3,SVAG,-8,NEDTREND,True,2,0.2857142857142857,LÅG,EJ AKTUELL,-6.7,True,0.875,,2026-07-13,0
EL,The Estée Lauder Companies Inc.,Consumer Defensive,Household & Personal Products,United States,USD,20440791524.454132,,6.648174999999997,1.4246,1.597176175,2.016178,2.432,-0.16625000000000068,-0.27533,-0.025704999925000006,-0.106544994,0.021957497999999992,0.26681,0.010000000000000002,-0.519,-0.44,133.34875000000002,0.10399999999999976,0.824,707771392.0,3126000128.0,9299999744.0,36079968256.0,19892000000.0,,14326000000.0,,,1141000000.0,,-1133000000.0,1272000000.0,1.71,4.7143,1.4,1.62,0.35,1780012800.0,1.261,120.79248782267415,65.96494335920991,82.66000366210938,95.30769,2.35714,26.0,2.04,0.036,0.00414,0.97016996,False,False,,0.445,3694632.0,3126760.0,0.4354940776200296,-4.51,13.22,-20.93,,-0.3156858911337602,0.46734486095791133,43.18328055167716,-0.008372695522989249,-0.10356388483592205,False,0.4055584452372051,,1.0,US,True,,35.6910975796171,45.449104932298525,38.35568868649207,32.0416899998236,76.54808959156784,30.189873417721518,75.3577106518283,50.0,54.64071856287425,44.5,41.34316313134537,standard,665,258457993,False,64.8,False,89.31552587646077,70.20033388981636,63.02170283806344,50.04173622704508,50.04173622704508,50.04173622704508,2,SVAG,-8,NEDTREND,True,0,0.0,LÅG,EJ AKTUELL,-3.3,True,0.75,,2026-07-13,0
CAMT,Camtek Ltd.,Technology,Semiconductor Equipment & Materials,Israel,USD,6708740841.344315,113.39618137500001,8.730872,2.9932,2.1792049499999986,13.588634,12.9,24.798749999999995,-0.1042,0.0028749990750000076,-0.014284994999999988,0.08035750000000003,0.02999004999999999,-0.10450000000000001,-0.30200000000000005,-0.078,23.971750000000007,6.571999999999999,7.144,,670260992.0,487811008.0,6438285312.0,1259833000.0,,496072000.0,,,128203000.0,,50722000.0,141871000.0,,0.0,,,1.33,1712102400.0,1.567,215.99000549316406,75.75,143.7899932861328,187.58333,2.0,12.0,5.04,0.0934,0.37467,0.49145,False,False,,0.606,491945.0,618550.0,0.3801007201016614,-14.49,-18.54,8.62,,-0.3342747829566416,0.67038512336201,23.739902032378083,-0.1653170704433019,-0.010239071267820643,False,0.2432158609109952,,0.512,US,True,,48.211316369471525,38.56290980577674,21.67299870927772,47.097393066053144,90.77733860342556,12.658227848101266,,50.0,20.059880239520957,60.6,41.323797713181,standard,666,88941300,False,43.9,False,28.17195325542571,86.72787979966611,8.597662771285476,50.04173622704508,50.04173622704508,50.04173622704508,4,NEUTRAL,0,NEDTREND,True,0,0.0,LÅG,EJ AKTUELL,-6.7,True,0.875,,2026-07-13,0
IVZ,Invesco Ltd.,Financial Services,Asset Management,United States,USD,12846736105.494907,,-6.4351720000000014,0.9074,-3.36266745,1.9487193,2.658,1.4769999999999985,-0.18817499999999998,0.0002349999249999981,-0.29123500399999996,-0.18083997000000002,-0.19055,0.07849999999999999,0.21699999999999997,0.166,-50.68675,-0.9450000000000001,0.822,-237991040.0,806899968.0,1966700032.0,17524336640.0,27094000000.0,,6377100000.0,,,-695700000.0,,-281700000.0,1525300000.0,3.01,0.5646,0.86,4.18,0.215,1778803200.0,1.597,29.81999969482422,15.932006793341465,28.979999542236328,30.375,2.46154,12.0,3.13,0.0594,0.00603,0.97245,False,False,,0.828,5478108.0,4614980.0,0.7533158901361645,3.83,23.91,6.33,,-0.02816901948975159,0.3632623216462107,55.08474771960954,0.058387701985381346,0.14258674453371523,True,0.7905043864510444,,0.615,US,True,52.484896661367245,19.785131487626103,76.67606474354143,58.95246597214906,20.756952039121884,82.87220026350461,67.53164556962025,36.40699523052464,50.0,32.035928143712574,92.8,41.28105943980839,holding,667,133742118,False,58.6,False,59.515859766277124,77.71285475792989,63.77295492487479,50.04173622704508,50.04173622704508,50.04173622704508,4,NEUTRAL,0,UPPTREND,False,2,0.2857142857142857,LÅG,EJ AKTUELL,5.7,True,0.75,SUSPICIOUS_FWD_PE;,2026-07-13,0
NCAB.ST,NCAB Group AB (publ),Technology,Electronic Components,Sweden,SEK,13630203681.295471,29.145678499999995,10.2634825,1.7923,2.9704110000000004,3.6098096,3.73,12.293499999999998,0.0,0.001299999000000003,-0.032067501,-0.04547125899999997,-0.09909499999999999,-0.009500000000000008,0.22999999999999998,0.432,41.0895,0.010750000000000093,1.483,-770553248.0,397000000.0,1159900032.0,14393303040.0,3520957000.0,,3743451000.0,,,332613000.0,,206040000.0,286848000.0,1.48,0.0,1.1,,1.1,1778198400.0,1.051,86.80000305175781,37.545589748234136,72.9000015258789,83.66667,2.0,3.0,,,0.05395,0.80404997,False,False,,0.5,371305.0,201724.0,0.61,-10.28,9.15,,,-16.16,0.5191,36.8,-8.55,,False,0.05490335410756912,,0.429,Nordic,True,25.254227489521607,41.72213813528142,32.573989514628785,48.42083428004221,40.39208470250092,82.08168642951252,67.53164556962025,19.71383147853736,50.0,,50.0,41.241968258689475,standard,668,1515532,False,47.0,False,28.17195325542571,76.46076794657763,40.06677796327212,50.04173622704508,50.04173622704508,50.04173622704508,4,NEUTRAL,0,VARNING,False,1,0.14285714285714285,LÅG,EJ AKTUELL,12.0,True,0.875,,2026-07-13,0
TSLA,"Tesla, Inc.",Consumer Cyclical,Auto Manufacturers,United States,USD,1531434002315.951,341.469433875,139.39599550000003,5.0946,13.254634949999998,15.691473,15.358,117.49274999999999,-0.1375,-0.052734998925,-0.048454997,-0.06864,-0.28905000000000003,0.085,-0.023999999999999994,0.166,-59.36125,0.62,1.43,4152146176.0,44743000064.0,15889999872.0,1503266996224.0,137806000000.0,,94827000000.0,,,4849000000.0,,3794000000.0,14747000000.0,,0.0,,,,,1.802,498.8299865722656,297.82000732421875,407.760009765625,424.56,2.38298,40.0,1.66,0.023699999,0.18737,0.44877997,False,False,,0.5,53480467.0,46300760.0,0.7183564198498511,2.79,17.98,-5.48,,-0.1825671656839084,0.44789588772802014,51.9945190578781,-0.0035102683306280635,-0.024823965108192292,True,0.6191505228531188,,0.558,US,True,37.956930192224306,18.61967050390171,59.915885468477086,52.00433167512332,36.0127750105496,17.391304347826086,12.658227848101266,52.14626391096979,50.0,70.65868263473054,50.0,41.218325741879724,standard,669,18879598350,False,41.0,False,60.68447412353923,15.108514190317196,7.0116861435726205,50.04173622704508,50.04173622704508,50.04173622704508,4,NEUTRAL,0,NEDTREND,True,0,0.0,LÅG,EJ AKTUELL,2.6,True,0.875,,2026-07-13,0
XVIVO.ST,Xvivo Perfusion AB (publ),Healthcare,Medical Devices,Sweden,SEK,8857651348.515015,95.18897450000001,29.42515600000001,,0.2705147999999995,10.6139145,10.392,47.23649999999999,-0.107075,-0.038789999,-0.020552500000000005,-0.05988376899999999,0.28260499999999994,0.017499999999999988,,,-35.87825000000001,2.3617500000000002,3.102,-1075488496.0,308143008.0,122682000.0,8672190464.0,2374112000.0,,812165000.0,,,92122000.0,,25163000.0,101066000.0,,0.0,,,,,1.458,310.3999938964844,160.0,281.20001220703125,347.4,1.25,5.0,,,0.07848,0.61776,False,False,,0.5,71312.0,56605.0,0.7005607566828221,3.92,11.23,51.67,,-0.09407210780806607,0.5780428650674857,71.7948858397823,0.02355789005711917,0.30047316405438074,True,0.8309432168463279,,0.334,Nordic,True,10.384159560630149,36.49420144582884,78.42163257264703,30.05415100196599,39.250427925813234,87.61528326745717,12.658227848101266,9.379968203497615,50.0,,50.0,41.09156605926866,standard,670,1640402,False,43.7,False,28.17195325542571,83.30550918196995,11.101836393989984,50.04173622704508,50.04173622704508,50.04173622704508,4,NEUTRAL,0,UPPTREND,False,1,0.14285714285714285,LÅG,EJ AKTUELL,3.4,True,0.875,EXTREME_EARNINGS_GROWTH;,2026-07-13,0
PEN,"Penumbra, Inc.",Healthcare,Medical Devices,United States,USD,12511326532.559967,41.86586737500001,31.284907500000003,4.0725,2.778771249999999,8.603089,8.328,42.66074999999999,-0.038735000000000006,-0.0028350039250000045,-0.010719993999999997,-0.08525501499999999,0.19414999999999993,0.0715,-0.293,-0.169,-42.10799999999999,3.9040000000000004,3.773,-958053696.0,615660032.0,216175008.0,12111841280.0,1826519000.0,,1403665000.0,,,189249000.0,,177687000.0,238663000.0,,0.0,,,,,0.699,362.4100036621094,221.25999450683594,318.1000061035156,363.35715,2.64706,14.0,4.9,0.0596,0.02898,0.87098,False,False,,0.1,435691.0,366540.0,0.4042911116626679,-0.92,-3.47,0.62,,-0.1222648301946595,0.3329969847754612,53.731309292150726,-0.00826063296635604,0.02349602663398276,True,0.67754148730371,,0.703,US,True,13.60052030640266,44.242939981756926,49.859881221584686,38.070233594021744,69.80287070675817,83.13570487483531,12.658227848101266,13.195548489666137,50.0,31.437125748502993,10.0,40.94402614065135,standard,671,116596376,False,43.5,False,28.17195325542571,78.21368948247078,14.607679465776293,50.04173622704508,50.04173622704508,50.04173622704508,3,SVAG,-8,VARNING,False,1,0.14285714285714285,LÅG,EJ AKTUELL,-6.0,True,0.875,,2026-07-13,0
AFRM,"Affirm Holdings, Inc.",Financial Services,Credit Services,United States,USD,24555327220.43477,54.891773625000006,6.211694,0.8257,2.6722871499999994,7.006112,8.878,44.105000000000004,-0.057954995999999995,-0.009214999075000002,-0.15802500399999997,-0.28670997000000004,0.0039899999999999936,0.2635,35.16,35.698,174.76325,11.774999999999999,9.572,-798768192.0,1768999040.0,9090749440.0,35258986496.0,11154929000.0,,3224412000.0,,,337993000.0,,52186000.0,793909000.0,,0.0,,,,,3.674,100.0,42.095001220703125,83.41999816894531,87.58966,1.69697,29.0,4.11,0.066199996,0.04346,0.87154,False,False,,0.5,5025490.0,4319450.0,0.7734171034648819,28.12,70.21,0.45,,-0.16580001831054691,0.6187037141433152,68.62745098039215,0.17229106688433848,0.2604663979551942,True,0.7352507747623169,,0.31,US,True,26.55065760948114,25.610500030231822,70.98705765869329,74.323699795138,32.02157082456471,73.12252964426878,12.658227848101266,31.955484896661368,50.0,29.34131736526946,50.0,40.82139985311736,standard,674,360328511,False,42.4,False,28.17195325542571,66.6110183639399,19.28213689482471,50.04173622704508,50.04173622704508,50.04173622704508,3,SVAG,-8,UPPTREND,False,2,0.2857142857142857,LÅG,EJ AKTUELL,-4.6,True,0.875,,2026-07-13,0
BOUV.OL,Bouvet ASA,Technology,Information Technology Services,Norway,NOK,4463028911.006378,-18.4059595,-10.5874995,,3.5341270000000002,1.1531799,1.097,-11.8275,0.49787,0.081179999,-0.004857500999999997,-0.02644125899999998,-0.138675,-0.1645,-0.4,-0.196,38.86149999999999,-0.5662499999999999,1.181,-763387744.0,551203008.0,339040992.0,4250866944.0,1728816000.0,,3912343000.0,,,473432000.0,,358673000.0,347111000.0,6.83,0.9288,3.0,4.24,3.0,1778803200.0,0.341,74.79569152689051,41.17421124106959,43.599998474121094,55.0,,3.0,,,0.14877,0.47959998,False,False,,0.5,166579.0,97825.0,0.5516210738080162,-1.8,-8.39,-20.85,,-0.41707874365402386,0.2411875233258765,59.130422090996724,-0.039360280946848625,-0.16016895297879974,True,0.572228484594828,,0.279,Nordic,True,,61.21377665119765,27.059548123881296,9.58182737439639,59.21641129217232,93.54413702239789,67.53164556962025,6.518282988871224,50.0,,50.0,40.74422976655303,standard,675,436072,False,54.8,False,28.17195325542571,90.06677796327212,78.21368948247078,50.04173622704508,50.04173622704508,50.04173622704508,3,SVAG,-8,NEDTREND,True,2,0.2857142857142857,LÅG,EJ AKTUELL,-15.0,True,0.875,SUSPICIOUS_FWD_PE;,2026-07-13,0
012330.KS,"Hyundai Mobis Co.,Ltd",Consumer Cyclical,Auto Parts,South Korea,KRW,43520124504000.0,,-3.7899080000000014,0.09,,0.7027694,0.562,-6.090999999999998,-0.057834996500000006,-0.02637000004999999,-0.03816249799999999,-0.05366999999999997,-0.226875,-0.017999999999999995,-0.242,-0.145,-28.871249999999996,0.8159999999999998,1.721,1494572009472.0,12600156880896.0,3813206917120.0,34780238315520.0,70400532000000.0,,61118127000000.0,,,3357582000000.0,,3655790000000.0,4472515000000.0,1.33,0.16530001,6500.0,1.83,5000.0,1773878400.0,1.369,822000.0,274353.64046052634,488000.0,683533.3,1.5,30.0,,,0.3518,0.36164,False,False,,0.5,678769.0,399064.0,0.5959838959164989,-15.28,19.9,32.73,,-0.4063260340632603,0.6639542775456105,30.896226415094333,-0.14384462885313776,0.16088778490429734,False,0.3138165305608893,,0.0,Asia,True,,25.222524403504924,70.43002820520817,17.365811095605196,34.62439666978171,3.293807641633729,67.53164556962025,90.93799682034977,50.0,,50.0,40.29445654636315,standard,679,142162559,False,57.1,False,83.97328881469114,2.5459098497495827,87.72954924874792,50.04173622704508,50.04173622704508,50.04173622704508,4,NEUTRAL,0,VARNING,False,2,0.2857142857142857,LÅG,EJ AKTUELL,-5.1,True,0.625,SUSPICIOUS_FWD_PE;,2026-07-13,0
COF,Capital One Financial Corporation,Financial Services,Credit Services,United States,USD,124140248443.03917,40.59031662499999,-7.428743000000001,0.2152,-3.51753655,3.4247432,2.955,,-0.140235,-0.021725000075,-0.16555500399999995,-0.08597997000000002,-0.4797,0.4005,-0.165,0.548,,,,,79386001408.0,55874998272.0,107300438016.0,669009000000.0,,53434000000.0,,,,,2453000000.0,27718000000.0,1.6,0.86120003,3.2,1.65,0.8,1779148800.0,1.022,257.5448295944663,174.23209732202199,201.52000427246094,256.0909,1.625,22.0,2.3,0.0214,0.018919999,0.88038003,False,False,,0.5,4687175.0,4227900.0,0.4905871173472017,9.91,3.93,-19.78,,-0.21753426543341148,0.32205076036776764,49.98891716093873,0.05393162158012177,-0.025139212100082187,False,0.5815185970909711,,0.675,US,True,,13.21348005375341,43.170098411180014,60.99521889522063,46.650499257016676,40.184453227931485,67.53164556962025,,50.0,74.8502994011976,50.0,39.97384135224779,standard,683,852006426,False,41.2,False,28.17195325542571,34.47412353923205,42.82136894824708,50.04173622704508,50.04173622704508,50.04173622704508,0,SVAG,-8,NEDTREND,True,2,0.2857142857142857,LÅG,EJ AKTUELL,-10.8,True,0.75,SUSPICIOUS_FWD_PE;,2026-07-13,0
4568.T,"Daiichi Sankyo Company, Limited",Healthcare,Drug Manufacturers - General,Japan,JPY,4968563144515.0,-5.545499499999998,-2.2462244999999985,1.79,0.6121166,2.3403003,2.253,3.705875,0.06388499500000001,-0.011744999849999996,0.011972501250000003,-0.18331000799999997,0.40626500249999997,0.052500000000000005,-0.617,-0.513,-0.18412499999999987,0.05899999999999953,1.395,-313117254656.0,449806991360.0,350051008512.0,4783060549632.0,4005390000000.0,,2123045000000.0,,,229089000000.0,,259874000000.0,77655000000.0,3.66,0.5557,100.0,1.23,50.0,1790640000.0,-0.158,4122.388652456052,2390.0,2730.5,4205.294,1.41176,17.0,,,0.01753,0.54247004,False,False,,0.5,8577518.0,7173560.0,0.8843131950508021,9.44,-3.6,-21.61,,-0.3376412972674926,0.37590571608092294,72.02247191011236,0.04649736698886242,-0.11585375970357725,True,0.8402918268826627,,0.33,Japan,True,34.16013874837404,52.990077004343426,31.011194069125136,20.114577905834295,64.89340308575711,11.594202898550725,67.53164556962025,16.85214626391097,50.0,,50.0,39.87352142877794,standard,684,120639581,False,39.7,False,28.17195325542571,9.348914858096828,58.43071786310517,50.04173622704508,50.04173622704508,50.04173622704508,2,SVAG,-8,NEDTREND,True,2,0.2857142857142857,LÅG,EJ AKTUELL,-12.0,True,0.875,SUSPICIOUS_FWD_PE;,2026-07-13,0
COLO-B.CO,Coloplast A/S,Healthcare,Medical Instruments & Supplies,Denmark,DKK,83154085196.0,17.974934500000003,-2.7405039999999996,1.022,3.1904913,3.2593608,4.045,-2.6404999999999985,-0.00032499999999999196,0.034019999999999995,-0.0339725,0.06446621100000001,0.22606500000000002,-0.0625,,,147.11475,-0.40925000000000006,1.01,3214375104.0,1067000000.0,24227999744.0,113452883968.0,48073000000.0,,27030000000.0,,,7286000000.0,,5052000000.0,2766000000.0,5.74,2.4625,23.0,2.81,5.0,1779062400.0,0.534,618.8637324020452,369.70001220703125,401.0,458.0,3.09524,21.0,,,0.0,0.31500998,False,False,,0.5,378823.0,388958.0,0.9770246538143247,6.56,-6.63,-25.1,,-0.352038293723294,0.26114823204817283,69.25327158927212,0.024657190783366145,-0.17252443961946518,True,0.8582406483338642,,0.333,Nordic,True,,62.0953312048591,27.21346310350793,15.17719794433139,48.55621005080451,49.275362318840585,30.189873417721518,83.78378378378379,50.0,,50.0,39.82594855020396,standard,686,23761430,False,57.1,False,86.3939899833055,41.90317195325542,44.74123539232053,50.04173622704508,50.04173622704508,50.04173622704508,3,SVAG,-8,NEDTREND,True,1,0.14285714285714285,LÅG,EJ AKTUELL,-9.0,True,0.875,EXTREME_EARNINGS_GROWTH;SUSPICIOUS_FWD_PE;,2026-07-13,0
042700.KS,"HANMI Semiconductor Co., Ltd.",Technology,Semiconductor Equipment & Materials,South Korea,KRW,21057366444000.0,,23.2858005,1.1578,,43.851707,43.491,86.248,0.1845950175,0.11728999895,0.253847534,0.02778750000000005,0.18551503000000003,-0.7845,-0.8540000000000001,-0.652,-5.446250000000001,2.3419999999999996,2.459,72752007168.0,175668494336.0,2251916544.0,20883949223936.0,813331626120.0,,576684619520.0,,,251390142150.0,,214007548410.0,228626759780.0,0.36,0.4271,800.0,1.76,800.0,1772668800.0,2.033,426000.0,81148.56669861963,222000.0,263125.0,3.0,8.0,,,0.55786,0.23974001,False,False,,0.5,1268311.0,967708.0,0.7095373951865882,-23.71,-20.86,33.11,,-0.47887323943661975,0.9278579361586127,28.171334431630967,-0.27128057667310046,0.03343209375482448,False,0.26432897341674694,,0.0,Asia,True,38.92715710362769,82.6022036810925,43.774856328045956,1.4948041661351523,32.089465359856014,5.665349143610013,67.53164556962025,52.62321144674086,50.0,,50.0,39.799984893606535,standard,687,156826758,False,38.6,False,61.26878130217028,2.5459098497495827,2.5459098497495827,50.04173622704508,50.04173622704508,50.04173622704508,5,NEUTRAL,0,VARNING,False,2,0.2857142857142857,LÅG,EJ AKTUELL,-7.2,True,0.625,,2026-07-13,0
AEHR,"Aehr Test Systems, Inc.",Technology,Semiconductor Equipment & Materials,United States,USD,2283506192.406143,,463.072546,0.9,8.646239949999998,50.71581,49.865,-210.86425,-0.26666,-0.128985000925,-0.36283499499999994,-0.55382252,-0.17246,-0.5665,,,-40.27624999999999,9.192,5.79,-1107305193.0,36911000.0,10025000.0,2256620288.0,148508000.0,,58968000.0,,,-4813000.0,,-3910000.0,-7400000.0,,0.0,,,,,3.183,126.62000274658203,12.930000305175781,72.5999984741211,71.33333,,3.0,2.4,0.1398,0.047459997,0.74105,False,False,,0.5,2531260.0,1930580.0,0.7787824345418667,-23.02,5.43,200.25,,-0.426630888490635,1.2149807941686437,23.855009384452956,-0.23732287022595033,0.4722328660867876,False,0.19755873558053147,,0.675,US,True,,8.479228183478586,64.96478820716348,26.842427482495776,33.30250829463278,96.17918313570487,12.658227848101266,1.1128775834658187,50.0,14.071856287425149,50.0,39.71362410482312,standard,689,140160105,False,44.0,False,28.17195325542571,93.65609348914859,2.5459098497495827,50.04173622704508,50.04173622704508,50.04173622704508,3,SVAG,-8,VARNING,False,1,0.14285714285714285,LÅG,EJ AKTUELL,-0.6,True,0.75,EXTREME_EARNINGS_GROWTH;,2026-07-13,0
SOFI,"SoFi Technologies, Inc.",Financial Services,Credit Services,United States,USD,24089880616.788483,21.178115625,7.864248999999999,0.8768,-2.4136254500000005,6.278444,5.742,,-0.10685499999999999,-0.013975001075000002,-0.10670500399999998,-0.18900997000000003,0.35536999999999996,0.3625,0.879,1.344,-47.79174999999999,-0.6509999999999999,0.492,,3564402944.0,1916210944.0,22441687040.0,50660478000.0,,3613354000.0,,,,,481320000.0,-3742458000.0,,0.0,,,,,2.149,32.72999954223633,14.920000076293945,18.780000686645508,21.1,2.70833,20.0,2.25,0.1487,0.01432,0.56688,False,False,,0.5,74821893.0,81188270.0,1.0807915468730454,14.03,15.43,-30.44,,-0.4262144531224049,0.5566046264689414,58.38150395232441,0.11483783429869887,-0.14934765609624379,True,0.9153971707202522,,0.838,US,True,,31.935557045413372,41.45678973601375,84.21676383441192,11.583618982729556,74.04479578392622,12.658227848101266,,50.0,11.676646706586826,50.0,39.6417124247547,standard,691,1524715766,False,43.0,False,28.17195325542571,67.4457429048414,21.869782971619365,50.04173622704508,50.04173622704508,50.04173622704508,3,SVAG,-8,NEDTREND,True,1,0.14285714285714285,LÅG,EJ AKTUELL,-7.9,True,0.875,,2026-07-13,0
CCJ,Cameco Corporation,Energy,Uranium,Canada,USD,41806809627.82118,66.12303487500002,35.34800249999999,1.92,3.9938704,11.7861805,11.789,34.805499999999995,-0.057685002000000006,-0.022917499174999995,0.069985006,0.004254999999999995,-0.11187997999999999,0.022499999999999992,0.59,0.874,-42.38549999999999,1.8034999999999997,1.837,-475074816.0,1109720064.0,1010993984.0,41708097536.0,10301282000.0,,3481933000.0,,,621259000.0,,589577000.0,1408432000.0,0.18,0.1611,0.17,0.23,0.172,1764547200.0,1.0,135.24000549316406,68.82599337595263,95.98999786376953,132.83655,1.79167,10.0,1.99,,0.0014399999,0.68324,False,False,,0.5,3217721.0,2986320.0,0.7689403473445758,-6.14,-16.92,-7.65,,-0.29022483019182144,0.5523564728429544,25.784124660407358,-0.10913493290077869,-0.0801071194614551,False,0.2064111587141146,,0.712,US,True,31.284289637230813,39.812477138283775,31.72928488926264,67.7641794202715,47.397284274934776,63.50461133069829,67.53164556962025,37.67885532591415,50.0,,50.0,39.48847584808874,commodity,693,286656850,False,39.7,False,28.17195325542571,57.679465776293824,9.84974958263773,50.04173622704508,50.04173622704508,50.04173622704508,3,SVAG,-8,NEDTREND,True,2,0.2857142857142857,LÅG,EJ AKTUELL,-8.6,True,0.875,,2026-07-13,0
MELI,"MercadoLibre, Inc.",Consumer Cyclical,Internet Retail,Uruguay,USD,93902332958.771,17.320699875,12.5253565,1.1143,7.47595495,2.952625,3.164,7.51975,0.12607000000000002,-0.023984999924999993,-0.027544994999999996,-0.04159,0.015029999999999988,0.417,-0.263,-0.156,91.87775000000002,-0.2620000000000001,0.438,-5204478464.0,5664000000.0,12376000512.0,100614332416.0,42667000000.0,,28893000000.0,,,3201000000.0,,1997000000.0,12116000000.0,,0.0,,0.34,0.15,1514419200.0,1.345,2548.5,1495.0,1852.219970703125,2208.625,1.54167,24.0,2.0,0.0198,0.06961,0.82492995,False,False,,0.714,539924.0,396140.0,0.886885532174976,12.86,3.29,-14.35,,-0.2732117046485678,0.39930380072241506,76.32747247606045,0.10039820130075827,-0.03875704246694234,True,0.9538325458398556,,0.243,US,True,29.901575372163606,45.72385945914431,42.28409881424992,33.3675952551515,30.374855415741283,45.718050065876156,12.658227848101266,20.5087440381558,50.0,78.74251497005989,71.39999999999999,39.24486644568001,standard,694,733738419,False,42.6,False,28.17195325542571,39.23205342237062,47.57929883138564,50.04173622704508,50.04173622704508,50.04173622704508,2,SVAG,-8,NEDTREND,True,0,0.0,LÅG,EJ AKTUELL,-10.5,True,0.875,,2026-07-13,0
MP,MP Materials Corp.,Basic Materials,Other Industrial Metals & Mining,United States,USD,9294538794.59581,,32.6081855,,0.0,26.741566,25.945,-2216.01025,-0.19413999999999998,-0.07863500092499999,-0.3172349869999999,-0.23429,-0.10750000000000004,1.0859999999999999,,,-10.463749999999997,5.264999999999999,6.512,-1274697072.0,1738334976.0,1047953984.0,9017768960.0,3864160000.0,,224441000.0,,,-145088000.0,,-85874000.0,-155755000.0,,0.0,,,,,1.863,100.2509994506836,44.43000030517578,52.209999084472656,79.34375,1.27778,16.0,4.77,0.16379999,0.19624001,0.70414,False,False,,0.47,6065998.0,4377110.0,0.594387828471177,-3.85,-3.14,-16.46,,-0.479207196231931,0.76430799458309,27.075606685385793,-0.13832657296327056,-0.14926969831407677,False,0.21012122070091324,,0.851,US,True,,12.001647263040496,30.51606509998904,85.54599386058703,37.43295163116025,86.56126482213439,12.658227848101266,8.585055643879173,50.0,8.682634730538922,47.0,38.983249644334045,standard,695,228528909,False,42.3,False,28.17195325542571,82.13689482470785,2.5459098497495827,50.04173622704508,50.04173622704508,50.04173622704508,3,SVAG,-8,NEDTREND,True,1,0.14285714285714285,LÅG,EJ AKTUELL,-3.8,True,0.75,EXTREME_EARNINGS_GROWTH;,2026-07-13,0
CINT.ST,Cint Group AB (publ),Technology,Software - Application,Sweden,SEK,2116475549.746499,,44.20550850000001,,3.932007000000001,14.273871,14.176,133.8215,-0.7109999999999999,-0.109540001,-1.273627501,-0.125821258,0.427135,-0.1825,,,-8.409500000000005,-0.38725000000000004,1.273,-947973124.0,61880000.0,51711000.0,2105490304.0,367372000.0,,150442000.0,,,-192300000.0,,-177240000.0,43267000.0,,0.0,,,,,1.409,8.960000038146973,2.1519999504089355,5.960000038146973,5.8315268,3.0,2.0,,,0.41277,0.34389,False,False,,0.5,2210899.0,1018158.0,0.36294946362072944,3.29,46.08,105.8,,-0.3348214271459349,0.8368863821843027,76.27119602947987,0.026488932403585075,0.3895268001005572,True,0.7419725660007214,,0.516,Nordic,True,1.8699233993351638,23.992886274793072,80.63331311526359,22.296761287207257,16.443353289685973,96.44268774703558,12.658227848101266,1.1128775834658187,50.0,,50.0,38.57779962133064,standard,702,625376,False,44.8,False,28.17195325542571,93.82303839732889,8.013355592654424,50.04173622704508,50.04173622704508,50.04173622704508,2,SVAG,-8,UPPTREND,False,1,0.14285714285714285,LÅG,EJ AKTUELL,-9.4,True,0.75,EXTREME_EARNINGS_GROWTH;,2026-07-13,0
COIN,"Coinbase Global, Inc.",Financial Services,Financial Data & Stock Exchanges,United States,USD,35381444635.35309,39.40240062499999,19.058545000000002,1.5201,-1.4292650500000004,6.9748755,6.274,27.615999999999996,-0.10596499999999999,-0.007335000075000002,-0.12695500399999998,-0.44280997,0.37505,-0.3705,,,-6.4347499999999975,0.374,1.176,1307709184.0,10438001664.0,7964423168.0,39435124736.0,29671832000.0,,7181325000.0,,,1456145000.0,,1260327000.0,2426383000.0,,0.0,,,,,3.351,444.6499938964844,139.17999267578125,159.07000732421875,226.53568,1.94118,30.0,2.83,0.113199994,0.01337,0.68689,False,False,,0.5,9247244.0,7670260.0,0.7850190055475652,2.3,-5.89,-35.32,,-0.6422579343130483,0.6775701506877054,47.09955060172217,-0.09171156108809675,-0.2982715849202957,True,0.4961204134932355,,0.376,US,True,66.47940453822807,32.46074965885875,20.99635435463708,7.5386300141413445,25.6249608358587,66.79841897233202,12.658227848101266,86.00953895071542,50.0,17.065868263473057,50.0,38.534216521406734,standard,703,1220108314,False,56.5,False,88.06343906510851,60.350584307178636,19.69949916527546,50.04173622704508,50.04173622704508,50.04173622704508,4,NEUTRAL,0,NEDTREND,True,1,0.14285714285714285,LÅG,EJ AKTUELL,-6.0,True,0.875,EXTREME_EARNINGS_GROWTH;,2026-07-13,0
BBAS3.SA,Banco do Brasil S.A.,Financial Services,Banks - Regional,Brazil,BRL,117484833055.38155,-1.1091137499999988,-5.012289624999999,0.3,-1.3161851349999998,1.6806583,13.242,,-0.08487749499999997,-0.023089998650000096,-0.017687507249999956,-0.21727996999999988,-0.30571499999999996,-0.28049999999999997,-0.677,-0.544,,,,,328655175680.0,1122359181312.0,916236730368.0,2455143253000.0,,147119627000.0,,,,,13698124000.0,159254089000.0,1.19,0.1254,0.24,4.61,0.141262,1780358400.0,0.247,27.542484353543653,17.70464917299815,20.579999923706055,25.24615,2.84615,13.0,,,0.5,0.28448,False,False,,0.5,23268914.0,19178440.0,1.2906257835499715,6.03,-16.16,-3.45,,-0.2527907192562967,0.287671288741661,64.61987456122641,0.01658596809913271,-0.06511541988541691,True,1.074313812311747,,0.59,LatAm,True,,20.178027148934273,36.25909014036868,14.214916298230776,77.61728026441874,41.76548089591568,67.53164556962025,,50.0,,50.0,38.237962651948195,standard,704,76914079,False,45.2,False,28.17195325542571,35.72621035058431,68.44741235392321,50.04173622704508,50.04173622704508,50.04173622704508,1,SVAG,-8,NEDTREND,True,2,0.2857142857142857,LÅG,EJ AKTUELL,-14.2,True,0.75,SUSPICIOUS_FWD_PE;,2026-07-13,0
BURE.ST,Bure Equity AB (publ),Financial Services,Asset Management,Sweden,SEK,19068190558.0,,,1.16,-1.8356497999999999,-5.126359,-4.969,-15.817249999999998,-0.339095,-0.14085000015,-0.23503750999999998,0.636101171,-0.448525,,,,-50.25600000000001,29.48975,31.294,-3408000064.0,521000000.0,3000000.0,18559191040.0,20091000000.0,,268000000.0,,,-4675000000.0,,-4678000000.0,296000000.0,1.07,1.7361,2.75,0.84,2.75,1778630400.0,1.285,312.58589104575225,188.26420330932774,257.0,,,,,,0.28947002,0.41251,False,False,,0.5,159516.0,75398.0,0.7158016311033225,-2.28,15.91,9.37,,-0.17782597563757707,0.29824159131504346,48.91303145967032,-0.055606474072802614,0.041057870556810316,False,0.33416616964191703,,0.5,Nordic,True,,23.44259854549956,67.15658000663431,29.11392405063291,60.44367744022511,77.86561264822134,30.189873417721518,6.041335453100159,50.0,,50.0,38.08861328333655,holding,705,1996977,False,47.8,False,28.17195325542571,71.53589315525876,50.04173622704508,50.04173622704508,50.04173622704508,50.04173622704508,4,NEUTRAL,0,VARNING,False,2,0.2857142857142857,LÅG,EJ AKTUELL,-4.3,True,0.625,EXTREME_GROWTH;EXTREME_EARNINGS_GROWTH;,2026-07-13,0
RGTI,"Rigetti Computing, Inc.",Technology,Computer Hardware,United States,USD,5497876572.100197,,-105.637644,,1.7919579499999996,548.90936,507.829,-85.23825,-0.75077,-0.188875000925,-0.110574995,-6.041712199999999,-0.18018,1.8595000000000002,,-0.223,-46.33724999999998,5.207000000000001,6.83,-1106063443.0,418246016.0,6783000.0,5086413312.0,666574000.0,,7088000.0,,,-84660000.0,,-216210000.0,-58543000.0,,0.0,,,,,1.957,58.150001525878906,12.079999923706055,16.540000915527344,29.64583,,12.0,1.38,0.17709999,0.017070001,0.56355,False,False,,0.5,42141163.0,24503070.0,0.5855025679864586,-16.0,15.58,-34.39,,-0.7155631903437452,1.0899817881286125,19.647337253089475,-0.1794494872325747,-0.3017251739450947,False,0.12292955126654839,,0.659,US,True,,8.752390741687947,37.27530224270763,53.52904911460579,35.26979388260802,92.22661396574439,12.658227848101266,5.246422893481717,50.0,7.18562874251497,50.0,38.042451470597236,standard,707,405280800,False,43.2,False,28.17195325542571,88.48080133555926,2.5459098497495827,50.04173622704508,50.04173622704508,50.04173622704508,2,SVAG,-8,NEDTREND,True,0,0.0,LÅG,EJ AKTUELL,-12.7,True,0.75,EXTREME_EARNINGS_GROWTH;SUSPICIOUS_FWD_PE;,2026-07-13,0
000270.KS,Kia Corporation,Consumer Cyclical,Auto Manufacturers,South Korea,KRW,57326766342500.0,,-6.793480700000002,0.42,,0.4957978,0.314,-10.422999999999998,-0.011255002500000007,-0.00478000004999999,-0.034242499999999995,-0.030509999999999968,-0.17942501,-0.019999999999999997,-0.332,-0.235,-32.08025,0.0,0.93,1569717946368.0,23729899831296.0,2662490963968.0,36253001056256.0,98979055000000.0,,114140919000000.0,,,9078148000000.0,,7560983000000.0,9054140000000.0,4.61,0.3774,6800.0,3.0,6800.0,1774310400.0,1.014,203563.70609032846,93495.61375255624,147500.0,231400.0,1.36667,30.0,,,0.39367,0.33078,False,False,,0.5,1400143.0,1189247.0,0.8768912825143342,-5.45,-7.35,25.59,,-0.2754111092153677,0.5323836063081353,47.42404227212682,-0.06546201023873488,0.06846584150768242,True,0.4411689999179337,,0.024,Asia,True,,37.35385828634935,52.33659476434003,15.108115747858983,35.92450883763689,2.766798418972332,67.53164556962025,91.25596184419715,50.0,,50.0,37.8419305210564,standard,709,128052171,False,56.7,False,79.63272120200334,2.5459098497495827,92.73789649415693,50.04173622704508,50.04173622704508,50.04173622704508,5,NEUTRAL,0,VARNING,False,1,0.14285714285714285,LÅG,EJ AKTUELL,-5.5,True,0.625,SUSPICIOUS_FWD_PE;,2026-07-13,0
BN.TO,Brookfield Corporation,Financial Services,Asset Management,Canada,CAD,138432982246.78003,62.62923525000001,,1.27,-0.8726666500000003,1.74988,6.495,5.72525,-0.1189287485,0.0015987494750000462,-0.22466250999999995,-0.07056874000000005,-0.07843004000000003,0.0165,1.455,0.397,114.60350000000001,-0.9972499999999997,0.529,-2850984448.0,15029999616.0,267466997760.0,513820262400.0,518971000000.0,,75100000000.0,,,18049000000.0,,1307000000.0,10958000000.0,0.65,0.4902,0.4,0.85,0.098,1781481600.0,1.837,68.21149200452439,51.95930598732121,61.97999954223633,78.805504,1.81818,3.0,2.28,,0.17645,0.59080005,False,False,,0.5,2625338.0,2186230.0,1.2981813125496922,-0.31,6.39,-6.27,,-0.09135546341479717,0.281959557185858,44.52296502249728,-0.0063085560456472844,-0.00014066979054183637,False,0.49609479782584665,,0.5,Canada,True,47.48027171556583,27.91285054691549,55.931002075596986,59.621308534192565,26.377906551183887,38.3399209486166,67.53164556962025,41.33545310015898,50.0,,50.0,37.45107980014004,holding,712,95783172,False,44.6,False,28.17195325542571,32.7212020033389,67.6126878130217,50.04173622704508,50.04173622704508,50.04173622704508,3,SVAG,-8,NEDTREND,True,1,0.14285714285714285,LÅG,EJ AKTUELL,-8.5,True,0.875,,2026-07-13,0
RBLX,Roblox Corporation,Communication Services,Electronic Gaming & Multimedia,United States,USD,37172826062.42615,,-62.035721,8.18,86.01655715000003,7.480706,7.21,-52.66125000000001,-3.329414995,-0.15196000142500002,-0.33214999900000003,-0.35102,-0.23870000000000002,0.332,,,359.58975,-0.34299999999999997,0.711,104007040.0,3199000064.0,1788000000.0,38197424128.0,9557118000.0,,4890551000.0,,,-1232342000.0,,-1065057000.0,1796358000.0,,0.0,,,,,1.414,150.58999633789062,40.150001525878906,55.349998474121094,65.96774,1.82353,31.0,2.44,0.044699997,0.05483,0.83102995,False,False,,0.493,11862286.0,9662840.0,0.5659843794461932,28.72,0.33,-27.57,,-0.6324457147211296,0.6345552875558004,57.12155059338314,0.1651502903884754,-0.27087493224221315,True,0.7220605961510919,,0.764,US,True,,6.377405512593407,26.944467206723534,78.04539026661608,15.910368128014982,66.13965744400528,12.658227848101266,51.987281399046104,50.0,45.808383233532936,49.3,37.35521341367156,standard,713,534838179,False,50.6,False,65.85976627712856,59.849749582637735,17.445742904841403,50.04173622704508,50.04173622704508,50.04173622704508,3,SVAG,-8,NEDTREND,True,1,0.14285714285714285,LÅG,EJ AKTUELL,-10.1,True,0.75,EXTREME_EARNINGS_GROWTH;SUSPICIOUS_FWD_PE;,2026-07-13,0
0012.HK,Henderson Land Development Company Limited,Real Estate,Real Estate - Diversified,Hong Kong,HKD,122777577351.02812,-2.900728000000001,-5.7176610000000005,1.0025,-0.5441191399999998,4.769728,10.988,45.2685,-0.0301200035,-0.01274499954999999,-0.04783999649999997,-0.23915000999999994,-0.05541499999999999,0.14300000000000002,-0.356,-0.121,-0.27924999999999933,2.3800000000000003,0.771,-1314607616.0,23119998976.0,164753997824.0,282833584128.0,539381000000.0,,25741000000.0,,,4347000000.0,,5653000000.0,12325000000.0,4.97,1.5789,1.26,6.91,0.76,1780531200.0,1.15,34.751161462960866,24.39262462268873,25.360000610351562,32.444,2.0,10.0,,,0.72547996,0.10001001,False,False,,0.5,9169664.0,8206414.0,0.5474608928142832,-6.9,-13.2,-7.52,,-0.27024020082375566,0.2511831387569913,45.34884494597328,-0.11939323787352463,-0.12826614566275107,True,0.3693868057593822,,0.5,Asia,True,33.71383147853736,28.500444030848467,34.24292498321242,34.414604797449115,65.04650004130497,40.71146245059288,30.189873417721518,42.4483306836248,50.0,,50.0,37.25323850366083,standard,714,26551334,False,39.4,False,28.17195325542571,34.80801335559266,30.96828046744574,50.04173622704508,50.04173622704508,50.04173622704508,3,SVAG,-8,NEDTREND,True,1,0.14285714285714285,LÅG,EJ AKTUELL,-7.1,True,0.875,SUSPICIOUS_FWD_PE;,2026-07-13,0
EDIT,"Editas Medicine, Inc.",Healthcare,Biotechnology,United States,USD,500285590.41647387,,-22.902724900000003,,66.73556525000001,12.929615,5.5,-19.22025,-3.4267950000000003,-0.339284999925,-2.944199994,-9.019135010000001,-1.57207,-0.47650000000000003,,,335.62399999999997,1.0989999999999998,3.174,-1173669568.0,123648000.0,17297000.0,212823472.0,186534000.0,,40520000.0,,,-99336000.0,,-160060000.0,-165241000.0,,0.0,,,,,2.1,4.5370001792907715,1.659999966621399,3.259999990463257,5.77778,,9.0,8.12,0.1467,0.00171,0.49295,False,False,,0.755,2498675.0,3296390.0,1.1829945765952887,23.02,12.8,50.93,,-0.28146355264793854,0.9282688507308582,66.28571459711819,0.10613463560616188,0.20864962858817626,True,0.6433677101229915,,0.838,US,True,,1.180780510168334,71.5273121196641,35.82976925464767,23.368644602066883,99.2094861660079,12.658227848101266,,50.0,12.874251497005988,75.5,37.23263531406221,standard,715,10746231,False,45.5,False,28.17195325542571,97.53756260434056,8.764607679465776,50.04173622704508,50.04173622704508,50.04173622704508,0,SVAG,-8,UPPTREND,False,1,0.14285714285714285,LÅG,EJ AKTUELL,-11.9,True,0.75,EXTREME_EARNINGS_GROWTH;SUSPICIOUS_FWD_PE;,2026-07-13,0
CHWY,"Chewy, Inc.",Consumer Cyclical,Internet Retail,United States,USD,4863911825.143955,4.197595875,-7.812397500000003,0.4148,14.90751995,0.6707535,0.666,3.4077499999999983,0.45164999999999994,-0.014984999924999994,-0.068044997,-0.07239,-0.18058000000000002,0.0040000000000000036,0.42000000000000004,0.519,45.28575000000001,-0.6390000000000001,0.321,-636578560.0,520100000.0,523400000.0,8552077312.0,3366400000.0,,12601500000.0,,,254300000.0,,222800000.0,691600000.0,,0.0,,,,,1.445,43.5,17.399999618530273,20.8799991607666,31.04762,1.72,21.0,2.22,0.1078,0.02607,1.00103,False,False,,0.5,9373565.0,10090340.0,0.5545748859427334,2.35,-19.69,-34.75,,-0.5200000192927219,0.47260730153468944,68.36313072679928,-0.005988859343479147,-0.26853879001167524,True,0.8089110308429062,,0.509,US,True,32.88423182540829,39.67332774208123,16.536737640421467,58.10840594689323,26.016754987330287,92.88537549407114,12.658227848101266,13.990461049284578,50.0,18.263473053892216,50.0,37.09195517149213,standard,718,210686291,False,56.2,False,28.17195325542571,89.06510851419031,88.56427378964942,50.04173622704508,50.04173622704508,50.04173622704508,2,SVAG,-8,NEDTREND,True,0,0.0,LÅG,EJ AKTUELL,-12.8,True,0.875,SUSPICIOUS_FWD_PE;,2026-07-13,0
G.TO,Augusta Gold Corp.,,,Canada,CAD,146165600.0,,,,0.5086360499999999,,,-44.99275,-0.13758374650000002,-0.028211249374999945,0.004187500000000004,0.02848872999999999,-0.40116001,,,,87.089,-1.00875,0.064,-634996639.0,2714810.0,39043524.0,181550000.0,,,,,,,,,,,,,,,,0.884,1.71,0.82,1.69,,,,,,0.17284,0.00135,False,False,,0.5,41832.0,77775.0,,,,,,,,,,,,,,0.5,Canada,True,,29.002743071860692,,29.11392405063291,29.04840633992639,99.60474308300395,12.658227848101266,,50.0,,50.0,37.054681661109726,standard,719,92911,False,51.7,False,28.17195325542571,97.53756260434056,50.04173622704508,50.04173622704508,50.04173622704508,50.04173622704508,2,SVAG,-8,UPPTREND,False,0,0.0,LÅG,EJ AKTUELL,-6.4,True,0.625,EXTREME_GROWTH;EXTREME_EARNINGS_GROWTH;,2026-07-13,0
IREN,IREN,Unknown,Unknown,Unknown,USD,,,,,,,,,,,,,,,,,,,,,,,,2940323000.0,,501023000.0,,,22122000.0,,86941000.0,245886000.0,,,,,,,,76.87000274658203,14.720000267028809,41.13999938964844,,,,,,,,False,False,,0.319,,,0.7566584841705151,-23.84,11.01,-5.7,,-0.46481074645886233,1.0496766907549442,23.40305667401573,-0.2352164897605804,-0.16389550079876003,False,0.22121848640115205,,0.656,US,True,,,47.00956022179048,49.050632911392405,1.112565445026178,,12.658227848101266,,50.0,,31.900000000000002,36.72390822649466,standard,721,,True,44.6,False,28.17195325542571,50.04173622704508,50.04173622704508,50.04173622704508,50.04173622704508,50.04173622704508,1,SVAG,-8,NEDTREND,True,0,0.0,LÅG,EJ AKTUELL,3.6,True,0.0,EXTREME_GROWTH;EXTREME_EARNINGS_GROWTH;MISSING_CRITICAL;,2026-07-13,0
035420.KS,NAVER Corporation,Communication Services,Internet Content & Information,South Korea,KRW,28614611340100.0,,0.4980044999999995,23.3543,,2.291133,2.138,-0.5269999999999992,-0.0964599975,-0.011805001549999996,0.0131025,-0.014089999999999991,0.629135,0.10200000000000001,-0.4225,-0.328,-16.579250000000002,-0.05099999999999982,0.963,1447670253568.0,8963419537408.0,5310200152064.0,26707111182336.0,41084496327310.0,,12035007218970.0,,,2208138388970.0,,1953214734950.0,3095806604670.0,1.37,0.2187,2630.0,0.5,2630.0,1772064000.0,1.155,304000.0,184000.0,191300.0,303074.06,1.66667,27.0,,,0.00155,0.32562,False,False,,0.5,1889976.0,999330.0,0.5674100768102265,-14.6,-5.06,-22.52,,-0.37072368421052626,0.5263963775033593,27.459618208516886,-0.11751409301853544,-0.1835314911369368,False,0.27869446269924175,,0.544,Asia,True,,49.845823821595054,29.090108727496908,33.24640315696228,32.242692890658525,4.61133069828722,67.53164556962025,93.0047694753577,50.0,,50.0,36.4093570618243,standard,722,139555435,False,54.3,False,90.40066777963273,2.5459098497495827,58.848080133555925,50.04173622704508,50.04173622704508,50.04173622704508,4,NEUTRAL,0,NEDTREND,True,1,0.14285714285714285,LÅG,EJ AKTUELL,-3.8,True,0.625,SUSPICIOUS_FWD_PE;,2026-07-13,0
005380.KS,Hyundai Motor Company,Consumer Cyclical,Auto Manufacturers,South Korea,KRW,92605350195000.0,,-3.6101620000000016,4.13,,0.6379035,1.232,2.910000000000002,-0.05470500250000001,-0.038290000049999995,-0.04886249799999999,-0.05050999999999997,-0.193785,-0.03899999999999999,-0.538,-0.26,103.11074999999998,-0.1299999999999999,1.027,-3835371124736.0,86041566380032.0,184470237872128.0,231316217921536.0,368844849000000.0,,186254472000000.0,,,11467851000000.0,,9445987000000.0,-5991270000000.0,2.19,0.3039,10000.0,4.01,2500.0,1779926400.0,1.676,783000.0,198636.20698395884,457500.0,732948.9,1.64516,31.0,,,0.3367,0.28139,False,False,,0.5,1589014.0,949318.0,0.5878792544150622,-23.37,-9.61,51.46,,-0.41570881226053635,0.6511230505300003,21.99546485260771,-0.22988582661801837,0.06249147095903229,False,0.2387428534779533,,0.163,Asia,True,48.42217083393554,24.262800408413987,51.43637988196806,11.803968276410517,23.139478661661805,1.185770750988142,67.53164556962025,34.49920508744038,50.0,,50.0,35.60653775916428,standard,724,317048479,False,43.4,False,28.17195325542571,2.5459098497495827,89.64941569282136,50.04173622704508,50.04173622704508,50.04173622704508,1,SVAG,-8,VARNING,False,1,0.14285714285714285,LÅG,EJ AKTUELL,-14.3,True,0.625,SUSPICIOUS_FWD_PE;,2026-07-13,0
CRH.L,CRH plc,Basic Materials,Building Materials,Ireland,GBp,58734817280.0,-5.941993750000002,1268.4365495,2.2984,326.16295060000016,1.5684786,2.025,-8.515875000000001,-0.02766938187500005,-0.005847498924999996,-0.15119746574999998,-0.17659879750000004,-0.35875500000000005,-0.025999999999999995,0.067,0.458,65.954625,-0.9594999999999992,1.091,1439006176.0,4096000000.0,19704999936.0,75823243264.0,58329000000.0,,37447000000.0,,,5323000000.0,,3730000000.0,5625000000.0,0.0127,0.26860002,1.11,2.21,0.39,1772668800.0,1.241,9758.0,6340.0,8790.0,10476.811,1.33333,11.0,,,0.00139,0.90112996,False,False,,0.5,425571.0,576326.0,,,,,,,,,,,,,,0.525,UK,True,,21.9243581792636,,49.7478197904264,23.422295215926464,56.52173913043478,25.31645569620253,74.56279809220986,50.0,,50.0,35.53408441157643,standard,725,5065905540,False,59.2,False,75.6463719766472,48.790658882402,69.89157631359465,50.0417014178482,50.0417014178482,50.0417014178482,5,NEUTRAL,0,UPPTREND,False,0,0.0,LÅG,EJ AKTUELL,0.0,True,0.875,,2026-07-13,0
NAVI,Navient Corporation,Financial Services,Credit Services,United States,USD,774472774.5675297,,-7.207449,0.13,-4.36380308,2.2940273,137.746,,-0.19738499999999998,-0.027825000075000002,-0.4397250139999999,-0.11583997000000001,0.5203,-0.07050000000000001,,,1834.48425,6.096,7.601,,657000000.0,45200998400.0,45318393856.0,48681000000.0,,610000000.0,,,,,-80000000.0,441000000.0,7.97,2.0,0.64,4.31,0.16,1780617600.0,1.211,14.54412763828471,7.179060135004698,8.239999771118164,9.375,3.25,8.0,7.18,0.24239999,0.02286,1.04007,False,False,,0.5,1154509.0,1033290.0,0.7458466635955996,3.65,1.36,-33.12,,-0.4334483321345518,0.3910108653735419,53.16455034034519,0.0012645918537355083,-0.1704953085914297,False,0.48932178691460965,,0.314,US,True,,28.492130202996186,29.6819932033449,13.56862001172697,41.07838912662133,98.41897233201581,30.189873417721518,,50.0,13.592814371257486,50.0,35.428730457894616,standard,728,8514309,False,53.0,False,28.17195325542571,97.53756260434056,58.764607679465776,50.04173622704508,50.04173622704508,50.04173622704508,1,SVAG,-8,NEDTREND,True,0,0.0,LÅG,EJ AKTUELL,-14.6,True,0.75,EXTREME_EARNINGS_GROWTH;SUSPICIOUS_FWD_PE;,2026-07-13,0
SBILIFE.NS,SBI Life Insurance Company Limited,Financial Services,Insurance - Life,India,INR,1868975034538.678,42.67202999999999,32.876247,,5.2636214,1.6644015,1.636,37.12075,-0.022999997499999994,-0.033025004075,-0.23849,-0.16601997000000002,-0.32085998,-0.8845,-0.14400000000000002,-0.011,,-0.46949999999999964,0.392,-8460118016.0,32079400960.0,0.0,1836952846336.0,5000459400000.0,,1122911100000.0,,,,,24703000000.0,,0.15,0.1097,2.7,0.17,2.7,1772755200.0,0.341,2129.040438508761,1700.4000244140625,1862.9000244140625,2334.2974,1.13889,37.0,,,0.587,0.30963,False,False,,0.5,1282393.0,1268137.0,0.7910045953050404,8.36,-2.69,-9.91,,-0.12500486570424685,0.19927226216156135,60.24268547646836,0.028065563230106783,-0.028618463577863573,True,1.136553283256905,,0.0,India,True,34.55239196415667,16.266878400154773,44.23490491211274,13.663186128178435,66.24126260913273,16.073781291172594,67.53164556962025,42.60731319554849,50.0,,50.0,35.24479818136301,standard,730,24708842,False,42.0,False,28.17195325542571,14.106844741235392,69.1151919866444,50.04173622704508,50.04173622704508,50.04173622704508,2,SVAG,-8,NEDTREND,True,2,0.2857142857142857,LÅG,EJ AKTUELL,-13.8,True,0.75,,2026-07-13,0
NUVL,"Nuvalent, Inc.",Healthcare,Biotechnology,United States,USD,9130561201.746574,,-49.39184250000001,,2.608562249999999,,,,-0.5779550000000001,-0.294954999925,-0.128339994,-0.18727501,-0.4797,,,,,14.017,15.885,-1280281312.0,1287475968.0,0.0,8500365824.0,1412705000.0,,0.0,,,-414307000.0,,-425377000.0,-275209000.0,,0.0,,,,,1.138,123.91000366210938,71.12999725341797,123.9000015258789,125.125,,16.0,0.56,0.0617,0.02784,1.1326799,False,False,,0.5,2236101.0,1573740.0,0.7889102503895865,0.53,18.46,15.99,,-8.072097437539227e-05,0.5804548601222015,85.0740150307447,0.11869146055206015,0.20567427660997417,False,0.9762885208982421,,0.0,US,True,,5.794974848065939,80.3653503999413,1.2025316455696202,48.005997770193034,86.8247694334651,12.658227848101266,8.108108108108109,50.0,29.64071856287425,50.0,35.22326998652021,standard,731,194986388,False,49.4,False,28.17195325542571,82.30383973288815,50.04173622704508,50.04173622704508,50.04173622704508,50.04173622704508,1,SVAG,-8,UPPTREND,False,1,0.14285714285714285,LÅG,EJ AKTUELL,-8.7,True,0.5,EXTREME_GROWTH;EXTREME_EARNINGS_GROWTH;SUSPICIOUS_FWD_PE;,2026-07-13,0
NRG,"NRG Energy, Inc.",Utilities,Utilities - Independent Power Producers,United States,USD,29626719731.072235,128.943928375,-7.9275522500000015,0.6492,2.5058006999999995,0.91524756,1.651,7.453749999999999,-0.07322499699999999,-0.019465001924999996,-0.12861999549999997,-0.18691500000000003,-0.31524001,0.116,-0.9159999999999999,-0.833,325.66675,-0.16300000000000026,0.334,-668228576.0,178000000.0,23357999104.0,53456719872.0,29140000000.0,,30713000000.0,,,1944000000.0,,864000000.0,1913000000.0,1.35,1.9725,1.9,2.6,0.475,1777593600.0,1.201,189.3800421561953,120.11000061035156,140.4199981689453,197.82353,1.58824,17.0,2.94,0.0513,0.044109996,0.95338,False,False,,0.5,2791163.0,2961090.0,0.3932206827487419,8.05,-12.94,-5.12,,-0.25852800236927354,0.45379517560424454,56.640238514982606,0.020829499148666386,-0.09256368427083028,True,0.5783249129934899,,0.796,US,True,41.65732042202631,15.686753188019377,36.142970230103074,35.60262133892633,25.93266462877496,69.6969696969697,30.189873417721518,37.0429252782194,50.0,38.772455089820355,50.0,34.60098123919406,standard,733,415796252,False,51.5,False,28.17195325542571,62.85475792988314,83.30550918196995,50.04173622704508,50.04173622704508,50.04173622704508,1,SVAG,-8,NEDTREND,True,0,0.0,LÅG,EJ AKTUELL,-9.7,True,0.875,SUSPICIOUS_FWD_PE;,2026-07-13,0
HUT,Hut 8 Corp.,Financial Services,Capital Markets,United States,USD,11509370266.083984,,-70.777869,,3.656665149999999,40.48034,42.496,-40.69,-0.446785,-0.18878500007500001,-1.352055004,-5.58706997,0.11700999999999995,2.1925,,,-40.493750000000006,-0.909,0.662,-1400451936.0,160016000.0,422911008.0,12082601984.0,2753720000.0,,235118000.0,,,-97364000.0,,-226149000.0,-139226000.0,,0.0,,,,,6.071,140.8000030517578,18.68000030517578,102.22000122070312,126.94118,1.29412,17.0,3.0,0.1243,0.08559,0.73549,False,False,,0.223,4685462.0,4913830.0,0.5912125943002052,-9.26,61.18,76.61,,-0.2740056888839182,1.0327911658972593,33.733528383692175,-0.06079819276390552,0.5653989171069094,False,0.17998992436073427,,0.63,US,True,,14.942045128081933,83.37181288541301,73.41556582623392,3.0789903160127654,84.32147562582345,12.658227848101266,9.85691573926868,50.0,14.67065868263473,22.3,34.497578352019076,holding,734,502291709,False,41.9,False,28.17195325542571,79.5492487479132,2.5459098497495827,50.04173622704508,50.04173622704508,50.04173622704508,2,SVAG,-8,VARNING,False,2,0.2857142857142857,LÅG,EJ AKTUELL,-6.7,True,0.75,EXTREME_EARNINGS_GROWTH;SUSPICIOUS_FWD_PE;,2026-07-13,0
KINV-B.ST,Kinnevik AB,Financial Services,Asset Management,Sweden,SEK,12340970472.496273,,-4.8342525,4.76,-2.38067823,-1.7723253,-0.867,,-0.364885,-0.16597999014999998,-0.23503750999999998,0.577951271,-0.448525,1.5815,1.61,1.743,-43.33600000000001,4.530749999999999,6.233,-6281186112.0,9354999808.0,2055000064.0,6988487168.0,38117000000.0,,-4223000000.0,,,,,-3346000000.0,-215000000.0,,0.0,,2.71,7.0,1717718400.0,1.379,94.13999938964844,46.779998779296875,50.7400016784668,76.42857,1.71429,7.0,,,0.028989999,0.55935,False,False,,0.5,1480121.0,1481218.0,0.7149111913003814,-10.95,1.28,-38.06,,-0.46101548749270405,0.35377577484227046,33.1154772817748,-0.06955077406900911,-0.25641565951544554,False,0.1639497694913012,,0.5,Nordic,True,,23.175504356549727,28.331776135148402,77.94354635131606,53.37504575026267,83.6627140974967,12.658227848101266,,50.0,,50.0,34.41026498599008,holding,735,7745502,False,48.9,False,28.17195325542571,78.54757929883138,50.04173622704508,50.04173622704508,50.04173622704508,50.04173622704508,4,NEUTRAL,0,NEDTREND,True,1,0.14285714285714285,LÅG,EJ AKTUELL,0.5,True,0.75,SUSPICIOUS_FWD_PE;,2026-07-13,0
ASTS,"AST SpaceMobile, Inc.",Technology,Communication Equipment,United States,USD,21904084710.38984,,-378.243034,,2.824236949999999,332.74023,264.289,-92.62425,-0.5573599800000001,-0.130985000925,-0.110574995,-10.283702499999999,-0.031469970000000014,19.3925,,,64.92475000000002,16.691000000000003,17.909,-2512601984.0,3029591040.0,2991408128.0,22447353856.0,5014387000.0,,70918000.0,,,-287713000.0,,-341940000.0,-71517000.0,,0.0,,,,,2.677,133.86000061035156,36.08000183105469,73.31999969482422,81.46667,,9.0,2.6,0.2173,0.07813,0.47637,False,False,,0.5,22943814.0,18175380.0,0.3309270515865839,-17.35,-19.97,-14.48,,-0.45226356371946486,1.0839304570264408,43.36346783464934,-0.1491889956350696,-0.11589845567408685,False,0.308356744480988,,0.16,US,True,,13.491051530539448,23.658017065187355,51.54847721863898,35.4853203393275,76.02108036890645,12.658227848101266,10.492845786963434,50.0,14.191616766467066,50.0,34.357382843427644,standard,736,1332618856,False,40.4,False,28.17195325542571,69.53255425709516,2.5459098497495827,50.04173622704508,50.04173622704508,50.04173622704508,3,SVAG,-8,NEDTREND,True,0,0.0,LÅG,EJ AKTUELL,-21.3,True,0.75,EXTREME_EARNINGS_GROWTH;SUSPICIOUS_FWD_PE;,2026-07-13,0
VKTX,"Viking Therapeutics, Inc.",Healthcare,Biotechnology,United States,USD,4511865357.845261,,-27.933473499999998,,1.2715458499999999,,,,-0.86642506,-0.495174999925,-0.128339994,-0.18727501,-0.4797,,,,,3.6,5.671,-1277208320.0,602963968.0,0.0,3908901376.0,715729000.0,,0.0,,,-393342000.0,,-359639000.0,-278685000.0,,0.0,,,,,0.655,43.150001525878906,22.958999633789062,38.86000061035156,92.57895,1.45,19.0,8.48,0.214,0.02786,0.64419997,False,False,,0.5,2440863.0,3126170.0,0.7166425604910022,32.95,11.19,20.01,,-0.09942064342580492,0.7443304306914149,68.1662397197064,0.192770956880143,0.16678391283752902,True,0.6801176554106548,,0.0,US,True,,5.500463469217211,72.35133503511236,1.2025316455696202,55.43536367664719,93.41238471673255,12.658227848101266,3.0206677265500796,50.0,14.491017964071856,50.0,34.119006451727145,standard,737,121482968,False,50.6,False,28.17195325542571,89.89983305509182,50.04173622704508,50.04173622704508,50.04173622704508,50.04173622704508,1,SVAG,-8,UPPTREND,False,1,0.14285714285714285,LÅG,EJ AKTUELL,-9.0,True,0.5,EXTREME_GROWTH;EXTREME_EARNINGS_GROWTH;SUSPICIOUS_FWD_PE;,2026-07-13,0
UPST,"Upstart Holdings, Inc.",Financial Services,Credit Services,United States,USD,3133596929.7086906,60.51700962499999,-6.315314000000001,,-0.40686685000000034,2.669813,3.951,35.15899999999999,-0.10274499999999999,-0.008855000075000003,-0.21222500199999994,-0.36288997,0.34736999999999996,0.3835,,,204.32825,9.880999999999998,2.836,-1412435936.0,474663008.0,1978401024.0,4637334528.0,2974805000.0,,1023985000.0,,,,,53601000.0,-147725000.0,,0.0,,,,,2.267,87.30000305175781,23.96500015258789,32.7400016784668,40.8,2.13333,15.0,5.47,0.3096,0.1301,0.61923003,False,False,,0.672,4790185.0,4506370.0,0.5829117621872633,5.41,19.45,-34.94,,-0.6249713569991958,0.6958138568579426,51.36324229729938,0.045211675082347025,-0.13614771470817677,False,0.47410140714080884,,0.815,US,True,7.26651250180662,30.688211396219536,40.1093267421522,80.05570310074846,30.942833522569604,95.38866930171278,12.658227848101266,3.4976152623211445,50.0,11.197604790419161,67.2,34.02480109741169,standard,738,147538561,False,51.5,False,28.17195325542571,92.15358931552588,54.42404006677797,50.04173622704508,50.04173622704508,50.04173622704508,3,SVAG,-8,NEDTREND,True,1,0.14285714285714285,LÅG,EJ AKTUELL,-7.5,True,0.875,EXTREME_EARNINGS_GROWTH;SUSPICIOUS_FWD_PE;,2026-07-13,0
GOLD,"Gold.com, Inc.",Financial Services,Capital Markets,United States,USD,1144222576.4285812,-7.208859375,-4.463167,,-3.3045360500000003,0.051607132,0.117,3.799999999999999,-0.064635,0.0009950009249999978,-0.25081500409999996,-0.36318997000000003,-0.46126,2.3775,,,116.89025000000001,-0.5910000000000001,0.126,-1843764096.0,143607008.0,1654208000.0,2693466624.0,2215431000.0,,10978614000.0,,,48803000.0,,17320000.0,152347000.0,1.92,0.2606,0.8,,0.2,1779235200.0,0.609,66.13757836786306,20.221587479551662,39.45000076293945,65.8,,5.0,7.01,0.1475,0.33103,0.60214,False,False,,0.5,507109.0,423620.0,1.0242451250797933,-5.82,-10.13,5.03,,-0.4035160987674048,0.5191596817017664,38.21548491796951,-0.06069824403528434,0.0013810853284705882,False,-0.09366176247649466,,0.488,US,True,,17.234300631468855,38.42324691868158,58.82695823129721,32.629684964220964,98.02371541501977,67.53164556962025,,50.0,11.976047904191617,50.0,33.69312471112744,holding,739,16711809,False,58.8,False,28.17195325542571,97.53756260434056,97.53756260434056,50.04173622704508,50.04173622704508,50.04173622704508,2,SVAG,-8,VARNING,False,1,0.14285714285714285,LÅG,EJ AKTUELL,-13.8,True,0.875,EXTREME_EARNINGS_GROWTH;SUSPICIOUS_FWD_PE;,2026-07-13,0
REAL.TO,Real Matters Inc.,Real Estate,Real Estate Services,Canada,CAD,384806647.2477913,,-3.27338125,,0.3588771799999998,2.077543,1.86,-523.6675,-0.32861874849999995,-0.05469625087499995,-0.3829700015,-0.37298878,-0.12974999000000004,0.20900000000000002,,,-70.257,3.01875,3.722,-633131121.0,41650000.0,1252000.0,344424192.0,111562000.0,,169749000.0,,,-7928000.0,,-22657000.0,-7183000.0,,0.0,,,,,1.272,8.0,4.900000095367432,5.179999828338623,7.809624,,6.0,15.0,,0.0016,0.37147,False,False,,0.5,45124.0,39000.0,0.19916565738124076,1.37,-7.99,-21.63,,-0.3525000214576721,0.4613432013434739,46.71051475810561,-0.03956690843762334,-0.1575592269441206,True,0.43446536621747633,,0.156,Canada,True,,10.096914446181291,27.87922134537403,44.67319697858103,46.89517653389788,99.34123847167325,12.658227848101266,,50.0,,50.0,33.11502490213895,standard,742,142803,False,53.5,False,28.17195325542571,97.53756260434056,61.769616026711184,50.04173622704508,50.04173622704508,50.04173622704508,2,SVAG,-8,NEDTREND,True,0,0.0,LÅG,EJ AKTUELL,-13.3,True,0.75,EXTREME_EARNINGS_GROWTH;SUSPICIOUS_FWD_PE;,2026-07-13,0
KKR,KKR & Co. Inc.,Financial Services,Asset Management,United States,USD,87039805092.61261,11.417003625,-2.6685100000000013,0.5132,-1.5965080500000004,3.5650907,5.931,,-0.09619499599999999,-0.011964999074999998,-0.13750500999999998,-0.26171997,0.07572000000000001,-0.1285,,,3.5132499999999958,-0.91,0.814,,45299539968.0,55780061184.0,150373826560.0,410144072000.0,,19207544000.0,,,490198000.0,,2370463000.0,477760000.0,0.78,0.2517,0.75,0.83,0.195,1778803200.0,1.794,152.8544403620755,82.5080917879704,96.94000244140625,125.08316,1.57143,19.0,3.08,0.0226,0.2305,0.62172,False,False,,0.4,4789596.0,4763490.0,0.6063369385665274,1.15,4.63,-25.62,,-0.36580185559687617,0.3728298101656064,49.852258948599,0.00895386403589371,-0.11148844796245505,True,0.7119717709352368,,0.736,US,True,,25.65866643332124,36.495615081014016,34.81288586900286,37.335685339508416,47.95783926218709,67.53164556962025,,50.0,71.8562874251497,40.0,32.979682068437796,holding,743,461772732,False,41.8,False,28.17195325542571,40.73455759599332,40.73455759599332,50.04173622704508,50.04173622704508,50.04173622704508,2,SVAG,-8,NEDTREND,True,1,0.14285714285714285,LÅG,EJ AKTUELL,-8.4,True,0.875,EXTREME_EARNINGS_GROWTH;SUSPICIOUS_FWD_PE;,2026-07-13,0
SBB-B.ST,Samhällsbyggnadsbolaget i Norden AB (publ),Real Estate,Real Estate Services,Sweden,SEK,5242224367.677538,,-17.418246500000002,,-1.8878591700000003,3.8320181,26.12,45.452,-0.073925,-0.025954999499999992,-2.4678050015000004,0.0032212309999999494,0.182355,-0.05499999999999999,,,75.3275,-0.34325,0.341,-884500000.0,1858000000.0,38582001664.0,48897396736.0,69409000000.0,,1871000000.0,,,584000000.0,,-2326000000.0,1202000000.0,,0.0,,17.77,1.2,1719360000.0,2.528,5.823999881744385,2.950000047683716,3.7200000286102295,3.35,,1.0,,,0.30080998,0.24311,False,False,,0.5,13375480.0,9978383.0,1.0011533808615731,21.41,0.73,-21.68,,-0.3612637183818026,0.4464978142318685,73.09762206308508,0.09587750275469764,-0.11174360271842365,True,0.8653389436981762,,0.5,Nordic,True,27.72467119525943,32.7028529714819,33.22892066051032,24.8090056220467,24.680753118390133,92.4901185770751,12.658227848101266,34.02225755166931,50.0,,50.0,32.644364771424236,standard,744,3825456,False,48.6,False,28.17195325542571,88.73121869782972,38.313856427378965,50.04173622704508,50.04173622704508,50.04173622704508,2,SVAG,-8,NEDTREND,True,0,0.0,LÅG,EJ AKTUELL,-8.6,True,0.75,EXTREME_EARNINGS_GROWTH;SUSPICIOUS_FWD_PE;,2026-07-13,0
035720.KS,Kakao Corp.,Communication Services,Internet Content & Information,South Korea,KRW,15578174910550.0,,7.784344499999999,1.2,,1.8783958,1.519,-1.6889999999999992,-0.1151599975,-0.026905001549999995,-0.07287749999999998,-0.07238999999999998,0.568965,0.05,-0.10350000000000001,-0.001,-13.856250000000005,-0.07299999999999984,1.122,3124710148096.0,9990610878464.0,3067317321728.0,12599553949696.0,27783524545810.0,,8099147815080.0,,,733633380080.0,,491491558180.0,1404762595720.0,0.21,0.0646,75.0,0.11,75.0,1773014400.0,1.182,69602.46697285821,32250.0,35350.0,65296.297,1.55556,27.0,,,0.29853,0.21754,False,False,,0.5,2092319.0,1794263.0,1.259255062775364,-10.05,-26.12,-43.63,,-0.49211570311459085,0.48562529178985897,44.3579766536965,-0.12003385442596837,-0.33248526472341466,True,0.422286606858207,,0.691,Asia,True,,35.80182391585686,15.071818703516117,43.12894009536549,32.63010157351212,6.719367588932807,67.53164556962025,99.04610492845786,50.0,,50.0,31.905575508595017,standard,746,46301854,False,57.5,False,97.53756260434056,5.258764607679465,65.52587646076795,50.04173622704508,50.04173622704508,50.04173622704508,5,NEUTRAL,0,NEDTREND,True,1,0.14285714285714285,LÅG,EJ AKTUELL,-5.1,True,0.625,,2026-07-13,0
HAPV3.SA,Hapvida Participações e Investimentos S.A.,Financial Services,Insurance - Life,Brazil,BRL,5035932239.231663,,-2.6327912249999996,,-1.8374907349999998,0.1581194,0.406,0.17912499999999953,-0.18596749499999998,-0.017959998650000093,-0.23530750624999996,-0.29713996999999986,-0.19047499999999998,-0.027499999999999997,,,-54.98812500000001,0.001875000000000071,1.585,-4012242112.0,8330386944.0,16215185408.0,12922039296.0,72289824000.0,,31577240000.0,,,1908017000.0,,-141747000.0,2088566000.0,,0.0,,,0.08058,1640649600.0,0.307,42.65999984741211,7.0,10.600000381469727,13.80769,,13.0,,,0.39776,0.90121,False,False,,0.5,7915619.0,3091890.0,1.2126863570532442,-8.54,-9.56,-34.32,,-0.7515236657434551,0.6819417667652701,49.825796707998066,-0.07167375483783789,-0.35774505489311603,True,0.608998765966305,,0.621,LatAm,True,32.064315652550945,13.280079522170567,18.8257001564043,38.55266788535163,49.21968970109981,92.62187088274044,12.658227848101266,3.338632750397456,50.0,,50.0,31.645544596446978,standard,748,6386709,False,57.5,False,28.17195325542571,88.89816360601002,97.53756260434056,50.04173622704508,50.04173622704508,50.04173622704508,2,SVAG,-8,NEDTREND,True,0,0.0,LÅG,EJ AKTUELL,-15.6,True,0.75,EXTREME_EARNINGS_GROWTH;SUSPICIOUS_FWD_PE;,2026-07-13,0
OPEN,Opendoor Technologies Inc.,Real Estate,Real Estate Services,United States,USD,4596969922.673763,,-428.6338185,,0.5932355799999995,1.1673362,1.253,-36.255750000000006,-1.8417449999999997,-0.12035999942500002,-0.6130424955,-0.59646,-0.39768000000000003,-0.433,,,49.94275000000002,6.369999999999999,3.151,185521408.0,999000000.0,1338000000.0,4935970304.0,2407000000.0,,4371000000.0,,,-277000000.0,,-1300000000.0,1049000000.0,,0.0,,,,,3.564,10.869999885559082,0.7250000238418579,4.764999866485596,4.82143,,7.0,3.68,0.21260001,0.049250003,0.49403,False,False,,0.777,47616511.0,93745780.0,1.064302508240805,9.79,10.56,-22.14,,-0.5616375421663111,1.583444703582405,55.70599541793792,0.003305717534628716,-0.18993584808510078,True,0.6227800013320507,,0.838,US,True,,3.302005992669882,38.10341203657695,35.82976925464767,37.030452649546014,93.2806324110672,12.658227848101266,88.87122416534181,50.0,14.790419161676647,77.7,31.18517717341919,standard,749,446698629,False,72.0,True,97.53756260434056,89.64941569282136,77.62938230383973,50.04173622704508,50.04173622704508,50.04173622704508,5,NEUTRAL,0,NEDTREND,True,0,0.0,LÅG,EJ AKTUELL,-4.1,True,0.75,EXTREME_EARNINGS_GROWTH;SUSPICIOUS_FWD_PE;,2026-07-13,0
HIVE,HIVE Digital Technologies Ltd.,Financial Services,Capital Markets,United States,USD,895893224.8458095,,-1.7885800000000014,,-3.03966655,3.008463,3.137,4.109,-0.47624497999999993,-0.142585000075,-0.752815004,-1.19368997,-0.11738002000000003,1.2425,,,-52.09075,-0.668,0.752,-957250192.0,32854000.0,71066000.0,934105280.0,639146000.0,,297791000.0,,,-116462000.0,,-148448000.0,62337000.0,,0.0,,,,,3.717,7.840000152587891,1.7300000190734863,3.3499999046325684,7.07143,1.28571,7.0,1.61,,0.00365,0.36275002,False,False,,0.734,29114554.0,28520520.0,0.46363231833078694,-10.43,61.84,9.48,,-0.5727041021132158,0.9729632191208074,36.25377327966251,-0.07155925553337028,0.004091267564533263,False,0.26213999236784913,,0.32,US,True,,8.484732478806777,65.02183080142531,54.80797088952506,5.14556488899828,98.15546772068511,12.658227848101266,,50.0,,73.4,31.141382247085673,holding,750,95543739,False,51.2,False,28.17195325542571,97.53756260434056,46.828046744574294,50.04173622704508,50.04173622704508,50.04173622704508,1,SVAG,-8,VARNING,False,1,0.14285714285714285,LÅG,EJ AKTUELL,-10.3,True,0.75,EXTREME_EARNINGS_GROWTH;SUSPICIOUS_FWD_PE;,2026-07-13,0
WULF,TeraWulf Inc.,Financial Services,Capital Markets,United States,USD,10886851870.394735,,96.714637,,-123.22155884999998,64.66084,80.756,-106.063,-22.332295,-0.060795000074999994,-0.25431500399999996,-4.033639969999999,0.16048995,-0.0735,,,,-0.5650000000000001,1.105,-1383197184.0,2629995008.0,5314066944.0,13572078592.0,6558182000.0,,168455000.0,,,-170309000.0,,-661416000.0,-123180000.0,,0.0,,,5.0,,4.261,29.84000015258789,4.639999866485596,21.969999313354492,38.58824,1.29412,17.0,3.72,0.24870001,0.22933,0.82527,False,False,,0.5,31606270.0,42072140.0,0.8888479339640232,-13.16,15.45,75.9,,-0.2637399731564971,1.055708017289159,27.997491351977146,-0.09975252986923555,0.28817391100162926,False,0.19192001360201602,,0.534,US,True,,17.28528268215282,75.50618627086517,29.274738730038283,6.480350860230453,85.11198945981555,12.658227848101266,11.128775834658187,50.0,12.994011976047904,50.0,30.9798230183001,holding,751,924324887,False,42.0,False,28.17195325542571,80.55091819699499,2.5459098497495827,50.04173622704508,50.04173622704508,50.04173622704508,1,SVAG,-8,VARNING,False,1,0.14285714285714285,LÅG,EJ AKTUELL,-9.7,True,0.625,EXTREME_EARNINGS_GROWTH;,2026-07-13,0
MARA,"MARA Holdings, Inc.",Financial Services,Capital Markets,United States,USD,4804008483.243155,,-34.276324,0.1,-2.53084825,5.535701,7.9,-20.923,-0.8461550000000001,-0.182485000075,-2.602605004,-5.95309967,-0.026359999999999995,-0.2465,,,40.08625000000001,0.07700000000000007,1.627,-1630918304.0,513652992.0,2463960064.0,6855581184.0,7286899000.0,,907093000.0,,,-822169000.0,,-1311480000.0,-802725000.0,,0.0,,,,,5.371,23.450000762939453,6.659999847412109,12.600000381469727,18.40182,2.21429,11.0,2.53,0.3214,0.00907,0.69475996,False,False,,0.628,43540245.0,45879680.0,1.03542078902278,-5.33,30.3,25.0,,-0.4626865683781616,0.7957866679210023,39.48051996306679,-0.05405402541518567,0.022333143411140455,False,0.19390236241312,,0.587,US,True,,10.23276175155932,70.35868573377226,24.120391128893182,28.955433187759805,93.0171277997365,12.658227848101266,4.92845786963434,50.0,11.197604790419161,62.8,30.7854791014223,holding,752,578083986,False,47.0,False,28.17195325542571,89.23205342237061,26.79465776293823,50.04173622704508,50.04173622704508,50.04173622704508,1,SVAG,-8,VARNING,False,1,0.14285714285714285,LÅG,EJ AKTUELL,-11.4,True,0.75,EXTREME_EARNINGS_GROWTH;SUSPICIOUS_FWD_PE;,2026-07-13,0
BITF,Bitfarms Ltd,Financial Services,Capital Markets,United States,USD,3701505900.6906896,,-243.19040650000002,,-28.27411643750001,,,,,,-0.281458771,-0.37464745499999996,-0.730569975,,,,,,,,,,,,,,,,,,,,,0.0,,,,,,6.599999904632568,0.699999988079071,6.139999866485596,,,,2.29,0.1155,0.04605,0.40001,False,False,,0.5,32660486.0,32421308.0,1.1138113700200658,98.71,208.54,76.44,,-0.06969697648390827,1.0975704601611582,85.3242231949193,0.8115834730700242,1.118611126689414,True,0.9813241351275993,,0.5,US,True,,3.456627036547776,92.66538087233705,29.11392405063291,1.112565445026178,94.72990777338603,12.658227848101266,,50.0,16.61676646706587,50.0,30.3839573916675,holding,753,199066827,False,,,,,,,,,1,SVAG,-8,UPPTREND,False,1,0.14285714285714285,LÅG,EJ AKTUELL,0.0,True,0.25,EXTREME_GROWTH;EXTREME_EARNINGS_GROWTH;SUSPICIOUS_FWD_PE;MISSING_CRITICAL;,2026-07-13,0
006400.KS,"Samsung SDI Co., Ltd.",Industrials,Electrical Equipment & Parts,South Korea,KRW,33528296326000.0,,8.161614499999999,12.2945,,2.499076,3.401,79.3705,-0.1599225095,-0.06918499905,-0.148317495,-0.19728998999999997,-0.235925,0.061,,,15.045250000000001,-0.6204999999999999,0.418,-1495047403520.0,1839690940416.0,11833014484992.0,46477736935424.0,42255338580910.0,,13266730679490.0,,,-1722360788050.0,,-649468657550.0,792385760870.0,,0.0,,0.25,977.12604,1735257600.0,1.58,723000.0,169900.0,434000.0,734048.4,1.96774,31.0,,,0.22959,0.32648998,False,False,,0.5,748314.0,520992.0,0.9222351508974848,-12.94,-7.95,57.82,,-0.3997233748271093,0.694693203175182,34.8159509202454,-0.23690965995006508,0.08807653640669,False,0.2199583899119046,,0.496,Asia,True,21.191646191646193,11.003124916692494,53.219866762210124,40.90927120339392,27.709395223095616,4.479578392621871,12.658227848101266,27.027027027027028,50.0,,50.0,30.285444913450682,standard,754,165060685,False,38.4,False,28.17195325542571,2.5459098497495827,56.34390651085142,50.04173622704508,50.04173622704508,50.04173622704508,3,SVAG,-8,VARNING,False,0,0.0,LÅG,EJ AKTUELL,-12.0,True,0.625,EXTREME_EARNINGS_GROWTH;,2026-07-13,0
BTBT,"Bit Digital, Inc.",Financial Services,Capital Markets,United States,USD,597246020.2217102,,,,-3.4634396500000006,5.2033825,8.913,-18.809,-0.5187850199999999,-0.164635000075,-1.729074904,-5.57478997,0.06984999999999997,0.0465,,,-5.7357499999999995,4.594999999999999,2.286,-1795239872.0,79529568.0,363872736.0,1023003072.0,1174418132.0,,113560320.0,,,-56609654.0,,-80316584.0,-288924437.0,,0.0,,,,,4.026,4.550000190734863,1.25,1.690000057220459,4.6,,5.0,1.88,0.1522,0.01748,0.46965,False,False,,0.848,25749262.0,22988800.0,0.8618332468006686,-3.98,26.12,-22.83,,-0.6285714315656963,0.8861299792536963,25.510209543114698,-0.08978291779715708,-0.2253391723346927,False,0.26024707034349165,,0.297,US,True,,13.85910029119517,45.556289760132074,33.581123029696826,33.17651548913362,99.07773386034255,12.658227848101266,,50.0,10.778443113772456,94.8,29.929273072810997,holding,755,38851073,False,48.5,False,28.17195325542571,97.53756260434056,28.881469115191987,50.04173622704508,50.04173622704508,50.04173622704508,2,SVAG,-8,NEDTREND,True,0,0.0,LÅG,EJ AKTUELL,-9.6,True,0.75,EXTREME_EARNINGS_GROWTH;,2026-07-13,0
1211.HK,BYD Company Limited,Consumer Cyclical,Auto Manufacturers,China,HKD,312720665620.42236,3.772313499999999,0.9113229999999986,0.7158,0.7708982500000001,0.9910125,1.019,-6.501999999999999,-0.01863499250000001,-0.03307000004999999,-0.059632494999999994,-0.05747999999999996,-0.198505,-0.191,-0.6759999999999999,-0.554,18.66975,-0.625,0.376,-126326175744.0,129541152768.0,144350314496.0,798333796352.0,883729883000.0,,803964958000.0,,,38516936000.0,,32619022000.0,59135544000.0,0.48,0.44189999,0.41,0.66,0.41141,1781136000.0,0.311,135.65248677758285,71.4000015258789,84.9000015258789,124.42592,1.48276,28.0,,,0.00122,0.42396998,False,False,,0.5,28423308.0,34595605.0,0.7711797482765179,-3.5,-20.13,-10.3,,-0.37413604761200003,0.38421937043193816,56.87606345166618,-0.04841891507093832,-0.1306997832790533,True,0.7261186506551401,,0.0,Asia,True,,26.49894789740633,26.39035261643842,3.3826669213344975,53.81439360858489,27.27272727272727,67.53164556962025,7.472178060413355,50.0,,50.0,29.880415485168303,standard,756,374724680,False,45.4,False,28.17195325542571,23.28881469115192,81.96994991652755,50.04173622704508,50.04173622704508,50.04173622704508,1,SVAG,-8,NEDTREND,True,1,0.14285714285714285,LÅG,EJ AKTUELL,-17.2,True,0.875,SUSPICIOUS_FWD_PE;,2026-07-13,0
3690.HK,Meituan,Consumer Cyclical,Internet Retail,China,HKD,440144542383.67017,,3.829539999999999,28.7188,0.6469970500000004,1.3188854,1.118,-23.988,-0.37104500249999994,-0.14108001004999998,-0.20363249800000002,-0.18062999999999999,-0.087065,-0.016999999999999994,,,38.86175,0.5570000000000002,1.558,-40013606912.0,180370161664.0,112803880960.0,413126295552.0,346910280000.0,,364854746000.0,,,-29840115000.0,,-23355015000.0,-13815001000.0,,0.0,,,,,0.203,136.10000610351562,63.650001525878906,78.69999694824219,107.279205,1.73684,36.0,,,0.01847,0.39883998,False,False,,0.5,48766682.0,66518996.0,0.6859385801885377,1.94,-11.07,-23.44,,-0.4217487625358066,0.4221388030071705,62.6838137327995,0.007592112521769057,-0.12922734829066285,True,0.7751329535647133,,0.5,Asia,True,,12.833947167174841,23.809681646441817,31.723174559376403,62.775332833456176,23.978919631093547,12.658227848101266,11.605723370429253,50.0,,50.0,29.55626626838302,standard,757,667888662,False,43.8,False,28.17195325542571,20.617696160267112,74.62437395659433,50.04173622704508,50.04173622704508,50.04173622704508,2,SVAG,-8,NEDTREND,True,1,0.14285714285714285,LÅG,EJ AKTUELL,-11.6,True,0.75,EXTREME_EARNINGS_GROWTH;,2026-07-13,0
FLNC,"Fluence Energy, Inc.",Utilities,Utilities - Renewable,United States,USD,2146233658.134575,,62.64523774999999,3.18,1.2595180999999998,1.1524101,0.871,-138.21024999999997,-0.26288501000000003,-0.055154999924999996,-0.1521699955,-0.30762500000000004,-0.36262,-0.0020000000000000018,,,-65.83925,0.43399999999999983,0.716,-1233525696.0,387299008.0,401968000.0,2250966784.0,2357000000.0,,2262830000.0,,,-46337000.0,,-48314000.0,-145538000.0,,0.0,,,,,2.751,33.5099983215332,6.6020002365112305,16.15999984741211,18.88235,2.75,17.0,1.9,0.39040002,0.14453,0.8564,False,False,,0.1,11558895.0,9570750.0,0.8422043539543581,-31.12,19.17,-21.4,,-0.5177558741616574,1.291183758359776,21.801568009928175,-0.20313224880645053,-0.14218451871416093,False,0.18664854427819963,,0.508,US,True,,7.985501692102562,44.91658964621735,39.4772013934398,23.279836853945863,96.31093544137023,12.658227848101266,,50.0,11.197604790419161,10.0,29.356958743434433,standard,758,154663319,False,55.4,False,28.17195325542571,93.73956594323873,78.29716193656094,50.04173622704508,50.04173622704508,50.04173622704508,2,SVAG,-8,NEDTREND,True,0,0.0,LÅG,EJ AKTUELL,-9.4,True,0.75,EXTREME_EARNINGS_GROWTH;,2026-07-13,0
TROAX.ST,Troax Group AB (publ),Industrials,Metal Fabrication,Sweden,SEK,6080285639.88327,29.209559499999997,125.50800650000002,,29.684030199999995,22.863375,23.508,135.83899999999997,-0.112647508,-0.012314999,-0.051302500000000015,-0.08617874599999999,-0.08889498000000001,-0.014000000000000005,-0.726,-0.66,42.147999999999996,0.5102500000000001,1.519,-965707750.0,25100000.0,180800000.0,6251700224.0,398997000.0,,262440000.0,,,33142000.0,,13453000.0,34546000.0,2.55,2.125,2.6,1.81,0.24,1776902400.0,1.183,163.65773798126023,88.4150972366662,101.5999984741211,137.07117,1.0,4.0,,,0.05954,0.84043,False,False,,0.5,63645.0,39785.0,6.206323417298426,-7.8,0.41,-32.03,,-0.379192210968021,0.412071778701934,37.623760506471015,-0.05329855927528626,-0.16564436303089713,False,0.13896531206113708,,0.339,Nordic,True,6.341812400635929,26.839510573276733,30.115048630237073,13.69187668226781,46.213175462755665,91.56785243741766,30.189873417721518,7.631160572337042,50.0,,50.0,29.332196778822343,standard,759,416575,False,43.1,False,28.17195325542571,87.97996661101837,2.5459098497495827,50.04173622704508,50.04173622704508,50.04173622704508,2,SVAG,-8,NEDTREND,True,0,0.0,LÅG,EJ AKTUELL,-13.7,True,0.875,,2026-07-13,0
ARBK,Argo Blockchain plc,Financial Services,Capital Markets,United Kingdom,USD,47124368.75870776,-20.685573645,-28.306913,,-1.4305012500000005,2.9607358,1.716,-15.864,,-0.31170500007499996,0.07324499600000005,-4.29077997,-0.29949000000000003,,,,,-1.2610000000000001,0.354,-1103808443.0,16389443.0,0.0,26629866.0,22730000.0,,15521000.0,,,-9774000.0,,5084000.0,-25006000.0,,0.0,,,,,1.893,205.1999969482422,2.630000114440918,3.2200000286102295,,,,0.69,0.00090000004,3.0000001e-05,0.00448,False,False,,0.5,28950.0,16920.0,1.484641638225256,-13.44,10.27,-21.65,,-0.9843079918299297,1.7298451362515457,38.15789989652321,-0.11164571080748575,-0.8682821321844925,False,0.14989215301257905,,0.5,US,True,,22.01405043801246,36.55112081785094,29.11392405063291,3.2551805344267692,99.86824769433466,12.658227848101266,,50.0,95.80838323353294,50.0,29.109837700644146,holding,760,54482,False,51.3,False,28.17195325542571,97.53756260434056,47.32888146911519,50.04173622704508,50.04173622704508,50.04173622704508,0,SVAG,-8,NEDTREND,True,0,0.0,LÅG,EJ AKTUELL,-11.7,True,0.5,EXTREME_GROWTH;EXTREME_EARNINGS_GROWTH;SUSPICIOUS_FWD_PE;,2026-07-13,0
RIOT,"Riot Platforms, Inc.",Financial Services,Capital Markets,United States,USD,7927940594.6512985,,-45.763377000000006,,-1.3632468500000001,12.135835,13.164,-38.044,-0.49768499999999993,-0.147685000075,-1.581934904,-3.17677997,-0.15624,-0.026500000000000003,,,-28.885749999999998,-0.689,0.667,-1545702208.0,205666000.0,877185024.0,8599459840.0,3936767000.0,,647435000.0,,,-343298000.0,,-663181000.0,,,0.0,,,1.0,1507766400.0,3.812,30.31999969482422,10.59000015258789,20.96500015258789,29.498,1.4,20.0,3.4,0.1552,0.076409996,0.809,False,False,,0.444,17749875.0,18069430.0,0.7766492383573034,-17.12,25.61,37.3,,-0.3085422043666206,0.8453724679493045,22.504816882041467,-0.151362308682088,0.13627895694095482,False,0.09803854371074691,,0.518,US,True,,7.202722761799277,76.00719920842802,35.40501155451316,5.692911726012817,89.06455862977603,12.658227848101266,6.359300476947535,50.0,9.580838323353294,44.4,28.938495366100256,holding,761,378825603,False,43.7,False,28.17195325542571,84.47412353923205,9.68280467445743,50.04173622704508,50.04173622704508,50.04173622704508,3,SVAG,-8,VARNING,False,1,0.14285714285714285,LÅG,EJ AKTUELL,-9.1,True,0.75,EXTREME_EARNINGS_GROWTH;SUSPICIOUS_FWD_PE;,2026-07-13,0
BRNK.DE,Branicks Group AG,Real Estate,Real Estate Services,Germany,EUR,91504235.84082842,,-10.033882375000003,6.12,-1.7457714100000004,0.4116216,9.77,-114.0565,-0.40553249499999994,-0.0869950005,-1.5319973914999998,-3.17046022,0.42082996,-0.261,,,111.97150000000002,-0.23299999999999998,0.24,-285245312.0,97065000.0,1859616000.0,2191749120.0,3741591000.0,,251631000.0,,,-297988000.0,,-281113000.0,54844000.0,,0.0,,4.14,0.75,1680220800.0,0.917,2.1549999713897705,0.7559999823570251,1.0950000286102295,1.85,3.0,2.0,,,0.38667,0.21792999,False,False,,0.5,64650.0,46188.0,0.28744861443823383,18.76,-18.59,-43.32,-46.59,-0.49187933032590325,0.5868526096275939,67.37587405285753,0.024436816882456913,-0.3185382331409007,True,0.822468812618103,,0.5,Europe,True,,21.185228149654456,12.978165071631583,15.919359845479942,31.102844450503767,99.7364953886693,12.658227848101266,9.220985691573928,50.0,,50.0,27.560055651728998,standard,763,57610,False,58.3,False,28.17195325542571,97.53756260434056,94.07345575959934,50.04173622704508,50.04173622704508,50.04173622704508,1,SVAG,-8,NEDTREND,True,0,0.0,LÅG,EJ AKTUELL,-14.5,True,0.875,EXTREME_EARNINGS_GROWTH;SUSPICIOUS_FWD_PE;,2026-07-13,0
6714.T,6714.T,Unknown,Unknown,Unknown,USD,,,,,,,,,,,,,,,,,,,,,,,,,,,,,,,,,,,,,,,,,,,,,,,,,,False,False,,0.5,,,,,,,,,,,,,,,,0.5,Japan,True,,,,29.11392405063291,,,12.658227848101266,,50.0,,50.0,27.40556962025316,standard,764,,True,44.6,False,28.17195325542571,50.04173622704508,50.04173622704508,50.04173622704508,50.04173622704508,50.04173622704508,1,SVAG,-8,UPPTREND,False,0,0.0,LÅG,EJ AKTUELL,-2.1,True,0.0,EXTREME_GROWTH;EXTREME_EARNINGS_GROWTH;MISSING_CRITICAL;,2026-07-13,0
HMED.ST,Hansa Medical AB (publ),Unknown,Unknown,Unknown,USD,,,,,,,,,,,,,,,,,,,,,,,,,,,,,,,,,,,,,,,,,,,,,,,,,,False,False,,0.5,,,,,,,,,,,,,,,,0.5,Nordic,True,,,,29.11392405063291,,,12.658227848101266,,50.0,,50.0,27.40556962025316,standard,764,,True,44.6,False,28.17195325542571,50.04173622704508,50.04173622704508,50.04173622704508,50.04173622704508,50.04173622704508,1,SVAG,-8,UPPTREND,False,0,0.0,LÅG,EJ AKTUELL,-2.1,True,0.0,EXTREME_GROWTH;EXTREME_EARNINGS_GROWTH;MISSING_CRITICAL;,2026-07-13,0
SAND,SAND,Unknown,Unknown,Unknown,USD,,,,,,,,,,,,,,,,,,,,,,,,,,,,,,,,,,,,,,,,,,,,,,,,,,False,False,,0.5,,,,,,,,,,,,,,,,0.5,US,True,,,,29.11392405063291,,,12.658227848101266,,50.0,,50.0,27.40556962025316,standard,764,,True,44.6,False,28.17195325542571,50.04173622704508,50.04173622704508,50.04173622704508,50.04173622704508,50.04173622704508,1,SVAG,-8,UPPTREND,False,0,0.0,LÅG,EJ AKTUELL,-2.1,True,0.0,EXTREME_GROWTH;EXTREME_EARNINGS_GROWTH;MISSING_CRITICAL;,2026-07-13,0
UN01.DE,UN01.DE,Unknown,Unknown,Unknown,USD,,,,,,,,,,,,,,,,,,,,,,,,,,,,,,,,,,,,,,,,,,,,,,,,,,False,False,,0.5,,,,,,,,,,,,,,,,0.5,Europe,True,,,,29.11392405063291,,,12.658227848101266,,50.0,,50.0,27.40556962025316,standard,764,,True,44.6,False,28.17195325542571,50.04173622704508,50.04173622704508,50.04173622704508,50.04173622704508,50.04173622704508,1,SVAG,-8,UPPTREND,False,0,0.0,LÅG,EJ AKTUELL,-2.1,True,0.0,EXTREME_GROWTH;EXTREME_EARNINGS_GROWTH;MISSING_CRITICAL;,2026-07-13,0
CHK,CHK,Unknown,Unknown,Unknown,USD,,,,,,,,,,,,,,,,,,,,,,,,,,,,,,,,,,,,,,,,,,,,,,,,,,False,False,,0.5,,,,,,,,,,,,,,,,0.5,US,True,,,,29.11392405063291,,,12.658227848101266,,50.0,,50.0,27.40556962025316,standard,764,,True,44.6,False,28.17195325542571,50.04173622704508,50.04173622704508,50.04173622704508,50.04173622704508,50.04173622704508,1,SVAG,-8,UPPTREND,False,0,0.0,LÅG,EJ AKTUELL,-2.1,True,0.0,EXTREME_GROWTH;EXTREME_EARNINGS_GROWTH;MISSING_CRITICAL;,2026-07-13,0
DARK.L,DARK.L,Unknown,Unknown,Unknown,USD,,,,,,,,,,,,,,,,,,,,,,,,,,,,,,,,,,,,,,,,,,,,,,,,,,False,False,,0.5,,,,,,,,,,,,,,,,0.5,UK,True,,,,29.11392405063291,,,12.658227848101266,,50.0,,50.0,27.40556962025316,standard,764,,True,44.6,False,28.17195325542571,50.04173622704508,50.04173622704508,50.04173622704508,50.04173622704508,50.04173622704508,1,SVAG,-8,UPPTREND,False,0,0.0,LÅG,EJ AKTUELL,-2.1,True,0.0,EXTREME_GROWTH;EXTREME_EARNINGS_GROWTH;MISSING_CRITICAL;,2026-07-13,0
SPD.L,SPD.L,Unknown,Unknown,Unknown,USD,,,,,,,,,,,,,,,,,,,,,,,,,,,,,,,,,,,,,,,,,,,,,,,,,,False,False,,0.5,,,,,,,,,,,,,,,,0.5,UK,True,,,,29.11392405063291,,,12.658227848101266,,50.0,,50.0,27.40556962025316,standard,764,,True,44.6,False,28.17195325542571,50.04173622704508,50.04173622704508,50.04173622704508,50.04173622704508,50.04173622704508,1,SVAG,-8,UPPTREND,False,0,0.0,LÅG,EJ AKTUELL,-2.1,True,0.0,EXTREME_GROWTH;EXTREME_EARNINGS_GROWTH;MISSING_CRITICAL;,2026-07-13,0
SHG.L,SHG.L,Unknown,Unknown,Unknown,USD,,,,,,,,,,,,,,,,,,,,,,,,,,,,,,,,,,,,,,,,,,,,,,,,,,False,False,,0.5,,,,,,,,,,,,,,,,0.5,UK,True,,,,29.11392405063291,,,12.658227848101266,,50.0,,50.0,27.40556962025316,standard,764,,True,44.6,False,28.17195325542571,50.04173622704508,50.04173622704508,50.04173622704508,50.04173622704508,50.04173622704508,1,SVAG,-8,UPPTREND,False,0,0.0,LÅG,EJ AKTUELL,-2.1,True,0.0,EXTREME_GROWTH;EXTREME_EARNINGS_GROWTH;MISSING_CRITICAL;,2026-07-13,0
MSY.L,2719985,Unknown,Unknown,Unknown,USD,,,,,,,,,,,,,,,,,,,,,,,,,,,,,,,,,,,,,,,,,,,,,,,,,,False,False,,0.5,,,,,,,,,,,,,,,,0.5,UK,True,,,,29.11392405063291,,,12.658227848101266,,50.0,,50.0,27.40556962025316,standard,764,,True,44.6,False,28.17195325542571,50.04173622704508,50.04173622704508,50.04173622704508,50.04173622704508,50.04173622704508,1,SVAG,-8,UPPTREND,False,0,0.0,LÅG,EJ AKTUELL,-2.1,True,0.0,EXTREME_GROWTH;EXTREME_EARNINGS_GROWTH;MISSING_CRITICAL;,2026-07-13,0
X,X,Unknown,Unknown,Unknown,USD,,,,,,,,,,,,,,,,,,,,,,,,,,,,,,,,,,,,,,,,,,,,,,,,,,False,False,,0.5,,,,,,,,,,,,,,,,0.5,US,True,,,,29.11392405063291,,,12.658227848101266,,50.0,,50.0,27.40556962025316,standard,764,,True,44.6,False,28.17195325542571,50.04173622704508,50.04173622704508,50.04173622704508,50.04173622704508,50.04173622704508,1,SVAG,-8,UPPTREND,False,0,0.0,LÅG,EJ AKTUELL,-2.1,True,0.0,EXTREME_GROWTH;EXTREME_EARNINGS_GROWTH;MISSING_CRITICAL;,2026-07-13,0
ALTM,ALTM,Unknown,Unknown,Unknown,USD,,,,,,,,,,,,,,,,,,,,,,,,,,,,,,,,,,,,,,,,,,,,,,,,,,False,False,,0.5,,,,,,,,,,,,,,,,0.5,US,True,,,,29.11392405063291,,,12.658227848101266,,50.0,,50.0,27.40556962025316,standard,764,,True,44.6,False,28.17195325542571,50.04173622704508,50.04173622704508,50.04173622704508,50.04173622704508,50.04173622704508,1,SVAG,-8,UPPTREND,False,0,0.0,LÅG,EJ AKTUELL,-2.1,True,0.0,EXTREME_GROWTH;EXTREME_EARNINGS_GROWTH;MISSING_CRITICAL;,2026-07-13,0
COB.L,COB.L,Unknown,Unknown,Unknown,USD,,,,,,,,,,,,,,,,,,,,,,,,,,,,,,,,,,,,,,,,,,,,,,,,,,False,False,,0.5,,,,,,,,,,,,,,,,0.5,UK,True,,,,29.11392405063291,,,12.658227848101266,,50.0,,50.0,27.40556962025316,standard,764,,True,44.6,False,28.17195325542571,50.04173622704508,50.04173622704508,50.04173622704508,50.04173622704508,50.04173622704508,1,SVAG,-8,UPPTREND,False,0,0.0,LÅG,EJ AKTUELL,-2.1,True,0.0,EXTREME_GROWTH;EXTREME_EARNINGS_GROWTH;MISSING_CRITICAL;,2026-07-13,0
RWI.L,RWI.L,Unknown,Unknown,Unknown,USD,,,,,,,,,,,,,,,,,,,,,,,,,,,,,,,,,,,,,,,,,,,,,,,,,,False,False,,0.5,,,,,,,,,,,,,,,,0.5,UK,True,,,,29.11392405063291,,,12.658227848101266,,50.0,,50.0,27.40556962025316,standard,764,,True,44.6,False,28.17195325542571,50.04173622704508,50.04173622704508,50.04173622704508,50.04173622704508,50.04173622704508,1,SVAG,-8,UPPTREND,False,0,0.0,LÅG,EJ AKTUELL,-2.1,True,0.0,EXTREME_GROWTH;EXTREME_EARNINGS_GROWTH;MISSING_CRITICAL;,2026-07-13,0
HOLX,HOLX,Unknown,Unknown,Unknown,USD,,,,,,,,,,,,,,,,,,,,,,,,,,,,,,,,,,,,,,,,,,,,,,,,,,False,False,,0.5,,,,,,,,,,,,,,,,0.5,US,True,,,,29.11392405063291,,,12.658227848101266,,50.0,,50.0,27.40556962025316,standard,764,,True,44.6,False,28.17195325542571,50.04173622704508,50.04173622704508,50.04173622704508,50.04173622704508,50.04173622704508,1,SVAG,-8,UPPTREND,False,0,0.0,LÅG,EJ AKTUELL,-2.1,True,0.0,EXTREME_GROWTH;EXTREME_EARNINGS_GROWTH;MISSING_CRITICAL;,2026-07-13,0
8028.T,8028.T,Unknown,Unknown,Unknown,USD,,,,,,,,,,,,,,,,,,,,,,,,,,,,,,,,,,,,,,,,,,,,,,,,,,False,False,,0.5,,,,,,,,,,,,,,,,0.5,Japan,True,,,,29.11392405063291,,,12.658227848101266,,50.0,,50.0,27.40556962025316,standard,764,,True,44.6,False,28.17195325542571,50.04173622704508,50.04173622704508,50.04173622704508,50.04173622704508,50.04173622704508,1,SVAG,-8,UPPTREND,False,0,0.0,LÅG,EJ AKTUELL,-2.1,True,0.0,EXTREME_GROWTH;EXTREME_EARNINGS_GROWTH;MISSING_CRITICAL;,2026-07-13,0
JBSS3.SA,JBSS3.SA,Unknown,Unknown,Unknown,USD,,,,,,,,,,,,,,,,,,,,,,,,,,,,,,,,,,,,,,,,,,,,,,,,,,False,False,,0.5,,,,,,,,,,,,,,,,0.5,LatAm,True,,,,29.11392405063291,,,12.658227848101266,,50.0,,50.0,27.40556962025316,standard,764,,True,44.6,False,28.17195325542571,50.04173622704508,50.04173622704508,50.04173622704508,50.04173622704508,50.04173622704508,1,SVAG,-8,UPPTREND,False,0,0.0,LÅG,EJ AKTUELL,-2.1,True,0.0,EXTREME_GROWTH;EXTREME_EARNINGS_GROWTH;MISSING_CRITICAL;,2026-07-13,0
LANC,Lancaster Colony Corporation,Unknown,Unknown,Unknown,USD,,,,,,,,,,,,,,,,,,,,,,,,,,,,,,,,,,,,,,,,,,172.77,,,,,,,,False,False,,0.5,,,,,,,,,,,,,,,,0.5,US,True,,,,29.11392405063291,,,12.658227848101266,,50.0,,50.0,27.40556962025316,standard,764,,True,44.6,False,28.17195325542571,50.04173622704508,50.04173622704508,50.04173622704508,50.04173622704508,50.04173622704508,1,SVAG,-8,UPPTREND,False,0,0.0,LÅG,EJ AKTUELL,-2.1,True,0.0,EXTREME_GROWTH;EXTREME_EARNINGS_GROWTH;MISSING_CRITICAL;,2026-07-13,0
MOR.DE,MOR.DE,Unknown,Unknown,Unknown,USD,,,,,,,,,,,,,,,,,,,,,,,,,,,,,,,,,,,,,,,,,,,,,,,,,,False,False,,0.5,,,,,,,,,,,,,,,,0.5,Europe,True,,,,29.11392405063291,,,12.658227848101266,,50.0,,50.0,27.40556962025316,standard,764,,True,44.6,False,28.17195325542571,50.04173622704508,50.04173622704508,50.04173622704508,50.04173622704508,50.04173622704508,1,SVAG,-8,UPPTREND,False,0,0.0,LÅG,EJ AKTUELL,-2.1,True,0.0,EXTREME_GROWTH;EXTREME_EARNINGS_GROWTH;MISSING_CRITICAL;,2026-07-13,0
CRAYN.OL,CRAYN.OL,Unknown,Unknown,Unknown,USD,,,,,,,,,,,,,,,,,,,,,,,,,,,,,,,,,,,,,,,,,,,,,,,,,,False,False,,0.5,,,,,,,,,,,,,,,,0.5,Nordic,True,,,,29.11392405063291,,,12.658227848101266,,50.0,,50.0,27.40556962025316,standard,764,,True,44.6,False,28.17195325542571,50.04173622704508,50.04173622704508,50.04173622704508,50.04173622704508,50.04173622704508,1,SVAG,-8,UPPTREND,False,0,0.0,LÅG,EJ AKTUELL,-2.1,True,0.0,EXTREME_GROWTH;EXTREME_EARNINGS_GROWTH;MISSING_CRITICAL;,2026-07-13,0
MGGT.L,MGGT.L,Unknown,Unknown,Unknown,USD,,,,,,,,,,,,,,,,,,,,,,,,,,,,,,,,,,,,,,,,,,,,,,,,,,False,False,,0.5,,,,,,,,,,,,,,,,0.5,UK,True,,,,29.11392405063291,,,12.658227848101266,,50.0,,50.0,27.40556962025316,standard,764,,True,44.6,False,28.17195325542571,50.04173622704508,50.04173622704508,50.04173622704508,50.04173622704508,50.04173622704508,1,SVAG,-8,UPPTREND,False,0,0.0,LÅG,EJ AKTUELL,-2.1,True,0.0,EXTREME_GROWTH;EXTREME_EARNINGS_GROWTH;MISSING_CRITICAL;,2026-07-13,0
GKN.L,8072713,Unknown,Unknown,Unknown,USD,,,,,,,,,,,,,,,,,,,,,,,,,,,,,,,,,,,,,,,,,,,,,,,,,,False,False,,0.5,,,,,,,,,,,,,,,,0.5,UK,True,,,,29.11392405063291,,,12.658227848101266,,50.0,,50.0,27.40556962025316,standard,764,,True,44.6,False,28.17195325542571,50.04173622704508,50.04173622704508,50.04173622704508,50.04173622704508,50.04173622704508,1,SVAG,-8,UPPTREND,False,0,0.0,LÅG,EJ AKTUELL,-2.1,True,0.0,EXTREME_GROWTH;EXTREME_EARNINGS_GROWTH;MISSING_CRITICAL;,2026-07-13,0
SQ,SQ,Unknown,Unknown,Unknown,USD,,,,,,,,,,,,,,,,,,,,,,,,,,,,,,,,,,,,,,,,,,,,,,,,,,False,False,,,,,,,,,,,,,,,,,,0.5,US,,,,,29.11392405063291,,,12.658227848101266,,50.0,,50.0,27.40556962025316,standard,764,,True,,,,,,,,,1,SVAG,-8,UPPTREND,False,0,0.0,LÅG,EJ AKTUELL,0.0,True,0.0,EXTREME_GROWTH;EXTREME_EARNINGS_GROWTH;MISSING_CRITICAL;,2026-07-13,0
051910.KS,"LG Chem, Ltd.",Basic Materials,Chemicals,South Korea,KRW,18636378024000.0,,-1.1561010000000005,1.13,,0.45317078,1.313,1.4109999999999996,-0.15540500250000003,-0.044610002649999994,-0.164452498,-0.15416999969999998,-0.203175,-0.126,,,61.424249999999994,-0.8579999999999999,0.658,-5951972374528.0,9686781788160.0,35687030063104.0,59894614982656.0,101061661000000.0,,45932167000000.0,,,1180900000000.0,,-1819449000000.0,8233859000000.0,0.76,0.0,2000.0,1.29,2000.0,1774828800.0,1.392,437500.0,248500.0,264000.0,431840.0,1.72,25.0,,,0.34978,0.24699,False,False,,0.5,343383.0,248510.0,0.8478449437453371,-16.59,-23.37,-19.49,,-0.3965714285714286,0.6190087426157872,32.94797687861272,-0.22603342128408088,-0.2246602985227547,False,0.26201028285876987,,0.388,Asia,True,34.992339933516405,12.938706257115513,23.03588426482068,10.932552685130895,20.03021917964109,6.192358366271409,67.53164556962025,11.287758346581876,50.0,,50.0,26.865981334900308,standard,786,47892847,False,43.9,False,28.17195325542571,2.5459098497495827,93.32220367278798,50.04173622704508,50.04173622704508,50.04173622704508,2,SVAG,-8,NEDTREND,True,1,0.14285714285714285,LÅG,EJ AKTUELL,-15.1,True,0.625,EXTREME_EARNINGS_GROWTH;SUSPICIOUS_FWD_PE;,2026-07-13,0
NXE.TO,NexGen Energy Ltd.,Energy,Uranium,Canada,CAD,9068158941.450798,,-64.76460225,,2.387805599999999,,,-101.80825,-0.42091874649999994,-0.08724374962499995,-0.1011425,-0.16563376999999999,-0.40116001,,,,4.415750000000006,-0.03074999999999989,1.346,-912733248.0,1018352000.0,721040000.0,8770504704.0,2472933000.0,,0.0,,,-89836000.0,,-309676000.0,-47512000.0,,0.0,,,,,1.653,18.90999984741211,8.675000190734863,13.699999809265137,21.17875,1.5,16.0,8.78,,0.06468,0.5541,False,False,,0.5,1689153.0,1133430.0,1.1908892204142525,6.04,-13.18,-8.18,,-0.27551560445199985,0.5564093533133178,35.545027980835215,-0.08839265257534235,-0.06626455904767092,False,0.37143187997129884,,0.163,Canada,True,,9.255926490771127,33.51098178262159,4.810126582278481,41.19040418007897,87.08827404479578,12.658227848101266,10.969793322734498,50.0,,50.0,25.73726740353443,commodity,787,10976328,False,49.5,False,28.17195325542571,82.63772954924875,50.04173622704508,50.04173622704508,50.04173622704508,50.04173622704508,2,SVAG,-8,NEDTREND,True,0,0.0,LÅG,EJ AKTUELL,-14.2,True,0.625,EXTREME_GROWTH;EXTREME_EARNINGS_GROWTH;SUSPICIOUS_FWD_PE;,2026-07-13,0
MIGI,Big Digital Energy Inc,Financial Services,Capital Markets,United States,USD,25842498.0,,36.58641899999999,,,0.6500589,1.004,-14.517,,-0.23565500007499998,-0.8493850039999999,-4.93405957,-0.043440020000000024,-0.8475,,,,-1.2999999999999998,0.389,-1100270596.0,13271256.0,28482320.0,39901348.0,57441666.0,,39754085.0,,,-19883217.0,,-23656569.0,-6899676.0,,0.0,,,,,4.23,40.0,1.695,4.71,,,,0.33,0.1102,0.41764,0.0039,False,False,,0.5,559358.0,325218.0,,,,,,,,,,,,,,0.496,US,True,,11.561606580680891,,10.323440140723623,1.1103077077742807,100.0,12.658227848101266,,50.0,17.664670658682635,50.0,19.893256480572333,holding,790,1531777,False,57.6,False,28.17195325542571,97.53756260434056,89.14858096828047,50.04173622704508,50.04173622704508,50.04173622704508,1,SVAG,-8,UPPTREND,False,0,0.0,LÅG,EJ AKTUELL,-17.3,True,0.375,EXTREME_EARNINGS_GROWTH;MISSING_CRITICAL;,2026-07-13,0
